RaceID,Date,Lesson,Venue,Weather,WindLevel
20260302_下関_1,2026-03-02,教訓: 高番号モーターの潜在的な能力が予測を超える可能性を認識し、天候や展開の影響を考慮したモデル構築の重要性。,,,
20260302_下関_10,2026-03-02,教訓: レースの展開や風などの不可抗力が結果を大きく左右し、安定感のある予測も覆されることあるため、将来の分析ではこれらの要素をさらに重視する必要がある。,,,
20260302_下関_11,2026-03-02,教訓: モーター性能や安定感だけでなく、レース中の展開や風の影響、選手の臨場表現も含めた多様な要素が結果を左右するため、データ分析に加えて現場状況の考慮が重要である。,,,
20260302_下関_12,2026-03-02,「教訓: 安定選手もレース展開や風の影響で波乱が生じることがあるため、リスク管理とレース中の状況変化への対応が重要。」,,,
20260302_下関_2,2026-03-02,教訓: 本命艇の安定感を過信せず、波乱要素である風や展開、モーター性能にも考慮が必要だった,,,
20260302_下関_3,2026-03-02,教訓: 波乱展開の可能性を過小評価し、安定感にばかり注力していたため、予測外の結果が出た。,,,
20260302_下関_4,2026-03-02,教訓: 吉島祥之の安定感が過信され、波乱要素や展開・風の影響で予想外の結果が出たため、今後の予測モデルにレース中の不可測要素への配慮を強化する必要がある。,,,
20260302_下関_5,2026-03-02,教訓: 風や展開の不測因素が安定したモーター性能以上に影響を及ぼす可能性がある。,,,
20260302_下関_6,2026-03-02,教訓: 風や展開の影響を考慮せず、安定した選手に過信していたため、意表を突く結果が生じた。,,,
20260302_下関_7,2026-03-02,教訓: 安定感のある選手の予想よりも展開や風などの外部要因が結果を大きく左右するため、予測時にもっと柔軟性と外部要因への配慮が必要であった。,,,
20260302_下関_8,2026-03-02,「教訓: 村越篤選手以外にも中越博紀や杉山喜一選手が上位争いをする可能性を考慮すべきだった。」,,,
20260302_下関_9,2026-03-02,「教訓: モーター性能だけでなくレース展開や天候要因も重要視する必要がある」,,,
20260302_丸亀_1,2026-03-02,教訓: 展開や天候等の不可測要素が優勝艇決定に影響を及ぼす場合があるため、モーター機力だけでなく全体的なレース展開も考慮する必要性がある。,,,
20260302_丸亀_10,2026-03-02,教訓: 安定感のある選手の予測に加えても、レース中の展開や環境要因（風、潮等）が結果を大きく左右するため、これらの要素も考慮した多角的な分析が重要です。,,,
20260302_丸亀_11,2026-03-02,教訓: 最大の安定感を誇る吉永が4着と凡庸な結果となり、レース展開や風などの外的要因が予想通りには働かなかったことを学んだ。,,,
20260302_丸亀_12,2026-03-02,教訓: 風や潮の状況をはじめとするレース当日の展開が予測を超えるほどの影響を与え、上位艇以外にもチャンスがあったことを学びました。,,,
20260302_丸亀_2,2026-03-02,教訓: 環境要因や展開予測に不備があるため、安定した選手よりも状況適応力のある選手が優る可能性を考慮する必要がある。,,,
20260302_丸亀_3,2026-03-02,教訓: 吉永則雄の安定感が過信され、予測外の波乱展開や風などの環境要因により想定外の結果となったため、予測モデルに未然に防げる要素を見落としていた。,,,
20260302_丸亀_4,2026-03-02,教訓: 高田明の高性能モーターにもかかわらず、小野信樹の有利なスタート位置とレース展開で1着を奪われた。,,,
20260302_丸亀_5,2026-03-02,「教訓: 優勝艇の予測に過信せず、穴予想にもメリハリをつけた買い方がベター」,,,
20260302_丸亀_6,2026-03-02,教訓: AIの予測に過信せず、レース当日の状況や機械トラブル等を考慮した柔軟な戦略が重要である。,,,
20260302_丸亀_7,2026-03-02,「教訓: 安定感とモーター性能だけでなく、展開や外部条件が優勝を左右するため、予測時にこれらの要素も考慮すべきだった。」,,,
20260302_丸亀_8,2026-03-02,教訓: AIの予測はモーター性能に過剴りに着目し、自然条件や展開の影響を考慮不足していた。,,,
20260302_丸亀_9,2026-03-02,教訓: 波乱の可能性を過小評価し、安定感のある艇に偏重した予測は失敗。展開や天候、機力の不一致が結果を左右するため、多様な要素を考慮することが必要。,,,
20260302_児島_1,2026-03-02,教訓: モーター性能や展開、風などの外部要因が予測以上に影響を及ぼし、特にモーター番号の大きい選手が好結果を出す可能性があることを学んだ。,,,
20260302_児島_10,2026-03-02,教訓: 最有力艇の安定性と波乱展開リスクを考慮しても、統計的優位性が結果に反映される場合がある。,,,
20260302_児島_11,2026-03-02,教訓: 山田康二選手の安定感不足と外部要因（風や展開）の影響により、予測通りの結果が出なかったため、レース当日の状況に即した柔軟な対応が不可欠である。,,,
20260302_児島_12,2026-03-02,教訓: 展開や天候等の不可抗力が艇の性能以上に影響し、安定した選手も思わぬ結果となったため、今後は現場環境のリアルタイムデータを取り入れることが重要。,,,
20260302_児島_2,2026-03-02,教訓: 波乱展開や外的要因（風やコース取り）が予想通りに働かなかったため、安定感のある選手も思わぬ結果となることがある。,,,
20260302_児島_3,2026-03-02,教訓: 波乱要素や環境条件の影響を考慮しないと安定した分析ができない。,,,
20260302_児島_4,2026-03-02,「教訓: モーター性能だけでなく、展開や風などの外部要因も考慮した予測が重要」,,,
20260302_児島_5,2026-03-02,教訓: 高確率予測にもかかわらず優勝以外の結果となったため、モーターパフォーマンスや展開、風などの外部要因を考慮したモデル構築が重要。,,,
20260302_児島_6,2026-03-02,「教訓: 安定感のある艇よりもモーター性能が優れる艇の方がレース当日は有利であったことを学んだ。」,,,
20260302_児島_7,2026-03-02,教訓: 波乱要素や展開の不測性が予測を超える場合があるため、AIの分析に加え、レース当日の状況を考慮する必要がある。,,,
20260302_児島_8,2026-03-02,教訓: 波乱の可能性を秘めた選手や展開・風等の外部要因に過小評価していたため、予測外の結果が発生した。,,,
20260302_児島_9,2026-03-02,教訓: モーター機力や展開の不確定要素を考慮せず、安定感のみに依存した予測が不的中となり、未評価だった6号艇の潜在能力が表面化した。,,,
20260302_大村_1,2026-03-02,教訓: 高性能モーターと選手の安定感に過信し、波乱の可能性を考慮不足したため、当日の展開や風況等により予想外の結果が出た。,,,
20260302_大村_10,2026-03-02,教訓: モーター性能や安定感に加え、レース中の展開や環境条件（風や潮流）が勝敗を左右する可能性があるため、予測時にもっとも考慮すべき要素である。,,,
20260302_大村_11,2026-03-02,教訓: 山下大輝のモーター性能やレース展開、天候等が予測と乖離し、1号艇以外が上位を占めたため、信頼性の高いモーター番号だけで判断するのではなく、全体的な要因を考慮すべきだった。,,,
20260302_大村_12,2026-03-02,「教訓: 勝率だけでなく当日のモーター性能や展開、風などの外的要因を考慮する必要がある。」,,,
20260302_大村_2,2026-03-02,教訓: 西川選手の安定感やモーター性能に加え、レース展開や天候要因も考慮せねばならないことがわかった。,,,
20260302_大村_3,2026-03-02,教訓: AIはモータースペックに過信し、レース展開や選手の技術を考慮不足したため予測精度が劣った。,,,
20260302_大村_4,2026-03-02,「教訓: モーター機力以外にも展開や風の影響が大きく、AIの予測に限界があることを学びました。」,,,
20260302_大村_5,2026-03-02,教訓: 数学者の分析以外の不可測要因（風や展開）が結果を大きく左右するため、データだけでなく現場状況にも敏感に対応すべし。,,,
20260302_大村_6,2026-03-02,教訓: AIの予測精度向上にはモーター性能以外の要素や展開、風などの外部要因も考慮すべきだった。,,,
20260302_大村_7,2026-03-02,「教訓: モーター性能だけでなく、レース当日の展開や風の影響を考慮しないと予測が外れる場合がある。」,,,
20260302_大村_8,2026-03-02,教訓: 高パフォーマンスモーターと安定感のある1号艇が優勝した予測は的中したが、3着予想の6号艇が4号艇に代わったのは、展開や風の影響を考慮せずにモーターパフォーマンスのみで判断していたため。,,,
20260302_大村_9,2026-03-02,教訓: AIはモーター性能やランキングに限界があり、レースの展開や風などの環境要因を考慮しなければならない。,,,
20260302_尼崎_1,2026-03-02,教訓: 予測よりも結果が下位となった艇は機力以外にレース展開や環境要因が影響しているため、今後はこれらの要素を含めた分析体制を強化する必要がある。,,,
20260302_尼崎_10,2026-03-02,「教訓: 風やレース展開の不確定要素が結果に大きな影響を与えたため、AIの予測精度向上にはこれらの要素を考慮する必要がある。」,,,
20260302_尼崎_11,2026-03-02,教訓: レースの安定感やモーター性能に加え、天候や展開、選手の臨場パフォーマンスも考慮する必要がある。,,,
20260302_尼崎_12,2026-03-02,教訓: 最高のモーター性能と安定感があっても、予測不能なレース展開やコースミスは勝利を左右する。,,,
20260302_尼崎_2,2026-03-02,教訓: 安定感のある選手も展開や天候などの外部要因に影響を受けるため、予測モデルに実시간際的な要素を取り入れることが必要です。,,,
20260302_尼崎_3,2026-03-02,教訓: レース中の展開や天候等の不可測な要素が結果に大きく影響し、安定感よりも臨機/日本語,,,
20260302_尼崎_4,2026-03-02,「教訓: レース中の不可測な要因（トラブル、風、展開）が予測を覆すため、人的要素と機械的分析のバランスが不可欠。」,,,
20260302_尼崎_5,2026-03-02,教訓: 松村敏の安定感が過信されたため、モーター性能や展開、風などの外部要因に脆弱であった事が敗因となった。,,,
20260302_尼崎_6,2026-03-02,教訓: 外部要因や展開の不測性を考慮せずにトップ争いを制するシナリオに過信していたため、予想外の結果が生じた。,,,
20260302_尼崎_7,2026-03-02,教訓: AIは安定感のある選手を重視したが、波乱可能性のある選手の実力や展開・風などの外的要因を十分に考慮せず、予測と結果に乖離が生じた。,,,
20260302_尼崎_8,2026-03-02,教訓: 艇の機力や展開・風などの外部要因を過小評価していたため、安定感のある選手よりも機力や展開に左右される結果が発生した。,,,
20260302_尼崎_9,2026-03-02,教訓: 中島選手の安定感が過信され、予測外の波乱や風などの影響を考慮不足していた。,,,
20260302_常滑_1,2026-03-02,「教訓: レース中の展開や風の影響が大きく、AIのデータ分析だけで完全には予測できないため、現場での判断や環境要因を考慮する必要がある。」,,,
20260302_常滑_10,2026-03-02,教訓: 安定感のある選手に依存するだけでなく、展開や風などの外部要因を考慮することが必要だった,,,
20260302_常滑_11,2026-03-02,教訓: 風やレース展開の影響が大きく、モーター性能だけで勝負を予測するのは難しい。,,,
20260302_常滑_12,2026-03-02,教訓: 高性能モーターと安定感のある選手も波乱展開や風などの外的要因、あるいは自艇の判断ミスにより結果が予測通りでなかったため、常に状況に応じた柔軟な対応が必要。,,,
20260302_常滑_2,2026-03-02,教訓: 安定感のある選手に過信せず、レース当日の展開やモーター性能に注意を払う必要がある。,,,
20260302_常滑_3,2026-03-02,教訓: 風況や展開予測不足が優勝候補の期待値を覆す可能性がある。,,,
20260302_常滑_4,2026-03-02,「教訓: 高勝率と安定感を重視しても、レース展開やモーター性能の見誤りが優勝艇の予測に影響を与える場合がある。」,,,
20260302_常滑_5,2026-03-02,「教訓: AIの予測よりも外部要因（モーター性能、展開、風など）が結果を左右するため、データ分析に加え現場状況の考慮が必要。」,,,
20260302_常滑_6,2026-03-02,教訓: 波乱展開が発生しなかったため、安定感のある艇の性能に過信せず、風や水温などの外部要因にもっと注意を払うべきだった。,,,
20260302_常滑_7,2026-03-02,教訓: モーター番号だけでなく選手の現場での判断とレース展開が予測を超える場合があるため、AIモデルに風や波などの外部要因を考慮させる必要がある。,,,
20260302_常滑_8,2026-03-02,教訓: モーター性能やレース展開、天候などの不可測要因が予想外に影響し、トップ争いの予測が不的中した。,,,
20260302_常滑_9,2026-03-02,「教訓: 予測に過信せず、展開や風の影響を考慮した上で買い目の見直しが必要。」,,,
20260302_平和島_1,2026-03-02,教訓: 競艇の機力やレース展開、天候等の不測要因が予想以上に影響を及ぼし、上位期待選手以外にもチャンスがあることを認識する必要がある。,,,
20260302_平和島_10,2026-03-02,教訓: 風や展開の影響を考慮せず、モーター性能以外の要素に過信していたため予測精度が低下した。,,,
20260302_平和島_11,2026-03-02,教訓: 本命艇の安定感が崩れやすいことを認識し、モーター性能や展開リスクへの敏感な反応を強化する必要がある。,,,
20260302_平和島_12,2026-03-02,教訓: 永田選手の安定感が崩れてしまったのか、もしくは竹田選手や河村選手のパフォーマンスが予測よりも良かったことが要因となった。,,,
20260302_平和島_2,2026-03-02,教訓: 風や展開の影響を考慮したリアルタイムデータの必要性,,,
20260302_平和島_3,2026-03-02,教訓: 数理的分析よりも展開やモーター性能などの現場要因が優勝決定に影響を与えることが判明した。,,,
20260302_平和島_4,2026-03-02,教訓: 安定感のある選手の予測にも 불구하고 외部 요인（모터 출력 오류나 경기 전개・바람 등）이 결과를 크게 영향 미칠 수 있음을 인식해야 한다.,,,
20260303_芦屋_10,2026-03-03,「教訓: 素早い出艇や展開の読みが結果に大きく影響し、安定感のある選手だけでなく、レース中の急展開にも注意が必要であった。」,,,
20260303_児島_2,2026-03-03,教訓: AIは展開予想やモーター機力に限界があり、風や展開の不測性を考慮しないと高額払戻が期待できない。,,,
20260303_平和島_8,2026-03-03,教訓: 予測が的中したのは、各艇のモーター性能とドライバーの技術を考慮し、最適な展開予想ができていたため。,,,
20260303_江戸川_12,2026-03-03,「教訓: 展開や風などの外部要因に敏感になる必要がある」,,,
20260303_徳山_2,2026-03-03,教訓: 実際の結果と予測との乖離は、展開や風などの外部要因に加え、モーター機力の見誤りが影響を及ぼす可能性があるため、データ分析モデルに不可視だった要素への敏感な反応を学習させる必要がある。,,,
20260303_児島_6,2026-03-03,教訓: AIはモーター性能や過去の実績に過信し、展開予想や風などの外部要因を考慮不足していた。,,,
20260303_芦屋_9,2026-03-03,教訓: 税田祥の安定性に依存度过大だったため、思わぬ展開（風やコース状況）に弱かった。,,,
20260303_蒲郡_2,2026-03-03,教訓: AIの予測に反して6号艇が3着に入ったため、風や水域状況などの環境要因や選手の状態変化を考慮する必要がある。,,,
20260303_平和島_12,2026-03-03,教訓: 風や水の状況、ドライバーの戦略、またはモーター以外の要素が予測を超える可能性を考慮すべき。,,,
20260303_若松_3,2026-03-03,教訓: 展開予想通りに安定した走りが出来なかったため、風やコース状況、選手の判断ミス等が影響した可能性がある。,,,
20260303_児島_3,2026-03-03,教訓: モーター性能の見積もり不足やレース中の展開（風やコース状況）が予測を覆すこともあるため、モーターランキングとレースリズムの両面をより精緻に分析する必要がある。,,,
20260303_若松_9,2026-03-03,教訓: モーター性能と勝率だけで選手のパフォーマンスを予測するのは限界があり、展開や風などの環境条件、または選手の臨場感も考慮する必要がある。,,,
20260303_蒲郡_11,2026-03-03,教訓: AIは安定感のある選手を重視したが、展開や風などの不可抗力により予想外の結果になったため、現場状況への敏感な反応と要素の考慮が必要。,,,
20260303_徳山_9,2026-03-03,教訓: モーター番号やランキングに加え、レース当日の展開や風などの外部要因を考慮することが重要である。,,,
20260303_福岡_2,2026-03-03,教訓: 予測に反する結果は、安定した走りを期待した5号艇の不発や、3号艇の意外な好パフォーマンス、または展開時の風などの外部要因による影響が考えられる。,,,
20260303_江戸川_9,2026-03-03,教訓: AIの予測に死角があったため、未予想の1号艇が優勝した点を考慮し、モーターパフォーマンス以外の要素や展開時の要因を含むべき。,,,
20260303_蒲郡_6,2026-03-03,教訓: 優勝艇の予測精度を高めるためには、モーター機力に加え、レース当日の展開や外的要因（風等）も考慮する必要がある。,,,
20260303_福岡_9,2026-03-03,教訓: AIはモーター性能や展開予想に限界があり、レースの不確定要素（天候、事故等）を考慮せずに過信していたため、予測と結果が乖離した。,,,
20260303_芦屋_4,2026-03-03,教訓: モーター性能だけでなく、展開や天候、選手の状態など多様な要因を考慮する必要がある。,,,
20260303_蒲郡_10,2026-03-03,教訓: AIは高性能モーター搭載艇を過信し、展開予想と結果の乖離が生じたため、レース中の風や選手状態等の不可測要因に敏感になる必要がある。,,,
20260304_若松_1,2026-03-04,「教訓: 実際の展開や風などの不可測要素が結果を左右し、AIモデルが考慮しきれなかった点に注意が必要です。」,,,
20260304_丸亀_3,2026-03-04,教訓: 競走馬3番の期待値が過大評価されていたか、またはレース中の展開や天候等の外部要因により、予測よりも安定感のある選手である1番が入ってしまった可能性があるため、モデルに展開や環境要素を考慮する必要がある。,,,
20260304_丸亀_1,2026-03-04,教訓: 高モータースペードでも安定感とコース取りが重要で、予想外の展開があったため、モーター性能以外の要素も考慮すべき。,,,
20260304_平和島_5,2026-03-04,教訓: 1号艇の安定感を過信したため、波乱が起きた際に対応できなかった。,,,
20260304_尼崎_1,2026-03-04,教訓: 外部要因や展開の不可測性が予測を超える可能性を考慮する必要がある。,,,
20260304_芦屋_10,2026-03-04,教訓: AIの予測モデルが展開や天候、モーター性能などの多様な要素を完全に捉えることができていないため、安定した買い目に繋げることが難しい。,,,
20260304_丸亀_12,2026-03-04,教訓: モーター性能や展開予想に加え、風や水の状況等の外部要因を考慮した予測モデルの必要性が明らかになった。,,,
20260304_丸亀_11,2026-03-04,教訓: 風やコース展開の影響により安定感のある選手も思ったほど活躍できない場合があるため、外部要因への配慮を強化すべき。,,,
20260304_芦屋_5,2026-03-04,教訓: AIの予測に限界あり、展開や天候等の不可測要因を考慮したリスク管理が重要,,,
20260304_若松_12,2026-03-04,教訓: AIは機力や展開予想に過信し、現場の状況や風等の要素を考慮不足していたため、予測と結果が大きく異なった。,,,
20260304_若松_9,2026-03-04,「教訓: モーター番号に過信せず、展開や風の影響も考慮したモデル構築が重要」,,,
20260304_尼崎_5,2026-03-04,教訓: モーター性能やランクだけでなく、レース展開や風などの外部要因を考慮することが重要。,,,
20260304_徳山_12,2026-03-04,教訓: 高モーター性能艇の安定感を過信せず、レース中の展開や環境要因に敏感に対応することが必要。,,,
20260304_住之江_5,2026-03-04,「教訓: モーター性能だけでなく、選手の潜在能力やレース展開・風などの外部要因にも敏感に反応する必要がある。」,,,
20260304_尼崎_10,2026-03-04,教訓: 高信頼度の本命艇と上位艇が予測通りとなったため、AIの分析力は高いが、モーター性能や展開・風等の外部要因を考慮した上で更なる精度向上を目指す必要がある。,,,
20260304_住之江_3,2026-03-04,教訓: モーター性能だけでなく、展開や外部環境（風等）も予測に影響を与えるため、システムではこれらの要素も含め込んだ多様なデータを活用する必要がある。,,,
20260304_徳山_5,2026-03-04,教訓: 本命候補に期待していた楠原翔太が思うように伸びなかったため、3号艇の岩崎正哉や沼田大都が活躍し、展開予想を裏切る結果となった。,,,
20260304_蒲郡_3,2026-03-04,教訓: 予想外の1号艇優勝と4号艇2着の結果は、モーター性能や展開予測に不備があったため。,,,
20260304_徳山_11,2026-03-04,教訓: 本命艇以外にも安定感のある艇の存在を考慮すべきであった,,,
20260304_平和島_1,2026-03-04,教訓: AIの予測に過信せず、レース展開や風などの環境要因を考慮した上で、選手の安定感と機力のバランスを見極める必要がある。,,,
20260304_丸亀_4,2026-03-04,教訓: AIの予測に比べて、風や展開の影響が大きく、安定した選手よりも状況に応じた調整力のある選手が活躍する可能性を考慮すべき。,,,
20260304_福岡_2,2026-03-04,教訓: 展開予想だけで勝負するのは危険で、モーター番号やコースコンディションの影響をもっと考慮すべきだった。,,,
20260304_若松_2,2026-03-04,教訓: AIは6号艇の可能性を過高地評価し、4号艇北中元樹の安定感を見過ごしていた。,,,
20260304_芦屋_11,2026-03-04,教訓: モーター性能や安定感に加え、展開や風などの外部要因も考慮する必要がある。,,,
20260304_尼崎_2,2026-03-04,教訓: モーター機力だけでなく、レース中の展開や天候、コース状況も重要な要素であるため、予測モデルにこれらの影響を考慮する必要がある。,,,
20260304_びわこ_5,2026-03-04,「教訓: モーター性能や展開予想に限界があり、荒れ模様の影響を考慮せずにはならない。」,,,
20260304_尼崎_3,2026-03-04,「教訓: モーター番号と勝率だけでなく、当日の展開やコンディションが結果に大きく影響するため、それらも含めた多面的な分析が必要である。」,,,
20260304_びわこ_6,2026-03-04,教訓: AIが予測した本命艇以外に優勝艇が出たため、外部要因（風、展開）やモーター機力の見積もり不足を考慮する必要がある。,,,
20260304_びわこ_1,2026-03-04,教訓: 高期待値のヒモ荒れ可能性を見極める際に、風や展開の不確定要素を考慮すべきだった,,,
20260304_芦屋_9,2026-03-04,「教訓: 高田ひかる以外の選手がレース中盤以降で卓越した性能を発揮し、特に5番艇が安定感のある走りとモーター性能で抜け出す事が予測されなかったため、展開予想に風やコース状況の要素が不足していた。」,,,
20260304_児島_5,2026-03-04,「教訓: 高モーターファン번호だけで判断せず、レース展開や天候を含む全体的な状況を勘案することが重要である。」,,,
20260304_びわこ_4,2026-03-04,教訓: 安定感のある選手への過信ではなく、全体的な展開や風の影響を考慮した多様な予測が求められる,,,
20260304_びわこ_2,2026-03-04,教訓: AIはモーター機力や展開の予測に不十分な点があったため、艇速と風の影響を考慮する必要がある。,,,
20260304_芦屋_12,2026-03-04,教訓: モーター性能だけでなく、当日の展開や天候、選手のコンディションなど外部要因も重要視すべき。,,,
20260304_浜名湖_2,2026-03-04,教訓: 展開や風などの外部要因による影響を過小評価していたため、安定感のある選手や勝率だけで予測した結果、期待通りの順位が出なかった。,,,
20260304_住之江_7,2026-03-04,教訓: 安定したスタートとモーター性能が的中を導いた,,,
20260304_福岡_12,2026-03-04,教訓: モーター番号やランクだけでなく、展開や風などの外部要因を考慮した予測モデルの必要性が改めて認識された。,,,
20260304_徳山_9,2026-03-04,教訓: モーター機力だけでなく、展開や風の影響を含めた複合的な要素が結果を左右するため、AIモデルでの重み付けを見直す必要がある。,,,
20260304_福岡_6,2026-03-04,教訓: 石川諒の安定感とモーター性能の重要性を考慮せず、風や水の状況、及び選手の当日のパフォーマンスが予測以上に影響したため、展開予想と買い目の精度向上にはモータースペックと当日のレース環境への敏感な反応が不可欠。,,,
20260304_福岡_1,2026-03-04,教訓: 渡邉翼選手の高勝率にもかかわらず、予想外の展開や天候、風などの影響が重なった可能性があるため、将来的にはより多様な要素を考慮したモデル構築が必要。,,,
20260304_若松_8,2026-03-04,教訓: 山田晃大（2号艇）のモーター性能を見誤ったが、コース取りやスタート位置の利点を考慮すべきだった。,,,
20260304_蒲郡_10,2026-03-04,教訓: 主力選手の安定感が強く、予測通りに1-2-3が揃ったことで高額配当を得られなかった。,,,
20260304_児島_9,2026-03-04,教訓: 競艇のレース展開や天候、選手のパフォーマンス変化は予測困難であり、AIモデルに未考慮な要素が結果を左右する場合があるため、動的なデータを取り入れることが重要である。,,,
20260304_丸亀_9,2026-03-04,教訓: 風や海流等の自然条件や展開予想を含め、安定感のある艇に加え、軽量艇の潜在能力も考慮する必要がある。,,,
20260304_蒲郡_9,2026-03-04,教訓: 展開予想とモーター性能に加え、レース中の展開や環境条件（風、潮流等）の影響を考慮する必要がある。,,,
20260304_児島_4,2026-03-04,「教訓: 高い勝率選手のトップ争い予想は風やコース状況によってもモーター性能が影響しやすいため、ヒモ荒れや追い上げを考慮した買い目設計が重要。」,,,
20260304_浜名湖_1,2026-03-04,教訓: 高勝率艇の安定性を見込んでいたが、予想外の展開と外部要因（風等）により低勝率艇が入ってきたことを考慮すべき。,,,
20260304_徳山_6,2026-03-04,教訓: 本命艇の安定性に過信せず、展開や風などの外的要因に敏感になるべきだった。,,,
20260304_浜名湖_10,2026-03-04,教訓: 予測通りに順当な決着だったため、今後の参考とするためには、モーター機力や展開、風などの外部要因をさらに考慮する必要がある。,,,
20260305_住之江_9,2026-03-05,「教訓: モーター性能と過去の勝率だけでなく、当日の展開や風などの環境要因を考慮することが重要である。」,,,
20260305_住之江_6,2026-03-05,教訓: モーター番号やランキングだけでなく、風や展開の不可測要素が結果を左右するため、AIはそうした外部要因を考慮すべき。,,,
20260305_住之江_11,2026-03-05,「教訓: モーター性能だけでなく、展開や風況、選手のexterityも重要なため、予測モデルに不可測要素を含む必要がある。」,,,
20260305_平和島_1,2026-03-05,教訓: AIの予測に限界あり、展開や風等の不可測要因が大きく影響するため、モーター性能だけでなくリアルタイムな展開分析も必要。,,,
20260305_住之江_12,2026-03-05,「教訓: モーター数値の高さだけで判断せず、展開や風の影響をより考慮する必要がある。」,,,
20260305_浜名湖_12,2026-03-05,教訓: 舟番やモーター性能への過信ではなく、展開や風の影響を考慮した柔軟な予測が不可欠,,,
20260305_丸亀_3,2026-03-05,教訓: モーター性能や過去実績以外に、展開や風などの外的要因を考慮する必要がある。,,,
20260305_芦屋_11,2026-03-05,教訓: 展開予想とモーター番号以外に、風や波等の外部要因、あるいは選手たちの臨場感が結果を左右するため、AIモデルに未考慮な要素への配慮が必要。,,,
20260305_丸亀_6,2026-03-05,「教訓: 安定した走りとコース管理能力が高い選手が優位であり、風やモーター機力の影響を考慮してもトップ争いができることが分かる。」,,,
20260305_尼崎_3,2026-03-05,教訓: 稳定性分析に加え、展開や天候要因を考慮する必要がある。,,,
20260306_唐津_2,2026-03-06,教訓: 展開予想や安定感だけでなく、風やモーターの性能も考慮し、買い目の組み合わせを柔軟にすることが必要だ。,,,
20260306_芦屋_7,2026-03-06,教訓: モーター番号だけでなく、レース展開や風の影響を考慮した予測モデルの必要性が改めて認識された。,,,
20260306_住之江_6,2026-03-06,「教訓: 展開や風の状況が艇の挙動に大きく影響し、安定感よりも機力とexterityのバランスが重要だった。」,,,
20260306_蒲郡_9,2026-03-06,「教訓: 舟のモーター性能以外に、当日の風や海流などの自然条件、選手の安定感がレース結果に大きく影響するため、予測時にはこれらの要素をさらに考慮する必要がある。」,,,
20260306_住之江_7,2026-03-06,教訓: 穴要素と展開の不確定性が予測を超える場合があるため、モータースピード以外にもコース取りや艇体性能に注力すべき。,,,
20260306_桐生_8,2026-03-06,教訓: 風や展開の影響を考慮せず、安定した選手への過信が 결과를 예상치 못하게 만들었음을 인식했다.,,,
20260306_桐生_3,2026-03-06,教訓: AIの予測に過信せず、当日の状況や展開を考慮した多角的な分析が不可欠である。,,,
20260306_平和島_4,2026-03-06,「教訓: 本命と安定感のある選手の評価に加え、波乱要因となる選手への配慮が不可欠であることが分かる。」,,,
20260306_若松_10,2026-03-06,教訓: モーター番号とランキングだけで判断せず、レース中の展開や天候等の要素も考慮することが重要。,,,
20260306_児島_12,2026-03-06,教訓: モーター性能や安定感だけでなく、展開や風などの外部要因を考慮した予測モデルの重要性が改めて認識された。,,,
20260307_住之江_12,2026-03-07,教訓: モーター番号だけでなく、スタート時の位置取りや風の影響を考慮する必要がある。,,,
20260307_びわこ_7,2026-03-07,教訓: モーター性能だけでなく、コース展開や風の影響など外部環境も重要で、安定感よりもトップ争いができる艇に注力すべき。,,,
20260307_宮島_3,2026-03-07,教訓: 競艇のレースでは、モーター性能や過去の勝率だけでなく、スタートダッシュや展開、天候（風）などの外部要因も重要であり、これらの要素を総合的に考慮することが必要だ。,,,
20260307_宮島_5,2026-03-07,「教訓: 安定感のある艇に過信せず、モーター速度と展開の影響を考慮した買い方が必要だった。」,,,
20260307_若松_8,2026-03-07,「教訓: AIの予測モデルは安定した選手を重視し過ぎており、展開や意外性のある要素への配慮が不足していた。」,,,
20260307_若松_11,2026-03-07,「教訓: 上位艇が多い大会では波乱要素を見込みつつも、安定感のある本命艇と穴艇のバランスが重要だった。」,,,
20260307_宮島_4,2026-03-07,「教訓: 船舶の性能や展開時の状況（風や潮流等）を考慮したモデルの重要性を認識し、予測精度向上に向けたさらなる分析が求められる。」,,,
20260307_唐津_4,2026-03-07,教訓: 高性能モーターだけでなく、展開や風等の外的要因を考慮せずにはならない。,,,
20260307_児島_8,2026-03-07,教訓: 風や展開の不測な影響を含む動的な要素に敏感になる必要がある。,,,
20260308_びわこ_6,2026-03-08,教訓: モーター速度だけでなく、当日の展開や風などの外的要因を考慮することが必要であった。,,,
20260308_尼崎_2,2026-03-08,教訓: AIはモーターの性能や展開予想に過信しすぎており、実際のレースでは風や選手の状態などの不可測要素が影響するため、多様な要因を考慮したモデル構築が必要。,,,
20260308_常滑_11,2026-03-08,教訓: モーター機力や選手の安定性に過信せず、展開や風などの外部要因にも敏感な反応を心掛けなければならない。,,,
20260308_尼崎_4,2026-03-08,教訓: AIの予測は安定感のある馬を重視したが、モーター性能や展開以外にも風や海流などの外部要因やレース中の戦略的展開が結果を左右するため、モデルに未考慮な要素が多いことが原因。,,,
20260308_住之江_8,2026-03-08,「教訓: 展開や風の影響で順位が入れ替わるリスクを考慮する必要がある。」,,,
20260308_唐津_9,2026-03-08,「教訓: レースの展開や風などの外部要因を考慮せず、モーター性能だけで判断すると予測と結果が乖離するため、 변수인자까지 고려해야 한다.」,,,
20260308_大村_5,2026-03-08,教訓: 外部要因や展開の不可測性が予測を超えるため、モーターパフォーマンス以外にも風や選手の判断を考慮すべき。,,,
20260308_尼崎_3,2026-03-08,教訓: AIの予測と結果の乖離はモーター性能以外の要素（コース展開や風）が大きいことを示唆する。,,,
20260308_尼崎_8,2026-03-08,教訓: AIの予測はモーター性能や勝率に依存しすぎており、風や展開などの不可測要因を考慮不足しているため、モデルにリアルタイムな環境データを取り入れることが重要。,,,
20260308_尼崎_5,2026-03-08,教訓: 展開予想に風やモーター性能の不確定要素を考慮不足し、穴艇が台頭したため買い目に反映されなかった。,,,
20260309_桐生_12,2026-03-09,教訓: 高勝率艇の予測に過信せず、天候や展開、機材状況等の外部要因を考慮すべき。,,,
20260309_桐生_10,2026-03-09,「教訓: AIは安定感のある艇を重視したが、モーター性能の見積もり不足や展開不測によって1号艇が優勝し、3号艇が2着となった。」,,,
20260309_三国_11,2026-03-09,教訓: モーター性能やレース展開、天候などの不可視要因が結果を左右しやすく、安定した買い目だけで勝負するのはリスクがある。,,,
20260309_江戸川_4,2026-03-09,「教訓: モーター性能だけでなく、当日の展開や選手の安定感も重要視する必要がある。」,,,
20260309_三国_5,2026-03-09,「教訓: 荒れたコースでは安定感よりも適応力と荒れ勘が勝るため、展開や風等の外部要因を考慮すべきだった。」,,,
20260309_尼崎_8,2026-03-09,「教訓: モーター性能に加え、ランキングとスタッIRSTATSのバランスが結果を左右し、穴艇の可能性も考慮すべきだった。」,,,
20260309_江戸川_10,2026-03-09,「教訓: 小原選手以外にも波乱の可能性が高い選手が予想通り活躍したため、安定感よりも全体的な展開を考慮する必要がある。」,,,
20260309_江戸川_1,2026-03-09,教訓: 高期待値選手が思うように伸びなかったため、モーターレイアウトや展開予想に加え、当日のコンディションや選手の状態を更に考慮する必要がある。,,,
20260309_戸田_12,2026-03-09,教訓: 風や水の状況、モーター性能の実際の働きに敏感になる必要がある。,,,
20260309_江戸川_7,2026-03-09,教訓: モーター性能だけでなく、当日の風やコース状況、選手の臨場感も重要視する必要がある。,,,
20260310_徳山_6,2026-03-10,「教訓: AIは展開予想とモーター番号だけで判断しすぎたため、実際のレース展開や風などの外部要因に敏感でなかった。」,,,
20260310_宮島_6,2026-03-10,教訓: 山本英志の安定感は過信せず、モーター性能や展開要因に注意が必要,,,
20260310_大村_4,2026-03-10,教訓: AIの予測に比べて、展開や選手の安定感が考慮不足だったため、波乱があった場合に対応できないシステムであった。,,,
20260310_平和島_2,2026-03-10,教訓: 高順位艇の期待値に過信せず、波乱要素や外部要因（風、レース展開）を考慮した予測モデルの必要性が重要。,,,
20260310_常滑_2,2026-03-10,教訓: モーター番号だけでなく、選手の技術やレース中の展開、事故リスクなども考慮する必要があります。,,,
20260310_尼崎_2,2026-03-10,教訓: モーター性能や過去の勝率だけでなく、レース当日の展開や風などの環境要因、そして各艇のレース中の判断が結果に大きく影響するため、データ分析時にはこれらの要素を考慮した予測モデル構築が重要。,,,
20260310_福岡_11,2026-03-10,教訓: 高ランク艇の集中が予測を裏切るリスクを考慮すべき。,,,
20260310_江戸川_4,2026-03-10,教訓: 予測した順位と実際の結果に乖離が生じたのは、展開予想やモーター機力だけでなく、当日の風や艇の状態など不可測な要素が影響を及めたため。,,,
20260310_江戸川_7,2026-03-10,教訓: 風や潮流などの外部要因に影響されることを考慮し、モーター速度以外の要素も重視する必要がある。,,,
20260310_尼崎_8,2026-03-10,教訓: モーター機力の見積もり不足や展開の不測により、予想外の結果が発生した可能性がある。,,,
20260311_戸田_1,2026-03-11,教訓: 安定感のある本命馬と意外性のある穴馬の組み合わせが功を奏したため、今後のAIは展開や選手の安定感だけでなく、風やモーター機力などの外部要因にもっと敏感であるべき。,,,
20260311_児島_7,2026-03-11,教訓: 機力予測よりも展開とレース中の状況判断の方が優先されるべきであった,,,
20260311_戸田_4,2026-03-11,教訓: 風や水の状況、または艇の相互作用が予測を超える可能性を考慮する必要がある。,,,
20260311_多摩川_6,2026-03-11,「教訓: 本命候補と拮抗が予想された2号艇と5号艇だが、レース展開やモーター性能の違いで5号艇が優勢となり、安定感のある1号艇が3番に入る以外は波乱があったため、全体的なレース展開を考慮する必要がある。」,,,
20260311_桐生_10,2026-03-11,教訓: 安定感のある艇の存在と展開・風等の要素が予測に影響を与え、モーター性能だけで勝率を判断できないことが示唆された。,,,
20260311_戸田_6,2026-03-11,教訓: 小番手艇の安定感よりも1番艇の機力と展開が優先される場合があるため、予測時にはモーター性能やレース展開をさらに考慮する必要がある。,,,
20260311_常滑_11,2026-03-11,教訓: AIの予測モデルがモーター性能や展開・風などの外部要因を十分に考慮していなかったため、本命艇が期待値通りに結果を出すことができず、穴艇の台頭があった。,,,
20260311_尼崎_9,2026-03-11,「教訓: 波乱要素のある選手の組み合わせが的中したが、安定感のある選手と波乱を秘めた選手のバランスが重要であることを再認識。」,,,
20260311_桐生_5,2026-03-11,教訓: 本命艇以外の選手の潜在能力やレース展開、天候などの不可測な要素を考慮する必要がある。,,,
20260311_大村_10,2026-03-11,「教訓: モーター性能以外にも展開や風等の外的要因が着順に影響するため、予測モデルにそうした不確実性を組み込む必要があります。」,,,
20260312_鳴門_7,2026-03-12,教訓: 高性能モーターを持つ艇の期待値が過高な場合があるため、展開や外的要因を考慮した多角的な分析が不可欠。,,,
20260312_桐生_10,2026-03-12,教訓: 高モーター値と勝率だけで判断せず、展開や選手の技能、スタートスピードなど 변수を考慮すべき。,,,
20260312_鳴門_10,2026-03-12,教訓: AIはモーター性能やランキングに過剛な信頼を置き、展開の不確定要素や機力の見積もり不足が予測誤差を生じた。,,,
20260312_戸田_5,2026-03-12,教訓: 高速艇の安定感と展開による意外性が予測以上に働いたため、推奨買い目に反して佐野優都(6号艇)が上位に入った。,,,
20260312_桐生_12,2026-03-12,「教訓: 高勝率馬が1着を取れなかったため、モーター性能やランキング以外の要素（展開、風等）をさらに考慮する必要がある。」,,,
20260312_戸田_2,2026-03-12,教訓: 荒木颯斗の安定感とモーター性能を過信し、波乱の要因となる選手への配慮が足りなかった。,,,
20260312_浜名湖_10,2026-03-12,教訓: 高モーター数だけでなく、風や展開の影響を考慮した予測モデルが重要。,,,
20260312_若松_4,2026-03-12,教訓: モーター機力だけでなく、レース中の展開や天候等の不確定要素が結果に大きく影響するため、予測モデルにこれらの要素を組み込む必要がある。,,,
20260312_福岡_4,2026-03-12,「教訓: モーターパフォーマンスだけでなく、展開や自然条件も重要で、これらを含む包括的な分析が必要。」,,,
20260312_桐生_9,2026-03-12,教訓: 荒れやすい展開予想は風やコース状況が予測以上に影響し、穴艇の的中があったためモーター性能以外の要素も考慮が必要。,,,
20260313_芦屋_11,2026-03-13,教訓: モーター性能だけでなく、レース中の展開や風の影響が大きいことを学び、予測モデルにこれらの要素を取り入れることが重要である。,,,
20260313_若松_5,2026-03-13,「教訓: 上位艇への過信ではなく、安定感のある艇と奇数艇のバランスを考慮すべきだった。」,,,
20260313_平和島_1,2026-03-13,教訓: 展開や風の影響で安定感のある艇が予想外の1着を取る場合があるため、モーター機力だけでなくレース展開の可能性も考慮する必要がある。,,,
20260313_鳴門_8,2026-03-13,教訓: モーター性能や選手のスキルだけでなく、レース中の展開や天候などの外部要因を考慮する必要がある。,,,
20260313_蒲郡_3,2026-03-13,「教訓: モーター性能だけでなく、当日の風やコース状況、運など不可測な要素も含めた全体的な展開を考慮することが重要。」,,,
20260313_鳴門_6,2026-03-13,教訓: AIの予測が成功した理由は、高田ひかるのモーター性能と楠原翔太の安定感を評価し、展開次第では波乱の可能性がある竹井貴史を抑えられたため。,,,
20260313_福岡_2,2026-03-13,教訓: 本命候補のエンジンパワーに過信せず、展開予想外の波乱要素や選手の技量不足を考慮すべき。,,,
20260313_芦屋_12,2026-03-13,教訓: 高性能モーターと安定したレース能力が結果を導いた,,,
20260313_大村_4,2026-03-13,教訓: AIは3号艇のモーター機力と選手の安定感を過信し、1号艇の潜在能力や展開における優位性を見逃した。,,,
20260313_浜名湖_3,2026-03-13,教訓: 艇の実際性能やレース展開の不可測性が予想以上に影響を及ぼしたため、AIモデルはモーターペリformanceや戦略的な要素を過小評価していた。,,,
20260314_鳴門_3,2026-03-14,教訓: モーター性能だけでなく、コース取りや天候条件、選手の戦略等が結果を左右するため、多様な要素を考慮した予測モデル構築が重要。,,,
20260314_びわこ_9,2026-03-14,教訓: AIが予測したモーター機力や展開予想は過信せず、現場の状況や風などの天候要素を考慮する必要がある。,,,
20260314_児島_5,2026-03-14,教訓: AIは展開予想に加え、モーター性能やスタートダッシュ力を重視したが、実際には風や機器故障などの不可測要因が結果を左右した。,,,
20260314_徳山_7,2026-03-14,教訓: 予測に含まれた艇が3番艇まで入ったことにより、荒れ要素が現れたため、穴艇の選択肢を広げる必要がある。,,,
20260314_鳴門_5,2026-03-14,「教訓: 結果に現れた波乱要素が予想を超えた為、外部要因（展開、風等）への配慮が不可欠」,,,
20260314_鳴門_8,2026-03-14,教訓: 高田ひかるのモーター性能が過高地評価され、展開や天候以外に風や水上の状況がレース結果に大きく影響したため、期待通りの成績を得ることができなかった。,,,
20260314_徳山_8,2026-03-14,教訓: 稳定したモーター性能とランクにもかかわらず、レース展開や風などの外的要因が優勝艇を変える可能性があるため、将来の分析ではこれらの要素も含めなければならない。,,,
20260314_尼崎_1,2026-03-14,教訓: モーターリンク番号ではなく選手の安定感と出艇タイミングが結果を左右するため、予測時にもっと考慮すべきだった。,,,
20260314_蒲郡_8,2026-03-14,教訓: モーター性能だけでなく、展開や走行環境も結果に大きく影響するため、これらの要因を総合的に考慮することが重要です。,,,
20260314_若松_3,2026-03-14,教訓: 展開予想に加え、風や天候の影響を考慮すべきでなかった,,,
20260315_鳴門_4,2026-03-15,教訓: モーター性能だけでなく、レース展開やコース読みが結果に影響を与えるため、予測モデルに風や選手のスキルを含む多様な要因を取り入れることが重要。,,,
20260315_江戸川_5,2026-03-15,教訓: モーター性能やランキング以外の要素（展開、風などの環境要因）が結果を左右するため、予測モデルにこれらの不確実性を考慮させる必要がある。,,,
20260315_浜名湖_9,2026-03-15,「教訓: 展開や風の影響を過小評価せず、安定感のある選手に加え、late raceでの伸びを考慮する必要がある。」,,,
20260315_若松_10,2026-03-15,教訓: 穏定感のある選手が予想通りの結果を出すことが多いことを確認できた。,,,
20260315_浜名湖_1,2026-03-15,教訓: 風や機力の安定性に加え、選手のコンディションやレース中の展開の変化を考慮する必要がある。,,,
20260315_江戸川_2,2026-03-15,教訓: AIの予測はモーター性能やランキングだけでなく、展開や風などの外部要因が結果に大きく影響することを考慮しなければならない。,,,
20260315_尼崎_2,2026-03-15,教訓: AIの予測に限界があるため、モーター性能やレース展開を考慮した更なる精度向上が求められる。,,,
20260315_尼崎_3,2026-03-15,教訓: 予測にない安定感と潜在能力を持つ選手が上位を独占したため、4号艇以外の安定感のある選手への配分不足だった。,,,
20260315_下関_10,2026-03-15,教訓: AIの予測は1-2-3を当てたが、6号艇の追い上げ期待値が高すぎたため、他の組み合わせが外れた。,,,
20260315_多摩川_5,2026-03-15,教訓: モーター機力や風の影響を考慮せず、安定感のある選手に過信したため、展開予想が不的中した。,,,
20260316_びわこ_4,2026-03-16,「教訓: モーター性能だけでなく、レース中の展開や風などの環境要因も考慮する必要がある。」,,,
20260316_びわこ_2,2026-03-16,教訓: モーター性能や過去のデータだけでなく、レース当日の展開や環境条件（風、波等）を考慮した予測が重要。,,,
20260316_桐生_4,2026-03-16,教訓: 波乱要素の予測に過信せず、レース当日の展開や風などの外部要因を考慮すべき。,,,
20260316_蒲郡_8,2026-03-16,教訓: 確定的な安定感ではなく、展開や天候等の外部要因も含めたリスク管理が重要。,,,
20260316_浜名湖_10,2026-03-16,"[ERROR] HTTPConnectionPool(host='localhost', port=11434): Read timed out. (read timeout=300)",,,
20260316_芦屋_7,2026-03-16,"[ERROR] HTTPConnectionPool(host='localhost', port=11434): Read timed out. (read timeout=300)",,,
20260316_桐生_12,2026-03-16,"[ERROR] HTTPConnectionPool(host='localhost', port=11434): Read timed out. (read timeout=300)",,,
20260316_浜名湖_4,2026-03-16,教訓: 山本寛久の期待値と小池礼乃の安定感を考慮した予測だが、5号艇が6号艇に代わったことで展開やモーター性能が影響し、予想外の結果となった。,,,
20260316_芦屋_6,2026-03-16,教訓: 三連複での順番変更を考慮せよ,,,
20260316_桐生_10,2026-03-16,"[ERROR] HTTPConnectionPool(host='localhost', port=11434): Read timed out. (read timeout=300)",,,
20260317_下関_8,2026-03-17,「教訓: 展開予想とモーター性能に加え、コース取りや風の影響が大きく、安定感のある艇も波乱を起こす可能性があるため、買い目の組み合わせにも柔軟性を必要とする。」,,,
20260317_唐津_7,2026-03-17,教訓: モーター番号と展開予想に加え、当日の風や選手コンディション等を考慮することが重要である,,,
20260317_桐生_7,2026-03-17,教訓: 高ランキング艇の安定性に過信せず、レース当日の展開や天候、選手のコンディション等の動的要因を考慮した予測モデル構築が重要。,,,
20260317_桐生_6,2026-03-17,教訓: 風や天候、選手の状況が予測を超えることもあるため、今後はこれらの要素を考慮した予測モデル構築を強化する必要があります。,,,
20260317_三国_9,2026-03-17,教訓: モーター性能と展開予想だけでなく、当日の風やコース状況、選手の臨場感も考慮する必要がある。,,,
20260317_唐津_10,2026-03-17,教訓: モーター機力よりも安定感のある選手に軍配が上がる可能性を考慮すべきだった。,,,
20260317_江戸川_10,2026-03-17,教訓: 風やレース展開の影響を考慮することで、モーター性能以外の要素も予測に組み込む必要がある。,,,
20260317_宮島_12,2026-03-17,教訓: AIはモーター番号や過去のパフォーマンスに過剰な重視をしたが、展開や風、当日の状況等が勝敗を左右する要素となり、本命艇である5号艇が不発だったため、予測外の波乱があった。,,,
20260317_宮島_8,2026-03-17,教訓: 3号艇のモーター性能や展開力が予測以上に優れなかったため、2号艇が伸びた点を考慮すべきだった。,,,
20260317_桐生_11,2026-03-17,教訓: 展開予想やモーター性能だけでなく、当日の風や潮汐、選手の状態など外部要因も考慮し、予測精度を高める必要がある。,,,
20260318_桐生_2,2026-03-18,教訓: AIの予測に比べて実際の結果は2号艇が優勝したため、1号艇のモーター性能や展開予想に不備があった可能性がある。,,,
20260318_宮島_2,2026-03-18,教訓: AIの予測は艇の能力やモーター性能を考慮しているが、レース展開や意外な出来事（例えば艇の故障やスタートミス）にも敏感に反応する必要があるため、買い目の広さやリスク分散が重要。,,,
20260318_常滑_1,2026-03-18,教訓: 1号艇のモーター性能に過信していたため、展開や風況等の外部要因により思った通りに Führung を維持できず、着順が伸びてしまった。,,,
20260318_大村_7,2026-03-18,教訓: AIはモーター番号とランキングだけで展開を予測しすぎたため、選手の実際のパフォーマンスやレース中の戦略的動きを考慮する必要がある。,,,
20260318_平和島_8,2026-03-18,教訓: 高勝率艇の安定性に依存するだけでなく、低勝率艇の期待値を見誤るリスクがあるため、展開や外部環境を考慮した多角的な分析が不可欠。,,,
20260318_唐津_12,2026-03-18,教訓: モーター性能や展開予想だけでなく、レース中の展開や風の影響など外部要因を考慮したモデル構築が重要。,,,
20260318_尼崎_7,2026-03-18,「教訓: 天候や展開以外にモーター性能や選手の実力に加え、外部環境要素(風等)も重要であることが露呈したため、今後のモデルにはこれらの要因を反映させる必要がある。」,,,
20260318_平和島_9,2026-03-18,教訓: モーター性能に加え、展開や天候要因がランキングを左右する可能性が高い,,,
20260318_桐生_4,2026-03-18,教訓: モーター性能だけでなく、展開や天候などの外部要因を考慮しないと予測精度が落ちる,,,
20260318_江戸川_12,2026-03-18,教訓: 北山康介（1号艇）の安定感と岡祐臣（2号艇）の潜在能力が両方評価されるべきであった。,,,
20260319_常滑_12,2026-03-19,教訓: モーター性能と地元選手のコース適性が重要で、ExTime以外にも全体的なパフォーマンスを考慮することが必要だった。,,,
20260319_若松_7,2026-03-19,教訓: AIが地元スペシャリストである4号艇を推奨したが、1号艇が3着に入ったことでコース優位性やExTime遅れの予測不足があった。,,,
20260319_若松_6,2026-03-19,「教訓: AIの予測に反して、6号艇が1着を獲得したことで、全国勝率が高い選手への過信やExTime以外の要素（風や展開）が結果を左右する可能性がある。」,,,
20260319_三国_12,2026-03-19,「教訓: モーター性能以外にも展開や天候等因素がレース結果を大きく左右するため、予測時にはそうした要素も考慮することが重要である。」,,,
20260319_桐生_7,2026-03-19,教訓: 竹間隆晟の安定感に過信し、5号艇宮崎奏磨の低勝率を理由とした推奨買い目が裏目に出て、波乱要素や外部要因(風等)により3号艇坂本雄紀と6号艇の好走が発生したため、モデルの不完全性を暴露した。,,,
20260319_唐津_1,2026-03-19,教訓: 地元選手の中田竜太（6号艇）の活躍と潮汐・流れの影響を考慮した予測でしたが、2号艇や5号艇の不買により買い目が外れました。,,,
20260319_唐津_9,2026-03-19,「教訓: 地元選手とモーターパフォーマンスだけでなく、風や水の状況などの外部環境要因も考慮した予測モデルが必要である。」,,,
20260319_若松_12,2026-03-19,教訓: 高オッズと展示タイム갭だけで判断せず、地元選手の安定感や展開・風などの外部要因を考慮する必要がある。,,,
20260319_尼崎_10,2026-03-19,「教訓: モーター番号やランキングだけでなく、レース中の展開や天候、選手の状態など外部要因を考慮することが必要だった。」,,,
20260319_尼崎_6,2026-03-19,教訓: AIが1号艇を本命と予想したが、結果的には1番艇が3620円で的中。AIは低モーターながら安定感のある選手を評価していたが、当日の展開や風の影響で高勝率選手や地元選手が思ったほど活躍しなかったため、買い目の組み合わせを見直す必要がある。,,,
20260319_児島_9,2026-03-19,教訓: 地元選手の有利性やモーター安定感に加え、当日の展開や風等の外部要因を考慮すべきでなかった。,,,
20260319_若松_9,2026-03-19,「教訓: モーター性能だけでなく、当日の展開や風の影響、選手のコンディションなど全体的な要素を考慮することが重要であるため、予測モデルに天候やコース状況を含む多様なデータを取り入れることが必要だ。」,,,
20260319_下関_8,2026-03-19,教訓: AIの予測はモーター速度や過去のデータに頼りすぎており、天候や展開、選手の臨場発揮などの不確定要素を考慮せず、風や展開によって安定感よりもスピードが裏目にでることがあるため、今後は外部環境や選手のコンディションにも配慮した予測モデルを開発する必要がある。,,,
20260319_平和島_7,2026-03-19,教訓: AIの予測に反して2号艇が優勝したため、モーター性能やランク以外にも風や展開、あるいは運boat factorが結果を左右する可能性がある。,,,
20260319_桐生_1,2026-03-19,教訓: レース中の展開や天候の影響が予測を超えるため、外部要因への配慮を強化する必要がある。,,,
20260319_戸田_9,2026-03-19,教訓: 2号艇のパフォーマンスを見込み過ぎたため、期待値通りに結果がでなかった。今後は地元選手の安定感だけでなく、当日のコンディションやモーター状態にも重点を置きたい。,,,
20260319_三国_9,2026-03-19,教訓: AIの予測に頼るだけでなく、当日のモーター機力や天候条件、選手の臨場感も考慮する必要があります。,,,
20260319_桐生_2,2026-03-19,教訓: AIの予測に過信せず、現場の状況や天候、風向き等の外部要因を考慮した上で買い目を検討する必要がある。,,,
20260319_唐津_4,2026-03-19,教訓: モーター性能だけでなく、展開や風向きなどの外的要因も考慮し、柔軟な分析が求められる。,,,
20260319_鳴門_1,2026-03-19,教訓: 環境条件や展開の意外性がモーターパフォーマンス以上の影響を及ぼす可能性があるため、リアルタイムでの風や水温等のデータ収集と分析を強化する必要がある。,,,
20260320_徳山_4,2026-03-20,教訓: モーター機力だけでなく、天候や風などの外部要因も重要な影響を与えるため、レース展開を考慮したモデル構築が不可欠。,,,
20260320_唐津_1,2026-03-20,教訓: 展開予想とモーター性能だけでなく、レース中の展開や天候、選手の実際のパフォーマンス変化を考慮することが重要。,,,
20260320_鳴門_11,2026-03-20,教訓: AIの予測に過信せず、風や展開、モーター性能以外の要素を考慮した多角的な分析が必要。,,,
20260320_下関_8,2026-03-20,「教訓: コースアドバンテージと地元選手の有利さに過信せず、天候やモーター性能の詳細なデータ分析が不可欠」,,,
20260320_徳山_3,2026-03-20,教訓: 展開予想に加え、天候やリアルタイムの環境要因を考慮する必要がある。,,,
20260320_若松_8,2026-03-20,教訓: AIの予測エラーは、サーバー側の接続問題だったのに、実際はレース結果に影響する展開や天候の要素を見落としていたため。,,,
20260320_若松_10,2026-03-20,「教訓: ネットワークタイムアウトは予測に影響を与えるが、実際の結果は別の要因によって決まるため、システム間の疎松接続を強化する必要がある。」,,,
20260320_戸田_10,2026-03-20,教訓: 系统的预测错误源于数据处理中的超时问题，但实际比赛顺利进行，表明系统需优化以避免不必要的警报。,,,
20260320_丸亀_3,2026-03-20,教訓: データ取得時のタイムアウトを回避し、信頼性の高いネットワーク接続を強化することで、予測精度が向上する。,,,
20260320_児島_1,2026-03-20,教訓: AIの予測に過信せず、リアルタイムの要素やシステム障害を考慮することが重要。,,,
20260320_江戸川_1,2026-03-20,教訓: 時々サーバー負荷やネットワーク障害が予測精度に影響を及ぼすことがあるため、システムの安定稼働と冗長化を強化する必要がある。,,,
20260320_浜名湖_4,2026-03-20,「教訓: モーター機力やコース特性だけでなく、当日の風況やレース展開の不可測要素も考慮する必要がある。」,,,
20260320_常滑_6,2026-03-20,「教訓: モーター性能や選手の安定感に加え、展開や環境条件を考慮する必要がある。」,,,
20260320_下関_6,2026-03-20,教訓: タイムアウト設定を見直す必要がある。,,,
20260320_桐生_6,2026-03-20,教訓: モーター機力だけでなく、選手のスキルや展開・風などの外的要因も重要視すべき。,,,
20260320_鳴門_5,2026-03-20,「教訓: 外部データ源への接続タイムアウトがあったにもかかわらず、予測モデルが内部データだけで成功したため、外部依存性のリスクを低減する必要がある。」,,,
20260320_若松_2,2026-03-20,教訓: サーバー接続のタイムアウトではなく、レース展開や外部要因を考慮した予測モデルが必要。,,,
20260320_浜名湖_7,2026-03-20,教訓: 予想した連係艇が結果的に2-1-3と予測外の_RESULTになったため、展開や風などの外部要因に過信せず、モーター機力や個々の選手のパフォーマンスをさらに精査する必要がある。,,,
20260320_児島_10,2026-03-20,教訓: 単なるモーター性能や過去の勝率だけでなく、当日の展開や天候、選手の状態など不可測な要素がレース結果に大きく影響するため、予測モデルに加え現場の情報も考慮することが重要。,,,
20260320_多摩川_9,2026-03-20,教訓: AIの予測モデルはExTimeやコース特性に過信し、実際には1号艇が地元選手の意地と強力な追い上げで優勝したため、今後の予測では地元選手の潜在能力と 변수への敏感さを重視する必要がある。,,,
20260320_平和島_3,2026-03-20,教訓: モーター性能以外にも選手の技量や展開、天候等が結果に影響しやすく、単なるデータ分析では不確定要素が多いことを認識する必要がある。,,,
20260320_江戸川_6,2026-03-20,教訓: 強い潮流や天候の影響を考慮しても、1号艇の潜在能力やレース展開の意外性が予測外だったため、AIはモーター機力以外の要因に過信せず、動的要因も含めた分析体制が必要。,,,
20260320_浜名湖_5,2026-03-20,教訓: AIの予測が不的中した理由は、モーター機力以外にも当日の展開や選手の状態、風や波などの外部要因に敏感に反応するボートレースの特性を考慮しなかったため。,,,
20260320_唐津_9,2026-03-20,教訓: 外部要因（風や潮流）の影響を過小評価していたため、1号艇深川選手の優勝と2号艇石原選手、4号艇市川選手の上位入賞が予測通りだったが、AIはExTime遅いことを理由に1号艇を軽視しすぎた。今後は、天候やコース特性を考慮した分析モデル構築が必要。,,,
20260320_常滑_3,2026-03-20,教訓: モーター性能とExTimeの評価に過信せず、レース展開と選手特性も考慮すべきだった。,,,
20260320_戸田_7,2026-03-20,教訓: 江戸川コースの展開予想に不備があり、1号艇の安定感と実力が過小評価されていた。,,,
20260320_丸亀_4,2026-03-20,教訓: 高モーターレートと全国勝率が高い艇が優勝しなかったことから、展開や天候、選手の状態など外部要因が結果に大きく影響することを学んだ。,,,
20260320_宮島_5,2026-03-20,教訓: モーター性能だけでなく、ランキングや過去の勝率から分かる安定感と当日の展開・コンディションも考慮した予測モデル構築が重要。,,,
20260320_多摩川_7,2026-03-20,教訓: モーター性能だけでなく、レース展開やドライバーのスキル、コース状況が結果を左右するため、データ分析に加え、現場での要素も考慮すべき。,,,
20260320_若松_3,2026-03-20,教訓: 高モーターランクと過去の安定した成績にもかかわらず、結果が予測に反したのは風や展開、新艇の影響による不適応があったため。,,,
20260320_桐生_10,2026-03-20,教訓: 高モーター番号や全国勝率に頼り過ぎると、展開や風等の不可測要素が結果を左右するため、予測精度を向上させるにはこれらの要因も考慮する必要があります。,,,
20260320_平和島_6,2026-03-20,教訓: 風や潮汐の影響を考慮せず、モーター性能だけで判断したため、展開予想と結果に乖離が生じた。,,,
20260320_桐生_1,2026-03-20,教訓: 艇のExTimeだけで脱落リスクを判断せず、モーター性能とレース展開両方を考慮する必要がある。,,,
20260320_戸田_6,2026-03-20,「教訓: 選手の実績やモーター番号だけでなく、当日のコース状況や風などの外部要因を考慮することが重要である。」,,,
20260320_浜名湖_2,2026-03-20,教訓: 地元選手の有利さとモーター性能を考慮した予測は的中したが、風や展開の影響を完全に捉えるのは難しい。,,,
20260320_戸田_2,2026-03-20,「教訓: 展開予想に加え、モーター番号や地元選手への重み付けも考慮したが、混戦となったため安定感のある艇を選定すべきだった。」,,,
20260320_徳山_12,2026-03-20,教訓: 高岡選手の地元スペシャリストとしての期待値と安定感が過信され、展開や風況等の外部要因に大きく影響されたため、予測と結果に乖離が生じた。,,,
20260321_平和島_7,2026-03-21,教訓: 浅見昌克の高モーター性能と全国勝率にもかかわらず、予測外の結果が発生したのは、風や水の状況、またはレース展開における意外性があった可能性がある。,,,
20260321_唐津_7,2026-03-21,教訓: 展開予想とモーター性能だけでなく、レース当日のExTimeや風況等の外部要因を考慮する必要がある。,,,
20260321_下関_10,2026-03-21,「教訓: 秋元哲に過剰評価していたが、市場評価が高いことで優位と判断したが、当日の展開や風などの天候条件で秋元哲以外にも安定感のある選手が存在し、予測通りの集中投資ではなく全体的なバランスを考慮する必要があった。」,,,
20260321_桐生_4,2026-03-21,教訓: 環境条件や展開の不測性が結果に大きく影響し、機力だけでなく操艇技術や状況判断も重要視すべき。,,,
20260321_戸田_6,2026-03-21,教訓: 地元選手の有利さや展開・風などの外部要因を考慮した上で、モーター性能以外の要素も含めた予測アルゴリズムの改善が不可欠である。,,,
20260321_大村_12,2026-03-21,「教訓: 地元選手やモーター性能の期待通りに行かないこともあるため、コース特性や展開予想だけでなく、天候やレース当日のモーターパフォーマンスにも敏感に反応する必要がある。」,,,
20260321_丸亀_7,2026-03-21,「教訓: モーター性能以外にも風やコース特性、当日の展開が重要な影響を与えるため、分析システムにこれらの要素を追加することが必要である。」,,,
20260321_児島_7,2026-03-21,「教訓: AIの予測が1-2を推奨したが、実際は3艇目の4号艇まで必要となったため、レース展開や風などの外部要因に敏感になる必要がある。」,,,
20260321_唐津_6,2026-03-21,「教訓: 高性能モーターと地元選手の有利さにもかかわらず、当日の展開や風況が予測に反して上位艇が活躍したため、今後は天候やコース条件をさらに重視する必要がある。」,,,
20260321_戸田_3,2026-03-21,教訓: 展開や風、潮流などの外部要因に過信せず、モーター性能と選手個々の安定感をさらに重視する必要がある。,,,
20260322_下関_12,2026-03-22,「教訓: モーター性能だけでなく、展開や天候、選手の状態も重要なため、予測モデルにこれらの要素をさらに組み込む必要がある。」,,,
20260322_若松_11,2026-03-22,教訓: モーター性能とランキングだけで優勝を予測するのは難しい。地元選手の利点や展開、天候等の外部要因も考慮する必要がある。,,,
20260322_大村_7,2026-03-22,「教訓: AIは地元専門家の石田章央や畑和宏の安定感を過信し、1号艇の強力さを考慮不足したため、結果的にExTimeと水流の影響が想定外だった。」,,,
20260322_丸亀_10,2026-03-22,教訓: モーター機力だけでなく、当日の風や選手のコンディションも予測時に考慮すべきだった。,,,
20260322_多摩川_3,2026-03-22,「教訓: 高オッズ異常艇の選定と展開予想に加え、風やモーター機力の影響を考慮する必要がある。」,,,
20260322_戸田_10,2026-03-22,「教訓: AIは地元選手の潜在能力や展開予想外の要因（風、艇体状態）を考慮不足していた。」,,,
20260322_若松_7,2026-03-22,教訓: 2号艇の期待値に過信しすぎたことで敗北を招いた。今後は全国勝率やコース適性だけでなく、当日のコンディションや選手の状態にも配慮する必要がある。,,,
20260322_徳山_12,2026-03-22,教訓: 地元選手への偏重とモーター性能以外の要素（例えば展開や天候）を考慮しなかったため、予想外の結果が発生した。,,,
20260322_徳山_4,2026-03-22,教訓: AIの予測に過信せず、展開や風などの要素を考慮した柔軟な戦略が不可欠であることを学んだ。,,,
20260322_唐津_11,2026-03-22,「教訓: AIはモーター性能とランキングに過信し、展開や風などの外部要因を考慮不足していた。」,,,
20260323_丸亀_2,2026-03-23,教訓: AIは安定した選手のデータを重視したが、展開や風などの不可抗力に影響され、特に4号艇の好走に配慮すべきだった。,,,
20260323_多摩川_10,2026-03-23,「教訓: モーター機力だけでなく、展開や環境要因も考慮し、多様なデータを活用することが必要である。」,,,
20260323_下関_8,2026-03-23,教訓: モーター性能だけでなく展開や天候も重要で、予測に限界があるため人的判断も必要。,,,
20260323_丸亀_10,2026-03-23,教訓: 軽いモーター番号の艇に軍資金を投入すべきだった。,,,
20260323_浜名湖_2,2026-03-23,「教訓: 地元スペシャリストが多く参戦し安定感のある艇が予想されたが、実際は展開や風の影響で予測と異なる結果となったため、コースコンディションや天候等のリアルタイム要因を考慮する必要がある。」,,,
20260323_多摩川_4,2026-03-23,教訓: 江戸川の特殊な条件（強い潮流）に対応するためには、選手の経験と技術が重要なファクターとなり、モーター性能だけで勝敗を予測するのは難しい。,,,
20260323_鳴門_4,2026-03-23,教訓: AIの予測に過信せず、レース当日の展開や風等の外部要因を考慮することが重要である。,,,
20260323_尼崎_5,2026-03-23,「教訓: モーター機力や展開・風の影響を考慮した予測モデルの必要性が改めて認識された。」,,,
20260323_下関_5,2026-03-23,教訓: 選手のスキルや展開、風等の不可視要因が結果を左右するため、モーター性能に加え、複合的な要素を考慮することが必要。,,,
20260323_下関_6,2026-03-23,教訓: 江戸川の風や展開の影響で予想外の結果が出たため、今後はレース当日の状況も考慮し、モーター性能だけでなく環境要素にも重視する必要がある。,,,
20260324_福岡_6,2026-03-24,教訓: 地元選手の有利性や高勝率選手の存在も風や潮流の変化等により反転する可能性があるため、パターン買いだけでなく個別要因分析の精度を向上させる必要がある。,,,
20260324_浜名湖_4,2026-03-24,教訓: 地元選手の安定感に依存せず、コース特性や天候等の外部要因を考慮した柔軟な予測が求められる。,,,
20260324_津_3,2026-03-24,教訓: AIの予測が不発だった理由は、展開や風などの天候要因を考慮した不足と地元選手への過信があったため。,,,
20260324_津_6,2026-03-24,教訓: 地元選手とモーター性能だけで勝率を判断せず、展開や天候、コース状況などの多様な要素を考慮する必要がある。,,,
20260324_三国_6,2026-03-24,教訓: 素人選手の安定感と天候要因を考慮せず、単なる期待値とオッズに過信した為、予測精度が不充分だった。,,,
20260324_多摩川_9,2026-03-24,教訓: 安田吉宏のモーター性能やランキングに依存し過ぎたことで、展開や風などの外的要因を考慮せず、2号艇への期待が過剰だった。,,,
20260324_尼崎_1,2026-03-24,「教訓: 外部環境（展開や風）の影響を過小評価していたため、予測精度が低下した」,,,
20260324_徳山_8,2026-03-24,教訓: 地元選手の特性やモーター性能だけでなく、レース展開やコース状況、風などの外的要因も予測に組み込む必要がある。,,,
20260324_住之江_9,2026-03-24,教訓: 地元選手のパフォーマンスやモーター性能だけでなく、展開や外部要因（風、水況等）を考慮しなければならない。,,,
20260324_戸田_9,2026-03-24,教訓: 最速モーターの威力は過小評価せず、ExTimeや展開予想も含めた総合的な判断が必要だった。,,,
20260325_尼崎_4,2026-03-25,教訓: AIの予測に過信せず、モーター性能や展開、天候等のリアルタイム要素を考慮したデータ分析が不可欠。,,,
20260325_多摩川_5,2026-03-25,教訓: モーター性能だけでなく、展開や天候、レース展開の読めなさも重要な要素である。,,,
20260325_三国_3,2026-03-25,教訓: 地元選手の安定感とモーター性能に過信せず、展開や風等の外的要因を考慮した予測モデルを強化する必要がある。,,,
20260325_蒲郡_3,2026-03-25,教訓: 展開予想や地元選手のウェイト付けに加え、モーター番号だけで判断せず、レース中の展開や天候、風等の外部要因にも考慮が必要だった。,蒲郡,,calm
20260325_三国_9,2026-03-25,教訓: モーター性能の不一致やレース展開・流れへの適応不足が予測を覆す。,三国,,calm
20260325_徳山_7,2026-03-25,教訓: 天候や会場条件が予測に影響を与え、モーター番号の大きい艇が優位とされる状況下でも、展開や風の影響で予想外の結果が発生するため、外部要因を考慮した多様な分析が必要。,徳山,,calm
20260325_多摩川_11,2026-03-25,教訓: 弱風条件下、モーター性能よりもスタートや展開の技術的重要性が高かった。,多摩川,,calm
20260325_住之江_11,2026-03-25,教訓: 地元スペシャリストの存在は予想以上の影響を及ぼす。,住之江,,moderate
20260325_浜名湖_8,2026-03-25,「教訓: 地元選手や安定感のある選手以外にも注目すべき選手が多く、展開や風などの外部要因が結果に大きく影響するため、予測モデルに未然に備える必要がある。」,浜名湖,,moderate
20260325_丸亀_7,2026-03-25,教訓: 村上が期待値を超えるほどの好走を見せなかったため、予測外の1号艇優勝と5号艇4位が発生。弱風条件下でのスタートダッシュ能力やモーター性能の見誤りを考慮すべきだった。,丸亀,,calm
20260326_津_8,2026-03-26,教訓: 風況や展開予測の不的中により、モーター性能だけで選択肢を決めた結果、池永太が3着に終わった。,津,,moderate
20260326_芦屋_1,2026-03-26,教訓: 風や天候が選手の安定感に影響を与え、モーター性能だけでなくコース取りや展開次第で順位が変わるため、ランキングと全国勝率以外にもレース当日の状況を考慮すべきだった。,芦屋,,moderate
20260326_芦屋_6,2026-03-26,教訓: 地元選手の優位性は過信せず、実際の展開や他の艇の状態も考慮が必要,芦屋,,calm
20260326_蒲郡_5,2026-03-26,「教訓: 高モーター性能に頼りきった予測は過信厳戒すべき。」,蒲郡,,moderate
20260326_宮島_6,2026-03-26,教訓: 地域選手やモーター性能だけでなく、天候や風の影響が大きいことを考慮すべきだった。,宮島,,moderate
20260326_三国_12,2026-03-26,教訓: 風の影響が大きく艇の挙動に乱れがあったため、地元選手の安定感よりも1号艇の先行力と強風下での安定性が勝利をもたらした。,三国,,strong
20260326_芦屋_9,2026-03-26,教訓: 風や展開の影響を考慮せず、モーター番号だけで判断したため、安定感のある艇が結果を出した。,芦屋,,moderate
20260326_下関_12,2026-03-26,教訓: 地元選手への過剰な信用とモーター性能以外の要素（展開力や天候要因）を考慮不足したため、村岡賢人(2号艇)の期待値が過高になった。,下関,,calm
20260326_平和島_9,2026-03-26,教訓: AIはモーター性能やランキングに過信し、風や潮流の影響を考慮不足したため、予測と実績が乖離した。,平和島,,moderate
20260326_住之江_5,2026-03-26,教訓: 地元選手への補正を過信せず、風向きや天候等の外部要因も考慮したモデル構築が重要,住之江,,moderate
20260326_三国_11,2026-03-26,教訓: 快艇性能と操船技術に加え、風の状況も含めた全体的なレース環境を考慮することが必要であった。,三国,,moderate
20260326_福岡_8,2026-03-26,教訓: 地元選手や女性レースの特性に加え、ExTimeとモーター性能だけではなく、天候や風向き、実際のレース展開による安定性も考慮すべきだった。,福岡,,moderate
20260326_平和島_2,2026-03-26,教訓: AIの予測に限界があったため、天候や風向きなどの外部要因をさらに精度高く考慮する必要がある。,平和島,,moderate
20260326_芦屋_11,2026-03-26,教訓: 風や展開の影響、モーター性能以外の要素を考慮する必要がある。,芦屋,,moderate
20260326_福岡_3,2026-03-26,教訓: 高モーターホン番号と地元選手の優位性に過信せず、天候や風などの外部要因と市場評価を考慮したモデル構築が重要。,福岡,,moderate
20260326_宮島_3,2026-03-26,教訓: AIの予測モデルが地元選手のパフォーマンスを過高地評価し、風や潮流以外に選手の実際のコンディションや競艇場の状況も考慮する必要がある。,宮島,,moderate
20260326_福岡_4,2026-03-26,教訓: 風や天候の影響を考慮せず、モーター性能だけでなく展開や状況判断が不可欠だった。,福岡,,moderate
20260326_津_1,2026-03-26,教訓: AIはモーター性能や全国勝率に過剣なまでの期待を寄せたが、風の影響や展開予想に不透明さがあったため、予測と結果に乖離が生じた。,津,,moderate
20260326_住之江_7,2026-03-26,教訓: 地元スペシャリストの有利さは風や潮流の影響を考慮した上で再評価する必要がある。,住之江,,moderate
20260326_平和島_1,2026-03-26,「教訓: モーター番号と全国勝率だけでなく、当日の風況や展開、選手のコンディションも考慮することが重要だった。」,平和島,,moderate
20260327_三国_11,2026-03-27,教訓: 風や波の影響で予想通りに展開しなかったため、モーター性能以外の要素が結果を左右した。,三国,,moderate
20260327_蒲郡_11,2026-03-27,教訓: 引擎性能とランキングだけでなく、展開や天候、風などの不可抗力も考慮する必要がある。,蒲郡,,calm
20260327_住之江_5,2026-03-27,教訓: AIはモーター性能だけでなく展開や風などの要素をさらに考慮し、分散投資の重要性を再確認する必要があった。,住之江,,calm
20260327_児島_11,2026-03-27,教訓: 江戸川の特性や天候を過信しすぎた結果、1号艇が思わぬ好パフォーマンスを見せたため、予測と乖離した。,児島,,calm
20260327_宮島_12,2026-03-27,教訓: モーター性能や選手の安定感よりも当日の風や潮流の影響がレースの結果を大きく左右するため、天候や風況への敏感な反応が不可欠である。,宮島,,moderate
20260327_平和島_11,2026-03-27,教訓: 展開や天候の影響を過小評価していたため、モーター性能だけでなくリアルタイムの要素にも敏感になる必要がある。,平和島,,calm
20260327_蒲郡_9,2026-03-27,「教訓: AIの予測はモーター性能や選手の能力に加え、天候や風などの外部要因を含め、より広範な要素を考慮する必要がある。」,蒲郡,,moderate
20260327_芦屋_11,2026-03-27,教訓: 風や波などの展開要因が予想以上に影響し、安定感のある艇も優勝艇の実力に劣る場合があるため、モーター性能だけでなく天候やレース当日の状況にも敏感に反応する必要性を学んだ。,芦屋,,moderate
20260327_津_1,2026-03-27,「教訓: 地元選手の活躍予想とモーター性能に加え、実際のレース展開や天候、風の影響を考慮することで、より精度の高い予測が可能になる。」,津,,calm
20260327_芦屋_12,2026-03-27,教訓: 展開や風の影響をさらに重視し、モーター性能以外の要素に敏感になる必要がある。,芦屋,,moderate
20260328_蒲郡_11,2026-03-28,教訓: AIはモーター性能やコース特性に過信し、展開予想を甘く見たため、実際の結果と乖離した。,蒲郡,,calm
20260328_大村_11,2026-03-28,教訓: AIは高モーター性能と地元 Specialists を期待した佐藤航を推奨したが、横田貴満の安定感とモーター性能の高さが評価されなかった結果、1号艇が1着に入った。,大村,,calm
20260328_尼崎_12,2026-03-28,「教訓: モーター性能だけでなく、展開や風の影響が艇の順位に大きく作用することを考慮すべき。」,尼崎,,moderate
20260328_蒲郡_9,2026-03-28,「教訓: 高性能モーターを持つ選手が優勝したことで、天候や潮流以外に操舵技術の重要性が再認識された。」,蒲郡,,calm
20260328_戸田_1,2026-03-28,教訓: 展開予想に加え、風や波等の環境要因を考慮した上で、選手の安定感以外にも機力や競艇性能の詳細なデータ分析が不可欠である。,戸田,,calm
20260328_多摩川_11,2026-03-28,教訓: 地元選手である6号艇が予想以上に好走し、ランキング上位を独占した。,多摩川,,calm
20260328_蒲郡_12,2026-03-28,教訓: AIは1号艇の圧倒的な確率を見込んだが、6号艇が勝利したことで潮汐や風速の影響が大きく作用したことが分かる。,蒲郡,,calm
20260328_下関_12,2026-03-28,教訓: 風や潮流などの不可視要因が結果を大きく左右し、高Odds_anomalyパターンの当て精度に限界があるため、将来は不可視要因への分析精度向上とパターン適用時の柔軟性が必要。,下関,,calm
20260328_宮島_11,2026-03-28,教訓: AIの予測艇番号よりも下位の艇番号が着順を得たため、モーターパフォーマンスやコース取り、天候要素に対する評価が不十分であった可能性がある。,宮島,,calm
20260328_児島_12,2026-03-28,教訓: モーター性能だけでなく、選手の技乗やレース展開での差し力・追い抜き能力が結果に大きく影響するため、モーター性能以外の要素も重視すべき。,児島,,calm
20260401_福岡_11,2026-04-01,教訓: 風や天候の影響を考慮せず、AIが高モーター艇を過信していたため、安定したレース展開に反して低番艇が活躍した。,福岡,,calm
20260401_唐津_1,2026-04-01,「教訓: 風や波の影響が大きい条件下では、AI予測よりも外部要因を考慮した柔軟な展開分析が重要となることが判明しました。」,唐津,,moderate
20260401_丸亀_1,2026-04-01,教訓: 風や波の影響を過小評価していた場合、差し艇の期待値が低下するため、天候条件に敏感な調整が必要。,丸亀,,calm
20260401_福岡_12,2026-04-01,教訓: 地元選手の優勢や連携艇の有利さに過信し過ぎたため、実際には展開や機力不足等因素で予想外の順位となった。,福岡,,calm
20260401_唐津_8,2026-04-01,教訓: 風や波などの外部要因を考慮することで更なる精度向上が期待される,唐津,,moderate
20260401_丸亀_12,2026-04-01,「教訓: 地元選手への重み付けとランキング以外の要素考慮は必要だが、モーター性能や展開、精神状態等の多様な要因が予測に加わるため、買い目の分散投資をさらに強化すべき。」,丸亀,,calm
20260401_浜名湖_3,2026-04-01,教訓: 弱風条件下、モーター性能だけで勝負を決めることはできない。展開や天候による影響を考慮せねばならない。,浜名湖,,calm
20260401_大村_10,2026-04-01,教訓: 天候や風況を考慮した展開予想にもかかわらず、モーター性能や操船技術の見誤りにより、3着艇の予測精度が不十分だった。,大村,,moderate
20260401_丸亀_11,2026-04-01,「教訓: レースのダイナミクスや不可測な要素が予測以上の影響を及ぼすため、システムにリアルタイムの環境データと選手の即時のパフォーマンスを含む多様な要因を考慮する必要がある。」,丸亀,,calm
20260401_桐生_6,2026-04-01,教訓: AIの予測に加え、実際の風況や艇の状態を考慮することが重要だった,桐生,,calm
20260401_唐津_2,2026-04-01,教訓: AIのEV分析に過信せず、風や波などの要素を含め更なるレース展開の多様性に対応したモデル構築が必要。,唐津,,calm
20260401_大村_11,2026-04-01,「教訓: 地域特性や天候要素が予想以上に影響を及ぼし、モーター性能以外の要素も含めて考慮すべき。」,大村,,moderate
20260401_桐生_8,2026-04-01,教訓: 地元選手への過剰な期待とモーター性能の見込み外れが結果を左右した。,桐生,,moderate
20260401_大村_12,2026-04-01,教訓: EVデータだけで判断しすぎたことで、展開や風などの影響を考慮せずに予測した結果、的中率が低くなった。,大村,,calm
20260401_徳山_1,2026-04-01,"教訓: 高オッズ異常買い目にも 불구하고, 外部 요인이나 모ーター 성능 분석에서의 미스가 결과를 예상치 못하게 만들었음.",徳山,,calm
20260401_唐津_12,2026-04-01,「教訓: 高モーター性能選手も波や風に弱い場合があるため、レース中の天候要因を重視せよ。」,唐津,,moderate
20260401_桐生_12,2026-04-01,教訓: 高いEV値でも展開や不可抗力が結果を左右するため、モータープフォーマンス以外の要素も考慮した予測モデル構築が必要。,桐生,,calm
20260401_浜名湖_6,2026-04-01,教訓: 地元選手の安定感と適応能力が予測を超える場合があるため、外部要因に強い選手の存在を考慮する必要性あり。,浜名湖,,calm
20260401_常滑_8,2026-04-01,教訓: 地元スペシャリストやEVデータに過信せず、展開予想のリスクを考慮した分散投資が重要。,常滑,,calm
20260401_戸田_11,2026-04-01,教訓: 風や波の影響が予測以上に大きく、地元スペシャリストへの過信があったため、モーターパフォーマンス以外の要素も考慮する必要がある。,戸田,,moderate
20260402_丸亀_12,2026-04-02,教訓: 中風条件下でのモーター性能とコース読みが優位だったため、4号艇がトップに抜けたことを学びました。,丸亀,,moderate
20260402_福岡_2,2026-04-02,教訓: AI予測では高性能モーターとコース特性を重視したが、中風による影響やレース展開で地元選手の安定感が4号艇に有利になった。,福岡,,moderate
20260402_津_12,2026-04-02,教訓: 風況や展開予想に基づき複数の組み合わせを推奨したが、結果は1-2-3のみ当たったため、今後はモーターパフォーマンスや選手状態へのさらなるデータ分析と風の影響度評価を強化する必要がある。,津,,moderate
20260402_大村_6,2026-04-02,教訓: AIが1号艇の優勢を過信し、展開予想に不備があったため、実際には4号艇がトップで1号艇も上位に入らず、3連単予測が外れた。,大村,,calm
20260402_丸亀_11,2026-04-02,教訓: 弱風の条件下でも地元 Specialistsの安定感を過信せず、全体的なモーター性能や展開予想の見直しが必要だった。,丸亀,,calm
20260402_津_11,2026-04-02,教訓: 展開予想と天候、風況の影響を考慮せずにアルゴリズムに過信していたため、不的中が発生した。,津,,moderate
20260402_徳山_12,2026-04-02,教訓: AIの予測が的中したことで、風や波の影響を考慮したモデルの有効性が確認されたため、今後のレースでも同様な分析手法を活用すべきである。,徳山,,moderate
20260402_津_10,2026-04-02,教訓: 地域選手の安定感と高性能モーターを過信し、6号艇の台頭を考慮せず、風況や急展開に十分に対応できなかったため、予測外の結果となった。,津,,moderate
20260402_福岡_12,2026-04-02,教訓: 预测中的推荐组合1-2-5实际胜出，显示了高Sashi能力和团队协作的重要性，在中风条件下成功克服潜在不利因素。,福岡,,moderate
20260402_津_5,2026-04-02,教訓: 強風条件下でのレースでは、モーター性能だけでなく、艇の操舵性や選手のウィンドコンディションへの適応能力も重要なファクターとなるため、AIは天候や風向きを考慮する必要がある。,津,,strong
20260402_徳山_1,2026-04-02,教訓: 風や天候などの環境条件がレースの展開に大きな影響を及ぼすため、AIの予測に際してはこれらの要素も考慮する必要がある。,徳山,,moderate
20260402_丸亀_3,2026-04-02,教訓: 風や潮流の影響がEV値を超える可能性を考慮し、リアルタイムデータへの敏感な反映を強化する必要がある。,丸亀,,moderate
20260402_福岡_3,2026-04-02,教訓: 風や潮流の不確定要素が結果を左右しやすいので、地元艇以外にも全体的な展開を見極める必要がある。,福岡,,moderate
20260402_桐生_1,2026-04-02,教訓: 風や潮流の影響を過小評価し、安定したパフォーマンスにのみ焦点を当てた結果、展開予想と実際の結果間に乖離が生じた。,桐生,,calm
20260402_徳山_2,2026-04-02,教訓: 地元選手やEVの高さだけでなく、当日の天候や風などの外部要因をさらに精度高く考慮する必要があった。,徳山,,calm
20260402_唐津_5,2026-04-02,教訓: 高モーター艇への過信ではなく、外部要因と展開を重視した柔軟な予測が不可欠,唐津,,calm
20260402_福岡_7,2026-04-02,教訓: 高番号艇の安定感に過信し、低番号艇の潜在能力やレース展開での風向きによる影響を考慮不足したため、予測と結果が乖離した。,福岡,,moderate
20260402_唐津_1,2026-04-02,教訓: 中村真と佐藤大騎に過度な期待を持たずに、選手の当日状態やコース特性を含めた多様な要因を考慮する必要がある。,唐津,,moderate
20260402_浜名湖_4,2026-04-02,教訓: 強風条件下でのモーター性能や操船技術の重要性を考慮せずにAIが予測したこと。,浜名湖,,strong
20260402_丸亀_6,2026-04-02,教訓: 風の影響を過小評価していたため、モーター性能だけでなく風況に対応した戦略が不可欠。,丸亀,,moderate
20260403_徳山_12,2026-04-03,教訓: 艇の機力見積もりやレース展開の不確定要素を考慮せずに予測してしまうと、現実の結果との乖離が生じるため、風やレース中の戦略的变化に対応したモデル改善が必要。,徳山,,calm
20260403_丸亀_12,2026-04-03,教訓: 予測では安定した走りと高確率を期待した1号艇と2号艇を重視しすぎたが、実際には4号艇が優勝したため、風や波以外にも個艇の性能やレース展開に注力する必要がある。,丸亀,,calm
20260403_徳山_10,2026-04-03,教訓: 風の影響を過大評価したため、実際には差し艇の期待値が低く見積もられなかった。,徳山,,calm
20260403_芦屋_11,2026-04-03,教訓: 地元選手の安定感に過信せず、天候や風の状況を考慮した上でモーター性能と展開要因を重視すべき。,芦屋,,moderate
20260403_浜名湖_12,2026-04-03,教訓: 高モーター艇への過信ではなく、展開や風の影響を考慮したほうがよかった。,浜名湖,,moderate
20260403_津_11,2026-04-03,教訓: 風況や展開の不測性を考慮する必要がある。,津,,moderate
20260403_常滑_6,2026-04-03,教訓: 地元選手のコース取り能力に過信せず、風や波の影響を考慮した上での艇選びが重要,常滑,,calm
20260403_住之江_10,2026-04-03,教訓: 地元選手への過信ではなく、風や潮流を考慮した上で、選手の個別パフォーマンスにも注意が必要。,住之江,,calm
20260403_津_10,2026-04-03,教訓: 地元選手のモーター性能と全国勝率に加え、柔軟な展開分析が功を奏した。,津,,moderate
20260403_徳山_2,2026-04-03,教訓: 高モーター番号艇の過信は禁物で、潮流や操作難易度の影響を考慮する必要がある。,徳山,,calm
20260403_丸亀_8,2026-04-03,教訓: 弱風条件下での地元艇の潜在能力やレース展開への影響を考慮せず、買い目の分散投資が不足していた。,丸亀,,calm
20260403_芦屋_1,2026-04-03,教訓: 風や天候の影響をAIのEV分析に十分反映させる必要がある。,芦屋,,moderate
20260403_徳山_9,2026-04-03,教訓: 高オッズに偏った予測モデルはレース中の展開やモーター性能の不確定要素を考慮せず、安定した艇番号の組み合わせを見逃していた。,徳山,,calm
20260403_徳山_1,2026-04-03,教訓: EV分析に加え、天候や風況などのリアルタイム条件を考慮することが重要である。,徳山,,moderate
20260403_福岡_5,2026-04-03,教訓: 地元選手や高EV買い目の過信が招いた結果を反映し、艇速評価に加えて風況も含めた総合的なデータ分析が不可欠。,福岡,,calm
20260403_徳山_3,2026-04-03,教訓: 低番艇の地元選手優遇効果が予測通り発揮され、AIの分析が正しかったことを確認できた。,徳山,,calm
20260403_桐生_1,2026-04-03,教訓: 風況や展開予想の不確定性により、先行艇が優勢になる状況を考慮すべきだった。,桐生,,moderate
20260403_住之江_12,2026-04-03,教訓: 地元選手の有利さやEV上位を重視した予測は、レース展開やモーター性能以外の要因（例えば、スタート時の位置取りやコース取り）が結果を左右するため、AIモデルに足りなかった要素を考慮すべき。,住之江,,calm
20260403_住之江_11,2026-04-03,教訓: 地元選手への過信は禁物でモーターパフォーマンスと展開を重視すべき,住之江,,calm
20260404_津_11,2026-04-04,教訓: 強風条件下、予想外の展開が発生しやすい。モーター性能だけでなく、気象条件やレース中の展開を考慮することが重要。,津,,strong
20260404_住之江_11,2026-04-04,"教訓: 地元選手への過剰評価と風や潮流の影響を考慮せず、AIが安定感のある予測をしたため、1-2-3が的中したが、5,6号艇が不発だった。",住之江,,calm
20260404_宮島_12,2026-04-04,教訓: 展開予想の安定感に加え、低番艇の潜在能力が過小評価されていた可能性がある。,宮島,,calm
20260404_芦屋_10,2026-04-04,教訓: 風や天候の影響を考慮せず、動的要因を十分に評価しなかったため、2号艇のパフォーマンス予測が不正確になった。,芦屋,,moderate
20260404_芦屋_4,2026-04-04,教訓: 地元選手の安定感やモーター番号だけでなく、実際のレース展開や風などの外的要因が予測以上に影響を及ぼす可能性があるため、より詳細なデータ収集と分析が必要。,芦屋,,calm
20260404_住之江_12,2026-04-04,教訓: 外部要因（風や潮流）がレース展開に大きく影響し、安定した選手も低番艇の活躍を許す場合があるため、今後はそうした要素を更に重視する必要があります。,住之江,,calm
20260404_丸亀_12,2026-04-04,「教訓: 天候や風の影響を過小評価したため、1号艇の優勢予測が崩れ、買い目の分散投資にもかかわらず的中しなかった。」,丸亀,,moderate
20260404_宮島_11,2026-04-04,教訓: 地域選手と安定感のある選手への過信は禁物で、展開や風況の不確定要素を考慮した上で買目を選ぶことが重要であった。,宮島,,calm
20260404_芦屋_3,2026-04-04,教訓: 地元選手の安定感に加え、風や水流などの天候要因もレース展開に大きく影響し、予想外の組み合わせが優勝したため、多様な要素を考慮した予測モデル構築が重要。,芦屋,,moderate
20260404_芦屋_11,2026-04-04,教訓: 風の影響や選手の戦略を考慮しないと、AI予測が結果と乖離する可能性がある。,芦屋,,moderate
20260404_平和島_4,2026-04-04,「教訓: 風や天候、レース展開のリアルタイム影響をEVデータに反映させる必要がある。」,平和島,,calm
20260404_平和島_6,2026-04-04,教訓: AIは展開や天候、選手のコンディションを完全に予測できないため、今後の予測モデルにはこれらの要因をより重視する必要がある。,平和島,,calm
20260404_平和島_8,2026-04-04,教訓: 弱風条件下でのレースでは、モーター性能だけでなく、瞬時の展開や風向きの変化を考慮した柔軟な予測モデルが重要である。,平和島,,calm
20260404_桐生_10,2026-04-04,教訓: 地元選手の安定感とモーター性能を過信したため、風況や展開予想の不確定要素が結果に影響を与えた。,桐生,,moderate
20260404_桐生_8,2026-04-04,教訓: 地元選手以外の選手のパフォーマンスと風向きを考慮する必要がある,桐生,,moderate
20260404_桐生_12,2026-04-04,教訓: 中風条件下でのモーター性能や展開の読み不足が露呈したため、安定感のある艇の評価を見誤った,桐生,,moderate
20260404_桐生_11,2026-04-04,教訓: 高性能モーターと安定感のある選手を推奨しても、展開や風の影響で予想外の結果が発生しやすいため、より多様な要素を考慮する必要性がある。,桐生,,moderate
20260404_桐生_6,2026-04-04,教訓: EV値だけで判断せず、風況や選手の実力にも敏感に反応する必要があります。,桐生,,calm
20260404_住之江_5,2026-04-04,教訓: 地域選手の有利さやモーター性能だけでなく、風向きと展開がレース結果を大きく左右するため、より詳細な気象条件分析と展開シミュレーションの必要性がある。,住之江,,moderate
20260404_桐生_4,2026-04-04,教訓: 地元選手の安定感を過信せず、風や潮流などの天候要因を更に考慮した予測モデルの構築が不可欠。,桐生,,calm
20260405_福岡_1,2026-04-05,「教訓: 高性能艇への過信は禁物で、天候や風況をもっと考慮すべきだった。」,福岡,,moderate
20260405_児島_3,2026-04-05,「教訓: 素早いスタートと安定したレース運びが勝利を呼び込むこともあるため、モーター性能だけでなく選手の技量や展開も考慮すべき。」,児島,,calm
20260405_桐生_12,2026-04-05,教訓: 地元選手や上位艇への過剰な期待ではなく、当日の風や潮流、選手のコンディションを考慮した多様な視点での分析が重要である。,桐生,,moderate
20260405_芦屋_4,2026-04-05,教訓: AIの予測モデルに限界があり、外部環境要素（風、天候）や選手の実際パフォーマンスへの敏感な反応が求められる。,芦屋,,moderate
20260405_戸田_7,2026-04-05,教訓: 展開予想に加え、モーター性能や選手の安定感だけでなく、風や波などの環境要因を考慮し、レース中の展開や艇の特性の違いにも敏感に対応する必要がある。,戸田,,calm
20260405_桐生_6,2026-04-05,教訓: 中風条件下での安定感よりも展開や風向きが優先され、地元選手以外にも可能性があることを考慮すべきだった。,桐生,,moderate
20260405_芦屋_9,2026-04-05,教訓: 風向きやコース取りの予測に加え、モーター性能以外にも艇の安定性や選手の判断が結果に大きく影響するため、多様な要因を综合的に考慮する必要がある。,芦屋,,moderate
20260405_福岡_8,2026-04-05,「教訓: 地元選手の安定感に加え、風向きや展開の意外性が予想外の結果を引き起こすことを考慮すべき」,福岡,,moderate
20260405_津_3,2026-04-05,教訓: 風況や展開予測の不透明さを考慮せずに1号艇以外の艇に過信せず、モーター性能だけでなくレース当日の状況にも敏感に対応する必要がある。,津,,moderate
20260405_三国_3,2026-04-05,「教訓: 基本的な潮流と地元選手の安定感を考慮した予測が的中し、三連単の推奨も正当であった。」,三国,,calm
20260405_住之江_12,2026-04-05,教訓: 地元選手が多く出走するため、予想通りの展開とならないケースがあり、EVデータに過信せず、さらに多様な要素を考慮した分析体制を強化すべき。,住之江,,calm
20260405_徳山_1,2026-04-05,教訓: 高EV買い目以外の展開に強い風や天候、モーター性能以外の要因が大きく影響するため、予測モデルにリアルタイムのレース展開を考慮させる必要がある。,徳山,,calm
20260405_蒲郡_4,2026-04-05,教訓: 地元選手の安定感を過信せず、当日の展開やモーター性能に加え、微風条件下での操舵技術やレース中の偶然的な出来事にも考慮が必要。,蒲郡,,calm
20260405_戸田_11,2026-04-05,教訓: 弱風条件下、特に地元選手以外の艇が優れたパフォーマンスを発揮する可能性を考慮不足していた。,戸田,,calm
20260405_住之江_9,2026-04-05,教訓: 地元選手の潜在的な能力と風や潮流などの現地条件を考慮せずに、EVデータだけで予測を行うのはリスクがあるため、現場の要素を重視した多角的分析が重要だ。,住之江,,calm
20260405_桐生_5,2026-04-05,教訓: 地元選手への過剰な期待と風況による展開不良を考慮せず、モーター性能だけで判断したことが敗因となった。,桐生,,moderate
20260405_平和島_2,2026-04-05,教訓: 弱風条件下でも潮流や天候による影響を考慮せず、モーター性能だけで予測するとリスクがあるため、展開予想に加え、当日の実際の環境データと選手のコンディションをさらに重視する必要がある。,平和島,,calm
20260405_平和島_7,2026-04-05,教訓: 地元艇に過信は禁物で、天候や風況による展開の変化を考慮すべき。,平和島,,moderate
20260405_住之江_6,2026-04-05,教訓: AIの予測はモーター性能や過去実績に過信し、展開時の意外性や風向き・潮流の影響を考慮不足したため、4号艇や1号艇の好走を捉えることができなかった。,住之江,,calm
20260405_児島_7,2026-04-05,教訓: 中風条件下での波浪や水の状況が選手の技乗に大きく影響し、AIのEVデータだけで完全な精度は得られない。,児島,,moderate
20260406_平和島_5,2026-04-06,教訓: 1号艇と2号艇以外に注目すべき艇が存在し、モーター機力や展開の読み不足があったため、3着艇として4号艇を選択肢に入れておくべきだった。,平和島,,calm
20260406_福岡_5,2026-04-06,教訓: 中風条件下、地元選手の安定感を過信せず、全体的な展開とモーター性能のリアルタイムデータを重視する必要がある。,福岡,,moderate
20260406_福岡_7,2026-04-06,教訓: 地元選手の安定感に過信せず、モーター性能とレース展開の両面を考慮すべき。,福岡,,moderate
20260406_芦屋_12,2026-04-06,教訓: 地元選手の安定感を過信せず、天候や展開要因だけでなくモーター性能にも重点的に分析が必要だった,芦屋,,calm
20260406_福岡_4,2026-04-06,「教訓: AIの予測不足はモーター機力や展開、風の影響が未然に考慮されていない場合がある」,福岡,,moderate
20260406_三国_11,2026-04-06,「教訓: 地元選手の安定感に加え、風の影響や展開予想を考慮してもモーター性能を見誤る場合があり、艇の挙動が乱れやすい江戸川レースでは渡邊選手以外にもっともEVが高い組み合わせを選択すべきだった。」,三国,,calm
20260406_芦屋_4,2026-04-06,「教訓: 予測では1号艇の強さを過信しすぎたため、安定感のある3号艇の評価不足が致命的だった。」,芦屋,,calm
20260406_芦屋_10,2026-04-06,教訓: 中風や潮流の影響を考慮せず、モーター性能に過信していたため、展開予想が不的中した。今後は天候や風況を含む多様な要因を網羅的に分析する必要がある。,芦屋,,moderate
20260406_三国_3,2026-04-06,教訓: 大澤選手以外の選手のモーター性能も考慮すべきだった,三国,,calm
20260406_福岡_6,2026-04-06,教訓: 中風の条件下でも、モーター性能や展開以外にドライバーのexterityやレース中の突発事態も結果を左右するため、AIはリアルタイムの状況や人的要素を考慮すべき。,福岡,,moderate
20260406_芦屋_2,2026-04-06,教訓: 地元選手への過信と展開要因（風や波）の影響を軽視したため、予測と結果に乖離が生じた。,芦屋,,calm
20260406_常滑_8,2026-04-06,教訓: 展開予想とモーター性能だけで判断せず、レース当日の天候や風向き、選手の臨場感にも考慮が必要だった。,常滑,,calm
20260406_宮島_7,2026-04-06,教訓: AIの予測に反し2-1-5が結果となったのは、主にAIが過信した高EV買い目のリスクと展開予想の不完全さがあったため。,宮島,,calm
20260406_児島_10,2026-04-06,教訓: 風や波などの天候要因だけでなく、選手の戦略的变化や展開予想にもっと重点を置くべきだった。,児島,,calm
20260406_宮島_11,2026-04-06,教訓: 宮島の tidal effects が予測に含まれていなかったため、1-5-3よりも1-4-5の方が優れたパフォーマンスを発揮した可能性があります。,宮島,,calm
20260406_津_12,2026-04-06,教訓: 高いEV値だけで選択肢を決めた結果、展開や風況、機材トラブルに未然に対応できなかったため、予測と結果が乖離した。,津,,calm
20260406_桐生_8,2026-04-06,教訓: 風の影響や展開予想に加え、各艇の実際のパフォーマンス変動を考慮する必要がある。,桐生,,moderate
20260406_桐生_6,2026-04-06,教訓: 地元選手とモーター性能への過信は禁物であり、当日の展開や風況の正確な把握が不可欠である。,桐生,,moderate
20260406_三国_1,2026-04-06,"教訓: AIの予測はモーター機力や選手実績に基づいていますが、実際には展開や風のような不可測な要素が結果を左右するため、システムにこれらの要因を考慮させる必要があります。
</think>

「教訓: 外部環境や展開の不測性が予測を覆す可能性があるため、AIモデルに風況やレース展開に関するデータを組み込むことが不可欠です。」",三国,,calm
20260407_三国_1,2026-04-07,教訓: 強風条件下でのモーターパフォーマンスや展開の不確定性を考慮する必要がある。,三国,,strong
20260407_大村_11,2026-04-07,教訓: 強風の影響を過小評価し、1号艇の機力や展開力を過信したため、AI予測と実際結果に乖離が生じた。,大村,,strong
20260407_芦屋_11,2026-04-07,教訓: 展開予想に加え、当日のモーター性能や天候、風況の変化を考慮した上で買い目の決定を行う必要がある。,芦屋,,moderate
20260407_三国_12,2026-04-07,教訓: 風や波の影響により、3番艇ではなく4番艇が入ってしまったため、予測外の結果となった。,三国,,calm
20260407_児島_6,2026-04-07,教訓: 風や天候の影響をもう少し考慮する必要がある,児島,,moderate
20260407_児島_11,2026-04-07,教訓: 艇番1艇の期待値が過高地見積もり、または実際のレース展開や風況によって艇番6艇の台頭と艇番3艇の不発を考慮する必要がある。,児島,,moderate
20260407_津_1,2026-04-07,教訓: 強風条件下、地元選手以外の艇（4号艇）が思わぬ活躍を見せたため、天候や風向きを考慮したモーター性能評価と展開予想の重要性を再認識。,津,,strong
20260407_常滑_7,2026-04-07,「教訓: 風の影響やレース展開の不確定要素を更に重視し、機力評価とリスク管理を強化する必要がある。」,常滑,,moderate
20260407_津_7,2026-04-07,教訓: 外部要因である強風がレースの展開を予測困難にした。,津,,strong
20260407_戸田_8,2026-04-07,教訓: 地域選手の安定感と機力見積もりの不確実性は、弱風条件下でもレース展開に影響を与え、AIが予測した1-2-4がそのまま結果となったため、機力評価モデルに地域特性を加える必要がある。,戸田,,calm
20260407_宮島_3,2026-04-07,教訓: 風や潮流などの天候要素が選手のパフォーマンスを大きく左右するため、モーター性能だけでなくレース展開や天候要素にも敏感に反応する必要がある。,宮島,,moderate
20260407_蒲郡_8,2026-04-07,教訓: 高性能モーターとEV期待値だけで完璧な予測ができないことを学びました。展開や風向きに影響を受けるため、多様な要素を考慮した予測モデルが必要です。,蒲郡,,moderate
20260407_戸田_7,2026-04-07,教訓: 風や波の影響が軽視され、安定志向の予測に頼り過ぎたため、モーター性能やレース中の展開を考慮不足した。,戸田,,calm
20260407_蒲郡_1,2026-04-07,教訓: 強風条件下、潮流と風の相互作用がEV予測に大きく影響し、低ランキング艇の好走を考慮すべきだった。,蒲郡,,strong
20260407_住之江_9,2026-04-07,教訓: 潮流や風向きなどの外部要因が予測を超える場合があるため、レースプランに柔軟性を持たせる必要がある。,住之江,,moderate
20260407_戸田_10,2026-04-07,教訓: 風や天候の影響、もしくは予測に含まれていなかった展開が発生したため、AIの予測と結果が乖離した。,戸田,,moderate
20260407_児島_12,2026-04-07,「教訓: 強風条件下、高EV買い目が想定通りに働かなかったため、天候や風向きを考慮したモデルの必要性が明らかになった。」,児島,,strong
20260407_児島_3,2026-04-07,教訓: 高いEV値に過信せず、モーター性能以外の要素や展開の不確定性への対応を強化する必要がある。,児島,,calm
20260407_戸田_11,2026-04-07,教訓: 地元艇の有利さに過信せず、レース展開やモーター性能を総合的に考慮する必要がある。,戸田,,calm
20260408_唐津_2,2026-04-08,教訓: 素早いスタートと.course選択で差し有利な展開を活かすことができた。,唐津,,moderate
20260408_唐津_1,2026-04-08,「教訓: 風や波の影響を考慮せずにAI予測だけで判断してしまうと、柔軟な展開分析が不足し、思わぬ結果が出る可能性があるため、外部要因の影響を重視したモデル構築が不可欠である。」,唐津,,moderate
20260408_戸田_7,2026-04-08,教訓: AIは展開予想に過剰な期待を置き、外部要因（風や艇の状態）を考慮不足したため、予測と結果が乖離した。,戸田,,moderate
20260408_大村_12,2026-04-08,教訓: 2号艇の潜在能力や操船技術が過小評価されていた可能性あり。,大村,,calm
20260408_住之江_6,2026-04-08,教訓: 地元選手への過信ではなく、レース当日の展開や風向き、機力の状態を考慮したうえで予測を行う必要がある。,住之江,,calm
20260408_住之江_2,2026-04-08,「教訓: 地元選手への過信ではなく、風や潮流の正確な分析と各艇の状態を考慮することが重要だった。」,住之江,,moderate
20260408_三国_11,2026-04-08,教訓: 環境要因（風・展開）とモーター機力の相互作用を考慮した複合的な予測モデルの構築が不可欠である。,三国,,moderate
20260408_三国_1,2026-04-08,教訓: モーター機力や勝率の予測に加え、中風などの環境要因がレース展開を大きく左右するため、EV分析と環境影響の複合評価を必須とする。,三国,,moderate
20260408_蒲郡_3,2026-04-08,教訓: モーター性能やEV分析に固執せず、実際のスタートタイミングと展開の流れを総合的に評価することが、予測精度向上の鍵となる。,蒲郡,,calm
20260408_大村_11,2026-04-08,教訓: EVデータと展開予測だけでなく、弱風下でのモーター機力の差や、1号艇の失速リスクをより深く織り込む必要がある。,大村,,calm
20260408_三国_12,2026-04-08,教訓: モーター性能や選手の実力分析に加え、中風などの外部環境やスタートの展開をより厳密に評価することが、予測精度向上に不可欠である。,三国,,moderate
20260408_蒲郡_7,2026-04-08,教訓: モーター性能やランキングといった内部要因だけでなく、天候や潮流といった外部環境の動的な影響を、より重くシステムに組み込む必要がある。,蒲郡,,calm
20260408_住之江_7,2026-04-08,教訓: 展開やモーター性能の分析に加え、スタートタイミングと1号艇の特性を最優先で評価する必要がある。,住之江,,calm
20260408_住之江_5,2026-04-08,教訓: モーター性能と展開・風の分析に加え、実際のスタートタイミングや地元選手の動向といった微細な要素の相互作用をより深くモデル化する必要がある。,住之江,,calm
20260408_三国_2,2026-04-08,教訓: モーター性能と勝率に加え、中風時の波や展開の微細な変化を総合的に評価するシステムを構築すること。,三国,,moderate
20260408_戸田_11,2026-04-08,教訓: EV分析だけでなく、実際のレースにおけるモーター機力と展開・風の影響をより詳細に組み込む必要がある。,戸田,,calm
20260408_戸田_5,2026-04-08,教訓: 強風下での艇間の相対的な機力評価だけでなく、外的な環境要因（風や波）が艇の挙動に与える影響を最優先でシステムに組み込むこと。,戸田,,strong
20260409_浜名湖_4,2026-04-09,教訓: 地元選手の安定性やモーター性能を過信せず、展開や外部要因（特に4号艇など）が勝敗を左右する可能性を常に評価する。,浜名湖,,calm
20260409_三国_10,2026-04-09,教訓: モーター性能の優位性よりも、中風下での展開と波の影響を総合的に評価し、展開の変動に対するリスク分散を優先すべきである。,三国,,moderate
20260409_児島_11,2026-04-09,教訓: AIは特定の有利な組み合わせに偏重し、実際の展開やモーターの機力バランスの変化を見誤ったため、全体的なレース展開への適応力を強化する必要がある。,児島,,calm
20260409_常滑_1,2026-04-09,教訓: モーター機力評価に加え、中風の影響と実際の展開の流動性をより厳密にシステムに組み込むこと。,常滑,,moderate
20260409_浜名湖_7,2026-04-09,教訓: モーター性能と地元選手の安定性を重視する予測に加え、展開やスタートの機微が結果を大きく左右する。,浜名湖,,calm
20260409_三国_12,2026-04-09,教訓: 地元選手の優位性だけでなく、展開やモーターの瞬時の機力差をより動的に評価する。,三国,,moderate
20260409_三国_11,2026-04-09,教訓: モーター機力予測に加え、中風下のスタートタイミングと舟足の総合的な展開要因を、AIが過小評価した。,三国,,moderate
20260409_蒲郡_10,2026-04-09,教訓: 展開と風の影響を考慮した際、内枠の安定性に偏りすぎ、外枠のモーター機力評価を見誤った。,蒲郡,,moderate
20260409_丸亀_10,2026-04-09,教訓: EV分析による期待値の集中を避け、実際のレースで発生した展開やモーター機力の相互作用をより重視する。,丸亀,,calm
20260409_常滑_8,2026-04-09,教訓: AIが予測を欠いた場合でも、モーター機力や風といった環境要因が結果に決定的な影響を与えるため、予測モデルは外部環境の動的な変化をより詳細に組み込む必要がある。,常滑,,moderate
20260409_丸亀_11,2026-04-09,教訓: モーター性能や地元選手の安定性に期待するだけでなく、弱風下での具体的な展開と各艇のモーターの実際のパフォーマンス差をより詳細に評価する必要がある。,丸亀,,calm
20260409_丸亀_2,2026-04-09,教訓: モーター性能や地元要素に依存するだけでなく、展開と外部環境（風、スタート）の影響を総合的に評価することが、システム改善の鍵となる。,丸亀,,moderate
20260409_常滑_10,2026-04-09,教訓: モーター性能や展開予想に加え、実際のレースにおける1号艇・2号艇の相互作用や、展開の安定性をより厳密に評価する必要がある。,常滑,,calm
20260409_唐津_2,2026-04-09,教訓: モーター性能や外部環境の分析に加え、実際のスタートタイミングと展開の予測精度を重視すべき。,唐津,,calm
20260409_丸亀_7,2026-04-09,教訓: モーターやEVといった静的な機力データに過度に依存せず、展開や風の影響といった動的な外部要因をシステムに組み込む必要がある。,丸亀,,moderate
20260409_唐津_1,2026-04-09,教訓: 外部要因（風・波）とモーター機力の変動を、EVデータに加え、より具体的に重み付けして展開分析に組み込む必要がある。,唐津,,unknown
20260409_大村_4,2026-04-09,教訓: モーター性能や地元の優位性といった静的なデータ分析だけでなく、実際のレース展開における水面と風の動的な影響を最優先で評価する必要がある。,大村,,calm
20260409_三国_1,2026-04-09,教訓: 強風条件下では、モーター性能の優位性よりも、風による艇ごとの加速・抵抗の差をより精密にモデル化し、展開の絶対的な流れを優先すべきである。,三国,,strong
20260410_宮島_1,2026-04-10,教訓: 圧倒的な本命の機力と展開の軸が予測通りに機能したため、低番艇の潜在能力や天候の影響よりも、基本となる1号艇の支配力が結果を決定した。,宮島,,moderate
20260410_大村_12,2026-04-10,教訓: モーター機力や確率論的な予測に加え、実際の展開や外部環境（波、風など）の変動要因を常にシステムに組み込む必要がある。,大村,,calm
20260410_三国_11,2026-04-10,教訓: 1号艇の優位性だけでなく、展開やモーターの機力バランス、特に内側の艇の浮き沈みを総合的に評価し、予測の軸を柔軟にシフトする必要がある。,三国,,moderate
20260410_浜名湖_4,2026-04-10,教訓: 地元選手の安定感と展開要因を重視し、モーター機力への過信を避けることで、予測精度とシステム改善のバランスを保つ。,浜名湖,,calm
20260410_丸亀_11,2026-04-10,教訓: 軸艇の優位性だけでなく、展開や風の影響を考慮した外枠艇（4号艇、6号艇）の浮上確率をEV計算に組み込む必要がある。,丸亀,,calm
20260410_戸田_7,2026-04-10,教訓: 強風下でのモーター機力と展開の相互作用をより深くモデル化する必要がある。,戸田,,strong
20260410_びわこ_12,2026-04-10,教訓: 本命選手の優位性だけでなく、展開やモーターの機力差による中盤の逆転の可能性をより深く織り込む必要がある。,びわこ,,calm
20260410_戸田_2,2026-04-10,教訓: 強風などの外部環境要因の影響を、モーター機力や展開予測よりも優先してシステムに組み込む必要がある。,戸田,,strong
20260410_蒲郡_10,2026-04-10,教訓: 地元選手と展開の基本構造を最優先した組み合わせが、高オッズゾーンでの結果を正確に予測した。,蒲郡,,calm
20260410_大村_3,2026-04-10,教訓: EVや地元選手の優位性だけでなく、中団艇の機力とレース展開の相互作用をより深く組み込む必要がある。,大村,,calm
20260410_大村_10,2026-04-10,教訓: モーター性能と展開予測に加え、実際のレースにおけるスタートタイミングや選手の対応力をより詳細に組み込むことで、予測の精度を向上させる。,大村,,calm
20260410_唐津_2,2026-04-10,教訓: 地元選手の信頼度と風の影響を総合的に評価し、モーター機力だけでなくコース特性と環境変化をより厳密に反映させるべきである。,唐津,,moderate
20260410_常滑_7,2026-04-10,教訓: EV値が高い組み合わせに過度に依存せず、実際の展開やモーター機力の微細な差、そして風の影響を総合的に評価するリスク分散の重みを再定義する必要がある。,常滑,,calm
20260410_浜名湖_5,2026-04-10,教訓: モーター性能や過去の安定性だけでなく、実際のスタートタイミングと展開の変動を予測に組み込むことが、システム改善の鍵となる。,浜名湖,,calm
20260410_大村_6,2026-04-10,教訓: モーター性能に基づく統計的予測に加え、実際のレースにおける展開と風の影響を深く考慮し、高オッズの組み合わせにおけるダイナミクスを評価する。,大村,,moderate
20260410_びわこ_10,2026-04-10,教訓: 個々の機力評価だけでなく、展開における各艇の相互作用と全体的な流れを考慮した複合的な買い目設定が必要である。,びわこ,,calm
20260410_大村_7,2026-04-10,教訓: モーター性能や勝率といった個別データ分析に加え、実際のレース展開における2号艇と4号艇の動きをより深く考慮する必要がある。,大村,,calm
20260410_蒲郡_9,2026-04-10,教訓: モーター性能と環境要因の複雑な相互作用を予測する際、最も有力な組み合わせの重みを再評価する必要がある。,蒲郡,,calm
20260410_びわこ_4,2026-04-10,教訓: モーター性能に基づく期待値分析に加え、実際のスタートラインからの展開と風の影響を動的に再評価することが、予測精度向上の鍵である。,びわこ,,calm
20260411_大村_7,2026-04-11,教訓: 地元選手の勝率に過度に依存せず、展開とモーター機力の変動をより詳細に分析することで、予測の安定性を高める。,大村,,calm
20260411_浜名湖_4,2026-04-11,教訓: 強風時の外枠の安定感と、モーター機力評価の限界をシステムに組み込むこと。,浜名湖,,strong
20260411_鳴門_3,2026-04-11,教訓: モーター性能に基づく静的な予測に加え、強風などの動的な環境要因の影響を最優先で組み込む必要がある。,鳴門,,strong
20260411_唐津_5,2026-04-11,教訓: 1号艇の優位性予測に偏りすぎ、中盤の艇（2号艇と3号艇）間の相対的な機力差を見誤った。,唐津,,calm
20260411_浜名湖_10,2026-04-11,教訓: 予測された本命の優位性よりも、展開における2号艇の機動力が結果を左右した。,浜名湖,,moderate
20260411_唐津_12,2026-04-11,教訓: モーター機力や実績といった静的なデータだけでなく、中風などの外部要因と実際の展開を瞬時に評価することが、システム改善の鍵となる。,唐津,,moderate
20260411_福岡_7,2026-04-11,教訓: AIの予測は本命の展開に偏り、中盤以降の機力差や展開の変化を過小評価したため、推奨買い目から外れた組み合わせが結果となった。,福岡,,moderate
20260411_宮島_12,2026-04-11,教訓: 低番艇の潜在能力（特に4号艇）の評価が不足し、実際の展開と機力バランスを見誤った。,宮島,,calm
20260411_宮島_11,2026-04-11,教訓: 統計的安定性だけでなく、中盤の機動力と展開の変動を評価する重み付けを強化する。,宮島,,moderate
20260411_丸亀_10,2026-04-11,教訓: モーター機力だけでなく、潮汐や風の影響、そして個艇の具体的なレース展開を複合的に評価することが予測精度向上に不可欠である。,丸亀,,calm
20260411_唐津_1,2026-04-11,教訓: 高性能モーターを持つ選手のスタート力と、外部環境の影響を総合的に判断するよりも、本質的なスタートの強さが結果を決定づける。,唐津,,moderate
20260411_蒲郡_1,2026-04-11,教訓: モーター性能やEVといった静的なデータに加え、実際の展開とスタート時の相互作用（特に2号艇の初動）をより動的に評価する必要がある。,蒲郡,,calm
20260411_唐津_2,2026-04-11,教訓: モーターの評価だけでなく、展開と外部環境の影響を総合的に分析し、高評価のモーターを持つ艇への過信を避ける必要がある。,唐津,,calm
20260411_平和島_7,2026-04-11,教訓: モーター性能の評価に加え、展開や風の影響、および各艇の実際のスタートタイミングの相互作用をより深く分析する必要がある。,平和島,,moderate
20260411_浜名湖_6,2026-04-11,教訓: 地元選手のポテンシャル予測に偏りすぎず、実戦におけるモーター機力と中風による展開の相互作用をより厳密に評価する必要がある。,浜名湖,,moderate
20260411_鳴門_1,2026-04-11,教訓: AIのEV計算はモーター性能に依存しすぎ、実際の展開やモーターの瞬発力、あるいは風の影響を総合的に考慮する重み付けが必要である。,鳴門,,calm
20260411_丸亀_3,2026-04-11,教訓: モーター性能の評価に加え、中穴ゾーンの展開と艇ごとの相互作用を総合的に分析することが、真のシステム改善につながる。,丸亀,,moderate
20260411_大村_12,2026-04-11,教訓: 地元実績とモーター機力の相関性を深く分析することで、展開予測の精度が担保される。,大村,,calm
20260412_宮島_4,2026-04-12,教訓: 安定したトップ艇の性能を過信せず、中穴艇の機力と展開の相互作用をより深く分析する必要がある。,宮島,,calm
20260412_びわこ_10,2026-04-12,教訓: 展開とモーターの機力評価が甘く、軸となる艇の変動を見誤った。,びわこ,,moderate
20260412_大村_5,2026-04-12,教訓: 高確率のパターン予測だけでなく、展開や機力の変動が結果に与える影響を常に評価すること。,大村,,calm
20260412_平和島_12,2026-04-12,教訓: モーター性能や基本評価に加え、中風下の展開とスタートタイミングの変動をより厳密にシステムに組み込むこと。,平和島,,moderate
20260412_浜名湖_11,2026-04-12,教訓: 圧倒的な本命の機力評価に加え、中風という外部環境要因が展開に与える影響をより厳密に組み込む必要がある。,浜名湖,,moderate
20260412_びわこ_2,2026-04-12,教訓: 高確率の理論予測に対し、モーター機力と外部環境（風・展開）の動的な相互作用を過小評価した。,びわこ,,moderate
20260412_丸亀_8,2026-04-12,教訓: 安定性や一般的な確率だけでなく、実際のレースにおけるモーターの機力差と水面の流れの相互作用を深く評価することが、予測精度向上に不可欠である。,丸亀,,calm
20260412_浜名湖_4,2026-04-12,教訓: モーター性能や過去の安定性に依存する予測だけでなく、実際のレース展開や機動力の変化をより重視する必要がある。,浜名湖,,moderate
20260412_丸亀_1,2026-04-12,教訓: モーター性能やランキング予測に加え、実際のレースにおけるスタートと展開の読み取りが勝敗を左右する。,丸亀,,calm
20260412_丸亀_6,2026-04-12,教訓: EV値が高い組み合わせに過度に依存せず、実際の展開とモーターの初期加速力を複合的に評価する。,丸亀,,calm
20260412_宮島_9,2026-04-12,教訓: EVデータや潮流の分析に注力するだけでなく、実際の展開やモーターの機力バランスの変動をより深く統合する必要がある。,宮島,,moderate
20260412_大村_12,2026-04-12,教訓: EVデータや地元選手の安定感に依存する予測に加え、実際のレース展開におけるモーター機力と水面の状況の変化をより厳密に評価する必要がある。,大村,,calm
20260412_丸亀_4,2026-04-12,教訓: モーター性能やレーン優位性だけでなく、弱風下の展開とスタートの微妙な影響を過小評価した。,丸亀,,calm
20260412_大村_9,2026-04-12,教訓: 高EVの買い目に偏重せず、モーター性能とスタートタイミングによる絶対的な有利不利を最優先で評価すべきである。,大村,,calm
20260412_鳴門_1,2026-04-12,[ERROR] 失敗,鳴門,,calm
20260412_唐津_2,2026-04-12,[ERROR] 失敗,唐津,,calm
20260412_平和島_6,2026-04-12,[ERROR] 失敗,平和島,,moderate
20260412_びわこ_9,2026-04-12,[ERROR] 失敗,びわこ,,calm
20260413_江戸川_8,2026-04-13,[ERROR] 失敗,江戸川,,strong
20260413_児島_9,2026-04-13,[ERROR] 失敗,児島,,calm
20260413_丸亀_9,2026-04-13,[ERROR] 失敗,丸亀,,calm
20260413_江戸川_10,2026-04-13,[ERROR] 失敗,江戸川,,strong
20260413_大村_6,2026-04-13,[ERROR] 失敗,大村,,calm
20260413_宮島_7,2026-04-13,[ERROR] 失敗,宮島,,moderate
20260413_鳴門_1,2026-04-13,教訓: 地元選手の安定感に偏りすぎ、機力や展開の大きな変化を見誤った。,鳴門,,calm
20260413_宮島_8,2026-04-13,教訓: 環境要因とモーター機力の相関をより深く学習し、予測不能な展開への対応力を強化する必要がある。,宮島,,moderate
20260413_児島_5,2026-04-13,教訓: モーター性能や選手の技量だけでなく、実際のレース展開と各艇の機動性を総合的に分析することが、結果予測の精度向上に不可欠である。,児島,,calm
20260413_児島_4,2026-04-13,教訓: 展開予想だけでなく、モーター機力と選手の技量、そしてスタート時の具体的な競り合いのバランスをより深く統合して評価する必要がある。,児島,,moderate
20260413_平和島_7,2026-04-13,教訓: モーター性能や地元艇の強さといった数値分析に加え、潮流や風といった環境要因、およびレース序盤の展開の機微をより詳細に組み込む必要がある。,平和島,,moderate
20260413_福岡_9,2026-04-13,教訓: モーター性能だけでなく、スタートタイミングと中風下の環境影響をより厳密に評価することが、実際の展開と結果を予測する上で決定的に重要である。,福岡,,moderate
20260413_福岡_5,2026-04-13,教訓: 高EVの個別モーター性能に偏重せず、実際の展開と先行勢のパフォーマンスを総合的に評価すること。,福岡,,moderate
20260413_桐生_10,2026-04-13,教訓: モーター性能やEV分析に加え、当日の風や潮流といった環境要因と実際の展開を深く考慮することが、予測精度向上に不可欠である。,桐生,,calm
20260413_児島_8,2026-04-13,教訓: モーター性能と展開だけでなく、各艇の実際のパフォーマンスと環境要因（風・波）を統合的に評価することが、予測精度向上の鍵である。,児島,,calm
20260413_浜名湖_9,2026-04-13,教訓: モーター性能や勝率といった個別データだけでなく、実際の展開やスタート時の機力バランスの変化を総合的に評価するシステムを構築する必要がある。,浜名湖,,calm
20260413_江戸川_5,2026-04-13,教訓: EVデータや地元選手の安定性に偏りすぎず、中風やモーターの具体的な機力差など環境要因と展開を総合的に評価する必要がある。,江戸川,,moderate
20260413_大村_5,2026-04-13,教訓: EVデータに基づく統計的優位性だけでなく、実際の選手の実力とコース特性を総合的に判断することが、予測の精度向上に不可欠である。,大村,,calm
20260413_丸亀_6,2026-04-13,教訓: 地元艇の潜在能力や、内枠の攻め方による展開の読み取りにおいて、モーター機力の評価と実際のレース展開の乖離をより厳密にシステムに組み込む必要がある。,丸亀,,calm
20260414_鳴門_1,2026-04-14,教訓: 1号艇の優位性に偏りすぎ、展開や外部艇の機動力を過小評価したため、中穴の組み合わせを見誤った。,鳴門,,moderate
20260414_鳴門_7,2026-04-14,教訓: 1号艇の優位性と混戦の可能性を的確に予測した展開分析が、実際のレース結果に直結した。,鳴門,,moderate
20260414_鳴門_11,2026-04-14,教訓: 1号艇の優勢予測に加え、2・3号艇の具体的な着順の確率をより詳細に分析することで、結果の精度が向上する。,鳴門,,calm
20260414_鳴門_8,2026-04-14,教訓: モーター性能や展開・風の影響を考慮した予測は、実際の艇の動き（特に外枠の艇のパフォーマンス）を過小評価する可能性がある。,鳴門,,moderate
20260414_丸亀_8,2026-04-14,教訓: 特定の選手の高勝率に注目するだけでなく、弱風下での本命の1号艇の優位性と、内枠の連動性を総合的に評価する必要がある。,丸亀,,calm
20260414_平和島_6,2026-04-14,教訓: モーター機力や地元特性といった個別要因の重み付けに加え、実際のレース展開における艇間の相互作用や、潮流・風の影響を動的に評価する仕組みが必要である。,平和島,,calm
20260414_江戸川_12,2026-04-14,教訓: モーター性能や風の影響を考慮したEV算出に加え、実際のレースにおける艇間の即時的な攻防のダイナミクスを評価する視点をシステムに組み込むこと。,江戸川,,moderate
20260414_平和島_10,2026-04-14,教訓: モーター機力評価に加え、実際の展開と風の影響を最優先でシステムに組み込むこと。,平和島,,unknown
20260414_桐生_12,2026-04-14,教訓: モーター性能や地元の優位性といった静的なデータだけでなく、当日の風況と展開の動的な相互作用を最優先で評価すること。,桐生,,moderate
20260414_鳴門_2,2026-04-14,教訓: 若手選手の潜在能力と地元・モーターの優位性を、統計的なパターン分析と併せて総合的に評価する必要がある。,鳴門,,calm
20260415_津_5,2026-04-15,教訓: 1号艇の優位性だけでなく、内側のモーター性能と展開の相互作用を考慮しないと、予測精度が著しく低下する。,津,,calm
20260415_丸亀_8,2026-04-15,教訓: 弱風下では、モーター性能と差し力が展開を上回り、特定の組み合わせが結果を決定する。,丸亀,,calm
20260415_宮島_2,2026-04-15,教訓: 1号艇の優位性に対する過信を避け、展開と低番艇の潜在能力の動的相互作用をより詳細に評価する必要がある。,宮島,,calm
20260415_鳴門_12,2026-04-15,教訓: 統計的優位性だけでなく、実際の展開や外部要因（スタート、風）をより深くモデルに組み込む必要がある。,鳴門,,calm
20260415_児島_9,2026-04-15,教訓: 統計的優位性だけでなく、実際のスタートとモーターの機力差をリアルタイムで評価することが、予測精度向上への鍵である。,児島,,calm
20260415_宮島_11,2026-04-15,教訓: モーター性能評価だけでなく、実際の展開と水流の影響をより強く加味する必要がある。,宮島,,calm
20260415_児島_6,2026-04-15,教訓: 優勝候補の特定は正確だが、高確率の2着・3着の組み合わせにおける選手間の相互作用の予測精度を向上させる必要がある。,児島,,calm
20260415_若松_5,2026-04-15,教訓: 高確率の予測が出た場合でも、風や天候といった外部環境要因によるモーター機力の相対的な影響を過小評価しない。,若松,,moderate
20260415_宮島_12,2026-04-15,教訓: 圧倒的な本命の強さと、それに続く低番艇の潜在能力を組み合わせた展開予測が、高確率で結果を導く。,宮島,,calm
20260415_津_1,2026-04-15,教訓: 圧倒的な本命の組み合わせを確信しつつ、展開や機力変動を考慮した分散投資を組み合わせることで、高確率の的中率を確保する。,津,,calm
20260416_芦屋_4,2026-04-16,教訓: 確率と過去の安定性に頼るだけでなく、当日のモーター機力と風況といった動的な環境要因の相互作用をより厳密に評価する必要がある。,芦屋,,moderate
20260416_津_1,2026-04-16,教訓: 強風条件下における内側の攻めと外側の逃げのバランスを、機力評価以上に重視する。,津,,moderate
20260416_江戸川_11,2026-04-16,教訓: 強風などの天候要因が、モーター機力や展開予想といった基本評価を上回る決定的な影響を与えるため、環境要因の重み付けを強化する必要がある。,江戸川,,strong
20260416_常滑_1,2026-04-16,教訓: 単一の絶対的強さ（1号艇）に依存せず、展開とモーター機力の相互作用をより複合的に評価する。,常滑,,moderate
20260416_若松_5,2026-04-16,教訓: モーター性能評価に加え、風や波などの環境要因の影響度を常に最優先でシステムに組み込む必要がある。,若松,,moderate
20260416_桐生_7,2026-04-16,教訓: 強風と展開の変動は、モーター機力や選手安定性の予測を上回る、結果を決定づける最大の要因となる。,桐生,,strong
20260416_児島_10,2026-04-16,教訓: 展開における2号艇と3号艇の機力差の評価が、最終的な着順予測に決定的な影響を与える。,児島,,calm
20260416_鳴門_1,2026-04-16,教訓: 強風条件下でのモーター機力や展開の不確定性を考慮する際、AIが過信した展開予測よりも、特定の艇のスタートタイミングと機力バランスが勝敗を決定する。,鳴門,,moderate
20260416_福岡_6,2026-04-16,教訓: モーター性能の優位性だけでなく、中風下での個々の艇の機動性（exterity）と展開の相互作用を複合的に評価する必要がある。,福岡,,moderate
20260416_三国_2,2026-04-16,教訓: 外部環境（強風・潮流）の影響を考慮した上で、モーター性能だけでなく展開の不確実性を織り込んだ予測を行うこと。,三国,,strong
20260416_若松_8,2026-04-16,教訓: モーター機力評価に加え、中風下での展開変化や、推奨馬以外の機力（特に4番）の潜在能力をより厳密に織り込む必要がある。,若松,,moderate
20260416_江戸川_6,2026-04-16,教訓: 強風という外部環境の影響をEVデータと専門家の鉄則で統合的に分析することで、期待値を最大化する予測精度が向上する。,江戸川,,strong
20260416_若松_7,2026-04-16,教訓: 完璧な結果が出た場合、市場の過小評価・過大評価ではなく、環境要因（モーター機力・風の影響）の線形的な影響をより厳密にモデル化することが、予測精度を最大化する。,若松,,moderate
20260416_津_3,2026-04-16,教訓: 期待値分析に加え、強風下での機力差と展開の動的相互作用をEV算出に組み込むべき。,津,,strong
20260416_芦屋_2,2026-04-16,教訓: EV最大化分析においても、実際の展開やモーターの微妙な機力差といった動的な要因を、確率論以上に重く評価する必要がある。,芦屋,,moderate
20260416_児島_8,2026-04-16,教訓: EV分析だけでなく、実際の展開における風やモーター機力の変動を動的に評価する枠組みを組み込むこと。,児島,,moderate
20260416_津_7,2026-04-16,教訓: 強風下ではEV分析に加え、機材の特性と風による展開変化の相互作用を最優先で評価する必要がある。,津,,strong
20260416_児島_12,2026-04-16,教訓: 数理的な期待値（EV）の最大化だけでなく、実際のレース展開やモーター機力の動的な影響を組み込むことで、予測の精度を向上させる。,児島,,calm
20260416_若松_3,2026-04-16,教訓: 期待値最大化の予測は、環境要因（特に強風）と実際の展開との相互作用を過小評価する可能性があるため、機力と展開の影響をよりダイナミックに組み込む必要がある。,若松,,strong
20260416_若松_10,2026-04-16,教訓: EV分析に加え、中風下での具体的なスタートタイミングとモーターの瞬発力をより精密にモデル化する必要がある。,若松,,moderate
20260417_若松_8,2026-04-17,教訓: 圧倒的な優位性だけでなく、スタート後の艇の具体的な先行・差し展開におけるモーターと風の影響をより精密に組み込む必要がある。,若松,,moderate
20260417_若松_5,2026-04-17,教訓: 強風下では、モーター機力予測よりも外部環境（風向き・水面状況）が結果に与える影響を最優先で評価する。,若松,,strong
20260417_江戸川_3,2026-04-17,教訓: 期待値最大化を追求する際、展開の穴目よりも、本線となる1号艇のスタートと、2号艇の機力差が勝敗を決定する主要因となる。,江戸川,,moderate
20260417_三国_3,2026-04-17,教訓: モーター性能に基づく確率だけでなく、中風などの外部環境と展開の不確定性をシステムに組み込むことで、より現実的な期待値を導出する。,三国,,moderate
20260417_児島_2,2026-04-17,教訓: 統計的優位性だけでなく、外部環境（風・展開）の変動を織り込むことで、市場が過小評価する高EVの組み合わせを見出す。,児島,,moderate
20260417_唐津_6,2026-04-17,教訓: 圧倒的なコースアドバンテージ予測よりも、弱風による機力差の変動とモーターの瞬時的な反応をより重視すべきである。,唐津,,calm
20260417_児島_5,2026-04-17,教訓: 展開の予測に注力するあまり、機力差や差し・浮上の具体的な艇番の相互作用を見誤る可能性があるため、複数の候補艇の機力評価をより厳密にシステム化する必要がある。,児島,,calm
20260417_戸田_12,2026-04-17,教訓: 確率論的な本命だけでなく、モーターのコンディションや風による展開の変化を深く分析し、期待値を最大化する要因を複合的に評価する必要がある。,戸田,,moderate
20260417_津_9,2026-04-17,教訓: 強風下では、モーター機力予測よりも風による船体の挙動変化のシミュレーションを最優先する。,津,,strong
20260417_戸田_5,2026-04-17,教訓: 統計的期待値（EV）の最大化だけでなく、実際のレース展開と環境要因（特に風やモーターの動的状態）が予測の精度に与える影響を組み込む必要がある。,戸田,,calm
20260417_江戸川_8,2026-04-17,教訓: 期待値分析を深掘りし、オッズの裏に潜むモーター機力と風の影響を常に最優先で評価する。,江戸川,,moderate
20260417_桐生_11,2026-04-17,教訓: 隠れた期待値（EV）に基づいたポートフォリオ選定が、短期的な確率論よりも長期的な収支最大化において真の優位性を持つ。,桐生,,moderate
20260417_津_3,2026-04-17,教訓: EV最大化の指標は、ノイズを排除し、期待値を最大化する上で最も信頼できるシステムである。,津,,moderate
20260417_唐津_10,2026-04-17,教訓: EV最大化の分析は、展開の確率論に偏りすぎ、実際のモーターの機力差や風の影響による具体的な艇の順位変動を過小評価する傾向がある。,唐津,,moderate
20260417_若松_10,2026-04-17,教訓: 高EVの組み合わせに集中する戦略は、市場の期待値と実際の確率の乖離を最大化する上で最も信頼性が高い。,若松,,moderate
20260417_戸田_3,2026-04-17,教訓: EV分析は、特定のレース条件下で市場のオッズを上回る真の期待値を正確に捉える上で、最も信頼性の高いシステムである。,戸田,,calm
20260417_戸田_10,2026-04-17,教訓: EV分析とモーター機力の相関が、弱風下でのレース展開を正確に捉える上で最も決定的な要因となった。,戸田,,calm
20260417_芦屋_1,2026-04-17,教訓: モーター機力分析に加え、中風などの外部環境要因をリアルタイムで動的にモデル化することが、真の期待値を最大化する鍵である。,芦屋,,moderate
20260417_唐津_7,2026-04-17,教訓: EV分析に加え、弱風下でのモーターの実際の滑走力と展開の機微をリアルタイムで統合評価することが、予測精度向上に不可欠である。,唐津,,calm
20260418_唐津_1,2026-04-18,教訓: 展開予想に依存せず、内枠の圧倒的な機力と実際の展開の相互作用をより深く分析する必要がある。,唐津,,moderate
20260418_津_5,2026-04-18,教訓: 外部要因（風やモーター機力）が予測の前提を崩すため、内側の展開予測だけでなく、環境要因の変動に対する感度分析を強化する必要がある。,津,,calm
20260418_江戸川_10,2026-04-18,教訓: 確率論的な優位性だけでなく、強風とモーター機力の実際の反応を常に考慮した動的展開予測を優先する。,江戸川,,strong
20260418_三国_2,2026-04-18,教訓: 確率最大化だけでなく、実際のスタートタイミングとモーターの機力差をより詳細に組み込む必要がある。,三国,,calm
20260418_若松_6,2026-04-18,教訓: 1号艇の逃げ切りを軸としつつも、2・3号艇の差し・攻めを組み合わせた複合的な波乱展開の期待値を最大化する。,若松,,moderate
20260418_丸亀_11,2026-04-18,教訓: 1号艇の優位性だけでなく、展開やモーターの実際の機力差を動的に評価することが、予測精度向上の鍵である。,丸亀,,calm
20260418_若松_2,2026-04-18,教訓: 1号艇の優位性だけでなく、展開の中で潜在能力が爆発する2号艇の動きを最大評価することが、中穴ゾーンでの収益最大化に繋がる。,若松,,moderate
20260418_大村_10,2026-04-18,教訓: 単独の優位性だけでなく、市場が過小評価する対抗艇の潜在能力を組み込むことで、真の期待値とレースの展開を予測できる。,大村,,calm
20260418_丸亀_9,2026-04-18,教訓: 理論上の期待値最大化だけでなく、実際の展開とモーター機力の相互作用をリアルタイムで評価することが、予測精度向上の鍵である。,丸亀,,calm
20260418_戸田_9,2026-04-18,教訓: EV分析は市場の期待値を反映するが、実際のレース結果は展開や風の影響を強く受けるため、機力と環境要因の連動性を評価する補正項をシステムに組み込む必要がある。,戸田,,moderate
20260418_戸田_12,2026-04-18,教訓: EV分析だけでなく、モーターの実際の機力差と微風の影響を実戦データで補正することが、予測精度向上への鍵となる。,戸田,,calm
20260418_芦屋_2,2026-04-18,教訓: モーター機力の推定と実際の展開・風の影響を統合する際の、物理的要因の過小評価を修正する重み付けをシステムに組み込むこと。,芦屋,,calm
20260418_江戸川_4,2026-04-18,教訓: 期待値分析は静的なデータに依存しすぎず、特に中風時のモーター特性とスタートタイミングの動的な相互作用を織り込む必要がある。,江戸川,,moderate
20260418_三国_9,2026-04-18,教訓: 環境要因とモーター機力の相互作用を複合的に評価するシステムが、市場の期待値を上回る期待値を導き出す鍵となる。,三国,,calm
20260418_常滑_5,2026-04-18,教訓: EV最大化だけでなく、中風時の艇ごとの機動性とモーターの実際の出力を動的に評価することが、予測精度向上に不可欠である。,常滑,,moderate
20260418_蒲郡_8,2026-04-18,教訓: EV最大化だけでなく、実際のレース展開（特に中盤の機力変動）を反映した動的な評価が、期待値の正確な予測に不可欠である。,蒲郡,,calm
20260418_大村_8,2026-04-18,教訓: モーター機力と展開の理論的期待値だけでなく、実際のレースにおける艇間の相互作用と展開の動的要素をより深く分析する必要がある。,大村,,calm
20260418_三国_1,2026-04-18,教訓: 弱風下でのモーター機力評価と、スタート時の微細な展開（ポジション）の相互作用を、EV計算に組み込むこと。,三国,,calm
20260419_津_5,2026-04-19,教訓: 確率論的な優位性だけでなく、穴となる組み合わせにおける期待値を徹底的に評価することが、真の期待値最大化につながる。,津,,calm
20260419_丸亀_8,2026-04-19,教訓: 1号艇の優位性だけでなく、中穴艇の相互作用と流れをより深く分析することが、期待値最大化の鍵となる。,丸亀,,calm
20260419_蒲郡_6,2026-04-19,教訓: 内枠の優位性に偏らず、展開・風の影響と外枠モーターの機力評価を統合的に分析することが、真の期待値最大化につながる。,蒲郡,,calm
20260419_蒲郡_8,2026-04-19,教訓: 確率的優位性だけでなく、中団艇のスタートタイミングとモーターの瞬発力が、予測される波乱展開の軸を決定する。,蒲郡,,calm
20260419_芦屋_5,2026-04-19,教訓: 期待値最大化戦略に基づいた機力と展開の複合分析が、実際のレース結果を正確に予測した。,芦屋,,moderate
20260419_尼崎_11,2026-04-19,教訓: 軸の優位性だけでなく、中風下でのモーター機力の差と展開の相互作用を重視する。,尼崎,,moderate
20260419_常滑_1,2026-04-19,教訓: 期待値最大化を追求する過程で、最も強力な優位性を持つ本命が結果を支配する。,常滑,,calm
20260419_若松_8,2026-04-19,教訓: 圧倒的な本命のモーター性能が、外部環境（風や流れ）の影響を上回り、理想的な展開を固定する。,若松,,moderate
20260419_若松_3,2026-04-19,教訓: 1号艇の逃げを前提としつつも、4号艇の動きやスタートの機微といった外部展開要因の評価が、最適な組み合わせを導く上で決定的に重要である。,若松,,moderate
20260419_若松_12,2026-04-19,教訓: 期待値最大化の計算に注力するだけでなく、実際のモーター機力と展開・風の影響を複合的に評価することが、真のシステム改善につながる。,若松,,moderate
20260419_住之江_11,2026-04-19,教訓: EV（期待値）の最大化が、展開や機力といった複雑な要素を上回る真の予測指標となる。,住之江,,calm
20260419_尼崎_4,2026-04-19,教訓: モーターの潜在能力だけでなく、実際のスタート時の機動性や展開の具体的な相互作用を評価することが、期待値最大化の鍵となる。,尼崎,,calm
20260419_丸亀_9,2026-04-19,教訓: EVと専門的教訓に基づいた期待値の最大化に加え、実際のスタートタイミングと展開の変動要因をリアルタイムでシステムに組み込む必要がある。,丸亀,,calm
20260419_若松_4,2026-04-19,教訓: EV分析に頼りすぎず、実際のモーター機力と中風下の展開・コース取りの動的な影響をより深く組み込む必要がある。,若松,,moderate
20260419_丸亀_6,2026-04-19,教訓: 期待値分析だけでなく、スタート直後の機力差と展開の動的な影響をより深く組み込む必要がある。,丸亀,,calm
20260419_芦屋_1,2026-04-19,教訓: EV分析に加え、中風などの環境要因による実際の展開変動をモデルに組み込むことが、予測精度向上の鍵となる。,芦屋,,moderate
20260419_若松_10,2026-04-19,教訓: EV分析に基づいた理想的な組み合わせ予測よりも、実際の展開と外部環境（風・モーターの機力差）が結果を決定する。,若松,,moderate
20260419_唐津_3,2026-04-19,教訓: モーター機力と微風の影響を、期待値計算の最重要変数として再評価する必要がある。,唐津,,calm
20260419_唐津_1,2026-04-19,教訓: EV最大化の数学的予測に加え、モーター機力と中風による実際の展開の物理的影響を織り込むことが、真の期待値分析の鍵である。,唐津,,moderate
20260420_津_5,2026-04-20,教訓: 確率論だけでなく、中穴艇の機力と風の影響を複合的に分析し、真の期待値を最大化する。,津,,moderate
20260420_津_6,2026-04-20,教訓: 圧倒的な軸の確実性が高確率で実現しても、中穴の組み合わせの変動要因を見誤ると、システム全体の期待値最大化が阻害される。,津,,moderate
20260420_福岡_8,2026-04-20,教訓: 1号艇の優位性に過度に依存せず、続く艇の機力差や展開の微細な変動をシステムに組み込む必要がある。,福岡,,calm
20260420_福岡_1,2026-04-20,教訓: 圧倒的な本命の存在を前提とした予測は正確だが、穴目の確率を過大評価する前に、展開やモーターの微細な差が結果に与える影響を再評価する必要がある。,福岡,,calm
20260420_尼崎_9,2026-04-20,教訓: モーター性能に基づく構造的な優位性だけでなく、展開や風といった動的な環境要因の相互作用を、より重く評価する必要がある。,尼崎,,moderate
20260420_福岡_11,2026-04-20,教訓: モーター性能の優位性を基軸としつつ、内側艇の攻め方による予測不能な競り合いを織り込むことで、期待値最大化に繋がる。,福岡,,calm
20260420_浜名湖_4,2026-04-20,教訓: モーター性能と中風による展開の相互作用を、確率データ以上に深く組み込むことで、期待値を最大化する。,浜名湖,,moderate
20260420_芦屋_1,2026-04-20,教訓: 確率の最大化だけでなく、中穴ゾーンの機動性や展開変化、他艇の相互作用を考慮した複合的な期待値分析を行うこと。,芦屋,,moderate
20260420_びわこ_1,2026-04-20,教訓: 展開予測に加え、モーター機力と外部環境（風・波）の相互作用を複合的に評価することが、期待値最大化の鍵となる。,びわこ,,moderate
20260420_大村_11,2026-04-20,教訓: 静的な優位性だけでなく、水面と風の動的な影響を最優先で評価する。,大村,,calm
20260420_津_3,2026-04-20,教訓: 理論的なEV最大化だけでなく、モーターの具体的な機力と微風の影響を実戦データとして重み付けすることが、予測精度を担保する。,津,,calm
20260420_福岡_3,2026-04-20,教訓: EV最大化の指標に加え、モーター機力と風による展開の相互作用をリアルタイムでモデル化することが、真の期待値分析の鍵である。,福岡,,calm
20260420_浜名湖_12,2026-04-20,教訓: モーター機力に基づく期待値分析に加え、中風下の水面状況やスタートタイミングの動的影響をモデルに組み込む必要がある。,浜名湖,,moderate
20260420_大村_8,2026-04-20,教訓: 統計的期待値（EV）の最大化に加え、モーター機力と微風による船体の反応といった物理的・環境的要因の相互作用を、より詳細にモデル化する必要がある。,大村,,calm
20260420_浜名湖_7,2026-04-20,教訓: 統計的期待値（EV）の最大化に加え、実際のレース展開と外部環境（風など）の影響を総合的に評価することが、真のシステム改善につながる。,浜名湖,,moderate
20260420_びわこ_5,2026-04-20,教訓: 期待値分析はモーター機力に依存するが、実際のレース結果は風と展開という動的な環境要因によって大きく変動するため、環境要因のモデリングを最優先すべきである。,びわこ,,moderate
20260420_びわこ_2,2026-04-20,教訓: EV最大化の計算に加えて、中風時のモーターの相対的な加速差を常に変動要因として組み込む必要がある。,びわこ,,moderate
20260420_浜名湖_3,2026-04-20,教訓: EV分析に加え、中風時のモーターの特性変化と展開のダイナミクスをより深く組み込む必要がある。,浜名湖,,moderate
20260420_福岡_9,2026-04-20,教訓: モーター機力評価だけでなく、実際の展開と風の影響を動的に評価することが期待値最大化の鍵である。,福岡,,calm
20260420_常滑_2,2026-04-20,教訓: EV分析だけでなく、中風時のモーターの実際の加速特性とスタート直後の展開の機微をより詳細に組み込む必要がある。,常滑,,moderate
20260421_びわこ_1,2026-04-21,教訓: 1号艇の絶対的優位性は結果を決定づけるが、残りの艇の機力差と展開の微細な変動を過小評価する。,びわこ,,moderate
20260421_びわこ_10,2026-04-21,教訓: 統計的優位性だけでなく、モーター機力差と外部環境（風・展開）の動的変化をより厳密にモデル化すること。,びわこ,,moderate
20260421_びわこ_11,2026-04-21,教訓: 軸の支配力予測に依存せず、実際のモーター・展開の機微と外枠の連動性をより深く評価する必要がある。,びわこ,,moderate
20260421_びわこ_12,2026-04-21,教訓: 軸の確実性と展開の機微を同時に評価する多層的な期待値モデルが、高確率の結果を正確に導き出す。,びわこ,,moderate
20260421_びわこ_2,2026-04-21,教訓: 1号艇の逃げ切りだけでなく、2号艇の差し・浮き沈みと展開の変動を複合的に考慮する必要がある。,びわこ,,calm
20260421_びわこ_5,2026-04-21,教訓: 確率論的な軸設定に頼るだけでなく、モーター機力の実際の性能と、中風下の展開変化を考慮した対抗艇の浮上を評価する必要がある。,びわこ,,moderate
20260421_びわこ_6,2026-04-21,教訓: 単純なコース優位性だけでなく、強風などの外部環境とモーター機力の相互作用を深く考慮し、展開の逆転可能性をより厳密に評価する必要がある。,びわこ,,strong
20260421_びわこ_4,2026-04-21,教訓: EV最大値の追求だけでなく、実際の展開とモーターの相互作用をより詳細にモデル化する必要がある。,びわこ,,moderate
20260421_福岡_5,2026-04-21,教訓: EV最大化の統計的最適解が、現場の環境要因（風向きやモーターの微妙な機力差）を過度に単純化する傾向があるため、実戦では環境補正の重み付けを強化する必要がある。,福岡,,moderate
20260421_蒲郡_2,2026-04-21,教訓: モーター機力分析に加え、強風下での具体的なスタートタイミングと潮流の動的影響を最優先で評価すること。,蒲郡,,strong
20260421_芦屋_2,2026-04-21,教訓: モーター機力とオッズの歪みを深く読み解いた期待値分析は、実際のレース結果と高い精度で一致する。,芦屋,,calm
20260421_桐生_7,2026-04-21,教訓: 統計的期待値（EV）の算出に、強風や天候といった外部環境要因の影響度をより重く組み込む必要がある。,桐生,,strong
20260421_びわこ_3,2026-04-21,教訓: EV最大化の論理だけでなく、中風時の機力差とスタートタイミングの変動を織り込むことで、予測の確実性が向上する。,びわこ,,moderate
20260421_びわこ_9,2026-04-21,教訓: 強風下でのモーター機力の相対評価と、環境要因（風）による機動性の変動をEV計算に組み込むことが、短期的な確率論よりも長期的な収支最大化に繋がる。,びわこ,,strong
20260421_びわこ_7,2026-04-21,教訓: モーター機力と中風による展開の相互作用を、単独要因としてではなく複合的な環境要因として評価する。,びわこ,,moderate
20260421_芦屋_1,2026-04-21,教訓: 理論的な期待値分析だけでなく、実際のモーター機力や展開といった非数値的要因の変動を深く組み込む必要がある。,芦屋,,calm
20260421_大村_3,2026-04-21,教訓: EVデータだけでなく、中風下でのモーターの実際の反応とスタートタイミングの機微を、より詳細にモデル化する必要がある。,大村,,moderate
20260422_びわこ_1,2026-04-22,教訓: 展開とモーター機力の変動を、単なる優位性評価以上に深くシステム的に織り込む必要がある。,びわこ,,calm
20260422_びわこ_10,2026-04-22,教訓: 確率論的な優位性だけでなく、モーター機力と水面状況、および展開による中盤の順位変動可能性をより厳密に評価する必要がある。,びわこ,,calm
20260422_びわこ_11,2026-04-22,教訓: 1号艇の優位性を過信せず、内側のモーター機力差と展開の微細な変化が、中盤の順位を決定づけることを常に考慮する。,びわこ,,calm
20260422_びわこ_12,2026-04-22,教訓: 圧倒的な本命の優位性だけでなく、展開と機力差による逆転の可能性を織り込むことで、穴の着順を予測するシステムも同時に強化すべきである。,びわこ,,calm
20260422_びわこ_2,2026-04-22,[ERROR] 失敗,びわこ,,calm
20260422_びわこ_3,2026-04-22,[ERROR] 失敗,びわこ,,calm
20260422_びわこ_4,2026-04-22,[ERROR] 失敗,びわこ,,calm
20260422_びわこ_5,2026-04-22,[ERROR] 失敗,びわこ,,calm
20260422_びわこ_6,2026-04-22,[ERROR] 失敗,びわこ,,calm
20260422_浜名湖_5,2026-04-22,[ERROR] 失敗,浜名湖,,moderate
20260422_びわこ_8,2026-04-22,[ERROR] 失敗,びわこ,,calm
20260422_びわこ_7,2026-04-22,[ERROR] 失敗,びわこ,,calm
20260422_丸亀_1,2026-04-22,[ERROR] 失敗,丸亀,,calm
20260422_丸亀_10,2026-04-22,[ERROR] 失敗,丸亀,,calm
20260422_浜名湖_7,2026-04-22,教訓: モーターの潜在能力と中風による流れの変化を、単なる確率論ではなく、物理的な環境要因としてEV計算に組み込むこと。,浜名湖,,moderate
20260422_若松_4,2026-04-22,教訓: EV分析に加え、中風下でのモーターの相対的な機力差と展開の機微を動的に評価することが、予測精度向上への鍵となる。,若松,,moderate
20260422_福岡_2,2026-04-22,教訓: モーター機力による静的なEV分析に加え、弱風下での具体的な展開とスタートタイミングの動的影響を組み込む必要がある。,福岡,,calm
20260422_福岡_9,2026-04-22,教訓: EV最大化の計算だけでは、実際のモーター機力や展開といった物理的要因を考慮しないと予測精度が低下する。,福岡,,calm
20260422_福岡_3,2026-04-22,教訓: モーターの機力予測に加え、弱風下の水面抵抗とスタートタイミングの微細な差をより厳密に組み込む必要がある。,福岡,,calm
20260423_びわこ_1,2026-04-23,教訓: 強風下ではモーター機力予測よりも、風の影響によるスタートタイミングと中盤の艇の立ち回り（展開）をより重く評価する必要がある。,びわこ,,strong
20260423_びわこ_10,2026-04-23,教訓: 強風と機力差の複合的な影響を、展開予測以上に重視する必要がある。,びわこ,,strong
20260423_びわこ_11,2026-04-23,教訓: 強風下でのスタートタイミングとモーター機力差の相互作用を、予測確率よりも重く評価する必要がある。,びわこ,,strong
20260423_びわこ_12,2026-04-23,教訓: 統計的優位性だけでなく、強風などの外部環境がモーター機力や展開に与える影響を常に最優先でモデル化する。,びわこ,,strong
20260423_びわこ_2,2026-04-23,教訓: 展開予想の拮抗度と、モーター機力差、風の影響を複合的に評価する際、特定の艇（特に3号艇）の爆発的なスタートや、予測外の3着争いの逆転シナリオを過小評価しない。,びわこ,,moderate
20260423_びわこ_3,2026-04-23,教訓: 圧倒的な本命の予測だけでなく、モーター機力と展開の相互作用による中穴の逆転の可能性をより深く評価する必要がある。,びわこ,,moderate
20260423_びわこ_4,2026-04-23,教訓: モーター機力差や中風の影響など、環境要因とスタートのズレを確率計算に過度に依存せず、動的な展開として織り込むことが真の期待値最大化に繋がる。,びわこ,,moderate
20260423_びわこ_5,2026-04-23,教訓: 確率的な優位性だけでなく、モーター機力と展開・風の影響を動的に評価し、レース終盤の競り合いを織り込む必要がある。,びわこ,,moderate
20260423_びわこ_6,2026-04-23,教訓: 圧倒的な本命の優位性だけでなく、中穴艇の機力差と展開の相互作用をより深く織り込む必要がある。,びわこ,,moderate
20260423_びわこ_7,2026-04-23,教訓: 複雑な機力差と展開の相互作用分析よりも、強風などの外的要因による基本となる逃げの確実性を優先的に評価すべきである,びわこ,,strong
20260423_多摩川_3,2026-04-23,教訓: 期待値分析に加え、中風下の具体的なスタートタイミングとモーターの初期加速差をリアルタイムで重み付けすることが、予測精度向上に不可欠である。,多摩川,,moderate
20260423_福岡_1,2026-04-23,教訓: 展開や風の影響を正確にモデル化することが、EV最大化の鍵となる。,福岡,,moderate
20260423_大村_3,2026-04-23,教訓: EV最大化の理論分析に加え、実際のモーター機力と微風の物理的影響を定量的に組み込むことで、予測の精度を飛躍的に向上させる。,大村,,calm
20260423_若松_8,2026-04-23,教訓: EVに基づく期待値分析が、モーター機力と風の影響を正確に織り込むことで、最高期待値の組み合わせを的確に予測できた。,若松,,moderate
20260423_桐生_5,2026-04-23,教訓: EV最大化を追求する予測は、モーター機力や展開の変動に対する感度を過小評価する可能性がある。,桐生,,moderate
20260423_桐生_4,2026-04-23,教訓: 中穴ゾーンのEV分析に加え、中風下でのモーターの特性と流れの相互作用をより深く組み込む必要性。,桐生,,moderate
20260423_福岡_8,2026-04-23,教訓: EV分析だけでなく、モーター機力と実際の展開・風の影響を組み合わせた動的要因評価を必須とする。,福岡,,calm
20260423_福岡_5,2026-04-23,教訓: EV最大化だけでなく、弱風下での内枠の攻めとモーターの機力差を総合的に評価することが、期待値最大化の鍵となる。,福岡,,calm
20260423_福岡_4,2026-04-23,教訓: EV最大化のロジックが、今回のレースの機力と展開を正確に捉えていた。,福岡,,calm
20260423_福岡_11,2026-04-23,教訓: 実オッズに基づく期待値（EV）分析は、展開や環境要因を考慮した上で、市場の過小評価された真の価値を見抜く上で最も信頼性の高い指標となる。,福岡,,moderate
20260424_住之江_1,2026-04-24,教訓: 風向とモーター機力の相互作用を、会場特性に基づきより詳細にモデル化する必要がある。,住之江,,moderate
20260424_住之江_10,2026-04-24,教訓: 統計的確率だけでなく、モーター機力と風などの外部環境要因の相互作用をシステムに深く組み込む必要がある。,住之江,,moderate
20260424_住之江_11,2026-04-24,教訓: 圧倒的な本命の優位性だけでなく、中団艇の機力差と中風の影響を総合的に評価し、差し展開の具体的な勝率を再計算すること。,住之江,,moderate
20260424_住之江_12,2026-04-24,教訓: 1号艇の支配力に過度に依存せず、中穴ゾーンの機力差と中風による展開変化をより厳密に評価する必要がある。,住之江,,moderate
20260424_住之江_2,2026-04-24,教訓: 圧倒的な優位性を基盤としつつ、中穴ゾーンの組み合わせを狙うことで、期待値最大化と的中率を両立させる。,住之江,,moderate
20260424_住之江_3,2026-04-24,教訓: モーター機力の優位性だけでなく、中風下の潮流・スタートの微細な相互作用が展開を決定づける。,住之江,,moderate
20260424_住之江_4,2026-04-24,教訓: モーター機力とスタートタイミングの優位性だけでなく、展開・風の影響をより詳細に組み込むことで、穴の着順予測精度を向上させる必要がある。,住之江,,moderate
20260424_住之江_5,2026-04-24,教訓: 1号艇の優位性は予測通りであったが、展開やモーターの僅かな機力の差よりも、内側の競り合いにおける艇全体のパフォーマンス変動をより詳細にモデル化する必要がある。,住之江,,moderate
20260424_住之江_6,2026-04-24,教訓: 舟券の軸を絶対的な優位性だけでなく、モーターと展開の相互作用を考慮した相対的な機力バランスで再評価すること。,住之江,,moderate
20260424_住之江_7,2026-04-24,教訓: 1号艇の逃げ切り確率だけでなく、展開の変化と中穴のモーターの相互作用をより深く評価することが、期待値最大化の鍵となる。,住之江,,calm
20260424_若松_4,2026-04-24,教訓: 強風下では、モーター機力予測以上に、外枠の展開と風の影響を重視した展開分析がシステム改善の鍵となる。,若松,,strong
20260424_若松_7,2026-04-24,教訓: EV最大化の予測においても、強風や展開といった外部環境要因の影響を、モーター機力評価と複合的に考慮する必要がある。,若松,,strong
20260425_丸亀_1,2026-04-25,教訓: モーター機力評価だけでなく、弱風下での具体的なスタート・展開のダイナミクスを複合的に評価する。,丸亀,,calm
20260425_丸亀_10,2026-04-25,教訓: モーター機力予測だけでなく、弱風下の具体的な展開とモーターの反応速度を総合的に評価するシステムを構築する必要がある。,丸亀,,calm
20260425_丸亀_11,2026-04-25,教訓: モーター機力と弱風の影響をより動的に評価するシステムを構築すること。,丸亀,,calm
20260425_丸亀_12,2026-04-25,教訓: モーター機力と展開の相互作用をより深く評価する必要がある。,丸亀,,calm
20260425_丸亀_2,2026-04-25,教訓: 中風下でのモーター機力と展開の相互作用を過小評価したため、環境要因の重み付けを強化する必要がある。,丸亀,,moderate
20260425_丸亀_3,2026-04-25,教訓: モーター機力評価だけでなく、環境要因（風・水面状態）がレース展開に与える影響をより動的に組み込む必要がある。,丸亀,,moderate
20260425_丸亀_4,2026-04-25,教訓: モーター機力評価だけでなく、中風による実際の展開をより詳細にモデル化する必要がある。,丸亀,,moderate
20260425_丸亀_5,2026-04-25,教訓: AIはモーター機力だけでなく、中風という外部環境要因が勝敗に大きく影響することを過小評価した。,丸亀,,moderate
20260425_丸亀_6,2026-04-25,教訓: モーター機力と微風によるスタート時のわずかな差が、レース展開の勝敗を決定づける重要な要因となる。,丸亀,,calm
20260425_丸亀_7,2026-04-25,教訓: モーター機力だけでなく、実際のレース展開と微細な風の影響を複合的に評価するシステムが必要である。,丸亀,,calm
20260425_若松_6,2026-04-25,教訓: モーター機力と外部環境（風）の相互作用を、より高精度に評価する。,若松,,moderate
20260425_若松_3,2026-04-25,教訓: 環境要因（風）とモーター機力の相互作用を正確にモデル化することの重要性,若松,,moderate
20260425_常滑_2,2026-04-25,教訓: 環境要因（特にモーター機力と微風の影響）の動的相互作用を、静的データだけでなく動的に評価するシステムを構築すること。,常滑,,calm
20260425_平和島_1,2026-04-25,教訓: 特定の環境条件（風やモーターの実際の機力）が予測モデルの前提を大きく上回る場合、動的な相互作用を考慮した重み付けを強化する必要がある。,平和島,,calm
20260425_桐生_11,2026-04-25,教訓: EV最大化だけでなく、モーター機力と実際の展開の相互作用をより深く組み込む必要がある。,桐生,,moderate
20260425_若松_5,2026-04-25,教訓: EVデータが示す期待値の集中と実際のレース展開の相関関係を再評価する必要がある。,若松,,moderate
20260425_平和島_4,2026-04-25,教訓: EV最大化戦略は、単なる確率だけでなく、市場の非効率性（期待値）を重視することで、実際のレース結果と高い精度で一致する。,平和島,,moderate
20260425_桐生_9,2026-04-25,教訓: 期待値分析は、モーター機力だけでなく、スタートの遅れや中風の影響など外部要因の変動をより厳密に織り込む必要がある。,桐生,,moderate
20260425_若松_2,2026-04-25,教訓: EV分析は理論的価値を提供するが、中風下でのモーター機力とスタート時の展開の物理的影響を過小評価する。,若松,,moderate
20260425_丸亀_8,2026-04-25,教訓: 期待値分析は統計的な優位性を示すが、実際の勝敗はモーターの微細な機力差とスタートタイミングという非線形的な要因に左右される。,丸亀,,calm
20260426_丸亀_1,2026-04-26,教訓: 確率論だけでなく、モーターの機力差と水面の流れ、そして風の影響を複合的に評価した、実戦的な展開予測の重要性。,丸亀,,moderate
20260426_丸亀_10,2026-04-26,教訓: 圧倒的な優位性だけでなく、モーター機力差やスタートの読み取りを複合的に評価し、穴の組み合わせの期待値を最大化する。,丸亀,,moderate
20260426_丸亀_11,2026-04-26,教訓: 確率的な軸だけでなく、モーター機力とスタートの相互作用、そして実際の展開の影響を深く読み取る必要がある。,丸亀,,calm
20260426_丸亀_12,2026-04-26,教訓: 圧倒的な逃げの予測は的中したが、モーター機力と水面の流れの相互作用をより深く組み込むことで、着順の確率分布をより精緻に予測できる。,丸亀,,moderate
20260426_丸亀_3,2026-04-26,教訓: 統計的な優位性だけでなく、穴艇の機力と展開のダイナミクスを複合的に評価することが、期待値を最大化する鍵である。,丸亀,,calm
20260426_丸亀_4,2026-04-26,教訓: 1号艇の勝利確率に偏重し、モーター機力や展開による2着・3着の相対的な順位変動を過小評価した。,丸亀,,calm
20260426_丸亀_5,2026-04-26,教訓: 予測された優位性（1号艇の逃げ）に対し、スタートタイミングとモーターの具体的な機力差をより深く反映させる必要がある。,丸亀,,calm
20260426_丸亀_6,2026-04-26,教訓: モーター機力やレーン優位性といった静的な評価に加え、弱風下のスタートタイミングと展開の動的な影響をシステム的に組み込む必要がある。,丸亀,,calm
20260426_丸亀_7,2026-04-26,教訓: 1号艇の優位性予測は、スタートタイミングやモーターの機力差といった初期条件の変動に対する感度を十分に反映できていない。,丸亀,,calm
20260426_津_7,2026-04-26,教訓: モーター機力評価に加え、中風下での具体的な水面状況とコース特性の動的な相互作用をより深くモデル化する必要がある。,津,,moderate
20260426_津_11,2026-04-26,教訓: 展開予想の精度向上には、モーター気力だけでなく、指定された風向・風速による艇ごとの実質的な加速差をより詳細にモデリングすることが不可欠である。,津,,moderate
20260426_浜名湖_7,2026-04-26,教訓: EV最大化に加え、中風下での実際の機動力と展開の機微をより詳細にモデル化する必要がある。,浜名湖,,moderate
20260426_児島_8,2026-04-26,教訓: EV分析は確率の優位性を測るが、モーターの微細な状態変化や突発的な風の影響を定量化する際、動的な要因の重み付けをより高精度で行う必要がある。,児島,,calm
20260426_平和島_2,2026-04-26,教訓: EV分析は理論的最適解を示すが、実際のレース結果は展開やモーターの機力といった現場要因によって大きく変動する。,平和島,,calm
20260426_児島_6,2026-04-26,教訓: 期待値分析に加え、弱風下での具体的なスタートタイミングとモーターの加速特性の相互作用をより詳細にモデル化する必要がある。,児島,,calm
20260426_児島_5,2026-04-26,教訓: 期待値分析に加え、モーターの機力と実際の展開・風の影響を動的に再評価するプロセスを組み込むべきである。,児島,,calm
20260426_浜名湖_2,2026-04-26,教訓: 静的なモーター性能分析に留まらず、中風などの動的な環境要因をEV計算に組み込むことが、真の期待値を導く鍵である。,浜名湖,,moderate
20260426_若松_3,2026-04-26,教訓: モーターの期待値だけでなく、中風下の展開とスタートタイミングの動的要素をより深く組み込む必要がある。,若松,,moderate
20260426_丸亀_2,2026-04-26,教訓: EV分析において、モーター機力の評価とレース展開の相互作用をより深く織り込む必要があった。,丸亀,,calm
20260427_丸亀_1,2026-04-27,教訓: 1号艇の支配力予測に依存せず、内側の艇の機力とスタートのバランスをより厳密に評価する仕組みを導入すべき。,丸亀,,moderate
20260427_丸亀_10,2026-04-27,教訓: 確率論だけでなく、モーターの微細な機力差と環境要因（風向き・水面状態）の相互作用をより深くモデル化する必要がある。,丸亀,,calm
20260427_丸亀_11,2026-04-27,教訓: 確率の最大化だけでなく、モーター機力とスタートの相互作用を動的に評価することが、期待値最大化の鍵となる。,丸亀,,calm
20260427_丸亀_12,2026-04-27,教訓: 1号艇の優位性を軸としながらも、中穴ゾーンにおける2着・4着の具体的な組み合わせの予測精度を向上させる必要がある。,丸亀,,calm
20260427_丸亀_2,2026-04-27,教訓: 構造的な逃げ切りを前提とするだけでなく、展開の激化に伴う特定のモーター機力とスタートタイミングの相互作用を、より詳細に評価する必要がある。,丸亀,,calm
20260427_丸亀_3,2026-04-27,教訓: 確率的な優位性だけでなく、モーター機力と実際のスタート・展開といった現場の変動要因を深く分析することが、予測精度を決定づける。,丸亀,,calm
20260427_丸亀_4,2026-04-27,教訓: モーター機力やスタートの変動をAIが過小評価する傾向があるため、展開と機力差のダイナミクスをより重視したモデル補正が必要である。,丸亀,,calm
20260427_丸亀_5,2026-04-27,教訓: 軸の優位性に過度に依存せず、展開や機力のバランス変化による穴の組み合わせの期待値も同時に評価する必要がある。,丸亀,,calm
20260427_丸亀_6,2026-04-27,教訓: 確率論だけでなく、モーター機力と風の影響を複合的に評価し、展開の変動を考慮に入れることが期待値を最大化する鍵である。,丸亀,,moderate
20260427_丸亀_7,2026-04-27,教訓: 1号艇の優位性予測に過度に依存し、実際の展開とモーターの機力差がもたらす変動要因を見落とした。,丸亀,,calm
20260427_芦屋_4,2026-04-27,教訓: EV最大化と市場の歪みを組み合わせた分析が、実際のレース結果を正確に予測する鍵となる。,芦屋,,calm
20260427_唐津_2,2026-04-27,教訓: オッズに基づくEV最大化だけでなく、モーター・展開・風などの物理的要因の相互作用を組み込むことで、予測精度とシステム改善の確実性を高める。,唐津,,calm
20260427_若松_5,2026-04-27,教訓: EV最大化の統計的予測に加え、実際の展開と環境要因（モーター機力や風の影響）を複合的に考慮したシミュレーションを必須とする。,若松,,moderate
20260427_平和島_5,2026-04-27,教訓: 強風下では、EV最大化の予測よりも、モーター機力と風による実際の浮力・加速の変動要因を最優先で考慮するシステムが必要である。,平和島,,strong
20260427_徳山_2,2026-04-27,教訓: 期待値の最大化は確率論的最適解を提供するが、レース結果においては環境変数（モーター機力や微細な風の影響）の物理的な相互作用を見誤ると予測が崩れる。,徳山,,calm
20260427_浜名湖_2,2026-04-27,教訓: モーター性能に基づくEV最大化に加え、実際のスタートラインでの機動力の微細な差や展開変化を考慮した動的分析が不可欠である。,浜名湖,,calm
20260427_平和島_8,2026-04-27,教訓: 中風時のモーター機力差と展開の読み込みが、期待値に基づいた最適な組み合わせを導く上で決定的な要素となる。,平和島,,moderate
20260427_唐津_3,2026-04-27,教訓: 実オッズに基づくEV分析に加え、モーター機力の変動と中風の影響度を複合的に評価することで、期待値最大化の精度を高める必要がある。,唐津,,moderate
20260427_津_12,2026-04-27,教訓: EV最大化戦略は、モーター機力と中風の影響を複合的に評価する重み付けにおいて、環境要因の変動に対する感度を過小評価する傾向がある。,津,,moderate
20260427_平和島_3,2026-04-27,教訓: モーター・スタートの歪みよりも、外部環境（風や展開）が最終的な勝敗に与える影響をより重視すべきである。,平和島,,moderate
20260428_常滑_9,2026-04-28,教訓: 期待値最大化の理論的優位性よりも、実際のレース展開における中穴艇の機動性と流れの変化を重視すべきである。,常滑,,calm
20260428_常滑_12,2026-04-28,教訓: 圧倒的な本命予測に依存せず、展開・風の影響とモーター機力に基づいた中穴ゾーンの組み合わせリスク分散を優先すべきである。,常滑,,moderate
20260428_住之江_11,2026-04-28,教訓: 圧倒的な本命の優位性があっても、風やスタートの微細な変動が結果を大きく左右するため、確率論だけでなく環境要因（特に機力と展開）の相互作用をより厳密に評価する必要がある。,住之江,,moderate
20260428_丸亀_10,2026-04-28,教訓: 予測された優位性よりも、内枠の連動性と他艇の攻めが実戦で勝敗を左右した。,丸亀,,calm
20260428_尼崎_10,2026-04-28,教訓: 強風下では、内側のモーター機力だけでなく、外側の艇の逆風・追い風による相対的な機力変化をより重視すべきである。,尼崎,,strong
20260428_唐津_12,2026-04-28,教訓: 統計的優位性だけでなく、中穴艇の機力差と中風の影響を動的に組み込むことで、期待値最大化を実現する。,唐津,,moderate
20260428_尼崎_9,2026-04-28,教訓: 統計的な優位性に加えて、本命艇が展開で主導権を握る流れを最優先し、差し・浮上のポテンシャルを機動力と風条件で再評価する必要がある。,尼崎,,moderate
20260428_丸亀_8,2026-04-28,教訓: 確率と専門家の期待値だけでなく、内側のモーター機動力と実際の展開の相互作用をより詳細に織り込む必要がある。,丸亀,,calm
20260428_大村_7,2026-04-28,教訓: 統計的優位性だけでなく、レース当日のスタートおよびモーターの動的な機力差をリアルタイムで評価する要素を取り入れること。,大村,,calm
20260428_芦屋_2,2026-04-28,教訓: EV最大化だけでなく、モーター気力と実際の展開変化に対する感度をシステムに組み込むことの重要性。,芦屋,,calm
20260428_尼崎_12,2026-04-28,教訓: モーター機力や確率論だけでなく、リアルタイムの風向きと水面の状態といった物理的環境要因を重み付けして予測モデルに組み込む必要がある。,尼崎,,moderate
20260428_平和島_3,2026-04-28,教訓: 強風などの環境要因を、モーター機力やEVデータと統合して予測モデルに組み込む必要がある。,平和島,,strong
20260428_尼崎_3,2026-04-28,教訓: モーターの絶対評価よりも、中風時の水面および潮流の変化による機動性の影響をより重視すべきである。,尼崎,,moderate
20260428_多摩川_3,2026-04-28,教訓: 理論的な期待値最大化よりも、実際のモータースタートと展開時の外部要因（特に弱風下の機力差）の相互作用をより優先して評価する必要がある。,多摩川,,calm
20260428_芦屋_9,2026-04-28,教訓: EV分析だけでなく、中風下でのモーターの特性とコース取りによる実際の展開変動を組み込む必要がある。,芦屋,,moderate
20260428_唐津_10,2026-04-28,教訓: EV分析だけでなく、モーターの機力と中風による実際の展開影響を物理的に正確にモデル化することが最も重要である。,唐津,,moderate
20260428_蒲郡_9,2026-04-28,教訓: モーター機力評価と弱風下でのスタート相互作用の連動性をより詳細に組み込む必要がある。,蒲郡,,calm
20260428_芦屋_1,2026-04-28,教訓: EV分析に加え、中風下での機力差とレース展開の相互作用をより詳細にモデル化する必要がある。,芦屋,,moderate
20260428_徳山_1,2026-04-28,教訓: EV分析に加え、中風という外部環境要因がモーターの機力以上にレース展開に決定的な影響を与えたため、環境変化に対する感度評価をシステムに組み込む必要がある。,徳山,,moderate
20260429_尼崎_8,2026-04-29,教訓: モーター性能の優位性だけでなく、中風下の展開と各艇の位置関係の相互作用を動的に評価することが、期待値最大化の鍵である。,尼崎,,moderate
20260429_常滑_11,2026-04-29,教訓: モーター機力評価だけでなく、中風という外部環境がスタートタイミングと流れに与える影響を総合的に評価することが、予測精度を最大化する。,常滑,,moderate
20260429_多摩川_12,2026-04-29,教訓: 確率だけでなく、内側のモーター性能と展開の相互作用を深く考慮することで、単なる優位性に基づいた予測よりも高い精度で結果を導ける。,多摩川,,moderate
20260429_江戸川_10,2026-04-29,教訓: 圧倒的な優位性を持つ艇の予測に、モーター機力と風の影響という複合的なダイナミクスを加えることで、市場が過小評価する真の期待値（EV）を算出できる。,江戸川,,moderate
20260429_徳山_4,2026-04-29,教訓: モーター機力と展開の理論的期待値だけでなく、実際のレースにおける非線形な力の差や予期せぬ展開変動への感度をモデルに組み込む必要性がある。,徳山,,calm
20260429_江戸川_12,2026-04-29,教訓: 内側のモーター性能を重視するだけでなく、外側の展開や風の影響が3着クラスの決着に決定的な影響を与える。,江戸川,,moderate
20260429_常滑_1,2026-04-29,教訓: モーター機力に基づく絶対的優位性だけでなく、スタートタイミングと上位艇間の動的な駆け引きを予測に組み込む必要がある。,常滑,,moderate
20260429_平和島_4,2026-04-29,教訓: 統計的優位性だけでなく、モーターの機力差とコース特性の変化を動的に評価する。,平和島,,calm
20260429_下関_8,2026-04-29,教訓: 予測と結果が一致した場合は、特定の条件（モーター、展開、風）がモデルに適切に反映され、期待値最大化戦略が成立したことを確認する。,下関,,moderate
20260429_福岡_12,2026-04-29,教訓: 展開予想の精度向上には、モーター機力だけでなく、中風下のスタートタイミングと実際の展開への影響をより詳細にモデル化する必要がある。,福岡,,moderate
20260429_芦屋_2,2026-04-29,教訓: 期待値（EV）が1.0を超える組み合わせの選定が、弱風という環境下においても市場の過小評価を正確に捉え、結果を予測できた。,芦屋,,calm
20260429_丸亀_12,2026-04-29,教訓: EV最大値に基づく予測も、実際のレース結果は機力以外の動的な要因（スタートや展開）の影響を強く受けるため、多角的な評価が必要である。,丸亀,,calm
20260429_福岡_11,2026-04-29,教訓: EV分析のみに頼らず、モーターの機力と中風による流れの変化という外部環境要因を複合的に考慮する。,福岡,,moderate
20260429_徳山_3,2026-04-29,教訓: モーター機力予測に依存せず、微細な風向きや展開の動的要因を組み込んだ総合的な物理モデル構築が不可欠である。,徳山,,calm
20260429_鳴門_2,2026-04-29,教訓: EV分析に基づいた期待値最大化が、実際のレース結果を正確に予測する最重要指標となる。,鳴門,,calm
20260429_徳山_1,2026-04-29,教訓: 期待値予測に加え、天候や風といった外部環境要因とモーター機力の相互作用を定量的に評価することが、長期的な収支最大化の鍵となる。,徳山,,calm
20260429_尼崎_10,2026-04-29,教訓: EV分析だけでは、モーター機力や実際の展開変化といった非統計的要因が結果に大きく影響するため、予測には環境要因の組み込みが不可欠である。,尼崎,,calm
20260429_住之江_4,2026-04-29,教訓: EV分析は表面的な期待値だけでなく、実際の展開とモーター・船体の相互作用を深く考慮する必要がある。,住之江,,moderate
20260429_丸亀_8,2026-04-29,教訓: EV分析だけでは、モーターの機力差や微細な展開変化を捉えきれず、実際のレース結果との乖離が生じるため、機力と展開の動的評価を組み合わせる必要がある。,丸亀,,calm
20260429_丸亀_10,2026-04-29,教訓: EV分析に加え、実際のモーター機力と微細な風の影響を統合した物理的因果関係の検証が、期待値を最大化する鍵である。,丸亀,,calm
20260430_江戸川_8,2026-04-30,教訓: モーター機力の評価を最優先し、穏やかな環境下では外部要因よりも内部性能の誤差をシステムが正確に把握するよう重み付けを修正する必要がある。,江戸川,,calm
20260430_丸亀_12,2026-04-30,教訓: 環境要因（風）とモーター機力の相互作用を、単独のデータとしてではなく複合的なシステムとして評価する必要がある。,丸亀,,moderate
20260430_津_5,2026-04-30,教訓: 圧倒的な本命艇の逃げ切りは展開予想以上に強く作用し、内側の機力差よりもスタートとトップスピードの優位性が結果を決定した。,津,,calm
20260430_大村_11,2026-04-30,教訓: 確率の高さに溺れず、モーター機力や展開要因といった環境変化を総合的に評価する。,大村,,calm
20260430_下関_11,2026-04-30,教訓: 予測した理想的な展開よりも、実際のモーター機力と展開の相互作用（特に外枠の攻めや追い込み）をより深くシステムに組み込む必要がある。,下関,,calm
20260430_多摩川_7,2026-04-30,教訓: 統計的優位性だけでなく、外部要因と中穴ゾーンの相互作用の評価が、実際の勝率と期待値に直結する。,多摩川,,calm
20260430_下関_9,2026-04-30,教訓: 軸となる逃げの確度だけでなく、高EVゾーンにおける2着・3着争いの具体的な順番を予測する精度を向上させる必要がある。,下関,,calm
20260430_浜名湖_12,2026-04-30,教訓: モーター性能と展開の相互作用が、単なる枠順優位性よりも結果に強く影響する。,浜名湖,,calm
20260430_徳山_9,2026-04-30,教訓: モーター機力と展開・風の影響といった複数の不確定要素の相互作用を統合的に評価することが、期待値を最大化する予測の鍵となる。,徳山,,moderate
20260430_宮島_1,2026-04-30,教訓: 期待値に基づく静的な予測に、実戦時の動的環境要因（風やモーター機力のリアルタイム評価）の影響を織り込む必要がある。,宮島,,moderate
20260430_大村_6,2026-04-30,教訓: モーター機力やスタートタイミングの絶対的な優位性よりも、実際の風向きや水面状況といった外部環境要因の影響度をより詳細に織り込む必要がある。,大村,,calm
20260430_浜名湖_1,2026-04-30,教訓: EV分析に加え、実際の展開における内枠の攻め方やモーター機力の変動をより詳細に組み込むことで、期待値の算出精度を高める必要がある。,浜名湖,,calm
20260430_徳山_1,2026-04-30,教訓: 数理的期待値に加え、天候・風などの物理的環境要因とモーターの絶対的な機力差を統合した多変量分析が、予測精度を決定づける。,徳山,,moderate
20260430_徳山_12,2026-04-30,教訓: 中風時のモーター機力と展開の相互作用を、EV分析の重み付けに組み込むこと。,徳山,,moderate
20260430_尼崎_10,2026-04-30,教訓: EV分析だけでなく、中風などの外部環境要因と実際のスタートタイミングに基づく「展開シミュレーション」を組み込むことで、期待値最大化の精度を向上させる。,尼崎,,moderate
20260430_下関_12,2026-04-30,教訓: モーター性能だけでなく、実際のスタートタイミングと展開における先行勢の具体的な動き（不可視要因）をより深く統合して評価する必要がある。,下関,,calm
20260430_浜名湖_10,2026-04-30,教訓: 期待値に基づいたデータ駆動型の分析こそが、変動要因を乗り越えるシステム改善の鍵である。,浜名湖,,calm
20260430_鳴門_1,2026-04-30,教訓: 統計的期待値（EV）の最大化だけでなく、モーター機力や局所的な風の影響といった動的な物理的要因を複合的に評価するシステムが必要である。,鳴門,,calm
20260430_芦屋_2,2026-04-30,教訓: EV最大化の分析に加え、中風下での実際のスタートタイミングと展開変化をより詳細にモデル化する必要がある。,芦屋,,moderate
20260501_大村_12,2026-05-01,教訓: 統計的優位性のみに頼らず、モーター機力や実際の展開・風の影響を複合的に評価する必要がある。,大村,,calm
20260501_桐生_6,2026-05-01,教訓: 静的なモーター性能や理想的な展開予想だけでなく、実際のレースにおける内側の艇の攻めや動的な流れをより深く織り込む必要がある。,桐生,,calm
20260501_福岡_11,2026-05-01,教訓: 圧倒的な本命の展開予測に注力する一方で、強風などの外部環境による機力差の動的影響をより厳密に定量化すべきである。,福岡,,strong
20260501_福岡_10,2026-05-01,教訓: 強風下でのモーター性能とスタートタイミングの複合的な影響を、単なる優位性予測以上に深くシステムに組み込むこと。,福岡,,strong
20260501_下関_11,2026-05-01,教訓: モーター機力による優位性だけでなく、中穴の舟券を狙う際の展開や風の影響をより詳細に織り込むべきである。,下関,,moderate
20260501_鳴門_12,2026-05-01,教訓: 強風下では、モーター機力評価以上に外部環境（特に風速とモーターの状態）が勝敗の決定要因となる。,鳴門,,strong
20260501_下関_10,2026-05-01,教訓: 展開予想だけでなく、具体的な機力と中盤の差し込みタイミングを詳細に分析することで、現実の競り合いの結果をより正確に予測できる。,下関,,moderate
20260501_江戸川_10,2026-05-01,教訓: 軸の優位性だけでなく、展開における差し・浮上の機動性を多角的に評価することが、結果の正確性を高める。,江戸川,,moderate
20260501_唐津_2,2026-05-01,教訓: EVデータだけでなく、実際のモーター機力や展開・風といった現場環境要因をより厳密にモデル化する必要がある。,唐津,,calm
20260501_徳山_2,2026-05-01,教訓: 統計的期待値（EV）だけでなく、モーター機力と現在の風の影響といったリアルタイムの物理的要因を予測モデルに組み込む必要がある。,徳山,,moderate
20260501_福岡_9,2026-05-01,教訓: 強風などの環境要因下で、市場オッズに惑わされず期待値（EV）を最大化する組み合わせの選定が、実際の高配当につながる。,福岡,,strong
20260501_徳山_1,2026-05-01,教訓: EV分析が示す理論的優位性を、実際の展開やモーター機力の変動といった外部要因への感度を組み込むことで、予測の精度とシステム改善の双方を最大化する。,徳山,,moderate
20260501_唐津_1,2026-05-01,教訓: 強風下では、機力データだけでなく、リアルタイムの気象条件（特に風向きと波の影響）を最優先で織り込むべきである。,唐津,,strong
20260501_鳴門_2,2026-05-01,教訓: モーターの機力評価に加え、中風下の水面抵抗とスタートタイミングの変動を確率モデルに組み込む必要がある。,鳴門,,moderate
20260501_唐津_3,2026-05-01,教訓: 期待値（EV）の最大化だけでなく、中風下の機力と具体的な展開を動的に評価する要素を組み込む必要がある。,唐津,,moderate
20260501_宮島_3,2026-05-01,教訓: EV最大化のロジックは、特定の条件下での機力差や環境影響を正確に織り込んでいる。,宮島,,moderate
20260501_鳴門_1,2026-05-01,教訓: モーター性能だけでなく、強風などの環境要因がレースの勝敗に与える動的な影響を最優先でモデル化する必要がある。,鳴門,,strong
20260502_びわこ_12,2026-05-02,教訓: 1号艇の優位性だけでなく、内側の機力差と展開の変動要因をより深く織り込む必要がある。,びわこ,,calm
20260502_津_5,2026-05-02,教訓: 確率的な優位性だけでなく、強風下でのモーター機力差と実際の展開の動的相互作用をEV算出に組み込むことが、真の期待値最大化につながる。,津,,moderate
20260502_桐生_6,2026-05-02,教訓: 強風下での展開の変動とモーター機力のバランスを見誤らず、期待値最大化のための穴狙い戦略の有効性を確認する。,桐生,,strong
20260502_びわこ_11,2026-05-02,教訓: モーター機力と展開の予測に加え、差し・追い込み艇全体の具体的な動きとスタートタイミングの相互作用をより詳細にモデル化することで、中穴ゾーンの期待値を最大化できる。,びわこ,,moderate
20260502_宮島_12,2026-05-02,教訓: 圧倒的優位性を持つ艇への過信を避け、低番艇の潜在能力が発揮される展開の相互作用を重視すべきである。,宮島,,calm
20260502_三国_3,2026-05-02,教訓: モーター性能予測に加え、内側の艇の浮き沈みや流れといった展開の不確定性を、より確率的に重み付けて評価することが、長期的な回収率最大化に不可欠である。,三国,,calm
20260502_児島_11,2026-05-02,教訓: 統計的な優位性（モーター・機力）に偏重せず、実際の展開と艇間の攻防を考慮した総合的な期待値評価を行うこと。,児島,,calm
20260502_三国_2,2026-05-02,教訓: モーター機力差以上に、内枠のスタートタイミングと弱風下の展開の具体的な相互作用が結果を決定づける。,三国,,calm
20260502_唐津_1,2026-05-02,教訓: EV最大化に注力する際、モーター機力の変動や微細な風の影響といったリアルタイム物理要因の重み付けを強化する必要がある。,唐津,,calm
20260502_唐津_3,2026-05-02,教訓: 高度な期待値分析も、モーター機力や展開といった本質的な要因を見誤ると、最もシンプルな結果に収束する。,唐津,,moderate
20260502_津_12,2026-05-02,教訓: 市場の期待値（EV）に基づく予測は、実際のモーター機力や風の影響といった動的な要素を過小評価する可能性がある。,津,,moderate
20260502_唐津_2,2026-05-02,教訓: 統計的な期待値（EV）はあくまで傾向を示す指標であり、実際のレース結果は機力や環境変化といった具体的な要因によって大きく変動する。,唐津,,moderate
20260502_びわこ_9,2026-05-02,教訓: モーターの潜在能力と中風の影響を、単なる確率計算ではなく動的な相互作用として評価する。,びわこ,,moderate
20260502_宮島_10,2026-05-02,教訓: モーター性能評価に加え、微風環境下でのスタートタイミングの変動をより厳密にモデル化する必要がある。,宮島,,calm
20260502_桐生_12,2026-05-02,教訓: 期待値最大化の計算に、動的な風やモーター機力の瞬間的な変動要因を組み込む必要性がある。,桐生,,moderate
20260502_鳴門_1,2026-05-02,教訓: EVが示す高い期待値があっても、モーター機力の変動と予想外の展開（特に内枠の攻防）を考慮しないと予測精度は著しく低下する。,鳴門,,calm
20260502_宮島_3,2026-05-02,教訓: 理論的な期待値最大化だけでなく、環境要因（特にモーターの実際の機力や微風の影響）をリアルタイムで重み付けしてモデルに組み込む必要がある。,宮島,,calm
20260503_戸田_7,2026-05-03,教訓: 統計的期待値だけでなく、実際のレース展開におけるモーターの機力差と環境要因（風）の影響を動的に評価する仕組みを組み込む必要がある。,戸田,,calm
20260503_平和島_11,2026-05-03,教訓: 強風下では、モーター機力やスタート位置の優位性よりも環境要因（風）が展開を決定づけるため、EV計算に環境影響係数を組み込む必要がある。,平和島,,strong
20260503_三国_12,2026-05-03,教訓: モーター性能に加え、強風などの外部環境と展開の不確定性をシステムに組み込むことが、真の期待値最大化につながる。,三国,,strong
20260503_桐生_6,2026-05-03,教訓: EV最大化の原則に基づいた特定の組み合わせ予測が、このレース条件において実際の高期待値の結果と完全に一致した。,桐生,,moderate
20260503_桐生_11,2026-05-03,教訓: 確率論を超えた期待値最大化こそが、市場の過小評価を捉えるための真の戦略である。,桐生,,calm
20260503_平和島_2,2026-05-03,教訓: 圧倒的なコースアドバンテージとスタートタイミングの優位性が勝敗を決定づける核心要素である。,平和島,,calm
20260503_戸田_4,2026-05-03,教訓: モーター機力と微細な風の影響を、総合的な予測モデルに組み込む必要性。,戸田,,calm
20260503_津_10,2026-05-03,教訓: モーター機力と外部環境要因（風）の相互作用をより深く考慮する必要がある。,津,,calm
20260503_戸田_11,2026-05-03,教訓: モーター機力評価だけでなく、中風などの外部環境要因による船の展開をより厳密に予測する必要がある。,戸田,,moderate
20260503_津_12,2026-05-03,教訓: 弱風下でのモーター機力の絶対評価と、スタート時のわずかな差をシステムが過小評価した。,津,,calm
20260503_蒲郡_12,2026-05-03,教訓: 環境要因（風）とモーターの機力評価の相互作用を、より高精度で動的にモデル化する必要がある。,蒲郡,,moderate
20260503_住之江_3,2026-05-03,教訓: 環境要因（中風）の影響とモーター機力の連動性をより深く分析し、予測モデルに組み込む必要がある。,住之江,,moderate
20260503_蒲郡_8,2026-05-03,教訓: 中風時のモーター機力と展開の相互作用を、単独データではなく複合的に評価する。,蒲郡,,moderate
20260505_児島_12,2026-05-05,教訓: 展開の複雑性よりも、本命艇の機力・スタート時の優位性を最優先する。,児島,,moderate
20260505_桐生_7,2026-05-05,教訓: 期待値最大化のためには、単なる確率論ではなく、モーター機力と中風の影響を複合的に評価するシステムが真のEVを導く。,桐生,,moderate
20260505_宮島_8,2026-05-05,教訓: 1号艇の優位性評価に加え、低番艇間の動的相互作用と機力の変動をより精緻に評価することが、真の勝率最大化につながる。,宮島,,moderate
20260505_平和島_12,2026-05-05,教訓: 強風下での外枠の機動力とモーター性能が、内枠の優位性を上回る決定要因となる。,平和島,,strong
20260505_津_9,2026-05-05,教訓: 圧倒的な内枠の優位性が展開要因を上回り、AIが中穴ゾーンに焦点を当てた戦略よりも本命への集中と機力評価が真の期待値を最大化する。,津,,moderate
20260505_常滑_12,2026-05-05,教訓: 絶対的な優位性だけでなく、モーター機力と中風による展開の相互作用をよりダイナミックに評価する必要がある。,常滑,,moderate
20260505_びわこ_8,2026-05-05,教訓: 統計的な優位性だけでなく、モーターの機力とスタート時の具体的な展開の相互作用を、より動的に評価する必要がある。,びわこ,,calm
20260505_丸亀_8,2026-05-05,教訓: 統計的な優位性だけでなく、実際のモーター状態と弱風下での具体的な展開影響をより深くモデル化する必要がある。,丸亀,,calm
20260505_びわこ_11,2026-05-05,教訓: モーター機力の評価だけでなく、スタートタイミングと展開の変動に対するリスク評価をシステムに組み込むこと。,びわこ,,calm
20260505_宮島_7,2026-05-05,教訓: 1号艇の優位性に対する過信を抑制しつつも、中風下でのスタートタイミングとモーターの即時加速力を重視した展開評価が結果に直結する。,宮島,,moderate
20260505_唐津_2,2026-05-05,教訓: 特定のレースにおいて、機力や風の影響を考慮したEV最大化が正確に機能し、予測と結果が完全に一致した。,唐津,,moderate
20260505_唐津_3,2026-05-05,教訓: 統計的優位性（EV）を追求する際、環境要因（風や水面状態）とモーター機力の相互作用を定量的に組み込むことが、予測精度向上の鍵となる。,唐津,,moderate
20260505_唐津_1,2026-05-05,教訓: EV分析に偏重せず、特定のレース条件におけるスタート位置と環境変化（風・流れ）の動的影響をより重視すべきである。,唐津,,moderate
20260505_三国_1,2026-05-05,教訓: モーター機力よりも、スタート時の展開と1号艇の攻めが実際の勝敗を決定する。,三国,,calm
20260505_三国_2,2026-05-05,教訓: 期待値分析の精度向上には、EV > 1.0の指標だけでなく、モーター機力と外部環境（風）の相互作用に関する動的モデルの組み込みが不可欠である。,三国,,moderate
20260505_徳山_2,2026-05-05,教訓: 期待値計算に加え、微細な風速変化とモーターの瞬間的な反応を複合的に評価するモデルを追加する必要がある。,徳山,,calm
20260505_蒲郡_11,2026-05-05,教訓: モーターの潜在能力とスタート時の相互作用に加え、微風環境が結果を決定づける際の重み付けをシステムに組み込むこと。,蒲郡,,calm
20260505_宮島_1,2026-05-05,教訓: 展開と機力分析に加え、実戦での各艇の具体的なポジション取りの変化をより詳細にモデル化する必要がある。,宮島,,moderate
20260505_津_11,2026-05-05,教訓: 強風下ではモーター機力評価よりも、風による船体の挙動とスタートタイミングの予測精度を優先する。,津,,strong
20260505_戸田_4,2026-05-05,教訓: モーター機力と環境要因（風）の動的相互作用を、静的な確率論より優先してモデル化する必要がある。,戸田,,moderate
20260506_平和島_12,2026-05-06,教訓: 確率論的なEV最大化よりも、特定の条件下での機力差と展開の影響を考慮した本命固定ゾーンが、結果として最も確実な期待値を生み出す。,平和島,,moderate
20260506_津_9,2026-05-06,教訓: 単一艇の確率に依存するだけでなく、中穴ゾーンにおけるモーター機力の総合評価と展開のリスクを同時に期待値計算に組み込むこと。,津,,calm
20260506_常滑_12,2026-05-06,教訓: 期待値最大化は、モーター機力や展開といった現場の機動性要素との複合的な相互作用を定量的に評価した上で実行すべきである。,常滑,,calm
20260506_桐生_8,2026-05-06,教訓: 単なる確率ではなく、期待値最大化に基づいた専門的知見の統合が、複雑なレース展開における真の勝率を導く。,桐生,,moderate
20260506_三国_12,2026-05-06,教訓: 1号艇の優位性以上に、モーター・環境と展開の相互作用が勝敗を決定づけるため、環境要因（風）と機力のリアルタイムな相互作用分析を強化すべきである。,三国,,moderate
20260506_三国_2,2026-05-06,教訓: 強風下でのスタートタイミングと外枠の機力差が、1号艇の優位性を凌駕する決定的な要因となった。,三国,,strong
20260506_尼崎_12,2026-05-06,教訓: 展開予測が結果を決定づける場合、モーター性能よりも流れの読み取りを最優先すべきである。,尼崎,,calm
20260506_津_1,2026-05-06,教訓: 逃げ馬の機力と展開の変動を正確に見積もるだけでなく、中穴ゾーンでの激しい攻防（2着・3着争い）が発生した場合の組み合わせの予測精度を高める必要がある。,津,,calm
20260506_丸亀_12,2026-05-06,教訓: 期待値最大化に加え、モーター機力の詳細な差と弱風下での差し・追い込みの展開影響を厳密に評価することが、予測精度向上への鍵となる。,丸亀,,calm
20260506_びわこ_6,2026-05-06,教訓: モーター機力とスタートラインの複合評価が、静的な確率よりも動的な展開を捉える上で最も重要な要素となる。,びわこ,,calm
20260507_三国_1,2026-05-07,教訓: 確率最大化だけでなく、市場の期待値（EV）との乖離を評価することで真のシステムのエッジを見出す。,三国,,calm
20260507_常滑_12,2026-05-07,教訓: 単なる確率ではなく、モーター機力と展開の相互作用を評価し、期待値最大化の視点から分析することが、高精度な予測とシステム改善に繋がる。,常滑,,calm
20260507_大村_7,2026-05-07,教訓: 展開予想は信頼できるが、弱風下でのモーター機力差の微細な変動をより深く組み込む必要があった。,大村,,calm
20260507_尼崎_8,2026-05-07,教訓: 1号艇の優位性予測に加え、モーター機力差や中風下の具体的なスタートタイミング・展開影響を複合的に評価することが、期待値最大化の鍵となる。,尼崎,,moderate
20260507_三国_7,2026-05-07,教訓: 期待値最大化の理論を適用する際、モーター機力と展開・風の影響という環境要因との相互作用をより深くモデル化する必要がある。,三国,,calm
20260507_大村_9,2026-05-07,教訓: 本命艇の絶対的な優位性が出た場合、対抗艇間の複雑な攻防よりもスタートと逃げの安定性を最優先すべき。,大村,,calm
20260507_三国_12,2026-05-07,教訓: モーター機力だけでなく、中風などの外部環境とスタートタイミングの相互作用をより精密にモデル化する必要がある。,三国,,moderate
20260507_大村_12,2026-05-07,教訓: 統計的優位性だけでなく、弱風下でのモーターの瞬間的な加速差をより詳細にモデル化することが、期待値最大化の精度向上に不可欠である。,大村,,calm
20260507_徳山_2,2026-05-07,教訓: 期待値（EV）のみに依存せず、モーターの機力と実際の展開・風の影響を複合的に評価する必要がある。,徳山,,calm
20260507_徳山_1,2026-05-07,教訓: 期待値最大化の分析に加え、環境要因（風・水面状態）の変動リスクを動的に組み込む必要がある。,徳山,,moderate
20260507_三国_2,2026-05-07,教訓: 統計的EV最大化だけでなく、変動要因（特に風やモーターの瞬間的な機力差）の影響度を動的に重み付けするシステムが必要である。,三国,,moderate
20260507_常滑_2,2026-05-07,教訓: モーター機力と展開の予測に加えて、中風時の具体的な水面抵抗やスタートタイミングの影響を物理的に組み込む必要がある。,常滑,,moderate
20260507_尼崎_1,2026-05-07,教訓: EVデータに基づく期待値最大化は理論的だが、現場の具体的な展開や機力の微妙な差を考慮するため、物理的要因（風・波）とモーター状態の定性分析も併用する必要がある。,尼崎,,moderate
20260507_児島_5,2026-05-07,教訓: EV分析は長期的な傾向把握に有効だが、特定のレースにおける機力差と瞬時の展開の動的相互作用を過小評価してはならない。,児島,,calm
20260507_常滑_11,2026-05-07,教訓: EV最大化の分析は、モーター機力と展開・風の影響を正確に織り込むことで初めて有効となる。,常滑,,calm
20260507_平和島_10,2026-05-07,教訓: 期待値の算出に、短期的な風向きやモーターの瞬間的な反応といった環境要因をより深く組み込む必要がある。,平和島,,moderate
20260507_芦屋_2,2026-05-07,教訓: 機力予測に加え、弱風下でのモーターの具体的な浮き沈みと展開への影響を複合的に評価する。,芦屋,,calm
20260507_浜名湖_12,2026-05-07,教訓: 期待値を最大化するためには、モーター性能だけでなく、中風といった環境要因を動的に組み込んだ総合的なEV分析が必須である。,浜名湖,,moderate
20260508_平和島_10,2026-05-08,教訓: 確率最大化だけでなく、強風下での具体的な展開とモーターの機力差を総合的に評価し、EV最大化のための変動要因分析を組み込むこと。,平和島,,strong
20260508_尼崎_9,2026-05-08,教訓: 強風条件下では、1号艇の逃げ切りだけでなく、2号艇や5号艇の中団艇のモーター機力とスタートタイミングによる差し・追走の勝負を最優先で評価すべきである。,尼崎,,strong
20260508_住之江_2,2026-05-08,教訓: 圧倒的な優位性だけでなく、展開と機力の微細な相互作用を考慮した中穴ゾーンの組み合わせが、期待値を最大化する。,住之江,,calm
20260508_大村_12,2026-05-08,教訓: 展開予想に潜む個々の艇の機力差と、実戦でのポジション争いの具体的な影響をより厳密に評価する必要がある。,大村,,moderate
20260508_福岡_10,2026-05-08,教訓: 展開予想よりも、本命艇のスタートタイミングと先行勢の粘りを最優先で評価すること。,福岡,,moderate
20260508_福岡_11,2026-05-08,教訓: 1号艇の優位性が展開を支配し、中穴ゾーンの機動性が結果に反映されなかったため、本命の絶対的性能評価を最優先すべきである。,福岡,,moderate
20260508_平和島_11,2026-05-08,教訓: 確率予測に加え、強風下での機力差と展開の相互作用をより深く組み込むべきである。,平和島,,strong
20260508_丸亀_10,2026-05-08,教訓: 強風下では、1号艇の優位性だけでなく、外側の差し筋（5・6号艇）の機力差と風の影響を複合的に評価することが必須である。,丸亀,,strong
20260508_丸亀_7,2026-05-08,教訓: 強風下では、本命艇の優位性以上に外部環境と中穴艇の相互作用による流れの変化を最優先で評価すべきである。,丸亀,,strong
20260508_尼崎_11,2026-05-08,教訓: モーター機力評価と中風の影響をよりダイナミックに統合し、展開変化による期待値の変動をリアルタイムで反映させる必要がある。,尼崎,,moderate
20260508_徳山_2,2026-05-08,教訓: EV分析は統計的優位性を導くが、実際のレース結果においては展開や風の影響といった非線形的な外部要因を適切にモデル化できていなければ予測精度が低下する。,徳山,,moderate
20260508_徳山_1,2026-05-08,教訓: 期待値分析に加え、モーター機力と中風の影響を動的に組み込むことで、市場の過小評価を乗り越える予測精度が向上する。,徳山,,moderate
20260508_鳴門_1,2026-05-08,教訓: 単純なEV計算だけでなく、環境変化（風）とモーター機力の相互作用を深く考慮することが、期待値最大化への鍵である。,鳴門,,moderate
20260508_徳山_4,2026-05-08,教訓: EV最大化のみに注力せず、風や展開といった外部環境要因をモーター機力評価と統合して予測する必要がある。,徳山,,moderate
20260508_徳山_11,2026-05-08,教訓: EV最大化の理論に依存するだけでなく、中風などの環境要因とモーター機力の変動を常にリアルタイムで重み付けすることが、実際の期待値を最大化する鍵である。,徳山,,moderate
20260508_尼崎_1,2026-05-08,教訓: EV分析と外部要因（風）の統合が、レース結果の予測において最も有効なシステム改善の鍵となる。,尼崎,,moderate
20260508_徳山_12,2026-05-08,教訓: 市場の確率論だけでなく、モーター特性と環境要因（風）との相互作用をより深くモデル化する必要がある。,徳山,,moderate
20260508_尼崎_3,2026-05-08,教訓: 市場の過小評価された期待値（EV）を最大化する組み合わせに資源を集中させる分析が、実戦において最も有効である。,尼崎,,moderate
20260508_尼崎_10,2026-05-08,教訓: モーター機力や風の影響といった物理的環境要因を、純粋な期待値分析に組み込むことで予測精度が飛躍的に向上する。,尼崎,,moderate
20260509_徳山_10,2026-05-09,教訓: 確率論的な優位性に加え、現場の機力と展開の相互作用を考慮することで、上位の複合パターンにおける真の期待値を最大化できる。,徳山,,moderate
20260509_びわこ_11,2026-05-09,教訓: 外部環境（強風）とモーター機力の相互作用を、高EV追求の前提として深く織り込むことが、予測精度向上に不可欠である。,びわこ,,strong
20260509_徳山_12,2026-05-09,教訓: 1号艇の優位性だけでなく、中風下での内側の攻防における展開バランスを見誤った。,徳山,,moderate
20260509_若松_11,2026-05-09,教訓: 予測は機力評価に依存するが、実際の勝敗には微細な風向きとモーターの瞬間的な反応が決定的に影響する。,若松,,calm
20260509_尼崎_7,2026-05-09,教訓: モーター機力以上に、中風などの環境要因とレース展開の相互作用を確率計算の中心に据えること。,尼崎,,moderate
20260509_徳山_9,2026-05-09,教訓: 差し艇の確率が高い場合でも、本命の逃げ切りに機力差が大きく影響し、展開やその他の選手の動きが結果を左右する。,徳山,,moderate
20260509_津_5,2026-05-09,教訓: 単なる優位性だけでなく、中穴艇の機力と強風の影響を複合的に分析することで、真の期待値を最大化できる。,津,,strong
20260509_多摩川_12,2026-05-09,教訓: 圧倒的な本命の展開（1号艇の逃げ）が優先され、穴狙いの期待値よりも確実な流れに乗るべきである。,多摩川,,moderate
20260509_尼崎_4,2026-05-09,教訓: 圧倒的な本命の優位性を軸とし、展開を考慮した機動性の高い艇を組み合わせることで、期待値最大化が正確に導かれる。,尼崎,,moderate
20260509_尼崎_11,2026-05-09,教訓: 期待値最大化を追求する際、絶対的な優位性（本命艇の逃げ）の確率を見誤ると、展開要因の分析に偏り、最も確実な要素が無視される可能性がある。,尼崎,,moderate
20260509_尼崎_8,2026-05-09,教訓: 強風時のモーター機力評価と、外部環境要因（風）の相互作用をシステムに組み込むこと。,尼崎,,strong
20260509_徳山_1,2026-05-09,教訓: EV分析で高期待値が出ても、スタートや展開といった環境要因が最終的な着順に決定的な影響を与えるため、モーター機力予測だけでなく、現実のレース展開と波及効果をより詳細に組み込む必要がある。,徳山,,moderate
20260509_芦屋_2,2026-05-09,教訓: 期待値最大化の組み合わせが市場の過小評価を反映している場合、特定のモーター機力や展開要因がその予測を裏付ける真の勝率となる。,芦屋,,calm
20260509_びわこ_4,2026-05-09,教訓: EV最大化に加え、モーター機力やスタートだけでなく、実際の展開と風の影響を複合的に考慮することが、期待値の高い予測精度向上に不可欠である。,びわこ,,moderate
20260509_尼崎_6,2026-05-09,教訓: 統計的期待値（EV）の優位性を追求する際、強風などの環境要因によるモーターの実際の機力変化をシステムに組み込む必要がある。,尼崎,,strong
20260509_鳴門_1,2026-05-09,教訓: 統計的な期待値（EV）だけでなく、モーター機力と実際の展開・風の影響を総合的に考慮することが予測精度向上に不可欠である。,鳴門,,moderate
20260509_尼崎_3,2026-05-09,教訓: 期待値分析だけでなく、モーターの具体的な機力差と当日の水面の流れ（展開）をリアルタイムで加味した動的評価が必須である。,尼崎,,calm
20260509_大村_10,2026-05-09,教訓: 期待値が高い組み合わせに固執せず、市場が過小評価する動的な展開や他艇の動きを考慮した柔軟な買い目設定が重要である。,大村,,calm
20260509_尼崎_10,2026-05-09,教訓: 期待値分析は、モーターの絶対的な機力と外部環境（風）の動的影響を物理的に統合しない限り、真のレース結果を予測できない。,尼崎,,moderate
20260509_尼崎_9,2026-05-09,教訓: 静的な期待値分析だけでなく、実際のレースにおける機動力と展開の変化を考慮した動的なシミュレーションを組み込むべきである。,尼崎,,moderate
20260510_多摩川_9,2026-05-10,教訓: モーター性能だけでなく、風や波などの環境要因とスタート技術の相互作用を重視した予測が、期待値を最大化する。,多摩川,,moderate
20260510_大村_12,2026-05-10,教訓: 統計的優位性に加え、対抗艇のモーター機力と水面・風の影響を組み合わせた動的な相互作用こそが、決着を左右する真の要因である。,大村,,calm
20260510_大村_6,2026-05-10,教訓: 統計的優位性だけでなく、機力と対抗艇の動きを複合的に評価することで、真の期待値を導く。,大村,nan,calm
20260510_児島_1,2026-05-10,教訓: 単なる本命の確率だけでなく、レース展開と各艇の機力連動性を考慮した中穴ゾーンの組み合わせが真の期待値を最大化する。,児島,nan,calm
20260510_児島_11,2026-05-10,教訓: AIの機力予測に加え、展開や特定の艇の急激な動き（特に3号艇と5号艇の浮上）に対する感度を強化する必要がある。,児島,nan,moderate
20260510_芦屋_12,2026-05-10,教訓: 期待値最大化のためには、単なる確率ではなく、モーター機力と展開・風の影響を複合的に考慮した相互作用分析が予測精度を決定づける。,芦屋,nan,moderate
20260510_鳴門_11,2026-05-10,教訓: 統計的な優位性だけでなく、実際のレースで機力・風・展開が複合的に作用し、予測された理想的なパターンから大きく外れる可能性があるため、環境要因と機動力の相互作用をより深く分析する必要がある。,鳴門,nan,moderate
20260510_多摩川_11,2026-05-10,教訓: 絶対的な優位性に基づく確率計算だけでなく、モーターの機力差と微細な展開（艇の加速・減速）を複合的に考慮することで、結果の精度が飛躍的に向上する。,多摩川,nan,calm
20260510_大村_9,2026-05-10,教訓: 1号艇の優位性を前提とするだけでなく、対抗艇の機力と実際のレース展開における穴艇の動きを最優先で評価する。,大村,nan,calm
20260510_鳴門_2,2026-05-10,教訓: EV最大化に基づいたデータ分析が、モーター・展開の影響を正確に織り込み、結果を予測できた。,鳴門,nan,calm
20260510_唐津_1,2026-05-10,教訓: EV分析に際し、中風という外部環境要因がモーター機力や展開の予測に与える影響を過小評価した。,唐津,nan,moderate
20260510_鳴門_1,2026-05-10,教訓: 統計的な期待値だけでなく、モーター機力とスタートタイミングといった非定型要因の相互作用をより深く組み込む必要がある。,鳴門,nan,calm
