ID,Date,Venue,R,Combination,Odds
20260328_戸田_5,2026-03-28,戸田,5,1-2-3,20.2
20260328_戸田_5,2026-03-28,戸田,5,2-1-3,71.7
20260328_戸田_5,2026-03-28,戸田,5,3-1-2,132.7
20260328_戸田_5,2026-03-28,戸田,5,4-1-2,16.2
20260328_戸田_5,2026-03-28,戸田,5,5-1-2,335.4
20260328_戸田_5,2026-03-28,戸田,5,6-1-2,342.5
20260328_戸田_5,2026-03-28,戸田,5,1-2-4,9.0
20260328_戸田_5,2026-03-28,戸田,5,2-1-4,29.1
20260328_戸田_5,2026-03-28,戸田,5,3-1-4,94.6
20260328_戸田_5,2026-03-28,戸田,5,4-1-3,60.2
20260328_戸田_5,2026-03-28,戸田,5,5-1-3,542.6
20260328_戸田_5,2026-03-28,戸田,5,6-1-3,394.2
20260328_戸田_5,2026-03-28,戸田,5,1-2-5,36.9
20260328_戸田_5,2026-03-28,戸田,5,2-1-5,116.7
20260328_戸田_5,2026-03-28,戸田,5,3-1-5,232.2
20260328_戸田_5,2026-03-28,戸田,5,4-1-5,40.3
20260328_戸田_5,2026-03-28,戸田,5,5-1-4,183.3
20260328_戸田_5,2026-03-28,戸田,5,6-1-4,234.4
20260328_戸田_5,2026-03-28,戸田,5,1-2-6,23.1
20260328_戸田_5,2026-03-28,戸田,5,2-1-6,70.8
20260328_戸田_5,2026-03-28,戸田,5,3-1-6,178.5
20260328_戸田_5,2026-03-28,戸田,5,4-1-6,29.7
20260328_戸田_5,2026-03-28,戸田,5,5-1-6,316.2
20260328_戸田_5,2026-03-28,戸田,5,6-1-5,607.5
20260328_戸田_5,2026-03-28,戸田,5,1-3-2,31.5
20260328_戸田_5,2026-03-28,戸田,5,2-3-1,146.4
20260328_戸田_5,2026-03-28,戸田,5,3-2-1,189.7
20260328_戸田_5,2026-03-28,戸田,5,4-2-1,29.8
20260328_戸田_5,2026-03-28,戸田,5,5-2-1,495.3
20260328_戸田_5,2026-03-28,戸田,5,6-2-1,497.9
20260328_戸田_5,2026-03-28,戸田,5,1-3-4,27.2
20260328_戸田_5,2026-03-28,戸田,5,2-3-4,159.4
20260328_戸田_5,2026-03-28,戸田,5,3-2-4,155.6
20260328_戸田_5,2026-03-28,戸田,5,4-2-3,126.6
20260328_戸田_5,2026-03-28,戸田,5,5-2-3,769.7
20260328_戸田_5,2026-03-28,戸田,5,6-2-3,1073.0
20260328_戸田_5,2026-03-28,戸田,5,1-3-5,67.9
20260328_戸田_5,2026-03-28,戸田,5,2-3-5,272.1
20260328_戸田_5,2026-03-28,戸田,5,3-2-5,235.8
20260328_戸田_5,2026-03-28,戸田,5,4-2-5,84.2
20260328_戸田_5,2026-03-28,戸田,5,5-2-4,519.3
20260328_戸田_5,2026-03-28,戸田,5,6-2-4,491.6
20260328_戸田_5,2026-03-28,戸田,5,1-3-6,54.6
20260328_戸田_5,2026-03-28,戸田,5,2-3-6,250.5
20260328_戸田_5,2026-03-28,戸田,5,3-2-6,259.3
20260328_戸田_5,2026-03-28,戸田,5,4-2-6,45.8
20260328_戸田_5,2026-03-28,戸田,5,5-2-6,644.0
20260328_戸田_5,2026-03-28,戸田,5,6-2-5,1123.0
20260328_戸田_5,2026-03-28,戸田,5,1-4-2,9.0
20260328_戸田_5,2026-03-28,戸田,5,2-4-1,40.9
20260328_戸田_5,2026-03-28,戸田,5,3-4-1,121.4
20260328_戸田_5,2026-03-28,戸田,5,4-3-1,120.3
20260328_戸田_5,2026-03-28,戸田,5,5-3-1,788.5
20260328_戸田_5,2026-03-28,戸田,5,6-3-1,478.2
20260328_戸田_5,2026-03-28,戸田,5,1-4-3,21.9
20260328_戸田_5,2026-03-28,戸田,5,2-4-3,128.8
20260328_戸田_5,2026-03-28,戸田,5,3-4-2,149.0
20260328_戸田_5,2026-03-28,戸田,5,4-3-2,193.9
20260328_戸田_5,2026-03-28,戸田,5,5-3-2,970.8
20260328_戸田_5,2026-03-28,戸田,5,6-3-2,1207.0
20260328_戸田_5,2026-03-28,戸田,5,1-4-5,27.2
20260328_戸田_5,2026-03-28,戸田,5,2-4-5,162.9
20260328_戸田_5,2026-03-28,戸田,5,3-4-5,217.3
20260328_戸田_5,2026-03-28,戸田,5,4-3-5,261.4
20260328_戸田_5,2026-03-28,戸田,5,5-3-4,924.4
20260328_戸田_5,2026-03-28,戸田,5,6-3-4,870.2
20260328_戸田_5,2026-03-28,戸田,5,1-4-6,19.1
20260328_戸田_5,2026-03-28,戸田,5,2-4-6,89.6
20260328_戸田_5,2026-03-28,戸田,5,3-4-6,181.5
20260328_戸田_5,2026-03-28,戸田,5,4-3-6,169.4
20260328_戸田_5,2026-03-28,戸田,5,5-3-6,1067.0
20260328_戸田_5,2026-03-28,戸田,5,6-3-5,1558.0
20260328_戸田_5,2026-03-28,戸田,5,1-5-2,87.1
20260328_戸田_5,2026-03-28,戸田,5,2-5-1,315.1
20260328_戸田_5,2026-03-28,戸田,5,3-5-1,435.1
20260328_戸田_5,2026-03-28,戸田,5,4-5-1,57.9
20260328_戸田_5,2026-03-28,戸田,5,5-4-1,197.7
20260328_戸田_5,2026-03-28,戸田,5,6-4-1,267.2
20260328_戸田_5,2026-03-28,戸田,5,1-5-3,128.1
20260328_戸田_5,2026-03-28,戸田,5,2-5-3,516.5
20260328_戸田_5,2026-03-28,戸田,5,3-5-2,365.2
20260328_戸田_5,2026-03-28,戸田,5,4-5-2,93.9
20260328_戸田_5,2026-03-28,戸田,5,5-4-2,339.5
20260328_戸田_5,2026-03-28,戸田,5,6-4-2,375.1
20260328_戸田_5,2026-03-28,戸田,5,1-5-4,73.5
20260328_戸田_5,2026-03-28,戸田,5,2-5-4,341.9
20260328_戸田_5,2026-03-28,戸田,5,3-5-4,378.8
20260328_戸田_5,2026-03-28,戸田,5,4-5-3,204.4
20260328_戸田_5,2026-03-28,戸田,5,5-4-3,600.0
20260328_戸田_5,2026-03-28,戸田,5,6-4-3,657.1
20260328_戸田_5,2026-03-28,戸田,5,1-5-6,126.4
20260328_戸田_5,2026-03-28,戸田,5,2-5-6,385.6
20260328_戸田_5,2026-03-28,戸田,5,3-5-6,480.5
20260328_戸田_5,2026-03-28,戸田,5,4-5-6,62.4
20260328_戸田_5,2026-03-28,戸田,5,5-4-6,261.4
20260328_戸田_5,2026-03-28,戸田,5,6-4-5,496.6
20260328_戸田_5,2026-03-28,戸田,5,1-6-2,66.4
20260328_戸田_5,2026-03-28,戸田,5,2-6-1,220.0
20260328_戸田_5,2026-03-28,戸田,5,3-6-1,292.2
20260328_戸田_5,2026-03-28,戸田,5,4-6-1,53.4
20260328_戸田_5,2026-03-28,戸田,5,5-6-1,455.6
20260328_戸田_5,2026-03-28,戸田,5,6-5-1,779.0
20260328_戸田_5,2026-03-28,戸田,5,1-6-3,125.6
20260328_戸田_5,2026-03-28,戸田,5,2-6-3,415.4
20260328_戸田_5,2026-03-28,戸田,5,3-6-2,466.6
20260328_戸田_5,2026-03-28,戸田,5,4-6-2,77.8
20260328_戸田_5,2026-03-28,戸田,5,5-6-2,791.8
20260328_戸田_5,2026-03-28,戸田,5,6-5-2,1474.0
20260328_戸田_5,2026-03-28,戸田,5,1-6-4,58.9
20260328_戸田_5,2026-03-28,戸田,5,2-6-4,194.5
20260328_戸田_5,2026-03-28,戸田,5,3-6-4,363.1
20260328_戸田_5,2026-03-28,戸田,5,4-6-3,178.8
20260328_戸田_5,2026-03-28,戸田,5,5-6-3,1038.0
20260328_戸田_5,2026-03-28,戸田,5,6-5-3,1665.0
20260328_戸田_5,2026-03-28,戸田,5,1-6-5,188.6
20260328_戸田_5,2026-03-28,戸田,5,2-6-5,544.2
20260328_戸田_5,2026-03-28,戸田,5,3-6-5,627.2
20260328_戸田_5,2026-03-28,戸田,5,4-6-5,99.5
20260328_戸田_5,2026-03-28,戸田,5,5-6-4,387.1
20260328_戸田_5,2026-03-28,戸田,5,6-5-4,621.2
20260328_戸田_6,2026-03-28,戸田,6,1-2-3,27.0
20260328_戸田_6,2026-03-28,戸田,6,2-1-3,42.6
20260328_戸田_6,2026-03-28,戸田,6,3-1-2,118.5
20260328_戸田_6,2026-03-28,戸田,6,4-1-2,316.7
20260328_戸田_6,2026-03-28,戸田,6,5-1-2,11.8
20260328_戸田_6,2026-03-28,戸田,6,6-1-2,1550.0
20260328_戸田_6,2026-03-28,戸田,6,1-2-4,53.4
20260328_戸田_6,2026-03-28,戸田,6,2-1-4,77.9
20260328_戸田_6,2026-03-28,戸田,6,3-1-4,207.0
20260328_戸田_6,2026-03-28,戸田,6,4-1-3,663.0
20260328_戸田_6,2026-03-28,戸田,6,5-1-3,23.5
20260328_戸田_6,2026-03-28,戸田,6,6-1-3,2678.0
20260328_戸田_6,2026-03-28,戸田,6,1-2-5,14.3
20260328_戸田_6,2026-03-28,戸田,6,2-1-5,20.6
20260328_戸田_6,2026-03-28,戸田,6,3-1-5,81.4
20260328_戸田_6,2026-03-28,戸田,6,4-1-5,206.2
20260328_戸田_6,2026-03-28,戸田,6,5-1-4,42.6
20260328_戸田_6,2026-03-28,戸田,6,6-1-4,2266.0
20260328_戸田_6,2026-03-28,戸田,6,1-2-6,277.9
20260328_戸田_6,2026-03-28,戸田,6,2-1-6,291.6
20260328_戸田_6,2026-03-28,戸田,6,3-1-6,968.1
20260328_戸田_6,2026-03-28,戸田,6,4-1-6,1062.0
20260328_戸田_6,2026-03-28,戸田,6,5-1-6,84.2
20260328_戸田_6,2026-03-28,戸田,6,6-1-5,968.1
20260328_戸田_6,2026-03-28,戸田,6,1-3-2,45.4
20260328_戸田_6,2026-03-28,戸田,6,2-3-1,71.2
20260328_戸田_6,2026-03-28,戸田,6,3-2-1,121.8
20260328_戸田_6,2026-03-28,戸田,6,4-2-1,363.0
20260328_戸田_6,2026-03-28,戸田,6,5-2-1,12.2
20260328_戸田_6,2026-03-28,戸田,6,6-2-1,2104.0
20260328_戸田_6,2026-03-28,戸田,6,1-3-4,96.3
20260328_戸田_6,2026-03-28,戸田,6,2-3-4,121.8
20260328_戸田_6,2026-03-28,戸田,6,3-2-4,158.5
20260328_戸田_6,2026-03-28,戸田,6,4-2-3,407.5
20260328_戸田_6,2026-03-28,戸田,6,5-2-3,16.9
20260328_戸田_6,2026-03-28,戸田,6,6-2-3,1562.0
20260328_戸田_6,2026-03-28,戸田,6,1-3-5,33.4
20260328_戸田_6,2026-03-28,戸田,6,2-3-5,35.5
20260328_戸田_6,2026-03-28,戸田,6,3-2-5,56.0
20260328_戸田_6,2026-03-28,戸田,6,4-2-5,200.2
20260328_戸田_6,2026-03-28,戸田,6,5-2-4,29.8
20260328_戸田_6,2026-03-28,戸田,6,6-2-4,3495.0
20260328_戸田_6,2026-03-28,戸田,6,1-3-6,527.4
20260328_戸田_6,2026-03-28,戸田,6,2-3-6,506.6
20260328_戸田_6,2026-03-28,戸田,6,3-2-6,726.1
20260328_戸田_6,2026-03-28,戸田,6,4-2-6,1158.0
20260328_戸田_6,2026-03-28,戸田,6,5-2-6,78.3
20260328_戸田_6,2026-03-28,戸田,6,6-2-5,1145.0
20260328_戸田_6,2026-03-28,戸田,6,1-4-2,118.1
20260328_戸田_6,2026-03-28,戸田,6,2-4-1,178.3
20260328_戸田_6,2026-03-28,戸田,6,3-4-1,323.2
20260328_戸田_6,2026-03-28,戸田,6,4-3-1,758.1
20260328_戸田_6,2026-03-28,戸田,6,5-3-1,41.6
20260328_戸田_6,2026-03-28,戸田,6,6-3-1,3273.0
20260328_戸田_6,2026-03-28,戸田,6,1-4-3,166.8
20260328_戸田_6,2026-03-28,戸田,6,2-4-3,187.8
20260328_戸田_6,2026-03-28,戸田,6,3-4-2,260.3
20260328_戸田_6,2026-03-28,戸田,6,4-3-2,479.5
20260328_戸田_6,2026-03-28,戸田,6,5-3-2,29.7
20260328_戸田_6,2026-03-28,戸田,6,6-3-2,3032.0
20260328_戸田_6,2026-03-28,戸田,6,1-4-5,79.8
20260328_戸田_6,2026-03-28,戸田,6,2-4-5,90.7
20260328_戸田_6,2026-03-28,戸田,6,3-4-5,182.1
20260328_戸田_6,2026-03-28,戸田,6,4-3-5,424.3
20260328_戸田_6,2026-03-28,戸田,6,5-3-4,58.2
20260328_戸田_6,2026-03-28,戸田,6,6-3-4,2545.0
20260328_戸田_6,2026-03-28,戸田,6,1-4-6,726.1
20260328_戸田_6,2026-03-28,戸田,6,2-4-6,845.1
20260328_戸田_6,2026-03-28,戸田,6,3-4-6,1356.0
20260328_戸田_6,2026-03-28,戸田,6,4-3-6,1305.0
20260328_戸田_6,2026-03-28,戸田,6,5-3-6,227.3
20260328_戸田_6,2026-03-28,戸田,6,6-3-5,2577.0
20260328_戸田_6,2026-03-28,戸田,6,1-5-2,14.8
20260328_戸田_6,2026-03-28,戸田,6,2-5-1,18.8
20260328_戸田_6,2026-03-28,戸田,6,3-5-1,70.2
20260328_戸田_6,2026-03-28,戸田,6,4-5-1,137.4
20260328_戸田_6,2026-03-28,戸田,6,5-4-1,74.0
20260328_戸田_6,2026-03-28,戸田,6,6-4-1,3222.0
20260328_戸田_6,2026-03-28,戸田,6,1-5-3,24.8
20260328_戸田_6,2026-03-28,戸田,6,2-5-3,24.0
20260328_戸田_6,2026-03-28,戸田,6,3-5-2,51.3
20260328_戸田_6,2026-03-28,戸田,6,4-5-2,143.1
20260328_戸田_6,2026-03-28,戸田,6,5-4-2,53.5
20260328_戸田_6,2026-03-28,戸田,6,6-4-2,3749.0
20260328_戸田_6,2026-03-28,戸田,6,1-5-4,43.0
20260328_戸田_6,2026-03-28,戸田,6,2-5-4,45.1
20260328_戸田_6,2026-03-28,戸田,6,3-5-4,101.6
20260328_戸田_6,2026-03-28,戸田,6,4-5-3,267.1
20260328_戸田_6,2026-03-28,戸田,6,5-4-3,85.7
20260328_戸田_6,2026-03-28,戸田,6,6-4-3,3436.0
20260328_戸田_6,2026-03-28,戸田,6,1-5-6,137.3
20260328_戸田_6,2026-03-28,戸田,6,2-5-6,182.6
20260328_戸田_6,2026-03-28,戸田,6,3-5-6,477.3
20260328_戸田_6,2026-03-28,戸田,6,4-5-6,510.4
20260328_戸田_6,2026-03-28,戸田,6,5-4-6,271.6
20260328_戸田_6,2026-03-28,戸田,6,6-4-5,2678.0
20260328_戸田_6,2026-03-28,戸田,6,1-6-2,841.7
20260328_戸田_6,2026-03-28,戸田,6,2-6-1,1205.0
20260328_戸田_6,2026-03-28,戸田,6,3-6-1,2643.0
20260328_戸田_6,2026-03-28,戸田,6,4-6-1,1704.0
20260328_戸田_6,2026-03-28,戸田,6,5-6-1,147.6
20260328_戸田_6,2026-03-28,戸田,6,6-5-1,892.7
20260328_戸田_6,2026-03-28,戸田,6,1-6-3,1120.0
20260328_戸田_6,2026-03-28,戸田,6,2-6-3,1220.0
20260328_戸田_6,2026-03-28,戸田,6,3-6-2,2083.0
20260328_戸田_6,2026-03-28,戸田,6,4-6-2,2291.0
20260328_戸田_6,2026-03-28,戸田,6,5-6-2,140.9
20260328_戸田_6,2026-03-28,戸田,6,6-5-2,916.5
20260328_戸田_6,2026-03-28,戸田,6,1-6-4,1384.0
20260328_戸田_6,2026-03-28,戸田,6,2-6-4,1483.0
20260328_戸田_6,2026-03-28,戸田,6,3-6-4,2193.0
20260328_戸田_6,2026-03-28,戸田,6,4-6-3,2266.0
20260328_戸田_6,2026-03-28,戸田,6,5-6-3,249.3
20260328_戸田_6,2026-03-28,戸田,6,6-5-3,1393.0
20260328_戸田_6,2026-03-28,戸田,6,1-6-5,505.4
20260328_戸田_6,2026-03-28,戸田,6,2-6-5,716.0
20260328_戸田_6,2026-03-28,戸田,6,3-6-5,1690.0
20260328_戸田_6,2026-03-28,戸田,6,4-6-5,1538.0
20260328_戸田_6,2026-03-28,戸田,6,5-6-4,307.7
20260328_戸田_6,2026-03-28,戸田,6,6-5-4,1874.0
20260328_戸田_7,2026-03-28,戸田,7,1-2-3,10.5
20260328_戸田_7,2026-03-28,戸田,7,2-1-3,60.8
20260328_戸田_7,2026-03-28,戸田,7,3-1-2,114.7
20260328_戸田_7,2026-03-28,戸田,7,4-1-2,103.4
20260328_戸田_7,2026-03-28,戸田,7,5-1-2,51.0
20260328_戸田_7,2026-03-28,戸田,7,6-1-2,1886.0
20260328_戸田_7,2026-03-28,戸田,7,1-2-4,11.0
20260328_戸田_7,2026-03-28,戸田,7,2-1-4,79.0
20260328_戸田_7,2026-03-28,戸田,7,3-1-4,95.4
20260328_戸田_7,2026-03-28,戸田,7,4-1-3,124.9
20260328_戸田_7,2026-03-28,戸田,7,5-1-3,62.2
20260328_戸田_7,2026-03-28,戸田,7,6-1-3,2218.0
20260328_戸田_7,2026-03-28,戸田,7,1-2-5,12.3
20260328_戸田_7,2026-03-28,戸田,7,2-1-5,71.4
20260328_戸田_7,2026-03-28,戸田,7,3-1-5,55.4
20260328_戸田_7,2026-03-28,戸田,7,4-1-5,53.0
20260328_戸田_7,2026-03-28,戸田,7,5-1-4,62.6
20260328_戸田_7,2026-03-28,戸田,7,6-1-4,1787.0
20260328_戸田_7,2026-03-28,戸田,7,1-2-6,158.1
20260328_戸田_7,2026-03-28,戸田,7,2-1-6,321.5
20260328_戸田_7,2026-03-28,戸田,7,3-1-6,828.9
20260328_戸田_7,2026-03-28,戸田,7,4-1-6,528.8
20260328_戸田_7,2026-03-28,戸田,7,5-1-6,240.0
20260328_戸田_7,2026-03-28,戸田,7,6-1-5,1663.0
20260328_戸田_7,2026-03-28,戸田,7,1-3-2,14.2
20260328_戸田_7,2026-03-28,戸田,7,2-3-1,158.8
20260328_戸田_7,2026-03-28,戸田,7,3-2-1,190.8
20260328_戸田_7,2026-03-28,戸田,7,4-2-1,250.3
20260328_戸田_7,2026-03-28,戸田,7,5-2-1,162.0
20260328_戸田_7,2026-03-28,戸田,7,6-2-1,3327.0
20260328_戸田_7,2026-03-28,戸田,7,1-3-4,13.0
20260328_戸田_7,2026-03-28,戸田,7,2-3-4,381.4
20260328_戸田_7,2026-03-28,戸田,7,3-2-4,372.5
20260328_戸田_7,2026-03-28,戸田,7,4-2-3,620.6
20260328_戸田_7,2026-03-28,戸田,7,5-2-3,282.1
20260328_戸田_7,2026-03-28,戸田,7,6-2-3,3927.0
20260328_戸田_7,2026-03-28,戸田,7,1-3-5,8.8
20260328_戸田_7,2026-03-28,戸田,7,2-3-5,343.7
20260328_戸田_7,2026-03-28,戸田,7,3-2-5,244.7
20260328_戸田_7,2026-03-28,戸田,7,4-2-5,376.6
20260328_戸田_7,2026-03-28,戸田,7,5-2-4,357.5
20260328_戸田_7,2026-03-28,戸田,7,6-2-4,5323.0
20260328_戸田_7,2026-03-28,戸田,7,1-3-6,224.7
20260328_戸田_7,2026-03-28,戸田,7,2-3-6,1084.0
20260328_戸田_7,2026-03-28,戸田,7,3-2-6,1497.0
20260328_戸田_7,2026-03-28,戸田,7,4-2-6,1555.0
20260328_戸田_7,2026-03-28,戸田,7,5-2-6,826.1
20260328_戸田_7,2026-03-28,戸田,7,6-2-5,4991.0
20260328_戸田_7,2026-03-28,戸田,7,1-4-2,15.4
20260328_戸田_7,2026-03-28,戸田,7,2-4-1,243.7
20260328_戸田_7,2026-03-28,戸田,7,3-4-1,217.4
20260328_戸田_7,2026-03-28,戸田,7,4-3-1,262.1
20260328_戸田_7,2026-03-28,戸田,7,5-3-1,158.0
20260328_戸田_7,2026-03-28,戸田,7,6-3-1,4130.0
20260328_戸田_7,2026-03-28,戸田,7,1-4-3,16.2
20260328_戸田_7,2026-03-28,戸田,7,2-4-3,473.4
20260328_戸田_7,2026-03-28,戸田,7,3-4-2,465.2
20260328_戸田_7,2026-03-28,戸田,7,4-3-2,717.3
20260328_戸田_7,2026-03-28,戸田,7,5-3-2,261.2
20260328_戸田_7,2026-03-28,戸田,7,6-3-2,4130.0
20260328_戸田_7,2026-03-28,戸田,7,1-4-5,12.1
20260328_戸田_7,2026-03-28,戸田,7,2-4-5,472.5
20260328_戸田_7,2026-03-28,戸田,7,3-4-5,161.5
20260328_戸田_7,2026-03-28,戸田,7,4-3-5,320.7
20260328_戸田_7,2026-03-28,戸田,7,5-3-4,270.4
20260328_戸田_7,2026-03-28,戸田,7,6-3-4,3927.0
20260328_戸田_7,2026-03-28,戸田,7,1-4-6,184.7
20260328_戸田_7,2026-03-28,戸田,7,2-4-6,1384.0
20260328_戸田_7,2026-03-28,戸田,7,3-4-6,1901.0
20260328_戸田_7,2026-03-28,戸田,7,4-3-6,1516.0
20260328_戸田_7,2026-03-28,戸田,7,5-3-6,1309.0
20260328_戸田_7,2026-03-28,戸田,7,6-3-5,5704.0
20260328_戸田_7,2026-03-28,戸田,7,1-5-2,14.6
20260328_戸田_7,2026-03-28,戸田,7,2-5-1,209.6
20260328_戸田_7,2026-03-28,戸田,7,3-5-1,113.2
20260328_戸田_7,2026-03-28,戸田,7,4-5-1,107.2
20260328_戸田_7,2026-03-28,戸田,7,5-4-1,116.8
20260328_戸田_7,2026-03-28,戸田,7,6-4-1,2957.0
20260328_戸田_7,2026-03-28,戸田,7,1-5-3,14.6
20260328_戸田_7,2026-03-28,戸田,7,2-5-3,448.6
20260328_戸田_7,2026-03-28,戸田,7,3-5-2,250.3
20260328_戸田_7,2026-03-28,戸田,7,4-5-2,273.8
20260328_戸田_7,2026-03-28,戸田,7,5-4-2,267.9
20260328_戸田_7,2026-03-28,戸田,7,6-4-2,5323.0
20260328_戸田_7,2026-03-28,戸田,7,1-5-4,13.6
20260328_戸田_7,2026-03-28,戸田,7,2-5-4,483.0
20260328_戸田_7,2026-03-28,戸田,7,3-5-4,175.1
20260328_戸田_7,2026-03-28,戸田,7,4-5-3,235.8
20260328_戸田_7,2026-03-28,戸田,7,5-4-3,242.9
20260328_戸田_7,2026-03-28,戸田,7,6-4-3,3927.0
20260328_戸田_7,2026-03-28,戸田,7,1-5-6,113.6
20260328_戸田_7,2026-03-28,戸田,7,2-5-6,1687.0
20260328_戸田_7,2026-03-28,戸田,7,3-5-6,1525.0
20260328_戸田_7,2026-03-28,戸田,7,4-5-6,702.5
20260328_戸田_7,2026-03-28,戸田,7,5-4-6,943.2
20260328_戸田_7,2026-03-28,戸田,7,6-4-5,3992.0
20260328_戸田_7,2026-03-28,戸田,7,1-6-2,413.0
20260328_戸田_7,2026-03-28,戸田,7,2-6-1,1916.0
20260328_戸田_7,2026-03-28,戸田,7,3-6-1,2576.0
20260328_戸田_7,2026-03-28,戸田,7,4-6-1,1203.0
20260328_戸田_7,2026-03-28,戸田,7,5-6-1,637.1
20260328_戸田_7,2026-03-28,戸田,7,6-5-1,1842.0
20260328_戸田_7,2026-03-28,戸田,7,1-6-3,458.0
20260328_戸田_7,2026-03-28,戸田,7,2-6-3,2177.0
20260328_戸田_7,2026-03-28,戸田,7,3-6-2,2632.0
20260328_戸田_7,2026-03-28,戸田,7,4-6-2,2101.0
20260328_戸田_7,2026-03-28,戸田,7,5-6-2,1140.0
20260328_戸田_7,2026-03-28,戸田,7,6-5-2,3111.0
20260328_戸田_7,2026-03-28,戸田,7,1-6-4,454.6
20260328_戸田_7,2026-03-28,戸田,7,2-6-4,3281.0
20260328_戸田_7,2026-03-28,戸田,7,3-6-4,3032.0
20260328_戸田_7,2026-03-28,戸田,7,4-6-3,2469.0
20260328_戸田_7,2026-03-28,戸田,7,5-6-3,1247.0
20260328_戸田_7,2026-03-28,戸田,7,6-5-3,3575.0
20260328_戸田_7,2026-03-28,戸田,7,1-6-5,376.1
20260328_戸田_7,2026-03-28,戸田,7,2-6-5,2632.0
20260328_戸田_7,2026-03-28,戸田,7,3-6-5,3281.0
20260328_戸田_7,2026-03-28,戸田,7,4-6-5,1565.0
20260328_戸田_7,2026-03-28,戸田,7,5-6-4,1180.0
20260328_戸田_7,2026-03-28,戸田,7,6-5-4,3237.0
20260328_戸田_8,2026-03-28,戸田,8,1-2-3,42.2
20260328_戸田_8,2026-03-28,戸田,8,2-1-3,80.2
20260328_戸田_8,2026-03-28,戸田,8,3-1-2,31.8
20260328_戸田_8,2026-03-28,戸田,8,4-1-2,357.7
20260328_戸田_8,2026-03-28,戸田,8,5-1-2,304.9
20260328_戸田_8,2026-03-28,戸田,8,6-1-2,121.8
20260328_戸田_8,2026-03-28,戸田,8,1-2-4,126.7
20260328_戸田_8,2026-03-28,戸田,8,2-1-4,200.3
20260328_戸田_8,2026-03-28,戸田,8,3-1-4,33.2
20260328_戸田_8,2026-03-28,戸田,8,4-1-3,192.0
20260328_戸田_8,2026-03-28,戸田,8,5-1-3,161.6
20260328_戸田_8,2026-03-28,戸田,8,6-1-3,43.9
20260328_戸田_8,2026-03-28,戸田,8,1-2-5,77.9
20260328_戸田_8,2026-03-28,戸田,8,2-1-5,135.9
20260328_戸田_8,2026-03-28,戸田,8,3-1-5,21.8
20260328_戸田_8,2026-03-28,戸田,8,4-1-5,285.2
20260328_戸田_8,2026-03-28,戸田,8,5-1-4,471.3
20260328_戸田_8,2026-03-28,戸田,8,6-1-4,116.7
20260328_戸田_8,2026-03-28,戸田,8,1-2-6,67.5
20260328_戸田_8,2026-03-28,戸田,8,2-1-6,129.1
20260328_戸田_8,2026-03-28,戸田,8,3-1-6,13.7
20260328_戸田_8,2026-03-28,戸田,8,4-1-6,207.3
20260328_戸田_8,2026-03-28,戸田,8,5-1-6,216.3
20260328_戸田_8,2026-03-28,戸田,8,6-1-5,140.6
20260328_戸田_8,2026-03-28,戸田,8,1-3-2,29.7
20260328_戸田_8,2026-03-28,戸田,8,2-3-1,90.1
20260328_戸田_8,2026-03-28,戸田,8,3-2-1,43.0
20260328_戸田_8,2026-03-28,戸田,8,4-2-1,450.1
20260328_戸田_8,2026-03-28,戸田,8,5-2-1,424.0
20260328_戸田_8,2026-03-28,戸田,8,6-2-1,200.5
20260328_戸田_8,2026-03-28,戸田,8,1-3-4,40.7
20260328_戸田_8,2026-03-28,戸田,8,2-3-4,196.0
20260328_戸田_8,2026-03-28,戸田,8,3-2-4,84.1
20260328_戸田_8,2026-03-28,戸田,8,4-2-3,323.6
20260328_戸田_8,2026-03-28,戸田,8,5-2-3,368.8
20260328_戸田_8,2026-03-28,戸田,8,6-2-3,154.9
20260328_戸田_8,2026-03-28,戸田,8,1-3-5,31.9
20260328_戸田_8,2026-03-28,戸田,8,2-3-5,150.8
20260328_戸田_8,2026-03-28,戸田,8,3-2-5,64.1
20260328_戸田_8,2026-03-28,戸田,8,4-2-5,467.8
20260328_戸田_8,2026-03-28,戸田,8,5-2-4,804.9
20260328_戸田_8,2026-03-28,戸田,8,6-2-4,307.8
20260328_戸田_8,2026-03-28,戸田,8,1-3-6,18.1
20260328_戸田_8,2026-03-28,戸田,8,2-3-6,112.7
20260328_戸田_8,2026-03-28,戸田,8,3-2-6,47.8
20260328_戸田_8,2026-03-28,戸田,8,4-2-6,408.5
20260328_戸田_8,2026-03-28,戸田,8,5-2-6,586.3
20260328_戸田_8,2026-03-28,戸田,8,6-2-5,425.9
20260328_戸田_8,2026-03-28,戸田,8,1-4-2,173.7
20260328_戸田_8,2026-03-28,戸田,8,2-4-1,469.0
20260328_戸田_8,2026-03-28,戸田,8,3-4-1,41.7
20260328_戸田_8,2026-03-28,戸田,8,4-3-1,150.1
20260328_戸田_8,2026-03-28,戸田,8,5-3-1,160.9
20260328_戸田_8,2026-03-28,戸田,8,6-3-1,34.6
20260328_戸田_8,2026-03-28,戸田,8,1-4-3,99.3
20260328_戸田_8,2026-03-28,戸田,8,2-4-3,336.8
20260328_戸田_8,2026-03-28,戸田,8,3-4-2,75.4
20260328_戸田_8,2026-03-28,戸田,8,4-3-2,231.3
20260328_戸田_8,2026-03-28,戸田,8,5-3-2,296.8
20260328_戸田_8,2026-03-28,戸田,8,6-3-2,87.8
20260328_戸田_8,2026-03-28,戸田,8,1-4-5,218.0
20260328_戸田_8,2026-03-28,戸田,8,2-4-5,591.7
20260328_戸田_8,2026-03-28,戸田,8,3-4-5,65.7
20260328_戸田_8,2026-03-28,戸田,8,4-3-5,219.6
20260328_戸田_8,2026-03-28,戸田,8,5-3-4,355.0
20260328_戸田_8,2026-03-28,戸田,8,6-3-4,67.1
20260328_戸田_8,2026-03-28,戸田,8,1-4-6,112.8
20260328_戸田_8,2026-03-28,戸田,8,2-4-6,394.1
20260328_戸田_8,2026-03-28,戸田,8,3-4-6,27.8
20260328_戸田_8,2026-03-28,戸田,8,4-3-6,106.6
20260328_戸田_8,2026-03-28,戸田,8,5-3-6,132.7
20260328_戸田_8,2026-03-28,戸田,8,6-3-5,70.5
20260328_戸田_8,2026-03-28,戸田,8,1-5-2,91.8
20260328_戸田_8,2026-03-28,戸田,8,2-5-1,304.9
20260328_戸田_8,2026-03-28,戸田,8,3-5-1,47.8
20260328_戸田_8,2026-03-28,戸田,8,4-5-1,474.9
20260328_戸田_8,2026-03-28,戸田,8,5-4-1,891.8
20260328_戸田_8,2026-03-28,戸田,8,6-4-1,183.1
20260328_戸田_8,2026-03-28,戸田,8,1-5-3,60.6
20260328_戸田_8,2026-03-28,戸田,8,2-5-3,283.9
20260328_戸田_8,2026-03-28,戸田,8,3-5-2,91.4
20260328_戸田_8,2026-03-28,戸田,8,4-5-2,601.1
20260328_戸田_8,2026-03-28,戸田,8,5-4-2,808.3
20260328_戸田_8,2026-03-28,戸田,8,6-4-2,297.7
20260328_戸田_8,2026-03-28,戸田,8,1-5-4,187.7
20260328_戸田_8,2026-03-28,戸田,8,2-5-4,612.7
20260328_戸田_8,2026-03-28,戸田,8,3-5-4,97.6
20260328_戸田_8,2026-03-28,戸田,8,4-5-3,376.9
20260328_戸田_8,2026-03-28,戸田,8,5-4-3,568.7
20260328_戸田_8,2026-03-28,戸田,8,6-4-3,118.2
20260328_戸田_8,2026-03-28,戸田,8,1-5-6,83.2
20260328_戸田_8,2026-03-28,戸田,8,2-5-6,413.8
20260328_戸田_8,2026-03-28,戸田,8,3-5-6,42.9
20260328_戸田_8,2026-03-28,戸田,8,4-5-6,366.7
20260328_戸田_8,2026-03-28,戸田,8,5-4-6,516.1
20260328_戸田_8,2026-03-28,戸田,8,6-4-5,274.5
20260328_戸田_8,2026-03-28,戸田,8,1-6-2,74.5
20260328_戸田_8,2026-03-28,戸田,8,2-6-1,206.4
20260328_戸田_8,2026-03-28,戸田,8,3-6-1,15.5
20260328_戸田_8,2026-03-28,戸田,8,4-6-1,174.2
20260328_戸田_8,2026-03-28,戸田,8,5-6-1,256.7
20260328_戸田_8,2026-03-28,戸田,8,6-5-1,189.2
20260328_戸田_8,2026-03-28,戸田,8,1-6-3,29.4
20260328_戸田_8,2026-03-28,戸田,8,2-6-3,175.8
20260328_戸田_8,2026-03-28,戸田,8,3-6-2,37.7
20260328_戸田_8,2026-03-28,戸田,8,4-6-2,284.7
20260328_戸田_8,2026-03-28,戸田,8,5-6-2,523.3
20260328_戸田_8,2026-03-28,戸田,8,6-5-2,438.7
20260328_戸田_8,2026-03-28,戸田,8,1-6-4,81.2
20260328_戸田_8,2026-03-28,戸田,8,2-6-4,389.2
20260328_戸田_8,2026-03-28,戸田,8,3-6-4,25.2
20260328_戸田_8,2026-03-28,戸田,8,4-6-3,127.1
20260328_戸田_8,2026-03-28,戸田,8,5-6-3,168.5
20260328_戸田_8,2026-03-28,戸田,8,6-5-3,161.6
20260328_戸田_8,2026-03-28,戸田,8,1-6-5,89.5
20260328_戸田_8,2026-03-28,戸田,8,2-6-5,420.2
20260328_戸田_8,2026-03-28,戸田,8,3-6-5,30.1
20260328_戸田_8,2026-03-28,戸田,8,4-6-5,255.3
20260328_戸田_8,2026-03-28,戸田,8,5-6-4,458.8
20260328_戸田_8,2026-03-28,戸田,8,6-5-4,318.1
20260328_戸田_9,2026-03-28,戸田,9,1-2-3,50.0
20260328_戸田_9,2026-03-28,戸田,9,2-1-3,206.1
20260328_戸田_9,2026-03-28,戸田,9,3-1-2,120.6
20260328_戸田_9,2026-03-28,戸田,9,4-1-2,120.7
20260328_戸田_9,2026-03-28,戸田,9,5-1-2,289.6
20260328_戸田_9,2026-03-28,戸田,9,6-1-2,544.4
20260328_戸田_9,2026-03-28,戸田,9,1-2-4,42.9
20260328_戸田_9,2026-03-28,戸田,9,2-1-4,230.3
20260328_戸田_9,2026-03-28,戸田,9,3-1-4,24.1
20260328_戸田_9,2026-03-28,戸田,9,4-1-3,45.0
20260328_戸田_9,2026-03-28,戸田,9,5-1-3,109.0
20260328_戸田_9,2026-03-28,戸田,9,6-1-3,356.4
20260328_戸田_9,2026-03-28,戸田,9,1-2-5,70.4
20260328_戸田_9,2026-03-28,戸田,9,2-1-5,322.9
20260328_戸田_9,2026-03-28,戸田,9,3-1-5,34.6
20260328_戸田_9,2026-03-28,戸田,9,4-1-5,48.8
20260328_戸田_9,2026-03-28,戸田,9,5-1-4,103.4
20260328_戸田_9,2026-03-28,戸田,9,6-1-4,415.9
20260328_戸田_9,2026-03-28,戸田,9,1-2-6,97.8
20260328_戸田_9,2026-03-28,戸田,9,2-1-6,399.8
20260328_戸田_9,2026-03-28,戸田,9,3-1-6,59.4
20260328_戸田_9,2026-03-28,戸田,9,4-1-6,63.5
20260328_戸田_9,2026-03-28,戸田,9,5-1-6,103.4
20260328_戸田_9,2026-03-28,戸田,9,6-1-5,435.3
20260328_戸田_9,2026-03-28,戸田,9,1-3-2,32.7
20260328_戸田_9,2026-03-28,戸田,9,2-3-1,336.9
20260328_戸田_9,2026-03-28,戸田,9,3-2-1,279.0
20260328_戸田_9,2026-03-28,戸田,9,4-2-1,272.2
20260328_戸田_9,2026-03-28,戸田,9,5-2-1,522.7
20260328_戸田_9,2026-03-28,戸田,9,6-2-1,1762.0
20260328_戸田_9,2026-03-28,戸田,9,1-3-4,8.1
20260328_戸田_9,2026-03-28,戸田,9,2-3-4,459.5
20260328_戸田_9,2026-03-28,戸田,9,3-2-4,279.5
20260328_戸田_9,2026-03-28,戸田,9,4-2-3,416.5
20260328_戸田_9,2026-03-28,戸田,9,5-2-3,764.7
20260328_戸田_9,2026-03-28,戸田,9,6-2-3,2141.0
20260328_戸田_9,2026-03-28,戸田,9,1-3-5,12.0
20260328_戸田_9,2026-03-28,戸田,9,2-3-5,698.2
20260328_戸田_9,2026-03-28,戸田,9,3-2-5,320.8
20260328_戸田_9,2026-03-28,戸田,9,4-2-5,409.4
20260328_戸田_9,2026-03-28,戸田,9,5-2-4,800.7
20260328_戸田_9,2026-03-28,戸田,9,6-2-4,2157.0
20260328_戸田_9,2026-03-28,戸田,9,1-3-6,26.5
20260328_戸田_9,2026-03-28,戸田,9,2-3-6,816.6
20260328_戸田_9,2026-03-28,戸田,9,3-2-6,461.0
20260328_戸田_9,2026-03-28,戸田,9,4-2-6,515.3
20260328_戸田_9,2026-03-28,戸田,9,5-2-6,442.7
20260328_戸田_9,2026-03-28,戸田,9,6-2-5,2409.0
20260328_戸田_9,2026-03-28,戸田,9,1-4-2,29.0
20260328_戸田_9,2026-03-28,戸田,9,2-4-1,341.3
20260328_戸田_9,2026-03-28,戸田,9,3-4-1,34.6
20260328_戸田_9,2026-03-28,戸田,9,4-3-1,50.9
20260328_戸田_9,2026-03-28,戸田,9,5-3-1,133.5
20260328_戸田_9,2026-03-28,戸田,9,6-3-1,658.5
20260328_戸田_9,2026-03-28,戸田,9,1-4-3,10.9
20260328_戸田_9,2026-03-28,戸田,9,2-4-3,489.1
20260328_戸田_9,2026-03-28,戸田,9,3-4-2,163.6
20260328_戸田_9,2026-03-28,戸田,9,4-3-2,304.9
20260328_戸田_9,2026-03-28,戸田,9,5-3-2,599.7
20260328_戸田_9,2026-03-28,戸田,9,6-3-2,1651.0
20260328_戸田_9,2026-03-28,戸田,9,1-4-5,13.8
20260328_戸田_9,2026-03-28,戸田,9,2-4-5,598.5
20260328_戸田_9,2026-03-28,戸田,9,3-4-5,41.9
20260328_戸田_9,2026-03-28,戸田,9,4-3-5,70.1
20260328_戸田_9,2026-03-28,戸田,9,5-3-4,156.2
20260328_戸田_9,2026-03-28,戸田,9,6-3-4,599.7
20260328_戸田_9,2026-03-28,戸田,9,1-4-6,23.2
20260328_戸田_9,2026-03-28,戸田,9,2-4-6,645.2
20260328_戸田_9,2026-03-28,戸田,9,3-4-6,61.6
20260328_戸田_9,2026-03-28,戸田,9,4-3-6,100.9
20260328_戸田_9,2026-03-28,戸田,9,5-3-6,180.9
20260328_戸田_9,2026-03-28,戸田,9,6-3-5,1246.0
20260328_戸田_9,2026-03-28,戸田,9,1-5-2,72.6
20260328_戸田_9,2026-03-28,戸田,9,2-5-1,519.0
20260328_戸田_9,2026-03-28,戸田,9,3-5-1,68.7
20260328_戸田_9,2026-03-28,戸田,9,4-5-1,65.6
20260328_戸田_9,2026-03-28,戸田,9,5-4-1,122.5
20260328_戸田_9,2026-03-28,戸田,9,6-4-1,552.7
20260328_戸田_9,2026-03-28,戸田,9,1-5-3,27.3
20260328_戸田_9,2026-03-28,戸田,9,2-5-3,828.3
20260328_戸田_9,2026-03-28,戸田,9,3-5-2,271.6
20260328_戸田_9,2026-03-28,戸田,9,4-5-2,256.5
20260328_戸田_9,2026-03-28,戸田,9,5-4-2,522.7
20260328_戸田_9,2026-03-28,戸田,9,6-4-2,1795.0
20260328_戸田_9,2026-03-28,戸田,9,1-5-4,27.7
20260328_戸田_9,2026-03-28,戸田,9,2-5-4,673.8
20260328_戸田_9,2026-03-28,戸田,9,3-5-4,66.3
20260328_戸田_9,2026-03-28,戸田,9,4-5-3,104.7
20260328_戸田_9,2026-03-28,戸田,9,5-4-3,178.1
20260328_戸田_9,2026-03-28,戸田,9,6-4-3,715.5
20260328_戸田_9,2026-03-28,戸田,9,1-5-6,45.3
20260328_戸田_9,2026-03-28,戸田,9,2-5-6,1124.0
20260328_戸田_9,2026-03-28,戸田,9,3-5-6,98.3
20260328_戸田_9,2026-03-28,戸田,9,4-5-6,81.6
20260328_戸田_9,2026-03-28,戸田,9,5-4-6,143.9
20260328_戸田_9,2026-03-28,戸田,9,6-4-5,876.0
20260328_戸田_9,2026-03-28,戸田,9,1-6-2,159.4
20260328_戸田_9,2026-03-28,戸田,9,2-6-1,1000.0
20260328_戸田_9,2026-03-28,戸田,9,3-6-1,178.0
20260328_戸田_9,2026-03-28,戸田,9,4-6-1,108.1
20260328_戸田_9,2026-03-28,戸田,9,5-6-1,182.9
20260328_戸田_9,2026-03-28,戸田,9,6-5-1,503.6
20260328_戸田_9,2026-03-28,戸田,9,1-6-3,76.8
20260328_戸田_9,2026-03-28,戸田,9,2-6-3,1389.0
20260328_戸田_9,2026-03-28,戸田,9,3-6-2,612.4
20260328_戸田_9,2026-03-28,戸田,9,4-6-2,391.7
20260328_戸田_9,2026-03-28,戸田,9,5-6-2,491.6
20260328_戸田_9,2026-03-28,戸田,9,6-5-2,823.6
20260328_戸田_9,2026-03-28,戸田,9,1-6-4,73.8
20260328_戸田_9,2026-03-28,戸田,9,2-6-4,1246.0
20260328_戸田_9,2026-03-28,戸田,9,3-6-4,170.8
20260328_戸田_9,2026-03-28,戸田,9,4-6-3,192.2
20260328_戸田_9,2026-03-28,戸田,9,5-6-3,255.1
20260328_戸田_9,2026-03-28,戸田,9,6-5-3,620.3
20260328_戸田_9,2026-03-28,戸田,9,1-6-5,87.4
20260328_戸田_9,2026-03-28,戸田,9,2-6-5,1700.0
20260328_戸田_9,2026-03-28,戸田,9,3-6-5,207.3
20260328_戸田_9,2026-03-28,戸田,9,4-6-5,141.0
20260328_戸田_9,2026-03-28,戸田,9,5-6-4,236.5
20260328_戸田_9,2026-03-28,戸田,9,6-5-4,514.3
20260328_戸田_10,2026-03-28,戸田,10,1-2-3,12.5
20260328_戸田_10,2026-03-28,戸田,10,2-1-3,48.4
20260328_戸田_10,2026-03-28,戸田,10,3-1-2,32.1
20260328_戸田_10,2026-03-28,戸田,10,4-1-2,251.9
20260328_戸田_10,2026-03-28,戸田,10,5-1-2,172.4
20260328_戸田_10,2026-03-28,戸田,10,6-1-2,213.3
20260328_戸田_10,2026-03-28,戸田,10,1-2-4,21.9
20260328_戸田_10,2026-03-28,戸田,10,2-1-4,120.0
20260328_戸田_10,2026-03-28,戸田,10,3-1-4,58.1
20260328_戸田_10,2026-03-28,戸田,10,4-1-3,238.7
20260328_戸田_10,2026-03-28,戸田,10,5-1-3,88.7
20260328_戸田_10,2026-03-28,戸田,10,6-1-3,170.2
20260328_戸田_10,2026-03-28,戸田,10,1-2-5,33.6
20260328_戸田_10,2026-03-28,戸田,10,2-1-5,103.0
20260328_戸田_10,2026-03-28,戸田,10,3-1-5,33.7
20260328_戸田_10,2026-03-28,戸田,10,4-1-5,272.5
20260328_戸田_10,2026-03-28,戸田,10,5-1-4,255.9
20260328_戸田_10,2026-03-28,戸田,10,6-1-4,282.8
20260328_戸田_10,2026-03-28,戸田,10,1-2-6,25.0
20260328_戸田_10,2026-03-28,戸田,10,2-1-6,92.7
20260328_戸田_10,2026-03-28,戸田,10,3-1-6,42.4
20260328_戸田_10,2026-03-28,戸田,10,4-1-6,274.0
20260328_戸田_10,2026-03-28,戸田,10,5-1-6,145.4
20260328_戸田_10,2026-03-28,戸田,10,6-1-5,239.3
20260328_戸田_10,2026-03-28,戸田,10,1-3-2,10.3
20260328_戸田_10,2026-03-28,戸田,10,2-3-1,63.9
20260328_戸田_10,2026-03-28,戸田,10,3-2-1,64.9
20260328_戸田_10,2026-03-28,戸田,10,4-2-1,390.1
20260328_戸田_10,2026-03-28,戸田,10,5-2-1,233.2
20260328_戸田_10,2026-03-28,戸田,10,6-2-1,299.8
20260328_戸田_10,2026-03-28,戸田,10,1-3-4,13.2
20260328_戸田_10,2026-03-28,戸田,10,2-3-4,114.3
20260328_戸田_10,2026-03-28,戸田,10,3-2-4,114.2
20260328_戸田_10,2026-03-28,戸田,10,4-2-3,323.9
20260328_戸田_10,2026-03-28,戸田,10,5-2-3,284.7
20260328_戸田_10,2026-03-28,戸田,10,6-2-3,387.2
20260328_戸田_10,2026-03-28,戸田,10,1-3-5,12.2
20260328_戸田_10,2026-03-28,戸田,10,2-3-5,106.4
20260328_戸田_10,2026-03-28,戸田,10,3-2-5,101.6
20260328_戸田_10,2026-03-28,戸田,10,4-2-5,467.4
20260328_戸田_10,2026-03-28,戸田,10,5-2-4,619.1
20260328_戸田_10,2026-03-28,戸田,10,6-2-4,586.2
20260328_戸田_10,2026-03-28,戸田,10,1-3-6,16.1
20260328_戸田_10,2026-03-28,戸田,10,2-3-6,107.9
20260328_戸田_10,2026-03-28,戸田,10,3-2-6,117.8
20260328_戸田_10,2026-03-28,戸田,10,4-2-6,515.7
20260328_戸田_10,2026-03-28,戸田,10,5-2-6,511.9
20260328_戸田_10,2026-03-28,戸田,10,6-2-5,670.5
20260328_戸田_10,2026-03-28,戸田,10,1-4-2,45.8
20260328_戸田_10,2026-03-28,戸田,10,2-4-1,253.1
20260328_戸田_10,2026-03-28,戸田,10,3-4-1,105.4
20260328_戸田_10,2026-03-28,戸田,10,4-3-1,251.9
20260328_戸田_10,2026-03-28,戸田,10,5-3-1,125.5
20260328_戸田_10,2026-03-28,戸田,10,6-3-1,219.7
20260328_戸田_10,2026-03-28,戸田,10,1-4-3,34.9
20260328_戸田_10,2026-03-28,戸田,10,2-4-3,203.3
20260328_戸田_10,2026-03-28,戸田,10,3-4-2,150.2
20260328_戸田_10,2026-03-28,戸田,10,4-3-2,307.3
20260328_戸田_10,2026-03-28,戸田,10,5-3-2,198.7
20260328_戸田_10,2026-03-28,戸田,10,6-3-2,395.2
20260328_戸田_10,2026-03-28,戸田,10,1-4-5,79.2
20260328_戸田_10,2026-03-28,戸田,10,2-4-5,345.7
20260328_戸田_10,2026-03-28,戸田,10,3-4-5,134.8
20260328_戸田_10,2026-03-28,戸田,10,4-3-5,313.7
20260328_戸田_10,2026-03-28,戸田,10,5-3-4,352.1
20260328_戸田_10,2026-03-28,戸田,10,6-3-4,366.3
20260328_戸田_10,2026-03-28,戸田,10,1-4-6,51.4
20260328_戸田_10,2026-03-28,戸田,10,2-4-6,394.5
20260328_戸田_10,2026-03-28,戸田,10,3-4-6,152.4
20260328_戸田_10,2026-03-28,戸田,10,4-3-6,386.5
20260328_戸田_10,2026-03-28,戸田,10,5-3-6,170.3
20260328_戸田_10,2026-03-28,戸田,10,6-3-5,352.7
20260328_戸田_10,2026-03-28,戸田,10,1-5-2,52.9
20260328_戸田_10,2026-03-28,戸田,10,2-5-1,229.3
20260328_戸田_10,2026-03-28,戸田,10,3-5-1,66.0
20260328_戸田_10,2026-03-28,戸田,10,4-5-1,372.8
20260328_戸田_10,2026-03-28,戸田,10,5-4-1,366.9
20260328_戸田_10,2026-03-28,戸田,10,6-4-1,415.6
20260328_戸田_10,2026-03-28,戸田,10,1-5-3,32.3
20260328_戸田_10,2026-03-28,戸田,10,2-5-3,240.1
20260328_戸田_10,2026-03-28,戸田,10,3-5-2,121.5
20260328_戸田_10,2026-03-28,戸田,10,4-5-2,611.9
20260328_戸田_10,2026-03-28,戸田,10,5-4-2,786.1
20260328_戸田_10,2026-03-28,戸田,10,6-4-2,718.8
20260328_戸田_10,2026-03-28,戸田,10,1-5-4,82.1
20260328_戸田_10,2026-03-28,戸田,10,2-5-4,613.7
20260328_戸田_10,2026-03-28,戸田,10,3-5-4,145.1
20260328_戸田_10,2026-03-28,戸田,10,4-5-3,405.9
20260328_戸田_10,2026-03-28,戸田,10,5-4-3,448.4
20260328_戸田_10,2026-03-28,戸田,10,6-4-3,567.2
20260328_戸田_10,2026-03-28,戸田,10,1-5-6,54.6
20260328_戸田_10,2026-03-28,戸田,10,2-5-6,436.3
20260328_戸田_10,2026-03-28,戸田,10,3-5-6,86.3
20260328_戸田_10,2026-03-28,戸田,10,4-5-6,413.9
20260328_戸田_10,2026-03-28,戸田,10,5-4-6,477.0
20260328_戸田_10,2026-03-28,戸田,10,6-4-5,581.4
20260328_戸田_10,2026-03-28,戸田,10,1-6-2,42.0
20260328_戸田_10,2026-03-28,戸田,10,2-6-1,197.8
20260328_戸田_10,2026-03-28,戸田,10,3-6-1,94.1
20260328_戸田_10,2026-03-28,戸田,10,4-6-1,431.8
20260328_戸田_10,2026-03-28,戸田,10,5-6-1,184.6
20260328_戸田_10,2026-03-28,戸田,10,6-5-1,322.4
20260328_戸田_10,2026-03-28,戸田,10,1-6-3,35.4
20260328_戸田_10,2026-03-28,戸田,10,2-6-3,226.6
20260328_戸田_10,2026-03-28,戸田,10,3-6-2,177.1
20260328_戸田_10,2026-03-28,戸田,10,4-6-2,634.1
20260328_戸田_10,2026-03-28,戸田,10,5-6-2,485.8
20260328_戸田_10,2026-03-28,戸田,10,6-5-2,639.9
20260328_戸田_10,2026-03-28,戸田,10,1-6-4,50.6
20260328_戸田_10,2026-03-28,戸田,10,2-6-4,506.9
20260328_戸田_10,2026-03-28,戸田,10,3-6-4,178.6
20260328_戸田_10,2026-03-28,戸田,10,4-6-3,509.4
20260328_戸田_10,2026-03-28,戸田,10,5-6-3,211.1
20260328_戸田_10,2026-03-28,戸田,10,6-5-3,399.7
20260328_戸田_10,2026-03-28,戸田,10,1-6-5,67.2
20260328_戸田_10,2026-03-28,戸田,10,2-6-5,408.3
20260328_戸田_10,2026-03-28,戸田,10,3-6-5,130.7
20260328_戸田_10,2026-03-28,戸田,10,4-6-5,423.1
20260328_戸田_10,2026-03-28,戸田,10,5-6-4,365.0
20260328_戸田_10,2026-03-28,戸田,10,6-5-4,690.4
20260328_戸田_11,2026-03-28,戸田,11,1-2-3,10.8
20260328_戸田_11,2026-03-28,戸田,11,2-1-3,57.1
20260328_戸田_11,2026-03-28,戸田,11,3-1-2,57.8
20260328_戸田_11,2026-03-28,戸田,11,4-1-2,54.7
20260328_戸田_11,2026-03-28,戸田,11,5-1-2,195.6
20260328_戸田_11,2026-03-28,戸田,11,6-1-2,307.1
20260328_戸田_11,2026-03-28,戸田,11,1-2-4,10.4
20260328_戸田_11,2026-03-28,戸田,11,2-1-4,45.3
20260328_戸田_11,2026-03-28,戸田,11,3-1-4,65.1
20260328_戸田_11,2026-03-28,戸田,11,4-1-3,95.2
20260328_戸田_11,2026-03-28,戸田,11,5-1-3,229.6
20260328_戸田_11,2026-03-28,戸田,11,6-1-3,497.7
20260328_戸田_11,2026-03-28,戸田,11,1-2-5,25.0
20260328_戸田_11,2026-03-28,戸田,11,2-1-5,93.9
20260328_戸田_11,2026-03-28,戸田,11,3-1-5,91.8
20260328_戸田_11,2026-03-28,戸田,11,4-1-5,68.3
20260328_戸田_11,2026-03-28,戸田,11,5-1-4,175.7
20260328_戸田_11,2026-03-28,戸田,11,6-1-4,347.2
20260328_戸田_11,2026-03-28,戸田,11,1-2-6,19.7
20260328_戸田_11,2026-03-28,戸田,11,2-1-6,85.9
20260328_戸田_11,2026-03-28,戸田,11,3-1-6,103.1
20260328_戸田_11,2026-03-28,戸田,11,4-1-6,73.9
20260328_戸田_11,2026-03-28,戸田,11,5-1-6,196.0
20260328_戸田_11,2026-03-28,戸田,11,6-1-5,734.8
20260328_戸田_11,2026-03-28,戸田,11,1-3-2,14.8
20260328_戸田_11,2026-03-28,戸田,11,2-3-1,113.1
20260328_戸田_11,2026-03-28,戸田,11,3-2-1,103.4
20260328_戸田_11,2026-03-28,戸田,11,4-2-1,86.3
20260328_戸田_11,2026-03-28,戸田,11,5-2-1,282.2
20260328_戸田_11,2026-03-28,戸田,11,6-2-1,484.6
20260328_戸田_11,2026-03-28,戸田,11,1-3-4,14.9
20260328_戸田_11,2026-03-28,戸田,11,2-3-4,165.5
20260328_戸田_11,2026-03-28,戸田,11,3-2-4,146.7
20260328_戸田_11,2026-03-28,戸田,11,4-2-3,161.5
20260328_戸田_11,2026-03-28,戸田,11,5-2-3,392.4
20260328_戸田_11,2026-03-28,戸田,11,6-2-3,957.7
20260328_戸田_11,2026-03-28,戸田,11,1-3-5,32.9
20260328_戸田_11,2026-03-28,戸田,11,2-3-5,248.2
20260328_戸田_11,2026-03-28,戸田,11,3-2-5,198.1
20260328_戸田_11,2026-03-28,戸田,11,4-2-5,121.2
20260328_戸田_11,2026-03-28,戸田,11,5-2-4,278.7
20260328_戸田_11,2026-03-28,戸田,11,6-2-4,547.6
20260328_戸田_11,2026-03-28,戸田,11,1-3-6,30.3
20260328_戸田_11,2026-03-28,戸田,11,2-3-6,296.3
20260328_戸田_11,2026-03-28,戸田,11,3-2-6,228.8
20260328_戸田_11,2026-03-28,戸田,11,4-2-6,133.7
20260328_戸田_11,2026-03-28,戸田,11,5-2-6,318.7
20260328_戸田_11,2026-03-28,戸田,11,6-2-5,962.3
20260328_戸田_11,2026-03-28,戸田,11,1-4-2,15.7
20260328_戸田_11,2026-03-28,戸田,11,2-4-1,91.2
20260328_戸田_11,2026-03-28,戸田,11,3-4-1,108.9
20260328_戸田_11,2026-03-28,戸田,11,4-3-1,159.7
20260328_戸田_11,2026-03-28,戸田,11,5-3-1,337.3
20260328_戸田_11,2026-03-28,戸田,11,6-3-1,927.0
20260328_戸田_11,2026-03-28,戸田,11,1-4-3,21.1
20260328_戸田_11,2026-03-28,戸田,11,2-4-3,144.6
20260328_戸田_11,2026-03-28,戸田,11,3-4-2,146.5
20260328_戸田_11,2026-03-28,戸田,11,4-3-2,232.2
20260328_戸田_11,2026-03-28,戸田,11,5-3-2,438.3
20260328_戸田_11,2026-03-28,戸田,11,6-3-2,1181.0
20260328_戸田_11,2026-03-28,戸田,11,1-4-5,31.8
20260328_戸田_11,2026-03-28,戸田,11,2-4-5,150.8
20260328_戸田_11,2026-03-28,戸田,11,3-4-5,132.0
20260328_戸田_11,2026-03-28,戸田,11,4-3-5,195.8
20260328_戸田_11,2026-03-28,戸田,11,5-3-4,296.3
20260328_戸田_11,2026-03-28,戸田,11,6-3-4,953.2
20260328_戸田_11,2026-03-28,戸田,11,1-4-6,28.4
20260328_戸田_11,2026-03-28,戸田,11,2-4-6,124.7
20260328_戸田_11,2026-03-28,戸田,11,3-4-6,161.8
20260328_戸田_11,2026-03-28,戸田,11,4-3-6,232.8
20260328_戸田_11,2026-03-28,戸田,11,5-3-6,420.1
20260328_戸田_11,2026-03-28,戸田,11,6-3-5,1374.0
20260328_戸田_11,2026-03-28,戸田,11,1-5-2,47.9
20260328_戸田_11,2026-03-28,戸田,11,2-5-1,241.1
20260328_戸田_11,2026-03-28,戸田,11,3-5-1,189.2
20260328_戸田_11,2026-03-28,戸田,11,4-5-1,87.6
20260328_戸田_11,2026-03-28,戸田,11,5-4-1,168.9
20260328_戸田_11,2026-03-28,戸田,11,6-4-1,420.1
20260328_戸田_11,2026-03-28,戸田,11,1-5-3,67.2
20260328_戸田_11,2026-03-28,戸田,11,2-5-3,320.2
20260328_戸田_11,2026-03-28,戸田,11,3-5-2,236.3
20260328_戸田_11,2026-03-28,戸田,11,4-5-2,113.9
20260328_戸田_11,2026-03-28,戸田,11,5-4-2,208.7
20260328_戸田_11,2026-03-28,戸田,11,6-4-2,474.3
20260328_戸田_11,2026-03-28,戸田,11,1-5-4,63.1
20260328_戸田_11,2026-03-28,戸田,11,2-5-4,246.7
20260328_戸田_11,2026-03-28,戸田,11,3-5-4,187.9
20260328_戸田_11,2026-03-28,戸田,11,4-5-3,162.9
20260328_戸田_11,2026-03-28,戸田,11,5-4-3,266.2
20260328_戸田_11,2026-03-28,戸田,11,6-4-3,786.3
20260328_戸田_11,2026-03-28,戸田,11,1-5-6,69.5
20260328_戸田_11,2026-03-28,戸田,11,2-5-6,358.3
20260328_戸田_11,2026-03-28,戸田,11,3-5-6,258.7
20260328_戸田_11,2026-03-28,戸田,11,4-5-6,87.3
20260328_戸田_11,2026-03-28,戸田,11,5-4-6,152.8
20260328_戸田_11,2026-03-28,戸田,11,6-4-5,520.8
20260328_戸田_11,2026-03-28,戸田,11,1-6-2,56.4
20260328_戸田_11,2026-03-28,戸田,11,2-6-1,260.7
20260328_戸田_11,2026-03-28,戸田,11,3-6-1,270.1
20260328_戸田_11,2026-03-28,戸田,11,4-6-1,113.0
20260328_戸田_11,2026-03-28,戸田,11,5-6-1,307.1
20260328_戸田_11,2026-03-28,戸田,11,6-5-1,944.3
20260328_戸田_11,2026-03-28,戸田,11,1-6-3,94.9
20260328_戸田_11,2026-03-28,戸田,11,2-6-3,462.4
20260328_戸田_11,2026-03-28,戸田,11,3-6-2,358.3
20260328_戸田_11,2026-03-28,戸田,11,4-6-2,141.9
20260328_戸田_11,2026-03-28,戸田,11,5-6-2,367.4
20260328_戸田_11,2026-03-28,戸田,11,6-5-2,1086.0
20260328_戸田_11,2026-03-28,戸田,11,1-6-4,84.2
20260328_戸田_11,2026-03-28,戸田,11,2-6-4,269.1
20260328_戸田_11,2026-03-28,戸田,11,3-6-4,338.5
20260328_戸田_11,2026-03-28,戸田,11,4-6-3,244.6
20260328_戸田_11,2026-03-28,戸田,11,5-6-3,515.5
20260328_戸田_11,2026-03-28,戸田,11,6-5-3,1403.0
20260328_戸田_11,2026-03-28,戸田,11,1-6-5,117.0
20260328_戸田_11,2026-03-28,戸田,11,2-6-5,459.3
20260328_戸田_11,2026-03-28,戸田,11,3-6-5,406.6
20260328_戸田_11,2026-03-28,戸田,11,4-6-5,134.1
20260328_戸田_11,2026-03-28,戸田,11,5-6-4,319.2
20260328_戸田_11,2026-03-28,戸田,11,6-5-4,633.5
20260328_平和島_4,2026-03-28,平和島,4,1-2-3,24.9
20260328_平和島_4,2026-03-28,平和島,4,2-1-3,23.1
20260328_平和島_4,2026-03-28,平和島,4,3-1-2,138.3
20260328_平和島_4,2026-03-28,平和島,4,4-1-2,17.7
20260328_平和島_4,2026-03-28,平和島,4,5-1-2,687.5
20260328_平和島_4,2026-03-28,平和島,4,6-1-2,1286.0
20260328_平和島_4,2026-03-28,平和島,4,1-2-4,12.3
20260328_平和島_4,2026-03-28,平和島,4,2-1-4,10.5
20260328_平和島_4,2026-03-28,平和島,4,3-1-4,121.6
20260328_平和島_4,2026-03-28,平和島,4,4-1-3,45.7
20260328_平和島_4,2026-03-28,平和島,4,5-1-3,1202.0
20260328_平和島_4,2026-03-28,平和島,4,6-1-3,2113.0
20260328_平和島_4,2026-03-28,平和島,4,1-2-5,127.0
20260328_平和島_4,2026-03-28,平和島,4,2-1-5,90.3
20260328_平和島_4,2026-03-28,平和島,4,3-1-5,516.0
20260328_平和島_4,2026-03-28,平和島,4,4-1-5,65.8
20260328_平和島_4,2026-03-28,平和島,4,5-1-4,629.3
20260328_平和島_4,2026-03-28,平和島,4,6-1-4,1127.0
20260328_平和島_4,2026-03-28,平和島,4,1-2-6,148.4
20260328_平和島_4,2026-03-28,平和島,4,2-1-6,98.7
20260328_平和島_4,2026-03-28,平和島,4,3-1-6,709.3
20260328_平和島_4,2026-03-28,平和島,4,4-1-6,67.4
20260328_平和島_4,2026-03-28,平和島,4,5-1-6,1394.0
20260328_平和島_4,2026-03-28,平和島,4,6-1-5,2182.0
20260328_平和島_4,2026-03-28,平和島,4,1-3-2,45.2
20260328_平和島_4,2026-03-28,平和島,4,2-3-1,48.1
20260328_平和島_4,2026-03-28,平和島,4,3-2-1,130.4
20260328_平和島_4,2026-03-28,平和島,4,4-2-1,12.6
20260328_平和島_4,2026-03-28,平和島,4,5-2-1,633.2
20260328_平和島_4,2026-03-28,平和島,4,6-2-1,960.5
20260328_平和島_4,2026-03-28,平和島,4,1-3-4,46.9
20260328_平和島_4,2026-03-28,平和島,4,2-3-4,28.0
20260328_平和島_4,2026-03-28,平和島,4,3-2-4,64.6
20260328_平和島_4,2026-03-28,平和島,4,4-2-3,16.7
20260328_平和島_4,2026-03-28,平和島,4,5-2-3,942.4
20260328_平和島_4,2026-03-28,平和島,4,6-2-3,1672.0
20260328_平和島_4,2026-03-28,平和島,4,1-3-5,260.7
20260328_平和島_4,2026-03-28,平和島,4,2-3-5,174.8
20260328_平和島_4,2026-03-28,平和島,4,3-2-5,344.9
20260328_平和島_4,2026-03-28,平和島,4,4-2-5,29.5
20260328_平和島_4,2026-03-28,平和島,4,5-2-4,441.2
20260328_平和島_4,2026-03-28,平和島,4,6-2-4,669.1
20260328_平和島_4,2026-03-28,平和島,4,1-3-6,328.0
20260328_平和島_4,2026-03-28,平和島,4,2-3-6,190.1
20260328_平和島_4,2026-03-28,平和島,4,3-2-6,410.5
20260328_平和島_4,2026-03-28,平和島,4,4-2-6,31.7
20260328_平和島_4,2026-03-28,平和島,4,5-2-6,1008.0
20260328_平和島_4,2026-03-28,平和島,4,6-2-5,1876.0
20260328_平和島_4,2026-03-28,平和島,4,1-4-2,15.6
20260328_平和島_4,2026-03-28,平和島,4,2-4-1,10.6
20260328_平和島_4,2026-03-28,平和島,4,3-4-1,134.0
20260328_平和島_4,2026-03-28,平和島,4,4-3-1,64.4
20260328_平和島_4,2026-03-28,平和島,4,5-3-1,1606.0
20260328_平和島_4,2026-03-28,平和島,4,6-3-1,2158.0
20260328_平和島_4,2026-03-28,平和島,4,1-4-3,37.9
20260328_平和島_4,2026-03-28,平和島,4,2-4-3,14.5
20260328_平和島_4,2026-03-28,平和島,4,3-4-2,72.2
20260328_平和島_4,2026-03-28,平和島,4,4-3-2,39.6
20260328_平和島_4,2026-03-28,平和島,4,5-3-2,1659.0
20260328_平和島_4,2026-03-28,平和島,4,6-3-2,2206.0
20260328_平和島_4,2026-03-28,平和島,4,1-4-5,151.1
20260328_平和島_4,2026-03-28,平和島,4,2-4-5,45.0
20260328_平和島_4,2026-03-28,平和島,4,3-4-5,353.4
20260328_平和島_4,2026-03-28,平和島,4,4-3-5,184.0
20260328_平和島_4,2026-03-28,平和島,4,5-3-4,1509.0
20260328_平和島_4,2026-03-28,平和島,4,6-3-4,1776.0
20260328_平和島_4,2026-03-28,平和島,4,1-4-6,167.0
20260328_平和島_4,2026-03-28,平和島,4,2-4-6,44.2
20260328_平和島_4,2026-03-28,平和島,4,3-4-6,404.7
20260328_平和島_4,2026-03-28,平和島,4,4-3-6,193.7
20260328_平和島_4,2026-03-28,平和島,4,5-3-6,2448.0
20260328_平和島_4,2026-03-28,平和島,4,6-3-5,3461.0
20260328_平和島_4,2026-03-28,平和島,4,1-5-2,279.2
20260328_平和島_4,2026-03-28,平和島,4,2-5-1,247.5
20260328_平和島_4,2026-03-28,平和島,4,3-5-1,854.2
20260328_平和島_4,2026-03-28,平和島,4,4-5-1,76.6
20260328_平和島_4,2026-03-28,平和島,4,5-4-1,553.0
20260328_平和島_4,2026-03-28,平和島,4,6-4-1,920.8
20260328_平和島_4,2026-03-28,平和島,4,1-5-3,532.4
20260328_平和島_4,2026-03-28,平和島,4,2-5-3,329.1
20260328_平和島_4,2026-03-28,平和島,4,3-5-2,680.5
20260328_平和島_4,2026-03-28,平和島,4,4-5-2,55.1
20260328_平和島_4,2026-03-28,平和島,4,5-4-2,414.7
20260328_平和島_4,2026-03-28,平和島,4,6-4-2,612.0
20260328_平和島_4,2026-03-28,平和島,4,1-5-4,422.6
20260328_平和島_4,2026-03-28,平和島,4,2-5-4,176.8
20260328_平和島_4,2026-03-28,平和島,4,3-5-4,719.5
20260328_平和島_4,2026-03-28,平和島,4,4-5-3,163.6
20260328_平和島_4,2026-03-28,平和島,4,5-4-3,946.9
20260328_平和島_4,2026-03-28,平和島,4,6-4-3,1320.0
20260328_平和島_4,2026-03-28,平和島,4,1-5-6,872.8
20260328_平和島_4,2026-03-28,平和島,4,2-5-6,403.1
20260328_平和島_4,2026-03-28,平和島,4,3-5-6,1509.0
20260328_平和島_4,2026-03-28,平和島,4,4-5-6,95.5
20260328_平和島_4,2026-03-28,平和島,4,5-4-6,573.5
20260328_平和島_4,2026-03-28,平和島,4,6-4-5,1180.0
20260328_平和島_4,2026-03-28,平和島,4,1-6-2,454.1
20260328_平和島_4,2026-03-28,平和島,4,2-6-1,293.4
20260328_平和島_4,2026-03-28,平和島,4,3-6-1,1384.0
20260328_平和島_4,2026-03-28,平和島,4,4-6-1,98.0
20260328_平和島_4,2026-03-28,平和島,4,5-6-1,1876.0
20260328_平和島_4,2026-03-28,平和島,4,6-5-1,2541.0
20260328_平和島_4,2026-03-28,平和島,4,1-6-3,819.3
20260328_平和島_4,2026-03-28,平和島,4,2-6-3,382.3
20260328_平和島_4,2026-03-28,平和島,4,3-6-2,908.3
20260328_平和島_4,2026-03-28,平和島,4,4-6-2,67.1
20260328_平和島_4,2026-03-28,平和島,4,5-6-2,1911.0
20260328_平和島_4,2026-03-28,平和島,4,6-5-2,2952.0
20260328_平和島_4,2026-03-28,平和島,4,1-6-4,567.0
20260328_平和島_4,2026-03-28,平和島,4,2-6-4,188.6
20260328_平和島_4,2026-03-28,平和島,4,3-6-4,965.1
20260328_平和島_4,2026-03-28,平和島,4,4-6-3,193.9
20260328_平和島_4,2026-03-28,平和島,4,5-6-3,2307.0
20260328_平和島_4,2026-03-28,平和島,4,6-5-3,3291.0
20260328_平和島_4,2026-03-28,平和島,4,1-6-5,1153.0
20260328_平和島_4,2026-03-28,平和島,4,2-6-5,436.4
20260328_平和島_4,2026-03-28,平和島,4,3-6-5,1841.0
20260328_平和島_4,2026-03-28,平和島,4,4-6-5,131.8
20260328_平和島_4,2026-03-28,平和島,4,5-6-4,1160.0
20260328_平和島_4,2026-03-28,平和島,4,6-5-4,1715.0
20260328_平和島_5,2026-03-28,平和島,5,1-2-3,12.5
20260328_平和島_5,2026-03-28,平和島,5,2-1-3,143.1
20260328_平和島_5,2026-03-28,平和島,5,3-1-2,453.2
20260328_平和島_5,2026-03-28,平和島,5,4-1-2,180.2
20260328_平和島_5,2026-03-28,平和島,5,5-1-2,59.5
20260328_平和島_5,2026-03-28,平和島,5,6-1-2,190.5
20260328_平和島_5,2026-03-28,平和島,5,1-2-4,9.0
20260328_平和島_5,2026-03-28,平和島,5,2-1-4,97.3
20260328_平和島_5,2026-03-28,平和島,5,3-1-4,719.7
20260328_平和島_5,2026-03-28,平和島,5,4-1-3,407.3
20260328_平和島_5,2026-03-28,平和島,5,5-1-3,191.4
20260328_平和島_5,2026-03-28,平和島,5,6-1-3,461.1
20260328_平和島_5,2026-03-28,平和島,5,1-2-5,5.9
20260328_平和島_5,2026-03-28,平和島,5,2-1-5,61.6
20260328_平和島_5,2026-03-28,平和島,5,3-1-5,508.4
20260328_平和島_5,2026-03-28,平和島,5,4-1-5,158.5
20260328_平和島_5,2026-03-28,平和島,5,5-1-4,109.1
20260328_平和島_5,2026-03-28,平和島,5,6-1-4,262.6
20260328_平和島_5,2026-03-28,平和島,5,1-2-6,11.5
20260328_平和島_5,2026-03-28,平和島,5,2-1-6,113.9
20260328_平和島_5,2026-03-28,平和島,5,3-1-6,825.7
20260328_平和島_5,2026-03-28,平和島,5,4-1-6,232.5
20260328_平和島_5,2026-03-28,平和島,5,5-1-6,84.7
20260328_平和島_5,2026-03-28,平和島,5,6-1-5,233.5
20260328_平和島_5,2026-03-28,平和島,5,1-3-2,24.3
20260328_平和島_5,2026-03-28,平和島,5,2-3-1,500.0
20260328_平和島_5,2026-03-28,平和島,5,3-2-1,680.6
20260328_平和島_5,2026-03-28,平和島,5,4-2-1,378.4
20260328_平和島_5,2026-03-28,平和島,5,5-2-1,125.6
20260328_平和島_5,2026-03-28,平和島,5,6-2-1,415.2
20260328_平和島_5,2026-03-28,平和島,5,1-3-4,48.6
20260328_平和島_5,2026-03-28,平和島,5,2-3-4,990.8
20260328_平和島_5,2026-03-28,平和島,5,3-2-4,926.2
20260328_平和島_5,2026-03-28,平和島,5,4-2-3,1170.0
20260328_平和島_5,2026-03-28,平和島,5,5-2-3,539.3
20260328_平和島_5,2026-03-28,平和島,5,6-2-3,1868.0
20260328_平和島_5,2026-03-28,平和島,5,1-3-5,32.2
20260328_平和島_5,2026-03-28,平和島,5,2-3-5,771.8
20260328_平和島_5,2026-03-28,平和島,5,3-2-5,717.3
20260328_平和島_5,2026-03-28,平和島,5,4-2-5,513.3
20260328_平和島_5,2026-03-28,平和島,5,5-2-4,390.1
20260328_平和島_5,2026-03-28,平和島,5,6-2-4,1019.0
20260328_平和島_5,2026-03-28,平和島,5,1-3-6,52.8
20260328_平和島_5,2026-03-28,平和島,5,2-3-6,1081.0
20260328_平和島_5,2026-03-28,平和島,5,3-2-6,1245.0
20260328_平和島_5,2026-03-28,平和島,5,4-2-6,583.6
20260328_平和島_5,2026-03-28,平和島,5,5-2-6,310.5
20260328_平和島_5,2026-03-28,平和島,5,6-2-5,862.5
20260328_平和島_5,2026-03-28,平和島,5,1-4-2,20.0
20260328_平和島_5,2026-03-28,平和島,5,2-4-1,323.7
20260328_平和島_5,2026-03-28,平和島,5,3-4-1,1291.0
20260328_平和島_5,2026-03-28,平和島,5,4-3-1,1231.0
20260328_平和島_5,2026-03-28,平和島,5,5-3-1,577.3
20260328_平和島_5,2026-03-28,平和島,5,6-3-1,1954.0
20260328_平和島_5,2026-03-28,平和島,5,1-4-3,50.2
20260328_平和島_5,2026-03-28,平和島,5,2-4-3,959.6
20260328_平和島_5,2026-03-28,平和島,5,3-4-2,1210.0
20260328_平和島_5,2026-03-28,平和島,5,4-3-2,1790.0
20260328_平和島_5,2026-03-28,平和島,5,5-3-2,914.3
20260328_平和島_5,2026-03-28,平和島,5,6-3-2,2598.0
20260328_平和島_5,2026-03-28,平和島,5,1-4-5,24.4
20260328_平和島_5,2026-03-28,平和島,5,2-4-5,433.8
20260328_平和島_5,2026-03-28,平和島,5,3-4-5,1315.0
20260328_平和島_5,2026-03-28,平和島,5,4-3-5,1479.0
20260328_平和島_5,2026-03-28,平和島,5,5-3-4,1510.0
20260328_平和島_5,2026-03-28,平和島,5,6-3-4,2448.0
20260328_平和島_5,2026-03-28,平和島,5,1-4-6,41.2
20260328_平和島_5,2026-03-28,平和島,5,2-4-6,685.0
20260328_平和島_5,2026-03-28,平和島,5,3-4-6,1902.0
20260328_平和島_5,2026-03-28,平和島,5,4-3-6,1718.0
20260328_平和島_5,2026-03-28,平和島,5,5-3-6,1196.0
20260328_平和島_5,2026-03-28,平和島,5,6-3-5,2266.0
20260328_平和島_5,2026-03-28,平和島,5,1-5-2,8.0
20260328_平和島_5,2026-03-28,平和島,5,2-5-1,139.5
20260328_平和島_5,2026-03-28,平和島,5,3-5-1,698.4
20260328_平和島_5,2026-03-28,平和島,5,4-5-1,229.8
20260328_平和島_5,2026-03-28,平和島,5,5-4-1,224.9
20260328_平和島_5,2026-03-28,平和島,5,6-4-1,431.2
20260328_平和島_5,2026-03-28,平和島,5,1-5-3,28.0
20260328_平和島_5,2026-03-28,平和島,5,2-5-3,634.0
20260328_平和島_5,2026-03-28,平和島,5,3-5-2,895.1
20260328_平和島_5,2026-03-28,平和島,5,4-5-2,371.8
20260328_平和島_5,2026-03-28,平和島,5,5-4-2,394.5
20260328_平和島_5,2026-03-28,平和島,5,6-4-2,621.1
20260328_平和島_5,2026-03-28,平和島,5,1-5-4,18.3
20260328_平和島_5,2026-03-28,平和島,5,2-5-4,421.0
20260328_平和島_5,2026-03-28,平和島,5,3-5-4,1177.0
20260328_平和島_5,2026-03-28,平和島,5,4-5-3,891.3
20260328_平和島_5,2026-03-28,平和島,5,5-4-3,930.3
20260328_平和島_5,2026-03-28,平和島,5,6-4-3,1000.0
20260328_平和島_5,2026-03-28,平和島,5,1-5-6,17.3
20260328_平和島_5,2026-03-28,平和島,5,2-5-6,412.8
20260328_平和島_5,2026-03-28,平和島,5,3-5-6,1348.0
20260328_平和島_5,2026-03-28,平和島,5,4-5-6,379.7
20260328_平和島_5,2026-03-28,平和島,5,5-4-6,358.6
20260328_平和島_5,2026-03-28,平和島,5,6-4-5,617.5
20260328_平和島_5,2026-03-28,平和島,5,1-6-2,27.7
20260328_平和島_5,2026-03-28,平和島,5,2-6-1,407.3
20260328_平和島_5,2026-03-28,平和島,5,3-6-1,1651.0
20260328_平和島_5,2026-03-28,平和島,5,4-6-1,386.6
20260328_平和島_5,2026-03-28,平和島,5,5-6-1,146.4
20260328_平和島_5,2026-03-28,平和島,5,6-5-1,298.7
20260328_平和島_5,2026-03-28,平和島,5,1-6-3,72.6
20260328_平和島_5,2026-03-28,平和島,5,2-6-3,1210.0
20260328_平和島_5,2026-03-28,平和島,5,3-6-2,1690.0
20260328_平和島_5,2026-03-28,平和島,5,4-6-2,551.9
20260328_平和島_5,2026-03-28,平和島,5,5-6-2,302.1
20260328_平和島_5,2026-03-28,平和島,5,6-5-2,591.7
20260328_平和島_5,2026-03-28,平和島,5,1-6-4,43.9
20260328_平和島_5,2026-03-28,平和島,5,2-6-4,838.7
20260328_平和島_5,2026-03-28,平和島,5,3-6-4,1852.0
20260328_平和島_5,2026-03-28,平和島,5,4-6-3,918.2
20260328_平和島_5,2026-03-28,平和島,5,5-6-3,678.4
20260328_平和島_5,2026-03-28,平和島,5,6-5-3,1092.0
20260328_平和島_5,2026-03-28,平和島,5,1-6-5,35.6
20260328_平和島_5,2026-03-28,平和島,5,2-6-5,617.5
20260328_平和島_5,2026-03-28,平和島,5,3-6-5,1885.0
20260328_平和島_5,2026-03-28,平和島,5,4-6-5,479.8
20260328_平和島_5,2026-03-28,平和島,5,5-6-4,311.4
20260328_平和島_5,2026-03-28,平和島,5,6-5-4,566.6
20260328_平和島_6,2026-03-28,平和島,6,1-2-3,7.8
20260328_平和島_6,2026-03-28,平和島,6,2-1-3,22.4
20260328_平和島_6,2026-03-28,平和島,6,3-1-2,67.7
20260328_平和島_6,2026-03-28,平和島,6,4-1-2,870.2
20260328_平和島_6,2026-03-28,平和島,6,5-1-2,907.8
20260328_平和島_6,2026-03-28,平和島,6,6-1-2,18.3
20260328_平和島_6,2026-03-28,平和島,6,1-2-4,73.5
20260328_平和島_6,2026-03-28,平和島,6,2-1-4,150.0
20260328_平和島_6,2026-03-28,平和島,6,3-1-4,534.6
20260328_平和島_6,2026-03-28,平和島,6,4-1-3,1278.0
20260328_平和島_6,2026-03-28,平和島,6,5-1-3,1244.0
20260328_平和島_6,2026-03-28,平和島,6,6-1-3,30.4
20260328_平和島_6,2026-03-28,平和島,6,1-2-5,51.4
20260328_平和島_6,2026-03-28,平和島,6,2-1-5,113.4
20260328_平和島_6,2026-03-28,平和島,6,3-1-5,281.2
20260328_平和島_6,2026-03-28,平和島,6,4-1-5,1386.0
20260328_平和島_6,2026-03-28,平和島,6,5-1-4,2269.0
20260328_平和島_6,2026-03-28,平和島,6,6-1-4,155.6
20260328_平和島_6,2026-03-28,平和島,6,1-2-6,6.6
20260328_平和島_6,2026-03-28,平和島,6,2-1-6,15.3
20260328_平和島_6,2026-03-28,平和島,6,3-1-6,61.2
20260328_平和島_6,2026-03-28,平和島,6,4-1-6,686.9
20260328_平和島_6,2026-03-28,平和島,6,5-1-6,812.2
20260328_平和島_6,2026-03-28,平和島,6,6-1-5,126.5
20260328_平和島_6,2026-03-28,平和島,6,1-3-2,13.5
20260328_平和島_6,2026-03-28,平和島,6,2-3-1,53.5
20260328_平和島_6,2026-03-28,平和島,6,3-2-1,85.3
20260328_平和島_6,2026-03-28,平和島,6,4-2-1,1102.0
20260328_平和島_6,2026-03-28,平和島,6,5-2-1,826.7
20260328_平和島_6,2026-03-28,平和島,6,6-2-1,23.1
20260328_平和島_6,2026-03-28,平和島,6,1-3-4,105.6
20260328_平和島_6,2026-03-28,平和島,6,2-3-4,364.5
20260328_平和島_6,2026-03-28,平和島,6,3-2-4,484.3
20260328_平和島_6,2026-03-28,平和島,6,4-2-3,1278.0
20260328_平和島_6,2026-03-28,平和島,6,5-2-3,1146.0
20260328_平和島_6,2026-03-28,平和島,6,6-2-3,37.1
20260328_平和島_6,2026-03-28,平和島,6,1-3-5,85.7
20260328_平和島_6,2026-03-28,平和島,6,2-3-5,221.9
20260328_平和島_6,2026-03-28,平和島,6,3-2-5,284.0
20260328_平和島_6,2026-03-28,平和島,6,4-2-5,2163.0
20260328_平和島_6,2026-03-28,平和島,6,5-2-4,3006.0
20260328_平和島_6,2026-03-28,平和島,6,6-2-4,220.4
20260328_平和島_6,2026-03-28,平和島,6,1-3-6,13.3
20260328_平和島_6,2026-03-28,平和島,6,2-3-6,44.4
20260328_平和島_6,2026-03-28,平和島,6,3-2-6,75.7
20260328_平和島_6,2026-03-28,平和島,6,4-2-6,876.8
20260328_平和島_6,2026-03-28,平和島,6,5-2-6,776.8
20260328_平和島_6,2026-03-28,平和島,6,6-2-5,145.1
20260328_平和島_6,2026-03-28,平和島,6,1-4-2,214.3
20260328_平和島_6,2026-03-28,平和島,6,2-4-1,559.1
20260328_平和島_6,2026-03-28,平和島,6,3-4-1,1102.0
20260328_平和島_6,2026-03-28,平和島,6,4-3-1,1978.0
20260328_平和島_6,2026-03-28,平和島,6,5-3-1,2085.0
20260328_平和島_6,2026-03-28,平和島,6,6-3-1,61.7
20260328_平和島_6,2026-03-28,平和島,6,1-4-3,256.6
20260328_平和島_6,2026-03-28,平和島,6,2-4-3,769.0
20260328_平和島_6,2026-03-28,平和島,6,3-4-2,863.8
20260328_平和島_6,2026-03-28,平和島,6,4-3-2,1677.0
20260328_平和島_6,2026-03-28,平和島,6,5-3-2,1630.0
20260328_平和島_6,2026-03-28,平和島,6,6-3-2,62.3
20260328_平和島_6,2026-03-28,平和島,6,1-4-5,663.3
20260328_平和島_6,2026-03-28,平和島,6,2-4-5,1265.0
20260328_平和島_6,2026-03-28,平和島,6,3-4-5,1851.0
20260328_平和島_6,2026-03-28,平和島,6,4-3-5,2893.0
20260328_平和島_6,2026-03-28,平和島,6,5-3-4,3733.0
20260328_平和島_6,2026-03-28,平和島,6,6-3-4,312.8
20260328_平和島_6,2026-03-28,平和島,6,1-4-6,202.1
20260328_平和島_6,2026-03-28,平和島,6,2-4-6,521.3
20260328_平和島_6,2026-03-28,平和島,6,3-4-6,993.5
20260328_平和島_6,2026-03-28,平和島,6,4-3-6,1493.0
20260328_平和島_6,2026-03-28,平和島,6,5-3-6,1437.0
20260328_平和島_6,2026-03-28,平和島,6,6-3-5,264.5
20260328_平和島_6,2026-03-28,平和島,6,1-5-2,191.9
20260328_平和島_6,2026-03-28,平和島,6,2-5-1,390.3
20260328_平和島_6,2026-03-28,平和島,6,3-5-1,714.5
20260328_平和島_6,2026-03-28,平和島,6,4-5-1,2013.0
20260328_平和島_6,2026-03-28,平和島,6,5-4-1,3674.0
20260328_平和島_6,2026-03-28,平和島,6,6-4-1,502.1
20260328_平和島_6,2026-03-28,平和島,6,1-5-3,254.6
20260328_平和島_6,2026-03-28,平和島,6,2-5-3,540.8
20260328_平和島_6,2026-03-28,平和島,6,3-5-2,714.5
20260328_平和島_6,2026-03-28,平和島,6,4-5-2,2572.0
20260328_平和島_6,2026-03-28,平和島,6,5-4-2,4133.0
20260328_平和島_6,2026-03-28,平和島,6,6-4-2,494.6
20260328_平和島_6,2026-03-28,平和島,6,1-5-4,838.7
20260328_平和島_6,2026-03-28,平和島,6,2-5-4,1151.0
20260328_平和島_6,2026-03-28,平和島,6,3-5-4,1851.0
20260328_平和島_6,2026-03-28,平和島,6,4-5-3,2858.0
20260328_平和島_6,2026-03-28,平和島,6,5-4-3,4724.0
20260328_平和島_6,2026-03-28,平和島,6,6-4-3,766.5
20260328_平和島_6,2026-03-28,平和島,6,1-5-6,180.8
20260328_平和島_6,2026-03-28,平和島,6,2-5-6,387.7
20260328_平和島_6,2026-03-28,平和島,6,3-5-6,723.4
20260328_平和島_6,2026-03-28,平和島,6,4-5-6,2789.0
20260328_平和島_6,2026-03-28,平和島,6,5-4-6,3307.0
20260328_平和島_6,2026-03-28,平和島,6,6-4-5,880.2
20260328_平和島_6,2026-03-28,平和島,6,1-6-2,9.4
20260328_平和島_6,2026-03-28,平和島,6,2-6-1,27.1
20260328_平和島_6,2026-03-28,平和島,6,3-6-1,79.9
20260328_平和島_6,2026-03-28,平和島,6,4-6-1,960.5
20260328_平和島_6,2026-03-28,平和島,6,5-6-1,952.6
20260328_平和島_6,2026-03-28,平和島,6,6-5-1,366.8
20260328_平和島_6,2026-03-28,平和島,6,1-6-3,14.6
20260328_平和島_6,2026-03-28,平和島,6,2-6-3,40.1
20260328_平和島_6,2026-03-28,平和島,6,3-6-2,81.6
20260328_平和島_6,2026-03-28,平和島,6,4-6-2,964.5
20260328_平和島_6,2026-03-28,平和島,6,5-6-2,933.4
20260328_平和島_6,2026-03-28,平和島,6,6-5-2,398.4
20260328_平和島_6,2026-03-28,平和島,6,1-6-4,120.8
20260328_平和島_6,2026-03-28,平和島,6,2-6-4,283.6
20260328_平和島_6,2026-03-28,平和島,6,3-6-4,512.1
20260328_平和島_6,2026-03-28,平和島,6,4-6-3,1543.0
20260328_平和島_6,2026-03-28,平和島,6,5-6-3,1474.0
20260328_平和島_6,2026-03-28,平和島,6,6-5-3,580.1
20260328_平和島_6,2026-03-28,平和島,6,1-6-5,76.4
20260328_平和島_6,2026-03-28,平和島,6,2-6-5,177.1
20260328_平和島_6,2026-03-28,平和島,6,3-6-5,364.5
20260328_平和島_6,2026-03-28,平和島,6,4-6-5,2462.0
20260328_平和島_6,2026-03-28,平和島,6,5-6-4,3086.0
20260328_平和島_6,2026-03-28,平和島,6,6-5-4,1042.0
20260328_平和島_7,2026-03-28,平和島,7,1-2-3,27.1
20260328_平和島_7,2026-03-28,平和島,7,2-1-3,117.9
20260328_平和島_7,2026-03-28,平和島,7,3-1-2,116.3
20260328_平和島_7,2026-03-28,平和島,7,4-1-2,224.9
20260328_平和島_7,2026-03-28,平和島,7,5-1-2,1635.0
20260328_平和島_7,2026-03-28,平和島,7,6-1-2,30.2
20260328_平和島_7,2026-03-28,平和島,7,1-2-4,40.9
20260328_平和島_7,2026-03-28,平和島,7,2-1-4,157.4
20260328_平和島_7,2026-03-28,平和島,7,3-1-4,78.8
20260328_平和島_7,2026-03-28,平和島,7,4-1-3,139.6
20260328_平和島_7,2026-03-28,平和島,7,5-1-3,1356.0
20260328_平和島_7,2026-03-28,平和島,7,6-1-3,14.7
20260328_平和島_7,2026-03-28,平和島,7,1-2-5,294.8
20260328_平和島_7,2026-03-28,平和島,7,2-1-5,449.3
20260328_平和島_7,2026-03-28,平和島,7,3-1-5,352.5
20260328_平和島_7,2026-03-28,平和島,7,4-1-5,538.6
20260328_平和島_7,2026-03-28,平和島,7,5-1-4,1658.0
20260328_平和島_7,2026-03-28,平和島,7,6-1-4,21.7
20260328_平和島_7,2026-03-28,平和島,7,1-2-6,22.6
20260328_平和島_7,2026-03-28,平和島,7,2-1-6,82.6
20260328_平和島_7,2026-03-28,平和島,7,3-1-6,34.5
20260328_平和島_7,2026-03-28,平和島,7,4-1-6,70.3
20260328_平和島_7,2026-03-28,平和島,7,5-1-6,1072.0
20260328_平和島_7,2026-03-28,平和島,7,6-1-5,122.4
20260328_平和島_7,2026-03-28,平和島,7,1-3-2,32.5
20260328_平和島_7,2026-03-28,平和島,7,2-3-1,175.0
20260328_平和島_7,2026-03-28,平和島,7,3-2-1,206.9
20260328_平和島_7,2026-03-28,平和島,7,4-2-1,324.7
20260328_平和島_7,2026-03-28,平和島,7,5-2-1,2195.0
20260328_平和島_7,2026-03-28,平和島,7,6-2-1,65.1
20260328_平和島_7,2026-03-28,平和島,7,1-3-4,18.0
20260328_平和島_7,2026-03-28,平和島,7,2-3-4,286.0
20260328_平和島_7,2026-03-28,平和島,7,3-2-4,295.1
20260328_平和島_7,2026-03-28,平和島,7,4-2-3,595.7
20260328_平和島_7,2026-03-28,平和島,7,5-2-3,1635.0
20260328_平和島_7,2026-03-28,平和島,7,6-2-3,100.6
20260328_平和島_7,2026-03-28,平和島,7,1-3-5,199.9
20260328_平和島_7,2026-03-28,平和島,7,2-3-5,731.8
20260328_平和島_7,2026-03-28,平和島,7,3-2-5,633.3
20260328_平和島_7,2026-03-28,平和島,7,4-2-5,1317.0
20260328_平和島_7,2026-03-28,平和島,7,5-2-4,2282.0
20260328_平和島_7,2026-03-28,平和島,7,6-2-4,145.0
20260328_平和島_7,2026-03-28,平和島,7,1-3-6,10.5
20260328_平和島_7,2026-03-28,平和島,7,2-3-6,152.7
20260328_平和島_7,2026-03-28,平和島,7,3-2-6,148.6
20260328_平和島_7,2026-03-28,平和島,7,4-2-6,299.7
20260328_平和島_7,2026-03-28,平和島,7,5-2-6,1815.0
20260328_平和島_7,2026-03-28,平和島,7,6-2-5,402.3
20260328_平和島_7,2026-03-28,平和島,7,1-4-2,52.9
20260328_平和島_7,2026-03-28,平和島,7,2-4-1,344.0
20260328_平和島_7,2026-03-28,平和島,7,3-4-1,134.3
20260328_平和島_7,2026-03-28,平和島,7,4-3-1,186.6
20260328_平和島_7,2026-03-28,平和島,7,5-3-1,1815.0
20260328_平和島_7,2026-03-28,平和島,7,6-3-1,32.0
20260328_平和島_7,2026-03-28,平和島,7,1-4-3,26.1
20260328_平和島_7,2026-03-28,平和島,7,2-4-3,405.8
20260328_平和島_7,2026-03-28,平和島,7,3-4-2,325.1
20260328_平和島_7,2026-03-28,平和島,7,4-3-2,505.5
20260328_平和島_7,2026-03-28,平和島,7,5-3-2,1787.0
20260328_平和島_7,2026-03-28,平和島,7,6-3-2,91.0
20260328_平和島_7,2026-03-28,平和島,7,1-4-5,295.9
20260328_平和島_7,2026-03-28,平和島,7,2-4-5,1266.0
20260328_平和島_7,2026-03-28,平和島,7,3-4-5,883.2
20260328_平和島_7,2026-03-28,平和島,7,4-3-5,976.8
20260328_平和島_7,2026-03-28,平和島,7,5-3-4,2533.0
20260328_平和島_7,2026-03-28,平和島,7,6-3-4,55.2
20260328_平和島_7,2026-03-28,平和島,7,1-4-6,17.6
20260328_平和島_7,2026-03-28,平和島,7,2-4-6,265.9
20260328_平和島_7,2026-03-28,平和島,7,3-4-6,104.9
20260328_平和島_7,2026-03-28,平和島,7,4-3-6,153.5
20260328_平和島_7,2026-03-28,平和島,7,5-3-6,1829.0
20260328_平和島_7,2026-03-28,平和島,7,6-3-5,239.8
20260328_平和島_7,2026-03-28,平和島,7,1-5-2,432.5
20260328_平和島_7,2026-03-28,平和島,7,2-5-1,1295.0
20260328_平和島_7,2026-03-28,平和島,7,3-5-1,789.5
20260328_平和島_7,2026-03-28,平和島,7,4-5-1,1033.0
20260328_平和島_7,2026-03-28,平和島,7,5-4-1,2260.0
20260328_平和島_7,2026-03-28,平和島,7,6-4-1,43.4
20260328_平和島_7,2026-03-28,平和島,7,1-5-3,504.4
20260328_平和島_7,2026-03-28,平和島,7,2-5-3,1388.0
20260328_平和島_7,2026-03-28,平和島,7,3-5-2,998.0
20260328_平和島_7,2026-03-28,平和島,7,4-5-2,1348.0
20260328_平和島_7,2026-03-28,平和島,7,5-4-2,2777.0
20260328_平和島_7,2026-03-28,平和島,7,6-4-2,121.0
20260328_平和島_7,2026-03-28,平和島,7,1-5-4,797.7
20260328_平和島_7,2026-03-28,平和島,7,2-5-4,2058.0
20260328_平和島_7,2026-03-28,平和島,7,3-5-4,1380.0
20260328_平和島_7,2026-03-28,平和島,7,4-5-3,1682.0
20260328_平和島_7,2026-03-28,平和島,7,5-4-3,2744.0
20260328_平和島_7,2026-03-28,平和島,7,6-4-3,69.2
20260328_平和島_7,2026-03-28,平和島,7,1-5-6,317.1
20260328_平和島_7,2026-03-28,平和島,7,2-5-6,1557.0
20260328_平和島_7,2026-03-28,平和島,7,3-5-6,841.3
20260328_平和島_7,2026-03-28,平和島,7,4-5-6,1082.0
20260328_平和島_7,2026-03-28,平和島,7,5-4-6,2282.0
20260328_平和島_7,2026-03-28,平和島,7,6-4-5,285.6
20260328_平和島_7,2026-03-28,平和島,7,1-6-2,17.3
20260328_平和島_7,2026-03-28,平和島,7,2-6-1,103.5
20260328_平和島_7,2026-03-28,平和島,7,3-6-1,33.0
20260328_平和島_7,2026-03-28,平和島,7,4-6-1,63.8
20260328_平和島_7,2026-03-28,平和島,7,5-6-1,1043.0
20260328_平和島_7,2026-03-28,平和島,7,6-5-1,216.2
20260328_平和島_7,2026-03-28,平和島,7,1-6-3,8.7
20260328_平和島_7,2026-03-28,平和島,7,2-6-3,148.0
20260328_平和島_7,2026-03-28,平和島,7,3-6-2,102.0
20260328_平和島_7,2026-03-28,平和島,7,4-6-2,159.4
20260328_平和島_7,2026-03-28,平和島,7,5-6-2,1787.0
20260328_平和島_7,2026-03-28,平和島,7,6-5-2,383.5
20260328_平和島_7,2026-03-28,平和島,7,1-6-4,12.4
20260328_平和島_7,2026-03-28,平和島,7,2-6-4,211.8
20260328_平和島_7,2026-03-28,平和島,7,3-6-4,67.7
20260328_平和島_7,2026-03-28,平和島,7,4-6-3,113.6
20260328_平和島_7,2026-03-28,平和島,7,5-6-3,1568.0
20260328_平和島_7,2026-03-28,平和島,7,6-5-3,350.3
20260328_平和島_7,2026-03-28,平和島,7,1-6-5,94.9
20260328_平和島_7,2026-03-28,平和島,7,2-6-5,636.8
20260328_平和島_7,2026-03-28,平和島,7,3-6-5,295.1
20260328_平和島_7,2026-03-28,平和島,7,4-6-5,400.2
20260328_平和島_7,2026-03-28,平和島,7,5-6-4,1815.0
20260328_平和島_7,2026-03-28,平和島,7,6-5-4,384.2
20260328_平和島_8,2026-03-28,平和島,8,1-2-3,57.0
20260328_平和島_8,2026-03-28,平和島,8,2-1-3,121.6
20260328_平和島_8,2026-03-28,平和島,8,3-1-2,334.9
20260328_平和島_8,2026-03-28,平和島,8,4-1-2,6.9
20260328_平和島_8,2026-03-28,平和島,8,5-1-2,617.6
20260328_平和島_8,2026-03-28,平和島,8,6-1-2,980.8
20260328_平和島_8,2026-03-28,平和島,8,1-2-4,12.2
20260328_平和島_8,2026-03-28,平和島,8,2-1-4,19.2
20260328_平和島_8,2026-03-28,平和島,8,3-1-4,222.0
20260328_平和島_8,2026-03-28,平和島,8,4-1-3,20.3
20260328_平和島_8,2026-03-28,平和島,8,5-1-3,1031.0
20260328_平和島_8,2026-03-28,平和島,8,6-1-3,1451.0
20260328_平和島_8,2026-03-28,平和島,8,1-2-5,119.8
20260328_平和島_8,2026-03-28,平和島,8,2-1-5,200.1
20260328_平和島_8,2026-03-28,平和島,8,3-1-5,585.2
20260328_平和島_8,2026-03-28,平和島,8,4-1-5,26.1
20260328_平和島_8,2026-03-28,平和島,8,5-1-4,446.2
20260328_平和島_8,2026-03-28,平和島,8,6-1-4,447.4
20260328_平和島_8,2026-03-28,平和島,8,1-2-6,128.3
20260328_平和島_8,2026-03-28,平和島,8,2-1-6,193.4
20260328_平和島_8,2026-03-28,平和島,8,3-1-6,901.5
20260328_平和島_8,2026-03-28,平和島,8,4-1-6,28.7
20260328_平和島_8,2026-03-28,平和島,8,5-1-6,1129.0
20260328_平和島_8,2026-03-28,平和島,8,6-1-5,2125.0
20260328_平和島_8,2026-03-28,平和島,8,1-3-2,84.0
20260328_平和島_8,2026-03-28,平和島,8,2-3-1,227.9
20260328_平和島_8,2026-03-28,平和島,8,3-2-1,430.1
20260328_平和島_8,2026-03-28,平和島,8,4-2-1,10.0
20260328_平和島_8,2026-03-28,平和島,8,5-2-1,875.0
20260328_平和島_8,2026-03-28,平和島,8,6-2-1,1512.0
20260328_平和島_8,2026-03-28,平和島,8,1-3-4,63.9
20260328_平和島_8,2026-03-28,平和島,8,2-3-4,139.1
20260328_平和島_8,2026-03-28,平和島,8,3-2-4,194.8
20260328_平和島_8,2026-03-28,平和島,8,4-2-3,26.4
20260328_平和島_8,2026-03-28,平和島,8,5-2-3,910.7
20260328_平和島_8,2026-03-28,平和島,8,6-2-3,2075.0
20260328_平和島_8,2026-03-28,平和島,8,1-3-5,233.0
20260328_平和島_8,2026-03-28,平和島,8,2-3-5,368.8
20260328_平和島_8,2026-03-28,平和島,8,3-2-5,504.2
20260328_平和島_8,2026-03-28,平和島,8,4-2-5,33.3
20260328_平和島_8,2026-03-28,平和島,8,5-2-4,617.6
20260328_平和島_8,2026-03-28,平和島,8,6-2-4,716.9
20260328_平和島_8,2026-03-28,平和島,8,1-3-6,304.1
20260328_平和島_8,2026-03-28,平和島,8,2-3-6,511.5
20260328_平和島_8,2026-03-28,平和島,8,3-2-6,830.2
20260328_平和島_8,2026-03-28,平和島,8,4-2-6,32.7
20260328_平和島_8,2026-03-28,平和島,8,5-2-6,1257.0
20260328_平和島_8,2026-03-28,平和島,8,6-2-5,2380.0
20260328_平和島_8,2026-03-28,平和島,8,1-4-2,7.0
20260328_平和島_8,2026-03-28,平和島,8,2-4-1,19.9
20260328_平和島_8,2026-03-28,平和島,8,3-4-1,185.3
20260328_平和島_8,2026-03-28,平和島,8,4-3-1,38.8
20260328_平和島_8,2026-03-28,平和島,8,5-3-1,1565.0
20260328_平和島_8,2026-03-28,平和島,8,6-3-1,2380.0
20260328_平和島_8,2026-03-28,平和島,8,1-4-3,23.1
20260328_平和島_8,2026-03-28,平和島,8,2-4-3,67.5
20260328_平和島_8,2026-03-28,平和島,8,3-4-2,164.9
20260328_平和島_8,2026-03-28,平和島,8,4-3-2,36.7
20260328_平和島_8,2026-03-28,平和島,8,5-3-2,1174.0
20260328_平和島_8,2026-03-28,平和島,8,6-3-2,2203.0
20260328_平和島_8,2026-03-28,平和島,8,1-4-5,40.2
20260328_平和島_8,2026-03-28,平和島,8,2-4-5,108.8
20260328_平和島_8,2026-03-28,平和島,8,3-4-5,324.5
20260328_平和島_8,2026-03-28,平和島,8,4-3-5,73.8
20260328_平和島_8,2026-03-28,平和島,8,5-3-4,815.1
20260328_平和島_8,2026-03-28,平和島,8,6-3-4,1451.0
20260328_平和島_8,2026-03-28,平和島,8,1-4-6,40.6
20260328_平和島_8,2026-03-28,平和島,8,2-4-6,93.7
20260328_平和島_8,2026-03-28,平和島,8,3-4-6,568.5
20260328_平和島_8,2026-03-28,平和島,8,4-3-6,84.4
20260328_平和島_8,2026-03-28,平和島,8,5-3-6,1733.0
20260328_平和島_8,2026-03-28,平和島,8,6-3-5,2150.0
20260328_平和島_8,2026-03-28,平和島,8,1-5-2,273.3
20260328_平和島_8,2026-03-28,平和島,8,2-5-1,472.2
20260328_平和島_8,2026-03-28,平和島,8,3-5-1,737.6
20260328_平和島_8,2026-03-28,平和島,8,4-5-1,49.1
20260328_平和島_8,2026-03-28,平和島,8,5-4-1,402.0
20260328_平和島_8,2026-03-28,平和島,8,6-4-1,476.0
20260328_平和島_8,2026-03-28,平和島,8,1-5-3,440.7
20260328_平和島_8,2026-03-28,平和島,8,2-5-3,619.8
20260328_平和島_8,2026-03-28,平和島,8,3-5-2,811.4
20260328_平和島_8,2026-03-28,平和島,8,4-5-2,51.1
20260328_平和島_8,2026-03-28,平和島,8,5-4-2,434.3
20260328_平和島_8,2026-03-28,平和島,8,6-4-2,515.9
20260328_平和島_8,2026-03-28,平和島,8,1-5-4,207.8
20260328_平和島_8,2026-03-28,平和島,8,2-5-4,311.5
20260328_平和島_8,2026-03-28,平和島,8,3-5-4,585.2
20260328_平和島_8,2026-03-28,平和島,8,4-5-3,105.6
20260328_平和島_8,2026-03-28,平和島,8,5-4-3,595.0
20260328_平和島_8,2026-03-28,平和島,8,6-4-3,1075.0
20260328_平和島_8,2026-03-28,平和島,8,1-5-6,585.2
20260328_平和島_8,2026-03-28,平和島,8,2-5-6,934.6
20260328_平和島_8,2026-03-28,平和島,8,3-5-6,1303.0
20260328_平和島_8,2026-03-28,平和島,8,4-5-6,75.9
20260328_平和島_8,2026-03-28,平和島,8,5-4-6,663.6
20260328_平和島_8,2026-03-28,平和島,8,6-4-5,1373.0
20260328_平和島_8,2026-03-28,平和島,8,1-6-2,336.1
20260328_平和島_8,2026-03-28,平和島,8,2-6-1,575.8
20260328_平和島_8,2026-03-28,平和島,8,3-6-1,1416.0
20260328_平和島_8,2026-03-28,平和島,8,4-6-1,57.9
20260328_平和島_8,2026-03-28,平和島,8,5-6-1,2075.0
20260328_平和島_8,2026-03-28,平和島,8,6-5-1,2879.0
20260328_平和島_8,2026-03-28,平和島,8,1-6-3,539.3
20260328_平和島_8,2026-03-28,平和島,8,2-6-3,1075.0
20260328_平和島_8,2026-03-28,平和島,8,3-6-2,1668.0
20260328_平和島_8,2026-03-28,平和島,8,4-6-2,67.7
20260328_平和島_8,2026-03-28,平和島,8,5-6-2,2177.0
20260328_平和島_8,2026-03-28,平和島,8,6-5-2,2789.0
20260328_平和島_8,2026-03-28,平和島,8,1-6-4,205.8
20260328_平和島_8,2026-03-28,平和島,8,2-6-4,351.4
20260328_平和島_8,2026-03-28,平和島,8,3-6-4,949.5
20260328_平和島_8,2026-03-28,平和島,8,4-6-3,139.1
20260328_平和島_8,2026-03-28,平和島,8,5-6-3,2125.0
20260328_平和島_8,2026-03-28,平和島,8,6-5-3,3077.0
20260328_平和島_8,2026-03-28,平和島,8,1-6-5,686.5
20260328_平和島_8,2026-03-28,平和島,8,2-6-5,1182.0
20260328_平和島_8,2026-03-28,平和島,8,3-6-5,1593.0
20260328_平和島_8,2026-03-28,平和島,8,4-6-5,94.3
20260328_平和島_8,2026-03-28,平和島,8,5-6-4,1405.0
20260328_平和島_8,2026-03-28,平和島,8,6-5-4,2150.0
20260328_平和島_9,2026-03-28,平和島,9,1-2-3,33.1
20260328_平和島_9,2026-03-28,平和島,9,2-1-3,97.6
20260328_平和島_9,2026-03-28,平和島,9,3-1-2,47.1
20260328_平和島_9,2026-03-28,平和島,9,4-1-2,646.9
20260328_平和島_9,2026-03-28,平和島,9,5-1-2,50.4
20260328_平和島_9,2026-03-28,平和島,9,6-1-2,527.6
20260328_平和島_9,2026-03-28,平和島,9,1-2-4,96.5
20260328_平和島_9,2026-03-28,平和島,9,2-1-4,263.1
20260328_平和島_9,2026-03-28,平和島,9,3-1-4,83.0
20260328_平和島_9,2026-03-28,平和島,9,4-1-3,474.6
20260328_平和島_9,2026-03-28,平和島,9,5-1-3,20.1
20260328_平和島_9,2026-03-28,平和島,9,6-1-3,387.6
20260328_平和島_9,2026-03-28,平和島,9,1-2-5,36.5
20260328_平和島_9,2026-03-28,平和島,9,2-1-5,89.8
20260328_平和島_9,2026-03-28,平和島,9,3-1-5,14.5
20260328_平和島_9,2026-03-28,平和島,9,4-1-5,384.7
20260328_平和島_9,2026-03-28,平和島,9,5-1-4,112.6
20260328_平和島_9,2026-03-28,平和島,9,6-1-4,832.5
20260328_平和島_9,2026-03-28,平和島,9,1-2-6,81.8
20260328_平和島_9,2026-03-28,平和島,9,2-1-6,191.6
20260328_平和島_9,2026-03-28,平和島,9,3-1-6,49.3
20260328_平和島_9,2026-03-28,平和島,9,4-1-6,582.0
20260328_平和島_9,2026-03-28,平和島,9,5-1-6,33.6
20260328_平和島_9,2026-03-28,平和島,9,6-1-5,289.3
20260328_平和島_9,2026-03-28,平和島,9,1-3-2,25.8
20260328_平和島_9,2026-03-28,平和島,9,2-3-1,133.7
20260328_平和島_9,2026-03-28,平和島,9,3-2-1,85.8
20260328_平和島_9,2026-03-28,平和島,9,4-2-1,1104.0
20260328_平和島_9,2026-03-28,平和島,9,5-2-1,94.6
20260328_平和島_9,2026-03-28,平和島,9,6-2-1,670.4
20260328_平和島_9,2026-03-28,平和島,9,1-3-4,52.5
20260328_平和島_9,2026-03-28,平和島,9,2-3-4,327.6
20260328_平和島_9,2026-03-28,平和島,9,3-2-4,207.5
20260328_平和島_9,2026-03-28,平和島,9,4-2-3,1041.0
20260328_平和島_9,2026-03-28,平和島,9,5-2-3,91.6
20260328_平和島_9,2026-03-28,平和島,9,6-2-3,809.3
20260328_平和島_9,2026-03-28,平和島,9,1-3-5,11.0
20260328_平和島_9,2026-03-28,平和島,9,2-3-5,95.5
20260328_平和島_9,2026-03-28,平和島,9,3-2-5,57.2
20260328_平和島_9,2026-03-28,平和島,9,4-2-5,819.1
20260328_平和島_9,2026-03-28,平和島,9,5-2-4,305.9
20260328_平和島_9,2026-03-28,平和島,9,6-2-4,1410.0
20260328_平和島_9,2026-03-28,平和島,9,1-3-6,40.7
20260328_平和島_9,2026-03-28,平和島,9,2-3-6,213.8
20260328_平和島_9,2026-03-28,平和島,9,3-2-6,133.1
20260328_平和島_9,2026-03-28,平和島,9,4-2-6,1031.0
20260328_平和島_9,2026-03-28,平和島,9,5-2-6,103.9
20260328_平和島_9,2026-03-28,平和島,9,6-2-5,674.9
20260328_平和島_9,2026-03-28,平和島,9,1-4-2,184.6
20260328_平和島_9,2026-03-28,平和島,9,2-4-1,367.3
20260328_平和島_9,2026-03-28,平和島,9,3-4-1,134.7
20260328_平和島_9,2026-03-28,平和島,9,4-3-1,434.0
20260328_平和島_9,2026-03-28,平和島,9,5-3-1,21.2
20260328_平和島_9,2026-03-28,平和島,9,6-3-1,427.6
20260328_平和島_9,2026-03-28,平和島,9,1-4-3,135.7
20260328_平和島_9,2026-03-28,平和島,9,2-4-3,655.3
20260328_平和島_9,2026-03-28,平和島,9,3-4-2,248.6
20260328_平和島_9,2026-03-28,平和島,9,4-3-2,690.9
20260328_平和島_9,2026-03-28,平和島,9,5-3-2,50.1
20260328_平和島_9,2026-03-28,平和島,9,6-3-2,653.2
20260328_平和島_9,2026-03-28,平和島,9,1-4-5,124.0
20260328_平和島_9,2026-03-28,平和島,9,2-4-5,621.2
20260328_平和島_9,2026-03-28,平和島,9,3-4-5,67.9
20260328_平和島_9,2026-03-28,平和島,9,4-3-5,226.7
20260328_平和島_9,2026-03-28,平和島,9,5-3-4,70.9
20260328_平和島_9,2026-03-28,平和島,9,6-3-4,857.1
20260328_平和島_9,2026-03-28,平和島,9,1-4-6,200.5
20260328_平和島_9,2026-03-28,平和島,9,2-4-6,760.8
20260328_平和島_9,2026-03-28,平和島,9,3-4-6,139.8
20260328_平和島_9,2026-03-28,平和島,9,4-3-6,428.5
20260328_平和島_9,2026-03-28,平和島,9,5-3-6,35.9
20260328_平和島_9,2026-03-28,平和島,9,6-3-5,262.4
20260328_平和島_9,2026-03-28,平和島,9,1-5-2,29.7
20260328_平和島_9,2026-03-28,平和島,9,2-5-1,137.5
20260328_平和島_9,2026-03-28,平和島,9,3-5-1,15.2
20260328_平和島_9,2026-03-28,平和島,9,4-5-1,401.4
20260328_平和島_9,2026-03-28,平和島,9,5-4-1,247.7
20260328_平和島_9,2026-03-28,平和島,9,6-4-1,1354.0
20260328_平和島_9,2026-03-28,平和島,9,1-5-3,14.0
20260328_平和島_9,2026-03-28,平和島,9,2-5-3,108.1
20260328_平和島_9,2026-03-28,平和島,9,3-5-2,35.2
20260328_平和島_9,2026-03-28,平和島,9,4-5-2,595.7
20260328_平和島_9,2026-03-28,平和島,9,5-4-2,430.4
20260328_平和島_9,2026-03-28,平和島,9,6-4-2,2072.0
20260328_平和島_9,2026-03-28,平和島,9,1-5-4,83.0
20260328_平和島_9,2026-03-28,平和島,9,2-5-4,304.5
20260328_平和島_9,2026-03-28,平和島,9,3-5-4,41.9
20260328_平和島_9,2026-03-28,平和島,9,4-5-3,262.1
20260328_平和島_9,2026-03-28,平和島,9,5-4-3,148.5
20260328_平和島_9,2026-03-28,平和島,9,6-4-3,1721.0
20260328_平和島_9,2026-03-28,平和島,9,1-5-6,34.9
20260328_平和島_9,2026-03-28,平和島,9,2-5-6,179.1
20260328_平和島_9,2026-03-28,平和島,9,3-5-6,24.4
20260328_平和島_9,2026-03-28,平和島,9,4-5-6,371.3
20260328_平和島_9,2026-03-28,平和島,9,5-4-6,178.2
20260328_平和島_9,2026-03-28,平和島,9,6-4-5,1401.0
20260328_平和島_9,2026-03-28,平和島,9,1-6-2,154.0
20260328_平和島_9,2026-03-28,平和島,9,2-6-1,443.5
20260328_平和島_9,2026-03-28,平和島,9,3-6-1,117.8
20260328_平和島_9,2026-03-28,平和島,9,4-6-1,875.6
20260328_平和島_9,2026-03-28,平和島,9,5-6-1,54.9
20260328_平和島_9,2026-03-28,平和島,9,6-5-1,247.7
20260328_平和島_9,2026-03-28,平和島,9,1-6-3,119.2
20260328_平和島_9,2026-03-28,平和島,9,2-6-3,427.6
20260328_平和島_9,2026-03-28,平和島,9,3-6-2,189.5
20260328_平和島_9,2026-03-28,平和島,9,4-6-2,1147.0
20260328_平和島_9,2026-03-28,平和島,9,5-6-2,111.8
20260328_平和島_9,2026-03-28,平和島,9,6-5-2,374.8
20260328_平和島_9,2026-03-28,平和島,9,1-6-4,361.4
20260328_平和島_9,2026-03-28,平和島,9,2-6-4,958.2
20260328_平和島_9,2026-03-28,平和島,9,3-6-4,228.5
20260328_平和島_9,2026-03-28,平和島,9,4-6-3,736.0
20260328_平和島_9,2026-03-28,平和島,9,5-6-3,63.5
20260328_平和島_9,2026-03-28,平和島,9,6-5-3,219.8
20260328_平和島_9,2026-03-28,平和島,9,1-6-5,95.7
20260328_平和島_9,2026-03-28,平和島,9,2-6-5,347.8
20260328_平和島_9,2026-03-28,平和島,9,3-6-5,68.5
20260328_平和島_9,2026-03-28,平和島,9,4-6-5,623.1
20260328_平和島_9,2026-03-28,平和島,9,5-6-4,165.1
20260328_平和島_9,2026-03-28,平和島,9,6-5-4,651.1
20260328_平和島_10,2026-03-28,平和島,10,1-2-3,15.3
20260328_平和島_10,2026-03-28,平和島,10,2-1-3,180.8
20260328_平和島_10,2026-03-28,平和島,10,3-1-2,74.7
20260328_平和島_10,2026-03-28,平和島,10,4-1-2,148.4
20260328_平和島_10,2026-03-28,平和島,10,5-1-2,326.9
20260328_平和島_10,2026-03-28,平和島,10,6-1-2,1226.0
20260328_平和島_10,2026-03-28,平和島,10,1-2-4,19.7
20260328_平和島_10,2026-03-28,平和島,10,2-1-4,216.4
20260328_平和島_10,2026-03-28,平和島,10,3-1-4,22.7
20260328_平和島_10,2026-03-28,平和島,10,4-1-3,61.4
20260328_平和島_10,2026-03-28,平和島,10,5-1-3,122.8
20260328_平和島_10,2026-03-28,平和島,10,6-1-3,483.4
20260328_平和島_10,2026-03-28,平和島,10,1-2-5,50.9
20260328_平和島_10,2026-03-28,平和島,10,2-1-5,423.1
20260328_平和島_10,2026-03-28,平和島,10,3-1-5,35.4
20260328_平和島_10,2026-03-28,平和島,10,4-1-5,123.8
20260328_平和島_10,2026-03-28,平和島,10,5-1-4,224.2
20260328_平和島_10,2026-03-28,平和島,10,6-1-4,623.7
20260328_平和島_10,2026-03-28,平和島,10,1-2-6,58.4
20260328_平和島_10,2026-03-28,平和島,10,2-1-6,487.7
20260328_平和島_10,2026-03-28,平和島,10,3-1-6,57.1
20260328_平和島_10,2026-03-28,平和島,10,4-1-6,123.3
20260328_平和島_10,2026-03-28,平和島,10,5-1-6,185.6
20260328_平和島_10,2026-03-28,平和島,10,6-1-5,868.2
20260328_平和島_10,2026-03-28,平和島,10,1-3-2,12.5
20260328_平和島_10,2026-03-28,平和島,10,2-3-1,380.1
20260328_平和島_10,2026-03-28,平和島,10,3-2-1,246.3
20260328_平和島_10,2026-03-28,平和島,10,4-2-1,339.1
20260328_平和島_10,2026-03-28,平和島,10,5-2-1,912.0
20260328_平和島_10,2026-03-28,平和島,10,6-2-1,1855.0
20260328_平和島_10,2026-03-28,平和島,10,1-3-4,5.8
20260328_平和島_10,2026-03-28,平和島,10,2-3-4,606.3
20260328_平和島_10,2026-03-28,平和島,10,3-2-4,328.8
20260328_平和島_10,2026-03-28,平和島,10,4-2-3,521.7
20260328_平和島_10,2026-03-28,平和島,10,5-2-3,1028.0
20260328_平和島_10,2026-03-28,平和島,10,6-2-3,3014.0
20260328_平和島_10,2026-03-28,平和島,10,1-3-5,10.6
20260328_平和島_10,2026-03-28,平和島,10,2-3-5,786.4
20260328_平和島_10,2026-03-28,平和島,10,3-2-5,366.6
20260328_平和島_10,2026-03-28,平和島,10,4-2-5,707.0
20260328_平和島_10,2026-03-28,平和島,10,5-2-4,1107.0
20260328_平和島_10,2026-03-28,平和島,10,6-2-4,2747.0
20260328_平和島_10,2026-03-28,平和島,10,1-3-6,16.1
20260328_平和島_10,2026-03-28,平和島,10,2-3-6,1148.0
20260328_平和島_10,2026-03-28,平和島,10,3-2-6,596.3
20260328_平和島_10,2026-03-28,平和島,10,4-2-6,620.1
20260328_平和島_10,2026-03-28,平和島,10,5-2-6,769.7
20260328_平和島_10,2026-03-28,平和島,10,6-2-5,2261.0
20260328_平和島_10,2026-03-28,平和島,10,1-4-2,18.2
20260328_平和島_10,2026-03-28,平和島,10,2-4-1,446.6
20260328_平和島_10,2026-03-28,平和島,10,3-4-1,48.8
20260328_平和島_10,2026-03-28,平和島,10,4-3-1,100.4
20260328_平和島_10,2026-03-28,平和島,10,5-3-1,183.6
20260328_平和島_10,2026-03-28,平和島,10,6-3-1,745.9
20260328_平和島_10,2026-03-28,平和島,10,1-4-3,8.6
20260328_平和島_10,2026-03-28,平和島,10,2-4-3,616.6
20260328_平和島_10,2026-03-28,平和島,10,3-4-2,204.2
20260328_平和島_10,2026-03-28,平和島,10,4-3-2,380.1
20260328_平和島_10,2026-03-28,平和島,10,5-3-2,591.4
20260328_平和島_10,2026-03-28,平和島,10,6-3-2,2856.0
20260328_平和島_10,2026-03-28,平和島,10,1-4-5,21.8
20260328_平和島_10,2026-03-28,平和島,10,2-4-5,1048.0
20260328_平和島_10,2026-03-28,平和島,10,3-4-5,106.5
20260328_平和島_10,2026-03-28,平和島,10,4-3-5,208.9
20260328_平和島_10,2026-03-28,平和島,10,5-3-4,359.3
20260328_平和島_10,2026-03-28,平和島,10,6-3-4,927.6
20260328_平和島_10,2026-03-28,平和島,10,1-4-6,24.9
20260328_平和島_10,2026-03-28,平和島,10,2-4-6,1148.0
20260328_平和島_10,2026-03-28,平和島,10,3-4-6,144.5
20260328_平和島_10,2026-03-28,平和島,10,4-3-6,255.6
20260328_平和島_10,2026-03-28,平和島,10,5-3-6,322.5
20260328_平和島_10,2026-03-28,平和島,10,6-3-5,1348.0
20260328_平和島_10,2026-03-28,平和島,10,1-5-2,69.1
20260328_平和島_10,2026-03-28,平和島,10,2-5-1,1113.0
20260328_平和島_10,2026-03-28,平和島,10,3-5-1,97.1
20260328_平和島_10,2026-03-28,平和島,10,4-5-1,212.6
20260328_平和島_10,2026-03-28,平和島,10,5-4-1,380.8
20260328_平和島_10,2026-03-28,平和島,10,6-4-1,1019.0
20260328_平和島_10,2026-03-28,平和島,10,1-5-3,28.3
20260328_平和島_10,2026-03-28,平和島,10,2-5-3,1142.0
20260328_平和島_10,2026-03-28,平和島,10,3-5-2,347.3
20260328_平和島_10,2026-03-28,平和島,10,4-5-2,613.1
20260328_平和島_10,2026-03-28,平和島,10,5-4-2,1000.0
20260328_平和島_10,2026-03-28,平和島,10,6-4-2,2679.0
20260328_平和島_10,2026-03-28,平和島,10,1-5-4,48.0
20260328_平和島_10,2026-03-28,平和島,10,2-5-4,1299.0
20260328_平和島_10,2026-03-28,平和島,10,3-5-4,148.7
20260328_平和島_10,2026-03-28,平和島,10,4-5-3,286.3
20260328_平和島_10,2026-03-28,平和島,10,5-4-3,562.3
20260328_平和島_10,2026-03-28,平和島,10,6-4-3,1315.0
20260328_平和島_10,2026-03-28,平和島,10,1-5-6,60.2
20260328_平和島_10,2026-03-28,平和島,10,2-5-6,2128.0
20260328_平和島_10,2026-03-28,平和島,10,3-5-6,205.9
20260328_平和島_10,2026-03-28,平和島,10,4-5-6,356.4
20260328_平和島_10,2026-03-28,平和島,10,5-4-6,560.8
20260328_平和島_10,2026-03-28,平和島,10,6-4-5,1904.0
20260328_平和島_10,2026-03-28,平和島,10,1-6-2,118.4
20260328_平和島_10,2026-03-28,平和島,10,2-6-1,1284.0
20260328_平和島_10,2026-03-28,平和島,10,3-6-1,223.3
20260328_平和島_10,2026-03-28,平和島,10,4-6-1,251.5
20260328_平和島_10,2026-03-28,平和島,10,5-6-1,293.7
20260328_平和島_10,2026-03-28,平和島,10,6-5-1,904.4
20260328_平和島_10,2026-03-28,平和島,10,1-6-3,67.6
20260328_平和島_10,2026-03-28,平和島,10,2-6-3,2359.0
20260328_平和島_10,2026-03-28,平和島,10,3-6-2,714.0
20260328_平和島_10,2026-03-28,平和島,10,4-6-2,893.2
20260328_平和島_10,2026-03-28,平和島,10,5-6-2,625.5
20260328_平和島_10,2026-03-28,平和島,10,6-5-2,2067.0
20260328_平和島_10,2026-03-28,平和島,10,1-6-4,77.7
20260328_平和島_10,2026-03-28,平和島,10,2-6-4,2170.0
20260328_平和島_10,2026-03-28,平和島,10,3-6-4,312.7
20260328_平和島_10,2026-03-28,平和島,10,4-6-3,430.6
20260328_平和島_10,2026-03-28,平和島,10,5-6-3,395.3
20260328_平和島_10,2026-03-28,平和島,10,6-5-3,1173.0
20260328_平和島_10,2026-03-28,平和島,10,1-6-5,124.6
20260328_平和島_10,2026-03-28,平和島,10,2-6-5,2615.0
20260328_平和島_10,2026-03-28,平和島,10,3-6-5,348.4
20260328_平和島_10,2026-03-28,平和島,10,4-6-5,574.2
20260328_平和島_10,2026-03-28,平和島,10,5-6-4,565.2
20260328_平和島_10,2026-03-28,平和島,10,6-5-4,1656.0
20260328_平和島_11,2026-03-28,平和島,11,1-2-3,15.8
20260328_平和島_11,2026-03-28,平和島,11,2-1-3,78.1
20260328_平和島_11,2026-03-28,平和島,11,3-1-2,247.2
20260328_平和島_11,2026-03-28,平和島,11,4-1-2,21.1
20260328_平和島_11,2026-03-28,平和島,11,5-1-2,442.6
20260328_平和島_11,2026-03-28,平和島,11,6-1-2,448.5
20260328_平和島_11,2026-03-28,平和島,11,1-2-4,5.4
20260328_平和島_11,2026-03-28,平和島,11,2-1-4,29.6
20260328_平和島_11,2026-03-28,平和島,11,3-1-4,233.6
20260328_平和島_11,2026-03-28,平和島,11,4-1-3,67.1
20260328_平和島_11,2026-03-28,平和島,11,5-1-3,655.9
20260328_平和島_11,2026-03-28,平和島,11,6-1-3,988.0
20260328_平和島_11,2026-03-28,平和島,11,1-2-5,41.4
20260328_平和島_11,2026-03-28,平和島,11,2-1-5,134.7
20260328_平和島_11,2026-03-28,平和島,11,3-1-5,518.0
20260328_平和島_11,2026-03-28,平和島,11,4-1-5,37.9
20260328_平和島_11,2026-03-28,平和島,11,5-1-4,268.5
20260328_平和島_11,2026-03-28,平和島,11,6-1-4,295.2
20260328_平和島_11,2026-03-28,平和島,11,1-2-6,22.8
20260328_平和島_11,2026-03-28,平和島,11,2-1-6,98.0
20260328_平和島_11,2026-03-28,平和島,11,3-1-6,632.8
20260328_平和島_11,2026-03-28,平和島,11,4-1-6,28.4
20260328_平和島_11,2026-03-28,平和島,11,5-1-6,396.2
20260328_平和島_11,2026-03-28,平和島,11,6-1-5,883.6
20260328_平和島_11,2026-03-28,平和島,11,1-3-2,29.8
20260328_平和島_11,2026-03-28,平和島,11,2-3-1,194.1
20260328_平和島_11,2026-03-28,平和島,11,3-2-1,366.4
20260328_平和島_11,2026-03-28,平和島,11,4-2-1,44.9
20260328_平和島_11,2026-03-28,平和島,11,5-2-1,821.6
20260328_平和島_11,2026-03-28,平和島,11,6-2-1,765.2
20260328_平和島_11,2026-03-28,平和島,11,1-3-4,26.0
20260328_平和島_11,2026-03-28,平和島,11,2-3-4,230.6
20260328_平和島_11,2026-03-28,平和島,11,3-2-4,421.9
20260328_平和島_11,2026-03-28,平和島,11,4-2-3,177.3
20260328_平和島_11,2026-03-28,平和島,11,5-2-3,959.6
20260328_平和島_11,2026-03-28,平和島,11,6-2-3,1637.0
20260328_平和島_11,2026-03-28,平和島,11,1-3-5,76.0
20260328_平和島_11,2026-03-28,平和島,11,2-3-5,425.7
20260328_平和島_11,2026-03-28,平和島,11,3-2-5,688.6
20260328_平和島_11,2026-03-28,平和島,11,4-2-5,134.4
20260328_平和島_11,2026-03-28,平和島,11,5-2-4,827.4
20260328_平和島_11,2026-03-28,平和島,11,6-2-4,799.1
20260328_平和島_11,2026-03-28,平和島,11,1-3-6,74.1
20260328_平和島_11,2026-03-28,平和島,11,2-3-6,545.8
20260328_平和島_11,2026-03-28,平和島,11,3-2-6,791.0
20260328_平和島_11,2026-03-28,平和島,11,4-2-6,82.1
20260328_平和島_11,2026-03-28,平和島,11,5-2-6,1031.0
20260328_平和島_11,2026-03-28,平和島,11,6-2-5,2389.0
20260328_平和島_11,2026-03-28,平和島,11,1-4-2,6.1
20260328_平和島_11,2026-03-28,平和島,11,2-4-1,58.7
20260328_平和島_11,2026-03-28,平和島,11,3-4-1,324.3
20260328_平和島_11,2026-03-28,平和島,11,4-3-1,215.2
20260328_平和島_11,2026-03-28,平和島,11,5-3-1,1109.0
20260328_平和島_11,2026-03-28,平和島,11,6-3-1,2036.0
20260328_平和島_11,2026-03-28,平和島,11,1-4-3,16.2
20260328_平和島_11,2026-03-28,平和島,11,2-4-3,166.0
20260328_平和島_11,2026-03-28,平和島,11,3-4-2,422.6
20260328_平和島_11,2026-03-28,平和島,11,4-3-2,330.2
20260328_平和島_11,2026-03-28,平和島,11,5-3-2,1131.0
20260328_平和島_11,2026-03-28,平和島,11,6-3-2,2251.0
20260328_平和島_11,2026-03-28,平和島,11,1-4-5,20.7
20260328_平和島_11,2026-03-28,平和島,11,2-4-5,199.4
20260328_平和島_11,2026-03-28,平和島,11,3-4-5,827.4
20260328_平和島_11,2026-03-28,平和島,11,4-3-5,470.1
20260328_平和島_11,2026-03-28,平和島,11,5-3-4,1520.0
20260328_平和島_11,2026-03-28,平和島,11,6-3-4,1967.0
20260328_平和島_11,2026-03-28,平和島,11,1-4-6,13.3
20260328_平和島_11,2026-03-28,平和島,11,2-4-6,168.8
20260328_平和島_11,2026-03-28,平和島,11,3-4-6,705.2
20260328_平和島_11,2026-03-28,平和島,11,4-3-6,428.8
20260328_平和島_11,2026-03-28,平和島,11,5-3-6,1520.0
20260328_平和島_11,2026-03-28,平和島,11,6-3-5,3041.0
20260328_平和島_11,2026-03-28,平和島,11,1-5-2,93.1
20260328_平和島_11,2026-03-28,平和島,11,2-5-1,535.8
20260328_平和島_11,2026-03-28,平和島,11,3-5-1,880.2
20260328_平和島_11,2026-03-28,平和島,11,4-5-1,61.8
20260328_平和島_11,2026-03-28,平和島,11,5-4-1,249.1
20260328_平和島_11,2026-03-28,平和島,11,6-4-1,381.3
20260328_平和島_11,2026-03-28,平和島,11,1-5-3,126.9
20260328_平和島_11,2026-03-28,平和島,11,2-5-3,836.2
20260328_平和島_11,2026-03-28,平和島,11,3-5-2,1009.0
20260328_平和島_11,2026-03-28,平和島,11,4-5-2,103.2
20260328_平和島_11,2026-03-28,平和島,11,5-4-2,378.2
20260328_平和島_11,2026-03-28,平和島,11,6-4-2,581.0
20260328_平和島_11,2026-03-28,平和島,11,1-5-4,66.5
20260328_平和島_11,2026-03-28,平和島,11,2-5-4,650.4
20260328_平和島_11,2026-03-28,平和島,11,3-5-4,1232.0
20260328_平和島_11,2026-03-28,平和島,11,4-5-3,217.2
20260328_平和島_11,2026-03-28,平和島,11,5-4-3,709.5
20260328_平和島_11,2026-03-28,平和島,11,6-4-3,1279.0
20260328_平和島_11,2026-03-28,平和島,11,1-5-6,125.9
20260328_平和島_11,2026-03-28,平和島,11,2-5-6,918.2
20260328_平和島_11,2026-03-28,平和島,11,3-5-6,1540.0
20260328_平和島_11,2026-03-28,平和島,11,4-5-6,74.4
20260328_平和島_11,2026-03-28,平和島,11,5-4-6,312.6
20260328_平和島_11,2026-03-28,平和島,11,6-4-5,718.2
20260328_平和島_11,2026-03-28,平和島,11,1-6-2,68.6
20260328_平和島_11,2026-03-28,平和島,11,2-6-1,411.5
20260328_平和島_11,2026-03-28,平和島,11,3-6-1,1252.0
20260328_平和島_11,2026-03-28,平和島,11,4-6-1,58.5
20260328_平和島_11,2026-03-28,平和島,11,5-6-1,755.3
20260328_平和島_11,2026-03-28,平和島,11,6-5-1,1626.0
20260328_平和島_11,2026-03-28,平和島,11,1-6-3,142.6
20260328_平和島_11,2026-03-28,平和島,11,2-6-3,944.1
20260328_平和島_11,2026-03-28,平和島,11,3-6-2,1345.0
20260328_平和島_11,2026-03-28,平和島,11,4-6-2,87.1
20260328_平和島_11,2026-03-28,平和島,11,5-6-2,936.6
20260328_平和島_11,2026-03-28,平和島,11,6-5-2,2389.0
20260328_平和島_11,2026-03-28,平和島,11,1-6-4,51.2
20260328_平和島_11,2026-03-28,平和島,11,2-6-4,441.8
20260328_平和島_11,2026-03-28,平和島,11,3-6-4,1200.0
20260328_平和島_11,2026-03-28,平和島,11,4-6-3,302.5
20260328_平和島_11,2026-03-28,平和島,11,5-6-3,1463.0
20260328_平和島_11,2026-03-28,平和島,11,6-5-3,2660.0
20260328_平和島_11,2026-03-28,平和島,11,1-6-5,147.7
20260328_平和島_11,2026-03-28,平和島,11,2-6-5,1147.0
20260328_平和島_11,2026-03-28,平和島,11,3-6-5,1967.0
20260328_平和島_11,2026-03-28,平和島,11,4-6-5,110.8
20260328_平和島_11,2026-03-28,平和島,11,5-6-4,645.0
20260328_平和島_11,2026-03-28,平和島,11,6-5-4,1000.0
20260328_平和島_12,2026-03-28,平和島,12,1-2-3,8.4
20260328_平和島_12,2026-03-28,平和島,12,2-1-3,30.9
20260328_平和島_12,2026-03-28,平和島,12,3-1-2,54.2
20260328_平和島_12,2026-03-28,平和島,12,4-1-2,393.0
20260328_平和島_12,2026-03-28,平和島,12,5-1-2,98.3
20260328_平和島_12,2026-03-28,平和島,12,6-1-2,805.2
20260328_平和島_12,2026-03-28,平和島,12,1-2-4,34.9
20260328_平和島_12,2026-03-28,平和島,12,2-1-4,116.3
20260328_平和島_12,2026-03-28,平和島,12,3-1-4,39.6
20260328_平和島_12,2026-03-28,平和島,12,4-1-3,253.9
20260328_平和島_12,2026-03-28,平和島,12,5-1-3,60.5
20260328_平和島_12,2026-03-28,平和島,12,6-1-3,680.9
20260328_平和島_12,2026-03-28,平和島,12,1-2-5,17.2
20260328_平和島_12,2026-03-28,平和島,12,2-1-5,56.5
20260328_平和島_12,2026-03-28,平和島,12,3-1-5,22.3
20260328_平和島_12,2026-03-28,平和島,12,4-1-5,225.8
20260328_平和島_12,2026-03-28,平和島,12,5-1-4,161.5
20260328_平和島_12,2026-03-28,平和島,12,6-1-4,1244.0
20260328_平和島_12,2026-03-28,平和島,12,1-2-6,35.9
20260328_平和島_12,2026-03-28,平和島,12,2-1-6,103.6
20260328_平和島_12,2026-03-28,平和島,12,3-1-6,53.6
20260328_平和島_12,2026-03-28,平和島,12,4-1-6,397.7
20260328_平和島_12,2026-03-28,平和島,12,5-1-6,104.8
20260328_平和島_12,2026-03-28,平和島,12,6-1-5,628.1
20260328_平和島_12,2026-03-28,平和島,12,1-3-2,9.4
20260328_平和島_12,2026-03-28,平和島,12,2-3-1,78.4
20260328_平和島_12,2026-03-28,平和島,12,3-2-1,112.8
20260328_平和島_12,2026-03-28,平和島,12,4-2-1,723.0
20260328_平和島_12,2026-03-28,平和島,12,5-2-1,172.2
20260328_平和島_12,2026-03-28,平和島,12,6-2-1,1067.0
20260328_平和島_12,2026-03-28,平和島,12,1-3-4,14.4
20260328_平和島_12,2026-03-28,平和島,12,2-3-4,458.4
20260328_平和島_12,2026-03-28,平和島,12,3-2-4,355.0
20260328_平和島_12,2026-03-28,平和島,12,4-2-3,1025.0
20260328_平和島_12,2026-03-28,平和島,12,5-2-3,258.2
20260328_平和島_12,2026-03-28,平和島,12,6-2-3,1837.0
20260328_平和島_12,2026-03-28,平和島,12,1-3-5,7.2
20260328_平和島_12,2026-03-28,平和島,12,2-3-5,165.0
20260328_平和島_12,2026-03-28,平和島,12,3-2-5,177.3
20260328_平和島_12,2026-03-28,平和島,12,4-2-5,850.0
20260328_平和島_12,2026-03-28,平和島,12,5-2-4,782.9
20260328_平和島_12,2026-03-28,平和島,12,6-2-4,2628.0
20260328_平和島_12,2026-03-28,平和島,12,1-3-6,22.2
20260328_平和島_12,2026-03-28,平和島,12,2-3-6,319.6
20260328_平和島_12,2026-03-28,平和島,12,3-2-6,318.6
20260328_平和島_12,2026-03-28,平和島,12,4-2-6,1017.0
20260328_平和島_12,2026-03-28,平和島,12,5-2-6,375.5
20260328_平和島_12,2026-03-28,平和島,12,6-2-5,1217.0
20260328_平和島_12,2026-03-28,平和島,12,1-4-2,68.9
20260328_平和島_12,2026-03-28,平和島,12,2-4-1,458.4
20260328_平和島_12,2026-03-28,平和島,12,3-4-1,122.6
20260328_平和島_12,2026-03-28,平和島,12,4-3-1,318.6
20260328_平和島_12,2026-03-28,平和島,12,5-3-1,78.0
20260328_平和島_12,2026-03-28,平和島,12,6-3-1,949.7
20260328_平和島_12,2026-03-28,平和島,12,1-4-3,41.4
20260328_平和島_12,2026-03-28,平和島,12,2-4-3,691.5
20260328_平和島_12,2026-03-28,平和島,12,3-4-2,373.0
20260328_平和島_12,2026-03-28,平和島,12,4-3-2,830.4
20260328_平和島_12,2026-03-28,平和島,12,5-3-2,236.8
20260328_平和島_12,2026-03-28,平和島,12,6-3-2,2281.0
20260328_平和島_12,2026-03-28,平和島,12,1-4-5,47.0
20260328_平和島_12,2026-03-28,平和島,12,2-4-5,789.2
20260328_平和島_12,2026-03-28,平和島,12,3-4-5,136.7
20260328_平和島_12,2026-03-28,平和島,12,4-3-5,385.7
20260328_平和島_12,2026-03-28,平和島,12,5-3-4,300.9
20260328_平和島_12,2026-03-28,平和島,12,6-3-4,1927.0
20260328_平和島_12,2026-03-28,平和島,12,1-4-6,72.5
20260328_平和島_12,2026-03-28,平和島,12,2-4-6,1017.0
20260328_平和島_12,2026-03-28,平和島,12,3-4-6,241.4
20260328_平和島_12,2026-03-28,平和島,12,4-3-6,599.6
20260328_平和島_12,2026-03-28,平和島,12,5-3-6,199.9
20260328_平和島_12,2026-03-28,平和島,12,6-3-5,1081.0
20260328_平和島_12,2026-03-28,平和島,12,1-5-2,28.2
20260328_平和島_12,2026-03-28,平和島,12,2-5-1,195.0
20260328_平和島_12,2026-03-28,平和島,12,3-5-1,49.0
20260328_平和島_12,2026-03-28,平和島,12,4-5-1,253.3
20260328_平和島_12,2026-03-28,平和島,12,5-4-1,255.1
20260328_平和島_12,2026-03-28,平和島,12,6-4-1,1503.0
20260328_平和島_12,2026-03-28,平和島,12,1-5-3,15.3
20260328_平和島_12,2026-03-28,平和島,12,2-5-3,302.1
20260328_平和島_12,2026-03-28,平和島,12,3-5-2,164.6
20260328_平和島_12,2026-03-28,平和島,12,4-5-2,453.1
20260328_平和島_12,2026-03-28,平和島,12,5-4-2,554.4
20260328_平和島_12,2026-03-28,平和島,12,6-4-2,2561.0
20260328_平和島_12,2026-03-28,平和島,12,1-5-4,42.4
20260328_平和島_12,2026-03-28,平和島,12,2-5-4,830.4
20260328_平和島_12,2026-03-28,平和島,12,3-5-4,122.8
20260328_平和島_12,2026-03-28,平和島,12,4-5-3,406.3
20260328_平和島_12,2026-03-28,平和島,12,5-4-3,436.7
20260328_平和島_12,2026-03-28,平和島,12,6-4-3,1780.0
20260328_平和島_12,2026-03-28,平和島,12,1-5-6,35.4
20260328_平和島_12,2026-03-28,平和島,12,2-5-6,635.1
20260328_平和島_12,2026-03-28,平和島,12,3-5-6,112.8
20260328_平和島_12,2026-03-28,平和島,12,4-5-6,356.9
20260328_平和島_12,2026-03-28,平和島,12,5-4-6,406.7
20260328_平和島_12,2026-03-28,平和島,12,6-4-5,1703.0
20260328_平和島_12,2026-03-28,平和島,12,1-6-2,130.2
20260328_平和島_12,2026-03-28,平和島,12,2-6-1,587.2
20260328_平和島_12,2026-03-28,平和島,12,3-6-1,223.2
20260328_平和島_12,2026-03-28,平和島,12,4-6-1,789.2
20260328_平和島_12,2026-03-28,平和島,12,5-6-1,211.4
20260328_平和島_12,2026-03-28,平和島,12,6-5-1,669.4
20260328_平和島_12,2026-03-28,平和島,12,1-6-3,80.9
20260328_平和島_12,2026-03-28,平和島,12,2-6-3,1181.0
20260328_平和島_12,2026-03-28,平和島,12,3-6-2,572.0
20260328_平和島_12,2026-03-28,平和島,12,4-6-2,1102.0
20260328_平和島_12,2026-03-28,平和島,12,5-6-2,452.1
20260328_平和島_12,2026-03-28,平和島,12,6-5-2,1192.0
20260328_平和島_12,2026-03-28,平和島,12,1-6-4,156.7
20260328_平和島_12,2026-03-28,平和島,12,2-6-4,1626.0
20260328_平和島_12,2026-03-28,平和島,12,3-6-4,424.5
20260328_平和島_12,2026-03-28,平和島,12,4-6-3,1093.0
20260328_平和島_12,2026-03-28,平和島,12,5-6-3,341.3
20260328_平和島_12,2026-03-28,平和島,12,6-5-3,1090.0
20260328_平和島_12,2026-03-28,平和島,12,1-6-5,104.6
20260328_平和島_12,2026-03-28,平和島,12,2-6-5,1188.0
20260328_平和島_12,2026-03-28,平和島,12,3-6-5,255.6
20260328_平和島_12,2026-03-28,平和島,12,4-6-5,808.5
20260328_平和島_12,2026-03-28,平和島,12,5-6-4,626.1
20260328_平和島_12,2026-03-28,平和島,12,6-5-4,1796.0
20260328_多摩川_1,2026-03-28,多摩川,1,1-2-3,47.6
20260328_多摩川_1,2026-03-28,多摩川,1,2-1-3,115.6
20260328_多摩川_1,2026-03-28,多摩川,1,3-1-2,49.1
20260328_多摩川_1,2026-03-28,多摩川,1,4-1-2,183.6
20260328_多摩川_1,2026-03-28,多摩川,1,5-1-2,286.8
20260328_多摩川_1,2026-03-28,多摩川,1,6-1-2,620.6
20260328_多摩川_1,2026-03-28,多摩川,1,1-2-4,76.1
20260328_多摩川_1,2026-03-28,多摩川,1,2-1-4,174.2
20260328_多摩川_1,2026-03-28,多摩川,1,3-1-4,20.0
20260328_多摩川_1,2026-03-28,多摩川,1,4-1-3,73.2
20260328_多摩川_1,2026-03-28,多摩川,1,5-1-3,106.7
20260328_多摩川_1,2026-03-28,多摩川,1,6-1-3,419.5
20260328_多摩川_1,2026-03-28,多摩川,1,1-2-5,95.1
20260328_多摩川_1,2026-03-28,多摩川,1,2-1-5,217.0
20260328_多摩川_1,2026-03-28,多摩川,1,3-1-5,23.1
20260328_多摩川_1,2026-03-28,多摩川,1,4-1-5,84.7
20260328_多摩川_1,2026-03-28,多摩川,1,5-1-4,152.2
20260328_多摩川_1,2026-03-28,多摩川,1,6-1-4,586.3
20260328_多摩川_1,2026-03-28,多摩川,1,1-2-6,190.5
20260328_多摩川_1,2026-03-28,多摩川,1,2-1-6,341.2
20260328_多摩川_1,2026-03-28,多摩川,1,3-1-6,48.1
20260328_多摩川_1,2026-03-28,多摩川,1,4-1-6,157.0
20260328_多摩川_1,2026-03-28,多摩川,1,5-1-6,198.0
20260328_多摩川_1,2026-03-28,多摩川,1,6-1-5,617.0
20260328_多摩川_1,2026-03-28,多摩川,1,1-3-2,33.4
20260328_多摩川_1,2026-03-28,多摩川,1,2-3-1,111.9
20260328_多摩川_1,2026-03-28,多摩川,1,3-2-1,93.5
20260328_多摩川_1,2026-03-28,多摩川,1,4-2-1,298.9
20260328_多摩川_1,2026-03-28,多摩川,1,5-2-1,457.4
20260328_多摩川_1,2026-03-28,多摩川,1,6-2-1,758.1
20260328_多摩川_1,2026-03-28,多摩川,1,1-3-4,16.8
20260328_多摩川_1,2026-03-28,多摩川,1,2-3-4,100.8
20260328_多摩川_1,2026-03-28,多摩川,1,3-2-4,63.3
20260328_多摩川_1,2026-03-28,多摩川,1,4-2-3,196.9
20260328_多摩川_1,2026-03-28,多摩川,1,5-2-3,241.7
20260328_多摩川_1,2026-03-28,多摩川,1,6-2-3,555.6
20260328_多摩川_1,2026-03-28,多摩川,1,1-3-5,19.8
20260328_多摩川_1,2026-03-28,多摩川,1,2-3-5,83.7
20260328_多摩川_1,2026-03-28,多摩川,1,3-2-5,51.4
20260328_多摩川_1,2026-03-28,多摩川,1,4-2-5,231.2
20260328_多摩川_1,2026-03-28,多摩川,1,5-2-4,345.7
20260328_多摩川_1,2026-03-28,多摩川,1,6-2-4,763.5
20260328_多摩川_1,2026-03-28,多摩川,1,1-3-6,67.1
20260328_多摩川_1,2026-03-28,多摩川,1,2-3-6,127.2
20260328_多摩川_1,2026-03-28,多摩川,1,3-2-6,86.4
20260328_多摩川_1,2026-03-28,多摩川,1,4-2-6,315.8
20260328_多摩川_1,2026-03-28,多摩川,1,5-2-6,400.5
20260328_多摩川_1,2026-03-28,多摩川,1,6-2-5,742.1
20260328_多摩川_1,2026-03-28,多摩川,1,1-4-2,78.7
20260328_多摩川_1,2026-03-28,多摩川,1,2-4-1,267.3
20260328_多摩川_1,2026-03-28,多摩川,1,3-4-1,22.5
20260328_多摩川_1,2026-03-28,多摩川,1,4-3-1,55.8
20260328_多摩川_1,2026-03-28,多摩川,1,5-3-1,93.8
20260328_多摩川_1,2026-03-28,多摩川,1,6-3-1,596.2
20260328_多摩川_1,2026-03-28,多摩川,1,1-4-3,30.9
20260328_多摩川_1,2026-03-28,多摩川,1,2-4-3,171.4
20260328_多摩川_1,2026-03-28,多摩川,1,3-4-2,49.5
20260328_多摩川_1,2026-03-28,多摩川,1,4-3-2,116.8
20260328_多摩川_1,2026-03-28,多摩川,1,5-3-2,170.3
20260328_多摩川_1,2026-03-28,多摩川,1,6-3-2,583.1
20260328_多摩川_1,2026-03-28,多摩川,1,1-4-5,48.0
20260328_多摩川_1,2026-03-28,多摩川,1,2-4-5,226.7
20260328_多摩川_1,2026-03-28,多摩川,1,3-4-5,11.6
20260328_多摩川_1,2026-03-28,多摩川,1,4-3-5,30.4
20260328_多摩川_1,2026-03-28,多摩川,1,5-3-4,57.4
20260328_多摩川_1,2026-03-28,多摩川,1,6-3-4,397.5
20260328_多摩川_1,2026-03-28,多摩川,1,1-4-6,144.4
20260328_多摩川_1,2026-03-28,多摩川,1,2-4-6,381.7
20260328_多摩川_1,2026-03-28,多摩川,1,3-4-6,36.2
20260328_多摩川_1,2026-03-28,多摩川,1,4-3-6,69.6
20260328_多摩川_1,2026-03-28,多摩川,1,5-3-6,103.0
20260328_多摩川_1,2026-03-28,多摩川,1,6-3-5,417.8
20260328_多摩川_1,2026-03-28,多摩川,1,1-5-2,135.3
20260328_多摩川_1,2026-03-28,多摩川,1,2-5-1,399.0
20260328_多摩川_1,2026-03-28,多摩川,1,3-5-1,31.2
20260328_多摩川_1,2026-03-28,多摩川,1,4-5-1,78.7
20260328_多摩川_1,2026-03-28,多摩川,1,5-4-1,165.3
20260328_多摩川_1,2026-03-28,多摩川,1,6-4-1,964.8
20260328_多摩川_1,2026-03-28,多摩川,1,1-5-3,55.8
20260328_多摩川_1,2026-03-28,多摩川,1,2-5-3,187.8
20260328_多摩川_1,2026-03-28,多摩川,1,3-5-2,56.4
20260328_多摩川_1,2026-03-28,多摩川,1,4-5-2,129.1
20260328_多摩川_1,2026-03-28,多摩川,1,5-4-2,254.5
20260328_多摩川_1,2026-03-28,多摩川,1,6-4-2,1010.0
20260328_多摩川_1,2026-03-28,多摩川,1,1-5-4,85.1
20260328_多摩川_1,2026-03-28,多摩川,1,2-5-4,304.9
20260328_多摩川_1,2026-03-28,多摩川,1,3-5-4,16.9
20260328_多摩川_1,2026-03-28,多摩川,1,4-5-3,41.5
20260328_多摩川_1,2026-03-28,多摩川,1,5-4-3,71.6
20260328_多摩川_1,2026-03-28,多摩川,1,6-4-3,396.0
20260328_多摩川_1,2026-03-28,多摩川,1,1-5-6,163.5
20260328_多摩川_1,2026-03-28,多摩川,1,2-5-6,339.0
20260328_多摩川_1,2026-03-28,多摩川,1,3-5-6,39.1
20260328_多摩川_1,2026-03-28,多摩川,1,4-5-6,68.6
20260328_多摩川_1,2026-03-28,多摩川,1,5-4-6,148.6
20260328_多摩川_1,2026-03-28,多摩川,1,6-4-5,707.5
20260328_多摩川_1,2026-03-28,多摩川,1,1-6-2,354.9
20260328_多摩川_1,2026-03-28,多摩川,1,2-6-1,835.7
20260328_多摩川_1,2026-03-28,多摩川,1,3-6-1,175.4
20260328_多摩川_1,2026-03-28,多摩川,1,4-6-1,250.9
20260328_多摩川_1,2026-03-28,多摩川,1,5-6-1,333.7
20260328_多摩川_1,2026-03-28,多摩川,1,6-5-1,1040.0
20260328_多摩川_1,2026-03-28,多摩川,1,1-6-3,204.1
20260328_多摩川_1,2026-03-28,多摩川,1,2-6-3,453.5
20260328_多摩川_1,2026-03-28,多摩川,1,3-6-2,178.6
20260328_多摩川_1,2026-03-28,多摩川,1,4-6-2,325.5
20260328_多摩川_1,2026-03-28,多摩川,1,5-6-2,391.6
20260328_多摩川_1,2026-03-28,多摩川,1,6-5-2,1094.0
20260328_多摩川_1,2026-03-28,多摩川,1,1-6-4,326.5
20260328_多摩川_1,2026-03-28,多摩川,1,2-6-4,717.1
20260328_多摩川_1,2026-03-28,多摩川,1,3-6-4,100.2
20260328_多摩川_1,2026-03-28,多摩川,1,4-6-3,145.7
20260328_多摩川_1,2026-03-28,多摩川,1,5-6-3,179.5
20260328_多摩川_1,2026-03-28,多摩川,1,6-5-3,469.6
20260328_多摩川_1,2026-03-28,多摩川,1,1-6-5,328.5
20260328_多摩川_1,2026-03-28,多摩川,1,2-6-5,639.3
20260328_多摩川_1,2026-03-28,多摩川,1,3-6-5,84.8
20260328_多摩川_1,2026-03-28,多摩川,1,4-6-5,154.7
20260328_多摩川_1,2026-03-28,多摩川,1,5-6-4,238.5
20260328_多摩川_1,2026-03-28,多摩川,1,6-5-4,684.7
20260328_多摩川_2,2026-03-28,多摩川,2,1-2-3,38.3
20260328_多摩川_2,2026-03-28,多摩川,2,2-1-3,169.1
20260328_多摩川_2,2026-03-28,多摩川,2,3-1-2,65.7
20260328_多摩川_2,2026-03-28,多摩川,2,4-1-2,906.8
20260328_多摩川_2,2026-03-28,多摩川,2,5-1-2,128.7
20260328_多摩川_2,2026-03-28,多摩川,2,6-1-2,240.4
20260328_多摩川_2,2026-03-28,多摩川,2,1-2-4,78.6
20260328_多摩川_2,2026-03-28,多摩川,2,2-1-4,320.9
20260328_多摩川_2,2026-03-28,多摩川,2,3-1-4,98.2
20260328_多摩川_2,2026-03-28,多摩川,2,4-1-3,520.9
20260328_多摩川_2,2026-03-28,多摩川,2,5-1-3,39.8
20260328_多摩川_2,2026-03-28,多摩川,2,6-1-3,89.2
20260328_多摩川_2,2026-03-28,多摩川,2,1-2-5,41.1
20260328_多摩川_2,2026-03-28,多摩川,2,2-1-5,178.1
20260328_多摩川_2,2026-03-28,多摩川,2,3-1-5,22.5
20260328_多摩川_2,2026-03-28,多摩川,2,4-1-5,322.3
20260328_多摩川_2,2026-03-28,多摩川,2,5-1-4,132.5
20260328_多摩川_2,2026-03-28,多摩川,2,6-1-4,333.0
20260328_多摩川_2,2026-03-28,多摩川,2,1-2-6,62.0
20260328_多摩川_2,2026-03-28,多摩川,2,2-1-6,239.3
20260328_多摩川_2,2026-03-28,多摩川,2,3-1-6,29.0
20260328_多摩川_2,2026-03-28,多摩川,2,4-1-6,367.1
20260328_多摩川_2,2026-03-28,多摩川,2,5-1-6,27.6
20260328_多摩川_2,2026-03-28,多摩川,2,6-1-5,67.3
20260328_多摩川_2,2026-03-28,多摩川,2,1-3-2,25.4
20260328_多摩川_2,2026-03-28,多摩川,2,2-3-1,239.3
20260328_多摩川_2,2026-03-28,多摩川,2,3-2-1,188.8
20260328_多摩川_2,2026-03-28,多摩川,2,4-2-1,1115.0
20260328_多摩川_2,2026-03-28,多摩川,2,5-2-1,272.2
20260328_多摩川_2,2026-03-28,多摩川,2,6-2-1,394.0
20260328_多摩川_2,2026-03-28,多摩川,2,1-3-4,34.0
20260328_多摩川_2,2026-03-28,多摩川,2,2-3-4,391.0
20260328_多摩川_2,2026-03-28,多摩川,2,3-2-4,473.4
20260328_多摩川_2,2026-03-28,多摩川,2,4-2-3,1060.0
20260328_多摩川_2,2026-03-28,多摩川,2,5-2-3,286.2
20260328_多摩川_2,2026-03-28,多摩川,2,6-2-3,512.0
20260328_多摩川_2,2026-03-28,多摩川,2,1-3-5,7.4
20260328_多摩川_2,2026-03-28,多摩川,2,2-3-5,221.7
20260328_多摩川_2,2026-03-28,多摩川,2,3-2-5,181.3
20260328_多摩川_2,2026-03-28,多摩川,2,4-2-5,1067.0
20260328_多摩川_2,2026-03-28,多摩川,2,5-2-4,977.5
20260328_多摩川_2,2026-03-28,多摩川,2,6-2-4,1024.0
20260328_多摩川_2,2026-03-28,多摩川,2,1-3-6,12.7
20260328_多摩川_2,2026-03-28,多摩川,2,2-3-6,396.1
20260328_多摩川_2,2026-03-28,多摩川,2,3-2-6,230.8
20260328_多摩川_2,2026-03-28,多摩川,2,4-2-6,860.2
20260328_多摩川_2,2026-03-28,多摩川,2,5-2-6,228.4
20260328_多摩川_2,2026-03-28,多摩川,2,6-2-5,446.7
20260328_多摩川_2,2026-03-28,多摩川,2,1-4-2,124.4
20260328_多摩川_2,2026-03-28,多摩川,2,2-4-1,896.0
20260328_多摩川_2,2026-03-28,多摩川,2,3-4-1,199.1
20260328_多摩川_2,2026-03-28,多摩川,2,4-3-1,611.9
20260328_多摩川_2,2026-03-28,多摩川,2,5-3-1,68.1
20260328_多摩川_2,2026-03-28,多摩川,2,6-3-1,104.1
20260328_多摩川_2,2026-03-28,多摩川,2,1-4-3,77.3
20260328_多摩川_2,2026-03-28,多摩川,2,2-4-3,870.1
20260328_多摩川_2,2026-03-28,多摩川,2,3-4-2,342.1
20260328_多摩川_2,2026-03-28,多摩川,2,4-3-2,1368.0
20260328_多摩川_2,2026-03-28,多摩川,2,5-3-2,201.7
20260328_多摩川_2,2026-03-28,多摩川,2,6-3-2,359.2
20260328_多摩川_2,2026-03-28,多摩川,2,1-4-5,82.7
20260328_多摩川_2,2026-03-28,多摩川,2,2-4-5,734.3
20260328_多摩川_2,2026-03-28,多摩川,2,3-4-5,195.7
20260328_多摩川_2,2026-03-28,多摩川,2,4-3-5,466.0
20260328_多摩川_2,2026-03-28,多摩川,2,5-3-4,234.1
20260328_多摩川_2,2026-03-28,多摩川,2,6-3-4,337.5
20260328_多摩川_2,2026-03-28,多摩川,2,1-4-6,104.3
20260328_多摩川_2,2026-03-28,多摩川,2,2-4-6,977.5
20260328_多摩川_2,2026-03-28,多摩川,2,3-4-6,202.8
20260328_多摩川_2,2026-03-28,多摩川,2,4-3-6,512.0
20260328_多摩川_2,2026-03-28,多摩川,2,5-3-6,53.3
20260328_多摩川_2,2026-03-28,多摩川,2,6-3-5,99.9
20260328_多摩川_2,2026-03-28,多摩川,2,1-5-2,43.8
20260328_多摩川_2,2026-03-28,多摩川,2,2-5-1,327.2
20260328_多摩川_2,2026-03-28,多摩川,2,3-5-1,36.4
20260328_多摩川_2,2026-03-28,多摩川,2,4-5-1,335.2
20260328_多摩川_2,2026-03-28,多摩川,2,5-4-1,299.8
20260328_多摩川_2,2026-03-28,多摩川,2,6-4-1,637.8
20260328_多摩川_2,2026-03-28,多摩川,2,1-5-3,14.2
20260328_多摩川_2,2026-03-28,多摩川,2,2-5-3,413.5
20260328_多摩川_2,2026-03-28,多摩川,2,3-5-2,94.6
20260328_多摩川_2,2026-03-28,多摩川,2,4-5-2,875.2
20260328_多摩川_2,2026-03-28,多摩川,2,5-4-2,845.7
20260328_多摩川_2,2026-03-28,多摩川,2,6-4-2,1185.0
20260328_多摩川_2,2026-03-28,多摩川,2,1-5-4,63.1
20260328_多摩川_2,2026-03-28,多摩川,2,2-5-4,890.7
20260328_多摩川_2,2026-03-28,多摩川,2,3-5-4,133.2
20260328_多摩川_2,2026-03-28,多摩川,2,4-5-3,425.2
20260328_多摩川_2,2026-03-28,多摩川,2,5-4-3,370.7
20260328_多摩川_2,2026-03-28,多摩川,2,6-4-3,592.6
20260328_多摩川_2,2026-03-28,多摩川,2,1-5-6,14.5
20260328_多摩川_2,2026-03-28,多摩川,2,2-5-6,384.0
20260328_多摩川_2,2026-03-28,多摩川,2,3-5-6,30.4
20260328_多摩川_2,2026-03-28,多摩川,2,4-5-6,252.5
20260328_多摩川_2,2026-03-28,多摩川,2,5-4-6,193.4
20260328_多摩川_2,2026-03-28,多摩川,2,6-4-5,506.8
20260328_多摩川_2,2026-03-28,多摩川,2,1-6-2,84.7
20260328_多摩川_2,2026-03-28,多摩川,2,2-6-1,513.7
20260328_多摩川_2,2026-03-28,多摩川,2,3-6-1,56.2
20260328_多摩川_2,2026-03-28,多摩川,2,4-6-1,474.8
20260328_多摩川_2,2026-03-28,多摩川,2,5-6-1,46.5
20260328_多摩川_2,2026-03-28,多摩川,2,6-5-1,85.4
20260328_多摩川_2,2026-03-28,多摩川,2,1-6-3,30.4
20260328_多摩川_2,2026-03-28,多摩川,2,2-6-3,629.8
20260328_多摩川_2,2026-03-28,多摩川,2,3-6-2,144.7
20260328_多摩川_2,2026-03-28,多摩川,2,4-6-2,880.3
20260328_多摩川_2,2026-03-28,多摩川,2,5-6-2,150.8
20260328_多摩川_2,2026-03-28,多摩川,2,6-5-2,279.2
20260328_多摩川_2,2026-03-28,多摩川,2,1-6-4,105.1
20260328_多摩川_2,2026-03-28,多摩川,2,2-6-4,1204.0
20260328_多摩川_2,2026-03-28,多摩川,2,3-6-4,197.8
20260328_多摩川_2,2026-03-28,多摩川,2,4-6-3,557.5
20260328_多摩川_2,2026-03-28,多摩川,2,5-6-3,53.1
20260328_多摩川_2,2026-03-28,多摩川,2,6-5-3,91.6
20260328_多摩川_2,2026-03-28,多摩川,2,1-6-5,24.1
20260328_多摩川_2,2026-03-28,多摩川,2,2-6-5,541.5
20260328_多摩川_2,2026-03-28,多摩川,2,3-6-5,50.2
20260328_多摩川_2,2026-03-28,多摩川,2,4-6-5,363.6
20260328_多摩川_2,2026-03-28,多摩川,2,5-6-4,146.0
20260328_多摩川_2,2026-03-28,多摩川,2,6-5-4,261.3
20260328_多摩川_3,2026-03-28,多摩川,3,1-2-3,33.3
20260328_多摩川_3,2026-03-28,多摩川,3,2-1-3,70.1
20260328_多摩川_3,2026-03-28,多摩川,3,3-1-2,16.7
20260328_多摩川_3,2026-03-28,多摩川,3,4-1-2,333.3
20260328_多摩川_3,2026-03-28,多摩川,3,5-1-2,432.7
20260328_多摩川_3,2026-03-28,多摩川,3,6-1-2,583.8
20260328_多摩川_3,2026-03-28,多摩川,3,1-2-4,81.6
20260328_多摩川_3,2026-03-28,多摩川,3,2-1-4,187.3
20260328_多摩川_3,2026-03-28,多摩川,3,3-1-4,11.6
20260328_多摩川_3,2026-03-28,多摩川,3,4-1-3,120.3
20260328_多摩川_3,2026-03-28,多摩川,3,5-1-3,159.9
20260328_多摩川_3,2026-03-28,多摩川,3,6-1-3,284.7
20260328_多摩川_3,2026-03-28,多摩川,3,1-2-5,125.1
20260328_多摩川_3,2026-03-28,多摩川,3,2-1-5,235.0
20260328_多摩川_3,2026-03-28,多摩川,3,3-1-5,12.4
20260328_多摩川_3,2026-03-28,多摩川,3,4-1-5,235.0
20260328_多摩川_3,2026-03-28,多摩川,3,5-1-4,267.5
20260328_多摩川_3,2026-03-28,多摩川,3,6-1-4,583.8
20260328_多摩川_3,2026-03-28,多摩川,3,1-2-6,152.3
20260328_多摩川_3,2026-03-28,多摩川,3,2-1-6,245.9
20260328_多摩川_3,2026-03-28,多摩川,3,3-1-6,16.0
20260328_多摩川_3,2026-03-28,多摩川,3,4-1-6,233.2
20260328_多摩川_3,2026-03-28,多摩川,3,5-1-6,325.7
20260328_多摩川_3,2026-03-28,多摩川,3,6-1-5,546.0
20260328_多摩川_3,2026-03-28,多摩川,3,1-3-2,19.5
20260328_多摩川_3,2026-03-28,多摩川,3,2-3-1,85.9
20260328_多摩川_3,2026-03-28,多摩川,3,3-2-1,44.0
20260328_多摩川_3,2026-03-28,多摩川,3,4-2-1,447.3
20260328_多摩川_3,2026-03-28,多摩川,3,5-2-1,576.5
20260328_多摩川_3,2026-03-28,多摩川,3,6-2-1,992.8
20260328_多摩川_3,2026-03-28,多摩川,3,1-3-4,17.9
20260328_多摩川_3,2026-03-28,多摩川,3,2-3-4,96.2
20260328_多摩川_3,2026-03-28,多摩川,3,3-2-4,55.2
20260328_多摩川_3,2026-03-28,多摩川,3,4-2-3,213.3
20260328_多摩川_3,2026-03-28,多摩川,3,5-2-3,380.4
20260328_多摩川_3,2026-03-28,多摩川,3,6-2-3,604.7
20260328_多摩川_3,2026-03-28,多摩川,3,1-3-5,23.4
20260328_多摩川_3,2026-03-28,多摩川,3,2-3-5,139.2
20260328_多摩川_3,2026-03-28,多摩川,3,3-2-5,57.7
20260328_多摩川_3,2026-03-28,多摩川,3,4-2-5,510.0
20260328_多摩川_3,2026-03-28,多摩川,3,5-2-4,1031.0
20260328_多摩川_3,2026-03-28,多摩川,3,6-2-4,1439.0
20260328_多摩川_3,2026-03-28,多摩川,3,1-3-6,28.9
20260328_多摩川_3,2026-03-28,多摩川,3,2-3-6,135.3
20260328_多摩川_3,2026-03-28,多摩川,3,3-2-6,74.1
20260328_多摩川_3,2026-03-28,多摩川,3,4-2-6,546.0
20260328_多摩川_3,2026-03-28,多摩川,3,5-2-6,764.0
20260328_多摩川_3,2026-03-28,多摩川,3,6-2-5,1450.0
20260328_多摩川_3,2026-03-28,多摩川,3,1-4-2,114.8
20260328_多摩川_3,2026-03-28,多摩川,3,2-4-1,350.2
20260328_多摩川_3,2026-03-28,多摩川,3,3-4-1,20.6
20260328_多摩川_3,2026-03-28,多摩川,3,4-3-1,99.7
20260328_多摩川_3,2026-03-28,多摩川,3,5-3-1,154.4
20260328_多摩川_3,2026-03-28,多摩川,3,6-3-1,255.3
20260328_多摩川_3,2026-03-28,多摩川,3,1-4-3,50.5
20260328_多摩川_3,2026-03-28,多摩川,3,2-4-3,176.4
20260328_多摩川_3,2026-03-28,多摩川,3,3-4-2,44.7
20260328_多摩川_3,2026-03-28,多摩川,3,4-3-2,158.2
20260328_多摩川_3,2026-03-28,多摩川,3,5-3-2,275.8
20260328_多摩川_3,2026-03-28,多摩川,3,6-3-2,462.9
20260328_多摩川_3,2026-03-28,多摩川,3,1-4-5,114.8
20260328_多摩川_3,2026-03-28,多摩川,3,2-4-5,404.4
20260328_多摩川_3,2026-03-28,多摩川,3,3-4-5,29.2
20260328_多摩川_3,2026-03-28,多摩川,3,4-3-5,132.8
20260328_多摩川_3,2026-03-28,多摩川,3,5-3-4,240.4
20260328_多摩川_3,2026-03-28,多摩川,3,6-3-4,174.9
20260328_多摩川_3,2026-03-28,多摩川,3,1-4-6,92.9
20260328_多摩川_3,2026-03-28,多摩川,3,2-4-6,374.3
20260328_多摩川_3,2026-03-28,多摩川,3,3-4-6,19.4
20260328_多摩川_3,2026-03-28,多摩川,3,4-3-6,92.6
20260328_多摩川_3,2026-03-28,多摩川,3,5-3-6,137.2
20260328_多摩川_3,2026-03-28,多摩川,3,6-3-5,281.7
20260328_多摩川_3,2026-03-28,多摩川,3,1-5-2,152.6
20260328_多摩川_3,2026-03-28,多摩川,3,2-5-1,273.0
20260328_多摩川_3,2026-03-28,多摩川,3,3-5-1,32.6
20260328_多摩川_3,2026-03-28,多摩川,3,4-5-1,212.9
20260328_多摩川_3,2026-03-28,多摩川,3,5-4-1,326.8
20260328_多摩川_3,2026-03-28,多摩川,3,6-4-1,767.1
20260328_多摩川_3,2026-03-28,多摩川,3,1-5-3,72.7
20260328_多摩川_3,2026-03-28,多摩川,3,2-5-3,262.9
20260328_多摩川_3,2026-03-28,多摩川,3,3-5-2,75.9
20260328_多摩川_3,2026-03-28,多摩川,3,4-5-2,442.0
20260328_多摩川_3,2026-03-28,多摩川,3,5-4-2,919.0
20260328_多摩川_3,2026-03-28,多摩川,3,6-4-2,1098.0
20260328_多摩川_3,2026-03-28,多摩川,3,1-5-4,165.7
20260328_多摩川_3,2026-03-28,多摩川,3,2-5-4,555.8
20260328_多摩川_3,2026-03-28,多摩川,3,3-5-4,46.6
20260328_多摩川_3,2026-03-28,多摩川,3,4-5-3,200.4
20260328_多摩川_3,2026-03-28,多摩川,3,5-4-3,380.4
20260328_多摩川_3,2026-03-28,多摩川,3,6-4-3,257.1
20260328_多摩川_3,2026-03-28,多摩川,3,1-5-6,136.1
20260328_多摩川_3,2026-03-28,多摩川,3,2-5-6,471.2
20260328_多摩川_3,2026-03-28,多摩川,3,3-5-6,33.3
20260328_多摩川_3,2026-03-28,多摩川,3,4-5-6,244.2
20260328_多摩川_3,2026-03-28,多摩川,3,5-4-6,495.0
20260328_多摩川_3,2026-03-28,多摩川,3,6-4-5,672.6
20260328_多摩川_3,2026-03-28,多摩川,3,1-6-2,255.3
20260328_多摩川_3,2026-03-28,多摩川,3,2-6-1,604.7
20260328_多摩川_3,2026-03-28,多摩川,3,3-6-1,45.1
20260328_多摩川_3,2026-03-28,多摩川,3,4-6-1,272.6
20260328_多摩川_3,2026-03-28,多摩川,3,5-6-1,348.3
20260328_多摩川_3,2026-03-28,多摩川,3,6-5-1,372.8
20260328_多摩川_3,2026-03-28,多摩川,3,1-6-3,130.2
20260328_多摩川_3,2026-03-28,多摩川,3,2-6-3,352.9
20260328_多摩川_3,2026-03-28,多摩川,3,3-6-2,101.7
20260328_多摩川_3,2026-03-28,多摩川,3,4-6-2,496.4
20260328_多摩川_3,2026-03-28,多摩川,3,5-6-2,562.5
20260328_多摩川_3,2026-03-28,多摩川,3,6-5-2,754.6
20260328_多摩川_3,2026-03-28,多摩川,3,1-6-4,197.2
20260328_多摩川_3,2026-03-28,多摩川,3,2-6-4,764.0
20260328_多摩川_3,2026-03-28,多摩川,3,3-6-4,42.7
20260328_多摩川_3,2026-03-28,多摩川,3,4-6-3,146.5
20260328_多摩川_3,2026-03-28,多摩川,3,5-6-3,202.6
20260328_多摩川_3,2026-03-28,多摩川,3,6-5-3,304.8
20260328_多摩川_3,2026-03-28,多摩川,3,1-6-5,203.5
20260328_多摩川_3,2026-03-28,多摩川,3,2-6-5,651.4
20260328_多摩川_3,2026-03-28,多摩川,3,3-6-5,50.9
20260328_多摩川_3,2026-03-28,多摩川,3,4-6-5,292.8
20260328_多摩川_3,2026-03-28,多摩川,3,5-6-4,442.0
20260328_多摩川_3,2026-03-28,多摩川,3,6-5-4,574.7
20260328_多摩川_4,2026-03-28,多摩川,4,1-2-3,16.6
20260328_多摩川_4,2026-03-28,多摩川,4,2-1-3,36.6
20260328_多摩川_4,2026-03-28,多摩川,4,3-1-2,65.7
20260328_多摩川_4,2026-03-28,多摩川,4,4-1-2,92.3
20260328_多摩川_4,2026-03-28,多摩川,4,5-1-2,58.3
20260328_多摩川_4,2026-03-28,多摩川,4,6-1-2,2857.0
20260328_多摩川_4,2026-03-28,多摩川,4,1-2-4,15.4
20260328_多摩川_4,2026-03-28,多摩川,4,2-1-4,33.5
20260328_多摩川_4,2026-03-28,多摩川,4,3-1-4,44.5
20260328_多摩川_4,2026-03-28,多摩川,4,4-1-3,91.8
20260328_多摩川_4,2026-03-28,多摩川,4,5-1-3,62.8
20260328_多摩川_4,2026-03-28,多摩川,4,6-1-3,2933.0
20260328_多摩川_4,2026-03-28,多摩川,4,1-2-5,17.1
20260328_多摩川_4,2026-03-28,多摩川,4,2-1-5,30.6
20260328_多摩川_4,2026-03-28,多摩川,4,3-1-5,36.8
20260328_多摩川_4,2026-03-28,多摩川,4,4-1-5,57.8
20260328_多摩川_4,2026-03-28,多摩川,4,5-1-4,61.7
20260328_多摩川_4,2026-03-28,多摩川,4,6-1-4,2857.0
20260328_多摩川_4,2026-03-28,多摩川,4,1-2-6,332.3
20260328_多摩川_4,2026-03-28,多摩川,4,2-1-6,448.9
20260328_多摩川_4,2026-03-28,多摩川,4,3-1-6,403.6
20260328_多摩川_4,2026-03-28,多摩川,4,4-1-6,314.7
20260328_多摩川_4,2026-03-28,多摩川,4,5-1-6,280.6
20260328_多摩川_4,2026-03-28,多摩川,4,6-1-5,995.4
20260328_多摩川_4,2026-03-28,多摩川,4,1-3-2,22.8
20260328_多摩川_4,2026-03-28,多摩川,4,2-3-1,74.2
20260328_多摩川_4,2026-03-28,多摩川,4,3-2-1,98.4
20260328_多摩川_4,2026-03-28,多摩川,4,4-2-1,135.3
20260328_多摩川_4,2026-03-28,多摩川,4,5-2-1,87.2
20260328_多摩川_4,2026-03-28,多摩川,4,6-2-1,2820.0
20260328_多摩川_4,2026-03-28,多摩川,4,1-3-4,19.9
20260328_多摩川_4,2026-03-28,多摩川,4,2-3-4,76.1
20260328_多摩川_4,2026-03-28,多摩川,4,3-2-4,75.0
20260328_多摩川_4,2026-03-28,多摩川,4,4-2-3,177.9
20260328_多摩川_4,2026-03-28,多摩川,4,5-2-3,108.7
20260328_多摩川_4,2026-03-28,多摩川,4,6-2-3,2588.0
20260328_多摩川_4,2026-03-28,多摩川,4,1-3-5,18.0
20260328_多摩川_4,2026-03-28,多摩川,4,2-3-5,66.1
20260328_多摩川_4,2026-03-28,多摩川,4,3-2-5,69.1
20260328_多摩川_4,2026-03-28,多摩川,4,4-2-5,114.6
20260328_多摩川_4,2026-03-28,多摩川,4,5-2-4,110.3
20260328_多摩川_4,2026-03-28,多摩川,4,6-2-4,3283.0
20260328_多摩川_4,2026-03-28,多摩川,4,1-3-6,365.4
20260328_多摩川_4,2026-03-28,多摩川,4,2-3-6,578.9
20260328_多摩川_4,2026-03-28,多摩川,4,3-2-6,574.3
20260328_多摩川_4,2026-03-28,多摩川,4,4-2-6,745.7
20260328_多摩川_4,2026-03-28,多摩川,4,5-2-6,647.0
20260328_多摩川_4,2026-03-28,多摩川,4,6-2-5,3792.0
20260328_多摩川_4,2026-03-28,多摩川,4,1-4-2,30.3
20260328_多摩川_4,2026-03-28,多摩川,4,2-4-1,70.0
20260328_多摩川_4,2026-03-28,多摩川,4,3-4-1,57.0
20260328_多摩川_4,2026-03-28,多摩川,4,4-3-1,107.6
20260328_多摩川_4,2026-03-28,多摩川,4,5-3-1,78.9
20260328_多摩川_4,2026-03-28,多摩川,4,6-3-1,2894.0
20260328_多摩川_4,2026-03-28,多摩川,4,1-4-3,31.1
20260328_多摩川_4,2026-03-28,多摩川,4,2-4-3,84.5
20260328_多摩川_4,2026-03-28,多摩川,4,3-4-2,76.0
20260328_多摩川_4,2026-03-28,多摩川,4,4-3-2,155.5
20260328_多摩川_4,2026-03-28,多摩川,4,5-3-2,104.2
20260328_多摩川_4,2026-03-28,多摩川,4,6-3-2,2471.0
20260328_多摩川_4,2026-03-28,多摩川,4,1-4-5,28.2
20260328_多摩川_4,2026-03-28,多摩川,4,2-4-5,72.6
20260328_多摩川_4,2026-03-28,多摩川,4,3-4-5,39.7
20260328_多摩川_4,2026-03-28,多摩川,4,4-3-5,73.1
20260328_多摩川_4,2026-03-28,多摩川,4,5-3-4,77.6
20260328_多摩川_4,2026-03-28,多摩川,4,6-3-4,2682.0
20260328_多摩川_4,2026-03-28,多摩川,4,1-4-6,293.3
20260328_多摩川_4,2026-03-28,多摩川,4,2-4-6,619.6
20260328_多摩川_4,2026-03-28,多摩川,4,3-4-6,477.2
20260328_多摩川_4,2026-03-28,多摩川,4,4-3-6,561.2
20260328_多摩川_4,2026-03-28,多摩川,4,5-3-6,635.8
20260328_多摩川_4,2026-03-28,多摩川,4,6-3-5,3055.0
20260328_多摩川_4,2026-03-28,多摩川,4,1-5-2,29.7
20260328_多摩川_4,2026-03-28,多摩川,4,2-5-1,66.4
20260328_多摩川_4,2026-03-28,多摩川,4,3-5-1,50.9
20260328_多摩川_4,2026-03-28,多摩川,4,4-5-1,49.6
20260328_多摩川_4,2026-03-28,多摩川,4,5-4-1,62.6
20260328_多摩川_4,2026-03-28,多摩川,4,6-4-1,2095.0
20260328_多摩川_4,2026-03-28,多摩川,4,1-5-3,29.5
20260328_多摩川_4,2026-03-28,多摩川,4,2-5-3,81.5
20260328_多摩川_4,2026-03-28,多摩川,4,3-5-2,65.2
20260328_多摩川_4,2026-03-28,多摩川,4,4-5-2,73.7
20260328_多摩川_4,2026-03-28,多摩川,4,5-4-2,89.5
20260328_多摩川_4,2026-03-28,多摩川,4,6-4-2,3548.0
20260328_多摩川_4,2026-03-28,多摩川,4,1-5-4,33.9
20260328_多摩川_4,2026-03-28,多摩川,4,2-5-4,84.5
20260328_多摩川_4,2026-03-28,多摩川,4,3-5-4,44.8
20260328_多摩川_4,2026-03-28,多摩川,4,4-5-3,59.8
20260328_多摩川_4,2026-03-28,多摩川,4,5-4-3,70.5
20260328_多摩川_4,2026-03-28,多摩川,4,6-4-3,2528.0
20260328_多摩川_4,2026-03-28,多摩川,4,1-5-6,256.1
20260328_多摩川_4,2026-03-28,多摩川,4,2-5-6,607.7
20260328_多摩川_4,2026-03-28,多摩川,4,3-5-6,392.1
20260328_多摩川_4,2026-03-28,多摩川,4,4-5-6,186.4
20260328_多摩川_4,2026-03-28,多摩川,4,5-4-6,303.4
20260328_多摩川_4,2026-03-28,多摩川,4,6-4-5,2315.0
20260328_多摩川_4,2026-03-28,多摩川,4,1-6-2,780.1
20260328_多摩川_4,2026-03-28,多摩川,4,2-6-1,1401.0
20260328_多摩川_4,2026-03-28,多摩川,4,3-6-1,1128.0
20260328_多摩川_4,2026-03-28,多摩川,4,4-6-1,568.4
20260328_多摩川_4,2026-03-28,多摩川,4,5-6-1,503.4
20260328_多摩川_4,2026-03-28,多摩川,4,6-5-1,771.9
20260328_多摩川_4,2026-03-28,多摩川,4,1-6-3,1195.0
20260328_多摩川_4,2026-03-28,多摩川,4,2-6-3,1496.0
20260328_多摩川_4,2026-03-28,多摩川,4,3-6-2,1594.0
20260328_多摩川_4,2026-03-28,多摩川,4,4-6-2,748.2
20260328_多摩川_4,2026-03-28,多摩川,4,5-6-2,1264.0
20260328_多摩川_4,2026-03-28,多摩川,4,6-5-2,2933.0
20260328_多摩川_4,2026-03-28,多摩川,4,1-6-4,1018.0
20260328_多摩川_4,2026-03-28,多摩川,4,2-6-4,1818.0
20260328_多摩川_4,2026-03-28,多摩川,4,3-6-4,1057.0
20260328_多摩川_4,2026-03-28,多摩川,4,4-6-3,648.9
20260328_多摩川_4,2026-03-28,多摩川,4,5-6-3,1170.0
20260328_多摩川_4,2026-03-28,多摩川,4,6-5-3,2820.0
20260328_多摩川_4,2026-03-28,多摩川,4,1-6-5,738.2
20260328_多摩川_4,2026-03-28,多摩川,4,2-6-5,1410.0
20260328_多摩川_4,2026-03-28,多摩川,4,3-6-5,1042.0
20260328_多摩川_4,2026-03-28,多摩川,4,4-6-5,514.0
20260328_多摩川_4,2026-03-28,多摩川,4,5-6-4,936.1
20260328_多摩川_4,2026-03-28,多摩川,4,6-5-4,2340.0
20260328_多摩川_5,2026-03-28,多摩川,5,1-2-3,10.0
20260328_多摩川_5,2026-03-28,多摩川,5,2-1-3,28.4
20260328_多摩川_5,2026-03-28,多摩川,5,3-1-2,11.0
20260328_多摩川_5,2026-03-28,多摩川,5,4-1-2,261.7
20260328_多摩川_5,2026-03-28,多摩川,5,5-1-2,271.7
20260328_多摩川_5,2026-03-28,多摩川,5,6-1-2,1989.0
20260328_多摩川_5,2026-03-28,多摩川,5,1-2-4,30.2
20260328_多摩川_5,2026-03-28,多摩川,5,2-1-4,79.8
20260328_多摩川_5,2026-03-28,多摩川,5,3-1-4,21.6
20260328_多摩川_5,2026-03-28,多摩川,5,4-1-3,186.4
20260328_多摩川_5,2026-03-28,多摩川,5,5-1-3,195.7
20260328_多摩川_5,2026-03-28,多摩川,5,6-1-3,1587.0
20260328_多摩川_5,2026-03-28,多摩川,5,1-2-5,29.2
20260328_多摩川_5,2026-03-28,多摩川,5,2-1-5,68.4
20260328_多摩川_5,2026-03-28,多摩川,5,3-1-5,14.4
20260328_多摩川_5,2026-03-28,多摩川,5,4-1-5,199.7
20260328_多摩川_5,2026-03-28,多摩川,5,5-1-4,371.1
20260328_多摩川_5,2026-03-28,多摩川,5,6-1-4,1989.0
20260328_多摩川_5,2026-03-28,多摩川,5,1-2-6,130.4
20260328_多摩川_5,2026-03-28,多摩川,5,2-1-6,222.3
20260328_多摩川_5,2026-03-28,多摩川,5,3-1-6,68.4
20260328_多摩川_5,2026-03-28,多摩川,5,4-1-6,473.6
20260328_多摩川_5,2026-03-28,多摩川,5,5-1-6,624.2
20260328_多摩川_5,2026-03-28,多摩川,5,6-1-5,2572.0
20260328_多摩川_5,2026-03-28,多摩川,5,1-3-2,8.4
20260328_多摩川_5,2026-03-28,多摩川,5,2-3-1,35.5
20260328_多摩川_5,2026-03-28,多摩川,5,3-2-1,19.5
20260328_多摩川_5,2026-03-28,多摩川,5,4-2-1,380.6
20260328_多摩川_5,2026-03-28,多摩川,5,5-2-1,371.1
20260328_多摩川_5,2026-03-28,多摩川,5,6-2-1,2528.0
20260328_多摩川_5,2026-03-28,多摩川,5,1-3-4,16.9
20260328_多摩川_5,2026-03-28,多摩川,5,2-3-4,65.9
20260328_多摩川_5,2026-03-28,多摩川,5,3-2-4,35.3
20260328_多摩川_5,2026-03-28,多摩川,5,4-2-3,297.7
20260328_多摩川_5,2026-03-28,多摩川,5,5-2-3,210.1
20260328_多摩川_5,2026-03-28,多摩川,5,6-2-3,2445.0
20260328_多摩川_5,2026-03-28,多摩川,5,1-3-5,13.5
20260328_多摩川_5,2026-03-28,多摩川,5,2-3-5,47.0
20260328_多摩川_5,2026-03-28,多摩川,5,3-2-5,22.3
20260328_多摩川_5,2026-03-28,多摩川,5,4-2-5,363.8
20260328_多摩川_5,2026-03-28,多摩川,5,5-2-4,654.3
20260328_多摩川_5,2026-03-28,多摩川,5,6-2-4,3638.0
20260328_多摩川_5,2026-03-28,多摩川,5,1-3-6,65.9
20260328_多摩川_5,2026-03-28,多摩川,5,2-3-6,189.8
20260328_多摩川_5,2026-03-28,多摩川,5,3-2-6,124.2
20260328_多摩川_5,2026-03-28,多摩川,5,4-2-6,687.5
20260328_多摩川_5,2026-03-28,多摩川,5,5-2-6,684.3
20260328_多摩川_5,2026-03-28,多摩川,5,6-2-5,2664.0
20260328_多摩川_5,2026-03-28,多摩川,5,1-4-2,58.7
20260328_多摩川_5,2026-03-28,多摩川,5,2-4-1,200.8
20260328_多摩川_5,2026-03-28,多摩川,5,3-4-1,57.2
20260328_多摩川_5,2026-03-28,多摩川,5,4-3-1,213.1
20260328_多摩川_5,2026-03-28,多摩川,5,5-3-1,200.5
20260328_多摩川_5,2026-03-28,多摩川,5,6-3-1,1639.0
20260328_多摩川_5,2026-03-28,多摩川,5,1-4-3,47.1
20260328_多摩川_5,2026-03-28,多摩川,5,2-4-3,171.6
20260328_多摩川_5,2026-03-28,多摩川,5,3-4-2,73.7
20260328_多摩川_5,2026-03-28,多摩川,5,4-3-2,296.0
20260328_多摩川_5,2026-03-28,多摩川,5,5-3-2,184.1
20260328_多摩川_5,2026-03-28,多摩川,5,6-3-2,2295.0
20260328_多摩川_5,2026-03-28,多摩川,5,1-4-5,82.7
20260328_多摩川_5,2026-03-28,多摩川,5,2-4-5,277.3
20260328_多摩川_5,2026-03-28,多摩川,5,3-4-5,59.7
20260328_多摩川_5,2026-03-28,多摩川,5,4-3-5,226.3
20260328_多摩川_5,2026-03-28,多摩川,5,5-3-4,373.9
20260328_多摩川_5,2026-03-28,多摩川,5,6-3-4,1639.0
20260328_多摩川_5,2026-03-28,多摩川,5,1-4-6,227.7
20260328_多摩川_5,2026-03-28,多摩川,5,2-4-6,654.3
20260328_多摩川_5,2026-03-28,多摩川,5,3-4-6,156.7
20260328_多摩川_5,2026-03-28,多摩川,5,4-3-6,463.3
20260328_多摩川_5,2026-03-28,多摩川,5,5-3-6,540.5
20260328_多摩川_5,2026-03-28,多摩川,5,6-3-5,2131.0
20260328_多摩川_5,2026-03-28,多摩川,5,1-5-2,65.8
20260328_多摩川_5,2026-03-28,多摩川,5,2-5-1,191.0
20260328_多摩川_5,2026-03-28,多摩川,5,3-5-1,43.3
20260328_多摩川_5,2026-03-28,多摩川,5,4-5-1,195.7
20260328_多摩川_5,2026-03-28,多摩川,5,5-4-1,391.5
20260328_多摩川_5,2026-03-28,多摩川,5,6-4-1,2131.0
20260328_多摩川_5,2026-03-28,多摩川,5,1-5-3,48.4
20260328_多摩川_5,2026-03-28,多摩川,5,2-5-3,115.8
20260328_多摩川_5,2026-03-28,多摩川,5,3-5-2,44.1
20260328_多摩川_5,2026-03-28,多摩川,5,4-5-2,279.9
20260328_多摩川_5,2026-03-28,多摩川,5,5-4-2,497.3
20260328_多摩川_5,2026-03-28,多摩川,5,6-4-2,3243.0
20260328_多摩川_5,2026-03-28,多摩川,5,1-5-4,117.5
20260328_多摩川_5,2026-03-28,多摩川,5,2-5-4,300.1
20260328_多摩川_5,2026-03-28,多摩川,5,3-5-4,80.4
20260328_多摩川_5,2026-03-28,多摩川,5,4-5-3,216.2
20260328_多摩川_5,2026-03-28,多摩川,5,5-4-3,382.5
20260328_多摩川_5,2026-03-28,多摩川,5,6-4-3,1963.0
20260328_多摩川_5,2026-03-28,多摩川,5,1-5-6,218.1
20260328_多摩川_5,2026-03-28,多摩川,5,2-5-6,464.7
20260328_多摩川_5,2026-03-28,多摩川,5,3-5-6,130.5
20260328_多摩川_5,2026-03-28,多摩川,5,4-5-6,340.6
20260328_多摩川_5,2026-03-28,多摩川,5,5-4-6,613.9
20260328_多摩川_5,2026-03-28,多摩川,5,6-4-5,3315.0
20260328_多摩川_5,2026-03-28,多摩川,5,1-6-2,411.0
20260328_多摩川_5,2026-03-28,多摩川,5,2-6-1,824.2
20260328_多摩川_5,2026-03-28,多摩川,5,3-6-1,283.6
20260328_多摩川_5,2026-03-28,多摩川,5,4-6-1,833.4
20260328_多摩川_5,2026-03-28,多摩川,5,5-6-1,1089.0
20260328_多摩川_5,2026-03-28,多摩川,5,6-5-1,3044.0
20260328_多摩川_5,2026-03-28,多摩川,5,1-6-3,345.3
20260328_多摩川_5,2026-03-28,多摩川,5,2-6-3,742.2
20260328_多摩川_5,2026-03-28,多摩川,5,3-6-2,369.2
20260328_多摩川_5,2026-03-28,多摩川,5,4-6-2,1233.0
20260328_多摩川_5,2026-03-28,多摩川,5,5-6-2,1491.0
20260328_多摩川_5,2026-03-28,多摩川,5,6-5-2,4032.0
20260328_多摩川_5,2026-03-28,多摩川,5,1-6-4,565.1
20260328_多摩川_5,2026-03-28,多摩川,5,2-6-4,1394.0
20260328_多摩川_5,2026-03-28,多摩川,5,3-6-4,379.6
20260328_多摩川_5,2026-03-28,多摩川,5,4-6-3,968.8
20260328_多摩川_5,2026-03-28,多摩川,5,5-6-3,1058.0
20260328_多摩川_5,2026-03-28,多摩川,5,6-5-3,2445.0
20260328_多摩川_5,2026-03-28,多摩川,5,1-6-5,580.5
20260328_多摩川_5,2026-03-28,多摩川,5,2-6-5,1156.0
20260328_多摩川_5,2026-03-28,多摩川,5,3-6-5,305.1
20260328_多摩川_5,2026-03-28,多摩川,5,4-6-5,761.2
20260328_多摩川_5,2026-03-28,多摩川,5,5-6-4,1604.0
20260328_多摩川_5,2026-03-28,多摩川,5,6-5-4,4262.0
20260328_多摩川_6,2026-03-28,多摩川,6,1-2-3,62.8
20260328_多摩川_6,2026-03-28,多摩川,6,2-1-3,222.1
20260328_多摩川_6,2026-03-28,多摩川,6,3-1-2,64.9
20260328_多摩川_6,2026-03-28,多摩川,6,4-1-2,165.6
20260328_多摩川_6,2026-03-28,多摩川,6,5-1-2,312.1
20260328_多摩川_6,2026-03-28,多摩川,6,6-1-2,396.5
20260328_多摩川_6,2026-03-28,多摩川,6,1-2-4,156.8
20260328_多摩川_6,2026-03-28,多摩川,6,2-1-4,517.4
20260328_多摩川_6,2026-03-28,多摩川,6,3-1-4,30.9
20260328_多摩川_6,2026-03-28,多摩川,6,4-1-3,83.1
20260328_多摩川_6,2026-03-28,多摩川,6,5-1-3,82.3
20260328_多摩川_6,2026-03-28,多摩川,6,6-1-3,61.1
20260328_多摩川_6,2026-03-28,多摩川,6,1-2-5,113.1
20260328_多摩川_6,2026-03-28,多摩川,6,2-1-5,581.0
20260328_多摩川_6,2026-03-28,多摩川,6,3-1-5,13.0
20260328_多摩川_6,2026-03-28,多摩川,6,4-1-5,123.9
20260328_多摩川_6,2026-03-28,多摩川,6,5-1-4,187.4
20260328_多摩川_6,2026-03-28,多摩川,6,6-1-4,168.0
20260328_多摩川_6,2026-03-28,多摩川,6,1-2-6,106.5
20260328_多摩川_6,2026-03-28,多摩川,6,2-1-6,459.2
20260328_多摩川_6,2026-03-28,多摩川,6,3-1-6,14.5
20260328_多摩川_6,2026-03-28,多摩川,6,4-1-6,68.5
20260328_多摩川_6,2026-03-28,多摩川,6,5-1-6,103.7
20260328_多摩川_6,2026-03-28,多摩川,6,6-1-5,179.4
20260328_多摩川_6,2026-03-28,多摩川,6,1-3-2,36.6
20260328_多摩川_6,2026-03-28,多摩川,6,2-3-1,425.5
20260328_多摩川_6,2026-03-28,多摩川,6,3-2-1,181.3
20260328_多摩川_6,2026-03-28,多摩川,6,4-2-1,317.4
20260328_多摩川_6,2026-03-28,多摩川,6,5-2-1,601.9
20260328_多摩川_6,2026-03-28,多摩川,6,6-2-1,1056.0
20260328_多摩川_6,2026-03-28,多摩川,6,1-3-4,27.7
20260328_多摩川_6,2026-03-28,多摩川,6,2-3-4,621.7
20260328_多摩川_6,2026-03-28,多摩川,6,3-2-4,285.0
20260328_多摩川_6,2026-03-28,多摩川,6,4-2-3,388.3
20260328_多摩川_6,2026-03-28,多摩川,6,5-2-3,567.9
20260328_多摩川_6,2026-03-28,多摩川,6,6-2-3,1007.0
20260328_多摩川_6,2026-03-28,多摩川,6,1-3-5,11.6
20260328_多摩川_6,2026-03-28,多摩川,6,2-3-5,574.4
20260328_多摩川_6,2026-03-28,多摩川,6,3-2-5,188.8
20260328_多摩川_6,2026-03-28,多摩川,6,4-2-5,537.6
20260328_多摩川_6,2026-03-28,多摩川,6,5-2-4,1269.0
20260328_多摩川_6,2026-03-28,多摩川,6,6-2-4,1248.0
20260328_多摩川_6,2026-03-28,多摩川,6,1-3-6,14.1
20260328_多摩川_6,2026-03-28,多摩川,6,2-3-6,472.1
20260328_多摩川_6,2026-03-28,多摩川,6,3-2-6,175.6
20260328_多摩川_6,2026-03-28,多摩川,6,4-2-6,272.2
20260328_多摩川_6,2026-03-28,多摩川,6,5-2-6,464.8
20260328_多摩川_6,2026-03-28,多摩川,6,6-2-5,974.7
20260328_多摩川_6,2026-03-28,多摩川,6,1-4-2,157.7
20260328_多摩川_6,2026-03-28,多摩川,6,2-4-1,1102.0
20260328_多摩川_6,2026-03-28,多摩川,6,3-4-1,54.9
20260328_多摩川_6,2026-03-28,多摩川,6,4-3-1,73.0
20260328_多摩川_6,2026-03-28,多摩川,6,5-3-1,79.0
20260328_多摩川_6,2026-03-28,多摩川,6,6-3-1,107.6
20260328_多摩川_6,2026-03-28,多摩川,6,1-4-3,61.5
20260328_多摩川_6,2026-03-28,多摩川,6,2-4-3,1063.0
20260328_多摩川_6,2026-03-28,多摩川,6,3-4-2,201.1
20260328_多摩川_6,2026-03-28,多摩川,6,4-3-2,260.4
20260328_多摩川_6,2026-03-28,多摩川,6,5-3-2,413.9
20260328_多摩川_6,2026-03-28,多摩川,6,6-3-2,590.1
20260328_多摩川_6,2026-03-28,多摩川,6,1-4-5,115.7
20260328_多摩川_6,2026-03-28,多摩川,6,2-4-5,1526.0
20260328_多摩川_6,2026-03-28,多摩川,6,3-4-5,59.5
20260328_多摩川_6,2026-03-28,多摩川,6,4-3-5,113.0
20260328_多摩川_6,2026-03-28,多摩川,6,5-3-4,159.0
20260328_多摩川_6,2026-03-28,多摩川,6,6-3-4,179.0
20260328_多摩川_6,2026-03-28,多摩川,6,1-4-6,67.6
20260328_多摩川_6,2026-03-28,多摩川,6,2-4-6,839.3
20260328_多摩川_6,2026-03-28,多摩川,6,3-4-6,41.9
20260328_多摩川_6,2026-03-28,多摩川,6,4-3-6,62.9
20260328_多摩川_6,2026-03-28,多摩川,6,5-3-6,72.3
20260328_多摩川_6,2026-03-28,多摩川,6,6-3-5,125.5
20260328_多摩川_6,2026-03-28,多摩川,6,1-5-2,103.2
20260328_多摩川_6,2026-03-28,多摩川,6,2-5-1,974.7
20260328_多摩川_6,2026-03-28,多摩川,6,3-5-1,27.1
20260328_多摩川_6,2026-03-28,多摩川,6,4-5-1,126.6
20260328_多摩川_6,2026-03-28,多摩川,6,5-4-1,257.3
20260328_多摩川_6,2026-03-28,多摩川,6,6-4-1,246.4
20260328_多摩川_6,2026-03-28,多摩川,6,1-5-3,26.1
20260328_多摩川_6,2026-03-28,多摩川,6,2-5-3,1027.0
20260328_多摩川_6,2026-03-28,多摩川,6,3-5-2,124.8
20260328_多摩川_6,2026-03-28,多摩川,6,4-5-2,370.3
20260328_多摩川_6,2026-03-28,多摩川,6,5-4-2,619.1
20260328_多摩川_6,2026-03-28,多摩川,6,6-4-2,726.3
20260328_多摩川_6,2026-03-28,多摩川,6,1-5-4,92.0
20260328_多摩川_6,2026-03-28,多摩川,6,2-5-4,1678.0
20260328_多摩川_6,2026-03-28,多摩川,6,3-5-4,51.0
20260328_多摩川_6,2026-03-28,多摩川,6,4-5-3,173.0
20260328_多摩川_6,2026-03-28,多摩川,6,5-4-3,268.8
20260328_多摩川_6,2026-03-28,多摩川,6,6-4-3,234.9
20260328_多摩川_6,2026-03-28,多摩川,6,1-5-6,37.2
20260328_多摩川_6,2026-03-28,多摩川,6,2-5-6,830.1
20260328_多摩川_6,2026-03-28,多摩川,6,3-5-6,21.7
20260328_多摩川_6,2026-03-28,多摩川,6,4-5-6,105.4
20260328_多摩川_6,2026-03-28,多摩川,6,5-4-6,183.3
20260328_多摩川_6,2026-03-28,多摩川,6,6-4-5,291.1
20260328_多摩川_6,2026-03-28,多摩川,6,1-6-2,119.9
20260328_多摩川_6,2026-03-28,多摩川,6,2-6-1,803.6
20260328_多摩川_6,2026-03-28,多摩川,6,3-6-1,34.6
20260328_多摩川_6,2026-03-28,多摩川,6,4-6-1,94.7
20260328_多摩川_6,2026-03-28,多摩川,6,5-6-1,102.2
20260328_多摩川_6,2026-03-28,多摩川,6,6-5-1,199.3
20260328_多摩川_6,2026-03-28,多摩川,6,1-6-3,27.0
20260328_多摩川_6,2026-03-28,多摩川,6,2-6-3,712.6
20260328_多摩川_6,2026-03-28,多摩川,6,3-6-2,132.6
20260328_多摩川_6,2026-03-28,多摩川,6,4-6-2,278.2
20260328_多摩川_6,2026-03-28,多摩川,6,5-6-2,324.9
20260328_多摩川_6,2026-03-28,多摩川,6,6-5-2,674.4
20260328_多摩川_6,2026-03-28,多摩川,6,1-6-4,70.3
20260328_多摩川_6,2026-03-28,多摩川,6,2-6-4,974.7
20260328_多摩川_6,2026-03-28,多摩川,6,3-6-4,44.7
20260328_多摩川_6,2026-03-28,多摩川,6,4-6-3,104.8
20260328_多摩川_6,2026-03-28,多摩川,6,5-6-3,88.2
20260328_多摩川_6,2026-03-28,多摩川,6,6-5-3,165.1
20260328_多摩川_6,2026-03-28,多摩川,6,1-6-5,56.4
20260328_多摩川_6,2026-03-28,多摩川,6,2-6-5,893.9
20260328_多摩川_6,2026-03-28,多摩川,6,3-6-5,31.2
20260328_多摩川_6,2026-03-28,多摩川,6,4-6-5,129.9
20260328_多摩川_6,2026-03-28,多摩川,6,5-6-4,159.8
20260328_多摩川_6,2026-03-28,多摩川,6,6-5-4,292.2
20260328_多摩川_7,2026-03-28,多摩川,7,1-2-3,18.6
20260328_多摩川_7,2026-03-28,多摩川,7,2-1-3,47.3
20260328_多摩川_7,2026-03-28,多摩川,7,3-1-2,312.8
20260328_多摩川_7,2026-03-28,多摩川,7,4-1-2,23.0
20260328_多摩川_7,2026-03-28,多摩川,7,5-1-2,278.1
20260328_多摩川_7,2026-03-28,多摩川,7,6-1-2,674.7
20260328_多摩川_7,2026-03-28,多摩川,7,1-2-4,3.5
20260328_多摩川_7,2026-03-28,多摩川,7,2-1-4,10.1
20260328_多摩川_7,2026-03-28,多摩川,7,3-1-4,419.3
20260328_多摩川_7,2026-03-28,多摩川,7,4-1-3,187.1
20260328_多摩川_7,2026-03-28,多摩川,7,5-1-3,848.9
20260328_多摩川_7,2026-03-28,多摩川,7,6-1-3,2506.0
20260328_多摩川_7,2026-03-28,多摩川,7,1-2-5,14.8
20260328_多摩川_7,2026-03-28,多摩川,7,2-1-5,32.7
20260328_多摩川_7,2026-03-28,多摩川,7,3-1-5,674.7
20260328_多摩川_7,2026-03-28,多摩川,7,4-1-5,42.0
20260328_多摩川_7,2026-03-28,多摩川,7,5-1-4,226.6
20260328_多摩川_7,2026-03-28,多摩川,7,6-1-4,736.1
20260328_多摩川_7,2026-03-28,多摩川,7,1-2-6,33.8
20260328_多摩川_7,2026-03-28,多摩川,7,2-1-6,89.5
20260328_多摩川_7,2026-03-28,多摩川,7,3-1-6,1283.0
20260328_多摩川_7,2026-03-28,多摩川,7,4-1-6,115.0
20260328_多摩川_7,2026-03-28,多摩川,7,5-1-6,632.2
20260328_多摩川_7,2026-03-28,多摩川,7,6-1-5,2193.0
20260328_多摩川_7,2026-03-28,多摩川,7,1-3-2,49.8
20260328_多摩川_7,2026-03-28,多摩川,7,2-3-1,213.9
20260328_多摩川_7,2026-03-28,多摩川,7,3-2-1,481.7
20260328_多摩川_7,2026-03-28,多摩川,7,4-2-1,30.4
20260328_多摩川_7,2026-03-28,多摩川,7,5-2-1,361.7
20260328_多摩川_7,2026-03-28,多摩川,7,6-2-1,899.7
20260328_多摩川_7,2026-03-28,多摩川,7,1-3-4,62.5
20260328_多摩川_7,2026-03-28,多摩川,7,2-3-4,202.6
20260328_多摩川_7,2026-03-28,多摩川,7,3-2-4,535.7
20260328_多摩川_7,2026-03-28,多摩川,7,4-2-3,192.9
20260328_多摩川_7,2026-03-28,多摩川,7,5-2-3,825.6
20260328_多摩川_7,2026-03-28,多摩川,7,6-2-3,2448.0
20260328_多摩川_7,2026-03-28,多摩川,7,1-3-5,126.8
20260328_多摩川_7,2026-03-28,多摩川,7,2-3-5,430.5
20260328_多摩川_7,2026-03-28,多摩川,7,3-2-5,651.8
20260328_多摩川_7,2026-03-28,多摩川,7,4-2-5,57.3
20260328_多摩川_7,2026-03-28,多摩川,7,5-2-4,318.5
20260328_多摩川_7,2026-03-28,多摩川,7,6-2-4,832.1
20260328_多摩川_7,2026-03-28,多摩川,7,1-3-6,271.3
20260328_多摩川_7,2026-03-28,多摩川,7,2-3-6,746.5
20260328_多摩川_7,2026-03-28,多摩川,7,3-2-6,1548.0
20260328_多摩川_7,2026-03-28,多摩川,7,4-2-6,164.2
20260328_多摩川_7,2026-03-28,多摩川,7,5-2-6,979.2
20260328_多摩川_7,2026-03-28,多摩川,7,6-2-5,2699.0
20260328_多摩川_7,2026-03-28,多摩川,7,1-4-2,6.0
20260328_多摩川_7,2026-03-28,多摩川,7,2-4-1,21.6
20260328_多摩川_7,2026-03-28,多摩川,7,3-4-1,681.3
20260328_多摩川_7,2026-03-28,多摩川,7,4-3-1,464.7
20260328_多摩川_7,2026-03-28,多摩川,7,5-3-1,1769.0
20260328_多摩川_7,2026-03-28,多摩川,7,6-3-1,4210.0
20260328_多摩川_7,2026-03-28,多摩川,7,1-4-3,44.3
20260328_多摩川_7,2026-03-28,多摩川,7,2-4-3,135.2
20260328_多摩川_7,2026-03-28,多摩川,7,3-4-2,596.4
20260328_多摩川_7,2026-03-28,多摩川,7,4-3-2,479.5
20260328_多摩川_7,2026-03-28,多摩川,7,5-3-2,1472.0
20260328_多摩川_7,2026-03-28,多摩川,7,6-3-2,2770.0
20260328_多摩川_7,2026-03-28,多摩川,7,1-4-5,21.9
20260328_多摩川_7,2026-03-28,多摩川,7,2-4-5,72.4
20260328_多摩川_7,2026-03-28,多摩川,7,3-4-5,1253.0
20260328_多摩川_7,2026-03-28,多摩川,7,4-3-5,760.0
20260328_多摩川_7,2026-03-28,多摩川,7,5-3-4,2392.0
20260328_多摩川_7,2026-03-28,多摩川,7,6-3-4,4576.0
20260328_多摩川_7,2026-03-28,多摩川,7,1-4-6,52.2
20260328_多摩川_7,2026-03-28,多摩川,7,2-4-6,185.6
20260328_多摩川_7,2026-03-28,多摩川,7,3-4-6,2448.0
20260328_多摩川_7,2026-03-28,多摩川,7,4-3-6,1096.0
20260328_多摩川_7,2026-03-28,多摩川,7,5-3-6,2734.0
20260328_多摩川_7,2026-03-28,多摩川,7,6-3-5,4576.0
20260328_多摩川_7,2026-03-28,多摩川,7,1-5-2,52.1
20260328_多摩川_7,2026-03-28,多摩川,7,2-5-1,150.1
20260328_多摩川_7,2026-03-28,多摩川,7,3-5-1,1307.0
20260328_多摩川_7,2026-03-28,多摩川,7,4-5-1,55.8
20260328_多摩川_7,2026-03-28,多摩川,7,5-4-1,233.9
20260328_多摩川_7,2026-03-28,多摩川,7,6-4-1,993.0
20260328_多摩川_7,2026-03-28,多摩川,7,1-5-3,160.8
20260328_多摩川_7,2026-03-28,多摩川,7,2-5-3,374.6
20260328_多摩川_7,2026-03-28,多摩川,7,3-5-2,907.4
20260328_多摩川_7,2026-03-28,多摩川,7,4-5-2,62.2
20260328_多摩川_7,2026-03-28,多摩川,7,5-4-2,258.9
20260328_多摩川_7,2026-03-28,多摩川,7,6-4-2,1108.0
20260328_多摩川_7,2026-03-28,多摩川,7,1-5-4,66.6
20260328_多摩川_7,2026-03-28,多摩川,7,2-5-4,171.0
20260328_多摩川_7,2026-03-28,多摩川,7,3-5-4,1670.0
20260328_多摩川_7,2026-03-28,多摩川,7,4-5-3,277.0
20260328_多摩川_7,2026-03-28,多摩川,7,5-4-3,1042.0
20260328_多摩川_7,2026-03-28,多摩川,7,6-4-3,2313.0
20260328_多摩川_7,2026-03-28,多摩川,7,1-5-6,266.5
20260328_多摩川_7,2026-03-28,多摩川,7,2-5-6,589.7
20260328_多摩川_7,2026-03-28,多摩川,7,3-5-6,2313.0
20260328_多摩川_7,2026-03-28,多摩川,7,4-5-6,119.1
20260328_多摩川_7,2026-03-28,多摩川,7,5-4-6,548.2
20260328_多摩川_7,2026-03-28,多摩川,7,6-4-5,1739.0
20260328_多摩川_7,2026-03-28,多摩川,7,1-6-2,200.1
20260328_多摩川_7,2026-03-28,多摩川,7,2-6-1,407.2
20260328_多摩川_7,2026-03-28,多摩川,7,3-6-1,3096.0
20260328_多摩川_7,2026-03-28,多摩川,7,4-6-1,319.4
20260328_多摩川_7,2026-03-28,多摩川,7,5-6-1,1376.0
20260328_多摩川_7,2026-03-28,多摩川,7,6-5-1,3142.0
20260328_多摩川_7,2026-03-28,多摩川,7,1-6-3,507.3
20260328_多摩川_7,2026-03-28,多摩川,7,2-6-3,1119.0
20260328_多摩川_7,2026-03-28,多摩川,7,3-6-2,2339.0
20260328_多摩川_7,2026-03-28,多摩川,7,4-6-2,390.6
20260328_多摩川_7,2026-03-28,多摩川,7,5-6-2,1754.0
20260328_多摩川_7,2026-03-28,多摩川,7,6-5-2,3395.0
20260328_多摩川_7,2026-03-28,多摩川,7,1-6-4,215.7
20260328_多摩川_7,2026-03-28,多摩川,7,2-6-4,562.9
20260328_多摩川_7,2026-03-28,多摩川,7,3-6-4,3395.0
20260328_多摩川_7,2026-03-28,多摩川,7,4-6-3,1182.0
20260328_多摩川_7,2026-03-28,多摩川,7,5-6-3,2807.0
20260328_多摩川_7,2026-03-28,多摩川,7,6-5-3,5012.0
20260328_多摩川_7,2026-03-28,多摩川,7,1-6-5,455.7
20260328_多摩川_7,2026-03-28,多摩川,7,2-6-5,983.8
20260328_多摩川_7,2026-03-28,多摩川,7,3-6-5,2448.0
20260328_多摩川_7,2026-03-28,多摩川,7,4-6-5,349.1
20260328_多摩川_7,2026-03-28,多摩川,7,5-6-4,1032.0
20260328_多摩川_7,2026-03-28,多摩川,7,6-5-4,1830.0
20260328_多摩川_8,2026-03-28,多摩川,8,1-2-3,41.7
20260328_多摩川_8,2026-03-28,多摩川,8,2-1-3,190.9
20260328_多摩川_8,2026-03-28,多摩川,8,3-1-2,31.4
20260328_多摩川_8,2026-03-28,多摩川,8,4-1-2,381.0
20260328_多摩川_8,2026-03-28,多摩川,8,5-1-2,398.7
20260328_多摩川_8,2026-03-28,多摩川,8,6-1-2,3328.0
20260328_多摩川_8,2026-03-28,多摩川,8,1-2-4,96.4
20260328_多摩川_8,2026-03-28,多摩川,8,2-1-4,471.3
20260328_多摩川_8,2026-03-28,多摩川,8,3-1-4,7.9
20260328_多摩川_8,2026-03-28,多摩川,8,4-1-3,95.3
20260328_多摩川_8,2026-03-28,多摩川,8,5-1-3,107.2
20260328_多摩川_8,2026-03-28,多摩川,8,6-1-3,2296.0
20260328_多摩川_8,2026-03-28,多摩川,8,1-2-5,125.9
20260328_多摩川_8,2026-03-28,多摩川,8,2-1-5,599.5
20260328_多摩川_8,2026-03-28,多摩川,8,3-1-5,7.6
20260328_多摩川_8,2026-03-28,多摩川,8,4-1-5,145.7
20260328_多摩川_8,2026-03-28,多摩川,8,5-1-4,182.4
20260328_多摩川_8,2026-03-28,多摩川,8,6-1-4,4181.0
20260328_多摩川_8,2026-03-28,多摩川,8,1-2-6,500.2
20260328_多摩川_8,2026-03-28,多摩川,8,2-1-6,1681.0
20260328_多摩川_8,2026-03-28,多摩川,8,3-1-6,127.2
20260328_多摩川_8,2026-03-28,多摩川,8,4-1-6,807.3
20260328_多摩川_8,2026-03-28,多摩川,8,5-1-6,644.5
20260328_多摩川_8,2026-03-28,多摩川,8,6-1-5,3792.0
20260328_多摩川_8,2026-03-28,多摩川,8,1-3-2,23.9
20260328_多摩川_8,2026-03-28,多摩川,8,2-3-1,254.8
20260328_多摩川_8,2026-03-28,多摩川,8,3-2-1,83.5
20260328_多摩川_8,2026-03-28,多摩川,8,4-2-1,671.1
20260328_多摩川_8,2026-03-28,多摩川,8,5-2-1,712.1
20260328_多摩川_8,2026-03-28,多摩川,8,6-2-1,5260.0
20260328_多摩川_8,2026-03-28,多摩川,8,1-3-4,9.8
20260328_多摩川_8,2026-03-28,多摩川,8,2-3-4,328.1
20260328_多摩川_8,2026-03-28,多摩川,8,3-2-4,64.1
20260328_多摩川_8,2026-03-28,多摩川,8,4-2-3,504.8
20260328_多摩川_8,2026-03-28,多摩川,8,5-2-3,468.6
20260328_多摩川_8,2026-03-28,多摩川,8,6-2-3,4077.0
20260328_多摩川_8,2026-03-28,多摩川,8,1-3-5,10.1
20260328_多摩川_8,2026-03-28,多摩川,8,2-3-5,397.7
20260328_多摩川_8,2026-03-28,多摩川,8,3-2-5,67.9
20260328_多摩川_8,2026-03-28,多摩川,8,4-2-5,931.8
20260328_多摩川_8,2026-03-28,多摩川,8,5-2-4,858.3
20260328_多摩川_8,2026-03-28,多摩川,8,6-2-4,5260.0
20260328_多摩川_8,2026-03-28,多摩川,8,1-3-6,185.5
20260328_多摩川_8,2026-03-28,多摩川,8,2-3-6,1418.0
20260328_多摩川_8,2026-03-28,多摩川,8,3-2-6,409.7
20260328_多摩川_8,2026-03-28,多摩川,8,4-2-6,2233.0
20260328_多摩川_8,2026-03-28,多摩川,8,5-2-6,1173.0
20260328_多摩川_8,2026-03-28,多摩川,8,6-2-5,4077.0
20260328_多摩川_8,2026-03-28,多摩川,8,1-4-2,92.8
20260328_多摩川_8,2026-03-28,多摩川,8,2-4-1,751.5
20260328_多摩川_8,2026-03-28,多摩川,8,3-4-1,14.4
20260328_多摩川_8,2026-03-28,多摩川,8,4-3-1,73.8
20260328_多摩川_8,2026-03-28,多摩川,8,5-3-1,76.8
20260328_多摩川_8,2026-03-28,多摩川,8,6-3-1,2630.0
20260328_多摩川_8,2026-03-28,多摩川,8,1-4-3,30.0
20260328_多摩川_8,2026-03-28,多摩川,8,2-4-3,613.0
20260328_多摩川_8,2026-03-28,多摩川,8,3-4-2,38.4
20260328_多摩川_8,2026-03-28,多摩川,8,4-3-2,205.9
20260328_多摩川_8,2026-03-28,多摩川,8,5-3-2,239.1
20260328_多摩川_8,2026-03-28,多摩川,8,6-3-2,3076.0
20260328_多摩川_8,2026-03-28,多摩川,8,1-4-5,57.3
20260328_多摩川_8,2026-03-28,多摩川,8,2-4-5,1080.0
20260328_多摩川_8,2026-03-28,多摩川,8,3-4-5,8.9
20260328_多摩川_8,2026-03-28,多摩川,8,4-3-5,44.6
20260328_多摩川_8,2026-03-28,多摩川,8,5-3-4,102.3
20260328_多摩川_8,2026-03-28,多摩川,8,6-3-4,2013.0
20260328_多摩川_8,2026-03-28,多摩川,8,1-4-6,431.4
20260328_多摩川_8,2026-03-28,多摩川,8,2-4-6,2203.0
20260328_多摩川_8,2026-03-28,多摩川,8,3-4-6,101.5
20260328_多摩川_8,2026-03-28,多摩川,8,4-3-6,439.5
20260328_多摩川_8,2026-03-28,多摩川,8,5-3-6,474.0
20260328_多摩川_8,2026-03-28,多摩川,8,6-3-5,2434.0
20260328_多摩川_8,2026-03-28,多摩川,8,1-5-2,141.8
20260328_多摩川_8,2026-03-28,多摩川,8,2-5-1,964.9
20260328_多摩川_8,2026-03-28,多摩川,8,3-5-1,15.4
20260328_多摩川_8,2026-03-28,多摩川,8,4-5-1,175.3
20260328_多摩川_8,2026-03-28,多摩川,8,5-4-1,204.6
20260328_多摩川_8,2026-03-28,多摩川,8,6-4-1,4530.0
20260328_多摩川_8,2026-03-28,多摩川,8,1-5-3,42.9
20260328_多摩川_8,2026-03-28,多摩川,8,2-5-3,715.2
20260328_多摩川_8,2026-03-28,多摩川,8,3-5-2,43.5
20260328_多摩川_8,2026-03-28,多摩川,8,4-5-2,547.2
20260328_多摩川_8,2026-03-28,多摩川,8,5-4-2,560.4
20260328_多摩川_8,2026-03-28,多摩川,8,6-4-2,4077.0
20260328_多摩川_8,2026-03-28,多摩川,8,1-5-4,90.0
20260328_多摩川_8,2026-03-28,多摩川,8,2-5-4,1140.0
20260328_多摩川_8,2026-03-28,多摩川,8,3-5-4,14.0
20260328_多摩川_8,2026-03-28,多摩川,8,4-5-3,101.2
20260328_多摩川_8,2026-03-28,多摩川,8,5-4-3,146.9
20260328_多摩川_8,2026-03-28,多摩川,8,6-4-3,2588.0
20260328_多摩川_8,2026-03-28,多摩川,8,1-5-6,501.7
20260328_多摩川_8,2026-03-28,多摩川,8,2-5-6,2811.0
20260328_多摩川_8,2026-03-28,多摩川,8,3-5-6,109.5
20260328_多摩川_8,2026-03-28,多摩川,8,4-5-6,1045.0
20260328_多摩川_8,2026-03-28,多摩川,8,5-4-6,926.5
20260328_多摩川_8,2026-03-28,多摩川,8,6-4-5,3076.0
20260328_多摩川_8,2026-03-28,多摩川,8,1-6-2,1116.0
20260328_多摩川_8,2026-03-28,多摩川,8,2-6-1,3328.0
20260328_多摩川_8,2026-03-28,多摩川,8,3-6-1,494.1
20260328_多摩川_8,2026-03-28,多摩川,8,4-6-1,1988.0
20260328_多摩川_8,2026-03-28,多摩川,8,5-6-1,1199.0
20260328_多摩川_8,2026-03-28,多摩川,8,6-5-1,4077.0
20260328_多摩川_8,2026-03-28,多摩川,8,1-6-3,976.5
20260328_多摩川_8,2026-03-28,多摩川,8,2-6-3,1964.0
20260328_多摩川_8,2026-03-28,多摩川,8,3-6-2,608.5
20260328_多摩川_8,2026-03-28,多摩川,8,4-6-2,2912.0
20260328_多摩川_8,2026-03-28,多摩川,8,5-6-2,1469.0
20260328_多摩川_8,2026-03-28,多摩川,8,6-5-2,5623.0
20260328_多摩川_8,2026-03-28,多摩川,8,1-6-4,1443.0
20260328_多摩川_8,2026-03-28,多摩川,8,2-6-4,3328.0
20260328_多摩川_8,2026-03-28,多摩川,8,3-6-4,359.2
20260328_多摩川_8,2026-03-28,多摩川,8,4-6-3,1792.0
20260328_多摩川_8,2026-03-28,多摩川,8,5-6-3,976.5
20260328_多摩川_8,2026-03-28,多摩川,8,6-5-3,3076.0
20260328_多摩川_8,2026-03-28,多摩川,8,1-6-5,1630.0
20260328_多摩川_8,2026-03-28,多摩川,8,2-6-5,3624.0
20260328_多摩川_8,2026-03-28,多摩川,8,3-6-5,328.7
20260328_多摩川_8,2026-03-28,多摩川,8,4-6-5,2434.0
20260328_多摩川_8,2026-03-28,多摩川,8,5-6-4,1382.0
20260328_多摩川_8,2026-03-28,多摩川,8,6-5-4,3882.0
20260328_多摩川_9,2026-03-28,多摩川,9,1-2-3,11.6
20260328_多摩川_9,2026-03-28,多摩川,9,2-1-3,29.4
20260328_多摩川_9,2026-03-28,多摩川,9,3-1-2,160.9
20260328_多摩川_9,2026-03-28,多摩川,9,4-1-2,86.5
20260328_多摩川_9,2026-03-28,多摩川,9,5-1-2,75.1
20260328_多摩川_9,2026-03-28,多摩川,9,6-1-2,216.3
20260328_多摩川_9,2026-03-28,多摩川,9,1-2-4,10.5
20260328_多摩川_9,2026-03-28,多摩川,9,2-1-4,17.6
20260328_多摩川_9,2026-03-28,多摩川,9,3-1-4,288.9
20260328_多摩川_9,2026-03-28,多摩川,9,4-1-3,302.6
20260328_多摩川_9,2026-03-28,多摩川,9,5-1-3,332.1
20260328_多摩川_9,2026-03-28,多摩川,9,6-1-3,678.1
20260328_多摩川_9,2026-03-28,多摩川,9,1-2-5,8.4
20260328_多摩川_9,2026-03-28,多摩川,9,2-1-5,13.5
20260328_多摩川_9,2026-03-28,多摩川,9,3-1-5,366.2
20260328_多摩川_9,2026-03-28,多摩川,9,4-1-5,114.8
20260328_多摩川_9,2026-03-28,多摩川,9,5-1-4,197.4
20260328_多摩川_9,2026-03-28,多摩川,9,6-1-4,510.4
20260328_多摩川_9,2026-03-28,多摩川,9,1-2-6,16.8
20260328_多摩川_9,2026-03-28,多摩川,9,2-1-6,28.5
20260328_多摩川_9,2026-03-28,多摩川,9,3-1-6,371.7
20260328_多摩川_9,2026-03-28,多摩川,9,4-1-6,156.6
20260328_多摩川_9,2026-03-28,多摩川,9,5-1-6,160.6
20260328_多摩川_9,2026-03-28,多摩川,9,6-1-5,501.6
20260328_多摩川_9,2026-03-28,多摩川,9,1-3-2,24.6
20260328_多摩川_9,2026-03-28,多摩川,9,2-3-1,110.4
20260328_多摩川_9,2026-03-28,多摩川,9,3-2-1,265.8
20260328_多摩川_9,2026-03-28,多摩川,9,4-2-1,114.0
20260328_多摩川_9,2026-03-28,多摩川,9,5-2-1,85.7
20260328_多摩川_9,2026-03-28,多摩川,9,6-2-1,318.4
20260328_多摩川_9,2026-03-28,多摩川,9,1-3-4,51.0
20260328_多摩川_9,2026-03-28,多摩川,9,2-3-4,116.2
20260328_多摩川_9,2026-03-28,多摩川,9,3-2-4,472.5
20260328_多摩川_9,2026-03-28,多摩川,9,4-2-3,328.4
20260328_多摩川_9,2026-03-28,多摩川,9,5-2-3,330.6
20260328_多摩川_9,2026-03-28,多摩川,9,6-2-3,945.0
20260328_多摩川_9,2026-03-28,多摩川,9,1-3-5,57.9
20260328_多摩川_9,2026-03-28,多摩川,9,2-3-5,118.0
20260328_多摩川_9,2026-03-28,多摩川,9,3-2-5,387.5
20260328_多摩川_9,2026-03-28,多摩川,9,4-2-5,102.9
20260328_多摩川_9,2026-03-28,多摩川,9,5-2-4,203.1
20260328_多摩川_9,2026-03-28,多摩川,9,6-2-4,548.6
20260328_多摩川_9,2026-03-28,多摩川,9,1-3-6,65.4
20260328_多摩川_9,2026-03-28,多摩川,9,2-3-6,170.7
20260328_多摩川_9,2026-03-28,多摩川,9,3-2-6,443.9
20260328_多摩川_9,2026-03-28,多摩川,9,4-2-6,141.9
20260328_多摩川_9,2026-03-28,多摩川,9,5-2-6,193.7
20260328_多摩川_9,2026-03-28,多摩川,9,6-2-5,651.0
20260328_多摩川_9,2026-03-28,多摩川,9,1-4-2,27.2
20260328_多摩川_9,2026-03-28,多摩川,9,2-4-1,40.2
20260328_多摩川_9,2026-03-28,多摩川,9,3-4-1,642.4
20260328_多摩川_9,2026-03-28,多摩川,9,4-3-1,766.9
20260328_多摩川_9,2026-03-28,多摩川,9,5-3-1,565.5
20260328_多摩川_9,2026-03-28,多摩川,9,6-3-1,1162.0
20260328_多摩川_9,2026-03-28,多摩川,9,1-4-3,66.5
20260328_多摩川_9,2026-03-28,多摩川,9,2-4-3,92.8
20260328_多摩川_9,2026-03-28,多摩川,9,3-4-2,704.2
20260328_多摩川_9,2026-03-28,多摩川,9,4-3-2,804.8
20260328_多摩川_9,2026-03-28,多摩川,9,5-3-2,636.9
20260328_多摩川_9,2026-03-28,多摩川,9,6-3-2,1369.0
20260328_多摩川_9,2026-03-28,多摩川,9,1-4-5,48.2
20260328_多摩川_9,2026-03-28,多摩川,9,2-4-5,36.8
20260328_多摩川_9,2026-03-28,多摩川,9,3-4-5,939.0
20260328_多摩川_9,2026-03-28,多摩川,9,4-3-5,1135.0
20260328_多摩川_9,2026-03-28,多摩川,9,5-3-4,1296.0
20260328_多摩川_9,2026-03-28,多摩川,9,6-3-4,2441.0
20260328_多摩川_9,2026-03-28,多摩川,9,1-4-6,73.8
20260328_多摩川_9,2026-03-28,多摩川,9,2-4-6,57.2
20260328_多摩川_9,2026-03-28,多摩川,9,3-4-6,1077.0
20260328_多摩川_9,2026-03-28,多摩川,9,4-3-6,921.3
20260328_多摩川_9,2026-03-28,多摩川,9,5-3-6,861.6
20260328_多摩川_9,2026-03-28,多摩川,9,6-3-5,2006.0
20260328_多摩川_9,2026-03-28,多摩川,9,1-5-2,24.1
20260328_多摩川_9,2026-03-28,多摩川,9,2-5-1,34.5
20260328_多摩川_9,2026-03-28,多摩川,9,3-5-1,550.7
20260328_多摩川_9,2026-03-28,多摩川,9,4-5-1,130.9
20260328_多摩川_9,2026-03-28,多摩川,9,5-4-1,219.9
20260328_多摩川_9,2026-03-28,多摩川,9,6-4-1,856.6
20260328_多摩川_9,2026-03-28,多摩川,9,1-5-3,76.1
20260328_多摩川_9,2026-03-28,多摩川,9,2-5-3,115.0
20260328_多摩川_9,2026-03-28,多摩川,9,3-5-2,572.2
20260328_多摩川_9,2026-03-28,多摩川,9,4-5-2,109.6
20260328_多摩川_9,2026-03-28,多摩川,9,5-4-2,222.2
20260328_多摩川_9,2026-03-28,多摩川,9,6-4-2,631.4
20260328_多摩川_9,2026-03-28,多摩川,9,1-5-4,65.7
20260328_多摩川_9,2026-03-28,多摩川,9,2-5-4,56.3
20260328_多摩川_9,2026-03-28,多摩川,9,3-5-4,877.1
20260328_多摩川_9,2026-03-28,多摩川,9,4-5-3,498.2
20260328_多摩川_9,2026-03-28,多摩川,9,5-4-3,791.8
20260328_多摩川_9,2026-03-28,多摩川,9,6-4-3,2063.0
20260328_多摩川_9,2026-03-28,多摩川,9,1-5-6,61.4
20260328_多摩川_9,2026-03-28,多摩川,9,2-5-6,73.2
20260328_多摩川_9,2026-03-28,多摩川,9,3-5-6,837.0
20260328_多摩川_9,2026-03-28,多摩川,9,4-5-6,122.3
20260328_多摩川_9,2026-03-28,多摩川,9,5-4-6,243.7
20260328_多摩川_9,2026-03-28,多摩川,9,6-4-5,856.6
20260328_多摩川_9,2026-03-28,多摩川,9,1-6-2,47.1
20260328_多摩川_9,2026-03-28,多摩川,9,2-6-1,120.6
20260328_多摩川_9,2026-03-28,多摩川,9,3-6-1,659.8
20260328_多摩川_9,2026-03-28,多摩川,9,4-6-1,252.1
20260328_多摩川_9,2026-03-28,多摩川,9,5-6-1,266.8
20260328_多摩川_9,2026-03-28,多摩川,9,6-5-1,639.6
20260328_多摩川_9,2026-03-28,多摩川,9,1-6-3,132.0
20260328_多摩川_9,2026-03-28,多摩川,9,2-6-3,272.2
20260328_多摩川_9,2026-03-28,多摩川,9,3-6-2,751.2
20260328_多摩川_9,2026-03-28,多摩川,9,4-6-2,209.5
20260328_多摩川_9,2026-03-28,多摩川,9,5-6-2,325.5
20260328_多摩川_9,2026-03-28,多摩川,9,6-5-2,721.6
20260328_多摩川_9,2026-03-28,多摩川,9,1-6-4,110.8
20260328_多摩川_9,2026-03-28,多摩川,9,2-6-4,137.6
20260328_多摩川_9,2026-03-28,多摩川,9,3-6-4,1024.0
20260328_多摩川_9,2026-03-28,多摩川,9,4-6-3,659.8
20260328_多摩川_9,2026-03-28,多摩川,9,5-6-3,743.5
20260328_多摩川_9,2026-03-28,多摩川,9,6-5-3,2034.0
20260328_多摩川_9,2026-03-28,多摩川,9,1-6-5,118.8
20260328_多摩川_9,2026-03-28,多摩川,9,2-6-5,145.6
20260328_多摩川_9,2026-03-28,多摩川,9,3-6-5,927.1
20260328_多摩川_9,2026-03-28,多摩川,9,4-6-5,217.9
20260328_多摩川_9,2026-03-28,多摩川,9,5-6-4,438.5
20260328_多摩川_9,2026-03-28,多摩川,9,6-5-4,1109.0
20260328_多摩川_10,2026-03-28,多摩川,10,1-2-3,17.2
20260328_多摩川_10,2026-03-28,多摩川,10,2-1-3,220.5
20260328_多摩川_10,2026-03-28,多摩川,10,3-1-2,125.8
20260328_多摩川_10,2026-03-28,多摩川,10,4-1-2,416.0
20260328_多摩川_10,2026-03-28,多摩川,10,5-1-2,66.0
20260328_多摩川_10,2026-03-28,多摩川,10,6-1-2,336.8
20260328_多摩川_10,2026-03-28,多摩川,10,1-2-4,28.9
20260328_多摩川_10,2026-03-28,多摩川,10,2-1-4,285.3
20260328_多摩川_10,2026-03-28,多摩川,10,3-1-4,85.0
20260328_多摩川_10,2026-03-28,多摩川,10,4-1-3,364.6
20260328_多摩川_10,2026-03-28,多摩川,10,5-1-3,47.6
20260328_多摩川_10,2026-03-28,多摩川,10,6-1-3,208.8
20260328_多摩川_10,2026-03-28,多摩川,10,1-2-5,22.6
20260328_多摩川_10,2026-03-28,多摩川,10,2-1-5,213.8
20260328_多摩川_10,2026-03-28,多摩川,10,3-1-5,46.2
20260328_多摩川_10,2026-03-28,多摩川,10,4-1-5,167.2
20260328_多摩川_10,2026-03-28,多摩川,10,5-1-4,46.2
20260328_多摩川_10,2026-03-28,多摩川,10,6-1-4,352.3
20260328_多摩川_10,2026-03-28,多摩川,10,1-2-6,57.8
20260328_多摩川_10,2026-03-28,多摩川,10,2-1-6,411.9
20260328_多摩川_10,2026-03-28,多摩川,10,3-1-6,117.6
20260328_多摩川_10,2026-03-28,多摩川,10,4-1-6,282.5
20260328_多摩川_10,2026-03-28,多摩川,10,5-1-6,31.2
20260328_多摩川_10,2026-03-28,多摩川,10,6-1-5,104.5
20260328_多摩川_10,2026-03-28,多摩川,10,1-3-2,14.2
20260328_多摩川_10,2026-03-28,多摩川,10,2-3-1,506.2
20260328_多摩川_10,2026-03-28,多摩川,10,3-2-1,405.0
20260328_多摩川_10,2026-03-28,多摩川,10,4-2-1,750.3
20260328_多摩川_10,2026-03-28,多摩川,10,5-2-1,254.6
20260328_多摩川_10,2026-03-28,多摩川,10,6-2-1,596.0
20260328_多摩川_10,2026-03-28,多摩川,10,1-3-4,12.6
20260328_多摩川_10,2026-03-28,多摩川,10,2-3-4,1334.0
20260328_多摩川_10,2026-03-28,多摩川,10,3-2-4,774.5
20260328_多摩川_10,2026-03-28,多摩川,10,4-2-3,1377.0
20260328_多摩川_10,2026-03-28,多摩川,10,5-2-3,514.0
20260328_多摩川_10,2026-03-28,多摩川,10,6-2-3,2049.0
20260328_多摩川_10,2026-03-28,多摩川,10,1-3-5,6.8
20260328_多摩川_10,2026-03-28,多摩川,10,2-3-5,1120.0
20260328_多摩川_10,2026-03-28,多摩川,10,3-2-5,507.8
20260328_多摩川_10,2026-03-28,多摩川,10,4-2-5,870.9
20260328_多摩川_10,2026-03-28,多摩川,10,5-2-4,636.6
20260328_多摩川_10,2026-03-28,多摩川,10,6-2-4,1167.0
20260328_多摩川_10,2026-03-28,多摩川,10,1-3-6,22.5
20260328_多摩川_10,2026-03-28,多摩川,10,2-3-6,1528.0
20260328_多摩川_10,2026-03-28,多摩川,10,3-2-6,785.4
20260328_多摩川_10,2026-03-28,多摩川,10,4-2-6,1226.0
20260328_多摩川_10,2026-03-28,多摩川,10,5-2-6,335.5
20260328_多摩川_10,2026-03-28,多摩川,10,6-2-5,1000.0
20260328_多摩川_10,2026-03-28,多摩川,10,1-4-2,38.6
20260328_多摩川_10,2026-03-28,多摩川,10,2-4-1,727.6
20260328_多摩川_10,2026-03-28,多摩川,10,3-4-1,311.2
20260328_多摩川_10,2026-03-28,多摩川,10,4-3-1,613.4
20260328_多摩川_10,2026-03-28,多摩川,10,5-3-1,108.0
20260328_多摩川_10,2026-03-28,多摩川,10,6-3-1,396.4
20260328_多摩川_10,2026-03-28,多摩川,10,1-4-3,30.4
20260328_多摩川_10,2026-03-28,多摩川,10,2-4-3,1647.0
20260328_多摩川_10,2026-03-28,多摩川,10,3-4-2,853.2
20260328_多摩川_10,2026-03-28,多摩川,10,4-3-2,2182.0
20260328_多摩川_10,2026-03-28,多摩川,10,5-3-2,465.6
20260328_多摩川_10,2026-03-28,多摩川,10,6-3-2,1631.0
20260328_多摩川_10,2026-03-28,多摩川,10,1-4-5,23.7
20260328_多摩川_10,2026-03-28,多摩川,10,2-4-5,1077.0
20260328_多摩川_10,2026-03-28,多摩川,10,3-4-5,368.6
20260328_多摩川_10,2026-03-28,多摩川,10,4-3-5,928.6
20260328_多摩川_10,2026-03-28,多摩川,10,5-3-4,371.0
20260328_多摩川_10,2026-03-28,多摩川,10,6-3-4,1389.0
20260328_多摩川_10,2026-03-28,多摩川,10,1-4-6,45.7
20260328_多摩川_10,2026-03-28,多摩川,10,2-4-6,1910.0
20260328_多摩川_10,2026-03-28,多摩川,10,3-4-6,724.5
20260328_多摩川_10,2026-03-28,多摩川,10,4-3-6,1063.0
20260328_多摩川_10,2026-03-28,多摩川,10,5-3-6,168.7
20260328_多摩川_10,2026-03-28,多摩川,10,6-3-5,517.1
20260328_多摩川_10,2026-03-28,多摩川,10,1-5-2,20.6
20260328_多摩川_10,2026-03-28,多摩川,10,2-5-1,448.2
20260328_多摩川_10,2026-03-28,多摩川,10,3-5-1,109.4
20260328_多摩川_10,2026-03-28,多摩川,10,4-5-1,217.7
20260328_多摩川_10,2026-03-28,多摩川,10,5-4-1,122.3
20260328_多摩川_10,2026-03-28,多摩川,10,6-4-1,654.0
20260328_多摩川_10,2026-03-28,多摩川,10,1-5-3,11.6
20260328_多摩川_10,2026-03-28,多摩川,10,2-5-3,1209.0
20260328_多摩川_10,2026-03-28,多摩川,10,3-5-2,380.2
20260328_多摩川_10,2026-03-28,多摩川,10,4-5-2,587.7
20260328_多摩川_10,2026-03-28,多摩川,10,5-4-2,518.7
20260328_多摩川_10,2026-03-28,多摩川,10,6-4-2,1209.0
20260328_多摩川_10,2026-03-28,多摩川,10,1-5-4,19.5
20260328_多摩川_10,2026-03-28,多摩川,10,2-5-4,928.6
20260328_多摩川_10,2026-03-28,多摩川,10,3-5-4,302.8
20260328_多摩川_10,2026-03-28,多摩川,10,4-5-3,613.4
20260328_多摩川_10,2026-03-28,多摩川,10,5-4-3,420.2
20260328_多摩川_10,2026-03-28,多摩川,10,6-4-3,1847.0
20260328_多摩川_10,2026-03-28,多摩川,10,1-5-6,14.5
20260328_多摩川_10,2026-03-28,多摩川,10,2-5-6,1175.0
20260328_多摩川_10,2026-03-28,多摩川,10,3-5-6,225.9
20260328_多摩川_10,2026-03-28,多摩川,10,4-5-6,301.2
20260328_多摩川_10,2026-03-28,多摩川,10,5-4-6,186.9
20260328_多摩川_10,2026-03-28,多摩川,10,6-4-5,639.1
20260328_多摩川_10,2026-03-28,多摩川,10,1-6-2,100.5
20260328_多摩川_10,2026-03-28,多摩川,10,2-6-1,1412.0
20260328_多摩川_10,2026-03-28,多摩川,10,3-6-1,406.9
20260328_多摩川_10,2026-03-28,多摩川,10,4-6-1,598.1
20260328_多摩川_10,2026-03-28,多摩川,10,5-6-1,57.5
20260328_多摩川_10,2026-03-28,多摩川,10,6-5-1,101.3
20260328_多摩川_10,2026-03-28,多摩川,10,1-6-3,60.0
20260328_多摩川_10,2026-03-28,多摩川,10,2-6-3,2025.0
20260328_多摩川_10,2026-03-28,多摩川,10,3-6-2,1344.0
20260328_多摩川_10,2026-03-28,多摩川,10,4-6-2,1487.0
20260328_多摩川_10,2026-03-28,多摩川,10,5-6-2,214.3
20260328_多摩川_10,2026-03-28,多摩川,10,6-5-2,447.0
20260328_多摩川_10,2026-03-28,多摩川,10,1-6-4,70.3
20260328_多摩川_10,2026-03-28,多摩川,10,2-6-4,2154.0
20260328_多摩川_10,2026-03-28,多摩川,10,3-6-4,875.4
20260328_多摩川_10,2026-03-28,多摩川,10,4-6-3,1209.0
20260328_多摩川_10,2026-03-28,多摩川,10,5-6-3,135.7
20260328_多摩川_10,2026-03-28,多摩川,10,6-5-3,278.7
20260328_多摩川_10,2026-03-28,多摩川,10,1-6-5,27.9
20260328_多摩川_10,2026-03-28,多摩川,10,2-6-5,1697.0
20260328_多摩川_10,2026-03-28,多摩川,10,3-6-5,497.3
20260328_多摩川_10,2026-03-28,多摩川,10,4-6-5,547.5
20260328_多摩川_10,2026-03-28,多摩川,10,5-6-4,157.0
20260328_多摩川_10,2026-03-28,多摩川,10,6-5-4,402.1
20260328_多摩川_11,2026-03-28,多摩川,11,1-2-3,7.5
20260328_多摩川_11,2026-03-28,多摩川,11,2-1-3,46.8
20260328_多摩川_11,2026-03-28,多摩川,11,3-1-2,245.3
20260328_多摩川_11,2026-03-28,多摩川,11,4-1-2,144.7
20260328_多摩川_11,2026-03-28,多摩川,11,5-1-2,46.2
20260328_多摩川_11,2026-03-28,多摩川,11,6-1-2,451.4
20260328_多摩川_11,2026-03-28,多摩川,11,1-2-4,12.4
20260328_多摩川_11,2026-03-28,多摩川,11,2-1-4,52.1
20260328_多摩川_11,2026-03-28,多摩川,11,3-1-4,358.3
20260328_多摩川_11,2026-03-28,多摩川,11,4-1-3,328.4
20260328_多摩川_11,2026-03-28,多摩川,11,5-1-3,115.7
20260328_多摩川_11,2026-03-28,多摩川,11,6-1-3,1448.0
20260328_多摩川_11,2026-03-28,多摩川,11,1-2-5,6.1
20260328_多摩川_11,2026-03-28,多摩川,11,2-1-5,24.8
20260328_多摩川_11,2026-03-28,多摩川,11,3-1-5,202.2
20260328_多摩川_11,2026-03-28,多摩川,11,4-1-5,114.5
20260328_多摩川_11,2026-03-28,多摩川,11,5-1-4,94.4
20260328_多摩川_11,2026-03-28,多摩川,11,6-1-4,1086.0
20260328_多摩川_11,2026-03-28,多摩川,11,1-2-6,19.4
20260328_多摩川_11,2026-03-28,多摩川,11,2-1-6,53.8
20260328_多摩川_11,2026-03-28,多摩川,11,3-1-6,503.7
20260328_多摩川_11,2026-03-28,多摩川,11,4-1-6,233.5
20260328_多摩川_11,2026-03-28,多摩川,11,5-1-6,92.1
20260328_多摩川_11,2026-03-28,多摩川,11,6-1-5,554.6
20260328_多摩川_11,2026-03-28,多摩川,11,1-3-2,15.3
20260328_多摩川_11,2026-03-28,多摩川,11,2-3-1,217.4
20260328_多摩川_11,2026-03-28,多摩川,11,3-2-1,391.2
20260328_多摩川_11,2026-03-28,多摩川,11,4-2-1,232.7
20260328_多摩川_11,2026-03-28,多摩川,11,5-2-1,86.7
20260328_多摩川_11,2026-03-28,多摩川,11,6-2-1,554.6
20260328_多摩川_11,2026-03-28,多摩川,11,1-3-4,28.1
20260328_多摩川_11,2026-03-28,多摩川,11,2-3-4,377.8
20260328_多摩川_11,2026-03-28,多摩川,11,3-2-4,786.9
20260328_多摩川_11,2026-03-28,多摩川,11,4-2-3,858.2
20260328_多摩川_11,2026-03-28,多摩川,11,5-2-3,354.6
20260328_多摩川_11,2026-03-28,多摩川,11,6-2-3,3112.0
20260328_多摩川_11,2026-03-28,多摩川,11,1-3-5,20.3
20260328_多摩川_11,2026-03-28,多摩川,11,2-3-5,227.9
20260328_多摩川_11,2026-03-28,多摩川,11,3-2-5,433.5
20260328_多摩川_11,2026-03-28,多摩川,11,4-2-5,298.7
20260328_多摩川_11,2026-03-28,多摩川,11,5-2-4,270.4
20260328_多摩川_11,2026-03-28,多摩川,11,6-2-4,2085.0
20260328_多摩川_11,2026-03-28,多摩川,11,1-3-6,60.1
20260328_多摩川_11,2026-03-28,多摩川,11,2-3-6,501.3
20260328_多摩川_11,2026-03-28,多摩川,11,3-2-6,943.6
20260328_多摩川_11,2026-03-28,多摩川,11,4-2-6,533.3
20260328_多摩川_11,2026-03-28,多摩川,11,5-2-6,214.5
20260328_多摩川_11,2026-03-28,多摩川,11,6-2-5,750.1
20260328_多摩川_11,2026-03-28,多摩川,11,1-4-2,28.8
20260328_多摩川_11,2026-03-28,多摩川,11,2-4-1,169.2
20260328_多摩川_11,2026-03-28,多摩川,11,3-4-1,679.3
20260328_多摩川_11,2026-03-28,多摩川,11,4-3-1,630.0
20260328_多摩川_11,2026-03-28,多摩川,11,5-3-1,323.3
20260328_多摩川_11,2026-03-28,多摩川,11,6-3-1,2044.0
20260328_多摩川_11,2026-03-28,多摩川,11,1-4-3,45.7
20260328_多摩川_11,2026-03-28,多摩川,11,2-4-3,399.5
20260328_多摩川_11,2026-03-28,多摩川,11,3-4-2,1086.0
20260328_多摩川_11,2026-03-28,多摩川,11,4-3-2,1219.0
20260328_多摩川_11,2026-03-28,多摩川,11,5-3-2,613.3
20260328_多摩川_11,2026-03-28,多摩川,11,6-3-2,3363.0
20260328_多摩川_11,2026-03-28,多摩川,11,1-4-5,29.8
20260328_多摩川_11,2026-03-28,多摩川,11,2-4-5,211.9
20260328_多摩川_11,2026-03-28,多摩川,11,3-4-5,922.8
20260328_多摩川_11,2026-03-28,多摩川,11,4-3-5,830.8
20260328_多摩川_11,2026-03-28,多摩川,11,5-3-4,789.9
20260328_多摩川_11,2026-03-28,多摩川,11,6-3-4,2317.0
20260328_多摩川_11,2026-03-28,多摩川,11,1-4-6,61.6
20260328_多摩川_11,2026-03-28,多摩川,11,2-4-6,363.9
20260328_多摩川_11,2026-03-28,多摩川,11,3-4-6,1533.0
20260328_多摩川_11,2026-03-28,多摩川,11,4-3-6,1248.0
20260328_多摩川_11,2026-03-28,多摩川,11,5-3-6,879.9
20260328_多摩川_11,2026-03-28,多摩川,11,6-3-5,2818.0
20260328_多摩川_11,2026-03-28,多摩川,11,1-5-2,11.9
20260328_多摩川_11,2026-03-28,多摩川,11,2-5-1,71.4
20260328_多摩川_11,2026-03-28,多摩川,11,3-5-1,404.1
20260328_多摩川_11,2026-03-28,多摩川,11,4-5-1,121.8
20260328_多摩川_11,2026-03-28,多摩川,11,5-4-1,147.8
20260328_多摩川_11,2026-03-28,多摩川,11,6-4-1,1263.0
20260328_多摩川_11,2026-03-28,多摩川,11,1-5-3,23.9
20260328_多摩川_11,2026-03-28,多摩川,11,2-5-3,181.1
20260328_多摩川_11,2026-03-28,多摩川,11,3-5-2,483.8
20260328_多摩川_11,2026-03-28,多摩川,11,4-5-2,203.2
20260328_多摩川_11,2026-03-28,多摩川,11,5-4-2,230.1
20260328_多摩川_11,2026-03-28,多摩川,11,6-4-2,2085.0
20260328_多摩川_11,2026-03-28,多摩川,11,1-5-4,28.3
20260328_多摩川_11,2026-03-28,多摩川,11,2-5-4,227.4
20260328_多摩川_11,2026-03-28,多摩川,11,3-5-4,906.7
20260328_多摩川_11,2026-03-28,多摩川,11,4-5-3,491.8
20260328_多摩川_11,2026-03-28,多摩川,11,5-4-3,633.9
20260328_多摩川_11,2026-03-28,多摩川,11,6-4-3,2780.0
20260328_多摩川_11,2026-03-28,多摩川,11,1-5-6,25.8
20260328_多摩川_11,2026-03-28,多摩川,11,2-5-6,146.4
20260328_多摩川_11,2026-03-28,多摩川,11,3-5-6,965.5
20260328_多摩川_11,2026-03-28,多摩川,11,4-5-6,192.5
20260328_多摩川_11,2026-03-28,多摩川,11,5-4-6,241.6
20260328_多摩川_11,2026-03-28,多摩川,11,6-4-5,1845.0
20260328_多摩川_11,2026-03-28,多摩川,11,1-6-2,70.0
20260328_多摩川_11,2026-03-28,多摩川,11,2-6-1,320.3
20260328_多摩川_11,2026-03-28,多摩川,11,3-6-1,1642.0
20260328_多摩川_11,2026-03-28,多摩川,11,4-6-1,482.7
20260328_多摩川_11,2026-03-28,多摩川,11,5-6-1,226.6
20260328_多摩川_11,2026-03-28,多摩川,11,6-5-1,557.6
20260328_多摩川_11,2026-03-28,多摩川,11,1-6-3,161.9
20260328_多摩川_11,2026-03-28,多摩川,11,2-6-3,1042.0
20260328_多摩川_11,2026-03-28,多摩川,11,3-6-2,2172.0
20260328_多摩川_11,2026-03-28,多摩川,11,4-6-2,672.7
20260328_多摩川_11,2026-03-28,多摩川,11,5-6-2,252.4
20260328_多摩川_11,2026-03-28,多摩川,11,6-5-2,688.2
20260328_多摩川_11,2026-03-28,多摩川,11,1-6-4,147.1
20260328_多摩川_11,2026-03-28,多摩川,11,2-6-4,1037.0
20260328_多摩川_11,2026-03-28,多摩川,11,3-6-4,1511.0
20260328_多摩川_11,2026-03-28,多摩川,11,4-6-3,1345.0
20260328_多摩川_11,2026-03-28,多摩川,11,5-6-3,772.4
20260328_多摩川_11,2026-03-28,多摩川,11,6-5-3,2266.0
20260328_多摩川_11,2026-03-28,多摩川,11,1-6-5,75.8
20260328_多摩川_11,2026-03-28,多摩川,11,2-6-5,386.2
20260328_多摩川_11,2026-03-28,多摩川,11,3-6-5,1533.0
20260328_多摩川_11,2026-03-28,多摩川,11,4-6-5,557.6
20260328_多摩川_11,2026-03-28,多摩川,11,5-6-4,592.4
20260328_多摩川_11,2026-03-28,多摩川,11,6-5-4,1428.0
20260328_多摩川_12,2026-03-28,多摩川,12,1-2-3,24.5
20260328_多摩川_12,2026-03-28,多摩川,12,2-1-3,157.4
20260328_多摩川_12,2026-03-28,多摩川,12,3-1-2,127.3
20260328_多摩川_12,2026-03-28,多摩川,12,4-1-2,40.7
20260328_多摩川_12,2026-03-28,多摩川,12,5-1-2,116.7
20260328_多摩川_12,2026-03-28,多摩川,12,6-1-2,838.3
20260328_多摩川_12,2026-03-28,多摩川,12,1-2-4,14.3
20260328_多摩川_12,2026-03-28,多摩川,12,2-1-4,89.3
20260328_多摩川_12,2026-03-28,多摩川,12,3-1-4,72.3
20260328_多摩川_12,2026-03-28,多摩川,12,4-1-3,60.2
20260328_多摩川_12,2026-03-28,多摩川,12,5-1-3,127.9
20260328_多摩川_12,2026-03-28,多摩川,12,6-1-3,909.1
20260328_多摩川_12,2026-03-28,多摩川,12,1-2-5,29.2
20260328_多摩川_12,2026-03-28,多摩川,12,2-1-5,151.4
20260328_多摩川_12,2026-03-28,多摩川,12,3-1-5,89.4
20260328_多摩川_12,2026-03-28,多摩川,12,4-1-5,24.3
20260328_多摩川_12,2026-03-28,多摩川,12,5-1-4,67.1
20260328_多摩川_12,2026-03-28,多摩川,12,6-1-4,434.2
20260328_多摩川_12,2026-03-28,多摩川,12,1-2-6,59.5
20260328_多摩川_12,2026-03-28,多摩川,12,2-1-6,228.3
20260328_多摩川_12,2026-03-28,多摩川,12,3-1-6,115.1
20260328_多摩川_12,2026-03-28,多摩川,12,4-1-6,46.9
20260328_多摩川_12,2026-03-28,多摩川,12,5-1-6,79.7
20260328_多摩川_12,2026-03-28,多摩川,12,6-1-5,568.0
20260328_多摩川_12,2026-03-28,多摩川,12,1-3-2,29.2
20260328_多摩川_12,2026-03-28,多摩川,12,2-3-1,334.6
20260328_多摩川_12,2026-03-28,多摩川,12,3-2-1,210.7
20260328_多摩川_12,2026-03-28,多摩川,12,4-2-1,93.0
20260328_多摩川_12,2026-03-28,多摩川,12,5-2-1,259.4
20260328_多摩川_12,2026-03-28,多摩川,12,6-2-1,1208.0
20260328_多摩川_12,2026-03-28,多摩川,12,1-3-4,15.8
20260328_多摩川_12,2026-03-28,多摩川,12,2-3-4,296.3
20260328_多摩川_12,2026-03-28,多摩川,12,3-2-4,316.3
20260328_多摩川_12,2026-03-28,多摩川,12,4-2-3,212.1
20260328_多摩川_12,2026-03-28,多摩川,12,5-2-3,449.5
20260328_多摩川_12,2026-03-28,多摩川,12,6-2-3,2253.0
20260328_多摩川_12,2026-03-28,多摩川,12,1-3-5,31.2
20260328_多摩川_12,2026-03-28,多摩川,12,2-3-5,405.5
20260328_多摩川_12,2026-03-28,多摩川,12,3-2-5,393.3
20260328_多摩川_12,2026-03-28,多摩川,12,4-2-5,91.8
20260328_多摩川_12,2026-03-28,多摩川,12,5-2-4,241.6
20260328_多摩川_12,2026-03-28,多摩川,12,6-2-4,1609.0
20260328_多摩川_12,2026-03-28,多摩川,12,1-3-6,40.4
20260328_多摩川_12,2026-03-28,多摩川,12,2-3-6,479.3
20260328_多摩川_12,2026-03-28,多摩川,12,3-2-6,405.8
20260328_多摩川_12,2026-03-28,多摩川,12,4-2-6,153.1
20260328_多摩川_12,2026-03-28,多摩川,12,5-2-6,274.7
20260328_多摩川_12,2026-03-28,多摩川,12,6-2-5,1821.0
20260328_多摩川_12,2026-03-28,多摩川,12,1-4-2,13.8
20260328_多摩川_12,2026-03-28,多摩川,12,2-4-1,145.2
20260328_多摩川_12,2026-03-28,多摩川,12,3-4-1,142.7
20260328_多摩川_12,2026-03-28,多摩川,12,4-3-1,142.3
20260328_多摩川_12,2026-03-28,多摩川,12,5-3-1,271.4
20260328_多摩川_12,2026-03-28,多摩川,12,6-3-1,1442.0
20260328_多摩川_12,2026-03-28,多摩川,12,1-4-3,16.8
20260328_多摩川_12,2026-03-28,多摩川,12,2-4-3,265.9
20260328_多摩川_12,2026-03-28,多摩川,12,3-4-2,278.9
20260328_多摩川_12,2026-03-28,多摩川,12,4-3-2,258.4
20260328_多摩川_12,2026-03-28,多摩川,12,5-3-2,583.8
20260328_多摩川_12,2026-03-28,多摩川,12,6-3-2,2318.0
20260328_多摩川_12,2026-03-28,多摩川,12,1-4-5,12.8
20260328_多摩川_12,2026-03-28,多摩川,12,2-4-5,200.2
20260328_多摩川_12,2026-03-28,多摩川,12,3-4-5,144.0
20260328_多摩川_12,2026-03-28,多摩川,12,4-3-5,119.8
20260328_多摩川_12,2026-03-28,多摩川,12,5-3-4,259.2
20260328_多摩川_12,2026-03-28,多摩川,12,6-3-4,1372.0
20260328_多摩川_12,2026-03-28,多摩川,12,1-4-6,28.3
20260328_多摩川_12,2026-03-28,多摩川,12,2-4-6,293.8
20260328_多摩川_12,2026-03-28,多摩川,12,3-4-6,167.5
20260328_多摩川_12,2026-03-28,多摩川,12,4-3-6,144.2
20260328_多摩川_12,2026-03-28,多摩川,12,5-3-6,272.5
20260328_多摩川_12,2026-03-28,多摩川,12,6-3-5,1670.0
20260328_多摩川_12,2026-03-28,多摩川,12,1-5-2,36.5
20260328_多摩川_12,2026-03-28,多摩川,12,2-5-1,332.3
20260328_多摩川_12,2026-03-28,多摩川,12,3-5-1,218.8
20260328_多摩川_12,2026-03-28,多摩川,12,4-5-1,27.3
20260328_多摩川_12,2026-03-28,多摩川,12,5-4-1,69.7
20260328_多摩川_12,2026-03-28,多摩川,12,6-4-1,604.2
20260328_多摩川_12,2026-03-28,多摩川,12,1-5-3,42.1
20260328_多摩川_12,2026-03-28,多摩川,12,2-5-3,500.6
20260328_多摩川_12,2026-03-28,多摩川,12,3-5-2,398.1
20260328_多摩川_12,2026-03-28,多摩川,12,4-5-2,50.2
20260328_多摩川_12,2026-03-28,多摩川,12,5-4-2,123.5
20260328_多摩川_12,2026-03-28,多摩川,12,6-4-2,1121.0
20260328_多摩川_12,2026-03-28,多摩川,12,1-5-4,26.2
20260328_多摩川_12,2026-03-28,多摩川,12,2-5-4,318.3
20260328_多摩川_12,2026-03-28,多摩川,12,3-5-4,218.9
20260328_多摩川_12,2026-03-28,多摩川,12,4-5-3,83.2
20260328_多摩川_12,2026-03-28,多摩川,12,5-4-3,155.4
20260328_多摩川_12,2026-03-28,多摩川,12,6-4-3,1037.0
20260328_多摩川_12,2026-03-28,多摩川,12,1-5-6,42.2
20260328_多摩川_12,2026-03-28,多摩川,12,2-5-6,451.2
20260328_多摩川_12,2026-03-28,多摩川,12,3-5-6,253.9
20260328_多摩川_12,2026-03-28,多摩川,12,4-5-6,32.0
20260328_多摩川_12,2026-03-28,多摩川,12,5-4-6,65.8
20260328_多摩川_12,2026-03-28,多摩川,12,6-4-5,509.0
20260328_多摩川_12,2026-03-28,多摩川,12,1-6-2,142.1
20260328_多摩川_12,2026-03-28,多摩川,12,2-6-1,772.8
20260328_多摩川_12,2026-03-28,多摩川,12,3-6-1,493.4
20260328_多摩川_12,2026-03-28,多摩川,12,4-6-1,86.6
20260328_多摩川_12,2026-03-28,多摩川,12,5-6-1,240.4
20260328_多摩川_12,2026-03-28,多摩川,12,6-5-1,1062.0
20260328_多摩川_12,2026-03-28,多摩川,12,1-6-3,121.8
20260328_多摩川_12,2026-03-28,多摩川,12,2-6-3,1088.0
20260328_多摩川_12,2026-03-28,多摩川,12,3-6-2,863.7
20260328_多摩川_12,2026-03-28,多摩川,12,4-6-2,144.5
20260328_多摩川_12,2026-03-28,多摩川,12,5-6-2,411.3
20260328_多摩川_12,2026-03-28,多摩川,12,6-5-2,1553.0
20260328_多摩川_12,2026-03-28,多摩川,12,1-6-4,90.4
20260328_多摩川_12,2026-03-28,多摩川,12,2-6-4,758.3
20260328_多摩川_12,2026-03-28,多摩川,12,3-6-4,430.3
20260328_多摩川_12,2026-03-28,多摩川,12,4-6-3,173.1
20260328_多摩川_12,2026-03-28,多摩川,12,5-6-3,357.1
20260328_多摩川_12,2026-03-28,多摩川,12,6-5-3,1446.0
20260328_多摩川_12,2026-03-28,多摩川,12,1-6-5,117.3
20260328_多摩川_12,2026-03-28,多摩川,12,2-6-5,834.0
20260328_多摩川_12,2026-03-28,多摩川,12,3-6-5,562.1
20260328_多摩川_12,2026-03-28,多摩川,12,4-6-5,70.3
20260328_多摩川_12,2026-03-28,多摩川,12,5-6-4,185.7
20260328_多摩川_12,2026-03-28,多摩川,12,6-5-4,568.7
20260328_蒲郡_1,2026-03-28,蒲郡,1,1-2-3,47.1
20260328_蒲郡_1,2026-03-28,蒲郡,1,2-1-3,95.5
20260328_蒲郡_1,2026-03-28,蒲郡,1,3-1-2,172.9
20260328_蒲郡_1,2026-03-28,蒲郡,1,4-1-2,69.1
20260328_蒲郡_1,2026-03-28,蒲郡,1,5-1-2,345.5
20260328_蒲郡_1,2026-03-28,蒲郡,1,6-1-2,154.6
20260328_蒲郡_1,2026-03-28,蒲郡,1,1-2-4,34.8
20260328_蒲郡_1,2026-03-28,蒲郡,1,2-1-4,55.4
20260328_蒲郡_1,2026-03-28,蒲郡,1,3-1-4,97.5
20260328_蒲郡_1,2026-03-28,蒲郡,1,4-1-3,91.1
20260328_蒲郡_1,2026-03-28,蒲郡,1,5-1-3,401.9
20260328_蒲郡_1,2026-03-28,蒲郡,1,6-1-3,166.4
20260328_蒲郡_1,2026-03-28,蒲郡,1,1-2-5,72.8
20260328_蒲郡_1,2026-03-28,蒲郡,1,2-1-5,117.4
20260328_蒲郡_1,2026-03-28,蒲郡,1,3-1-5,126.7
20260328_蒲郡_1,2026-03-28,蒲郡,1,4-1-5,49.4
20260328_蒲郡_1,2026-03-28,蒲郡,1,5-1-4,188.4
20260328_蒲郡_1,2026-03-28,蒲郡,1,6-1-4,134.3
20260328_蒲郡_1,2026-03-28,蒲郡,1,1-2-6,70.1
20260328_蒲郡_1,2026-03-28,蒲郡,1,2-1-6,153.0
20260328_蒲郡_1,2026-03-28,蒲郡,1,3-1-6,214.7
20260328_蒲郡_1,2026-03-28,蒲郡,1,4-1-6,106.5
20260328_蒲郡_1,2026-03-28,蒲郡,1,5-1-6,436.4
20260328_蒲郡_1,2026-03-28,蒲郡,1,6-1-5,219.3
20260328_蒲郡_1,2026-03-28,蒲郡,1,1-3-2,64.9
20260328_蒲郡_1,2026-03-28,蒲郡,1,2-3-1,101.3
20260328_蒲郡_1,2026-03-28,蒲郡,1,3-2-1,156.8
20260328_蒲郡_1,2026-03-28,蒲郡,1,4-2-1,76.1
20260328_蒲郡_1,2026-03-28,蒲郡,1,5-2-1,386.1
20260328_蒲郡_1,2026-03-28,蒲郡,1,6-2-1,212.3
20260328_蒲郡_1,2026-03-28,蒲郡,1,1-3-4,38.1
20260328_蒲郡_1,2026-03-28,蒲郡,1,2-3-4,33.7
20260328_蒲郡_1,2026-03-28,蒲郡,1,3-2-4,55.1
20260328_蒲郡_1,2026-03-28,蒲郡,1,4-2-3,55.1
20260328_蒲郡_1,2026-03-28,蒲郡,1,5-2-3,336.9
20260328_蒲郡_1,2026-03-28,蒲郡,1,6-2-3,157.0
20260328_蒲郡_1,2026-03-28,蒲郡,1,1-3-5,62.8
20260328_蒲郡_1,2026-03-28,蒲郡,1,2-3-5,47.0
20260328_蒲郡_1,2026-03-28,蒲郡,1,3-2-5,60.4
20260328_蒲郡_1,2026-03-28,蒲郡,1,4-2-5,35.6
20260328_蒲郡_1,2026-03-28,蒲郡,1,5-2-4,131.4
20260328_蒲郡_1,2026-03-28,蒲郡,1,6-2-4,120.3
20260328_蒲郡_1,2026-03-28,蒲郡,1,1-3-6,87.2
20260328_蒲郡_1,2026-03-28,蒲郡,1,2-3-6,100.1
20260328_蒲郡_1,2026-03-28,蒲郡,1,3-2-6,167.9
20260328_蒲郡_1,2026-03-28,蒲郡,1,4-2-6,89.1
20260328_蒲郡_1,2026-03-28,蒲郡,1,5-2-6,472.2
20260328_蒲郡_1,2026-03-28,蒲郡,1,6-2-5,178.0
20260328_蒲郡_1,2026-03-28,蒲郡,1,1-4-2,38.9
20260328_蒲郡_1,2026-03-28,蒲郡,1,2-4-1,59.9
20260328_蒲郡_1,2026-03-28,蒲郡,1,3-4-1,77.6
20260328_蒲郡_1,2026-03-28,蒲郡,1,4-3-1,106.7
20260328_蒲郡_1,2026-03-28,蒲郡,1,5-3-1,425.3
20260328_蒲郡_1,2026-03-28,蒲郡,1,6-3-1,251.0
20260328_蒲郡_1,2026-03-28,蒲郡,1,1-4-3,40.3
20260328_蒲郡_1,2026-03-28,蒲郡,1,2-4-3,33.9
20260328_蒲郡_1,2026-03-28,蒲郡,1,3-4-2,61.7
20260328_蒲郡_1,2026-03-28,蒲郡,1,4-3-2,68.8
20260328_蒲郡_1,2026-03-28,蒲郡,1,5-3-2,373.0
20260328_蒲郡_1,2026-03-28,蒲郡,1,6-3-2,214.4
20260328_蒲郡_1,2026-03-28,蒲郡,1,1-4-5,33.1
20260328_蒲郡_1,2026-03-28,蒲郡,1,2-4-5,28.1
20260328_蒲郡_1,2026-03-28,蒲郡,1,3-4-5,28.2
20260328_蒲郡_1,2026-03-28,蒲郡,1,4-3-5,36.7
20260328_蒲郡_1,2026-03-28,蒲郡,1,5-3-4,157.4
20260328_蒲郡_1,2026-03-28,蒲郡,1,6-3-4,140.5
20260328_蒲郡_1,2026-03-28,蒲郡,1,1-4-6,57.6
20260328_蒲郡_1,2026-03-28,蒲郡,1,2-4-6,61.4
20260328_蒲郡_1,2026-03-28,蒲郡,1,3-4-6,81.6
20260328_蒲郡_1,2026-03-28,蒲郡,1,4-3-6,121.0
20260328_蒲郡_1,2026-03-28,蒲郡,1,5-3-6,526.7
20260328_蒲郡_1,2026-03-28,蒲郡,1,6-3-5,176.1
20260328_蒲郡_1,2026-03-28,蒲郡,1,1-5-2,123.9
20260328_蒲郡_1,2026-03-28,蒲郡,1,2-5-1,174.4
20260328_蒲郡_1,2026-03-28,蒲郡,1,3-5-1,141.4
20260328_蒲郡_1,2026-03-28,蒲郡,1,4-5-1,44.8
20260328_蒲郡_1,2026-03-28,蒲郡,1,5-4-1,140.3
20260328_蒲郡_1,2026-03-28,蒲郡,1,6-4-1,188.9
20260328_蒲郡_1,2026-03-28,蒲郡,1,1-5-3,120.0
20260328_蒲郡_1,2026-03-28,蒲郡,1,2-5-3,85.2
20260328_蒲郡_1,2026-03-28,蒲郡,1,3-5-2,100.9
20260328_蒲郡_1,2026-03-28,蒲郡,1,4-5-2,34.4
20260328_蒲郡_1,2026-03-28,蒲郡,1,5-4-2,98.3
20260328_蒲郡_1,2026-03-28,蒲郡,1,6-4-2,153.3
20260328_蒲郡_1,2026-03-28,蒲郡,1,1-5-4,81.7
20260328_蒲郡_1,2026-03-28,蒲郡,1,2-5-4,58.3
20260328_蒲郡_1,2026-03-28,蒲郡,1,3-5-4,46.9
20260328_蒲郡_1,2026-03-28,蒲郡,1,4-5-3,38.3
20260328_蒲郡_1,2026-03-28,蒲郡,1,5-4-3,123.9
20260328_蒲郡_1,2026-03-28,蒲郡,1,6-4-3,154.6
20260328_蒲郡_1,2026-03-28,蒲郡,1,1-5-6,162.1
20260328_蒲郡_1,2026-03-28,蒲郡,1,2-5-6,164.2
20260328_蒲郡_1,2026-03-28,蒲郡,1,3-5-6,140.3
20260328_蒲郡_1,2026-03-28,蒲郡,1,4-5-6,53.5
20260328_蒲郡_1,2026-03-28,蒲郡,1,5-4-6,160.1
20260328_蒲郡_1,2026-03-28,蒲郡,1,6-4-5,129.0
20260328_蒲郡_1,2026-03-28,蒲郡,1,1-6-2,75.6
20260328_蒲郡_1,2026-03-28,蒲郡,1,2-6-1,210.4
20260328_蒲郡_1,2026-03-28,蒲郡,1,3-6-1,267.1
20260328_蒲郡_1,2026-03-28,蒲郡,1,4-6-1,155.1
20260328_蒲郡_1,2026-03-28,蒲郡,1,5-6-1,697.2
20260328_蒲郡_1,2026-03-28,蒲郡,1,6-5-1,457.2
20260328_蒲郡_1,2026-03-28,蒲郡,1,1-6-3,90.2
20260328_蒲郡_1,2026-03-28,蒲郡,1,2-6-3,145.4
20260328_蒲郡_1,2026-03-28,蒲郡,1,3-6-2,235.5
20260328_蒲郡_1,2026-03-28,蒲郡,1,4-6-2,123.9
20260328_蒲郡_1,2026-03-28,蒲郡,1,5-6-2,663.7
20260328_蒲郡_1,2026-03-28,蒲郡,1,6-5-2,367.1
20260328_蒲郡_1,2026-03-28,蒲郡,1,1-6-4,67.7
20260328_蒲郡_1,2026-03-28,蒲郡,1,2-6-4,106.2
20260328_蒲郡_1,2026-03-28,蒲郡,1,3-6-4,117.7
20260328_蒲郡_1,2026-03-28,蒲郡,1,4-6-3,150.7
20260328_蒲郡_1,2026-03-28,蒲郡,1,5-6-3,585.2
20260328_蒲郡_1,2026-03-28,蒲郡,1,6-5-3,291.3
20260328_蒲郡_1,2026-03-28,蒲郡,1,1-6-5,126.9
20260328_蒲郡_1,2026-03-28,蒲郡,1,2-6-5,151.7
20260328_蒲郡_1,2026-03-28,蒲郡,1,3-6-5,139.5
20260328_蒲郡_1,2026-03-28,蒲郡,1,4-6-5,89.3
20260328_蒲郡_1,2026-03-28,蒲郡,1,5-6-4,302.6
20260328_蒲郡_1,2026-03-28,蒲郡,1,6-5-4,194.0
20260328_蒲郡_2,2026-03-28,蒲郡,2,1-2-3,12.0
20260328_蒲郡_2,2026-03-28,蒲郡,2,2-1-3,57.9
20260328_蒲郡_2,2026-03-28,蒲郡,2,3-1-2,71.0
20260328_蒲郡_2,2026-03-28,蒲郡,2,4-1-2,76.5
20260328_蒲郡_2,2026-03-28,蒲郡,2,5-1-2,174.8
20260328_蒲郡_2,2026-03-28,蒲郡,2,6-1-2,1024.0
20260328_蒲郡_2,2026-03-28,蒲郡,2,1-2-4,13.8
20260328_蒲郡_2,2026-03-28,蒲郡,2,2-1-4,60.4
20260328_蒲郡_2,2026-03-28,蒲郡,2,3-1-4,47.7
20260328_蒲郡_2,2026-03-28,蒲郡,2,4-1-3,73.6
20260328_蒲郡_2,2026-03-28,蒲郡,2,5-1-3,153.3
20260328_蒲郡_2,2026-03-28,蒲郡,2,6-1-3,965.4
20260328_蒲郡_2,2026-03-28,蒲郡,2,1-2-5,19.6
20260328_蒲郡_2,2026-03-28,蒲郡,2,2-1-5,78.5
20260328_蒲郡_2,2026-03-28,蒲郡,2,3-1-5,49.1
20260328_蒲郡_2,2026-03-28,蒲郡,2,4-1-5,63.3
20260328_蒲郡_2,2026-03-28,蒲郡,2,5-1-4,169.3
20260328_蒲郡_2,2026-03-28,蒲郡,2,6-1-4,977.3
20260328_蒲郡_2,2026-03-28,蒲郡,2,1-2-6,42.6
20260328_蒲郡_2,2026-03-28,蒲郡,2,2-1-6,151.8
20260328_蒲郡_2,2026-03-28,蒲郡,2,3-1-6,118.3
20260328_蒲郡_2,2026-03-28,蒲郡,2,4-1-6,102.0
20260328_蒲郡_2,2026-03-28,蒲郡,2,5-1-6,248.5
20260328_蒲郡_2,2026-03-28,蒲郡,2,6-1-5,1223.0
20260328_蒲郡_2,2026-03-28,蒲郡,2,1-3-2,15.3
20260328_蒲郡_2,2026-03-28,蒲郡,2,2-3-1,95.9
20260328_蒲郡_2,2026-03-28,蒲郡,2,3-2-1,116.4
20260328_蒲郡_2,2026-03-28,蒲郡,2,4-2-1,134.5
20260328_蒲郡_2,2026-03-28,蒲郡,2,5-2-1,298.4
20260328_蒲郡_2,2026-03-28,蒲郡,2,6-2-1,1404.0
20260328_蒲郡_2,2026-03-28,蒲郡,2,1-3-4,11.1
20260328_蒲郡_2,2026-03-28,蒲郡,2,2-3-4,92.0
20260328_蒲郡_2,2026-03-28,蒲郡,2,3-2-4,106.6
20260328_蒲郡_2,2026-03-28,蒲郡,2,4-2-3,196.2
20260328_蒲郡_2,2026-03-28,蒲郡,2,5-2-3,311.8
20260328_蒲郡_2,2026-03-28,蒲郡,2,6-2-3,1534.0
20260328_蒲郡_2,2026-03-28,蒲郡,2,1-3-5,15.2
20260328_蒲郡_2,2026-03-28,蒲郡,2,2-3-5,108.5
20260328_蒲郡_2,2026-03-28,蒲郡,2,3-2-5,116.4
20260328_蒲郡_2,2026-03-28,蒲郡,2,4-2-5,216.4
20260328_蒲郡_2,2026-03-28,蒲郡,2,5-2-4,503.4
20260328_蒲郡_2,2026-03-28,蒲郡,2,6-2-4,1699.0
20260328_蒲郡_2,2026-03-28,蒲郡,2,1-3-6,38.0
20260328_蒲郡_2,2026-03-28,蒲郡,2,2-3-6,220.2
20260328_蒲郡_2,2026-03-28,蒲郡,2,3-2-6,225.4
20260328_蒲郡_2,2026-03-28,蒲郡,2,4-2-6,330.1
20260328_蒲郡_2,2026-03-28,蒲郡,2,5-2-6,541.1
20260328_蒲郡_2,2026-03-28,蒲郡,2,6-2-5,2215.0
20260328_蒲郡_2,2026-03-28,蒲郡,2,1-4-2,15.7
20260328_蒲郡_2,2026-03-28,蒲郡,2,2-4-1,110.5
20260328_蒲郡_2,2026-03-28,蒲郡,2,3-4-1,96.1
20260328_蒲郡_2,2026-03-28,蒲郡,2,4-3-1,145.9
20260328_蒲郡_2,2026-03-28,蒲郡,2,5-3-1,254.4
20260328_蒲郡_2,2026-03-28,蒲郡,2,6-3-1,1296.0
20260328_蒲郡_2,2026-03-28,蒲郡,2,1-4-3,13.9
20260328_蒲郡_2,2026-03-28,蒲郡,2,2-4-3,124.2
20260328_蒲郡_2,2026-03-28,蒲郡,2,3-4-2,137.0
20260328_蒲郡_2,2026-03-28,蒲郡,2,4-3-2,223.9
20260328_蒲郡_2,2026-03-28,蒲郡,2,5-3-2,358.0
20260328_蒲郡_2,2026-03-28,蒲郡,2,6-3-2,1695.0
20260328_蒲郡_2,2026-03-28,蒲郡,2,1-4-5,17.1
20260328_蒲郡_2,2026-03-28,蒲郡,2,2-4-5,167.8
20260328_蒲郡_2,2026-03-28,蒲郡,2,3-4-5,133.1
20260328_蒲郡_2,2026-03-28,蒲郡,2,4-3-5,217.6
20260328_蒲郡_2,2026-03-28,蒲郡,2,5-3-4,425.7
20260328_蒲郡_2,2026-03-28,蒲郡,2,6-3-4,1467.0
20260328_蒲郡_2,2026-03-28,蒲郡,2,1-4-6,35.0
20260328_蒲郡_2,2026-03-28,蒲郡,2,2-4-6,273.8
20260328_蒲郡_2,2026-03-28,蒲郡,2,3-4-6,242.3
20260328_蒲郡_2,2026-03-28,蒲郡,2,4-3-6,376.3
20260328_蒲郡_2,2026-03-28,蒲郡,2,5-3-6,568.0
20260328_蒲郡_2,2026-03-28,蒲郡,2,6-3-5,2056.0
20260328_蒲郡_2,2026-03-28,蒲郡,2,1-5-2,31.6
20260328_蒲郡_2,2026-03-28,蒲郡,2,2-5-1,197.7
20260328_蒲郡_2,2026-03-28,蒲郡,2,3-5-1,119.5
20260328_蒲郡_2,2026-03-28,蒲郡,2,4-5-1,97.1
20260328_蒲郡_2,2026-03-28,蒲郡,2,5-4-1,235.5
20260328_蒲郡_2,2026-03-28,蒲郡,2,6-4-1,1104.0
20260328_蒲郡_2,2026-03-28,蒲郡,2,1-5-3,27.8
20260328_蒲郡_2,2026-03-28,蒲郡,2,2-5-3,198.5
20260328_蒲郡_2,2026-03-28,蒲郡,2,3-5-2,173.0
20260328_蒲郡_2,2026-03-28,蒲郡,2,4-5-2,198.1
20260328_蒲郡_2,2026-03-28,蒲郡,2,5-4-2,435.6
20260328_蒲郡_2,2026-03-28,蒲郡,2,6-4-2,1628.0
20260328_蒲郡_2,2026-03-28,蒲郡,2,1-5-4,33.4
20260328_蒲郡_2,2026-03-28,蒲郡,2,2-5-4,289.6
20260328_蒲郡_2,2026-03-28,蒲郡,2,3-5-4,169.9
20260328_蒲郡_2,2026-03-28,蒲郡,2,4-5-3,201.3
20260328_蒲郡_2,2026-03-28,蒲郡,2,5-4-3,423.2
20260328_蒲郡_2,2026-03-28,蒲郡,2,6-4-3,1717.0
20260328_蒲郡_2,2026-03-28,蒲郡,2,1-5-6,62.8
20260328_蒲郡_2,2026-03-28,蒲郡,2,2-5-6,461.7
20260328_蒲郡_2,2026-03-28,蒲郡,2,3-5-6,266.0
20260328_蒲郡_2,2026-03-28,蒲郡,2,4-5-6,175.3
20260328_蒲郡_2,2026-03-28,蒲郡,2,5-4-6,401.8
20260328_蒲郡_2,2026-03-28,蒲郡,2,6-4-5,1368.0
20260328_蒲郡_2,2026-03-28,蒲郡,2,1-6-2,130.2
20260328_蒲郡_2,2026-03-28,蒲郡,2,2-6-1,640.5
20260328_蒲郡_2,2026-03-28,蒲郡,2,3-6-1,481.7
20260328_蒲郡_2,2026-03-28,蒲郡,2,4-6-1,266.9
20260328_蒲郡_2,2026-03-28,蒲郡,2,5-6-1,650.2
20260328_蒲郡_2,2026-03-28,蒲郡,2,6-5-1,1502.0
20260328_蒲郡_2,2026-03-28,蒲郡,2,1-6-3,127.9
20260328_蒲郡_2,2026-03-28,蒲郡,2,2-6-3,701.2
20260328_蒲郡_2,2026-03-28,蒲郡,2,3-6-2,705.9
20260328_蒲郡_2,2026-03-28,蒲郡,2,4-6-2,512.4
20260328_蒲郡_2,2026-03-28,蒲郡,2,5-6-2,1054.0
20260328_蒲郡_2,2026-03-28,蒲郡,2,6-5-2,2083.0
20260328_蒲郡_2,2026-03-28,蒲郡,2,1-6-4,124.6
20260328_蒲郡_2,2026-03-28,蒲郡,2,2-6-4,745.3
20260328_蒲郡_2,2026-03-28,蒲郡,2,3-6-4,615.6
20260328_蒲郡_2,2026-03-28,蒲郡,2,4-6-3,578.4
20260328_蒲郡_2,2026-03-28,蒲郡,2,5-6-3,1097.0
20260328_蒲郡_2,2026-03-28,蒲郡,2,6-5-3,1958.0
20260328_蒲郡_2,2026-03-28,蒲郡,2,1-6-5,162.1
20260328_蒲郡_2,2026-03-28,蒲郡,2,2-6-5,854.1
20260328_蒲郡_2,2026-03-28,蒲郡,2,3-6-5,637.5
20260328_蒲郡_2,2026-03-28,蒲郡,2,4-6-5,347.6
20260328_蒲郡_2,2026-03-28,蒲郡,2,5-6-4,859.5
20260328_蒲郡_2,2026-03-28,蒲郡,2,6-5-4,1672.0
20260328_蒲郡_3,2026-03-28,蒲郡,3,1-2-3,10.1
20260328_蒲郡_3,2026-03-28,蒲郡,3,2-1-3,33.6
20260328_蒲郡_3,2026-03-28,蒲郡,3,3-1-2,52.9
20260328_蒲郡_3,2026-03-28,蒲郡,3,4-1-2,50.7
20260328_蒲郡_3,2026-03-28,蒲郡,3,5-1-2,795.9
20260328_蒲郡_3,2026-03-28,蒲郡,3,6-1-2,1093.0
20260328_蒲郡_3,2026-03-28,蒲郡,3,1-2-4,8.7
20260328_蒲郡_3,2026-03-28,蒲郡,3,2-1-4,30.5
20260328_蒲郡_3,2026-03-28,蒲郡,3,3-1-4,28.9
20260328_蒲郡_3,2026-03-28,蒲郡,3,4-1-3,44.9
20260328_蒲郡_3,2026-03-28,蒲郡,3,5-1-3,749.0
20260328_蒲郡_3,2026-03-28,蒲郡,3,6-1-3,1109.0
20260328_蒲郡_3,2026-03-28,蒲郡,3,1-2-5,38.4
20260328_蒲郡_3,2026-03-28,蒲郡,3,2-1-5,109.4
20260328_蒲郡_3,2026-03-28,蒲郡,3,3-1-5,91.4
20260328_蒲郡_3,2026-03-28,蒲郡,3,4-1-5,81.8
20260328_蒲郡_3,2026-03-28,蒲郡,3,5-1-4,523.5
20260328_蒲郡_3,2026-03-28,蒲郡,3,6-1-4,918.6
20260328_蒲郡_3,2026-03-28,蒲郡,3,1-2-6,61.3
20260328_蒲郡_3,2026-03-28,蒲郡,3,2-1-6,148.2
20260328_蒲郡_3,2026-03-28,蒲郡,3,3-1-6,185.3
20260328_蒲郡_3,2026-03-28,蒲郡,3,4-1-6,139.6
20260328_蒲郡_3,2026-03-28,蒲郡,3,5-1-6,1337.0
20260328_蒲郡_3,2026-03-28,蒲郡,3,6-1-5,2349.0
20260328_蒲郡_3,2026-03-28,蒲郡,3,1-3-2,12.6
20260328_蒲郡_3,2026-03-28,蒲郡,3,2-3-1,59.1
20260328_蒲郡_3,2026-03-28,蒲郡,3,3-2-1,84.7
20260328_蒲郡_3,2026-03-28,蒲郡,3,4-2-1,87.5
20260328_蒲郡_3,2026-03-28,蒲郡,3,5-2-1,1047.0
20260328_蒲郡_3,2026-03-28,蒲郡,3,6-2-1,1450.0
20260328_蒲郡_3,2026-03-28,蒲郡,3,1-3-4,8.1
20260328_蒲郡_3,2026-03-28,蒲郡,3,2-3-4,47.3
20260328_蒲郡_3,2026-03-28,蒲郡,3,3-2-4,60.1
20260328_蒲郡_3,2026-03-28,蒲郡,3,4-2-3,102.7
20260328_蒲郡_3,2026-03-28,蒲郡,3,5-2-3,1027.0
20260328_蒲郡_3,2026-03-28,蒲郡,3,6-2-3,1739.0
20260328_蒲郡_3,2026-03-28,蒲郡,3,1-3-5,30.3
20260328_蒲郡_3,2026-03-28,蒲郡,3,2-3-5,130.8
20260328_蒲郡_3,2026-03-28,蒲郡,3,3-2-5,153.5
20260328_蒲郡_3,2026-03-28,蒲郡,3,4-2-5,205.3
20260328_蒲郡_3,2026-03-28,蒲郡,3,5-2-4,1166.0
20260328_蒲郡_3,2026-03-28,蒲郡,3,6-2-4,1563.0
20260328_蒲郡_3,2026-03-28,蒲郡,3,1-3-6,59.0
20260328_蒲郡_3,2026-03-28,蒲郡,3,2-3-6,215.8
20260328_蒲郡_3,2026-03-28,蒲郡,3,3-2-6,282.1
20260328_蒲郡_3,2026-03-28,蒲郡,3,4-2-6,307.4
20260328_蒲郡_3,2026-03-28,蒲郡,3,5-2-6,1865.0
20260328_蒲郡_3,2026-03-28,蒲郡,3,6-2-5,2745.0
20260328_蒲郡_3,2026-03-28,蒲郡,3,1-4-2,11.5
20260328_蒲郡_3,2026-03-28,蒲郡,3,2-4-1,58.2
20260328_蒲郡_3,2026-03-28,蒲郡,3,3-4-1,49.1
20260328_蒲郡_3,2026-03-28,蒲郡,3,4-3-1,73.5
20260328_蒲郡_3,2026-03-28,蒲郡,3,5-3-1,941.6
20260328_蒲郡_3,2026-03-28,蒲郡,3,6-3-1,1487.0
20260328_蒲郡_3,2026-03-28,蒲郡,3,1-4-3,10.1
20260328_蒲郡_3,2026-03-28,蒲郡,3,2-4-3,59.2
20260328_蒲郡_3,2026-03-28,蒲郡,3,3-4-2,71.3
20260328_蒲郡_3,2026-03-28,蒲郡,3,4-3-2,112.0
20260328_蒲郡_3,2026-03-28,蒲郡,3,5-3-2,1203.0
20260328_蒲郡_3,2026-03-28,蒲郡,3,6-3-2,1939.0
20260328_蒲郡_3,2026-03-28,蒲郡,3,1-4-5,27.5
20260328_蒲郡_3,2026-03-28,蒲郡,3,2-4-5,143.0
20260328_蒲郡_3,2026-03-28,蒲郡,3,3-4-5,123.8
20260328_蒲郡_3,2026-03-28,蒲郡,3,4-3-5,216.3
20260328_蒲郡_3,2026-03-28,蒲郡,3,5-3-4,1119.0
20260328_蒲郡_3,2026-03-28,蒲郡,3,6-3-4,1563.0
20260328_蒲郡_3,2026-03-28,蒲郡,3,1-4-6,45.5
20260328_蒲郡_3,2026-03-28,蒲郡,3,2-4-6,195.2
20260328_蒲郡_3,2026-03-28,蒲郡,3,3-4-6,200.0
20260328_蒲郡_3,2026-03-28,蒲郡,3,4-3-6,325.9
20260328_蒲郡_3,2026-03-28,蒲郡,3,5-3-6,2332.0
20260328_蒲郡_3,2026-03-28,蒲郡,3,6-3-5,3466.0
20260328_蒲郡_3,2026-03-28,蒲郡,3,1-5-2,110.2
20260328_蒲郡_3,2026-03-28,蒲郡,3,2-5-1,418.6
20260328_蒲郡_3,2026-03-28,蒲郡,3,3-5-1,308.1
20260328_蒲郡_3,2026-03-28,蒲郡,3,4-5-1,167.6
20260328_蒲郡_3,2026-03-28,蒲郡,3,5-4-1,556.3
20260328_蒲郡_3,2026-03-28,蒲郡,3,6-4-1,1189.0
20260328_蒲郡_3,2026-03-28,蒲郡,3,1-5-3,103.1
20260328_蒲郡_3,2026-03-28,蒲郡,3,2-5-3,380.7
20260328_蒲郡_3,2026-03-28,蒲郡,3,3-5-2,352.8
20260328_蒲郡_3,2026-03-28,蒲郡,3,4-5-2,280.3
20260328_蒲郡_3,2026-03-28,蒲郡,3,5-4-2,979.4
20260328_蒲郡_3,2026-03-28,蒲郡,3,6-4-2,1579.0
20260328_蒲郡_3,2026-03-28,蒲郡,3,1-5-4,97.1
20260328_蒲郡_3,2026-03-28,蒲郡,3,2-5-4,409.1
20260328_蒲郡_3,2026-03-28,蒲郡,3,3-5-4,318.2
20260328_蒲郡_3,2026-03-28,蒲郡,3,4-5-3,303.6
20260328_蒲郡_3,2026-03-28,蒲郡,3,5-4-3,956.4
20260328_蒲郡_3,2026-03-28,蒲郡,3,6-4-3,1553.0
20260328_蒲郡_3,2026-03-28,蒲郡,3,1-5-6,266.2
20260328_蒲郡_3,2026-03-28,蒲郡,3,2-5-6,812.5
20260328_蒲郡_3,2026-03-28,蒲郡,3,3-5-6,781.9
20260328_蒲郡_3,2026-03-28,蒲郡,3,4-5-6,356.0
20260328_蒲郡_3,2026-03-28,蒲郡,3,5-4-6,1355.0
20260328_蒲郡_3,2026-03-28,蒲郡,3,6-4-5,2413.0
20260328_蒲郡_3,2026-03-28,蒲郡,3,1-6-2,231.1
20260328_蒲郡_3,2026-03-28,蒲郡,3,2-6-1,686.9
20260328_蒲郡_3,2026-03-28,蒲郡,3,3-6-1,710.8
20260328_蒲郡_3,2026-03-28,蒲郡,3,4-6-1,350.5
20260328_蒲郡_3,2026-03-28,蒲郡,3,5-6-1,2407.0
20260328_蒲郡_3,2026-03-28,蒲郡,3,6-5-1,3054.0
20260328_蒲郡_3,2026-03-28,蒲郡,3,1-6-3,228.8
20260328_蒲郡_3,2026-03-28,蒲郡,3,2-6-3,744.4
20260328_蒲郡_3,2026-03-28,蒲郡,3,3-6-2,807.8
20260328_蒲郡_3,2026-03-28,蒲郡,3,4-6-2,531.2
20260328_蒲郡_3,2026-03-28,蒲郡,3,5-6-2,2953.0
20260328_蒲郡_3,2026-03-28,蒲郡,3,6-5-2,3313.0
20260328_蒲郡_3,2026-03-28,蒲郡,3,1-6-4,180.4
20260328_蒲郡_3,2026-03-28,蒲郡,3,2-6-4,713.4
20260328_蒲郡_3,2026-03-28,蒲郡,3,3-6-4,613.5
20260328_蒲郡_3,2026-03-28,蒲郡,3,4-6-3,538.5
20260328_蒲郡_3,2026-03-28,蒲郡,3,5-6-3,3173.0
20260328_蒲郡_3,2026-03-28,蒲郡,3,6-5-3,3593.0
20260328_蒲郡_3,2026-03-28,蒲郡,3,1-6-5,424.0
20260328_蒲郡_3,2026-03-28,蒲郡,3,2-6-5,1119.0
20260328_蒲郡_3,2026-03-28,蒲郡,3,3-6-5,1158.0
20260328_蒲郡_3,2026-03-28,蒲郡,3,4-6-5,549.4
20260328_蒲郡_3,2026-03-28,蒲郡,3,5-6-4,2401.0
20260328_蒲郡_3,2026-03-28,蒲郡,3,6-5-4,3280.0
20260328_蒲郡_4,2026-03-28,蒲郡,4,1-2-3,9.2
20260328_蒲郡_4,2026-03-28,蒲郡,4,2-1-3,28.0
20260328_蒲郡_4,2026-03-28,蒲郡,4,3-1-2,27.7
20260328_蒲郡_4,2026-03-28,蒲郡,4,4-1-2,153.6
20260328_蒲郡_4,2026-03-28,蒲郡,4,5-1-2,285.8
20260328_蒲郡_4,2026-03-28,蒲郡,4,6-1-2,1510.0
20260328_蒲郡_4,2026-03-28,蒲郡,4,1-2-4,13.0
20260328_蒲郡_4,2026-03-28,蒲郡,4,2-1-4,42.1
20260328_蒲郡_4,2026-03-28,蒲郡,4,3-1-4,23.7
20260328_蒲郡_4,2026-03-28,蒲郡,4,4-1-3,122.0
20260328_蒲郡_4,2026-03-28,蒲郡,4,5-1-3,223.8
20260328_蒲郡_4,2026-03-28,蒲郡,4,6-1-3,1365.0
20260328_蒲郡_4,2026-03-28,蒲郡,4,1-2-5,26.8
20260328_蒲郡_4,2026-03-28,蒲郡,4,2-1-5,67.3
20260328_蒲郡_4,2026-03-28,蒲郡,4,3-1-5,33.7
20260328_蒲郡_4,2026-03-28,蒲郡,4,4-1-5,149.9
20260328_蒲郡_4,2026-03-28,蒲郡,4,5-1-4,323.9
20260328_蒲郡_4,2026-03-28,蒲郡,4,6-1-4,1875.0
20260328_蒲郡_4,2026-03-28,蒲郡,4,1-2-6,55.9
20260328_蒲郡_4,2026-03-28,蒲郡,4,2-1-6,114.4
20260328_蒲郡_4,2026-03-28,蒲郡,4,3-1-6,69.4
20260328_蒲郡_4,2026-03-28,蒲郡,4,4-1-6,327.8
20260328_蒲郡_4,2026-03-28,蒲郡,4,5-1-6,461.4
20260328_蒲郡_4,2026-03-28,蒲郡,4,6-1-5,2377.0
20260328_蒲郡_4,2026-03-28,蒲郡,4,1-3-2,9.9
20260328_蒲郡_4,2026-03-28,蒲郡,4,2-3-1,44.5
20260328_蒲郡_4,2026-03-28,蒲郡,4,3-2-1,46.7
20260328_蒲郡_4,2026-03-28,蒲郡,4,4-2-1,272.1
20260328_蒲郡_4,2026-03-28,蒲郡,4,5-2-1,466.9
20260328_蒲郡_4,2026-03-28,蒲郡,4,6-2-1,2201.0
20260328_蒲郡_4,2026-03-28,蒲郡,4,1-3-4,9.3
20260328_蒲郡_4,2026-03-28,蒲郡,4,2-3-4,61.3
20260328_蒲郡_4,2026-03-28,蒲郡,4,3-2-4,57.0
20260328_蒲郡_4,2026-03-28,蒲郡,4,4-2-3,254.3
20260328_蒲郡_4,2026-03-28,蒲郡,4,5-2-3,383.3
20260328_蒲郡_4,2026-03-28,蒲郡,4,6-2-3,2108.0
20260328_蒲郡_4,2026-03-28,蒲郡,4,1-3-5,16.1
20260328_蒲郡_4,2026-03-28,蒲郡,4,2-3-5,80.4
20260328_蒲郡_4,2026-03-28,蒲郡,4,3-2-5,73.6
20260328_蒲郡_4,2026-03-28,蒲郡,4,4-2-5,428.3
20260328_蒲郡_4,2026-03-28,蒲郡,4,5-2-4,767.5
20260328_蒲郡_4,2026-03-28,蒲郡,4,6-2-4,2949.0
20260328_蒲郡_4,2026-03-28,蒲郡,4,1-3-6,41.3
20260328_蒲郡_4,2026-03-28,蒲郡,4,2-3-6,129.7
20260328_蒲郡_4,2026-03-28,蒲郡,4,3-2-6,115.6
20260328_蒲郡_4,2026-03-28,蒲郡,4,4-2-6,661.2
20260328_蒲郡_4,2026-03-28,蒲郡,4,5-2-6,781.6
20260328_蒲郡_4,2026-03-28,蒲郡,4,6-2-5,3352.0
20260328_蒲郡_4,2026-03-28,蒲郡,4,1-4-2,20.9
20260328_蒲郡_4,2026-03-28,蒲郡,4,2-4-1,119.6
20260328_蒲郡_4,2026-03-28,蒲郡,4,3-4-1,55.9
20260328_蒲郡_4,2026-03-28,蒲郡,4,4-3-1,166.9
20260328_蒲郡_4,2026-03-28,蒲郡,4,5-3-1,307.3
20260328_蒲郡_4,2026-03-28,蒲郡,4,6-3-1,1622.0
20260328_蒲郡_4,2026-03-28,蒲郡,4,1-4-3,17.6
20260328_蒲郡_4,2026-03-28,蒲郡,4,2-4-3,119.6
20260328_蒲郡_4,2026-03-28,蒲郡,4,3-4-2,76.2
20260328_蒲郡_4,2026-03-28,蒲郡,4,4-3-2,239.9
20260328_蒲郡_4,2026-03-28,蒲郡,4,5-3-2,382.4
20260328_蒲郡_4,2026-03-28,蒲郡,4,6-3-2,2117.0
20260328_蒲郡_4,2026-03-28,蒲郡,4,1-4-5,36.4
20260328_蒲郡_4,2026-03-28,蒲郡,4,2-4-5,256.8
20260328_蒲郡_4,2026-03-28,蒲郡,4,3-4-5,84.1
20260328_蒲郡_4,2026-03-28,蒲郡,4,4-3-5,256.0
20260328_蒲郡_4,2026-03-28,蒲郡,4,5-3-4,390.5
20260328_蒲郡_4,2026-03-28,蒲郡,4,6-3-4,2219.0
20260328_蒲郡_4,2026-03-28,蒲郡,4,1-4-6,76.8
20260328_蒲郡_4,2026-03-28,蒲郡,4,2-4-6,350.1
20260328_蒲郡_4,2026-03-28,蒲郡,4,3-4-6,141.0
20260328_蒲郡_4,2026-03-28,蒲郡,4,4-3-6,409.7
20260328_蒲郡_4,2026-03-28,蒲郡,4,5-3-6,656.5
20260328_蒲郡_4,2026-03-28,蒲郡,4,6-3-5,2757.0
20260328_蒲郡_4,2026-03-28,蒲郡,4,1-5-2,49.2
20260328_蒲郡_4,2026-03-28,蒲郡,4,2-5-1,257.2
20260328_蒲郡_4,2026-03-28,蒲郡,4,3-5-1,100.6
20260328_蒲郡_4,2026-03-28,蒲郡,4,4-5-1,223.5
20260328_蒲郡_4,2026-03-28,蒲郡,4,5-4-1,474.3
20260328_蒲郡_4,2026-03-28,蒲郡,4,6-4-1,2158.0
20260328_蒲郡_4,2026-03-28,蒲郡,4,1-5-3,40.9
20260328_蒲郡_4,2026-03-28,蒲郡,4,2-5-3,227.4
20260328_蒲郡_4,2026-03-28,蒲郡,4,3-5-2,129.0
20260328_蒲郡_4,2026-03-28,蒲郡,4,4-5-2,402.6
20260328_蒲郡_4,2026-03-28,蒲郡,4,5-4-2,782.2
20260328_蒲郡_4,2026-03-28,蒲郡,4,6-4-2,3063.0
20260328_蒲郡_4,2026-03-28,蒲郡,4,1-5-4,68.7
20260328_蒲郡_4,2026-03-28,蒲郡,4,2-5-4,473.5
20260328_蒲郡_4,2026-03-28,蒲郡,4,3-5-4,129.3
20260328_蒲郡_4,2026-03-28,蒲郡,4,4-5-3,305.6
20260328_蒲郡_4,2026-03-28,蒲郡,4,5-4-3,501.3
20260328_蒲郡_4,2026-03-28,蒲郡,4,6-4-3,3030.0
20260328_蒲郡_4,2026-03-28,蒲郡,4,1-5-6,115.1
20260328_蒲郡_4,2026-03-28,蒲郡,4,2-5-6,587.6
20260328_蒲郡_4,2026-03-28,蒲郡,4,3-5-6,207.9
20260328_蒲郡_4,2026-03-28,蒲郡,4,4-5-6,425.1
20260328_蒲郡_4,2026-03-28,蒲郡,4,5-4-6,785.0
20260328_蒲郡_4,2026-03-28,蒲郡,4,6-4-5,2989.0
20260328_蒲郡_4,2026-03-28,蒲郡,4,1-6-2,288.0
20260328_蒲郡_4,2026-03-28,蒲郡,4,2-6-1,654.9
20260328_蒲郡_4,2026-03-28,蒲郡,4,3-6-1,336.1
20260328_蒲郡_4,2026-03-28,蒲郡,4,4-6-1,809.2
20260328_蒲郡_4,2026-03-28,蒲郡,4,5-6-1,1098.0
20260328_蒲郡_4,2026-03-28,蒲郡,4,6-5-1,2657.0
20260328_蒲郡_4,2026-03-28,蒲郡,4,1-6-3,259.2
20260328_蒲郡_4,2026-03-28,蒲郡,4,2-6-3,619.2
20260328_蒲郡_4,2026-03-28,蒲郡,4,3-6-2,402.5
20260328_蒲郡_4,2026-03-28,蒲郡,4,4-6-2,1184.0
20260328_蒲郡_4,2026-03-28,蒲郡,4,5-6-2,1438.0
20260328_蒲郡_4,2026-03-28,蒲郡,4,6-5-2,3160.0
20260328_蒲郡_4,2026-03-28,蒲郡,4,1-6-4,303.2
20260328_蒲郡_4,2026-03-28,蒲郡,4,2-6-4,1086.0
20260328_蒲郡_4,2026-03-28,蒲郡,4,3-6-4,432.8
20260328_蒲郡_4,2026-03-28,蒲郡,4,4-6-3,1058.0
20260328_蒲郡_4,2026-03-28,蒲郡,4,5-6-3,1242.0
20260328_蒲郡_4,2026-03-28,蒲郡,4,6-5-3,2957.0
20260328_蒲郡_4,2026-03-28,蒲郡,4,1-6-5,367.9
20260328_蒲郡_4,2026-03-28,蒲郡,4,2-6-5,1251.0
20260328_蒲郡_4,2026-03-28,蒲郡,4,3-6-5,495.0
20260328_蒲郡_4,2026-03-28,蒲郡,4,4-6-5,993.6
20260328_蒲郡_4,2026-03-28,蒲郡,4,5-6-4,1439.0
20260328_蒲郡_4,2026-03-28,蒲郡,4,6-5-4,3038.0
20260328_蒲郡_5,2026-03-28,蒲郡,5,1-2-3,5.7
20260328_蒲郡_5,2026-03-28,蒲郡,5,2-1-3,37.4
20260328_蒲郡_5,2026-03-28,蒲郡,5,3-1-2,49.0
20260328_蒲郡_5,2026-03-28,蒲郡,5,4-1-2,248.4
20260328_蒲郡_5,2026-03-28,蒲郡,5,5-1-2,770.9
20260328_蒲郡_5,2026-03-28,蒲郡,5,6-1-2,31.7
20260328_蒲郡_5,2026-03-28,蒲郡,5,1-2-4,12.8
20260328_蒲郡_5,2026-03-28,蒲郡,5,2-1-4,67.0
20260328_蒲郡_5,2026-03-28,蒲郡,5,3-1-4,57.0
20260328_蒲郡_5,2026-03-28,蒲郡,5,4-1-3,227.6
20260328_蒲郡_5,2026-03-28,蒲郡,5,5-1-3,649.4
20260328_蒲郡_5,2026-03-28,蒲郡,5,6-1-3,29.4
20260328_蒲郡_5,2026-03-28,蒲郡,5,1-2-5,39.2
20260328_蒲郡_5,2026-03-28,蒲郡,5,2-1-5,167.3
20260328_蒲郡_5,2026-03-28,蒲郡,5,3-1-5,139.7
20260328_蒲郡_5,2026-03-28,蒲郡,5,4-1-5,332.8
20260328_蒲郡_5,2026-03-28,蒲郡,5,5-1-4,929.0
20260328_蒲郡_5,2026-03-28,蒲郡,5,6-1-4,62.2
20260328_蒲郡_5,2026-03-28,蒲郡,5,1-2-6,27.9
20260328_蒲郡_5,2026-03-28,蒲郡,5,2-1-6,90.1
20260328_蒲郡_5,2026-03-28,蒲郡,5,3-1-6,85.5
20260328_蒲郡_5,2026-03-28,蒲郡,5,4-1-6,338.5
20260328_蒲郡_5,2026-03-28,蒲郡,5,5-1-6,940.0
20260328_蒲郡_5,2026-03-28,蒲郡,5,6-1-5,132.0
20260328_蒲郡_5,2026-03-28,蒲郡,5,1-3-2,7.1
20260328_蒲郡_5,2026-03-28,蒲郡,5,2-3-1,73.8
20260328_蒲郡_5,2026-03-28,蒲郡,5,3-2-1,89.9
20260328_蒲郡_5,2026-03-28,蒲郡,5,4-2-1,408.4
20260328_蒲郡_5,2026-03-28,蒲郡,5,5-2-1,1091.0
20260328_蒲郡_5,2026-03-28,蒲郡,5,6-2-1,46.2
20260328_蒲郡_5,2026-03-28,蒲郡,5,1-3-4,10.4
20260328_蒲郡_5,2026-03-28,蒲郡,5,2-3-4,160.0
20260328_蒲郡_5,2026-03-28,蒲郡,5,3-2-4,192.2
20260328_蒲郡_5,2026-03-28,蒲郡,5,4-2-3,526.1
20260328_蒲郡_5,2026-03-28,蒲郡,5,5-2-3,783.7
20260328_蒲郡_5,2026-03-28,蒲郡,5,6-2-3,58.3
20260328_蒲郡_5,2026-03-28,蒲郡,5,1-3-5,37.3
20260328_蒲郡_5,2026-03-28,蒲郡,5,2-3-5,250.3
20260328_蒲郡_5,2026-03-28,蒲郡,5,3-2-5,306.6
20260328_蒲郡_5,2026-03-28,蒲郡,5,4-2-5,1010.0
20260328_蒲郡_5,2026-03-28,蒲郡,5,5-2-4,1790.0
20260328_蒲郡_5,2026-03-28,蒲郡,5,6-2-4,101.0
20260328_蒲郡_5,2026-03-28,蒲郡,5,1-3-6,22.1
20260328_蒲郡_5,2026-03-28,蒲郡,5,2-3-6,187.3
20260328_蒲郡_5,2026-03-28,蒲郡,5,3-2-6,227.9
20260328_蒲郡_5,2026-03-28,蒲郡,5,4-2-6,750.9
20260328_蒲郡_5,2026-03-28,蒲郡,5,5-2-6,1556.0
20260328_蒲郡_5,2026-03-28,蒲郡,5,6-2-5,193.2
20260328_蒲郡_5,2026-03-28,蒲郡,5,1-4-2,25.8
20260328_蒲郡_5,2026-03-28,蒲郡,5,2-4-1,238.0
20260328_蒲郡_5,2026-03-28,蒲郡,5,3-4-1,169.3
20260328_蒲郡_5,2026-03-28,蒲郡,5,4-3-1,346.4
20260328_蒲郡_5,2026-03-28,蒲郡,5,5-3-1,888.2
20260328_蒲郡_5,2026-03-28,蒲郡,5,6-3-1,47.0
20260328_蒲郡_5,2026-03-28,蒲郡,5,1-4-3,25.1
20260328_蒲郡_5,2026-03-28,蒲郡,5,2-4-3,286.6
20260328_蒲郡_5,2026-03-28,蒲郡,5,3-4-2,267.2
20260328_蒲郡_5,2026-03-28,蒲郡,5,4-3-2,583.0
20260328_蒲郡_5,2026-03-28,蒲郡,5,5-3-2,954.1
20260328_蒲郡_5,2026-03-28,蒲郡,5,6-3-2,69.5
20260328_蒲郡_5,2026-03-28,蒲郡,5,1-4-5,95.9
20260328_蒲郡_5,2026-03-28,蒲郡,5,2-4-5,721.9
20260328_蒲郡_5,2026-03-28,蒲郡,5,3-4-5,532.1
20260328_蒲郡_5,2026-03-28,蒲郡,5,4-3-5,1086.0
20260328_蒲郡_5,2026-03-28,蒲郡,5,5-3-4,1717.0
20260328_蒲郡_5,2026-03-28,蒲郡,5,6-3-4,103.7
20260328_蒲郡_5,2026-03-28,蒲郡,5,1-4-6,68.5
20260328_蒲郡_5,2026-03-28,蒲郡,5,2-4-6,488.4
20260328_蒲郡_5,2026-03-28,蒲郡,5,3-4-6,372.6
20260328_蒲郡_5,2026-03-28,蒲郡,5,4-3-6,688.7
20260328_蒲郡_5,2026-03-28,蒲郡,5,5-3-6,1345.0
20260328_蒲郡_5,2026-03-28,蒲郡,5,6-3-5,199.0
20260328_蒲郡_5,2026-03-28,蒲郡,5,1-5-2,125.3
20260328_蒲郡_5,2026-03-28,蒲郡,5,2-5-1,592.2
20260328_蒲郡_5,2026-03-28,蒲郡,5,3-5-1,468.8
20260328_蒲郡_5,2026-03-28,蒲郡,5,4-5-1,556.3
20260328_蒲郡_5,2026-03-28,蒲郡,5,5-4-1,1153.0
20260328_蒲郡_5,2026-03-28,蒲郡,5,6-4-1,130.6
20260328_蒲郡_5,2026-03-28,蒲郡,5,1-5-3,117.8
20260328_蒲郡_5,2026-03-28,蒲郡,5,2-5-3,543.2
20260328_蒲郡_5,2026-03-28,蒲郡,5,3-5-2,505.2
20260328_蒲郡_5,2026-03-28,蒲郡,5,4-5-2,1173.0
20260328_蒲郡_5,2026-03-28,蒲郡,5,5-4-2,2049.0
20260328_蒲郡_5,2026-03-28,蒲郡,5,6-4-2,171.4
20260328_蒲郡_5,2026-03-28,蒲郡,5,1-5-4,188.4
20260328_蒲郡_5,2026-03-28,蒲郡,5,2-5-4,1038.0
20260328_蒲郡_5,2026-03-28,蒲郡,5,3-5-4,876.6
20260328_蒲郡_5,2026-03-28,蒲郡,5,4-5-3,1198.0
20260328_蒲郡_5,2026-03-28,蒲郡,5,5-4-3,1834.0
20260328_蒲郡_5,2026-03-28,蒲郡,5,6-4-3,173.4
20260328_蒲郡_5,2026-03-28,蒲郡,5,1-5-6,222.2
20260328_蒲郡_5,2026-03-28,蒲郡,5,2-5-6,1029.0
20260328_蒲郡_5,2026-03-28,蒲郡,5,3-5-6,687.6
20260328_蒲郡_5,2026-03-28,蒲郡,5,4-5-6,1005.0
20260328_蒲郡_5,2026-03-28,蒲郡,5,5-4-6,1609.0
20260328_蒲郡_5,2026-03-28,蒲郡,5,6-4-5,276.3
20260328_蒲郡_5,2026-03-28,蒲郡,5,1-6-2,44.7
20260328_蒲郡_5,2026-03-28,蒲郡,5,2-6-1,189.2
20260328_蒲郡_5,2026-03-28,蒲郡,5,3-6-1,173.0
20260328_蒲郡_5,2026-03-28,蒲郡,5,4-6-1,425.2
20260328_蒲郡_5,2026-03-28,蒲郡,5,5-6-1,1082.0
20260328_蒲郡_5,2026-03-28,蒲郡,5,6-5-1,257.0
20260328_蒲郡_5,2026-03-28,蒲郡,5,1-6-3,39.0
20260328_蒲郡_5,2026-03-28,蒲郡,5,2-6-3,246.8
20260328_蒲郡_5,2026-03-28,蒲郡,5,3-6-2,269.8
20260328_蒲郡_5,2026-03-28,蒲郡,5,4-6-2,674.1
20260328_蒲郡_5,2026-03-28,蒲郡,5,5-6-2,1454.0
20260328_蒲郡_5,2026-03-28,蒲郡,5,6-5-2,326.7
20260328_蒲郡_5,2026-03-28,蒲郡,5,1-6-4,88.4
20260328_蒲郡_5,2026-03-28,蒲郡,5,2-6-4,489.3
20260328_蒲郡_5,2026-03-28,蒲郡,5,3-6-4,384.7
20260328_蒲郡_5,2026-03-28,蒲郡,5,4-6-3,579.8
20260328_蒲郡_5,2026-03-28,蒲郡,5,5-6-3,1230.0
20260328_蒲郡_5,2026-03-28,蒲郡,5,6-5-3,322.7
20260328_蒲郡_5,2026-03-28,蒲郡,5,1-6-5,171.2
20260328_蒲郡_5,2026-03-28,蒲郡,5,2-6-5,831.3
20260328_蒲郡_5,2026-03-28,蒲郡,5,3-6-5,623.9
20260328_蒲郡_5,2026-03-28,蒲郡,5,4-6-5,757.1
20260328_蒲郡_5,2026-03-28,蒲郡,5,5-6-4,1406.0
20260328_蒲郡_5,2026-03-28,蒲郡,5,6-5-4,331.9
20260328_蒲郡_6,2026-03-28,蒲郡,6,1-2-3,9.6
20260328_蒲郡_6,2026-03-28,蒲郡,6,2-1-3,44.0
20260328_蒲郡_6,2026-03-28,蒲郡,6,3-1-2,50.0
20260328_蒲郡_6,2026-03-28,蒲郡,6,4-1-2,457.9
20260328_蒲郡_6,2026-03-28,蒲郡,6,5-1-2,98.2
20260328_蒲郡_6,2026-03-28,蒲郡,6,6-1-2,602.4
20260328_蒲郡_6,2026-03-28,蒲郡,6,1-2-4,33.2
20260328_蒲郡_6,2026-03-28,蒲郡,6,2-1-4,106.4
20260328_蒲郡_6,2026-03-28,蒲郡,6,3-1-4,67.3
20260328_蒲郡_6,2026-03-28,蒲郡,6,4-1-3,404.1
20260328_蒲郡_6,2026-03-28,蒲郡,6,5-1-3,61.6
20260328_蒲郡_6,2026-03-28,蒲郡,6,6-1-3,453.8
20260328_蒲郡_6,2026-03-28,蒲郡,6,1-2-5,14.8
20260328_蒲郡_6,2026-03-28,蒲郡,6,2-1-5,58.1
20260328_蒲郡_6,2026-03-28,蒲郡,6,3-1-5,26.9
20260328_蒲郡_6,2026-03-28,蒲郡,6,4-1-5,327.3
20260328_蒲郡_6,2026-03-28,蒲郡,6,5-1-4,234.5
20260328_蒲郡_6,2026-03-28,蒲郡,6,6-1-4,1165.0
20260328_蒲郡_6,2026-03-28,蒲郡,6,1-2-6,25.5
20260328_蒲郡_6,2026-03-28,蒲郡,6,2-1-6,78.0
20260328_蒲郡_6,2026-03-28,蒲郡,6,3-1-6,42.0
20260328_蒲郡_6,2026-03-28,蒲郡,6,4-1-6,493.9
20260328_蒲郡_6,2026-03-28,蒲郡,6,5-1-6,90.6
20260328_蒲郡_6,2026-03-28,蒲郡,6,6-1-5,584.5
20260328_蒲郡_6,2026-03-28,蒲郡,6,1-3-2,10.5
20260328_蒲郡_6,2026-03-28,蒲郡,6,2-3-1,89.0
20260328_蒲郡_6,2026-03-28,蒲郡,6,3-2-1,102.6
20260328_蒲郡_6,2026-03-28,蒲郡,6,4-2-1,749.0
20260328_蒲郡_6,2026-03-28,蒲郡,6,5-2-1,206.2
20260328_蒲郡_6,2026-03-28,蒲郡,6,6-2-1,960.8
20260328_蒲郡_6,2026-03-28,蒲郡,6,1-3-4,20.7
20260328_蒲郡_6,2026-03-28,蒲郡,6,2-3-4,247.8
20260328_蒲郡_6,2026-03-28,蒲郡,6,3-2-4,283.0
20260328_蒲郡_6,2026-03-28,蒲郡,6,4-2-3,886.1
20260328_蒲郡_6,2026-03-28,蒲郡,6,5-2-3,223.3
20260328_蒲郡_6,2026-03-28,蒲郡,6,6-2-3,905.7
20260328_蒲郡_6,2026-03-28,蒲郡,6,1-3-5,7.9
20260328_蒲郡_6,2026-03-28,蒲郡,6,2-3-5,110.7
20260328_蒲郡_6,2026-03-28,蒲郡,6,3-2-5,105.9
20260328_蒲郡_6,2026-03-28,蒲郡,6,4-2-5,1062.0
20260328_蒲郡_6,2026-03-28,蒲郡,6,5-2-4,835.1
20260328_蒲郡_6,2026-03-28,蒲郡,6,6-2-4,1981.0
20260328_蒲郡_6,2026-03-28,蒲郡,6,1-3-6,13.8
20260328_蒲郡_6,2026-03-28,蒲郡,6,2-3-6,151.7
20260328_蒲郡_6,2026-03-28,蒲郡,6,3-2-6,169.7
20260328_蒲郡_6,2026-03-28,蒲郡,6,4-2-6,1124.0
20260328_蒲郡_6,2026-03-28,蒲郡,6,5-2-6,303.5
20260328_蒲郡_6,2026-03-28,蒲郡,6,6-2-5,1170.0
20260328_蒲郡_6,2026-03-28,蒲郡,6,1-4-2,63.9
20260328_蒲郡_6,2026-03-28,蒲郡,6,2-4-1,385.5
20260328_蒲郡_6,2026-03-28,蒲郡,6,3-4-1,220.6
20260328_蒲郡_6,2026-03-28,蒲郡,6,4-3-1,513.8
20260328_蒲郡_6,2026-03-28,蒲郡,6,5-3-1,103.2
20260328_蒲郡_6,2026-03-28,蒲郡,6,6-3-1,582.4
20260328_蒲郡_6,2026-03-28,蒲郡,6,1-4-3,45.1
20260328_蒲郡_6,2026-03-28,蒲郡,6,2-4-3,485.5
20260328_蒲郡_6,2026-03-28,蒲郡,6,3-4-2,379.3
20260328_蒲郡_6,2026-03-28,蒲郡,6,4-3-2,862.5
20260328_蒲郡_6,2026-03-28,蒲郡,6,5-3-2,204.5
20260328_蒲郡_6,2026-03-28,蒲郡,6,6-3-2,905.7
20260328_蒲郡_6,2026-03-28,蒲郡,6,1-4-5,59.8
20260328_蒲郡_6,2026-03-28,蒲郡,6,2-4-5,610.5
20260328_蒲郡_6,2026-03-28,蒲郡,6,3-4-5,235.4
20260328_蒲郡_6,2026-03-28,蒲郡,6,4-3-5,605.8
20260328_蒲郡_6,2026-03-28,蒲郡,6,5-3-4,477.8
20260328_蒲郡_6,2026-03-28,蒲郡,6,6-3-4,1578.0
20260328_蒲郡_6,2026-03-28,蒲郡,6,1-4-6,80.0
20260328_蒲郡_6,2026-03-28,蒲郡,6,2-4-6,603.5
20260328_蒲郡_6,2026-03-28,蒲郡,6,3-4-6,299.9
20260328_蒲郡_6,2026-03-28,蒲郡,6,4-3-6,824.3
20260328_蒲郡_6,2026-03-28,蒲郡,6,5-3-6,163.3
20260328_蒲郡_6,2026-03-28,蒲郡,6,6-3-5,643.8
20260328_蒲郡_6,2026-03-28,蒲郡,6,1-5-2,23.3
20260328_蒲郡_6,2026-03-28,蒲郡,6,2-5-1,154.1
20260328_蒲郡_6,2026-03-28,蒲郡,6,3-5-1,64.1
20260328_蒲郡_6,2026-03-28,蒲郡,6,4-5-1,418.5
20260328_蒲郡_6,2026-03-28,蒲郡,6,5-4-1,601.2
20260328_蒲郡_6,2026-03-28,蒲郡,6,6-4-1,1945.0
20260328_蒲郡_6,2026-03-28,蒲郡,6,1-5-3,14.6
20260328_蒲郡_6,2026-03-28,蒲郡,6,2-5-3,170.0
20260328_蒲郡_6,2026-03-28,蒲郡,6,3-5-2,118.7
20260328_蒲郡_6,2026-03-28,蒲郡,6,4-5-2,866.6
20260328_蒲郡_6,2026-03-28,蒲郡,6,5-4-2,1151.0
20260328_蒲郡_6,2026-03-28,蒲郡,6,6-4-2,2299.0
20260328_蒲郡_6,2026-03-28,蒲郡,6,1-5-4,69.2
20260328_蒲郡_6,2026-03-28,蒲郡,6,2-5-4,572.1
20260328_蒲郡_6,2026-03-28,蒲郡,6,3-5-4,226.2
20260328_蒲郡_6,2026-03-28,蒲郡,6,4-5-3,671.1
20260328_蒲郡_6,2026-03-28,蒲郡,6,5-4-3,797.2
20260328_蒲郡_6,2026-03-28,蒲郡,6,6-4-3,2076.0
20260328_蒲郡_6,2026-03-28,蒲郡,6,1-5-6,26.4
20260328_蒲郡_6,2026-03-28,蒲郡,6,2-5-6,246.7
20260328_蒲郡_6,2026-03-28,蒲郡,6,3-5-6,90.6
20260328_蒲郡_6,2026-03-28,蒲郡,6,4-5-6,547.1
20260328_蒲郡_6,2026-03-28,蒲郡,6,5-4-6,711.5
20260328_蒲郡_6,2026-03-28,蒲郡,6,6-4-5,1912.0
20260328_蒲郡_6,2026-03-28,蒲郡,6,1-6-2,83.6
20260328_蒲郡_6,2026-03-28,蒲郡,6,2-6-1,338.2
20260328_蒲郡_6,2026-03-28,蒲郡,6,3-6-1,181.5
20260328_蒲郡_6,2026-03-28,蒲郡,6,4-6-1,915.6
20260328_蒲郡_6,2026-03-28,蒲郡,6,5-6-1,242.8
20260328_蒲郡_6,2026-03-28,蒲郡,6,6-5-1,694.3
20260328_蒲郡_6,2026-03-28,蒲郡,6,1-6-3,55.7
20260328_蒲郡_6,2026-03-28,蒲郡,6,2-6-3,385.3
20260328_蒲郡_6,2026-03-28,蒲郡,6,3-6-2,301.7
20260328_蒲郡_6,2026-03-28,蒲郡,6,4-6-2,1267.0
20260328_蒲郡_6,2026-03-28,蒲郡,6,5-6-2,394.4
20260328_蒲郡_6,2026-03-28,蒲郡,6,6-5-2,1053.0
20260328_蒲郡_6,2026-03-28,蒲郡,6,1-6-4,164.5
20260328_蒲郡_6,2026-03-28,蒲郡,6,2-6-4,817.9
20260328_蒲郡_6,2026-03-28,蒲郡,6,3-6-4,449.8
20260328_蒲郡_6,2026-03-28,蒲郡,6,4-6-3,1108.0
20260328_蒲郡_6,2026-03-28,蒲郡,6,5-6-3,259.2
20260328_蒲郡_6,2026-03-28,蒲郡,6,6-5-3,633.8
20260328_蒲郡_6,2026-03-28,蒲郡,6,1-6-5,68.8
20260328_蒲郡_6,2026-03-28,蒲郡,6,2-6-5,421.4
20260328_蒲郡_6,2026-03-28,蒲郡,6,3-6-5,178.5
20260328_蒲郡_6,2026-03-28,蒲郡,6,4-6-5,914.9
20260328_蒲郡_6,2026-03-28,蒲郡,6,5-6-4,721.7
20260328_蒲郡_6,2026-03-28,蒲郡,6,6-5-4,1648.0
20260328_蒲郡_7,2026-03-28,蒲郡,7,1-2-3,9.8
20260328_蒲郡_7,2026-03-28,蒲郡,7,2-1-3,72.8
20260328_蒲郡_7,2026-03-28,蒲郡,7,3-1-2,49.0
20260328_蒲郡_7,2026-03-28,蒲郡,7,4-1-2,136.5
20260328_蒲郡_7,2026-03-28,蒲郡,7,5-1-2,81.0
20260328_蒲郡_7,2026-03-28,蒲郡,7,6-1-2,1144.0
20260328_蒲郡_7,2026-03-28,蒲郡,7,1-2-4,17.3
20260328_蒲郡_7,2026-03-28,蒲郡,7,2-1-4,111.5
20260328_蒲郡_7,2026-03-28,蒲郡,7,3-1-4,35.3
20260328_蒲郡_7,2026-03-28,蒲郡,7,4-1-3,99.1
20260328_蒲郡_7,2026-03-28,蒲郡,7,5-1-3,63.8
20260328_蒲郡_7,2026-03-28,蒲郡,7,6-1-3,1053.0
20260328_蒲郡_7,2026-03-28,蒲郡,7,1-2-5,19.9
20260328_蒲郡_7,2026-03-28,蒲郡,7,2-1-5,124.2
20260328_蒲郡_7,2026-03-28,蒲郡,7,3-1-5,38.0
20260328_蒲郡_7,2026-03-28,蒲郡,7,4-1-5,82.3
20260328_蒲郡_7,2026-03-28,蒲郡,7,5-1-4,73.3
20260328_蒲郡_7,2026-03-28,蒲郡,7,6-1-4,1394.0
20260328_蒲郡_7,2026-03-28,蒲郡,7,1-2-6,84.6
20260328_蒲郡_7,2026-03-28,蒲郡,7,2-1-6,294.5
20260328_蒲郡_7,2026-03-28,蒲郡,7,3-1-6,110.4
20260328_蒲郡_7,2026-03-28,蒲郡,7,4-1-6,194.1
20260328_蒲郡_7,2026-03-28,蒲郡,7,5-1-6,111.8
20260328_蒲郡_7,2026-03-28,蒲郡,7,6-1-5,1146.0
20260328_蒲郡_7,2026-03-28,蒲郡,7,1-3-2,10.3
20260328_蒲郡_7,2026-03-28,蒲郡,7,2-3-1,152.9
20260328_蒲郡_7,2026-03-28,蒲郡,7,3-2-1,140.7
20260328_蒲郡_7,2026-03-28,蒲郡,7,4-2-1,325.8
20260328_蒲郡_7,2026-03-28,蒲郡,7,5-2-1,189.5
20260328_蒲郡_7,2026-03-28,蒲郡,7,6-2-1,1456.0
20260328_蒲郡_7,2026-03-28,蒲郡,7,1-3-4,8.6
20260328_蒲郡_7,2026-03-28,蒲郡,7,2-3-4,308.5
20260328_蒲郡_7,2026-03-28,蒲郡,7,3-2-4,269.5
20260328_蒲郡_7,2026-03-28,蒲郡,7,4-2-3,387.0
20260328_蒲郡_7,2026-03-28,蒲郡,7,5-2-3,267.4
20260328_蒲郡_7,2026-03-28,蒲郡,7,6-2-3,2029.0
20260328_蒲郡_7,2026-03-28,蒲郡,7,1-3-5,9.9
20260328_蒲郡_7,2026-03-28,蒲郡,7,2-3-5,340.2
20260328_蒲郡_7,2026-03-28,蒲郡,7,3-2-5,293.0
20260328_蒲郡_7,2026-03-28,蒲郡,7,4-2-5,417.8
20260328_蒲郡_7,2026-03-28,蒲郡,7,5-2-4,341.3
20260328_蒲郡_7,2026-03-28,蒲郡,7,6-2-4,2429.0
20260328_蒲郡_7,2026-03-28,蒲郡,7,1-3-6,44.1
20260328_蒲郡_7,2026-03-28,蒲郡,7,2-3-6,708.1
20260328_蒲郡_7,2026-03-28,蒲郡,7,3-2-6,617.9
20260328_蒲郡_7,2026-03-28,蒲郡,7,4-2-6,693.2
20260328_蒲郡_7,2026-03-28,蒲郡,7,5-2-6,406.6
20260328_蒲郡_7,2026-03-28,蒲郡,7,6-2-5,2362.0
20260328_蒲郡_7,2026-03-28,蒲郡,7,1-4-2,25.3
20260328_蒲郡_7,2026-03-28,蒲郡,7,2-4-1,312.8
20260328_蒲郡_7,2026-03-28,蒲郡,7,3-4-1,100.4
20260328_蒲郡_7,2026-03-28,蒲郡,7,4-3-1,197.4
20260328_蒲郡_7,2026-03-28,蒲郡,7,5-3-1,150.3
20260328_蒲郡_7,2026-03-28,蒲郡,7,6-3-1,1508.0
20260328_蒲郡_7,2026-03-28,蒲郡,7,1-4-3,18.0
20260328_蒲郡_7,2026-03-28,蒲郡,7,2-4-3,415.8
20260328_蒲郡_7,2026-03-28,蒲郡,7,3-4-2,242.6
20260328_蒲郡_7,2026-03-28,蒲郡,7,4-3-2,460.3
20260328_蒲郡_7,2026-03-28,蒲郡,7,5-3-2,376.7
20260328_蒲郡_7,2026-03-28,蒲郡,7,6-3-2,2569.0
20260328_蒲郡_7,2026-03-28,蒲郡,7,1-4-5,19.9
20260328_蒲郡_7,2026-03-28,蒲郡,7,2-4-5,498.9
20260328_蒲郡_7,2026-03-28,蒲郡,7,3-4-5,156.3
20260328_蒲郡_7,2026-03-28,蒲郡,7,4-3-5,293.8
20260328_蒲郡_7,2026-03-28,蒲郡,7,5-3-4,306.4
20260328_蒲郡_7,2026-03-28,蒲郡,7,6-3-4,2491.0
20260328_蒲郡_7,2026-03-28,蒲郡,7,1-4-6,74.6
20260328_蒲郡_7,2026-03-28,蒲郡,7,2-4-6,867.6
20260328_蒲郡_7,2026-03-28,蒲郡,7,3-4-6,384.2
20260328_蒲郡_7,2026-03-28,蒲郡,7,4-3-6,630.7
20260328_蒲郡_7,2026-03-28,蒲郡,7,5-3-6,455.1
20260328_蒲郡_7,2026-03-28,蒲郡,7,6-3-5,2402.0
20260328_蒲郡_7,2026-03-28,蒲郡,7,1-5-2,21.3
20260328_蒲郡_7,2026-03-28,蒲郡,7,2-5-1,302.5
20260328_蒲郡_7,2026-03-28,蒲郡,7,3-5-1,106.4
20260328_蒲郡_7,2026-03-28,蒲郡,7,4-5-1,99.0
20260328_蒲郡_7,2026-03-28,蒲郡,7,5-4-1,139.9
20260328_蒲郡_7,2026-03-28,蒲郡,7,6-4-1,1834.0
20260328_蒲郡_7,2026-03-28,蒲郡,7,1-5-3,16.6
20260328_蒲郡_7,2026-03-28,蒲郡,7,2-5-3,437.1
20260328_蒲郡_7,2026-03-28,蒲郡,7,3-5-2,248.8
20260328_蒲郡_7,2026-03-28,蒲郡,7,4-5-2,216.3
20260328_蒲郡_7,2026-03-28,蒲郡,7,5-4-2,285.7
20260328_蒲郡_7,2026-03-28,蒲郡,7,6-4-2,2487.0
20260328_蒲郡_7,2026-03-28,蒲郡,7,1-5-4,23.2
20260328_蒲郡_7,2026-03-28,蒲郡,7,2-5-4,552.1
20260328_蒲郡_7,2026-03-28,蒲郡,7,3-5-4,175.7
20260328_蒲郡_7,2026-03-28,蒲郡,7,4-5-3,176.2
20260328_蒲郡_7,2026-03-28,蒲郡,7,5-4-3,241.3
20260328_蒲郡_7,2026-03-28,蒲郡,7,6-4-3,2475.0
20260328_蒲郡_7,2026-03-28,蒲郡,7,1-5-6,49.2
20260328_蒲郡_7,2026-03-28,蒲郡,7,2-5-6,914.6
20260328_蒲郡_7,2026-03-28,蒲郡,7,3-5-6,332.4
20260328_蒲郡_7,2026-03-28,蒲郡,7,4-5-6,178.0
20260328_蒲郡_7,2026-03-28,蒲郡,7,5-4-6,252.5
20260328_蒲郡_7,2026-03-28,蒲郡,7,6-4-5,1667.0
20260328_蒲郡_7,2026-03-28,蒲郡,7,1-6-2,221.8
20260328_蒲郡_7,2026-03-28,蒲郡,7,2-6-1,1102.0
20260328_蒲郡_7,2026-03-28,蒲郡,7,3-6-1,548.8
20260328_蒲郡_7,2026-03-28,蒲郡,7,4-6-1,499.4
20260328_蒲郡_7,2026-03-28,蒲郡,7,5-6-1,303.7
20260328_蒲郡_7,2026-03-28,蒲郡,7,6-5-1,1217.0
20260328_蒲郡_7,2026-03-28,蒲郡,7,1-6-3,164.9
20260328_蒲郡_7,2026-03-28,蒲郡,7,2-6-3,1482.0
20260328_蒲郡_7,2026-03-28,蒲郡,7,3-6-2,901.4
20260328_蒲郡_7,2026-03-28,蒲郡,7,4-6-2,789.5
20260328_蒲郡_7,2026-03-28,蒲郡,7,5-6-2,506.7
20260328_蒲郡_7,2026-03-28,蒲郡,7,6-5-2,1967.0
20260328_蒲郡_7,2026-03-28,蒲郡,7,1-6-4,221.1
20260328_蒲郡_7,2026-03-28,蒲郡,7,2-6-4,1694.0
20260328_蒲郡_7,2026-03-28,蒲郡,7,3-6-4,827.4
20260328_蒲郡_7,2026-03-28,蒲郡,7,4-6-3,704.9
20260328_蒲郡_7,2026-03-28,蒲郡,7,5-6-3,480.1
20260328_蒲郡_7,2026-03-28,蒲郡,7,6-5-3,1692.0
20260328_蒲郡_7,2026-03-28,蒲郡,7,1-6-5,174.2
20260328_蒲郡_7,2026-03-28,蒲郡,7,2-6-5,1692.0
20260328_蒲郡_7,2026-03-28,蒲郡,7,3-6-5,735.2
20260328_蒲郡_7,2026-03-28,蒲郡,7,4-6-5,448.4
20260328_蒲郡_7,2026-03-28,蒲郡,7,5-6-4,440.4
20260328_蒲郡_7,2026-03-28,蒲郡,7,6-5-4,1393.0
20260328_蒲郡_8,2026-03-28,蒲郡,8,1-2-3,19.5
20260328_蒲郡_8,2026-03-28,蒲郡,8,2-1-3,121.8
20260328_蒲郡_8,2026-03-28,蒲郡,8,3-1-2,163.3
20260328_蒲郡_8,2026-03-28,蒲郡,8,4-1-2,45.9
20260328_蒲郡_8,2026-03-28,蒲郡,8,5-1-2,254.2
20260328_蒲郡_8,2026-03-28,蒲郡,8,6-1-2,261.7
20260328_蒲郡_8,2026-03-28,蒲郡,8,1-2-4,9.1
20260328_蒲郡_8,2026-03-28,蒲郡,8,2-1-4,78.3
20260328_蒲郡_8,2026-03-28,蒲郡,8,3-1-4,87.3
20260328_蒲郡_8,2026-03-28,蒲郡,8,4-1-3,58.2
20260328_蒲郡_8,2026-03-28,蒲郡,8,5-1-3,272.3
20260328_蒲郡_8,2026-03-28,蒲郡,8,6-1-3,359.1
20260328_蒲郡_8,2026-03-28,蒲郡,8,1-2-5,28.1
20260328_蒲郡_8,2026-03-28,蒲郡,8,2-1-5,195.8
20260328_蒲郡_8,2026-03-28,蒲郡,8,3-1-5,183.5
20260328_蒲郡_8,2026-03-28,蒲郡,8,4-1-5,34.6
20260328_蒲郡_8,2026-03-28,蒲郡,8,5-1-4,139.1
20260328_蒲郡_8,2026-03-28,蒲郡,8,6-1-4,220.7
20260328_蒲郡_8,2026-03-28,蒲郡,8,1-2-6,27.5
20260328_蒲郡_8,2026-03-28,蒲郡,8,2-1-6,210.3
20260328_蒲郡_8,2026-03-28,蒲郡,8,3-1-6,216.1
20260328_蒲郡_8,2026-03-28,蒲郡,8,4-1-6,50.5
20260328_蒲郡_8,2026-03-28,蒲郡,8,5-1-6,223.2
20260328_蒲郡_8,2026-03-28,蒲郡,8,6-1-5,435.4
20260328_蒲郡_8,2026-03-28,蒲郡,8,1-3-2,29.5
20260328_蒲郡_8,2026-03-28,蒲郡,8,2-3-1,303.4
20260328_蒲郡_8,2026-03-28,蒲郡,8,3-2-1,238.7
20260328_蒲郡_8,2026-03-28,蒲郡,8,4-2-1,120.8
20260328_蒲郡_8,2026-03-28,蒲郡,8,5-2-1,523.2
20260328_蒲郡_8,2026-03-28,蒲郡,8,6-2-1,434.5
20260328_蒲郡_8,2026-03-28,蒲郡,8,1-3-4,14.7
20260328_蒲郡_8,2026-03-28,蒲郡,8,2-3-4,492.2
20260328_蒲郡_8,2026-03-28,蒲郡,8,3-2-4,422.5
20260328_蒲郡_8,2026-03-28,蒲郡,8,4-2-3,250.2
20260328_蒲郡_8,2026-03-28,蒲郡,8,5-2-3,967.5
20260328_蒲郡_8,2026-03-28,蒲郡,8,6-2-3,810.7
20260328_蒲郡_8,2026-03-28,蒲郡,8,1-3-5,38.2
20260328_蒲郡_8,2026-03-28,蒲郡,8,2-3-5,918.7
20260328_蒲郡_8,2026-03-28,蒲郡,8,3-2-5,711.7
20260328_蒲郡_8,2026-03-28,蒲郡,8,4-2-5,205.4
20260328_蒲郡_8,2026-03-28,蒲郡,8,5-2-4,675.7
20260328_蒲郡_8,2026-03-28,蒲郡,8,6-2-4,605.2
20260328_蒲郡_8,2026-03-28,蒲郡,8,1-3-6,39.1
20260328_蒲郡_8,2026-03-28,蒲郡,8,2-3-6,1090.0
20260328_蒲郡_8,2026-03-28,蒲郡,8,3-2-6,755.2
20260328_蒲郡_8,2026-03-28,蒲郡,8,4-2-6,211.5
20260328_蒲郡_8,2026-03-28,蒲郡,8,5-2-6,961.0
20260328_蒲郡_8,2026-03-28,蒲郡,8,6-2-5,1305.0
20260328_蒲郡_8,2026-03-28,蒲郡,8,1-4-2,8.9
20260328_蒲郡_8,2026-03-28,蒲郡,8,2-4-1,135.9
20260328_蒲郡_8,2026-03-28,蒲郡,8,3-4-1,97.2
20260328_蒲郡_8,2026-03-28,蒲郡,8,4-3-1,118.3
20260328_蒲郡_8,2026-03-28,蒲郡,8,5-3-1,536.8
20260328_蒲郡_8,2026-03-28,蒲郡,8,6-3-1,638.8
20260328_蒲郡_8,2026-03-28,蒲郡,8,1-4-3,11.9
20260328_蒲郡_8,2026-03-28,蒲郡,8,2-4-3,351.5
20260328_蒲郡_8,2026-03-28,蒲郡,8,3-4-2,252.9
20260328_蒲郡_8,2026-03-28,蒲郡,8,4-3-2,281.1
20260328_蒲郡_8,2026-03-28,蒲郡,8,5-3-2,1103.0
20260328_蒲郡_8,2026-03-28,蒲郡,8,6-3-2,915.5
20260328_蒲郡_8,2026-03-28,蒲郡,8,1-4-5,10.5
20260328_蒲郡_8,2026-03-28,蒲郡,8,2-4-5,314.2
20260328_蒲郡_8,2026-03-28,蒲郡,8,3-4-5,157.7
20260328_蒲郡_8,2026-03-28,蒲郡,8,4-3-5,179.3
20260328_蒲郡_8,2026-03-28,蒲郡,8,5-3-4,720.5
20260328_蒲郡_8,2026-03-28,蒲郡,8,6-3-4,880.5
20260328_蒲郡_8,2026-03-28,蒲郡,8,1-4-6,13.4
20260328_蒲郡_8,2026-03-28,蒲郡,8,2-4-6,322.2
20260328_蒲郡_8,2026-03-28,蒲郡,8,3-4-6,159.2
20260328_蒲郡_8,2026-03-28,蒲郡,8,4-3-6,186.3
20260328_蒲郡_8,2026-03-28,蒲郡,8,5-3-6,978.4
20260328_蒲郡_8,2026-03-28,蒲郡,8,6-3-5,1590.0
20260328_蒲郡_8,2026-03-28,蒲郡,8,1-5-2,45.4
20260328_蒲郡_8,2026-03-28,蒲郡,8,2-5-1,569.8
20260328_蒲郡_8,2026-03-28,蒲郡,8,3-5-1,338.1
20260328_蒲郡_8,2026-03-28,蒲郡,8,4-5-1,63.0
20260328_蒲郡_8,2026-03-28,蒲郡,8,5-4-1,188.9
20260328_蒲郡_8,2026-03-28,蒲郡,8,6-4-1,331.8
20260328_蒲郡_8,2026-03-28,蒲郡,8,1-5-3,55.0
20260328_蒲郡_8,2026-03-28,蒲郡,8,2-5-3,1100.0
20260328_蒲郡_8,2026-03-28,蒲郡,8,3-5-2,597.8
20260328_蒲郡_8,2026-03-28,蒲郡,8,4-5-2,157.0
20260328_蒲郡_8,2026-03-28,蒲郡,8,5-4-2,513.0
20260328_蒲郡_8,2026-03-28,蒲郡,8,6-4-2,582.1
20260328_蒲郡_8,2026-03-28,蒲郡,8,1-5-4,28.1
20260328_蒲郡_8,2026-03-28,蒲郡,8,2-5-4,642.5
20260328_蒲郡_8,2026-03-28,蒲郡,8,3-5-4,273.8
20260328_蒲郡_8,2026-03-28,蒲郡,8,4-5-3,178.5
20260328_蒲郡_8,2026-03-28,蒲郡,8,5-4-3,592.9
20260328_蒲郡_8,2026-03-28,蒲郡,8,6-4-3,785.1
20260328_蒲郡_8,2026-03-28,蒲郡,8,1-5-6,50.2
20260328_蒲郡_8,2026-03-28,蒲郡,8,2-5-6,1118.0
20260328_蒲郡_8,2026-03-28,蒲郡,8,3-5-6,421.4
20260328_蒲郡_8,2026-03-28,蒲郡,8,4-5-6,89.1
20260328_蒲郡_8,2026-03-28,蒲郡,8,5-4-6,318.7
20260328_蒲郡_8,2026-03-28,蒲郡,8,6-4-5,575.0
20260328_蒲郡_8,2026-03-28,蒲郡,8,1-6-2,60.1
20260328_蒲郡_8,2026-03-28,蒲郡,8,2-6-1,619.1
20260328_蒲郡_8,2026-03-28,蒲郡,8,3-6-1,504.0
20260328_蒲郡_8,2026-03-28,蒲郡,8,4-6-1,128.4
20260328_蒲郡_8,2026-03-28,蒲郡,8,5-6-1,446.6
20260328_蒲郡_8,2026-03-28,蒲郡,8,6-5-1,802.9
20260328_蒲郡_8,2026-03-28,蒲郡,8,1-6-3,78.9
20260328_蒲郡_8,2026-03-28,蒲郡,8,2-6-3,1258.0
20260328_蒲郡_8,2026-03-28,蒲郡,8,3-6-2,901.8
20260328_蒲郡_8,2026-03-28,蒲郡,8,4-6-2,252.5
20260328_蒲郡_8,2026-03-28,蒲郡,8,5-6-2,1005.0
20260328_蒲郡_8,2026-03-28,蒲郡,8,6-5-2,1381.0
20260328_蒲郡_8,2026-03-28,蒲郡,8,1-6-4,39.4
20260328_蒲郡_8,2026-03-28,蒲郡,8,2-6-4,631.8
20260328_蒲郡_8,2026-03-28,蒲郡,8,3-6-4,385.6
20260328_蒲郡_8,2026-03-28,蒲郡,8,4-6-3,296.6
20260328_蒲郡_8,2026-03-28,蒲郡,8,5-6-3,1067.0
20260328_蒲郡_8,2026-03-28,蒲郡,8,6-5-3,1668.0
20260328_蒲郡_8,2026-03-28,蒲郡,8,1-6-5,88.0
20260328_蒲郡_8,2026-03-28,蒲郡,8,2-6-5,1401.0
20260328_蒲郡_8,2026-03-28,蒲郡,8,3-6-5,670.2
20260328_蒲郡_8,2026-03-28,蒲郡,8,4-6-5,172.2
20260328_蒲郡_8,2026-03-28,蒲郡,8,5-6-4,493.0
20260328_蒲郡_8,2026-03-28,蒲郡,8,6-5-4,699.9
20260328_蒲郡_9,2026-03-28,蒲郡,9,1-2-3,11.4
20260328_蒲郡_9,2026-03-28,蒲郡,9,2-1-3,70.9
20260328_蒲郡_9,2026-03-28,蒲郡,9,3-1-2,109.7
20260328_蒲郡_9,2026-03-28,蒲郡,9,4-1-2,75.5
20260328_蒲郡_9,2026-03-28,蒲郡,9,5-1-2,162.8
20260328_蒲郡_9,2026-03-28,蒲郡,9,6-1-2,359.4
20260328_蒲郡_9,2026-03-28,蒲郡,9,1-2-4,9.7
20260328_蒲郡_9,2026-03-28,蒲郡,9,2-1-4,58.6
20260328_蒲郡_9,2026-03-28,蒲郡,9,3-1-4,77.4
20260328_蒲郡_9,2026-03-28,蒲郡,9,4-1-3,107.3
20260328_蒲郡_9,2026-03-28,蒲郡,9,5-1-3,175.4
20260328_蒲郡_9,2026-03-28,蒲郡,9,6-1-3,499.1
20260328_蒲郡_9,2026-03-28,蒲郡,9,1-2-5,16.1
20260328_蒲郡_9,2026-03-28,蒲郡,9,2-1-5,85.2
20260328_蒲郡_9,2026-03-28,蒲郡,9,3-1-5,102.3
20260328_蒲郡_9,2026-03-28,蒲郡,9,4-1-5,81.2
20260328_蒲郡_9,2026-03-28,蒲郡,9,5-1-4,164.6
20260328_蒲郡_9,2026-03-28,蒲郡,9,6-1-4,357.6
20260328_蒲郡_9,2026-03-28,蒲郡,9,1-2-6,25.1
20260328_蒲郡_9,2026-03-28,蒲郡,9,2-1-6,120.7
20260328_蒲郡_9,2026-03-28,蒲郡,9,3-1-6,129.4
20260328_蒲郡_9,2026-03-28,蒲郡,9,4-1-6,113.9
20260328_蒲郡_9,2026-03-28,蒲郡,9,5-1-6,175.1
20260328_蒲郡_9,2026-03-28,蒲郡,9,6-1-5,447.7
20260328_蒲郡_9,2026-03-28,蒲郡,9,1-3-2,15.5
20260328_蒲郡_9,2026-03-28,蒲郡,9,2-3-1,190.6
20260328_蒲郡_9,2026-03-28,蒲郡,9,3-2-1,242.2
20260328_蒲郡_9,2026-03-28,蒲郡,9,4-2-1,160.7
20260328_蒲郡_9,2026-03-28,蒲郡,9,5-2-1,347.0
20260328_蒲郡_9,2026-03-28,蒲郡,9,6-2-1,568.5
20260328_蒲郡_9,2026-03-28,蒲郡,9,1-3-4,12.7
20260328_蒲郡_9,2026-03-28,蒲郡,9,2-3-4,278.2
20260328_蒲郡_9,2026-03-28,蒲郡,9,3-2-4,384.6
20260328_蒲郡_9,2026-03-28,蒲郡,9,4-2-3,356.6
20260328_蒲郡_9,2026-03-28,蒲郡,9,5-2-3,687.2
20260328_蒲郡_9,2026-03-28,蒲郡,9,6-2-3,1265.0
20260328_蒲郡_9,2026-03-28,蒲郡,9,1-3-5,17.3
20260328_蒲郡_9,2026-03-28,蒲郡,9,2-3-5,370.8
20260328_蒲郡_9,2026-03-28,蒲郡,9,3-2-5,500.8
20260328_蒲郡_9,2026-03-28,蒲郡,9,4-2-5,296.2
20260328_蒲郡_9,2026-03-28,蒲郡,9,5-2-4,662.3
20260328_蒲郡_9,2026-03-28,蒲郡,9,6-2-4,1007.0
20260328_蒲郡_9,2026-03-28,蒲郡,9,1-3-6,24.8
20260328_蒲郡_9,2026-03-28,蒲郡,9,2-3-6,524.8
20260328_蒲郡_9,2026-03-28,蒲郡,9,3-2-6,610.5
20260328_蒲郡_9,2026-03-28,蒲郡,9,4-2-6,377.9
20260328_蒲郡_9,2026-03-28,蒲郡,9,5-2-6,633.9
20260328_蒲郡_9,2026-03-28,蒲郡,9,6-2-5,1182.0
20260328_蒲郡_9,2026-03-28,蒲郡,9,1-4-2,13.5
20260328_蒲郡_9,2026-03-28,蒲郡,9,2-4-1,135.4
20260328_蒲郡_9,2026-03-28,蒲郡,9,3-4-1,179.5
20260328_蒲郡_9,2026-03-28,蒲郡,9,4-3-1,231.4
20260328_蒲郡_9,2026-03-28,蒲郡,9,5-3-1,459.1
20260328_蒲郡_9,2026-03-28,蒲郡,9,6-3-1,874.9
20260328_蒲郡_9,2026-03-28,蒲郡,9,1-4-3,16.3
20260328_蒲郡_9,2026-03-28,蒲郡,9,2-4-3,270.6
20260328_蒲郡_9,2026-03-28,蒲郡,9,3-4-2,366.5
20260328_蒲郡_9,2026-03-28,蒲郡,9,4-3-2,445.8
20260328_蒲郡_9,2026-03-28,蒲郡,9,5-3-2,871.3
20260328_蒲郡_9,2026-03-28,蒲郡,9,6-3-2,1662.0
20260328_蒲郡_9,2026-03-28,蒲郡,9,1-4-5,16.8
20260328_蒲郡_9,2026-03-28,蒲郡,9,2-4-5,263.9
20260328_蒲郡_9,2026-03-28,蒲郡,9,3-4-5,322.9
20260328_蒲郡_9,2026-03-28,蒲郡,9,4-3-5,434.8
20260328_蒲郡_9,2026-03-28,蒲郡,9,5-3-4,769.7
20260328_蒲郡_9,2026-03-28,蒲郡,9,6-3-4,1390.0
20260328_蒲郡_9,2026-03-28,蒲郡,9,1-4-6,22.8
20260328_蒲郡_9,2026-03-28,蒲郡,9,2-4-6,333.5
20260328_蒲郡_9,2026-03-28,蒲郡,9,3-4-6,399.3
20260328_蒲郡_9,2026-03-28,蒲郡,9,4-3-6,531.9
20260328_蒲郡_9,2026-03-28,蒲郡,9,5-3-6,769.5
20260328_蒲郡_9,2026-03-28,蒲郡,9,6-3-5,1845.0
20260328_蒲郡_9,2026-03-28,蒲郡,9,1-5-2,23.4
20260328_蒲郡_9,2026-03-28,蒲郡,9,2-5-1,264.6
20260328_蒲郡_9,2026-03-28,蒲郡,9,3-5-1,304.7
20260328_蒲郡_9,2026-03-28,蒲郡,9,4-5-1,150.0
20260328_蒲郡_9,2026-03-28,蒲郡,9,5-4-1,279.9
20260328_蒲郡_9,2026-03-28,蒲郡,9,6-4-1,462.6
20260328_蒲郡_9,2026-03-28,蒲郡,9,1-5-3,24.5
20260328_蒲郡_9,2026-03-28,蒲郡,9,2-5-3,455.4
20260328_蒲郡_9,2026-03-28,蒲郡,9,3-5-2,557.9
20260328_蒲郡_9,2026-03-28,蒲郡,9,4-5-2,288.3
20260328_蒲郡_9,2026-03-28,蒲郡,9,5-4-2,558.4
20260328_蒲郡_9,2026-03-28,蒲郡,9,6-4-2,1032.0
20260328_蒲郡_9,2026-03-28,蒲郡,9,1-5-4,27.3
20260328_蒲郡_9,2026-03-28,蒲郡,9,2-5-4,413.0
20260328_蒲郡_9,2026-03-28,蒲郡,9,3-5-4,468.0
20260328_蒲郡_9,2026-03-28,蒲郡,9,4-5-3,374.8
20260328_蒲郡_9,2026-03-28,蒲郡,9,5-4-3,657.7
20260328_蒲郡_9,2026-03-28,蒲郡,9,6-4-3,1278.0
20260328_蒲郡_9,2026-03-28,蒲郡,9,1-5-6,29.6
20260328_蒲郡_9,2026-03-28,蒲郡,9,2-5-6,492.8
20260328_蒲郡_9,2026-03-28,蒲郡,9,3-5-6,501.6
20260328_蒲郡_9,2026-03-28,蒲郡,9,4-5-6,232.7
20260328_蒲郡_9,2026-03-28,蒲郡,9,5-4-6,396.7
20260328_蒲郡_9,2026-03-28,蒲郡,9,6-4-5,1020.0
20260328_蒲郡_9,2026-03-28,蒲郡,9,1-6-2,67.9
20260328_蒲郡_9,2026-03-28,蒲郡,9,2-6-1,439.2
20260328_蒲郡_9,2026-03-28,蒲郡,9,3-6-1,522.4
20260328_蒲郡_9,2026-03-28,蒲郡,9,4-6-1,258.2
20260328_蒲郡_9,2026-03-28,蒲郡,9,5-6-1,406.1
20260328_蒲郡_9,2026-03-28,蒲郡,9,6-5-1,646.4
20260328_蒲郡_9,2026-03-28,蒲郡,9,1-6-3,76.9
20260328_蒲郡_9,2026-03-28,蒲郡,9,2-6-3,960.7
20260328_蒲郡_9,2026-03-28,蒲郡,9,3-6-2,1108.0
20260328_蒲郡_9,2026-03-28,蒲郡,9,4-6-2,495.0
20260328_蒲郡_9,2026-03-28,蒲郡,9,5-6-2,727.1
20260328_蒲郡_9,2026-03-28,蒲郡,9,6-5-2,1275.0
20260328_蒲郡_9,2026-03-28,蒲郡,9,1-6-4,66.4
20260328_蒲郡_9,2026-03-28,蒲郡,9,2-6-4,708.2
20260328_蒲郡_9,2026-03-28,蒲郡,9,3-6-4,843.4
20260328_蒲郡_9,2026-03-28,蒲郡,9,4-6-3,643.9
20260328_蒲郡_9,2026-03-28,蒲郡,9,5-6-3,876.5
20260328_蒲郡_9,2026-03-28,蒲郡,9,6-5-3,1631.0
20260328_蒲郡_9,2026-03-28,蒲郡,9,1-6-5,69.2
20260328_蒲郡_9,2026-03-28,蒲郡,9,2-6-5,796.5
20260328_蒲郡_9,2026-03-28,蒲郡,9,3-6-5,884.3
20260328_蒲郡_9,2026-03-28,蒲郡,9,4-6-5,413.3
20260328_蒲郡_9,2026-03-28,蒲郡,9,5-6-4,603.3
20260328_蒲郡_9,2026-03-28,蒲郡,9,6-5-4,1095.0
20260328_蒲郡_10,2026-03-28,蒲郡,10,1-2-3,6.7
20260328_蒲郡_10,2026-03-28,蒲郡,10,2-1-3,24.6
20260328_蒲郡_10,2026-03-28,蒲郡,10,3-1-2,23.3
20260328_蒲郡_10,2026-03-28,蒲郡,10,4-1-2,235.1
20260328_蒲郡_10,2026-03-28,蒲郡,10,5-1-2,539.8
20260328_蒲郡_10,2026-03-28,蒲郡,10,6-1-2,664.8
20260328_蒲郡_10,2026-03-28,蒲郡,10,1-2-4,14.8
20260328_蒲郡_10,2026-03-28,蒲郡,10,2-1-4,50.4
20260328_蒲郡_10,2026-03-28,蒲郡,10,3-1-4,29.0
20260328_蒲郡_10,2026-03-28,蒲郡,10,4-1-3,197.9
20260328_蒲郡_10,2026-03-28,蒲郡,10,5-1-3,374.3
20260328_蒲郡_10,2026-03-28,蒲郡,10,6-1-3,491.6
20260328_蒲郡_10,2026-03-28,蒲郡,10,1-2-5,20.7
20260328_蒲郡_10,2026-03-28,蒲郡,10,2-1-5,66.2
20260328_蒲郡_10,2026-03-28,蒲郡,10,3-1-5,40.4
20260328_蒲郡_10,2026-03-28,蒲郡,10,4-1-5,318.5
20260328_蒲郡_10,2026-03-28,蒲郡,10,5-1-4,751.2
20260328_蒲郡_10,2026-03-28,蒲郡,10,6-1-4,908.3
20260328_蒲郡_10,2026-03-28,蒲郡,10,1-2-6,24.5
20260328_蒲郡_10,2026-03-28,蒲郡,10,2-1-6,73.1
20260328_蒲郡_10,2026-03-28,蒲郡,10,3-1-6,42.5
20260328_蒲郡_10,2026-03-28,蒲郡,10,4-1-6,348.6
20260328_蒲郡_10,2026-03-28,蒲郡,10,5-1-6,766.6
20260328_蒲郡_10,2026-03-28,蒲郡,10,6-1-5,1096.0
20260328_蒲郡_10,2026-03-28,蒲郡,10,1-3-2,7.6
20260328_蒲郡_10,2026-03-28,蒲郡,10,2-3-1,43.4
20260328_蒲郡_10,2026-03-28,蒲郡,10,3-2-1,45.6
20260328_蒲郡_10,2026-03-28,蒲郡,10,4-2-1,343.2
20260328_蒲郡_10,2026-03-28,蒲郡,10,5-2-1,827.7
20260328_蒲郡_10,2026-03-28,蒲郡,10,6-2-1,999.0
20260328_蒲郡_10,2026-03-28,蒲郡,10,1-3-4,10.6
20260328_蒲郡_10,2026-03-28,蒲郡,10,2-3-4,112.6
20260328_蒲郡_10,2026-03-28,蒲郡,10,3-2-4,107.6
20260328_蒲郡_10,2026-03-28,蒲郡,10,4-2-3,485.3
20260328_蒲郡_10,2026-03-28,蒲郡,10,5-2-3,837.9
20260328_蒲郡_10,2026-03-28,蒲郡,10,6-2-3,1045.0
20260328_蒲郡_10,2026-03-28,蒲郡,10,1-3-5,16.4
20260328_蒲郡_10,2026-03-28,蒲郡,10,2-3-5,119.7
20260328_蒲郡_10,2026-03-28,蒲郡,10,3-2-5,114.4
20260328_蒲郡_10,2026-03-28,蒲郡,10,4-2-5,689.6
20260328_蒲郡_10,2026-03-28,蒲郡,10,5-2-4,1701.0
20260328_蒲郡_10,2026-03-28,蒲郡,10,6-2-4,1708.0
20260328_蒲郡_10,2026-03-28,蒲郡,10,1-3-6,17.4
20260328_蒲郡_10,2026-03-28,蒲郡,10,2-3-6,125.1
20260328_蒲郡_10,2026-03-28,蒲郡,10,3-2-6,115.6
20260328_蒲郡_10,2026-03-28,蒲郡,10,4-2-6,767.0
20260328_蒲郡_10,2026-03-28,蒲郡,10,5-2-6,1469.0
20260328_蒲郡_10,2026-03-28,蒲郡,10,6-2-5,1991.0
20260328_蒲郡_10,2026-03-28,蒲郡,10,1-4-2,29.6
20260328_蒲郡_10,2026-03-28,蒲郡,10,2-4-1,181.9
20260328_蒲郡_10,2026-03-28,蒲郡,10,3-4-1,82.0
20260328_蒲郡_10,2026-03-28,蒲郡,10,4-3-1,253.8
20260328_蒲郡_10,2026-03-28,蒲郡,10,5-3-1,463.8
20260328_蒲郡_10,2026-03-28,蒲郡,10,6-3-1,589.4
20260328_蒲郡_10,2026-03-28,蒲郡,10,1-4-3,27.7
20260328_蒲郡_10,2026-03-28,蒲郡,10,2-4-3,247.8
20260328_蒲郡_10,2026-03-28,蒲郡,10,3-4-2,141.6
20260328_蒲郡_10,2026-03-28,蒲郡,10,4-3-2,488.2
20260328_蒲郡_10,2026-03-28,蒲郡,10,5-3-2,826.7
20260328_蒲郡_10,2026-03-28,蒲郡,10,6-3-2,1002.0
20260328_蒲郡_10,2026-03-28,蒲郡,10,1-4-5,55.8
20260328_蒲郡_10,2026-03-28,蒲郡,10,2-4-5,421.2
20260328_蒲郡_10,2026-03-28,蒲郡,10,3-4-5,183.0
20260328_蒲郡_10,2026-03-28,蒲郡,10,4-3-5,615.0
20260328_蒲郡_10,2026-03-28,蒲郡,10,5-3-4,1283.0
20260328_蒲郡_10,2026-03-28,蒲郡,10,6-3-4,1127.0
20260328_蒲郡_10,2026-03-28,蒲郡,10,1-4-6,49.0
20260328_蒲郡_10,2026-03-28,蒲郡,10,2-4-6,387.1
20260328_蒲郡_10,2026-03-28,蒲郡,10,3-4-6,157.2
20260328_蒲郡_10,2026-03-28,蒲郡,10,4-3-6,584.5
20260328_蒲郡_10,2026-03-28,蒲郡,10,5-3-6,1134.0
20260328_蒲郡_10,2026-03-28,蒲郡,10,6-3-5,1318.0
20260328_蒲郡_10,2026-03-28,蒲郡,10,1-5-2,70.3
20260328_蒲郡_10,2026-03-28,蒲郡,10,2-5-1,319.6
20260328_蒲郡_10,2026-03-28,蒲郡,10,3-5-1,147.1
20260328_蒲郡_10,2026-03-28,蒲郡,10,4-5-1,525.1
20260328_蒲郡_10,2026-03-28,蒲郡,10,5-4-1,1038.0
20260328_蒲郡_10,2026-03-28,蒲郡,10,6-4-1,1216.0
20260328_蒲郡_10,2026-03-28,蒲郡,10,1-5-3,60.4
20260328_蒲郡_10,2026-03-28,蒲郡,10,2-5-3,351.5
20260328_蒲郡_10,2026-03-28,蒲郡,10,3-5-2,223.2
20260328_蒲郡_10,2026-03-28,蒲郡,10,4-5-2,885.9
20260328_蒲郡_10,2026-03-28,蒲郡,10,5-4-2,1867.0
20260328_蒲郡_10,2026-03-28,蒲郡,10,6-4-2,1795.0
20260328_蒲郡_10,2026-03-28,蒲郡,10,1-5-4,114.8
20260328_蒲郡_10,2026-03-28,蒲郡,10,2-5-4,677.2
20260328_蒲郡_10,2026-03-28,蒲郡,10,3-5-4,316.7
20260328_蒲郡_10,2026-03-28,蒲郡,10,4-5-3,853.1
20260328_蒲郡_10,2026-03-28,蒲郡,10,5-4-3,1442.0
20260328_蒲郡_10,2026-03-28,蒲郡,10,6-4-3,1310.0
20260328_蒲郡_10,2026-03-28,蒲郡,10,1-5-6,105.1
20260328_蒲郡_10,2026-03-28,蒲郡,10,2-5-6,625.6
20260328_蒲郡_10,2026-03-28,蒲郡,10,3-5-6,255.3
20260328_蒲郡_10,2026-03-28,蒲郡,10,4-5-6,710.4
20260328_蒲郡_10,2026-03-28,蒲郡,10,5-4-6,1428.0
20260328_蒲郡_10,2026-03-28,蒲郡,10,6-4-5,1873.0
20260328_蒲郡_10,2026-03-28,蒲郡,10,1-6-2,87.1
20260328_蒲郡_10,2026-03-28,蒲郡,10,2-6-1,388.3
20260328_蒲郡_10,2026-03-28,蒲郡,10,3-6-1,172.6
20260328_蒲郡_10,2026-03-28,蒲郡,10,4-6-1,608.2
20260328_蒲郡_10,2026-03-28,蒲郡,10,5-6-1,1243.0
20260328_蒲郡_10,2026-03-28,蒲郡,10,6-5-1,1751.0
20260328_蒲郡_10,2026-03-28,蒲郡,10,1-6-3,75.0
20260328_蒲郡_10,2026-03-28,蒲郡,10,2-6-3,444.8
20260328_蒲郡_10,2026-03-28,蒲郡,10,3-6-2,272.0
20260328_蒲郡_10,2026-03-28,蒲郡,10,4-6-2,934.3
20260328_蒲郡_10,2026-03-28,蒲郡,10,5-6-2,1668.0
20260328_蒲郡_10,2026-03-28,蒲郡,10,6-5-2,2349.0
20260328_蒲郡_10,2026-03-28,蒲郡,10,1-6-4,126.6
20260328_蒲郡_10,2026-03-28,蒲郡,10,2-6-4,740.8
20260328_蒲郡_10,2026-03-28,蒲郡,10,3-6-4,317.1
20260328_蒲郡_10,2026-03-28,蒲郡,10,4-6-3,806.0
20260328_蒲郡_10,2026-03-28,蒲郡,10,5-6-3,1308.0
20260328_蒲郡_10,2026-03-28,蒲郡,10,6-5-3,1698.0
20260328_蒲郡_10,2026-03-28,蒲郡,10,1-6-5,148.8
20260328_蒲郡_10,2026-03-28,蒲郡,10,2-6-5,800.6
20260328_蒲郡_10,2026-03-28,蒲郡,10,3-6-5,340.2
20260328_蒲郡_10,2026-03-28,蒲郡,10,4-6-5,898.5
20260328_蒲郡_10,2026-03-28,蒲郡,10,5-6-4,1727.0
20260328_蒲郡_10,2026-03-28,蒲郡,10,6-5-4,2034.0
20260328_蒲郡_11,2026-03-28,蒲郡,11,1-2-3,9.1
20260328_蒲郡_11,2026-03-28,蒲郡,11,2-1-3,66.9
20260328_蒲郡_11,2026-03-28,蒲郡,11,3-1-2,110.4
20260328_蒲郡_11,2026-03-28,蒲郡,11,4-1-2,157.0
20260328_蒲郡_11,2026-03-28,蒲郡,11,5-1-2,88.9
20260328_蒲郡_11,2026-03-28,蒲郡,11,6-1-2,1049.0
20260328_蒲郡_11,2026-03-28,蒲郡,11,1-2-4,9.7
20260328_蒲郡_11,2026-03-28,蒲郡,11,2-1-4,63.0
20260328_蒲郡_11,2026-03-28,蒲郡,11,3-1-4,88.5
20260328_蒲郡_11,2026-03-28,蒲郡,11,4-1-3,171.4
20260328_蒲郡_11,2026-03-28,蒲郡,11,5-1-3,118.5
20260328_蒲郡_11,2026-03-28,蒲郡,11,6-1-3,1203.0
20260328_蒲郡_11,2026-03-28,蒲郡,11,1-2-5,13.3
20260328_蒲郡_11,2026-03-28,蒲郡,11,2-1-5,74.4
20260328_蒲郡_11,2026-03-28,蒲郡,11,3-1-5,118.7
20260328_蒲郡_11,2026-03-28,蒲郡,11,4-1-5,140.5
20260328_蒲郡_11,2026-03-28,蒲郡,11,5-1-4,87.5
20260328_蒲郡_11,2026-03-28,蒲郡,11,6-1-4,988.5
20260328_蒲郡_11,2026-03-28,蒲郡,11,1-2-6,41.6
20260328_蒲郡_11,2026-03-28,蒲郡,11,2-1-6,180.8
20260328_蒲郡_11,2026-03-28,蒲郡,11,3-1-6,239.4
20260328_蒲郡_11,2026-03-28,蒲郡,11,4-1-6,262.8
20260328_蒲郡_11,2026-03-28,蒲郡,11,5-1-6,142.5
20260328_蒲郡_11,2026-03-28,蒲郡,11,6-1-5,1151.0
20260328_蒲郡_11,2026-03-28,蒲郡,11,1-3-2,11.5
20260328_蒲郡_11,2026-03-28,蒲郡,11,2-3-1,179.3
20260328_蒲郡_11,2026-03-28,蒲郡,11,3-2-1,254.1
20260328_蒲郡_11,2026-03-28,蒲郡,11,4-2-1,302.5
20260328_蒲郡_11,2026-03-28,蒲郡,11,5-2-1,153.1
20260328_蒲郡_11,2026-03-28,蒲郡,11,6-2-1,1654.0
20260328_蒲郡_11,2026-03-28,蒲郡,11,1-3-4,8.5
20260328_蒲郡_11,2026-03-28,蒲郡,11,2-3-4,330.7
20260328_蒲郡_11,2026-03-28,蒲郡,11,3-2-4,525.8
20260328_蒲郡_11,2026-03-28,蒲郡,11,4-2-3,739.1
20260328_蒲郡_11,2026-03-28,蒲郡,11,5-2-3,329.2
20260328_蒲郡_11,2026-03-28,蒲郡,11,6-2-3,2994.0
20260328_蒲郡_11,2026-03-28,蒲郡,11,1-3-5,12.8
20260328_蒲郡_11,2026-03-28,蒲郡,11,2-3-5,362.8
20260328_蒲郡_11,2026-03-28,蒲郡,11,3-2-5,545.9
20260328_蒲郡_11,2026-03-28,蒲郡,11,4-2-5,499.5
20260328_蒲郡_11,2026-03-28,蒲郡,11,5-2-4,271.2
20260328_蒲郡_11,2026-03-28,蒲郡,11,6-2-4,2736.0
20260328_蒲郡_11,2026-03-28,蒲郡,11,1-3-6,35.8
20260328_蒲郡_11,2026-03-28,蒲郡,11,2-3-6,758.7
20260328_蒲郡_11,2026-03-28,蒲郡,11,3-2-6,1055.0
20260328_蒲郡_11,2026-03-28,蒲郡,11,4-2-6,968.4
20260328_蒲郡_11,2026-03-28,蒲郡,11,5-2-6,356.9
20260328_蒲郡_11,2026-03-28,蒲郡,11,6-2-5,2436.0
20260328_蒲郡_11,2026-03-28,蒲郡,11,1-4-2,14.8
20260328_蒲郡_11,2026-03-28,蒲郡,11,2-4-1,188.7
20260328_蒲郡_11,2026-03-28,蒲郡,11,3-4-1,228.7
20260328_蒲郡_11,2026-03-28,蒲郡,11,4-3-1,348.9
20260328_蒲郡_11,2026-03-28,蒲郡,11,5-3-1,298.0
20260328_蒲郡_11,2026-03-28,蒲郡,11,6-3-1,1973.0
20260328_蒲郡_11,2026-03-28,蒲郡,11,1-4-3,14.9
20260328_蒲郡_11,2026-03-28,蒲郡,11,2-4-3,392.9
20260328_蒲郡_11,2026-03-28,蒲郡,11,3-4-2,581.7
20260328_蒲郡_11,2026-03-28,蒲郡,11,4-3-2,915.0
20260328_蒲郡_11,2026-03-28,蒲郡,11,5-3-2,528.0
20260328_蒲郡_11,2026-03-28,蒲郡,11,6-3-2,3580.0
20260328_蒲郡_11,2026-03-28,蒲郡,11,1-4-5,17.4
20260328_蒲郡_11,2026-03-28,蒲郡,11,2-4-5,296.3
20260328_蒲郡_11,2026-03-28,蒲郡,11,3-4-5,484.2
20260328_蒲郡_11,2026-03-28,蒲郡,11,4-3-5,729.4
20260328_蒲郡_11,2026-03-28,蒲郡,11,5-3-4,491.8
20260328_蒲郡_11,2026-03-28,蒲郡,11,6-3-4,3135.0
20260328_蒲郡_11,2026-03-28,蒲郡,11,1-4-6,36.9
20260328_蒲郡_11,2026-03-28,蒲郡,11,2-4-6,621.4
20260328_蒲郡_11,2026-03-28,蒲郡,11,3-4-6,736.5
20260328_蒲郡_11,2026-03-28,蒲郡,11,4-3-6,1230.0
20260328_蒲郡_11,2026-03-28,蒲郡,11,5-3-6,773.9
20260328_蒲郡_11,2026-03-28,蒲郡,11,6-3-5,3464.0
20260328_蒲郡_11,2026-03-28,蒲郡,11,1-5-2,19.2
20260328_蒲郡_11,2026-03-28,蒲郡,11,2-5-1,176.9
20260328_蒲郡_11,2026-03-28,蒲郡,11,3-5-1,333.5
20260328_蒲郡_11,2026-03-28,蒲郡,11,4-5-1,219.5
20260328_蒲郡_11,2026-03-28,蒲郡,11,5-4-1,186.0
20260328_蒲郡_11,2026-03-28,蒲郡,11,6-4-1,1413.0
20260328_蒲郡_11,2026-03-28,蒲郡,11,1-5-3,22.2
20260328_蒲郡_11,2026-03-28,蒲郡,11,2-5-3,383.0
20260328_蒲郡_11,2026-03-28,蒲郡,11,3-5-2,623.9
20260328_蒲郡_11,2026-03-28,蒲郡,11,4-5-2,431.6
20260328_蒲郡_11,2026-03-28,蒲郡,11,5-4-2,366.5
20260328_蒲郡_11,2026-03-28,蒲郡,11,6-4-2,3082.0
20260328_蒲郡_11,2026-03-28,蒲郡,11,1-5-4,21.9
20260328_蒲郡_11,2026-03-28,蒲郡,11,2-5-4,283.4
20260328_蒲郡_11,2026-03-28,蒲郡,11,3-5-4,552.5
20260328_蒲郡_11,2026-03-28,蒲郡,11,4-5-3,553.0
20260328_蒲郡_11,2026-03-28,蒲郡,11,5-4-3,469.2
20260328_蒲郡_11,2026-03-28,蒲郡,11,6-4-3,3289.0
20260328_蒲郡_11,2026-03-28,蒲郡,11,1-5-6,48.0
20260328_蒲郡_11,2026-03-28,蒲郡,11,2-5-6,574.0
20260328_蒲郡_11,2026-03-28,蒲郡,11,3-5-6,962.8
20260328_蒲郡_11,2026-03-28,蒲郡,11,4-5-6,456.3
20260328_蒲郡_11,2026-03-28,蒲郡,11,5-4-6,395.8
20260328_蒲郡_11,2026-03-28,蒲郡,11,6-4-5,2729.0
20260328_蒲郡_11,2026-03-28,蒲郡,11,1-6-2,120.7
20260328_蒲郡_11,2026-03-28,蒲郡,11,2-6-1,749.8
20260328_蒲郡_11,2026-03-28,蒲郡,11,3-6-1,1021.0
20260328_蒲郡_11,2026-03-28,蒲郡,11,4-6-1,726.6
20260328_蒲郡_11,2026-03-28,蒲郡,11,5-6-1,330.7
20260328_蒲郡_11,2026-03-28,蒲郡,11,6-5-1,1365.0
20260328_蒲郡_11,2026-03-28,蒲郡,11,1-6-3,124.6
20260328_蒲郡_11,2026-03-28,蒲郡,11,2-6-3,1494.0
20260328_蒲郡_11,2026-03-28,蒲郡,11,3-6-2,2094.0
20260328_蒲郡_11,2026-03-28,蒲郡,11,4-6-2,1420.0
20260328_蒲郡_11,2026-03-28,蒲郡,11,5-6-2,517.5
20260328_蒲郡_11,2026-03-28,蒲郡,11,6-5-2,1974.0
20260328_蒲郡_11,2026-03-28,蒲郡,11,1-6-4,113.3
20260328_蒲郡_11,2026-03-28,蒲郡,11,2-6-4,1285.0
20260328_蒲郡_11,2026-03-28,蒲郡,11,3-6-4,1672.0
20260328_蒲郡_11,2026-03-28,蒲郡,11,4-6-3,1670.0
20260328_蒲郡_11,2026-03-28,蒲郡,11,5-6-3,730.2
20260328_蒲郡_11,2026-03-28,蒲郡,11,6-5-3,2627.0
20260328_蒲郡_11,2026-03-28,蒲郡,11,1-6-5,133.1
20260328_蒲郡_11,2026-03-28,蒲郡,11,2-6-5,1255.0
20260328_蒲郡_11,2026-03-28,蒲郡,11,3-6-5,1822.0
20260328_蒲郡_11,2026-03-28,蒲郡,11,4-6-5,1156.0
20260328_蒲郡_11,2026-03-28,蒲郡,11,5-6-4,570.1
20260328_蒲郡_11,2026-03-28,蒲郡,11,6-5-4,2188.0
20260328_蒲郡_12,2026-03-28,蒲郡,12,1-2-3,9.5
20260328_蒲郡_12,2026-03-28,蒲郡,12,2-1-3,81.3
20260328_蒲郡_12,2026-03-28,蒲郡,12,3-1-2,252.8
20260328_蒲郡_12,2026-03-28,蒲郡,12,4-1-2,149.4
20260328_蒲郡_12,2026-03-28,蒲郡,12,5-1-2,121.3
20260328_蒲郡_12,2026-03-28,蒲郡,12,6-1-2,310.8
20260328_蒲郡_12,2026-03-28,蒲郡,12,1-2-4,8.8
20260328_蒲郡_12,2026-03-28,蒲郡,12,2-1-4,64.7
20260328_蒲郡_12,2026-03-28,蒲郡,12,3-1-4,291.2
20260328_蒲郡_12,2026-03-28,蒲郡,12,4-1-3,288.8
20260328_蒲郡_12,2026-03-28,蒲郡,12,5-1-3,226.1
20260328_蒲郡_12,2026-03-28,蒲郡,12,6-1-3,592.0
20260328_蒲郡_12,2026-03-28,蒲郡,12,1-2-5,7.5
20260328_蒲郡_12,2026-03-28,蒲郡,12,2-1-5,56.1
20260328_蒲郡_12,2026-03-28,蒲郡,12,3-1-5,258.1
20260328_蒲郡_12,2026-03-28,蒲郡,12,4-1-5,158.0
20260328_蒲郡_12,2026-03-28,蒲郡,12,5-1-4,148.4
20260328_蒲郡_12,2026-03-28,蒲郡,12,6-1-4,364.5
20260328_蒲郡_12,2026-03-28,蒲郡,12,1-2-6,12.5
20260328_蒲郡_12,2026-03-28,蒲郡,12,2-1-6,72.6
20260328_蒲郡_12,2026-03-28,蒲郡,12,3-1-6,380.7
20260328_蒲郡_12,2026-03-28,蒲郡,12,4-1-6,201.6
20260328_蒲郡_12,2026-03-28,蒲郡,12,5-1-6,123.0
20260328_蒲郡_12,2026-03-28,蒲郡,12,6-1-5,286.0
20260328_蒲郡_12,2026-03-28,蒲郡,12,1-3-2,21.9
20260328_蒲郡_12,2026-03-28,蒲郡,12,2-3-1,252.2
20260328_蒲郡_12,2026-03-28,蒲郡,12,3-2-1,430.1
20260328_蒲郡_12,2026-03-28,蒲郡,12,4-2-1,290.7
20260328_蒲郡_12,2026-03-28,蒲郡,12,5-2-1,226.3
20260328_蒲郡_12,2026-03-28,蒲郡,12,6-2-1,504.9
20260328_蒲郡_12,2026-03-28,蒲郡,12,1-3-4,24.1
20260328_蒲郡_12,2026-03-28,蒲郡,12,2-3-4,462.6
20260328_蒲郡_12,2026-03-28,蒲郡,12,3-2-4,808.8
20260328_蒲郡_12,2026-03-28,蒲郡,12,4-2-3,819.5
20260328_蒲郡_12,2026-03-28,蒲郡,12,5-2-3,653.3
20260328_蒲郡_12,2026-03-28,蒲郡,12,6-2-3,1456.0
20260328_蒲郡_12,2026-03-28,蒲郡,12,1-3-5,22.9
20260328_蒲郡_12,2026-03-28,蒲郡,12,2-3-5,429.8
20260328_蒲郡_12,2026-03-28,蒲郡,12,3-2-5,701.3
20260328_蒲郡_12,2026-03-28,蒲郡,12,4-2-5,568.2
20260328_蒲郡_12,2026-03-28,蒲郡,12,5-2-4,486.1
20260328_蒲郡_12,2026-03-28,蒲郡,12,6-2-4,1097.0
20260328_蒲郡_12,2026-03-28,蒲郡,12,1-3-6,35.0
20260328_蒲郡_12,2026-03-28,蒲郡,12,2-3-6,521.8
20260328_蒲郡_12,2026-03-28,蒲郡,12,3-2-6,961.0
20260328_蒲郡_12,2026-03-28,蒲郡,12,4-2-6,657.8
20260328_蒲郡_12,2026-03-28,蒲郡,12,5-2-6,363.3
20260328_蒲郡_12,2026-03-28,蒲郡,12,6-2-5,749.7
20260328_蒲郡_12,2026-03-28,蒲郡,12,1-4-2,16.7
20260328_蒲郡_12,2026-03-28,蒲郡,12,2-4-1,208.1
20260328_蒲郡_12,2026-03-28,蒲郡,12,3-4-1,620.3
20260328_蒲郡_12,2026-03-28,蒲郡,12,4-3-1,646.5
20260328_蒲郡_12,2026-03-28,蒲郡,12,5-3-1,527.0
20260328_蒲郡_12,2026-03-28,蒲郡,12,6-3-1,1271.0
20260328_蒲郡_12,2026-03-28,蒲郡,12,1-4-3,29.7
20260328_蒲郡_12,2026-03-28,蒲郡,12,2-4-3,515.4
20260328_蒲郡_12,2026-03-28,蒲郡,12,3-4-2,1083.0
20260328_蒲郡_12,2026-03-28,蒲郡,12,4-3-2,1162.0
20260328_蒲郡_12,2026-03-28,蒲郡,12,5-3-2,1019.0
20260328_蒲郡_12,2026-03-28,蒲郡,12,6-3-2,2141.0
20260328_蒲郡_12,2026-03-28,蒲郡,12,1-4-5,20.6
20260328_蒲郡_12,2026-03-28,蒲郡,12,2-4-5,364.7
20260328_蒲郡_12,2026-03-28,蒲郡,12,3-4-5,830.7
20260328_蒲郡_12,2026-03-28,蒲郡,12,4-3-5,1055.0
20260328_蒲郡_12,2026-03-28,蒲郡,12,5-3-4,919.6
20260328_蒲郡_12,2026-03-28,蒲郡,12,6-3-4,1991.0
20260328_蒲郡_12,2026-03-28,蒲郡,12,1-4-6,26.7
20260328_蒲郡_12,2026-03-28,蒲郡,12,2-4-6,416.3
20260328_蒲郡_12,2026-03-28,蒲郡,12,3-4-6,1039.0
20260328_蒲郡_12,2026-03-28,蒲郡,12,4-3-6,1284.0
20260328_蒲郡_12,2026-03-28,蒲郡,12,5-3-6,886.6
20260328_蒲郡_12,2026-03-28,蒲郡,12,6-3-5,1923.0
20260328_蒲郡_12,2026-03-28,蒲郡,12,1-5-2,13.6
20260328_蒲郡_12,2026-03-28,蒲郡,12,2-5-1,167.3
20260328_蒲郡_12,2026-03-28,蒲郡,12,3-5-1,533.5
20260328_蒲郡_12,2026-03-28,蒲郡,12,4-5-1,263.0
20260328_蒲郡_12,2026-03-28,蒲郡,12,5-4-1,261.1
20260328_蒲郡_12,2026-03-28,蒲郡,12,6-4-1,582.9
20260328_蒲郡_12,2026-03-28,蒲郡,12,1-5-3,28.9
20260328_蒲郡_12,2026-03-28,蒲郡,12,2-5-3,471.9
20260328_蒲郡_12,2026-03-28,蒲郡,12,3-5-2,875.1
20260328_蒲郡_12,2026-03-28,蒲郡,12,4-5-2,543.0
20260328_蒲郡_12,2026-03-28,蒲郡,12,5-4-2,529.8
20260328_蒲郡_12,2026-03-28,蒲郡,12,6-4-2,1174.0
20260328_蒲郡_12,2026-03-28,蒲郡,12,1-5-4,25.5
20260328_蒲郡_12,2026-03-28,蒲郡,12,2-5-4,361.7
20260328_蒲郡_12,2026-03-28,蒲郡,12,3-5-4,882.4
20260328_蒲郡_12,2026-03-28,蒲郡,12,4-5-3,783.9
20260328_蒲郡_12,2026-03-28,蒲郡,12,5-4-3,801.1
20260328_蒲郡_12,2026-03-28,蒲郡,12,6-4-3,1774.0
20260328_蒲郡_12,2026-03-28,蒲郡,12,1-5-6,19.3
20260328_蒲郡_12,2026-03-28,蒲郡,12,2-5-6,275.7
20260328_蒲郡_12,2026-03-28,蒲郡,12,3-5-6,905.6
20260328_蒲郡_12,2026-03-28,蒲郡,12,4-5-6,357.5
20260328_蒲郡_12,2026-03-28,蒲郡,12,5-4-6,353.8
20260328_蒲郡_12,2026-03-28,蒲郡,12,6-4-5,788.8
20260328_蒲郡_12,2026-03-28,蒲郡,12,1-6-2,37.0
20260328_蒲郡_12,2026-03-28,蒲郡,12,2-6-1,274.8
20260328_蒲郡_12,2026-03-28,蒲郡,12,3-6-1,1029.0
20260328_蒲郡_12,2026-03-28,蒲郡,12,4-6-1,427.3
20260328_蒲郡_12,2026-03-28,蒲郡,12,5-6-1,194.5
20260328_蒲郡_12,2026-03-28,蒲郡,12,6-5-1,359.6
20260328_蒲郡_12,2026-03-28,蒲郡,12,1-6-3,70.9
20260328_蒲郡_12,2026-03-28,蒲郡,12,2-6-3,760.6
20260328_蒲郡_12,2026-03-28,蒲郡,12,3-6-2,1599.0
20260328_蒲郡_12,2026-03-28,蒲郡,12,4-6-2,833.9
20260328_蒲郡_12,2026-03-28,蒲郡,12,5-6-2,312.5
20260328_蒲郡_12,2026-03-28,蒲郡,12,6-5-2,568.4
20260328_蒲郡_12,2026-03-28,蒲郡,12,1-6-4,58.0
20260328_蒲郡_12,2026-03-28,蒲郡,12,2-6-4,656.6
20260328_蒲郡_12,2026-03-28,蒲郡,12,3-6-4,1440.0
20260328_蒲郡_12,2026-03-28,蒲郡,12,4-6-3,1233.0
20260328_蒲郡_12,2026-03-28,蒲郡,12,5-6-3,615.7
20260328_蒲郡_12,2026-03-28,蒲郡,12,6-5-3,1112.0
20260328_蒲郡_12,2026-03-28,蒲郡,12,1-6-5,41.2
20260328_蒲郡_12,2026-03-28,蒲郡,12,2-6-5,437.8
20260328_蒲郡_12,2026-03-28,蒲郡,12,3-6-5,1332.0
20260328_蒲郡_12,2026-03-28,蒲郡,12,4-6-5,534.3
20260328_蒲郡_12,2026-03-28,蒲郡,12,5-6-4,306.6
20260328_蒲郡_12,2026-03-28,蒲郡,12,6-5-4,567.1
20260328_常滑_1,2026-03-28,常滑,1,1-2-3,9.6
20260328_常滑_1,2026-03-28,常滑,1,2-1-3,256.3
20260328_常滑_1,2026-03-28,常滑,1,3-1-2,151.6
20260328_常滑_1,2026-03-28,常滑,1,4-1-2,178.4
20260328_常滑_1,2026-03-28,常滑,1,5-1-2,507.8
20260328_常滑_1,2026-03-28,常滑,1,6-1-2,1572.0
20260328_常滑_1,2026-03-28,常滑,1,1-2-4,16.9
20260328_常滑_1,2026-03-28,常滑,1,2-1-4,327.2
20260328_常滑_1,2026-03-28,常滑,1,3-1-4,101.2
20260328_常滑_1,2026-03-28,常滑,1,4-1-3,161.0
20260328_常滑_1,2026-03-28,常滑,1,5-1-3,325.9
20260328_常滑_1,2026-03-28,常滑,1,6-1-3,710.5
20260328_常滑_1,2026-03-28,常滑,1,1-2-5,26.7
20260328_常滑_1,2026-03-28,常滑,1,2-1-5,733.0
20260328_常滑_1,2026-03-28,常滑,1,3-1-5,127.1
20260328_常滑_1,2026-03-28,常滑,1,4-1-5,129.1
20260328_常滑_1,2026-03-28,常滑,1,5-1-4,354.5
20260328_常滑_1,2026-03-28,常滑,1,6-1-4,1236.0
20260328_常滑_1,2026-03-28,常滑,1,1-2-6,58.1
20260328_常滑_1,2026-03-28,常滑,1,2-1-6,1058.0
20260328_常滑_1,2026-03-28,常滑,1,3-1-6,210.9
20260328_常滑_1,2026-03-28,常滑,1,4-1-6,223.1
20260328_常滑_1,2026-03-28,常滑,1,5-1-6,524.3
20260328_常滑_1,2026-03-28,常滑,1,6-1-5,2160.0
20260328_常滑_1,2026-03-28,常滑,1,1-3-2,6.4
20260328_常滑_1,2026-03-28,常滑,1,2-3-1,661.2
20260328_常滑_1,2026-03-28,常滑,1,3-2-1,457.6
20260328_常滑_1,2026-03-28,常滑,1,4-2-1,466.8
20260328_常滑_1,2026-03-28,常滑,1,5-2-1,1459.0
20260328_常滑_1,2026-03-28,常滑,1,6-2-1,2745.0
20260328_常滑_1,2026-03-28,常滑,1,1-3-4,4.9
20260328_常滑_1,2026-03-28,常滑,1,2-3-4,1087.0
20260328_常滑_1,2026-03-28,常滑,1,3-2-4,726.5
20260328_常滑_1,2026-03-28,常滑,1,4-2-3,1236.0
20260328_常滑_1,2026-03-28,常滑,1,5-2-3,2219.0
20260328_常滑_1,2026-03-28,常滑,1,6-2-3,3951.0
20260328_常滑_1,2026-03-28,常滑,1,1-3-5,6.7
20260328_常滑_1,2026-03-28,常滑,1,2-3-5,2348.0
20260328_常滑_1,2026-03-28,常滑,1,3-2-5,987.8
20260328_常滑_1,2026-03-28,常滑,1,4-2-5,852.6
20260328_常滑_1,2026-03-28,常滑,1,5-2-4,2219.0
20260328_常滑_1,2026-03-28,常滑,1,6-2-4,4628.0
20260328_常滑_1,2026-03-28,常滑,1,1-3-6,14.8
20260328_常滑_1,2026-03-28,常滑,1,2-3-6,2793.0
20260328_常滑_1,2026-03-28,常滑,1,3-2-6,1528.0
20260328_常滑_1,2026-03-28,常滑,1,4-2-6,1025.0
20260328_常滑_1,2026-03-28,常滑,1,5-2-6,2454.0
20260328_常滑_1,2026-03-28,常滑,1,6-2-5,4628.0
20260328_常滑_1,2026-03-28,常滑,1,1-4-2,19.1
20260328_常滑_1,2026-03-28,常滑,1,2-4-1,757.0
20260328_常滑_1,2026-03-28,常滑,1,3-4-1,372.4
20260328_常滑_1,2026-03-28,常滑,1,4-3-1,381.2
20260328_常滑_1,2026-03-28,常滑,1,5-3-1,701.3
20260328_常滑_1,2026-03-28,常滑,1,6-3-1,1102.0
20260328_常滑_1,2026-03-28,常滑,1,1-4-3,10.7
20260328_常滑_1,2026-03-28,常滑,1,2-4-3,1528.0
20260328_常滑_1,2026-03-28,常滑,1,3-4-2,1174.0
20260328_常滑_1,2026-03-28,常滑,1,4-3-2,1361.0
20260328_常滑_1,2026-03-28,常滑,1,5-3-2,1780.0
20260328_常滑_1,2026-03-28,常滑,1,6-3-2,3857.0
20260328_常滑_1,2026-03-28,常滑,1,1-4-5,17.6
20260328_常滑_1,2026-03-28,常滑,1,2-4-5,2531.0
20260328_常滑_1,2026-03-28,常滑,1,3-4-5,866.3
20260328_常滑_1,2026-03-28,常滑,1,4-3-5,964.3
20260328_常滑_1,2026-03-28,常滑,1,5-3-4,1557.0
20260328_常滑_1,2026-03-28,常滑,1,6-3-4,3857.0
20260328_常滑_1,2026-03-28,常滑,1,1-4-6,33.2
20260328_常滑_1,2026-03-28,常滑,1,2-4-6,3000.0
20260328_常滑_1,2026-03-28,常滑,1,3-4-6,1653.0
20260328_常滑_1,2026-03-28,常滑,1,4-3-6,1372.0
20260328_常滑_1,2026-03-28,常滑,1,5-3-6,2492.0
20260328_常滑_1,2026-03-28,常滑,1,6-3-5,4765.0
20260328_常滑_1,2026-03-28,常滑,1,1-5-2,40.6
20260328_常滑_1,2026-03-28,常滑,1,2-5-1,1459.0
20260328_常滑_1,2026-03-28,常滑,1,3-5-1,452.5
20260328_常滑_1,2026-03-28,常滑,1,4-5-1,178.2
20260328_常滑_1,2026-03-28,常滑,1,5-4-1,447.5
20260328_常滑_1,2026-03-28,常滑,1,6-4-1,1883.0
20260328_常滑_1,2026-03-28,常滑,1,1-5-3,19.1
20260328_常滑_1,2026-03-28,常滑,1,2-5-3,2842.0
20260328_常滑_1,2026-03-28,常滑,1,3-5-2,1094.0
20260328_常滑_1,2026-03-28,常滑,1,4-5-2,448.7
20260328_常滑_1,2026-03-28,常滑,1,5-4-2,885.3
20260328_常滑_1,2026-03-28,常滑,1,6-4-2,4378.0
20260328_常滑_1,2026-03-28,常滑,1,1-5-4,35.5
20260328_常滑_1,2026-03-28,常滑,1,2-5-4,3375.0
20260328_常滑_1,2026-03-28,常滑,1,3-5-4,871.0
20260328_常滑_1,2026-03-28,常滑,1,4-5-3,517.6
20260328_常滑_1,2026-03-28,常滑,1,5-4-3,826.5
20260328_常滑_1,2026-03-28,常滑,1,6-4-3,3176.0
20260328_常滑_1,2026-03-28,常滑,1,1-5-6,47.2
20260328_常滑_1,2026-03-28,常滑,1,2-5-6,4050.0
20260328_常滑_1,2026-03-28,常滑,1,3-5-6,1384.0
20260328_常滑_1,2026-03-28,常滑,1,4-5-6,369.0
20260328_常滑_1,2026-03-28,常滑,1,5-4-6,782.6
20260328_常滑_1,2026-03-28,常滑,1,6-4-5,3240.0
20260328_常滑_1,2026-03-28,常滑,1,1-6-2,150.8
20260328_常滑_1,2026-03-28,常滑,1,2-6-1,2077.0
20260328_常滑_1,2026-03-28,常滑,1,3-6-1,890.1
20260328_常滑_1,2026-03-28,常滑,1,4-6-1,701.3
20260328_常滑_1,2026-03-28,常滑,1,5-6-1,1883.0
20260328_常滑_1,2026-03-28,常滑,1,6-5-1,3951.0
20260328_常滑_1,2026-03-28,常滑,1,1-6-3,68.6
20260328_常滑_1,2026-03-28,常滑,1,2-6-3,2793.0
20260328_常滑_1,2026-03-28,常滑,1,3-6-2,3176.0
20260328_常滑_1,2026-03-28,常滑,1,4-6-2,1951.0
20260328_常滑_1,2026-03-28,常滑,1,5-6-2,4050.0
20260328_常滑_1,2026-03-28,常滑,1,6-5-2,4628.0
20260328_常滑_1,2026-03-28,常滑,1,1-6-4,119.2
20260328_常滑_1,2026-03-28,常滑,1,2-6-4,5226.0
20260328_常滑_1,2026-03-28,常滑,1,3-6-4,2314.0
20260328_常滑_1,2026-03-28,常滑,1,4-6-3,1705.0
20260328_常滑_1,2026-03-28,常滑,1,5-6-3,3447.0
20260328_常滑_1,2026-03-28,常滑,1,6-5-3,5062.0
20260328_常滑_1,2026-03-28,常滑,1,1-6-5,114.1
20260328_常滑_1,2026-03-28,常滑,1,2-6-5,4378.0
20260328_常滑_1,2026-03-28,常滑,1,3-6-5,2945.0
20260328_常滑_1,2026-03-28,常滑,1,4-6-5,1012.0
20260328_常滑_1,2026-03-28,常滑,1,5-6-4,2348.0
20260328_常滑_1,2026-03-28,常滑,1,6-5-4,4154.0
20260328_常滑_2,2026-03-28,常滑,2,1-2-3,17.6
20260328_常滑_2,2026-03-28,常滑,2,2-1-3,104.6
20260328_常滑_2,2026-03-28,常滑,2,3-1-2,171.6
20260328_常滑_2,2026-03-28,常滑,2,4-1-2,19.9
20260328_常滑_2,2026-03-28,常滑,2,5-1-2,324.3
20260328_常滑_2,2026-03-28,常滑,2,6-1-2,550.2
20260328_常滑_2,2026-03-28,常滑,2,1-2-4,8.8
20260328_常滑_2,2026-03-28,常滑,2,2-1-4,38.1
20260328_常滑_2,2026-03-28,常滑,2,3-1-4,74.6
20260328_常滑_2,2026-03-28,常滑,2,4-1-3,42.4
20260328_常滑_2,2026-03-28,常滑,2,5-1-3,458.2
20260328_常滑_2,2026-03-28,常滑,2,6-1-3,1044.0
20260328_常滑_2,2026-03-28,常滑,2,1-2-5,28.8
20260328_常滑_2,2026-03-28,常滑,2,2-1-5,99.3
20260328_常滑_2,2026-03-28,常滑,2,3-1-5,130.0
20260328_常滑_2,2026-03-28,常滑,2,4-1-5,21.2
20260328_常滑_2,2026-03-28,常滑,2,5-1-4,206.1
20260328_常滑_2,2026-03-28,常滑,2,6-1-4,366.8
20260328_常滑_2,2026-03-28,常滑,2,1-2-6,118.0
20260328_常滑_2,2026-03-28,常滑,2,2-1-6,263.3
20260328_常滑_2,2026-03-28,常滑,2,3-1-6,468.6
20260328_常滑_2,2026-03-28,常滑,2,4-1-6,49.9
20260328_常滑_2,2026-03-28,常滑,2,5-1-6,628.8
20260328_常滑_2,2026-03-28,常滑,2,6-1-5,994.0
20260328_常滑_2,2026-03-28,常滑,2,1-3-2,25.5
20260328_常滑_2,2026-03-28,常滑,2,2-3-1,252.5
20260328_常滑_2,2026-03-28,常滑,2,3-2-1,324.3
20260328_常滑_2,2026-03-28,常滑,2,4-2-1,34.6
20260328_常滑_2,2026-03-28,常滑,2,5-2-1,501.0
20260328_常滑_2,2026-03-28,常滑,2,6-2-1,805.5
20260328_常滑_2,2026-03-28,常滑,2,1-3-4,14.5
20260328_常滑_2,2026-03-28,常滑,2,2-3-4,197.8
20260328_常滑_2,2026-03-28,常滑,2,3-2-4,263.9
20260328_常滑_2,2026-03-28,常滑,2,4-2-3,97.6
20260328_常滑_2,2026-03-28,常滑,2,5-2-3,844.2
20260328_常滑_2,2026-03-28,常滑,2,6-2-3,1643.0
20260328_常滑_2,2026-03-28,常滑,2,1-3-5,37.1
20260328_常滑_2,2026-03-28,常滑,2,2-3-5,312.0
20260328_常滑_2,2026-03-28,常滑,2,3-2-5,409.4
20260328_常滑_2,2026-03-28,常滑,2,4-2-5,43.4
20260328_常滑_2,2026-03-28,常滑,2,5-2-4,252.5
20260328_常滑_2,2026-03-28,常滑,2,6-2-4,495.0
20260328_常滑_2,2026-03-28,常滑,2,1-3-6,178.1
20260328_常滑_2,2026-03-28,常滑,2,2-3-6,616.2
20260328_常滑_2,2026-03-28,常滑,2,3-2-6,733.6
20260328_常滑_2,2026-03-28,常滑,2,4-2-6,78.5
20260328_常滑_2,2026-03-28,常滑,2,5-2-6,948.1
20260328_常滑_2,2026-03-28,常滑,2,6-2-5,1521.0
20260328_常滑_2,2026-03-28,常滑,2,1-4-2,8.3
20260328_常滑_2,2026-03-28,常滑,2,2-4-1,55.8
20260328_常滑_2,2026-03-28,常滑,2,3-4-1,111.2
20260328_常滑_2,2026-03-28,常滑,2,4-3-1,77.0
20260328_常滑_2,2026-03-28,常滑,2,5-3-1,893.1
20260328_常滑_2,2026-03-28,常滑,2,6-3-1,1812.0
20260328_常滑_2,2026-03-28,常滑,2,1-4-3,11.5
20260328_常滑_2,2026-03-28,常滑,2,2-4-3,146.9
20260328_常滑_2,2026-03-28,常滑,2,3-4-2,206.4
20260328_常滑_2,2026-03-28,常滑,2,4-3-2,163.4
20260328_常滑_2,2026-03-28,常滑,2,5-3-2,1120.0
20260328_常滑_2,2026-03-28,常滑,2,6-3-2,1736.0
20260328_常滑_2,2026-03-28,常滑,2,1-4-5,13.9
20260328_常滑_2,2026-03-28,常滑,2,2-4-5,79.0
20260328_常滑_2,2026-03-28,常滑,2,3-4-5,152.5
20260328_常滑_2,2026-03-28,常滑,2,4-3-5,103.9
20260328_常滑_2,2026-03-28,常滑,2,5-3-4,886.7
20260328_常滑_2,2026-03-28,常滑,2,6-3-4,1450.0
20260328_常滑_2,2026-03-28,常滑,2,1-4-6,54.6
20260328_常滑_2,2026-03-28,常滑,2,2-4-6,212.5
20260328_常滑_2,2026-03-28,常滑,2,3-4-6,509.3
20260328_常滑_2,2026-03-28,常滑,2,4-3-6,196.5
20260328_常滑_2,2026-03-28,常滑,2,5-3-6,2089.0
20260328_常滑_2,2026-03-28,常滑,2,6-3-5,2739.0
20260328_常滑_2,2026-03-28,常滑,2,1-5-2,71.2
20260328_常滑_2,2026-03-28,常滑,2,2-5-1,285.9
20260328_常滑_2,2026-03-28,常滑,2,3-5-1,456.5
20260328_常滑_2,2026-03-28,常滑,2,4-5-1,30.4
20260328_常滑_2,2026-03-28,常滑,2,5-4-1,178.1
20260328_常滑_2,2026-03-28,常滑,2,6-4-1,344.2
20260328_常滑_2,2026-03-28,常滑,2,1-5-3,102.2
20260328_常滑_2,2026-03-28,常滑,2,2-5-3,511.4
20260328_常滑_2,2026-03-28,常滑,2,3-5-2,756.1
20260328_常滑_2,2026-03-28,常滑,2,4-5-2,39.2
20260328_常滑_2,2026-03-28,常滑,2,5-4-2,180.7
20260328_常滑_2,2026-03-28,常滑,2,6-4-2,408.1
20260328_常滑_2,2026-03-28,常滑,2,1-5-4,53.6
20260328_常滑_2,2026-03-28,常滑,2,2-5-4,181.5
20260328_常滑_2,2026-03-28,常滑,2,3-5-4,416.4
20260328_常滑_2,2026-03-28,常滑,2,4-5-3,101.2
20260328_常滑_2,2026-03-28,常滑,2,5-4-3,456.5
20260328_常滑_2,2026-03-28,常滑,2,6-4-3,1162.0
20260328_常滑_2,2026-03-28,常滑,2,1-5-6,222.8
20260328_常滑_2,2026-03-28,常滑,2,2-5-6,926.7
20260328_常滑_2,2026-03-28,常滑,2,3-5-6,1467.0
20260328_常滑_2,2026-03-28,常滑,2,4-5-6,66.0
20260328_常滑_2,2026-03-28,常滑,2,5-4-6,410.8
20260328_常滑_2,2026-03-28,常滑,2,6-4-5,696.3
20260328_常滑_2,2026-03-28,常滑,2,1-6-2,237.0
20260328_常滑_2,2026-03-28,常滑,2,2-6-1,729.3
20260328_常滑_2,2026-03-28,常滑,2,3-6-1,1839.0
20260328_常滑_2,2026-03-28,常滑,2,4-6-1,99.1
20260328_常滑_2,2026-03-28,常滑,2,5-6-1,1467.0
20260328_常滑_2,2026-03-28,常滑,2,6-5-1,2054.0
20260328_常滑_2,2026-03-28,常滑,2,1-6-3,479.5
20260328_常滑_2,2026-03-28,常滑,2,2-6-3,1467.0
20260328_常滑_2,2026-03-28,常滑,2,3-6-2,1736.0
20260328_常滑_2,2026-03-28,常滑,2,4-6-2,82.8
20260328_常滑_2,2026-03-28,常滑,2,5-6-2,1297.0
20260328_常滑_2,2026-03-28,常滑,2,6-5-2,2089.0
20260328_常滑_2,2026-03-28,常滑,2,1-6-4,203.0
20260328_常滑_2,2026-03-28,常滑,2,2-6-4,538.2
20260328_常滑_2,2026-03-28,常滑,2,3-6-4,1580.0
20260328_常滑_2,2026-03-28,常滑,2,4-6-3,320.1
20260328_常滑_2,2026-03-28,常滑,2,5-6-3,2020.0
20260328_常滑_2,2026-03-28,常滑,2,6-5-3,3006.0
20260328_常滑_2,2026-03-28,常滑,2,1-6-5,528.9
20260328_常滑_2,2026-03-28,常滑,2,2-6-5,1071.0
20260328_常滑_2,2026-03-28,常滑,2,3-6-5,2465.0
20260328_常滑_2,2026-03-28,常滑,2,4-6-5,139.2
20260328_常滑_2,2026-03-28,常滑,2,5-6-4,1120.0
20260328_常滑_2,2026-03-28,常滑,2,6-5-4,1232.0
20260328_常滑_3,2026-03-28,常滑,3,1-2-3,40.2
20260328_常滑_3,2026-03-28,常滑,3,2-1-3,37.1
20260328_常滑_3,2026-03-28,常滑,3,3-1-2,202.0
20260328_常滑_3,2026-03-28,常滑,3,4-1-2,819.8
20260328_常滑_3,2026-03-28,常滑,3,5-1-2,87.0
20260328_常滑_3,2026-03-28,常滑,3,6-1-2,673.8
20260328_常滑_3,2026-03-28,常滑,3,1-2-4,134.2
20260328_常滑_3,2026-03-28,常滑,3,2-1-4,142.9
20260328_常滑_3,2026-03-28,常滑,3,3-1-4,607.2
20260328_常滑_3,2026-03-28,常滑,3,4-1-3,974.0
20260328_常滑_3,2026-03-28,常滑,3,5-1-3,137.9
20260328_常滑_3,2026-03-28,常滑,3,6-1-3,928.1
20260328_常滑_3,2026-03-28,常滑,3,1-2-5,33.6
20260328_常滑_3,2026-03-28,常滑,3,2-1-5,25.8
20260328_常滑_3,2026-03-28,常滑,3,3-1-5,169.0
20260328_常滑_3,2026-03-28,常滑,3,4-1-5,643.0
20260328_常滑_3,2026-03-28,常滑,3,5-1-4,437.2
20260328_常滑_3,2026-03-28,常滑,3,6-1-4,1856.0
20260328_常滑_3,2026-03-28,常滑,3,1-2-6,79.7
20260328_常滑_3,2026-03-28,常滑,3,2-1-6,56.7
20260328_常滑_3,2026-03-28,常滑,3,3-1-6,408.2
20260328_常滑_3,2026-03-28,常滑,3,4-1-6,840.8
20260328_常滑_3,2026-03-28,常滑,3,5-1-6,137.0
20260328_常滑_3,2026-03-28,常滑,3,6-1-5,734.1
20260328_常滑_3,2026-03-28,常滑,3,1-3-2,77.2
20260328_常滑_3,2026-03-28,常滑,3,2-3-1,37.8
20260328_常滑_3,2026-03-28,常滑,3,3-2-1,125.8
20260328_常滑_3,2026-03-28,常滑,3,4-2-1,728.7
20260328_常滑_3,2026-03-28,常滑,3,5-2-1,54.5
20260328_常滑_3,2026-03-28,常滑,3,6-2-1,723.3
20260328_常滑_3,2026-03-28,常滑,3,1-3-4,260.9
20260328_常滑_3,2026-03-28,常滑,3,2-3-4,52.7
20260328_常滑_3,2026-03-28,常滑,3,3-2-4,129.6
20260328_常滑_3,2026-03-28,常滑,3,4-2-3,552.6
20260328_常滑_3,2026-03-28,常滑,3,5-2-3,21.3
20260328_常滑_3,2026-03-28,常滑,3,6-2-3,455.4
20260328_常滑_3,2026-03-28,常滑,3,1-3-5,85.2
20260328_常滑_3,2026-03-28,常滑,3,2-3-5,8.2
20260328_常滑_3,2026-03-28,常滑,3,3-2-5,27.3
20260328_常滑_3,2026-03-28,常滑,3,4-2-5,256.8
20260328_常滑_3,2026-03-28,常滑,3,5-2-4,91.3
20260328_常滑_3,2026-03-28,常滑,3,6-2-4,919.4
20260328_常滑_3,2026-03-28,常滑,3,1-3-6,234.2
20260328_常滑_3,2026-03-28,常滑,3,2-3-6,18.9
20260328_常滑_3,2026-03-28,常滑,3,3-2-6,70.7
20260328_常滑_3,2026-03-28,常滑,3,4-2-6,381.3
20260328_常滑_3,2026-03-28,常滑,3,5-2-6,22.1
20260328_常滑_3,2026-03-28,常滑,3,6-2-5,181.8
20260328_常滑_3,2026-03-28,常滑,3,1-4-2,287.6
20260328_常滑_3,2026-03-28,常滑,3,2-4-1,166.7
20260328_常滑_3,2026-03-28,常滑,3,3-4-1,647.2
20260328_常滑_3,2026-03-28,常滑,3,4-3-1,1366.0
20260328_常滑_3,2026-03-28,常滑,3,5-3-1,137.0
20260328_常滑_3,2026-03-28,常滑,3,6-3-1,1821.0
20260328_常滑_3,2026-03-28,常滑,3,1-4-3,388.8
20260328_常滑_3,2026-03-28,常滑,3,2-4-3,98.3
20260328_常滑_3,2026-03-28,常滑,3,3-4-2,333.4
20260328_常滑_3,2026-03-28,常滑,3,4-3-2,910.9
20260328_常滑_3,2026-03-28,常滑,3,5-3-2,42.0
20260328_常滑_3,2026-03-28,常滑,3,6-3-2,607.2
20260328_常滑_3,2026-03-28,常滑,3,1-4-5,398.2
20260328_常滑_3,2026-03-28,常滑,3,2-4-5,68.7
20260328_常滑_3,2026-03-28,常滑,3,3-4-5,379.8
20260328_常滑_3,2026-03-28,常滑,3,4-3-5,750.9
20260328_常滑_3,2026-03-28,常滑,3,5-3-4,296.3
20260328_常滑_3,2026-03-28,常滑,3,6-3-4,1788.0
20260328_常滑_3,2026-03-28,常滑,3,1-4-6,589.1
20260328_常滑_3,2026-03-28,常滑,3,2-4-6,116.0
20260328_常滑_3,2026-03-28,常滑,3,3-4-6,596.2
20260328_常滑_3,2026-03-28,常滑,3,4-3-6,862.9
20260328_常滑_3,2026-03-28,常滑,3,5-3-6,76.9
20260328_常滑_3,2026-03-28,常滑,3,6-3-5,515.0
20260328_常滑_3,2026-03-28,常滑,3,1-5-2,50.8
20260328_常滑_3,2026-03-28,常滑,3,2-5-1,24.3
20260328_常滑_3,2026-03-28,常滑,3,3-5-1,127.1
20260328_常滑_3,2026-03-28,常滑,3,4-5-1,664.7
20260328_常滑_3,2026-03-28,常滑,3,5-4-1,578.7
20260328_常滑_3,2026-03-28,常滑,3,6-4-1,2893.0
20260328_常滑_3,2026-03-28,常滑,3,1-5-3,82.8
20260328_常滑_3,2026-03-28,常滑,3,2-5-3,7.9
20260328_常滑_3,2026-03-28,常滑,3,3-5-2,39.6
20260328_常滑_3,2026-03-28,常滑,3,4-5-2,267.3
20260328_常滑_3,2026-03-28,常滑,3,5-4-2,192.9
20260328_常滑_3,2026-03-28,常滑,3,6-4-2,1185.0
20260328_常滑_3,2026-03-28,常滑,3,1-5-4,273.2
20260328_常滑_3,2026-03-28,常滑,3,2-5-4,43.9
20260328_常滑_3,2026-03-28,常滑,3,3-5-4,214.3
20260328_常滑_3,2026-03-28,常滑,3,4-5-3,589.1
20260328_常滑_3,2026-03-28,常滑,3,5-4-3,427.7
20260328_常滑_3,2026-03-28,常滑,3,6-4-3,1967.0
20260328_常滑_3,2026-03-28,常滑,3,1-5-6,119.6
20260328_常滑_3,2026-03-28,常滑,3,2-5-6,10.4
20260328_常滑_3,2026-03-28,常滑,3,3-5-6,96.6
20260328_常滑_3,2026-03-28,常滑,3,4-5-6,393.5
20260328_常滑_3,2026-03-28,常滑,3,5-4-6,287.6
20260328_常滑_3,2026-03-28,常滑,3,6-4-5,1347.0
20260328_常滑_3,2026-03-28,常滑,3,1-6-2,265.8
20260328_常滑_3,2026-03-28,常滑,3,2-6-1,118.1
20260328_常滑_3,2026-03-28,常滑,3,3-6-1,655.8
20260328_常滑_3,2026-03-28,常滑,3,4-6-1,1425.0
20260328_常滑_3,2026-03-28,常滑,3,5-6-1,140.5
20260328_常滑_3,2026-03-28,常滑,3,6-5-1,622.6
20260328_常滑_3,2026-03-28,常滑,3,1-6-3,546.5
20260328_常滑_3,2026-03-28,常滑,3,2-6-3,63.8
20260328_常滑_3,2026-03-28,常滑,3,3-6-2,244.1
20260328_常滑_3,2026-03-28,常滑,3,4-6-2,762.6
20260328_常滑_3,2026-03-28,常滑,3,5-6-2,42.2
20260328_常滑_3,2026-03-28,常滑,3,6-5-2,175.0
20260328_常滑_3,2026-03-28,常滑,3,1-6-4,762.6
20260328_常滑_3,2026-03-28,常滑,3,2-6-4,177.9
20260328_常滑_3,2026-03-28,常滑,3,3-6-4,723.3
20260328_常滑_3,2026-03-28,常滑,3,4-6-3,1446.0
20260328_常滑_3,2026-03-28,常滑,3,5-6-3,85.0
20260328_常滑_3,2026-03-28,常滑,3,6-5-3,379.8
20260328_常滑_3,2026-03-28,常滑,3,1-6-5,324.6
20260328_常滑_3,2026-03-28,常滑,3,2-6-5,36.6
20260328_常滑_3,2026-03-28,常滑,3,3-6-5,245.9
20260328_常滑_3,2026-03-28,常滑,3,4-6-5,799.8
20260328_常滑_3,2026-03-28,常滑,3,5-6-4,235.3
20260328_常滑_3,2026-03-28,常滑,3,6-5-4,750.9
20260328_常滑_4,2026-03-28,常滑,4,1-2-3,13.2
20260328_常滑_4,2026-03-28,常滑,4,2-1-3,23.4
20260328_常滑_4,2026-03-28,常滑,4,3-1-2,16.7
20260328_常滑_4,2026-03-28,常滑,4,4-1-2,611.2
20260328_常滑_4,2026-03-28,常滑,4,5-1-2,680.1
20260328_常滑_4,2026-03-28,常滑,4,6-1-2,118.2
20260328_常滑_4,2026-03-28,常滑,4,1-2-4,57.1
20260328_常滑_4,2026-03-28,常滑,4,2-1-4,80.7
20260328_常滑_4,2026-03-28,常滑,4,3-1-4,34.6
20260328_常滑_4,2026-03-28,常滑,4,4-1-3,497.0
20260328_常滑_4,2026-03-28,常滑,4,5-1-3,551.5
20260328_常滑_4,2026-03-28,常滑,4,6-1-3,92.8
20260328_常滑_4,2026-03-28,常滑,4,1-2-5,64.9
20260328_常滑_4,2026-03-28,常滑,4,2-1-5,136.2
20260328_常滑_4,2026-03-28,常滑,4,3-1-5,44.2
20260328_常滑_4,2026-03-28,常滑,4,4-1-5,548.2
20260328_常滑_4,2026-03-28,常滑,4,5-1-4,1145.0
20260328_常滑_4,2026-03-28,常滑,4,6-1-4,308.7
20260328_常滑_4,2026-03-28,常滑,4,1-2-6,24.5
20260328_常滑_4,2026-03-28,常滑,4,2-1-6,41.5
20260328_常滑_4,2026-03-28,常滑,4,3-1-6,16.0
20260328_常滑_4,2026-03-28,常滑,4,4-1-6,481.1
20260328_常滑_4,2026-03-28,常滑,4,5-1-6,519.8
20260328_常滑_4,2026-03-28,常滑,4,6-1-5,400.2
20260328_常滑_4,2026-03-28,常滑,4,1-3-2,9.5
20260328_常滑_4,2026-03-28,常滑,4,2-3-1,35.0
20260328_常滑_4,2026-03-28,常滑,4,3-2-1,28.0
20260328_常滑_4,2026-03-28,常滑,4,4-2-1,793.5
20260328_常滑_4,2026-03-28,常滑,4,5-2-1,822.3
20260328_常滑_4,2026-03-28,常滑,4,6-2-1,163.5
20260328_常滑_4,2026-03-28,常滑,4,1-3-4,32.1
20260328_常滑_4,2026-03-28,常滑,4,2-3-4,85.8
20260328_常滑_4,2026-03-28,常滑,4,3-2-4,69.3
20260328_常滑_4,2026-03-28,常滑,4,4-2-3,650.8
20260328_常滑_4,2026-03-28,常滑,4,5-2-3,983.2
20260328_常滑_4,2026-03-28,常滑,4,6-2-3,89.8
20260328_常滑_4,2026-03-28,常滑,4,1-3-5,32.3
20260328_常滑_4,2026-03-28,常滑,4,2-3-5,117.6
20260328_常滑_4,2026-03-28,常滑,4,3-2-5,89.8
20260328_常滑_4,2026-03-28,常滑,4,4-2-5,1370.0
20260328_常滑_4,2026-03-28,常滑,4,5-2-4,2660.0
20260328_常滑_4,2026-03-28,常滑,4,6-2-4,353.3
20260328_常滑_4,2026-03-28,常滑,4,1-3-6,11.3
20260328_常滑_4,2026-03-28,常滑,4,2-3-6,29.5
20260328_常滑_4,2026-03-28,常滑,4,3-2-6,25.0
20260328_常滑_4,2026-03-28,常滑,4,4-2-6,511.0
20260328_常滑_4,2026-03-28,常滑,4,5-2-6,706.7
20260328_常滑_4,2026-03-28,常滑,4,6-2-5,508.2
20260328_常滑_4,2026-03-28,常滑,4,1-4-2,120.7
20260328_常滑_4,2026-03-28,常滑,4,2-4-1,200.5
20260328_常滑_4,2026-03-28,常滑,4,3-4-1,129.0
20260328_常滑_4,2026-03-28,常滑,4,4-3-1,607.1
20260328_常滑_4,2026-03-28,常滑,4,5-3-1,544.9
20260328_常滑_4,2026-03-28,常滑,4,6-3-1,48.4
20260328_常滑_4,2026-03-28,常滑,4,1-4-3,101.5
20260328_常滑_4,2026-03-28,常滑,4,2-4-3,219.0
20260328_常滑_4,2026-03-28,常滑,4,3-4-2,124.4
20260328_常滑_4,2026-03-28,常滑,4,4-3-2,655.5
20260328_常滑_4,2026-03-28,常滑,4,5-3-2,886.8
20260328_常滑_4,2026-03-28,常滑,4,6-3-2,80.1
20260328_常滑_4,2026-03-28,常滑,4,1-4-5,231.9
20260328_常滑_4,2026-03-28,常滑,4,2-4-5,623.8
20260328_常滑_4,2026-03-28,常滑,4,3-4-5,201.0
20260328_常滑_4,2026-03-28,常滑,4,4-3-5,878.2
20260328_常滑_4,2026-03-28,常滑,4,5-3-4,1884.0
20260328_常滑_4,2026-03-28,常滑,4,6-3-4,277.4
20260328_常滑_4,2026-03-28,常滑,4,1-4-6,140.2
20260328_常滑_4,2026-03-28,常滑,4,2-4-6,197.5
20260328_常滑_4,2026-03-28,常滑,4,3-4-6,85.5
20260328_常滑_4,2026-03-28,常滑,4,4-3-6,428.7
20260328_常滑_4,2026-03-28,常滑,4,5-3-6,565.3
20260328_常滑_4,2026-03-28,常滑,4,6-3-5,319.6
20260328_常滑_4,2026-03-28,常滑,4,1-5-2,145.9
20260328_常滑_4,2026-03-28,常滑,4,2-5-1,445.6
20260328_常滑_4,2026-03-28,常滑,4,3-5-1,144.2
20260328_常滑_4,2026-03-28,常滑,4,4-5-1,994.0
20260328_常滑_4,2026-03-28,常滑,4,5-4-1,2103.0
20260328_常滑_4,2026-03-28,常滑,4,6-4-1,735.4
20260328_常滑_4,2026-03-28,常滑,4,1-5-3,133.6
20260328_常滑_4,2026-03-28,常滑,4,2-5-3,354.7
20260328_常滑_4,2026-03-28,常滑,4,3-5-2,197.0
20260328_常滑_4,2026-03-28,常滑,4,4-5-2,1809.0
20260328_常滑_4,2026-03-28,常滑,4,5-4-2,3769.0
20260328_常滑_4,2026-03-28,常滑,4,6-4-2,541.6
20260328_常滑_4,2026-03-28,常滑,4,1-5-4,416.8
20260328_常滑_4,2026-03-28,常滑,4,2-5-4,766.6
20260328_常滑_4,2026-03-28,常滑,4,3-5-4,323.0
20260328_常滑_4,2026-03-28,常滑,4,4-5-3,1435.0
20260328_常滑_4,2026-03-28,常滑,4,5-4-3,3350.0
20260328_常滑_4,2026-03-28,常滑,4,6-4-3,476.1
20260328_常滑_4,2026-03-28,常滑,4,1-5-6,197.0
20260328_常滑_4,2026-03-28,常滑,4,2-5-6,302.5
20260328_常滑_4,2026-03-28,常滑,4,3-5-6,103.0
20260328_常滑_4,2026-03-28,常滑,4,4-5-6,1559.0
20260328_常滑_4,2026-03-28,常滑,4,5-4-6,1435.0
20260328_常滑_4,2026-03-28,常滑,4,6-4-5,1507.0
20260328_常滑_4,2026-03-28,常滑,4,1-6-2,45.2
20260328_常滑_4,2026-03-28,常滑,4,2-6-1,91.9
20260328_常滑_4,2026-03-28,常滑,4,3-6-1,23.3
20260328_常滑_4,2026-03-28,常滑,4,4-6-1,611.2
20260328_常滑_4,2026-03-28,常滑,4,5-6-1,554.9
20260328_常滑_4,2026-03-28,常滑,4,6-5-1,932.5
20260328_常滑_4,2026-03-28,常滑,4,1-6-3,34.0
20260328_常滑_4,2026-03-28,常滑,4,2-6-3,58.2
20260328_常滑_4,2026-03-28,常滑,4,3-6-2,28.7
20260328_常滑_4,2026-03-28,常滑,4,4-6-2,628.2
20260328_常滑_4,2026-03-28,常滑,4,5-6-2,853.4
20260328_常滑_4,2026-03-28,常滑,4,6-5-2,829.9
20260328_常滑_4,2026-03-28,常滑,4,1-6-4,142.6
20260328_常滑_4,2026-03-28,常滑,4,2-6-4,202.3
20260328_常滑_4,2026-03-28,常滑,4,3-6-4,86.9
20260328_常滑_4,2026-03-28,常滑,4,4-6-3,628.2
20260328_常滑_4,2026-03-28,常滑,4,5-6-3,494.3
20260328_常滑_4,2026-03-28,常滑,4,6-5-3,641.5
20260328_常滑_4,2026-03-28,常滑,4,1-6-5,149.7
20260328_常滑_4,2026-03-28,常滑,4,2-6-5,279.2
20260328_常滑_4,2026-03-28,常滑,4,3-6-5,79.8
20260328_常滑_4,2026-03-28,常滑,4,4-6-5,1256.0
20260328_常滑_4,2026-03-28,常滑,4,5-6-4,1482.0
20260328_常滑_4,2026-03-28,常滑,4,6-5-4,1706.0
20260328_常滑_5,2026-03-28,常滑,5,1-2-3,20.8
20260328_常滑_5,2026-03-28,常滑,5,2-1-3,25.8
20260328_常滑_5,2026-03-28,常滑,5,3-1-2,133.4
20260328_常滑_5,2026-03-28,常滑,5,4-1-2,148.3
20260328_常滑_5,2026-03-28,常滑,5,5-1-2,148.3
20260328_常滑_5,2026-03-28,常滑,5,6-1-2,1193.0
20260328_常滑_5,2026-03-28,常滑,5,1-2-4,18.5
20260328_常滑_5,2026-03-28,常滑,5,2-1-4,14.8
20260328_常滑_5,2026-03-28,常滑,5,3-1-4,190.6
20260328_常滑_5,2026-03-28,常滑,5,4-1-3,359.8
20260328_常滑_5,2026-03-28,常滑,5,5-1-3,357.8
20260328_常滑_5,2026-03-28,常滑,5,6-1-3,2322.0
20260328_常滑_5,2026-03-28,常滑,5,1-2-5,21.1
20260328_常滑_5,2026-03-28,常滑,5,2-1-5,15.8
20260328_常滑_5,2026-03-28,常滑,5,3-1-5,287.7
20260328_常滑_5,2026-03-28,常滑,5,4-1-5,175.7
20260328_常滑_5,2026-03-28,常滑,5,5-1-4,233.1
20260328_常滑_5,2026-03-28,常滑,5,6-1-4,2777.0
20260328_常滑_5,2026-03-28,常滑,5,1-2-6,139.0
20260328_常滑_5,2026-03-28,常滑,5,2-1-6,114.6
20260328_常滑_5,2026-03-28,常滑,5,3-1-6,990.2
20260328_常滑_5,2026-03-28,常滑,5,4-1-6,580.6
20260328_常滑_5,2026-03-28,常滑,5,5-1-6,462.8
20260328_常滑_5,2026-03-28,常滑,5,6-1-5,4258.0
20260328_常滑_5,2026-03-28,常滑,5,1-3-2,38.6
20260328_常滑_5,2026-03-28,常滑,5,2-3-1,32.0
20260328_常滑_5,2026-03-28,常滑,5,3-2-1,125.2
20260328_常滑_5,2026-03-28,常滑,5,4-2-1,95.4
20260328_常滑_5,2026-03-28,常滑,5,5-2-1,107.9
20260328_常滑_5,2026-03-28,常滑,5,6-2-1,1110.0
20260328_常滑_5,2026-03-28,常滑,5,1-3-4,57.0
20260328_常滑_5,2026-03-28,常滑,5,2-3-4,16.7
20260328_常滑_5,2026-03-28,常滑,5,3-2-4,49.1
20260328_常滑_5,2026-03-28,常滑,5,4-2-3,102.2
20260328_常滑_5,2026-03-28,常滑,5,5-2-3,141.6
20260328_常滑_5,2026-03-28,常滑,5,6-2-3,2504.0
20260328_常滑_5,2026-03-28,常滑,5,1-3-5,82.1
20260328_常滑_5,2026-03-28,常滑,5,2-3-5,16.8
20260328_常滑_5,2026-03-28,常滑,5,3-2-5,66.7
20260328_常滑_5,2026-03-28,常滑,5,4-2-5,59.4
20260328_常滑_5,2026-03-28,常滑,5,5-2-4,91.3
20260328_常滑_5,2026-03-28,常滑,5,6-2-4,2027.0
20260328_常滑_5,2026-03-28,常滑,5,1-3-6,405.5
20260328_常滑_5,2026-03-28,常滑,5,2-3-6,143.6
20260328_常滑_5,2026-03-28,常滑,5,3-2-6,469.6
20260328_常滑_5,2026-03-28,常滑,5,4-2-6,268.9
20260328_常滑_5,2026-03-28,常滑,5,5-2-6,247.5
20260328_常滑_5,2026-03-28,常滑,5,6-2-5,1596.0
20260328_常滑_5,2026-03-28,常滑,5,1-4-2,44.4
20260328_常滑_5,2026-03-28,常滑,5,2-4-1,21.7
20260328_常滑_5,2026-03-28,常滑,5,3-4-1,242.8
20260328_常滑_5,2026-03-28,常滑,5,4-3-1,517.1
20260328_常滑_5,2026-03-28,常滑,5,5-3-1,543.6
20260328_常滑_5,2026-03-28,常滑,5,6-3-1,2410.0
20260328_常滑_5,2026-03-28,常滑,5,1-4-3,81.0
20260328_常滑_5,2026-03-28,常滑,5,2-4-3,17.2
20260328_常滑_5,2026-03-28,常滑,5,3-4-2,82.6
20260328_常滑_5,2026-03-28,常滑,5,4-3-2,174.7
20260328_常滑_5,2026-03-28,常滑,5,5-3-2,260.1
20260328_常滑_5,2026-03-28,常滑,5,6-3-2,2365.0
20260328_常滑_5,2026-03-28,常滑,5,1-4-5,81.2
20260328_常滑_5,2026-03-28,常滑,5,2-4-5,10.7
20260328_常滑_5,2026-03-28,常滑,5,3-4-5,114.6
20260328_常滑_5,2026-03-28,常滑,5,4-3-5,204.0
20260328_常滑_5,2026-03-28,常滑,5,5-3-4,320.1
20260328_常滑_5,2026-03-28,常滑,5,6-3-4,3757.0
20260328_常滑_5,2026-03-28,常滑,5,1-4-6,368.1
20260328_常滑_5,2026-03-28,常滑,5,2-4-6,83.4
20260328_常滑_5,2026-03-28,常滑,5,3-4-6,629.2
20260328_常滑_5,2026-03-28,常滑,5,4-3-6,887.1
20260328_常滑_5,2026-03-28,常滑,5,5-3-6,1013.0
20260328_常滑_5,2026-03-28,常滑,5,6-3-5,4913.0
20260328_常滑_5,2026-03-28,常滑,5,1-5-2,48.2
20260328_常滑_5,2026-03-28,常滑,5,2-5-1,23.2
20260328_常滑_5,2026-03-28,常滑,5,3-5-1,428.6
20260328_常滑_5,2026-03-28,常滑,5,4-5-1,150.8
20260328_常滑_5,2026-03-28,常滑,5,5-4-1,228.1
20260328_常滑_5,2026-03-28,常滑,5,6-4-1,3275.0
20260328_常滑_5,2026-03-28,常滑,5,1-5-3,136.9
20260328_常滑_5,2026-03-28,常滑,5,2-5-3,23.6
20260328_常滑_5,2026-03-28,常滑,5,3-5-2,140.0
20260328_常滑_5,2026-03-28,常滑,5,4-5-2,75.9
20260328_常滑_5,2026-03-28,常滑,5,5-4-2,117.1
20260328_常滑_5,2026-03-28,常滑,5,6-4-2,2094.0
20260328_常滑_5,2026-03-28,常滑,5,1-5-4,102.0
20260328_常滑_5,2026-03-28,常滑,5,2-5-4,15.3
20260328_常滑_5,2026-03-28,常滑,5,3-5-4,189.8
20260328_常滑_5,2026-03-28,常滑,5,4-5-3,179.1
20260328_常滑_5,2026-03-28,常滑,5,5-4-3,265.5
20260328_常滑_5,2026-03-28,常滑,5,6-4-3,2903.0
20260328_常滑_5,2026-03-28,常滑,5,1-5-6,325.8
20260328_常滑_5,2026-03-28,常滑,5,2-5-6,81.2
20260328_常滑_5,2026-03-28,常滑,5,3-5-6,793.4
20260328_常滑_5,2026-03-28,常滑,5,4-5-6,249.0
20260328_常滑_5,2026-03-28,常滑,5,5-4-6,345.2
20260328_常滑_5,2026-03-28,常滑,5,6-4-5,2322.0
20260328_常滑_5,2026-03-28,常滑,5,1-6-2,421.6
20260328_常滑_5,2026-03-28,常滑,5,2-6-1,280.1
20260328_常滑_5,2026-03-28,常滑,5,3-6-1,1659.0
20260328_常滑_5,2026-03-28,常滑,5,4-6-1,912.4
20260328_常滑_5,2026-03-28,常滑,5,5-6-1,1055.0
20260328_常滑_5,2026-03-28,常滑,5,6-5-1,3649.0
20260328_常滑_5,2026-03-28,常滑,5,1-6-3,874.9
20260328_常滑_5,2026-03-28,常滑,5,2-6-3,435.9
20260328_常滑_5,2026-03-28,常滑,5,3-6-2,1091.0
20260328_常滑_5,2026-03-28,常滑,5,4-6-2,602.5
20260328_常滑_5,2026-03-28,常滑,5,5-6-2,658.4
20260328_常滑_5,2026-03-28,常滑,5,6-5-2,1935.0
20260328_常滑_5,2026-03-28,常滑,5,1-6-4,906.0
20260328_常滑_5,2026-03-28,常滑,5,2-6-4,360.8
20260328_常滑_5,2026-03-28,常滑,5,3-6-4,1851.0
20260328_常滑_5,2026-03-28,常滑,5,4-6-3,1799.0
20260328_常滑_5,2026-03-28,常滑,5,5-6-3,1373.0
20260328_常滑_5,2026-03-28,常滑,5,6-5-3,3992.0
20260328_常滑_5,2026-03-28,常滑,5,1-6-5,1013.0
20260328_常滑_5,2026-03-28,常滑,5,2-6-5,302.7
20260328_常滑_5,2026-03-28,常滑,5,3-6-5,1906.0
20260328_常滑_5,2026-03-28,常滑,5,4-6-5,645.1
20260328_常滑_5,2026-03-28,常滑,5,5-6-4,874.9
20260328_常滑_5,2026-03-28,常滑,5,6-5-4,2456.0
20260328_常滑_6,2026-03-28,常滑,6,1-2-3,12.7
20260328_常滑_6,2026-03-28,常滑,6,2-1-3,43.5
20260328_常滑_6,2026-03-28,常滑,6,3-1-2,204.1
20260328_常滑_6,2026-03-28,常滑,6,4-1-2,17.5
20260328_常滑_6,2026-03-28,常滑,6,5-1-2,346.6
20260328_常滑_6,2026-03-28,常滑,6,6-1-2,1190.0
20260328_常滑_6,2026-03-28,常滑,6,1-2-4,4.9
20260328_常滑_6,2026-03-28,常滑,6,2-1-4,12.8
20260328_常滑_6,2026-03-28,常滑,6,3-1-4,181.5
20260328_常滑_6,2026-03-28,常滑,6,4-1-3,77.7
20260328_常滑_6,2026-03-28,常滑,6,5-1-3,978.0
20260328_常滑_6,2026-03-28,常滑,6,6-1-3,1682.0
20260328_常滑_6,2026-03-28,常滑,6,1-2-5,25.0
20260328_常滑_6,2026-03-28,常滑,6,2-1-5,55.9
20260328_常滑_6,2026-03-28,常滑,6,3-1-5,450.5
20260328_常滑_6,2026-03-28,常滑,6,4-1-5,45.1
20260328_常滑_6,2026-03-28,常滑,6,5-1-4,296.1
20260328_常滑_6,2026-03-28,常滑,6,6-1-4,788.5
20260328_常滑_6,2026-03-28,常滑,6,1-2-6,52.9
20260328_常滑_6,2026-03-28,常滑,6,2-1-6,104.2
20260328_常滑_6,2026-03-28,常滑,6,3-1-6,500.6
20260328_常滑_6,2026-03-28,常滑,6,4-1-6,55.9
20260328_常滑_6,2026-03-28,常滑,6,5-1-6,948.5
20260328_常滑_6,2026-03-28,常滑,6,6-1-5,3409.0
20260328_常滑_6,2026-03-28,常滑,6,1-3-2,25.3
20260328_常滑_6,2026-03-28,常滑,6,2-3-1,137.7
20260328_常滑_6,2026-03-28,常滑,6,3-2-1,316.9
20260328_常滑_6,2026-03-28,常滑,6,4-2-1,23.4
20260328_常滑_6,2026-03-28,常滑,6,5-2-1,436.5
20260328_常滑_6,2026-03-28,常滑,6,6-2-1,1087.0
20260328_常滑_6,2026-03-28,常滑,6,1-3-4,23.2
20260328_常滑_6,2026-03-28,常滑,6,2-3-4,130.3
20260328_常滑_6,2026-03-28,常滑,6,3-2-4,275.4
20260328_常滑_6,2026-03-28,常滑,6,4-2-3,110.5
20260328_常滑_6,2026-03-28,常滑,6,5-2-3,1249.0
20260328_常滑_6,2026-03-28,常滑,6,6-2-3,1752.0
20260328_常滑_6,2026-03-28,常滑,6,1-3-5,94.9
20260328_常滑_6,2026-03-28,常滑,6,2-3-5,292.0
20260328_常滑_6,2026-03-28,常滑,6,3-2-5,737.7
20260328_常滑_6,2026-03-28,常滑,6,4-2-5,65.0
20260328_常滑_6,2026-03-28,常滑,6,5-2-4,487.1
20260328_常滑_6,2026-03-28,常滑,6,6-2-4,920.8
20260328_常滑_6,2026-03-28,常滑,6,1-3-6,118.3
20260328_常滑_6,2026-03-28,常滑,6,2-3-6,363.5
20260328_常滑_6,2026-03-28,常滑,6,3-2-6,769.2
20260328_常滑_6,2026-03-28,常滑,6,4-2-6,74.0
20260328_常滑_6,2026-03-28,常滑,6,5-2-6,978.0
20260328_常滑_6,2026-03-28,常滑,6,6-2-5,2523.0
20260328_常滑_6,2026-03-28,常滑,6,1-4-2,7.0
20260328_常滑_6,2026-03-28,常滑,6,2-4-1,21.4
20260328_常滑_6,2026-03-28,常滑,6,3-4-1,264.4
20260328_常滑_6,2026-03-28,常滑,6,4-3-1,218.2
20260328_常滑_6,2026-03-28,常滑,6,5-3-1,1328.0
20260328_常滑_6,2026-03-28,常滑,6,6-3-1,2175.0
20260328_常滑_6,2026-03-28,常滑,6,1-4-3,19.3
20260328_常滑_6,2026-03-28,常滑,6,2-4-3,88.5
20260328_常滑_6,2026-03-28,常滑,6,3-4-2,279.7
20260328_常滑_6,2026-03-28,常滑,6,4-3-2,237.5
20260328_常滑_6,2026-03-28,常滑,6,5-3-2,1883.0
20260328_常滑_6,2026-03-28,常滑,6,6-3-2,2336.0
20260328_常滑_6,2026-03-28,常滑,6,1-4-5,32.7
20260328_常滑_6,2026-03-28,常滑,6,2-4-5,94.7
20260328_常滑_6,2026-03-28,常滑,6,3-4-5,624.5
20260328_常滑_6,2026-03-28,常滑,6,4-3-5,504.6
20260328_常滑_6,2026-03-28,常滑,6,5-3-4,1911.0
20260328_常滑_6,2026-03-28,常滑,6,6-3-4,1855.0
20260328_常滑_6,2026-03-28,常滑,6,1-4-6,40.8
20260328_常滑_6,2026-03-28,常滑,6,2-4-6,123.6
20260328_常滑_6,2026-03-28,常滑,6,3-4-6,438.0
20260328_常滑_6,2026-03-28,常滑,6,4-3-6,365.6
20260328_常滑_6,2026-03-28,常滑,6,5-3-6,2628.0
20260328_常滑_6,2026-03-28,常滑,6,6-3-5,5734.0
20260328_常滑_6,2026-03-28,常滑,6,1-5-2,82.0
20260328_常滑_6,2026-03-28,常滑,6,2-5-1,179.7
20260328_常滑_6,2026-03-28,常滑,6,3-5-1,671.0
20260328_常滑_6,2026-03-28,常滑,6,4-5-1,73.0
20260328_常滑_6,2026-03-28,常滑,6,5-4-1,323.4
20260328_常滑_6,2026-03-28,常滑,6,6-4-1,681.9
20260328_常滑_6,2026-03-28,常滑,6,1-5-3,184.7
20260328_常滑_6,2026-03-28,常滑,6,2-5-3,380.0
20260328_常滑_6,2026-03-28,常滑,6,3-5-2,852.4
20260328_常滑_6,2026-03-28,常滑,6,4-5-2,84.5
20260328_常滑_6,2026-03-28,常滑,6,5-4-2,413.6
20260328_常滑_6,2026-03-28,常滑,6,6-4-2,870.0
20260328_常滑_6,2026-03-28,常滑,6,1-5-4,102.1
20260328_常滑_6,2026-03-28,常滑,6,2-5-4,200.5
20260328_常滑_6,2026-03-28,常滑,6,3-5-4,970.4
20260328_常滑_6,2026-03-28,常滑,6,4-5-3,288.0
20260328_常滑_6,2026-03-28,常滑,6,5-4-3,1371.0
20260328_常滑_6,2026-03-28,常滑,6,6-4-3,1704.0
20260328_常滑_6,2026-03-28,常滑,6,1-5-6,274.8
20260328_常滑_6,2026-03-28,常滑,6,2-5-6,477.8
20260328_常滑_6,2026-03-28,常滑,6,3-5-6,1728.0
20260328_常滑_6,2026-03-28,常滑,6,4-5-6,124.5
20260328_常滑_6,2026-03-28,常滑,6,5-4-6,621.4
20260328_常滑_6,2026-03-28,常滑,6,6-4-5,1855.0
20260328_常滑_6,2026-03-28,常滑,6,1-6-2,195.2
20260328_常滑_6,2026-03-28,常滑,6,2-6-1,472.5
20260328_常滑_6,2026-03-28,常滑,6,3-6-1,1168.0
20260328_常滑_6,2026-03-28,常滑,6,4-6-1,125.6
20260328_常滑_6,2026-03-28,常滑,6,5-6-1,1776.0
20260328_常滑_6,2026-03-28,常滑,6,6-5-1,3077.0
20260328_常滑_6,2026-03-28,常滑,6,1-6-3,270.7
20260328_常滑_6,2026-03-28,常滑,6,2-6-3,600.7
20260328_常滑_6,2026-03-28,常滑,6,3-6-2,1249.0
20260328_常滑_6,2026-03-28,常滑,6,4-6-2,131.8
20260328_常滑_6,2026-03-28,常滑,6,5-6-2,1911.0
20260328_常滑_6,2026-03-28,常滑,6,6-5-2,2803.0
20260328_常滑_6,2026-03-28,常滑,6,1-6-4,165.5
20260328_常滑_6,2026-03-28,常滑,6,2-6-4,393.0
20260328_常滑_6,2026-03-28,常滑,6,3-6-4,830.0
20260328_常滑_6,2026-03-28,常滑,6,4-6-3,397.9
20260328_常滑_6,2026-03-28,常滑,6,5-6-3,2523.0
20260328_常滑_6,2026-03-28,常滑,6,6-5-3,3942.0
20260328_常滑_6,2026-03-28,常滑,6,1-6-5,512.8
20260328_常滑_6,2026-03-28,常滑,6,2-6-5,948.5
20260328_常滑_6,2026-03-28,常滑,6,3-6-5,2628.0
20260328_常滑_6,2026-03-28,常滑,6,4-6-5,212.3
20260328_常滑_6,2026-03-28,常滑,6,5-6-4,1538.0
20260328_常滑_6,2026-03-28,常滑,6,6-5-4,2523.0
20260328_常滑_7,2026-03-28,常滑,7,1-2-3,90.2
20260328_常滑_7,2026-03-28,常滑,7,2-1-3,184.3
20260328_常滑_7,2026-03-28,常滑,7,3-1-2,142.8
20260328_常滑_7,2026-03-28,常滑,7,4-1-2,249.3
20260328_常滑_7,2026-03-28,常滑,7,5-1-2,1699.0
20260328_常滑_7,2026-03-28,常滑,7,6-1-2,13.2
20260328_常滑_7,2026-03-28,常滑,7,1-2-4,135.8
20260328_常滑_7,2026-03-28,常滑,7,2-1-4,156.2
20260328_常滑_7,2026-03-28,常滑,7,3-1-4,78.1
20260328_常滑_7,2026-03-28,常滑,7,4-1-3,186.0
20260328_常滑_7,2026-03-28,常滑,7,5-1-3,2049.0
20260328_常滑_7,2026-03-28,常滑,7,6-1-3,14.8
20260328_常滑_7,2026-03-28,常滑,7,1-2-5,421.1
20260328_常滑_7,2026-03-28,常滑,7,2-1-5,544.4
20260328_常滑_7,2026-03-28,常滑,7,3-1-5,183.1
20260328_常滑_7,2026-03-28,常滑,7,4-1-5,385.0
20260328_常滑_7,2026-03-28,常滑,7,5-1-4,1515.0
20260328_常滑_7,2026-03-28,常滑,7,6-1-4,15.1
20260328_常滑_7,2026-03-28,常滑,7,1-2-6,48.6
20260328_常滑_7,2026-03-28,常滑,7,2-1-6,73.8
20260328_常滑_7,2026-03-28,常滑,7,3-1-6,52.9
20260328_常滑_7,2026-03-28,常滑,7,4-1-6,121.6
20260328_常滑_7,2026-03-28,常滑,7,5-1-6,1720.0
20260328_常滑_7,2026-03-28,常滑,7,6-1-5,105.8
20260328_常滑_7,2026-03-28,常滑,7,1-3-2,117.0
20260328_常滑_7,2026-03-28,常滑,7,2-3-1,189.3
20260328_常滑_7,2026-03-28,常滑,7,3-2-1,195.4
20260328_常滑_7,2026-03-28,常滑,7,4-2-1,368.7
20260328_常滑_7,2026-03-28,常滑,7,5-2-1,2144.0
20260328_常滑_7,2026-03-28,常滑,7,6-2-1,20.3
20260328_常滑_7,2026-03-28,常滑,7,1-3-4,114.7
20260328_常滑_7,2026-03-28,常滑,7,2-3-4,155.2
20260328_常滑_7,2026-03-28,常滑,7,3-2-4,130.6
20260328_常滑_7,2026-03-28,常滑,7,4-2-3,258.6
20260328_常滑_7,2026-03-28,常滑,7,5-2-3,1909.0
20260328_常滑_7,2026-03-28,常滑,7,6-2-3,26.2
20260328_常滑_7,2026-03-28,常滑,7,1-3-5,405.1
20260328_常滑_7,2026-03-28,常滑,7,2-3-5,419.8
20260328_常滑_7,2026-03-28,常滑,7,3-2-5,372.6
20260328_常滑_7,2026-03-28,常滑,7,4-2-5,564.3
20260328_常滑_7,2026-03-28,常滑,7,5-2-4,2323.0
20260328_常滑_7,2026-03-28,常滑,7,6-2-4,22.4
20260328_常滑_7,2026-03-28,常滑,7,1-3-6,57.9
20260328_常滑_7,2026-03-28,常滑,7,2-3-6,100.0
20260328_常滑_7,2026-03-28,常滑,7,3-2-6,91.2
20260328_常滑_7,2026-03-28,常滑,7,4-2-6,187.0
20260328_常滑_7,2026-03-28,常滑,7,5-2-6,1720.0
20260328_常滑_7,2026-03-28,常滑,7,6-2-5,146.1
20260328_常滑_7,2026-03-28,常滑,7,1-4-2,191.4
20260328_常滑_7,2026-03-28,常滑,7,2-4-1,264.9
20260328_常滑_7,2026-03-28,常滑,7,3-4-1,56.2
20260328_常滑_7,2026-03-28,常滑,7,4-3-1,112.3
20260328_常滑_7,2026-03-28,常滑,7,5-3-1,1935.0
20260328_常滑_7,2026-03-28,常滑,7,6-3-1,22.9
20260328_常滑_7,2026-03-28,常滑,7,1-4-3,147.9
20260328_常滑_7,2026-03-28,常滑,7,2-4-3,222.3
20260328_常滑_7,2026-03-28,常滑,7,3-4-2,91.7
20260328_常滑_7,2026-03-28,常滑,7,4-3-2,154.8
20260328_常滑_7,2026-03-28,常滑,7,5-3-2,1935.0
20260328_常滑_7,2026-03-28,常滑,7,6-3-2,29.7
20260328_常滑_7,2026-03-28,常滑,7,1-4-5,457.0
20260328_常滑_7,2026-03-28,常滑,7,2-4-5,593.1
20260328_常滑_7,2026-03-28,常滑,7,3-4-5,101.8
20260328_常滑_7,2026-03-28,常滑,7,4-3-5,156.2
20260328_常滑_7,2026-03-28,常滑,7,5-3-4,1032.0
20260328_常滑_7,2026-03-28,常滑,7,6-3-4,21.0
20260328_常滑_7,2026-03-28,常滑,7,1-4-6,83.2
20260328_常滑_7,2026-03-28,常滑,7,2-4-6,135.5
20260328_常滑_7,2026-03-28,常滑,7,3-4-6,33.1
20260328_常滑_7,2026-03-28,常滑,7,4-3-6,64.3
20260328_常滑_7,2026-03-28,常滑,7,5-3-6,1380.0
20260328_常滑_7,2026-03-28,常滑,7,6-3-5,117.3
20260328_常滑_7,2026-03-28,常滑,7,1-5-2,595.6
20260328_常滑_7,2026-03-28,常滑,7,2-5-1,1278.0
20260328_常滑_7,2026-03-28,常滑,7,3-5-1,492.5
20260328_常滑_7,2026-03-28,常滑,7,4-5-1,745.3
20260328_常滑_7,2026-03-28,常滑,7,5-4-1,1699.0
20260328_常滑_7,2026-03-28,常滑,7,6-4-1,27.0
20260328_常滑_7,2026-03-28,常滑,7,1-5-3,865.7
20260328_常滑_7,2026-03-28,常滑,7,2-5-3,1032.0
20260328_常滑_7,2026-03-28,常滑,7,3-5-2,608.6
20260328_常滑_7,2026-03-28,常滑,7,4-5-2,1064.0
20260328_常滑_7,2026-03-28,常滑,7,5-4-2,2680.0
20260328_常滑_7,2026-03-28,常滑,7,6-4-2,38.0
20260328_常滑_7,2026-03-28,常滑,7,1-5-4,860.4
20260328_常滑_7,2026-03-28,常滑,7,2-5-4,1072.0
20260328_常滑_7,2026-03-28,常滑,7,3-5-4,294.0
20260328_常滑_7,2026-03-28,常滑,7,4-5-3,434.2
20260328_常滑_7,2026-03-28,常滑,7,5-4-3,1088.0
20260328_常滑_7,2026-03-28,常滑,7,6-4-3,35.1
20260328_常滑_7,2026-03-28,常滑,7,1-5-6,819.9
20260328_常滑_7,2026-03-28,常滑,7,2-5-6,1010.0
20260328_常滑_7,2026-03-28,常滑,7,3-5-6,237.4
20260328_常滑_7,2026-03-28,常滑,7,4-5-6,448.1
20260328_常滑_7,2026-03-28,常滑,7,5-4-6,935.4
20260328_常滑_7,2026-03-28,常滑,7,6-4-5,118.8
20260328_常滑_7,2026-03-28,常滑,7,1-6-2,20.6
20260328_常滑_7,2026-03-28,常滑,7,2-6-1,54.8
20260328_常滑_7,2026-03-28,常滑,7,3-6-1,40.5
20260328_常滑_7,2026-03-28,常滑,7,4-6-1,84.8
20260328_常滑_7,2026-03-28,常滑,7,5-6-1,1366.0
20260328_常滑_7,2026-03-28,常滑,7,6-5-1,290.3
20260328_常滑_7,2026-03-28,常滑,7,1-6-3,24.2
20260328_常滑_7,2026-03-28,常滑,7,2-6-3,68.9
20260328_常滑_7,2026-03-28,常滑,7,3-6-2,54.5
20260328_常滑_7,2026-03-28,常滑,7,4-6-2,101.8
20260328_常滑_7,2026-03-28,常滑,7,5-6-2,1720.0
20260328_常滑_7,2026-03-28,常滑,7,6-5-2,460.0
20260328_常滑_7,2026-03-28,常滑,7,1-6-4,28.9
20260328_常滑_7,2026-03-28,常滑,7,2-6-4,49.8
20260328_常滑_7,2026-03-28,常滑,7,3-6-4,33.3
20260328_常滑_7,2026-03-28,常滑,7,4-6-3,73.7
20260328_常滑_7,2026-03-28,常滑,7,5-6-3,1088.0
20260328_常滑_7,2026-03-28,常滑,7,6-5-3,374.6
20260328_常滑_7,2026-03-28,常滑,7,1-6-5,148.7
20260328_常滑_7,2026-03-28,常滑,7,2-6-5,316.0
20260328_常滑_7,2026-03-28,常滑,7,3-6-5,116.4
20260328_常滑_7,2026-03-28,常滑,7,4-6-5,233.8
20260328_常滑_7,2026-03-28,常滑,7,5-6-4,954.7
20260328_常滑_7,2026-03-28,常滑,7,6-5-4,282.1
20260328_常滑_8,2026-03-28,常滑,8,1-2-3,17.1
20260328_常滑_8,2026-03-28,常滑,8,2-1-3,53.7
20260328_常滑_8,2026-03-28,常滑,8,3-1-2,40.4
20260328_常滑_8,2026-03-28,常滑,8,4-1-2,133.9
20260328_常滑_8,2026-03-28,常滑,8,5-1-2,254.5
20260328_常滑_8,2026-03-28,常滑,8,6-1-2,1978.0
20260328_常滑_8,2026-03-28,常滑,8,1-2-4,25.9
20260328_常滑_8,2026-03-28,常滑,8,2-1-4,79.0
20260328_常滑_8,2026-03-28,常滑,8,3-1-4,12.6
20260328_常滑_8,2026-03-28,常滑,8,4-1-3,62.5
20260328_常滑_8,2026-03-28,常滑,8,5-1-3,80.0
20260328_常滑_8,2026-03-28,常滑,8,6-1-3,1828.0
20260328_常滑_8,2026-03-28,常滑,8,1-2-5,38.6
20260328_常滑_8,2026-03-28,常滑,8,2-1-5,100.5
20260328_常滑_8,2026-03-28,常滑,8,3-1-5,18.1
20260328_常滑_8,2026-03-28,常滑,8,4-1-5,74.0
20260328_常滑_8,2026-03-28,常滑,8,5-1-4,124.2
20260328_常滑_8,2026-03-28,常滑,8,6-1-4,2943.0
20260328_常滑_8,2026-03-28,常滑,8,1-2-6,185.9
20260328_常滑_8,2026-03-28,常滑,8,2-1-6,385.5
20260328_常滑_8,2026-03-28,常滑,8,3-1-6,119.2
20260328_常滑_8,2026-03-28,常滑,8,4-1-6,216.2
20260328_常滑_8,2026-03-28,常滑,8,5-1-6,257.8
20260328_常滑_8,2026-03-28,常滑,8,6-1-5,2623.0
20260328_常滑_8,2026-03-28,常滑,8,1-3-2,14.4
20260328_常滑_8,2026-03-28,常滑,8,2-3-1,90.8
20260328_常滑_8,2026-03-28,常滑,8,3-2-1,110.7
20260328_常滑_8,2026-03-28,常滑,8,4-2-1,319.2
20260328_常滑_8,2026-03-28,常滑,8,5-2-1,550.9
20260328_常滑_8,2026-03-28,常滑,8,6-2-1,4022.0
20260328_常滑_8,2026-03-28,常滑,8,1-3-4,7.8
20260328_常滑_8,2026-03-28,常滑,8,2-3-4,88.5
20260328_常滑_8,2026-03-28,常滑,8,3-2-4,123.0
20260328_常滑_8,2026-03-28,常滑,8,4-2-3,283.9
20260328_常滑_8,2026-03-28,常滑,8,5-2-3,403.5
20260328_常滑_8,2026-03-28,常滑,8,6-2-3,4826.0
20260328_常滑_8,2026-03-28,常滑,8,1-3-5,11.5
20260328_常滑_8,2026-03-28,常滑,8,2-3-5,160.8
20260328_常滑_8,2026-03-28,常滑,8,3-2-5,121.6
20260328_常滑_8,2026-03-28,常滑,8,4-2-5,295.7
20260328_常滑_8,2026-03-28,常滑,8,5-2-4,600.3
20260328_常滑_8,2026-03-28,常滑,8,6-2-4,4022.0
20260328_常滑_8,2026-03-28,常滑,8,1-3-6,78.5
20260328_常滑_8,2026-03-28,常滑,8,2-3-6,689.5
20260328_常滑_8,2026-03-28,常滑,8,3-2-6,465.8
20260328_常滑_8,2026-03-28,常滑,8,4-2-6,701.5
20260328_常滑_8,2026-03-28,常滑,8,5-2-6,1218.0
20260328_常滑_8,2026-03-28,常滑,8,6-2-5,4160.0
20260328_常滑_8,2026-03-28,常滑,8,1-4-2,28.8
20260328_常滑_8,2026-03-28,常滑,8,2-4-1,198.4
20260328_常滑_8,2026-03-28,常滑,8,3-4-1,28.8
20260328_常滑_8,2026-03-28,常滑,8,4-3-1,64.4
20260328_常滑_8,2026-03-28,常滑,8,5-3-1,151.9
20260328_常滑_8,2026-03-28,常滑,8,6-3-1,2276.0
20260328_常滑_8,2026-03-28,常滑,8,1-4-3,15.2
20260328_常滑_8,2026-03-28,常滑,8,2-4-3,192.1
20260328_常滑_8,2026-03-28,常滑,8,3-4-2,104.1
20260328_常滑_8,2026-03-28,常滑,8,4-3-2,211.3
20260328_常滑_8,2026-03-28,常滑,8,5-3-2,360.2
20260328_常滑_8,2026-03-28,常滑,8,6-3-2,3549.0
20260328_常滑_8,2026-03-28,常滑,8,1-4-5,24.9
20260328_常滑_8,2026-03-28,常滑,8,2-4-5,274.8
20260328_常滑_8,2026-03-28,常滑,8,3-4-5,32.3
20260328_常滑_8,2026-03-28,常滑,8,4-3-5,63.8
20260328_常滑_8,2026-03-28,常滑,8,5-3-4,136.6
20260328_常滑_8,2026-03-28,常滑,8,6-3-4,1915.0
20260328_常滑_8,2026-03-28,常滑,8,1-4-6,119.3
20260328_常滑_8,2026-03-28,常滑,8,2-4-6,997.2
20260328_常滑_8,2026-03-28,常滑,8,3-4-6,161.7
20260328_常滑_8,2026-03-28,常滑,8,4-3-6,222.6
20260328_常滑_8,2026-03-28,常滑,8,5-3-6,331.5
20260328_常滑_8,2026-03-28,常滑,8,6-3-5,2080.0
20260328_常滑_8,2026-03-28,常滑,8,1-5-2,63.4
20260328_常滑_8,2026-03-28,常滑,8,2-5-1,310.9
20260328_常滑_8,2026-03-28,常滑,8,3-5-1,45.0
20260328_常滑_8,2026-03-28,常滑,8,4-5-1,85.4
20260328_常滑_8,2026-03-28,常滑,8,5-4-1,168.7
20260328_常滑_8,2026-03-28,常滑,8,6-4-1,3549.0
20260328_常滑_8,2026-03-28,常滑,8,1-5-3,25.6
20260328_常滑_8,2026-03-28,常滑,8,2-5-3,342.8
20260328_常滑_8,2026-03-28,常滑,8,3-5-2,98.5
20260328_常滑_8,2026-03-28,常滑,8,4-5-2,199.7
20260328_常滑_8,2026-03-28,常滑,8,5-4-2,344.7
20260328_常滑_8,2026-03-28,常滑,8,6-4-2,3447.0
20260328_常滑_8,2026-03-28,常滑,8,1-5-4,40.6
20260328_常滑_8,2026-03-28,常滑,8,2-5-4,434.0
20260328_常滑_8,2026-03-28,常滑,8,3-5-4,51.4
20260328_常滑_8,2026-03-28,常滑,8,4-5-3,77.7
20260328_常滑_8,2026-03-28,常滑,8,5-4-3,125.1
20260328_常滑_8,2026-03-28,常滑,8,6-4-3,2276.0
20260328_常滑_8,2026-03-28,常滑,8,1-5-6,127.9
20260328_常滑_8,2026-03-28,常滑,8,2-5-6,928.2
20260328_常滑_8,2026-03-28,常滑,8,3-5-6,153.1
20260328_常滑_8,2026-03-28,常滑,8,4-5-6,133.6
20260328_常滑_8,2026-03-28,常滑,8,5-4-6,227.6
20260328_常滑_8,2026-03-28,常滑,8,6-4-5,2567.0
20260328_常滑_8,2026-03-28,常滑,8,1-6-2,548.4
20260328_常滑_8,2026-03-28,常滑,8,2-6-1,1419.0
20260328_常滑_8,2026-03-28,常滑,8,3-6-1,655.8
20260328_常滑_8,2026-03-28,常滑,8,4-6-1,635.0
20260328_常滑_8,2026-03-28,常滑,8,5-6-1,693.4
20260328_常滑_8,2026-03-28,常滑,8,6-5-1,2806.0
20260328_常滑_8,2026-03-28,常滑,8,1-6-3,411.8
20260328_常滑_8,2026-03-28,常滑,8,2-6-3,1699.0
20260328_常滑_8,2026-03-28,常滑,8,3-6-2,1107.0
20260328_常滑_8,2026-03-28,常滑,8,4-6-2,1386.0
20260328_常滑_8,2026-03-28,常滑,8,5-6-2,1587.0
20260328_常滑_8,2026-03-28,常滑,8,6-5-2,6350.0
20260328_常滑_8,2026-03-28,常滑,8,1-6-4,705.6
20260328_常滑_8,2026-03-28,常滑,8,2-6-4,2366.0
20260328_常滑_8,2026-03-28,常滑,8,3-6-4,553.5
20260328_常滑_8,2026-03-28,常滑,8,4-6-3,638.4
20260328_常滑_8,2026-03-28,常滑,8,5-6-3,655.8
20260328_常滑_8,2026-03-28,常滑,8,6-5-3,2320.0
20260328_常滑_8,2026-03-28,常滑,8,1-6-5,577.3
20260328_常滑_8,2026-03-28,常滑,8,2-6-5,2080.0
20260328_常滑_8,2026-03-28,常滑,8,3-6-5,455.3
20260328_常滑_8,2026-03-28,常滑,8,4-6-5,418.9
20260328_常滑_8,2026-03-28,常滑,8,5-6-4,674.1
20260328_常滑_8,2026-03-28,常滑,8,6-5-4,2873.0
20260328_常滑_9,2026-03-28,常滑,9,1-2-3,7.3
20260328_常滑_9,2026-03-28,常滑,9,2-1-3,25.3
20260328_常滑_9,2026-03-28,常滑,9,3-1-2,84.7
20260328_常滑_9,2026-03-28,常滑,9,4-1-2,218.0
20260328_常滑_9,2026-03-28,常滑,9,5-1-2,22.0
20260328_常滑_9,2026-03-28,常滑,9,6-1-2,643.5
20260328_常滑_9,2026-03-28,常滑,9,1-2-4,40.2
20260328_常滑_9,2026-03-28,常滑,9,2-1-4,66.7
20260328_常滑_9,2026-03-28,常滑,9,3-1-4,291.4
20260328_常滑_9,2026-03-28,常滑,9,4-1-3,493.5
20260328_常滑_9,2026-03-28,常滑,9,5-1-3,35.6
20260328_常滑_9,2026-03-28,常滑,9,6-1-3,957.7
20260328_常滑_9,2026-03-28,常滑,9,1-2-5,7.3
20260328_常滑_9,2026-03-28,常滑,9,2-1-5,15.8
20260328_常滑_9,2026-03-28,常滑,9,3-1-5,67.8
20260328_常滑_9,2026-03-28,常滑,9,4-1-5,219.2
20260328_常滑_9,2026-03-28,常滑,9,5-1-4,96.1
20260328_常滑_9,2026-03-28,常滑,9,6-1-4,1276.0
20260328_常滑_9,2026-03-28,常滑,9,1-2-6,65.0
20260328_常滑_9,2026-03-28,常滑,9,2-1-6,127.4
20260328_常滑_9,2026-03-28,常滑,9,3-1-6,354.3
20260328_常滑_9,2026-03-28,常滑,9,4-1-6,638.4
20260328_常滑_9,2026-03-28,常滑,9,5-1-6,64.6
20260328_常滑_9,2026-03-28,常滑,9,6-1-5,628.5
20260328_常滑_9,2026-03-28,常滑,9,1-3-2,18.8
20260328_常滑_9,2026-03-28,常滑,9,2-3-1,109.1
20260328_常滑_9,2026-03-28,常滑,9,3-2-1,166.5
20260328_常滑_9,2026-03-28,常滑,9,4-2-1,292.5
20260328_常滑_9,2026-03-28,常滑,9,5-2-1,32.0
20260328_常滑_9,2026-03-28,常滑,9,6-2-1,903.9
20260328_常滑_9,2026-03-28,常滑,9,1-3-4,63.7
20260328_常滑_9,2026-03-28,常滑,9,2-3-4,427.9
20260328_常滑_9,2026-03-28,常滑,9,3-2-4,562.5
20260328_常滑_9,2026-03-28,常滑,9,4-2-3,462.3
20260328_常滑_9,2026-03-28,常滑,9,5-2-3,77.3
20260328_常滑_9,2026-03-28,常滑,9,6-2-3,2174.0
20260328_常滑_9,2026-03-28,常滑,9,1-3-5,13.5
20260328_常滑_9,2026-03-28,常滑,9,2-3-5,119.0
20260328_常滑_9,2026-03-28,常滑,9,3-2-5,189.7
20260328_常滑_9,2026-03-28,常滑,9,4-2-5,357.5
20260328_常滑_9,2026-03-28,常滑,9,5-2-4,148.4
20260328_常滑_9,2026-03-28,常滑,9,6-2-4,1641.0
20260328_常滑_9,2026-03-28,常滑,9,1-3-6,99.1
20260328_常滑_9,2026-03-28,常滑,9,2-3-6,591.5
20260328_常滑_9,2026-03-28,常滑,9,3-2-6,781.0
20260328_常滑_9,2026-03-28,常滑,9,4-2-6,924.6
20260328_常滑_9,2026-03-28,常滑,9,5-2-6,96.2
20260328_常滑_9,2026-03-28,常滑,9,6-2-5,924.6
20260328_常滑_9,2026-03-28,常滑,9,1-4-2,112.0
20260328_常滑_9,2026-03-28,常滑,9,2-4-1,308.2
20260328_常滑_9,2026-03-28,常滑,9,3-4-1,781.0
20260328_常滑_9,2026-03-28,常滑,9,4-3-1,628.5
20260328_常滑_9,2026-03-28,常滑,9,5-3-1,93.5
20260328_常滑_9,2026-03-28,常滑,9,6-3-1,1436.0
20260328_常滑_9,2026-03-28,常滑,9,1-4-3,178.7
20260328_常滑_9,2026-03-28,常滑,9,2-4-3,731.3
20260328_常滑_9,2026-03-28,常滑,9,3-4-2,935.4
20260328_常滑_9,2026-03-28,常滑,9,4-3-2,846.8
20260328_常滑_9,2026-03-28,常滑,9,5-3-2,126.2
20260328_常滑_9,2026-03-28,常滑,9,6-3-2,2514.0
20260328_常滑_9,2026-03-28,常滑,9,1-4-5,100.9
20260328_常滑_9,2026-03-28,常滑,9,2-4-5,459.7
20260328_常滑_9,2026-03-28,常滑,9,3-4-5,1058.0
20260328_常滑_9,2026-03-28,常滑,9,4-3-5,751.8
20260328_常滑_9,2026-03-28,常滑,9,5-3-4,439.6
20260328_常滑_9,2026-03-28,常滑,9,6-3-4,2437.0
20260328_常滑_9,2026-03-28,常滑,9,1-4-6,311.8
20260328_常滑_9,2026-03-28,常滑,9,2-4-6,1072.0
20260328_常滑_9,2026-03-28,常滑,9,3-4-6,1787.0
20260328_常滑_9,2026-03-28,常滑,9,4-3-6,1577.0
20260328_常滑_9,2026-03-28,常滑,9,5-3-6,258.6
20260328_常滑_9,2026-03-28,常滑,9,6-3-5,1828.0
20260328_常滑_9,2026-03-28,常滑,9,1-5-2,9.4
20260328_常滑_9,2026-03-28,常滑,9,2-5-1,32.6
20260328_常滑_9,2026-03-28,常滑,9,3-5-1,107.8
20260328_常滑_9,2026-03-28,常滑,9,4-5-1,263.7
20260328_常滑_9,2026-03-28,常滑,9,5-4-1,116.5
20260328_常滑_9,2026-03-28,常滑,9,6-4-1,1828.0
20260328_常滑_9,2026-03-28,常滑,9,1-5-3,12.9
20260328_常滑_9,2026-03-28,常滑,9,2-5-3,73.0
20260328_常滑_9,2026-03-28,常滑,9,3-5-2,180.3
20260328_常滑_9,2026-03-28,常滑,9,4-5-2,331.0
20260328_常滑_9,2026-03-28,常滑,9,5-4-2,273.6
20260328_常滑_9,2026-03-28,常滑,9,6-4-2,1547.0
20260328_常滑_9,2026-03-28,常滑,9,1-5-4,49.0
20260328_常滑_9,2026-03-28,常滑,9,2-5-4,196.2
20260328_常滑_9,2026-03-28,常滑,9,3-5-4,451.9
20260328_常滑_9,2026-03-28,常滑,9,4-5-3,766.1
20260328_常滑_9,2026-03-28,常滑,9,5-4-3,570.5
20260328_常滑_9,2026-03-28,常滑,9,6-4-3,2298.0
20260328_常滑_9,2026-03-28,常滑,9,1-5-6,37.7
20260328_常滑_9,2026-03-28,常滑,9,2-5-6,110.5
20260328_常滑_9,2026-03-28,常滑,9,3-5-6,311.8
20260328_常滑_9,2026-03-28,常滑,9,4-5-6,360.7
20260328_常滑_9,2026-03-28,常滑,9,5-4-6,352.8
20260328_常滑_9,2026-03-28,常滑,9,6-4-5,1237.0
20260328_常滑_9,2026-03-28,常滑,9,1-6-2,172.2
20260328_常滑_9,2026-03-28,常滑,9,2-6-1,693.5
20260328_常滑_9,2026-03-28,常滑,9,3-6-1,820.8
20260328_常滑_9,2026-03-28,常滑,9,4-6-1,1102.0
20260328_常滑_9,2026-03-28,常滑,9,5-6-1,86.9
20260328_常滑_9,2026-03-28,常滑,9,6-5-1,687.5
20260328_常滑_9,2026-03-28,常滑,9,1-6-3,204.1
20260328_常滑_9,2026-03-28,常滑,9,2-6-3,1087.0
20260328_常滑_9,2026-03-28,常滑,9,3-6-2,1340.0
20260328_常滑_9,2026-03-28,常滑,9,4-6-2,1183.0
20260328_常滑_9,2026-03-28,常滑,9,5-6-2,122.8
20260328_常滑_9,2026-03-28,常滑,9,6-5-2,751.8
20260328_常滑_9,2026-03-28,常滑,9,1-6-4,296.8
20260328_常滑_9,2026-03-28,常滑,9,2-6-4,1149.0
20260328_常滑_9,2026-03-28,常滑,9,3-6-4,1276.0
20260328_常滑_9,2026-03-28,常滑,9,4-6-3,1962.0
20260328_常滑_9,2026-03-28,常滑,9,5-6-3,239.4
20260328_常滑_9,2026-03-28,常滑,9,6-5-3,1340.0
20260328_常滑_9,2026-03-28,常滑,9,1-6-5,141.6
20260328_常滑_9,2026-03-28,常滑,9,2-6-5,204.1
20260328_常滑_9,2026-03-28,常滑,9,3-6-5,502.8
20260328_常滑_9,2026-03-28,常滑,9,4-6-5,291.4
20260328_常滑_9,2026-03-28,常滑,9,5-6-4,219.2
20260328_常滑_9,2026-03-28,常滑,9,6-5-4,1018.0
20260328_常滑_10,2026-03-28,常滑,10,1-2-3,8.9
20260328_常滑_10,2026-03-28,常滑,10,2-1-3,164.0
20260328_常滑_10,2026-03-28,常滑,10,3-1-2,51.5
20260328_常滑_10,2026-03-28,常滑,10,4-1-2,571.8
20260328_常滑_10,2026-03-28,常滑,10,5-1-2,629.6
20260328_常滑_10,2026-03-28,常滑,10,6-1-2,927.9
20260328_常滑_10,2026-03-28,常滑,10,1-2-4,25.3
20260328_常滑_10,2026-03-28,常滑,10,2-1-4,411.6
20260328_常滑_10,2026-03-28,常滑,10,3-1-4,32.3
20260328_常滑_10,2026-03-28,常滑,10,4-1-3,282.0
20260328_常滑_10,2026-03-28,常滑,10,5-1-3,228.4
20260328_常滑_10,2026-03-28,常滑,10,6-1-3,290.6
20260328_常滑_10,2026-03-28,常滑,10,1-2-5,36.5
20260328_常滑_10,2026-03-28,常滑,10,2-1-5,430.0
20260328_常滑_10,2026-03-28,常滑,10,3-1-5,23.1
20260328_常滑_10,2026-03-28,常滑,10,4-1-5,303.1
20260328_常滑_10,2026-03-28,常滑,10,5-1-4,565.6
20260328_常滑_10,2026-03-28,常滑,10,6-1-4,1137.0
20260328_常滑_10,2026-03-28,常滑,10,1-2-6,57.5
20260328_常滑_10,2026-03-28,常滑,10,2-1-6,463.9
20260328_常滑_10,2026-03-28,常滑,10,3-1-6,29.6
20260328_常滑_10,2026-03-28,常滑,10,4-1-6,472.2
20260328_常滑_10,2026-03-28,常滑,10,5-1-6,457.9
20260328_常滑_10,2026-03-28,常滑,10,6-1-5,953.0
20260328_常滑_10,2026-03-28,常滑,10,1-3-2,6.4
20260328_常滑_10,2026-03-28,常滑,10,2-3-1,253.6
20260328_常滑_10,2026-03-28,常滑,10,3-2-1,177.1
20260328_常滑_10,2026-03-28,常滑,10,4-2-1,1449.0
20260328_常滑_10,2026-03-28,常滑,10,5-2-1,1202.0
20260328_常滑_10,2026-03-28,常滑,10,6-2-1,2158.0
20260328_常滑_10,2026-03-28,常滑,10,1-3-4,6.7
20260328_常滑_10,2026-03-28,常滑,10,2-3-4,904.1
20260328_常滑_10,2026-03-28,常滑,10,3-2-4,161.9
20260328_常滑_10,2026-03-28,常滑,10,4-2-3,1391.0
20260328_常滑_10,2026-03-28,常滑,10,5-2-3,1449.0
20260328_常滑_10,2026-03-28,常滑,10,6-2-3,1889.0
20260328_常滑_10,2026-03-28,常滑,10,1-3-5,6.1
20260328_常滑_10,2026-03-28,常滑,10,2-3-5,772.1
20260328_常滑_10,2026-03-28,常滑,10,3-2-5,308.4
20260328_常滑_10,2026-03-28,常滑,10,4-2-5,1533.0
20260328_常滑_10,2026-03-28,常滑,10,5-2-4,3412.0
20260328_常滑_10,2026-03-28,常滑,10,6-2-4,3205.0
20260328_常滑_10,2026-03-28,常滑,10,1-3-6,10.2
20260328_常滑_10,2026-03-28,常滑,10,2-3-6,461.9
20260328_常滑_10,2026-03-28,常滑,10,3-2-6,298.8
20260328_常滑_10,2026-03-28,常滑,10,4-2-6,1410.0
20260328_常滑_10,2026-03-28,常滑,10,5-2-6,1555.0
20260328_常滑_10,2026-03-28,常滑,10,6-2-5,3305.0
20260328_常滑_10,2026-03-28,常滑,10,1-4-2,43.5
20260328_常滑_10,2026-03-28,常滑,10,2-4-1,1244.0
20260328_常滑_10,2026-03-28,常滑,10,3-4-1,129.1
20260328_常滑_10,2026-03-28,常滑,10,4-3-1,414.8
20260328_常滑_10,2026-03-28,常滑,10,5-3-1,293.0
20260328_常滑_10,2026-03-28,常滑,10,6-3-1,335.8
20260328_常滑_10,2026-03-28,常滑,10,1-4-3,18.0
20260328_常滑_10,2026-03-28,常滑,10,2-4-3,1305.0
20260328_常滑_10,2026-03-28,常滑,10,3-4-2,247.1
20260328_常滑_10,2026-03-28,常滑,10,4-3-2,1410.0
20260328_常滑_10,2026-03-28,常滑,10,5-3-2,1230.0
20260328_常滑_10,2026-03-28,常滑,10,6-3-2,1429.0
20260328_常滑_10,2026-03-28,常滑,10,1-4-5,39.5
20260328_常滑_10,2026-03-28,常滑,10,2-4-5,2203.0
20260328_常滑_10,2026-03-28,常滑,10,3-4-5,206.2
20260328_常滑_10,2026-03-28,常滑,10,4-3-5,556.7
20260328_常滑_10,2026-03-28,常滑,10,5-3-4,1057.0
20260328_常滑_10,2026-03-28,常滑,10,6-3-4,1162.0
20260328_常滑_10,2026-03-28,常滑,10,1-4-6,61.0
20260328_常滑_10,2026-03-28,常滑,10,2-4-6,2250.0
20260328_常滑_10,2026-03-28,常滑,10,3-4-6,211.1
20260328_常滑_10,2026-03-28,常滑,10,4-3-6,686.9
20260328_常滑_10,2026-03-28,常滑,10,5-3-6,553.8
20260328_常滑_10,2026-03-28,常滑,10,6-3-5,795.3
20260328_常滑_10,2026-03-28,常滑,10,1-5-2,62.7
20260328_常滑_10,2026-03-28,常滑,10,2-5-1,1202.0
20260328_常滑_10,2026-03-28,常滑,10,3-5-1,85.9
20260328_常滑_10,2026-03-28,常滑,10,4-5-1,444.4
20260328_常滑_10,2026-03-28,常滑,10,5-4-1,597.6
20260328_常滑_10,2026-03-28,常滑,10,6-4-1,1923.0
20260328_常滑_10,2026-03-28,常滑,10,1-5-3,23.8
20260328_常滑_10,2026-03-28,常滑,10,2-5-3,1391.0
20260328_常滑_10,2026-03-28,常滑,10,3-5-2,327.5
20260328_常滑_10,2026-03-28,常滑,10,4-5-2,1101.0
20260328_常滑_10,2026-03-28,常滑,10,5-4-2,1162.0
20260328_常滑_10,2026-03-28,常滑,10,6-4-2,2938.0
20260328_常滑_10,2026-03-28,常滑,10,1-5-4,67.6
20260328_常滑_10,2026-03-28,常滑,10,2-5-4,3022.0
20260328_常滑_10,2026-03-28,常滑,10,3-5-4,230.4
20260328_常滑_10,2026-03-28,常滑,10,4-5-3,629.6
20260328_常滑_10,2026-03-28,常滑,10,5-4-3,961.6
20260328_常滑_10,2026-03-28,常滑,10,6-4-3,1627.0
20260328_常滑_10,2026-03-28,常滑,10,1-5-6,60.0
20260328_常滑_10,2026-03-28,常滑,10,2-5-6,1958.0
20260328_常滑_10,2026-03-28,常滑,10,3-5-6,142.3
20260328_常滑_10,2026-03-28,常滑,10,4-5-6,755.6
20260328_常滑_10,2026-03-28,常滑,10,5-4-6,1215.0
20260328_常滑_10,2026-03-28,常滑,10,6-4-5,2158.0
20260328_常滑_10,2026-03-28,常滑,10,1-6-2,120.7
20260328_常滑_10,2026-03-28,常滑,10,2-6-1,1149.0
20260328_常滑_10,2026-03-28,常滑,10,3-6-1,100.4
20260328_常滑_10,2026-03-28,常滑,10,4-6-1,860.0
20260328_常滑_10,2026-03-28,常滑,10,5-6-1,587.6
20260328_常滑_10,2026-03-28,常滑,10,6-5-1,1391.0
20260328_常滑_10,2026-03-28,常滑,10,1-6-3,50.6
20260328_常滑_10,2026-03-28,常滑,10,2-6-3,1429.0
20260328_常滑_10,2026-03-28,常滑,10,3-6-2,359.8
20260328_常滑_10,2026-03-28,常滑,10,4-6-2,1855.0
20260328_常滑_10,2026-03-28,常滑,10,5-6-2,1627.0
20260328_常滑_10,2026-03-28,常滑,10,6-5-2,2938.0
20260328_常滑_10,2026-03-28,常滑,10,1-6-4,134.5
20260328_常滑_10,2026-03-28,常滑,10,2-6-4,2404.0
20260328_常滑_10,2026-03-28,常滑,10,3-6-4,231.9
20260328_常滑_10,2026-03-28,常滑,10,4-6-3,1007.0
20260328_常滑_10,2026-03-28,常滑,10,5-6-3,526.2
20260328_常滑_10,2026-03-28,常滑,10,6-5-3,1017.0
20260328_常滑_10,2026-03-28,常滑,10,1-6-5,112.0
20260328_常滑_10,2026-03-28,常滑,10,2-6-5,2350.0
20260328_常滑_10,2026-03-28,常滑,10,3-6-5,174.5
20260328_常滑_10,2026-03-28,常滑,10,4-6-5,1079.0
20260328_常滑_10,2026-03-28,常滑,10,5-6-4,1322.0
20260328_常滑_10,2026-03-28,常滑,10,6-5-4,1889.0
20260328_常滑_11,2026-03-28,常滑,11,1-2-3,14.4
20260328_常滑_11,2026-03-28,常滑,11,2-1-3,59.6
20260328_常滑_11,2026-03-28,常滑,11,3-1-2,137.3
20260328_常滑_11,2026-03-28,常滑,11,4-1-2,40.3
20260328_常滑_11,2026-03-28,常滑,11,5-1-2,209.6
20260328_常滑_11,2026-03-28,常滑,11,6-1-2,249.9
20260328_常滑_11,2026-03-28,常滑,11,1-2-4,7.1
20260328_常滑_11,2026-03-28,常滑,11,2-1-4,36.7
20260328_常滑_11,2026-03-28,常滑,11,3-1-4,103.5
20260328_常滑_11,2026-03-28,常滑,11,4-1-3,93.7
20260328_常滑_11,2026-03-28,常滑,11,5-1-3,379.6
20260328_常滑_11,2026-03-28,常滑,11,6-1-3,424.1
20260328_常滑_11,2026-03-28,常滑,11,1-2-5,25.4
20260328_常滑_11,2026-03-28,常滑,11,2-1-5,104.3
20260328_常滑_11,2026-03-28,常滑,11,3-1-5,254.4
20260328_常滑_11,2026-03-28,常滑,11,4-1-5,74.5
20260328_常滑_11,2026-03-28,常滑,11,5-1-4,173.9
20260328_常滑_11,2026-03-28,常滑,11,6-1-4,147.2
20260328_常滑_11,2026-03-28,常滑,11,1-2-6,20.3
20260328_常滑_11,2026-03-28,常滑,11,2-1-6,91.8
20260328_常滑_11,2026-03-28,常滑,11,3-1-6,169.9
20260328_常滑_11,2026-03-28,常滑,11,4-1-6,34.2
20260328_常滑_11,2026-03-28,常滑,11,5-1-6,237.7
20260328_常滑_11,2026-03-28,常滑,11,6-1-5,551.9
20260328_常滑_11,2026-03-28,常滑,11,1-3-2,20.6
20260328_常滑_11,2026-03-28,常滑,11,2-3-1,162.9
20260328_常滑_11,2026-03-28,常滑,11,3-2-1,205.5
20260328_常滑_11,2026-03-28,常滑,11,4-2-1,85.9
20260328_常滑_11,2026-03-28,常滑,11,5-2-1,388.5
20260328_常滑_11,2026-03-28,常滑,11,6-2-1,480.3
20260328_常滑_11,2026-03-28,常滑,11,1-3-4,16.7
20260328_常滑_11,2026-03-28,常滑,11,2-3-4,197.7
20260328_常滑_11,2026-03-28,常滑,11,3-2-4,258.4
20260328_常滑_11,2026-03-28,常滑,11,4-2-3,271.4
20260328_常滑_11,2026-03-28,常滑,11,5-2-3,1149.0
20260328_常滑_11,2026-03-28,常滑,11,6-2-3,1061.0
20260328_常滑_11,2026-03-28,常滑,11,1-3-5,45.8
20260328_常滑_11,2026-03-28,常滑,11,2-3-5,431.8
20260328_常滑_11,2026-03-28,常滑,11,3-2-5,561.2
20260328_常滑_11,2026-03-28,常滑,11,4-2-5,252.9
20260328_常滑_11,2026-03-28,常滑,11,5-2-4,740.8
20260328_常滑_11,2026-03-28,常滑,11,6-2-4,476.2
20260328_常滑_11,2026-03-28,常滑,11,1-3-6,36.8
20260328_常滑_11,2026-03-28,常滑,11,2-3-6,358.4
20260328_常滑_11,2026-03-28,常滑,11,3-2-6,429.6
20260328_常滑_11,2026-03-28,常滑,11,4-2-6,121.1
20260328_常滑_11,2026-03-28,常滑,11,5-2-6,740.8
20260328_常滑_11,2026-03-28,常滑,11,6-2-5,1462.0
20260328_常滑_11,2026-03-28,常滑,11,1-4-2,8.6
20260328_常滑_11,2026-03-28,常滑,11,2-4-1,86.4
20260328_常滑_11,2026-03-28,常滑,11,3-4-1,138.7
20260328_常滑_11,2026-03-28,常滑,11,4-3-1,196.1
20260328_常滑_11,2026-03-28,常滑,11,5-3-1,764.6
20260328_常滑_11,2026-03-28,常滑,11,6-3-1,697.4
20260328_常滑_11,2026-03-28,常滑,11,1-4-3,16.3
20260328_常滑_11,2026-03-28,常滑,11,2-4-3,196.3
20260328_常滑_11,2026-03-28,常滑,11,3-4-2,251.4
20260328_常滑_11,2026-03-28,常滑,11,4-3-2,377.9
20260328_常滑_11,2026-03-28,常滑,11,5-3-2,1366.0
20260328_常滑_11,2026-03-28,常滑,11,6-3-2,1234.0
20260328_常滑_11,2026-03-28,常滑,11,1-4-5,28.8
20260328_常滑_11,2026-03-28,常滑,11,2-4-5,299.2
20260328_常滑_11,2026-03-28,常滑,11,3-4-5,407.5
20260328_常滑_11,2026-03-28,常滑,11,4-3-5,537.6
20260328_常滑_11,2026-03-28,常滑,11,5-3-4,1118.0
20260328_常滑_11,2026-03-28,常滑,11,6-3-4,793.7
20260328_常滑_11,2026-03-28,常滑,11,1-4-6,12.9
20260328_常滑_11,2026-03-28,常滑,11,2-4-6,138.0
20260328_常滑_11,2026-03-28,常滑,11,3-4-6,214.8
20260328_常滑_11,2026-03-28,常滑,11,4-3-6,270.5
20260328_常滑_11,2026-03-28,常滑,11,5-3-6,1312.0
20260328_常滑_11,2026-03-28,常滑,11,6-3-5,2109.0
20260328_常滑_11,2026-03-28,常滑,11,1-5-2,51.7
20260328_常滑_11,2026-03-28,常滑,11,2-5-1,374.5
20260328_常滑_11,2026-03-28,常滑,11,3-5-1,599.5
20260328_常滑_11,2026-03-28,常滑,11,4-5-1,108.2
20260328_常滑_11,2026-03-28,常滑,11,5-4-1,272.8
20260328_常滑_11,2026-03-28,常滑,11,6-4-1,166.8
20260328_常滑_11,2026-03-28,常滑,11,1-5-3,83.3
20260328_常滑_11,2026-03-28,常滑,11,2-5-3,712.3
20260328_常滑_11,2026-03-28,常滑,11,3-5-2,905.8
20260328_常滑_11,2026-03-28,常滑,11,4-5-2,207.3
20260328_常滑_11,2026-03-28,常滑,11,5-4-2,570.8
20260328_常滑_11,2026-03-28,常滑,11,6-4-2,305.8
20260328_常滑_11,2026-03-28,常滑,11,1-5-4,54.6
20260328_常滑_11,2026-03-28,常滑,11,2-5-4,535.9
20260328_常滑_11,2026-03-28,常滑,11,3-5-4,854.7
20260328_常滑_11,2026-03-28,常滑,11,4-5-3,394.0
20260328_常滑_11,2026-03-28,常滑,11,5-4-3,859.2
20260328_常滑_11,2026-03-28,常滑,11,6-4-3,566.9
20260328_常滑_11,2026-03-28,常滑,11,1-5-6,82.5
20260328_常滑_11,2026-03-28,常滑,11,2-5-6,619.6
20260328_常滑_11,2026-03-28,常滑,11,3-5-6,868.1
20260328_常滑_11,2026-03-28,常滑,11,4-5-6,112.4
20260328_常滑_11,2026-03-28,常滑,11,5-4-6,319.9
20260328_常滑_11,2026-03-28,常滑,11,6-4-5,534.2
20260328_常滑_11,2026-03-28,常滑,11,1-6-2,53.6
20260328_常滑_11,2026-03-28,常滑,11,2-6-1,284.4
20260328_常滑_11,2026-03-28,常滑,11,3-6-1,414.6
20260328_常滑_11,2026-03-28,常滑,11,4-6-1,55.0
20260328_常滑_11,2026-03-28,常滑,11,5-6-1,437.4
20260328_常滑_11,2026-03-28,常滑,11,6-5-1,941.7
20260328_常滑_11,2026-03-28,常滑,11,1-6-3,81.2
20260328_常滑_11,2026-03-28,常滑,11,2-6-3,601.7
20260328_常滑_11,2026-03-28,常滑,11,3-6-2,641.0
20260328_常滑_11,2026-03-28,常滑,11,4-6-2,102.7
20260328_常滑_11,2026-03-28,常滑,11,5-6-2,850.4
20260328_常滑_11,2026-03-28,常滑,11,6-5-2,1462.0
20260328_常滑_11,2026-03-28,常滑,11,1-6-4,40.9
20260328_常滑_11,2026-03-28,常滑,11,2-6-4,300.3
20260328_常滑_11,2026-03-28,常滑,11,3-6-4,444.4
20260328_常滑_11,2026-03-28,常滑,11,4-6-3,203.5
20260328_常滑_11,2026-03-28,常滑,11,5-6-3,1165.0
20260328_常滑_11,2026-03-28,常滑,11,6-5-3,1852.0
20260328_常滑_11,2026-03-28,常滑,11,1-6-5,119.6
20260328_常滑_11,2026-03-28,常滑,11,2-6-5,734.2
20260328_常滑_11,2026-03-28,常滑,11,3-6-5,837.6
20260328_常滑_11,2026-03-28,常滑,11,4-6-5,127.9
20260328_常滑_11,2026-03-28,常滑,11,5-6-4,435.2
20260328_常滑_11,2026-03-28,常滑,11,6-5-4,813.0
20260328_常滑_12,2026-03-28,常滑,12,1-2-3,14.5
20260328_常滑_12,2026-03-28,常滑,12,2-1-3,90.0
20260328_常滑_12,2026-03-28,常滑,12,3-1-2,142.9
20260328_常滑_12,2026-03-28,常滑,12,4-1-2,28.0
20260328_常滑_12,2026-03-28,常滑,12,5-1-2,194.4
20260328_常滑_12,2026-03-28,常滑,12,6-1-2,504.0
20260328_常滑_12,2026-03-28,常滑,12,1-2-4,11.3
20260328_常滑_12,2026-03-28,常滑,12,2-1-4,59.9
20260328_常滑_12,2026-03-28,常滑,12,3-1-4,110.3
20260328_常滑_12,2026-03-28,常滑,12,4-1-3,48.5
20260328_常滑_12,2026-03-28,常滑,12,5-1-3,279.8
20260328_常滑_12,2026-03-28,常滑,12,6-1-3,736.7
20260328_常滑_12,2026-03-28,常滑,12,1-2-5,41.8
20260328_常滑_12,2026-03-28,常滑,12,2-1-5,157.8
20260328_常滑_12,2026-03-28,常滑,12,3-1-5,198.6
20260328_常滑_12,2026-03-28,常滑,12,4-1-5,27.5
20260328_常滑_12,2026-03-28,常滑,12,5-1-4,131.6
20260328_常滑_12,2026-03-28,常滑,12,6-1-4,357.3
20260328_常滑_12,2026-03-28,常滑,12,1-2-6,37.1
20260328_常滑_12,2026-03-28,常滑,12,2-1-6,130.8
20260328_常滑_12,2026-03-28,常滑,12,3-1-6,206.0
20260328_常滑_12,2026-03-28,常滑,12,4-1-6,27.1
20260328_常滑_12,2026-03-28,常滑,12,5-1-6,193.8
20260328_常滑_12,2026-03-28,常滑,12,6-1-5,878.9
20260328_常滑_12,2026-03-28,常滑,12,1-3-2,21.8
20260328_常滑_12,2026-03-28,常滑,12,2-3-1,259.3
20260328_常滑_12,2026-03-28,常滑,12,3-2-1,351.3
20260328_常滑_12,2026-03-28,常滑,12,4-2-1,44.9
20260328_常滑_12,2026-03-28,常滑,12,5-2-1,437.9
20260328_常滑_12,2026-03-28,常滑,12,6-2-1,707.6
20260328_常滑_12,2026-03-28,常滑,12,1-3-4,14.6
20260328_常滑_12,2026-03-28,常滑,12,2-3-4,307.7
20260328_常滑_12,2026-03-28,常滑,12,3-2-4,348.8
20260328_常滑_12,2026-03-28,常滑,12,4-2-3,112.7
20260328_常滑_12,2026-03-28,常滑,12,5-2-3,797.7
20260328_常滑_12,2026-03-28,常滑,12,6-2-3,1423.0
20260328_常滑_12,2026-03-28,常滑,12,1-3-5,35.6
20260328_常滑_12,2026-03-28,常滑,12,2-3-5,697.7
20260328_常滑_12,2026-03-28,常滑,12,3-2-5,534.1
20260328_常滑_12,2026-03-28,常滑,12,4-2-5,57.9
20260328_常滑_12,2026-03-28,常滑,12,5-2-4,380.7
20260328_常滑_12,2026-03-28,常滑,12,6-2-4,904.3
20260328_常滑_12,2026-03-28,常滑,12,1-3-6,36.7
20260328_常滑_12,2026-03-28,常滑,12,2-3-6,624.6
20260328_常滑_12,2026-03-28,常滑,12,3-2-6,717.7
20260328_常滑_12,2026-03-28,常滑,12,4-2-6,59.5
20260328_常滑_12,2026-03-28,常滑,12,5-2-6,537.5
20260328_常滑_12,2026-03-28,常滑,12,6-2-5,1670.0
20260328_常滑_12,2026-03-28,常滑,12,1-4-2,12.2
20260328_常滑_12,2026-03-28,常滑,12,2-4-1,106.4
20260328_常滑_12,2026-03-28,常滑,12,3-4-1,172.4
20260328_常滑_12,2026-03-28,常滑,12,4-3-1,97.4
20260328_常滑_12,2026-03-28,常滑,12,5-3-1,556.6
20260328_常滑_12,2026-03-28,常滑,12,6-3-1,1246.0
20260328_常滑_12,2026-03-28,常滑,12,1-4-3,14.8
20260328_常滑_12,2026-03-28,常滑,12,2-4-3,259.0
20260328_常滑_12,2026-03-28,常滑,12,3-4-2,300.0
20260328_常滑_12,2026-03-28,常滑,12,4-3-2,153.4
20260328_常滑_12,2026-03-28,常滑,12,5-3-2,582.5
20260328_常滑_12,2026-03-28,常滑,12,6-3-2,1165.0
20260328_常滑_12,2026-03-28,常滑,12,1-4-5,23.0
20260328_常滑_12,2026-03-28,常滑,12,2-4-5,276.4
20260328_常滑_12,2026-03-28,常滑,12,3-4-5,310.0
20260328_常滑_12,2026-03-28,常滑,12,4-3-5,154.1
20260328_常滑_12,2026-03-28,常滑,12,5-3-4,745.5
20260328_常滑_12,2026-03-28,常滑,12,6-3-4,914.2
20260328_常滑_12,2026-03-28,常滑,12,1-4-6,22.2
20260328_常滑_12,2026-03-28,常滑,12,2-4-6,246.5
20260328_常滑_12,2026-03-28,常滑,12,3-4-6,317.0
20260328_常滑_12,2026-03-28,常滑,12,4-3-6,145.3
20260328_常滑_12,2026-03-28,常滑,12,5-3-6,543.3
20260328_常滑_12,2026-03-28,常滑,12,6-3-5,1658.0
20260328_常滑_12,2026-03-28,常滑,12,1-5-2,64.8
20260328_常滑_12,2026-03-28,常滑,12,2-5-1,460.4
20260328_常滑_12,2026-03-28,常滑,12,3-5-1,349.3
20260328_常滑_12,2026-03-28,常滑,12,4-5-1,34.7
20260328_常滑_12,2026-03-28,常滑,12,5-4-1,114.5
20260328_常滑_12,2026-03-28,常滑,12,6-4-1,337.6
20260328_常滑_12,2026-03-28,常滑,12,1-5-3,71.6
20260328_常滑_12,2026-03-28,常滑,12,2-5-3,1035.0
20260328_常滑_12,2026-03-28,常滑,12,3-5-2,375.5
20260328_常滑_12,2026-03-28,常滑,12,4-5-2,42.4
20260328_常滑_12,2026-03-28,常滑,12,5-4-2,151.6
20260328_常滑_12,2026-03-28,常滑,12,6-4-2,497.0
20260328_常滑_12,2026-03-28,常滑,12,1-5-4,62.2
20260328_常滑_12,2026-03-28,常滑,12,2-5-4,688.1
20260328_常滑_12,2026-03-28,常滑,12,3-5-4,484.5
20260328_常滑_12,2026-03-28,常滑,12,4-5-3,88.0
20260328_常滑_12,2026-03-28,常滑,12,5-4-3,428.2
20260328_常滑_12,2026-03-28,常滑,12,6-4-3,690.0
20260328_常滑_12,2026-03-28,常滑,12,1-5-6,86.5
20260328_常滑_12,2026-03-28,常滑,12,2-5-6,756.7
20260328_常滑_12,2026-03-28,常滑,12,3-5-6,431.1
20260328_常滑_12,2026-03-28,常滑,12,4-5-6,34.3
20260328_常滑_12,2026-03-28,常滑,12,5-4-6,116.5
20260328_常滑_12,2026-03-28,常滑,12,6-4-5,517.5
20260328_常滑_12,2026-03-28,常滑,12,1-6-2,110.0
20260328_常滑_12,2026-03-28,常滑,12,2-6-1,545.7
20260328_常滑_12,2026-03-28,常滑,12,3-6-1,645.6
20260328_常滑_12,2026-03-28,常滑,12,4-6-1,53.4
20260328_常滑_12,2026-03-28,常滑,12,5-6-1,384.7
20260328_常滑_12,2026-03-28,常滑,12,6-5-1,1802.0
20260328_常滑_12,2026-03-28,常滑,12,1-6-3,128.1
20260328_常滑_12,2026-03-28,常滑,12,2-6-3,1187.0
20260328_常滑_12,2026-03-28,常滑,12,3-6-2,1052.0
20260328_常滑_12,2026-03-28,常滑,12,4-6-2,65.7
20260328_常滑_12,2026-03-28,常滑,12,5-6-2,413.3
20260328_常滑_12,2026-03-28,常滑,12,6-5-2,1265.0
20260328_常滑_12,2026-03-28,常滑,12,1-6-4,65.3
20260328_常滑_12,2026-03-28,常滑,12,2-6-4,630.9
20260328_常滑_12,2026-03-28,常滑,12,3-6-4,627.8
20260328_常滑_12,2026-03-28,常滑,12,4-6-3,122.2
20260328_常滑_12,2026-03-28,常滑,12,5-6-3,485.4
20260328_常滑_12,2026-03-28,常滑,12,6-5-3,1555.0
20260328_常滑_12,2026-03-28,常滑,12,1-6-5,178.4
20260328_常滑_12,2026-03-28,常滑,12,2-6-5,1278.0
20260328_常滑_12,2026-03-28,常滑,12,3-6-5,821.3
20260328_常滑_12,2026-03-28,常滑,12,4-6-5,59.8
20260328_常滑_12,2026-03-28,常滑,12,5-6-4,337.1
20260328_常滑_12,2026-03-28,常滑,12,6-5-4,901.0
20260328_津_1,2026-03-28,津,1,1-2-3,8.2
20260328_津_1,2026-03-28,津,1,2-1-3,58.8
20260328_津_1,2026-03-28,津,1,3-1-2,88.6
20260328_津_1,2026-03-28,津,1,4-1-2,119.4
20260328_津_1,2026-03-28,津,1,5-1-2,90.4
20260328_津_1,2026-03-28,津,1,6-1-2,491.2
20260328_津_1,2026-03-28,津,1,1-2-4,12.2
20260328_津_1,2026-03-28,津,1,2-1-4,62.9
20260328_津_1,2026-03-28,津,1,3-1-4,114.9
20260328_津_1,2026-03-28,津,1,4-1-3,182.2
20260328_津_1,2026-03-28,津,1,5-1-3,134.9
20260328_津_1,2026-03-28,津,1,6-1-3,548.8
20260328_津_1,2026-03-28,津,1,1-2-5,5.9
20260328_津_1,2026-03-28,津,1,2-1-5,40.9
20260328_津_1,2026-03-28,津,1,3-1-5,73.3
20260328_津_1,2026-03-28,津,1,4-1-5,99.9
20260328_津_1,2026-03-28,津,1,5-1-4,137.5
20260328_津_1,2026-03-28,津,1,6-1-4,724.5
20260328_津_1,2026-03-28,津,1,1-2-6,77.2
20260328_津_1,2026-03-28,津,1,2-1-6,277.4
20260328_津_1,2026-03-28,津,1,3-1-6,465.1
20260328_津_1,2026-03-28,津,1,4-1-6,295.3
20260328_津_1,2026-03-28,津,1,5-1-6,350.9
20260328_津_1,2026-03-28,津,1,6-1-5,675.9
20260328_津_1,2026-03-28,津,1,1-3-2,12.2
20260328_津_1,2026-03-28,津,1,2-3-1,174.5
20260328_津_1,2026-03-28,津,1,3-2-1,240.6
20260328_津_1,2026-03-28,津,1,4-2-1,244.1
20260328_津_1,2026-03-28,津,1,5-2-1,198.6
20260328_津_1,2026-03-28,津,1,6-2-1,959.1
20260328_津_1,2026-03-28,津,1,1-3-4,15.1
20260328_津_1,2026-03-28,津,1,2-3-4,403.6
20260328_津_1,2026-03-28,津,1,3-2-4,551.8
20260328_津_1,2026-03-28,津,1,4-2-3,530.0
20260328_津_1,2026-03-28,津,1,5-2-3,475.0
20260328_津_1,2026-03-28,津,1,6-2-3,1398.0
20260328_津_1,2026-03-28,津,1,1-3-5,9.5
20260328_津_1,2026-03-28,津,1,2-3-5,261.9
20260328_津_1,2026-03-28,津,1,3-2-5,355.8
20260328_津_1,2026-03-28,津,1,4-2-5,310.8
20260328_津_1,2026-03-28,津,1,5-2-4,498.5
20260328_津_1,2026-03-28,津,1,6-2-4,1586.0
20260328_津_1,2026-03-28,津,1,1-3-6,83.7
20260328_津_1,2026-03-28,津,1,2-3-6,945.6
20260328_津_1,2026-03-28,津,1,3-2-6,1235.0
20260328_津_1,2026-03-28,津,1,4-2-6,588.9
20260328_津_1,2026-03-28,津,1,5-2-6,923.9
20260328_津_1,2026-03-28,津,1,6-2-5,1561.0
20260328_津_1,2026-03-28,津,1,1-4-2,19.7
20260328_津_1,2026-03-28,津,1,2-4-1,201.8
20260328_津_1,2026-03-28,津,1,3-4-1,244.4
20260328_津_1,2026-03-28,津,1,4-3-1,383.6
20260328_津_1,2026-03-28,津,1,5-3-1,320.2
20260328_津_1,2026-03-28,津,1,6-3-1,1071.0
20260328_津_1,2026-03-28,津,1,1-4-3,25.9
20260328_津_1,2026-03-28,津,1,2-4-3,380.7
20260328_津_1,2026-03-28,津,1,3-4-2,535.6
20260328_津_1,2026-03-28,津,1,4-3-2,771.7
20260328_津_1,2026-03-28,津,1,5-3-2,633.4
20260328_津_1,2026-03-28,津,1,6-3-2,1503.0
20260328_津_1,2026-03-28,津,1,1-4-5,20.0
20260328_津_1,2026-03-28,津,1,2-4-5,285.3
20260328_津_1,2026-03-28,津,1,3-4-5,326.9
20260328_津_1,2026-03-28,津,1,4-3-5,601.2
20260328_津_1,2026-03-28,津,1,5-3-4,796.1
20260328_津_1,2026-03-28,津,1,6-3-4,1586.0
20260328_津_1,2026-03-28,津,1,1-4-6,93.6
20260328_津_1,2026-03-28,津,1,2-4-6,621.6
20260328_津_1,2026-03-28,津,1,3-4-6,883.4
20260328_津_1,2026-03-28,津,1,4-3-6,1060.0
20260328_津_1,2026-03-28,津,1,5-3-6,1611.0
20260328_津_1,2026-03-28,津,1,6-3-5,2486.0
20260328_津_1,2026-03-28,津,1,1-5-2,12.3
20260328_津_1,2026-03-28,津,1,2-5-1,143.8
20260328_津_1,2026-03-28,津,1,3-5-1,179.8
20260328_津_1,2026-03-28,津,1,4-5-1,129.7
20260328_津_1,2026-03-28,津,1,5-4-1,213.5
20260328_津_1,2026-03-28,津,1,6-4-1,1171.0
20260328_津_1,2026-03-28,津,1,1-5-3,16.7
20260328_津_1,2026-03-28,津,1,2-5-3,300.6
20260328_津_1,2026-03-28,津,1,3-5-2,373.0
20260328_津_1,2026-03-28,津,1,4-5-2,216.3
20260328_津_1,2026-03-28,津,1,5-4-2,377.9
20260328_津_1,2026-03-28,津,1,6-4-2,1398.0
20260328_津_1,2026-03-28,津,1,1-5-4,22.8
20260328_津_1,2026-03-28,津,1,2-5-4,390.3
20260328_津_1,2026-03-28,津,1,3-5-4,370.9
20260328_津_1,2026-03-28,津,1,4-5-3,348.4
20260328_津_1,2026-03-28,津,1,5-4-3,639.4
20260328_津_1,2026-03-28,津,1,6-4-3,1449.0
20260328_津_1,2026-03-28,津,1,1-5-6,77.7
20260328_津_1,2026-03-28,津,1,2-5-6,857.1
20260328_津_1,2026-03-28,津,1,3-5-6,950.1
20260328_津_1,2026-03-28,津,1,4-5-6,337.3
20260328_津_1,2026-03-28,津,1,5-4-6,623.5
20260328_津_1,2026-03-28,津,1,6-4-5,1736.0
20260328_津_1,2026-03-28,津,1,1-6-2,195.5
20260328_津_1,2026-03-28,津,1,2-6-1,1144.0
20260328_津_1,2026-03-28,津,1,3-6-1,853.4
20260328_津_1,2026-03-28,津,1,4-6-1,774.7
20260328_津_1,2026-03-28,津,1,5-6-1,883.4
20260328_津_1,2026-03-28,津,1,6-5-1,1274.0
20260328_津_1,2026-03-28,津,1,1-6-3,250.2
20260328_津_1,2026-03-28,津,1,2-6-3,1751.0
20260328_津_1,2026-03-28,津,1,3-6-2,1184.0
20260328_津_1,2026-03-28,津,1,4-6-2,932.5
20260328_津_1,2026-03-28,津,1,5-6-2,1274.0
20260328_津_1,2026-03-28,津,1,6-5-2,2098.0
20260328_津_1,2026-03-28,津,1,1-6-4,299.7
20260328_津_1,2026-03-28,津,1,2-6-4,1459.0
20260328_津_1,2026-03-28,津,1,3-6-4,1157.0
20260328_津_1,2026-03-28,津,1,4-6-3,1131.0
20260328_津_1,2026-03-28,津,1,5-6-3,1692.0
20260328_津_1,2026-03-28,津,1,6-5-3,2342.0
20260328_津_1,2026-03-28,津,1,1-6-5,217.0
20260328_津_1,2026-03-28,津,1,2-6-5,1611.0
20260328_津_1,2026-03-28,津,1,3-6-5,1094.0
20260328_津_1,2026-03-28,津,1,4-6-5,812.1
20260328_津_1,2026-03-28,津,1,5-6-4,1198.0
20260328_津_1,2026-03-28,津,1,6-5-4,1847.0
20260328_津_2,2026-03-28,津,2,1-2-3,12.1
20260328_津_2,2026-03-28,津,2,2-1-3,42.3
20260328_津_2,2026-03-28,津,2,3-1-2,34.8
20260328_津_2,2026-03-28,津,2,4-1-2,103.8
20260328_津_2,2026-03-28,津,2,5-1-2,173.7
20260328_津_2,2026-03-28,津,2,6-1-2,1291.0
20260328_津_2,2026-03-28,津,2,1-2-4,19.8
20260328_津_2,2026-03-28,津,2,2-1-4,86.2
20260328_津_2,2026-03-28,津,2,3-1-4,36.6
20260328_津_2,2026-03-28,津,2,4-1-3,83.1
20260328_津_2,2026-03-28,津,2,5-1-3,75.1
20260328_津_2,2026-03-28,津,2,6-1-3,852.6
20260328_津_2,2026-03-28,津,2,1-2-5,20.3
20260328_津_2,2026-03-28,津,2,2-1-5,70.8
20260328_津_2,2026-03-28,津,2,3-1-5,23.9
20260328_津_2,2026-03-28,津,2,4-1-5,71.3
20260328_津_2,2026-03-28,津,2,5-1-4,172.5
20260328_津_2,2026-03-28,津,2,6-1-4,1827.0
20260328_津_2,2026-03-28,津,2,1-2-6,87.9
20260328_津_2,2026-03-28,津,2,2-1-6,234.2
20260328_津_2,2026-03-28,津,2,3-1-6,84.0
20260328_津_2,2026-03-28,津,2,4-1-6,166.5
20260328_津_2,2026-03-28,津,2,5-1-6,220.1
20260328_津_2,2026-03-28,津,2,6-1-5,1083.0
20260328_津_2,2026-03-28,津,2,1-3-2,11.1
20260328_津_2,2026-03-28,津,2,2-3-1,81.0
20260328_津_2,2026-03-28,津,2,3-2-1,80.0
20260328_津_2,2026-03-28,津,2,4-2-1,197.9
20260328_津_2,2026-03-28,津,2,5-2-1,378.3
20260328_津_2,2026-03-28,津,2,6-2-1,1937.0
20260328_津_2,2026-03-28,津,2,1-3-4,11.0
20260328_津_2,2026-03-28,津,2,2-3-4,103.3
20260328_津_2,2026-03-28,津,2,3-2-4,93.4
20260328_津_2,2026-03-28,津,2,4-2-3,217.8
20260328_津_2,2026-03-28,津,2,5-2-3,360.2
20260328_津_2,2026-03-28,津,2,6-2-3,1998.0
20260328_津_2,2026-03-28,津,2,1-3-5,9.5
20260328_津_2,2026-03-28,津,2,2-3-5,85.8
20260328_津_2,2026-03-28,津,2,3-2-5,70.0
20260328_津_2,2026-03-28,津,2,4-2-5,166.5
20260328_津_2,2026-03-28,津,2,5-2-4,541.9
20260328_津_2,2026-03-28,津,2,6-2-4,1998.0
20260328_津_2,2026-03-28,津,2,1-3-6,44.8
20260328_津_2,2026-03-28,津,2,2-3-6,230.0
20260328_津_2,2026-03-28,津,2,3-2-6,198.5
20260328_津_2,2026-03-28,津,2,4-2-6,412.5
20260328_津_2,2026-03-28,津,2,5-2-6,568.4
20260328_津_2,2026-03-28,津,2,6-2-5,1908.0
20260328_津_2,2026-03-28,津,2,1-4-2,30.0
20260328_津_2,2026-03-28,津,2,2-4-1,171.6
20260328_津_2,2026-03-28,津,2,3-4-1,67.5
20260328_津_2,2026-03-28,津,2,4-3-1,103.8
20260328_津_2,2026-03-28,津,2,5-3-1,89.1
20260328_津_2,2026-03-28,津,2,6-3-1,1031.0
20260328_津_2,2026-03-28,津,2,1-4-3,24.8
20260328_津_2,2026-03-28,津,2,2-4-3,170.5
20260328_津_2,2026-03-28,津,2,3-4-2,103.7
20260328_津_2,2026-03-28,津,2,4-3-2,172.5
20260328_津_2,2026-03-28,津,2,5-3-2,313.4
20260328_津_2,2026-03-28,津,2,6-3-2,1437.0
20260328_津_2,2026-03-28,津,2,1-4-5,30.0
20260328_津_2,2026-03-28,津,2,2-4-5,249.3
20260328_津_2,2026-03-28,津,2,3-4-5,68.6
20260328_津_2,2026-03-28,津,2,4-3-5,108.3
20260328_津_2,2026-03-28,津,2,5-3-4,302.3
20260328_津_2,2026-03-28,津,2,6-3-4,1998.0
20260328_津_2,2026-03-28,津,2,1-4-6,93.3
20260328_津_2,2026-03-28,津,2,2-4-6,524.1
20260328_津_2,2026-03-28,津,2,3-4-6,206.2
20260328_津_2,2026-03-28,津,2,4-3-6,305.2
20260328_津_2,2026-03-28,津,2,5-3-6,358.2
20260328_津_2,2026-03-28,津,2,6-3-5,1390.0
20260328_津_2,2026-03-28,津,2,1-5-2,47.0
20260328_津_2,2026-03-28,津,2,2-5-1,185.8
20260328_津_2,2026-03-28,津,2,3-5-1,43.9
20260328_津_2,2026-03-28,津,2,4-5-1,87.7
20260328_津_2,2026-03-28,津,2,5-4-1,175.1
20260328_津_2,2026-03-28,津,2,6-4-1,1776.0
20260328_津_2,2026-03-28,津,2,1-5-3,28.2
20260328_津_2,2026-03-28,津,2,2-5-3,191.7
20260328_津_2,2026-03-28,津,2,3-5-2,100.8
20260328_津_2,2026-03-28,津,2,4-5-2,154.6
20260328_津_2,2026-03-28,津,2,5-4-2,403.4
20260328_津_2,2026-03-28,津,2,6-4-2,1578.0
20260328_津_2,2026-03-28,津,2,1-5-4,64.7
20260328_津_2,2026-03-28,津,2,2-5-4,470.2
20260328_津_2,2026-03-28,津,2,3-5-4,108.2
20260328_津_2,2026-03-28,津,2,4-5-3,132.1
20260328_津_2,2026-03-28,津,2,5-4-3,279.2
20260328_津_2,2026-03-28,津,2,6-4-3,1801.0
20260328_津_2,2026-03-28,津,2,1-5-6,77.7
20260328_津_2,2026-03-28,津,2,2-5-6,573.5
20260328_津_2,2026-03-28,津,2,3-5-6,153.5
20260328_津_2,2026-03-28,津,2,4-5-6,139.7
20260328_津_2,2026-03-28,津,2,5-4-6,310.4
20260328_津_2,2026-03-28,津,2,6-4-5,1278.0
20260328_津_2,2026-03-28,津,2,1-6-2,245.0
20260328_津_2,2026-03-28,津,2,2-6-1,645.9
20260328_津_2,2026-03-28,津,2,3-6-1,312.7
20260328_津_2,2026-03-28,津,2,4-6-1,347.5
20260328_津_2,2026-03-28,津,2,5-6-1,337.4
20260328_津_2,2026-03-28,津,2,6-5-1,1131.0
20260328_津_2,2026-03-28,津,2,1-6-3,173.5
20260328_津_2,2026-03-28,津,2,2-6-3,673.1
20260328_津_2,2026-03-28,津,2,3-6-2,385.2
20260328_津_2,2026-03-28,津,2,4-6-2,466.7
20260328_津_2,2026-03-28,津,2,5-6-2,597.6
20260328_津_2,2026-03-28,津,2,6-5-2,1540.0
20260328_津_2,2026-03-28,津,2,1-6-4,308.1
20260328_津_2,2026-03-28,津,2,2-6-4,1015.0
20260328_津_2,2026-03-28,津,2,3-6-4,451.9
20260328_津_2,2026-03-28,津,2,4-6-3,551.2
20260328_津_2,2026-03-28,津,2,5-6-3,417.9
20260328_津_2,2026-03-28,津,2,6-5-3,1184.0
20260328_津_2,2026-03-28,津,2,1-6-5,175.1
20260328_津_2,2026-03-28,津,2,2-6-5,835.9
20260328_津_2,2026-03-28,津,2,3-6-5,315.7
20260328_津_2,2026-03-28,津,2,4-6-5,277.4
20260328_津_2,2026-03-28,津,2,5-6-4,551.2
20260328_津_2,2026-03-28,津,2,6-5-4,1487.0
20260328_津_3,2026-03-28,津,3,1-2-3,32.2
20260328_津_3,2026-03-28,津,3,2-1-3,27.3
20260328_津_3,2026-03-28,津,3,3-1-2,82.6
20260328_津_3,2026-03-28,津,3,4-1-2,250.6
20260328_津_3,2026-03-28,津,3,5-1-2,93.2
20260328_津_3,2026-03-28,津,3,6-1-2,1638.0
20260328_津_3,2026-03-28,津,3,1-2-4,49.3
20260328_津_3,2026-03-28,津,3,2-1-4,45.6
20260328_津_3,2026-03-28,津,3,3-1-4,108.9
20260328_津_3,2026-03-28,津,3,4-1-3,361.1
20260328_津_3,2026-03-28,津,3,5-1-3,129.6
20260328_津_3,2026-03-28,津,3,6-1-3,1815.0
20260328_津_3,2026-03-28,津,3,1-2-5,28.3
20260328_津_3,2026-03-28,津,3,2-1-5,21.4
20260328_津_3,2026-03-28,津,3,3-1-5,51.7
20260328_津_3,2026-03-28,津,3,4-1-5,182.7
20260328_津_3,2026-03-28,津,3,5-1-4,168.5
20260328_津_3,2026-03-28,津,3,6-1-4,1919.0
20260328_津_3,2026-03-28,津,3,1-2-6,127.0
20260328_津_3,2026-03-28,津,3,2-1-6,86.8
20260328_津_3,2026-03-28,津,3,3-1-6,164.2
20260328_津_3,2026-03-28,津,3,4-1-6,311.6
20260328_津_3,2026-03-28,津,3,5-1-6,185.0
20260328_津_3,2026-03-28,津,3,6-1-5,1356.0
20260328_津_3,2026-03-28,津,3,1-3-2,52.2
20260328_津_3,2026-03-28,津,3,2-3-1,42.2
20260328_津_3,2026-03-28,津,3,3-2-1,74.3
20260328_津_3,2026-03-28,津,3,4-2-1,161.4
20260328_津_3,2026-03-28,津,3,5-2-1,75.3
20260328_津_3,2026-03-28,津,3,6-2-1,1414.0
20260328_津_3,2026-03-28,津,3,1-3-4,83.7
20260328_津_3,2026-03-28,津,3,2-3-4,31.9
20260328_津_3,2026-03-28,津,3,3-2-4,49.1
20260328_津_3,2026-03-28,津,3,4-2-3,163.4
20260328_津_3,2026-03-28,津,3,5-2-3,44.8
20260328_津_3,2026-03-28,津,3,6-2-3,1255.0
20260328_津_3,2026-03-28,津,3,1-3-5,46.7
20260328_津_3,2026-03-28,津,3,2-3-5,14.6
20260328_津_3,2026-03-28,津,3,3-2-5,25.1
20260328_津_3,2026-03-28,津,3,4-2-5,74.5
20260328_津_3,2026-03-28,津,3,5-2-4,48.9
20260328_津_3,2026-03-28,津,3,6-2-4,1074.0
20260328_津_3,2026-03-28,津,3,1-3-6,190.0
20260328_津_3,2026-03-28,津,3,2-3-6,72.3
20260328_津_3,2026-03-28,津,3,3-2-6,91.6
20260328_津_3,2026-03-28,津,3,4-2-6,125.0
20260328_津_3,2026-03-28,津,3,5-2-6,61.1
20260328_津_3,2026-03-28,津,3,6-2-5,605.1
20260328_津_3,2026-03-28,津,3,1-4-2,113.3
20260328_津_3,2026-03-28,津,3,2-4-1,70.0
20260328_津_3,2026-03-28,津,3,3-4-1,130.4
20260328_津_3,2026-03-28,津,3,4-3-1,415.8
20260328_津_3,2026-03-28,津,3,5-3-1,187.0
20260328_津_3,2026-03-28,津,3,6-3-1,2066.0
20260328_津_3,2026-03-28,津,3,1-4-3,163.0
20260328_津_3,2026-03-28,津,3,2-4-3,53.2
20260328_津_3,2026-03-28,津,3,3-4-2,78.0
20260328_津_3,2026-03-28,津,3,4-3-2,208.5
20260328_津_3,2026-03-28,津,3,5-3-2,70.4
20260328_津_3,2026-03-28,津,3,6-3-2,1178.0
20260328_津_3,2026-03-28,津,3,1-4-5,108.5
20260328_津_3,2026-03-28,津,3,2-4-5,30.6
20260328_津_3,2026-03-28,津,3,3-4-5,77.0
20260328_津_3,2026-03-28,津,3,4-3-5,185.0
20260328_津_3,2026-03-28,津,3,5-3-4,151.2
20260328_津_3,2026-03-28,津,3,6-3-4,1638.0
20260328_津_3,2026-03-28,津,3,1-4-6,314.6
20260328_津_3,2026-03-28,津,3,2-4-6,90.7
20260328_津_3,2026-03-28,津,3,3-4-6,176.9
20260328_津_3,2026-03-28,津,3,4-3-6,388.2
20260328_津_3,2026-03-28,津,3,5-3-6,193.8
20260328_津_3,2026-03-28,津,3,6-3-5,1119.0
20260328_津_3,2026-03-28,津,3,1-5-2,48.7
20260328_津_3,2026-03-28,津,3,2-5-1,30.4
20260328_津_3,2026-03-28,津,3,3-5-1,100.7
20260328_津_3,2026-03-28,津,3,4-5-1,104.0
20260328_津_3,2026-03-28,津,3,5-4-1,175.8
20260328_津_3,2026-03-28,津,3,6-4-1,2132.0
20260328_津_3,2026-03-28,津,3,1-5-3,70.4
20260328_津_3,2026-03-28,津,3,2-5-3,18.6
20260328_津_3,2026-03-28,津,3,3-5-2,43.4
20260328_津_3,2026-03-28,津,3,4-5-2,62.2
20260328_津_3,2026-03-28,津,3,5-4-2,68.6
20260328_津_3,2026-03-28,津,3,6-4-2,952.7
20260328_津_3,2026-03-28,津,3,1-5-4,127.3
20260328_津_3,2026-03-28,津,3,2-5-4,26.7
20260328_津_3,2026-03-28,津,3,3-5-4,69.2
20260328_津_3,2026-03-28,津,3,4-5-3,135.0
20260328_津_3,2026-03-28,津,3,5-4-3,160.1
20260328_津_3,2026-03-28,津,3,6-4-3,1492.0
20260328_津_3,2026-03-28,津,3,1-5-6,186.0
20260328_津_3,2026-03-28,津,3,2-5-6,21.8
20260328_津_3,2026-03-28,津,3,3-5-6,99.5
20260328_津_3,2026-03-28,津,3,4-5-6,66.1
20260328_津_3,2026-03-28,津,3,5-4-6,90.8
20260328_津_3,2026-03-28,津,3,6-4-5,597.0
20260328_津_3,2026-03-28,津,3,1-6-2,537.3
20260328_津_3,2026-03-28,津,3,2-6-1,219.5
20260328_津_3,2026-03-28,津,3,3-6-1,569.2
20260328_津_3,2026-03-28,津,3,4-6-1,486.7
20260328_津_3,2026-03-28,津,3,5-6-1,282.2
20260328_津_3,2026-03-28,津,3,6-5-1,1255.0
20260328_津_3,2026-03-28,津,3,1-6-3,648.9
20260328_津_3,2026-03-28,津,3,2-6-3,226.1
20260328_津_3,2026-03-28,津,3,3-6-2,230.4
20260328_津_3,2026-03-28,津,3,4-6-2,250.6
20260328_津_3,2026-03-28,津,3,5-6-2,117.0
20260328_津_3,2026-03-28,津,3,6-5-2,422.4
20260328_津_3,2026-03-28,津,3,1-6-4,804.4
20260328_津_3,2026-03-28,津,3,2-6-4,198.4
20260328_津_3,2026-03-28,津,3,3-6-4,355.3
20260328_津_3,2026-03-28,津,3,4-6-3,505.0
20260328_津_3,2026-03-28,津,3,5-6-3,236.5
20260328_津_3,2026-03-28,津,3,6-5-3,939.4
20260328_津_3,2026-03-28,津,3,1-6-5,508.8
20260328_津_3,2026-03-28,津,3,2-6-5,147.7
20260328_津_3,2026-03-28,津,3,3-6-5,247.8
20260328_津_3,2026-03-28,津,3,4-6-5,207.3
20260328_津_3,2026-03-28,津,3,5-6-4,169.8
20260328_津_3,2026-03-28,津,3,6-5-4,516.6
20260328_津_4,2026-03-28,津,4,1-2-3,18.1
20260328_津_4,2026-03-28,津,4,2-1-3,13.3
20260328_津_4,2026-03-28,津,4,3-1-2,71.8
20260328_津_4,2026-03-28,津,4,4-1-2,225.6
20260328_津_4,2026-03-28,津,4,5-1-2,40.4
20260328_津_4,2026-03-28,津,4,6-1-2,1463.0
20260328_津_4,2026-03-28,津,4,1-2-4,37.8
20260328_津_4,2026-03-28,津,4,2-1-4,20.5
20260328_津_4,2026-03-28,津,4,3-1-4,242.4
20260328_津_4,2026-03-28,津,4,4-1-3,830.5
20260328_津_4,2026-03-28,津,4,5-1-3,91.4
20260328_津_4,2026-03-28,津,4,6-1-3,1984.0
20260328_津_4,2026-03-28,津,4,1-2-5,14.4
20260328_津_4,2026-03-28,津,4,2-1-5,6.3
20260328_津_4,2026-03-28,津,4,3-1-5,94.2
20260328_津_4,2026-03-28,津,4,4-1-5,446.9
20260328_津_4,2026-03-28,津,4,5-1-4,242.9
20260328_津_4,2026-03-28,津,4,6-1-4,3253.0
20260328_津_4,2026-03-28,津,4,1-2-6,177.1
20260328_津_4,2026-03-28,津,4,2-1-6,140.7
20260328_津_4,2026-03-28,津,4,3-1-6,539.6
20260328_津_4,2026-03-28,津,4,4-1-6,1301.0
20260328_津_4,2026-03-28,津,4,5-1-6,243.9
20260328_津_4,2026-03-28,津,4,6-1-5,1520.0
20260328_津_4,2026-03-28,津,4,1-3-2,37.1
20260328_津_4,2026-03-28,津,4,2-3-1,29.2
20260328_津_4,2026-03-28,津,4,3-2-1,54.1
20260328_津_4,2026-03-28,津,4,4-2-1,192.9
20260328_津_4,2026-03-28,津,4,5-2-1,27.9
20260328_津_4,2026-03-28,津,4,6-2-1,1582.0
20260328_津_4,2026-03-28,津,4,1-3-4,111.1
20260328_津_4,2026-03-28,津,4,2-3-4,65.3
20260328_津_4,2026-03-28,津,4,3-2-4,109.9
20260328_津_4,2026-03-28,津,4,4-2-3,385.2
20260328_津_4,2026-03-28,津,4,5-2-3,34.1
20260328_津_4,2026-03-28,津,4,6-2-3,2342.0
20260328_津_4,2026-03-28,津,4,1-3-5,46.6
20260328_津_4,2026-03-28,津,4,2-3-5,16.1
20260328_津_4,2026-03-28,津,4,3-2-5,37.5
20260328_津_4,2026-03-28,津,4,4-2-5,220.9
20260328_津_4,2026-03-28,津,4,5-2-4,77.8
20260328_津_4,2026-03-28,津,4,6-2-4,3165.0
20260328_津_4,2026-03-28,津,4,1-3-6,322.6
20260328_津_4,2026-03-28,津,4,2-3-6,176.6
20260328_津_4,2026-03-28,津,4,3-2-6,332.6
20260328_津_4,2026-03-28,津,4,4-2-6,984.1
20260328_津_4,2026-03-28,津,4,5-2-6,131.4
20260328_津_4,2026-03-28,津,4,6-2-5,1232.0
20260328_津_4,2026-03-28,津,4,1-4-2,107.6
20260328_津_4,2026-03-28,津,4,2-4-1,68.4
20260328_津_4,2026-03-28,津,4,3-4-1,336.5
20260328_津_4,2026-03-28,津,4,4-3-1,830.5
20260328_津_4,2026-03-28,津,4,5-3-1,118.8
20260328_津_4,2026-03-28,津,4,6-3-1,2389.0
20260328_津_4,2026-03-28,津,4,1-4-3,228.2
20260328_津_4,2026-03-28,津,4,2-4-3,130.8
20260328_津_4,2026-03-28,津,4,3-4-2,209.1
20260328_津_4,2026-03-28,津,4,4-3-2,568.4
20260328_津_4,2026-03-28,津,4,5-3-2,67.1
20260328_津_4,2026-03-28,津,4,6-3-2,2129.0
20260328_津_4,2026-03-28,津,4,1-4-5,218.4
20260328_津_4,2026-03-28,津,4,2-4-5,68.1
20260328_津_4,2026-03-28,津,4,3-4-5,230.9
20260328_津_4,2026-03-28,津,4,4-3-5,606.7
20260328_津_4,2026-03-28,津,4,5-3-4,288.4
20260328_津_4,2026-03-28,津,4,6-3-4,4038.0
20260328_津_4,2026-03-28,津,4,1-4-6,588.4
20260328_津_4,2026-03-28,津,4,2-4-6,382.7
20260328_津_4,2026-03-28,津,4,3-4-6,676.9
20260328_津_4,2026-03-28,津,4,4-3-6,2091.0
20260328_津_4,2026-03-28,津,4,5-3-6,298.7
20260328_津_4,2026-03-28,津,4,6-3-5,1697.0
20260328_津_4,2026-03-28,津,4,1-5-2,29.1
20260328_津_4,2026-03-28,津,4,2-5-1,10.3
20260328_津_4,2026-03-28,津,4,3-5-1,94.0
20260328_津_4,2026-03-28,津,4,4-5-1,350.6
20260328_津_4,2026-03-28,津,4,5-4-1,344.4
20260328_津_4,2026-03-28,津,4,6-4-1,5323.0
20260328_津_4,2026-03-28,津,4,1-5-3,57.8
20260328_津_4,2026-03-28,津,4,2-5-3,14.1
20260328_津_4,2026-03-28,津,4,3-5-2,48.9
20260328_津_4,2026-03-28,津,4,4-5-2,267.9
20260328_津_4,2026-03-28,津,4,5-4-2,175.5
20260328_津_4,2026-03-28,津,4,6-4-2,3345.0
20260328_津_4,2026-03-28,津,4,1-5-4,171.4
20260328_津_4,2026-03-28,津,4,2-5-4,42.7
20260328_津_4,2026-03-28,津,4,3-5-4,166.3
20260328_津_4,2026-03-28,津,4,4-5-3,496.2
20260328_津_4,2026-03-28,津,4,5-4-3,468.4
20260328_津_4,2026-03-28,津,4,6-4-3,5855.0
20260328_津_4,2026-03-28,津,4,1-5-6,257.3
20260328_津_4,2026-03-28,津,4,2-5-6,90.0
20260328_津_4,2026-03-28,津,4,3-5-6,261.4
20260328_津_4,2026-03-28,津,4,4-5-6,1045.0
20260328_津_4,2026-03-28,津,4,5-4-6,647.0
20260328_津_4,2026-03-28,津,4,6-4-5,5855.0
20260328_津_4,2026-03-28,津,4,1-6-2,487.9
20260328_津_4,2026-03-28,津,4,2-6-1,445.2
20260328_津_4,2026-03-28,津,4,3-6-1,1182.0
20260328_津_4,2026-03-28,津,4,4-6-1,3253.0
20260328_津_4,2026-03-28,津,4,5-6-1,430.5
20260328_津_4,2026-03-28,津,4,6-5-1,1561.0
20260328_津_4,2026-03-28,津,4,1-6-3,657.9
20260328_津_4,2026-03-28,津,4,2-6-3,415.2
20260328_津_4,2026-03-28,津,4,3-6-2,984.1
20260328_津_4,2026-03-28,津,4,4-6-2,3002.0
20260328_津_4,2026-03-28,津,4,5-6-2,296.4
20260328_津_4,2026-03-28,津,4,6-5-2,1377.0
20260328_津_4,2026-03-28,津,4,1-6-4,914.9
20260328_津_4,2026-03-28,津,4,2-6-4,750.6
20260328_津_4,2026-03-28,津,4,3-6-4,1697.0
20260328_津_4,2026-03-28,津,4,4-6-3,3002.0
20260328_津_4,2026-03-28,津,4,5-6-3,511.3
20260328_津_4,2026-03-28,津,4,6-5-3,1774.0
20260328_津_4,2026-03-28,津,4,1-6-5,549.8
20260328_津_4,2026-03-28,津,4,2-6-5,347.5
20260328_津_4,2026-03-28,津,4,3-6-5,914.9
20260328_津_4,2026-03-28,津,4,4-6-5,3002.0
20260328_津_4,2026-03-28,津,4,5-6-4,1084.0
20260328_津_4,2026-03-28,津,4,6-5-4,4337.0
20260328_津_5,2026-03-28,津,5,1-2-3,12.6
20260328_津_5,2026-03-28,津,5,2-1-3,56.4
20260328_津_5,2026-03-28,津,5,3-1-2,72.4
20260328_津_5,2026-03-28,津,5,4-1-2,32.5
20260328_津_5,2026-03-28,津,5,5-1-2,670.3
20260328_津_5,2026-03-28,津,5,6-1-2,414.1
20260328_津_5,2026-03-28,津,5,1-2-4,10.8
20260328_津_5,2026-03-28,津,5,2-1-4,44.6
20260328_津_5,2026-03-28,津,5,3-1-4,32.9
20260328_津_5,2026-03-28,津,5,4-1-3,32.4
20260328_津_5,2026-03-28,津,5,5-1-3,683.9
20260328_津_5,2026-03-28,津,5,6-1-3,485.3
20260328_津_5,2026-03-28,津,5,1-2-5,62.3
20260328_津_5,2026-03-28,津,5,2-1-5,254.5
20260328_津_5,2026-03-28,津,5,3-1-5,149.9
20260328_津_5,2026-03-28,津,5,4-1-5,63.0
20260328_津_5,2026-03-28,津,5,5-1-4,415.3
20260328_津_5,2026-03-28,津,5,6-1-4,307.7
20260328_津_5,2026-03-28,津,5,1-2-6,32.4
20260328_津_5,2026-03-28,津,5,2-1-6,132.5
20260328_津_5,2026-03-28,津,5,3-1-6,92.3
20260328_津_5,2026-03-28,津,5,4-1-6,29.7
20260328_津_5,2026-03-28,津,5,5-1-6,690.9
20260328_津_5,2026-03-28,津,5,6-1-5,1066.0
20260328_津_5,2026-03-28,津,5,1-3-2,16.7
20260328_津_5,2026-03-28,津,5,2-3-1,167.5
20260328_津_5,2026-03-28,津,5,3-2-1,188.0
20260328_津_5,2026-03-28,津,5,4-2-1,67.8
20260328_津_5,2026-03-28,津,5,5-2-1,933.9
20260328_津_5,2026-03-28,津,5,6-2-1,615.5
20260328_津_5,2026-03-28,津,5,1-3-4,9.0
20260328_津_5,2026-03-28,津,5,2-3-4,169.0
20260328_津_5,2026-03-28,津,5,3-2-4,143.6
20260328_津_5,2026-03-28,津,5,4-2-3,111.6
20260328_津_5,2026-03-28,津,5,5-2-3,1538.0
20260328_津_5,2026-03-28,津,5,6-2-3,1074.0
20260328_津_5,2026-03-28,津,5,1-3-5,52.2
20260328_津_5,2026-03-28,津,5,2-3-5,528.9
20260328_津_5,2026-03-28,津,5,3-2-5,416.6
20260328_津_5,2026-03-28,津,5,4-2-5,226.4
20260328_津_5,2026-03-28,津,5,5-2-4,967.2
20260328_津_5,2026-03-28,津,5,6-2-4,509.0
20260328_津_5,2026-03-28,津,5,1-3-6,28.5
20260328_津_5,2026-03-28,津,5,2-3-6,457.4
20260328_津_5,2026-03-28,津,5,3-2-6,434.0
20260328_津_5,2026-03-28,津,5,4-2-6,79.2
20260328_津_5,2026-03-28,津,5,5-2-6,1612.0
20260328_津_5,2026-03-28,津,5,6-2-5,1855.0
20260328_津_5,2026-03-28,津,5,1-4-2,10.3
20260328_津_5,2026-03-28,津,5,2-4-1,110.1
20260328_津_5,2026-03-28,津,5,3-4-1,63.3
20260328_津_5,2026-03-28,津,5,4-3-1,70.7
20260328_津_5,2026-03-28,津,5,5-3-1,1066.0
20260328_津_5,2026-03-28,津,5,6-3-1,586.2
20260328_津_5,2026-03-28,津,5,1-4-3,9.8
20260328_津_5,2026-03-28,津,5,2-4-3,166.7
20260328_津_5,2026-03-28,津,5,3-4-2,124.6
20260328_津_5,2026-03-28,津,5,4-3-2,108.0
20260328_津_5,2026-03-28,津,5,5-3-2,1758.0
20260328_津_5,2026-03-28,津,5,6-3-2,1367.0
20260328_津_5,2026-03-28,津,5,1-4-5,44.5
20260328_津_5,2026-03-28,津,5,2-4-5,618.3
20260328_津_5,2026-03-28,津,5,3-4-5,226.8
20260328_津_5,2026-03-28,津,5,4-3-5,251.2
20260328_津_5,2026-03-28,津,5,5-3-4,1327.0
20260328_津_5,2026-03-28,津,5,6-3-4,533.1
20260328_津_5,2026-03-28,津,5,1-4-6,16.5
20260328_津_5,2026-03-28,津,5,2-4-6,225.6
20260328_津_5,2026-03-28,津,5,3-4-6,99.8
20260328_津_5,2026-03-28,津,5,4-3-6,116.7
20260328_津_5,2026-03-28,津,5,5-3-6,1907.0
20260328_津_5,2026-03-28,津,5,6-3-5,1714.0
20260328_津_5,2026-03-28,津,5,1-5-2,141.7
20260328_津_5,2026-03-28,津,5,2-5-1,724.1
20260328_津_5,2026-03-28,津,5,3-5-1,568.9
20260328_津_5,2026-03-28,津,5,4-5-1,119.5
20260328_津_5,2026-03-28,津,5,5-4-1,379.3
20260328_津_5,2026-03-28,津,5,6-4-1,314.1
20260328_津_5,2026-03-28,津,5,1-5-3,158.5
20260328_津_5,2026-03-28,津,5,2-5-3,974.2
20260328_津_5,2026-03-28,津,5,3-5-2,787.3
20260328_津_5,2026-03-28,津,5,4-5-2,195.1
20260328_津_5,2026-03-28,津,5,5-4-2,735.9
20260328_津_5,2026-03-28,津,5,6-4-2,462.1
20260328_津_5,2026-03-28,津,5,1-5-4,127.3
20260328_津_5,2026-03-28,津,5,2-5-4,988.4
20260328_津_5,2026-03-28,津,5,3-5-4,568.9
20260328_津_5,2026-03-28,津,5,4-5-3,296.9
20260328_津_5,2026-03-28,津,5,5-4-3,967.2
20260328_津_5,2026-03-28,津,5,6-4-3,559.5
20260328_津_5,2026-03-28,津,5,1-5-6,188.6
20260328_津_5,2026-03-28,津,5,2-5-6,1327.0
20260328_津_5,2026-03-28,津,5,3-5-6,914.9
20260328_津_5,2026-03-28,津,5,4-5-6,117.9
20260328_津_5,2026-03-28,津,5,5-4-6,541.6
20260328_津_5,2026-03-28,津,5,6-4-5,974.2
20260328_津_5,2026-03-28,津,5,1-6-2,90.7
20260328_津_5,2026-03-28,津,5,2-6-1,475.1
20260328_津_5,2026-03-28,津,5,3-6-1,356.3
20260328_津_5,2026-03-28,津,5,4-6-1,52.3
20260328_津_5,2026-03-28,津,5,5-6-1,1041.0
20260328_津_5,2026-03-28,津,5,6-5-1,1781.0
20260328_津_5,2026-03-28,津,5,1-6-3,100.2
20260328_津_5,2026-03-28,津,5,2-6-3,748.1
20260328_津_5,2026-03-28,津,5,3-6-2,621.1
20260328_津_5,2026-03-28,津,5,4-6-2,79.2
20260328_津_5,2026-03-28,津,5,5-6-2,1714.0
20260328_津_5,2026-03-28,津,5,6-5-2,2881.0
20260328_津_5,2026-03-28,津,5,1-6-4,66.7
20260328_津_5,2026-03-28,津,5,2-6-4,475.1
20260328_津_5,2026-03-28,津,5,3-6-4,304.9
20260328_津_5,2026-03-28,津,5,4-6-3,129.2
20260328_津_5,2026-03-28,津,5,5-6-3,1781.0
20260328_津_5,2026-03-28,津,5,6-5-3,1880.0
20260328_津_5,2026-03-28,津,5,1-6-5,266.0
20260328_津_5,2026-03-28,津,5,2-6-5,1396.0
20260328_津_5,2026-03-28,津,5,3-6-5,782.7
20260328_津_5,2026-03-28,津,5,4-6-5,120.9
20260328_津_5,2026-03-28,津,5,5-6-4,902.7
20260328_津_5,2026-03-28,津,5,6-5-4,1488.0
20260328_津_6,2026-03-28,津,6,1-2-3,72.1
20260328_津_6,2026-03-28,津,6,2-1-3,169.2
20260328_津_6,2026-03-28,津,6,3-1-2,496.4
20260328_津_6,2026-03-28,津,6,4-1-2,49.8
20260328_津_6,2026-03-28,津,6,5-1-2,35.9
20260328_津_6,2026-03-28,津,6,6-1-2,1785.0
20260328_津_6,2026-03-28,津,6,1-2-4,20.8
20260328_津_6,2026-03-28,津,6,2-1-4,38.1
20260328_津_6,2026-03-28,津,6,3-1-4,517.9
20260328_津_6,2026-03-28,津,6,4-1-3,205.9
20260328_津_6,2026-03-28,津,6,5-1-3,170.9
20260328_津_6,2026-03-28,津,6,6-1-3,4125.0
20260328_津_6,2026-03-28,津,6,1-2-5,13.6
20260328_津_6,2026-03-28,津,6,2-1-5,32.3
20260328_津_6,2026-03-28,津,6,3-1-5,531.7
20260328_津_6,2026-03-28,津,6,4-1-5,24.2
20260328_津_6,2026-03-28,津,6,5-1-4,30.0
20260328_津_6,2026-03-28,津,6,6-1-4,2027.0
20260328_津_6,2026-03-28,津,6,1-2-6,233.6
20260328_津_6,2026-03-28,津,6,2-1-6,369.2
20260328_津_6,2026-03-28,津,6,3-1-6,1709.0
20260328_津_6,2026-03-28,津,6,4-1-6,143.8
20260328_津_6,2026-03-28,津,6,5-1-6,119.7
20260328_津_6,2026-03-28,津,6,6-1-5,1709.0
20260328_津_6,2026-03-28,津,6,1-3-2,128.3
20260328_津_6,2026-03-28,津,6,2-3-1,291.1
20260328_津_6,2026-03-28,津,6,3-2-1,564.3
20260328_津_6,2026-03-28,津,6,4-2-1,61.4
20260328_津_6,2026-03-28,津,6,5-2-1,48.2
20260328_津_6,2026-03-28,津,6,6-2-1,2257.0
20260328_津_6,2026-03-28,津,6,1-3-4,106.2
20260328_津_6,2026-03-28,津,6,2-3-4,247.1
20260328_津_6,2026-03-28,津,6,3-2-4,534.1
20260328_津_6,2026-03-28,津,6,4-2-3,205.2
20260328_津_6,2026-03-28,津,6,5-2-3,200.0
20260328_津_6,2026-03-28,津,6,6-2-3,3518.0
20260328_津_6,2026-03-28,津,6,1-3-5,117.0
20260328_津_6,2026-03-28,津,6,2-3-5,212.8
20260328_津_6,2026-03-28,津,6,3-2-5,522.4
20260328_津_6,2026-03-28,津,6,4-2-5,28.0
20260328_津_6,2026-03-28,津,6,5-2-4,33.6
20260328_津_6,2026-03-28,津,6,6-2-4,2257.0
20260328_津_6,2026-03-28,津,6,1-3-6,504.8
20260328_津_6,2026-03-28,津,6,2-3-6,583.6
20260328_津_6,2026-03-28,津,6,3-2-6,1785.0
20260328_津_6,2026-03-28,津,6,4-2-6,162.5
20260328_津_6,2026-03-28,津,6,5-2-6,116.8
20260328_津_6,2026-03-28,津,6,6-2-5,1514.0
20260328_津_6,2026-03-28,津,6,1-4-2,28.3
20260328_津_6,2026-03-28,津,6,2-4-1,56.9
20260328_津_6,2026-03-28,津,6,3-4-1,619.9
20260328_津_6,2026-03-28,津,6,4-3-1,439.8
20260328_津_6,2026-03-28,津,6,5-3-1,389.7
20260328_津_6,2026-03-28,津,6,6-3-1,4125.0
20260328_津_6,2026-03-28,津,6,1-4-3,105.0
20260328_津_6,2026-03-28,津,6,2-4-3,230.5
20260328_津_6,2026-03-28,津,6,3-4-2,619.9
20260328_津_6,2026-03-28,津,6,4-3-2,365.8
20260328_津_6,2026-03-28,津,6,5-3-2,358.2
20260328_津_6,2026-03-28,津,6,6-3-2,2782.0
20260328_津_6,2026-03-28,津,6,1-4-5,18.4
20260328_津_6,2026-03-28,津,6,2-4-5,32.6
20260328_津_6,2026-03-28,津,6,3-4-5,234.1
20260328_津_6,2026-03-28,津,6,4-3-5,188.4
20260328_津_6,2026-03-28,津,6,5-3-4,222.3
20260328_津_6,2026-03-28,津,6,6-3-4,3738.0
20260328_津_6,2026-03-28,津,6,1-4-6,160.1
20260328_津_6,2026-03-28,津,6,2-4-6,347.7
20260328_津_6,2026-03-28,津,6,3-4-6,1196.0
20260328_津_6,2026-03-28,津,6,4-3-6,813.8
20260328_津_6,2026-03-28,津,6,5-3-6,653.7
20260328_津_6,2026-03-28,津,6,6-3-5,5201.0
20260328_津_6,2026-03-28,津,6,1-5-2,17.7
20260328_津_6,2026-03-28,津,6,2-5-1,48.9
20260328_津_6,2026-03-28,津,6,3-5-1,601.2
20260328_津_6,2026-03-28,津,6,4-5-1,12.9
20260328_津_6,2026-03-28,津,6,5-4-1,18.1
20260328_津_6,2026-03-28,津,6,6-4-1,2300.0
20260328_津_6,2026-03-28,津,6,1-5-3,116.1
20260328_津_6,2026-03-28,津,6,2-5-3,191.1
20260328_津_6,2026-03-28,津,6,3-5-2,494.3
20260328_津_6,2026-03-28,津,6,4-5-2,13.0
20260328_津_6,2026-03-28,津,6,5-4-2,15.9
20260328_津_6,2026-03-28,津,6,6-4-2,1709.0
20260328_津_6,2026-03-28,津,6,1-5-4,21.6
20260328_津_6,2026-03-28,津,6,2-5-4,36.3
20260328_津_6,2026-03-28,津,6,3-5-4,260.0
20260328_津_6,2026-03-28,津,6,4-5-3,73.6
20260328_津_6,2026-03-28,津,6,5-4-3,89.5
20260328_津_6,2026-03-28,津,6,6-4-3,3859.0
20260328_津_6,2026-03-28,津,6,1-5-6,168.7
20260328_津_6,2026-03-28,津,6,2-5-6,279.5
20260328_津_6,2026-03-28,津,6,3-5-6,1139.0
20260328_津_6,2026-03-28,津,6,4-5-6,25.1
20260328_津_6,2026-03-28,津,6,5-4-6,30.6
20260328_津_6,2026-03-28,津,6,6-4-5,484.3
20260328_津_6,2026-03-28,津,6,1-6-2,502.7
20260328_津_6,2026-03-28,津,6,2-6-1,1031.0
20260328_津_6,2026-03-28,津,6,3-6-1,2300.0
20260328_津_6,2026-03-28,津,6,4-6-1,316.5
20260328_津_6,2026-03-28,津,6,5-6-1,208.4
20260328_津_6,2026-03-28,津,6,6-5-1,1514.0
20260328_津_6,2026-03-28,津,6,1-6-3,906.3
20260328_津_6,2026-03-28,津,6,2-6-3,1514.0
20260328_津_6,2026-03-28,津,6,3-6-2,2782.0
20260328_津_6,2026-03-28,津,6,4-6-2,381.0
20260328_津_6,2026-03-28,津,6,5-6-2,254.0
20260328_津_6,2026-03-28,津,6,6-5-2,1459.0
20260328_津_6,2026-03-28,津,6,1-6-4,567.0
20260328_津_6,2026-03-28,津,6,2-6-4,1107.0
20260328_津_6,2026-03-28,津,6,3-6-4,2062.0
20260328_津_6,2026-03-28,津,6,4-6-3,787.1
20260328_津_6,2026-03-28,津,6,5-6-3,494.3
20260328_津_6,2026-03-28,津,6,6-5-3,3323.0
20260328_津_6,2026-03-28,津,6,1-6-5,564.3
20260328_津_6,2026-03-28,津,6,2-6-5,957.1
20260328_津_6,2026-03-28,津,6,3-6-5,2441.0
20260328_津_6,2026-03-28,津,6,4-6-5,141.7
20260328_津_6,2026-03-28,津,6,5-6-4,131.7
20260328_津_6,2026-03-28,津,6,6-5-4,476.6
20260328_津_7,2026-03-28,津,7,1-2-3,36.8
20260328_津_7,2026-03-28,津,7,2-1-3,299.1
20260328_津_7,2026-03-28,津,7,3-1-2,182.1
20260328_津_7,2026-03-28,津,7,4-1-2,55.4
20260328_津_7,2026-03-28,津,7,5-1-2,102.0
20260328_津_7,2026-03-28,津,7,6-1-2,2243.0
20260328_津_7,2026-03-28,津,7,1-2-4,34.1
20260328_津_7,2026-03-28,津,7,2-1-4,202.4
20260328_津_7,2026-03-28,津,7,3-1-4,46.5
20260328_津_7,2026-03-28,津,7,4-1-3,32.8
20260328_津_7,2026-03-28,津,7,5-1-3,62.8
20260328_津_7,2026-03-28,津,7,6-1-3,2747.0
20260328_津_7,2026-03-28,津,7,1-2-5,51.3
20260328_津_7,2026-03-28,津,7,2-1-5,261.4
20260328_津_7,2026-03-28,津,7,3-1-5,47.5
20260328_津_7,2026-03-28,津,7,4-1-5,13.7
20260328_津_7,2026-03-28,津,7,5-1-4,35.7
20260328_津_7,2026-03-28,津,7,6-1-4,1447.0
20260328_津_7,2026-03-28,津,7,1-2-6,267.6
20260328_津_7,2026-03-28,津,7,2-1-6,593.1
20260328_津_7,2026-03-28,津,7,3-1-6,384.6
20260328_津_7,2026-03-28,津,7,4-1-6,99.8
20260328_津_7,2026-03-28,津,7,5-1-6,167.6
20260328_津_7,2026-03-28,津,7,6-1-5,1212.0
20260328_津_7,2026-03-28,津,7,1-3-2,45.1
20260328_津_7,2026-03-28,津,7,2-3-1,472.4
20260328_津_7,2026-03-28,津,7,3-2-1,363.8
20260328_津_7,2026-03-28,津,7,4-2-1,164.5
20260328_津_7,2026-03-28,津,7,5-2-1,245.6
20260328_津_7,2026-03-28,津,7,6-2-1,3543.0
20260328_津_7,2026-03-28,津,7,1-3-4,13.7
20260328_津_7,2026-03-28,津,7,2-3-4,469.1
20260328_津_7,2026-03-28,津,7,3-2-4,318.2
20260328_津_7,2026-03-28,津,7,4-2-3,266.6
20260328_津_7,2026-03-28,津,7,5-2-3,330.8
20260328_津_7,2026-03-28,津,7,6-2-3,4986.0
20260328_津_7,2026-03-28,津,7,1-3-5,19.4
20260328_津_7,2026-03-28,津,7,2-3-5,465.8
20260328_津_7,2026-03-28,津,7,3-2-5,297.2
20260328_津_7,2026-03-28,津,7,4-2-5,119.0
20260328_津_7,2026-03-28,津,7,5-2-4,209.3
20260328_津_7,2026-03-28,津,7,6-2-4,5178.0
20260328_津_7,2026-03-28,津,7,1-3-6,212.3
20260328_津_7,2026-03-28,津,7,2-3-6,1282.0
20260328_津_7,2026-03-28,津,7,3-2-6,954.8
20260328_津_7,2026-03-28,津,7,4-2-6,489.5
20260328_津_7,2026-03-28,津,7,5-2-6,547.3
20260328_津_7,2026-03-28,津,7,6-2-5,5178.0
20260328_津_7,2026-03-28,津,7,1-4-2,26.1
20260328_津_7,2026-03-28,津,7,2-4-1,305.9
20260328_津_7,2026-03-28,津,7,3-4-1,58.2
20260328_津_7,2026-03-28,津,7,4-3-1,56.6
20260328_津_7,2026-03-28,津,7,5-3-1,106.2
20260328_津_7,2026-03-28,津,7,6-3-1,3131.0
20260328_津_7,2026-03-28,津,7,1-4-3,14.0
20260328_津_7,2026-03-28,津,7,2-4-3,403.1
20260328_津_7,2026-03-28,津,7,3-4-2,213.7
20260328_津_7,2026-03-28,津,7,4-3-2,162.4
20260328_津_7,2026-03-28,津,7,5-3-2,269.8
20260328_津_7,2026-03-28,津,7,6-3-2,3739.0
20260328_津_7,2026-03-28,津,7,1-4-5,9.0
20260328_津_7,2026-03-28,津,7,2-4-5,241.2
20260328_津_7,2026-03-28,津,7,3-4-5,43.0
20260328_津_7,2026-03-28,津,7,4-3-5,35.6
20260328_津_7,2026-03-28,津,7,5-3-4,72.0
20260328_津_7,2026-03-28,津,7,6-3-4,2692.0
20260328_津_7,2026-03-28,津,7,1-4-6,125.0
20260328_津_7,2026-03-28,津,7,2-4-6,1121.0
20260328_津_7,2026-03-28,津,7,3-4-6,342.5
20260328_津_7,2026-03-28,津,7,4-3-6,237.8
20260328_津_7,2026-03-28,津,7,5-3-6,350.6
20260328_津_7,2026-03-28,津,7,6-3-5,3283.0
20260328_津_7,2026-03-28,津,7,1-5-2,43.1
20260328_津_7,2026-03-28,津,7,2-5-1,461.0
20260328_津_7,2026-03-28,津,7,3-5-1,79.5
20260328_津_7,2026-03-28,津,7,4-5-1,15.8
20260328_津_7,2026-03-28,津,7,5-4-1,34.5
20260328_津_7,2026-03-28,津,7,6-4-1,2243.0
20260328_津_7,2026-03-28,津,7,1-5-3,25.8
20260328_津_7,2026-03-28,津,7,2-5-3,525.9
20260328_津_7,2026-03-28,津,7,3-5-2,205.5
20260328_津_7,2026-03-28,津,7,4-5-2,46.8
20260328_津_7,2026-03-28,津,7,5-4-2,104.4
20260328_津_7,2026-03-28,津,7,6-4-2,3283.0
20260328_津_7,2026-03-28,津,7,1-5-4,16.6
20260328_津_7,2026-03-28,津,7,2-5-4,352.4
20260328_津_7,2026-03-28,津,7,3-5-4,57.9
20260328_津_7,2026-03-28,津,7,4-5-3,27.5
20260328_津_7,2026-03-28,津,7,5-4-3,60.5
20260328_津_7,2026-03-28,津,7,6-4-3,2639.0
20260328_津_7,2026-03-28,津,7,1-5-6,132.7
20260328_津_7,2026-03-28,津,7,2-5-6,1235.0
20260328_津_7,2026-03-28,津,7,3-5-6,341.7
20260328_津_7,2026-03-28,津,7,4-5-6,44.3
20260328_津_7,2026-03-28,津,7,5-4-6,92.7
20260328_津_7,2026-03-28,津,7,6-4-5,1359.0
20260328_津_7,2026-03-28,津,7,1-6-2,527.9
20260328_津_7,2026-03-28,津,7,2-6-1,1307.0
20260328_津_7,2026-03-28,津,7,3-6-1,1223.0
20260328_津_7,2026-03-28,津,7,4-6-1,344.3
20260328_津_7,2026-03-28,津,7,5-6-1,381.4
20260328_津_7,2026-03-28,津,7,6-5-1,1923.0
20260328_津_7,2026-03-28,津,7,1-6-3,704.9
20260328_津_7,2026-03-28,津,7,2-6-3,2039.0
20260328_津_7,2026-03-28,津,7,3-6-2,2281.0
20260328_津_7,2026-03-28,津,7,4-6-2,719.9
20260328_津_7,2026-03-28,津,7,5-6-2,704.9
20260328_津_7,2026-03-28,津,7,6-5-2,2639.0
20260328_津_7,2026-03-28,津,7,1-6-4,477.4
20260328_津_7,2026-03-28,津,7,2-6-4,1951.0
20260328_津_7,2026-03-28,津,7,3-6-4,1140.0
20260328_津_7,2026-03-28,津,7,4-6-3,647.2
20260328_津_7,2026-03-28,津,7,5-6-3,513.8
20260328_津_7,2026-03-28,津,7,6-5-3,3205.0
20260328_津_7,2026-03-28,津,7,1-6-5,442.8
20260328_津_7,2026-03-28,津,7,2-6-5,2404.0
20260328_津_7,2026-03-28,津,7,3-6-5,1112.0
20260328_津_7,2026-03-28,津,7,4-6-5,271.9
20260328_津_7,2026-03-28,津,7,5-6-4,346.1
20260328_津_7,2026-03-28,津,7,6-5-4,1479.0
20260328_津_8,2026-03-28,津,8,1-2-3,7.2
20260328_津_8,2026-03-28,津,8,2-1-3,26.2
20260328_津_8,2026-03-28,津,8,3-1-2,35.7
20260328_津_8,2026-03-28,津,8,4-1-2,123.7
20260328_津_8,2026-03-28,津,8,5-1-2,91.9
20260328_津_8,2026-03-28,津,8,6-1-2,2038.0
20260328_津_8,2026-03-28,津,8,1-2-4,12.7
20260328_津_8,2026-03-28,津,8,2-1-4,29.0
20260328_津_8,2026-03-28,津,8,3-1-4,50.5
20260328_津_8,2026-03-28,津,8,4-1-3,173.1
20260328_津_8,2026-03-28,津,8,5-1-3,145.8
20260328_津_8,2026-03-28,津,8,6-1-3,1546.0
20260328_津_8,2026-03-28,津,8,1-2-5,7.5
20260328_津_8,2026-03-28,津,8,2-1-5,22.5
20260328_津_8,2026-03-28,津,8,3-1-5,49.8
20260328_津_8,2026-03-28,津,8,4-1-5,124.4
20260328_津_8,2026-03-28,津,8,5-1-4,154.5
20260328_津_8,2026-03-28,津,8,6-1-4,1592.0
20260328_津_8,2026-03-28,津,8,1-2-6,52.5
20260328_津_8,2026-03-28,津,8,2-1-6,97.8
20260328_津_8,2026-03-28,津,8,3-1-6,160.0
20260328_津_8,2026-03-28,津,8,4-1-6,313.8
20260328_津_8,2026-03-28,津,8,5-1-6,258.4
20260328_津_8,2026-03-28,津,8,6-1-5,1627.0
20260328_津_8,2026-03-28,津,8,1-3-2,9.9
20260328_津_8,2026-03-28,津,8,2-3-1,87.4
20260328_津_8,2026-03-28,津,8,3-2-1,108.1
20260328_津_8,2026-03-28,津,8,4-2-1,197.2
20260328_津_8,2026-03-28,津,8,5-2-1,169.3
20260328_津_8,2026-03-28,津,8,6-2-1,3207.0
20260328_津_8,2026-03-28,津,8,1-3-4,16.4
20260328_津_8,2026-03-28,津,8,2-3-4,249.2
20260328_津_8,2026-03-28,津,8,3-2-4,230.0
20260328_津_8,2026-03-28,津,8,4-2-3,516.8
20260328_津_8,2026-03-28,津,8,5-2-3,463.0
20260328_津_8,2026-03-28,津,8,6-2-3,4362.0
20260328_津_8,2026-03-28,津,8,1-3-5,12.9
20260328_津_8,2026-03-28,津,8,2-3-5,206.5
20260328_津_8,2026-03-28,津,8,3-2-5,177.7
20260328_津_8,2026-03-28,津,8,4-2-5,315.1
20260328_津_8,2026-03-28,津,8,5-2-4,451.5
20260328_津_8,2026-03-28,津,8,6-2-4,4640.0
20260328_津_8,2026-03-28,津,8,1-3-6,60.4
20260328_津_8,2026-03-28,津,8,2-3-6,591.0
20260328_津_8,2026-03-28,津,8,3-2-6,448.7
20260328_津_8,2026-03-28,津,8,4-2-6,744.3
20260328_津_8,2026-03-28,津,8,5-2-6,573.9
20260328_津_8,2026-03-28,津,8,6-2-5,3071.0
20260328_津_8,2026-03-28,津,8,1-4-2,25.7
20260328_津_8,2026-03-28,津,8,2-4-1,127.1
20260328_津_8,2026-03-28,津,8,3-4-1,133.4
20260328_津_8,2026-03-28,津,8,4-3-1,212.7
20260328_津_8,2026-03-28,津,8,5-3-1,262.1
20260328_津_8,2026-03-28,津,8,6-3-1,1703.0
20260328_津_8,2026-03-28,津,8,1-4-3,36.6
20260328_津_8,2026-03-28,津,8,2-4-3,380.6
20260328_津_8,2026-03-28,津,8,3-4-2,245.8
20260328_津_8,2026-03-28,津,8,4-3-2,530.6
20260328_津_8,2026-03-28,津,8,5-3-2,589.4
20260328_津_8,2026-03-28,津,8,6-3-2,3207.0
20260328_津_8,2026-03-28,津,8,1-4-5,33.0
20260328_津_8,2026-03-28,津,8,2-4-5,252.1
20260328_津_8,2026-03-28,津,8,3-4-5,186.5
20260328_津_8,2026-03-28,津,8,4-3-5,352.3
20260328_津_8,2026-03-28,津,8,5-3-4,660.9
20260328_津_8,2026-03-28,津,8,6-3-4,3304.0
20260328_津_8,2026-03-28,津,8,1-4-6,139.7
20260328_津_8,2026-03-28,津,8,2-4-6,717.4
20260328_津_8,2026-03-28,津,8,3-4-6,382.6
20260328_津_8,2026-03-28,津,8,4-3-6,705.8
20260328_津_8,2026-03-28,津,8,5-3-6,776.1
20260328_津_8,2026-03-28,津,8,6-3-5,3071.0
20260328_津_8,2026-03-28,津,8,1-5-2,16.6
20260328_津_8,2026-03-28,津,8,2-5-1,95.7
20260328_津_8,2026-03-28,津,8,3-5-1,119.6
20260328_津_8,2026-03-28,津,8,4-5-1,188.1
20260328_津_8,2026-03-28,津,8,5-4-1,309.3
20260328_津_8,2026-03-28,津,8,6-4-1,3635.0
20260328_津_8,2026-03-28,津,8,1-5-3,27.4
20260328_津_8,2026-03-28,津,8,2-5-3,317.4
20260328_津_8,2026-03-28,津,8,3-5-2,209.7
20260328_津_8,2026-03-28,津,8,4-5-2,285.8
20260328_津_8,2026-03-28,津,8,5-4-2,526.8
20260328_津_8,2026-03-28,津,8,6-4-2,4194.0
20260328_津_8,2026-03-28,津,8,1-5-4,43.1
20260328_津_8,2026-03-28,津,8,2-5-4,291.1
20260328_津_8,2026-03-28,津,8,3-5-4,241.5
20260328_津_8,2026-03-28,津,8,4-5-3,410.7
20260328_津_8,2026-03-28,津,8,5-4-3,628.5
20260328_津_8,2026-03-28,津,8,6-4-3,3575.0
20260328_津_8,2026-03-28,津,8,1-5-6,89.9
20260328_津_8,2026-03-28,津,8,2-5-6,514.4
20260328_津_8,2026-03-28,津,8,3-5-6,390.8
20260328_津_8,2026-03-28,津,8,4-5-6,428.5
20260328_津_8,2026-03-28,津,8,5-4-6,572.4
20260328_津_8,2026-03-28,津,8,6-4-5,4362.0
20260328_津_8,2026-03-28,津,8,1-6-2,245.0
20260328_津_8,2026-03-28,津,8,2-6-1,804.8
20260328_津_8,2026-03-28,津,8,3-6-1,521.7
20260328_津_8,2026-03-28,津,8,4-6-1,883.0
20260328_津_8,2026-03-28,津,8,5-6-1,739.3
20260328_津_8,2026-03-28,津,8,6-5-1,1832.0
20260328_津_8,2026-03-28,津,8,1-6-3,238.3
20260328_津_8,2026-03-28,津,8,2-6-3,1135.0
20260328_津_8,2026-03-28,津,8,3-6-2,969.3
20260328_津_8,2026-03-28,津,8,4-6-2,1198.0
20260328_津_8,2026-03-28,津,8,5-6-2,1135.0
20260328_津_8,2026-03-28,津,8,6-5-2,3696.0
20260328_津_8,2026-03-28,津,8,1-6-4,378.0
20260328_津_8,2026-03-28,津,8,2-6-4,1253.0
20260328_津_8,2026-03-28,津,8,3-6-4,848.6
20260328_津_8,2026-03-28,津,8,4-6-3,1371.0
20260328_津_8,2026-03-28,津,8,5-6-3,1260.0
20260328_津_8,2026-03-28,津,8,6-5-3,3255.0
20260328_津_8,2026-03-28,津,8,1-6-5,243.4
20260328_津_8,2026-03-28,津,8,2-6-5,1172.0
20260328_津_8,2026-03-28,津,8,3-6-5,832.4
20260328_津_8,2026-03-28,津,8,4-6-5,995.9
20260328_津_8,2026-03-28,津,8,5-6-4,1232.0
20260328_津_8,2026-03-28,津,8,6-5-4,3965.0
20260328_津_9,2026-03-28,津,9,1-2-3,9.0
20260328_津_9,2026-03-28,津,9,2-1-3,25.4
20260328_津_9,2026-03-28,津,9,3-1-2,105.4
20260328_津_9,2026-03-28,津,9,4-1-2,122.8
20260328_津_9,2026-03-28,津,9,5-1-2,162.5
20260328_津_9,2026-03-28,津,9,6-1-2,93.0
20260328_津_9,2026-03-28,津,9,1-2-4,9.1
20260328_津_9,2026-03-28,津,9,2-1-4,23.3
20260328_津_9,2026-03-28,津,9,3-1-4,113.5
20260328_津_9,2026-03-28,津,9,4-1-3,182.2
20260328_津_9,2026-03-28,津,9,5-1-3,175.3
20260328_津_9,2026-03-28,津,9,6-1-3,170.1
20260328_津_9,2026-03-28,津,9,1-2-5,11.3
20260328_津_9,2026-03-28,津,9,2-1-5,24.6
20260328_津_9,2026-03-28,津,9,3-1-5,68.3
20260328_津_9,2026-03-28,津,9,4-1-5,116.6
20260328_津_9,2026-03-28,津,9,5-1-4,189.0
20260328_津_9,2026-03-28,津,9,6-1-4,150.0
20260328_津_9,2026-03-28,津,9,1-2-6,21.6
20260328_津_9,2026-03-28,津,9,2-1-6,46.7
20260328_津_9,2026-03-28,津,9,3-1-6,120.2
20260328_津_9,2026-03-28,津,9,4-1-6,149.6
20260328_津_9,2026-03-28,津,9,5-1-6,182.2
20260328_津_9,2026-03-28,津,9,6-1-5,154.9
20260328_津_9,2026-03-28,津,9,1-3-2,16.2
20260328_津_9,2026-03-28,津,9,2-3-1,85.1
20260328_津_9,2026-03-28,津,9,3-2-1,177.2
20260328_津_9,2026-03-28,津,9,4-2-1,244.4
20260328_津_9,2026-03-28,津,9,5-2-1,259.3
20260328_津_9,2026-03-28,津,9,6-2-1,131.8
20260328_津_9,2026-03-28,津,9,1-3-4,29.4
20260328_津_9,2026-03-28,津,9,2-3-4,109.1
20260328_津_9,2026-03-28,津,9,3-2-4,214.5
20260328_津_9,2026-03-28,津,9,4-2-3,394.7
20260328_津_9,2026-03-28,津,9,5-2-3,521.3
20260328_津_9,2026-03-28,津,9,6-2-3,233.2
20260328_津_9,2026-03-28,津,9,1-3-5,30.8
20260328_津_9,2026-03-28,津,9,2-3-5,127.5
20260328_津_9,2026-03-28,津,9,3-2-5,250.0
20260328_津_9,2026-03-28,津,9,4-2-5,310.4
20260328_津_9,2026-03-28,津,9,5-2-4,543.6
20260328_津_9,2026-03-28,津,9,6-2-4,223.6
20260328_津_9,2026-03-28,津,9,1-3-6,42.1
20260328_津_9,2026-03-28,津,9,2-3-6,187.6
20260328_津_9,2026-03-28,津,9,3-2-6,325.7
20260328_津_9,2026-03-28,津,9,4-2-6,460.1
20260328_津_9,2026-03-28,津,9,5-2-6,471.4
20260328_津_9,2026-03-28,津,9,6-2-5,274.7
20260328_津_9,2026-03-28,津,9,1-4-2,18.5
20260328_津_9,2026-03-28,津,9,2-4-1,111.1
20260328_津_9,2026-03-28,津,9,3-4-1,310.4
20260328_津_9,2026-03-28,津,9,4-3-1,407.3
20260328_津_9,2026-03-28,津,9,5-3-1,444.0
20260328_津_9,2026-03-28,津,9,6-3-1,418.5
20260328_津_9,2026-03-28,津,9,1-4-3,38.2
20260328_津_9,2026-03-28,津,9,2-4-3,150.2
20260328_津_9,2026-03-28,津,9,3-4-2,339.4
20260328_津_9,2026-03-28,津,9,4-3-2,576.4
20260328_津_9,2026-03-28,津,9,5-3-2,559.5
20260328_津_9,2026-03-28,津,9,6-3-2,419.6
20260328_津_9,2026-03-28,津,9,1-4-5,27.1
20260328_津_9,2026-03-28,津,9,2-4-5,169.1
20260328_津_9,2026-03-28,津,9,3-4-5,342.5
20260328_津_9,2026-03-28,津,9,4-3-5,549.4
20260328_津_9,2026-03-28,津,9,5-3-4,1053.0
20260328_津_9,2026-03-28,津,9,6-3-4,613.4
20260328_津_9,2026-03-28,津,9,1-4-6,43.4
20260328_津_9,2026-03-28,津,9,2-4-6,216.0
20260328_津_9,2026-03-28,津,9,3-4-6,528.5
20260328_津_9,2026-03-28,津,9,4-3-6,748.8
20260328_津_9,2026-03-28,津,9,5-3-6,979.2
20260328_津_9,2026-03-28,津,9,6-3-5,667.0
20260328_津_9,2026-03-28,津,9,1-5-2,24.6
20260328_津_9,2026-03-28,津,9,2-5-1,126.0
20260328_津_9,2026-03-28,津,9,3-5-1,277.2
20260328_津_9,2026-03-28,津,9,4-5-1,206.4
20260328_津_9,2026-03-28,津,9,5-4-1,307.9
20260328_津_9,2026-03-28,津,9,6-4-1,390.6
20260328_津_9,2026-03-28,津,9,1-5-3,47.0
20260328_津_9,2026-03-28,津,9,2-5-3,230.0
20260328_津_9,2026-03-28,津,9,3-5-2,420.8
20260328_津_9,2026-03-28,津,9,4-5-2,298.3
20260328_津_9,2026-03-28,津,9,5-4-2,407.3
20260328_津_9,2026-03-28,津,9,6-4-2,461.5
20260328_津_9,2026-03-28,津,9,1-5-4,50.9
20260328_津_9,2026-03-28,津,9,2-5-4,200.2
20260328_津_9,2026-03-28,津,9,3-5-4,578.6
20260328_津_9,2026-03-28,津,9,4-5-3,644.5
20260328_津_9,2026-03-28,津,9,5-4-3,667.0
20260328_津_9,2026-03-28,津,9,6-4-3,655.6
20260328_津_9,2026-03-28,津,9,1-5-6,47.4
20260328_津_9,2026-03-28,津,9,2-5-6,243.2
20260328_津_9,2026-03-28,津,9,3-5-6,549.4
20260328_津_9,2026-03-28,津,9,4-5-6,270.8
20260328_津_9,2026-03-28,津,9,5-4-6,481.8
20260328_津_9,2026-03-28,津,9,6-4-5,618.4
20260328_津_9,2026-03-28,津,9,1-6-2,44.2
20260328_津_9,2026-03-28,津,9,2-6-1,194.5
20260328_津_9,2026-03-28,津,9,3-6-1,524.9
20260328_津_9,2026-03-28,津,9,4-6-1,347.9
20260328_津_9,2026-03-28,津,9,5-6-1,361.9
20260328_津_9,2026-03-28,津,9,6-5-1,279.7
20260328_津_9,2026-03-28,津,9,1-6-3,70.3
20260328_津_9,2026-03-28,津,9,2-6-3,314.3
20260328_津_9,2026-03-28,津,9,3-6-2,623.4
20260328_津_9,2026-03-28,津,9,4-6-2,512.6
20260328_津_9,2026-03-28,津,9,5-6-2,583.0
20260328_津_9,2026-03-28,津,9,6-5-2,454.6
20260328_津_9,2026-03-28,津,9,1-6-4,88.3
20260328_津_9,2026-03-28,津,9,2-6-4,365.4
20260328_津_9,2026-03-28,津,9,3-6-4,872.8
20260328_津_9,2026-03-28,津,9,4-6-3,763.7
20260328_津_9,2026-03-28,津,9,5-6-3,991.9
20260328_津_9,2026-03-28,津,9,6-5-3,821.2
20260328_津_9,2026-03-28,津,9,1-6-5,74.7
20260328_津_9,2026-03-28,津,9,2-6-5,311.7
20260328_津_9,2026-03-28,津,9,3-6-5,877.9
20260328_津_9,2026-03-28,津,9,4-6-5,412.8
20260328_津_9,2026-03-28,津,9,5-6-4,647.2
20260328_津_9,2026-03-28,津,9,6-5-4,681.9
20260328_津_10,2026-03-28,津,10,1-2-3,7.7
20260328_津_10,2026-03-28,津,10,2-1-3,49.7
20260328_津_10,2026-03-28,津,10,3-1-2,156.0
20260328_津_10,2026-03-28,津,10,4-1-2,29.2
20260328_津_10,2026-03-28,津,10,5-1-2,738.7
20260328_津_10,2026-03-28,津,10,6-1-2,466.4
20260328_津_10,2026-03-28,津,10,1-2-4,3.4
20260328_津_10,2026-03-28,津,10,2-1-4,23.1
20260328_津_10,2026-03-28,津,10,3-1-4,120.8
20260328_津_10,2026-03-28,津,10,4-1-3,86.5
20260328_津_10,2026-03-28,津,10,5-1-3,1450.0
20260328_津_10,2026-03-28,津,10,6-1-3,2207.0
20260328_津_10,2026-03-28,津,10,1-2-5,53.3
20260328_津_10,2026-03-28,津,10,2-1-5,152.3
20260328_津_10,2026-03-28,津,10,3-1-5,390.3
20260328_津_10,2026-03-28,津,10,4-1-5,100.5
20260328_津_10,2026-03-28,津,10,5-1-4,586.1
20260328_津_10,2026-03-28,津,10,6-1-4,827.9
20260328_津_10,2026-03-28,津,10,1-2-6,41.5
20260328_津_10,2026-03-28,津,10,2-1-6,127.9
20260328_津_10,2026-03-28,津,10,3-1-6,397.4
20260328_津_10,2026-03-28,津,10,4-1-6,87.0
20260328_津_10,2026-03-28,津,10,5-1-6,1097.0
20260328_津_10,2026-03-28,津,10,6-1-5,2091.0
20260328_津_10,2026-03-28,津,10,1-3-2,14.8
20260328_津_10,2026-03-28,津,10,2-3-1,215.9
20260328_津_10,2026-03-28,津,10,3-2-1,329.5
20260328_津_10,2026-03-28,津,10,4-2-1,56.6
20260328_津_10,2026-03-28,津,10,5-2-1,1045.0
20260328_津_10,2026-03-28,津,10,6-2-1,555.0
20260328_津_10,2026-03-28,津,10,1-3-4,12.0
20260328_津_10,2026-03-28,津,10,2-3-4,235.9
20260328_津_10,2026-03-28,津,10,3-2-4,306.6
20260328_津_10,2026-03-28,津,10,4-2-3,201.3
20260328_津_10,2026-03-28,津,10,5-2-3,2515.0
20260328_津_10,2026-03-28,津,10,6-2-3,3974.0
20260328_津_10,2026-03-28,津,10,1-3-5,71.3
20260328_津_10,2026-03-28,津,10,2-3-5,1034.0
20260328_津_10,2026-03-28,津,10,3-2-5,1085.0
20260328_津_10,2026-03-28,津,10,4-2-5,230.7
20260328_津_10,2026-03-28,津,10,5-2-4,1298.0
20260328_津_10,2026-03-28,津,10,6-2-4,1351.0
20260328_津_10,2026-03-28,津,10,1-3-6,69.2
20260328_津_10,2026-03-28,津,10,2-3-6,845.5
20260328_津_10,2026-03-28,津,10,3-2-6,1211.0
20260328_津_10,2026-03-28,津,10,4-2-6,205.4
20260328_津_10,2026-03-28,津,10,5-2-6,2007.0
20260328_津_10,2026-03-28,津,10,6-2-5,3257.0
20260328_津_10,2026-03-28,津,10,1-4-2,5.6
20260328_津_10,2026-03-28,津,10,2-4-1,54.0
20260328_津_10,2026-03-28,津,10,3-4-1,260.0
20260328_津_10,2026-03-28,津,10,4-3-1,296.5
20260328_津_10,2026-03-28,津,10,5-3-1,2310.0
20260328_津_10,2026-03-28,津,10,6-3-1,3257.0
20260328_津_10,2026-03-28,津,10,1-4-3,11.7
20260328_津_10,2026-03-28,津,10,2-4-3,170.7
20260328_津_10,2026-03-28,津,10,3-4-2,338.5
20260328_津_10,2026-03-28,津,10,4-3-2,408.8
20260328_津_10,2026-03-28,津,10,5-3-2,3426.0
20260328_津_10,2026-03-28,津,10,6-3-2,4731.0
20260328_津_10,2026-03-28,津,10,1-4-5,34.8
20260328_津_10,2026-03-28,津,10,2-4-5,361.9
20260328_津_10,2026-03-28,津,10,3-4-5,770.2
20260328_津_10,2026-03-28,津,10,4-3-5,941.7
20260328_津_10,2026-03-28,津,10,5-3-4,3486.0
20260328_津_10,2026-03-28,津,10,6-3-4,3311.0
20260328_津_10,2026-03-28,津,10,1-4-6,26.0
20260328_津_10,2026-03-28,津,10,2-4-6,219.8
20260328_津_10,2026-03-28,津,10,3-4-6,776.2
20260328_津_10,2026-03-28,津,10,4-3-6,651.5
20260328_津_10,2026-03-28,津,10,5-3-6,4731.0
20260328_津_10,2026-03-28,津,10,6-3-5,5677.0
20260328_津_10,2026-03-28,津,10,1-5-2,141.0
20260328_津_10,2026-03-28,津,10,2-5-1,841.9
20260328_津_10,2026-03-28,津,10,3-5-1,1419.0
20260328_津_10,2026-03-28,津,10,4-5-1,198.7
20260328_津_10,2026-03-28,津,10,5-4-1,607.6
20260328_津_10,2026-03-28,津,10,6-4-1,946.2
20260328_津_10,2026-03-28,津,10,1-5-3,185.7
20260328_津_10,2026-03-28,津,10,2-5-3,1987.0
20260328_津_10,2026-03-28,津,10,3-5-2,1967.0
20260328_津_10,2026-03-28,津,10,4-5-2,310.4
20260328_津_10,2026-03-28,津,10,5-4-2,974.0
20260328_津_10,2026-03-28,津,10,6-4-2,1085.0
20260328_津_10,2026-03-28,津,10,1-5-4,179.8
20260328_津_10,2026-03-28,津,10,2-5-4,1257.0
20260328_津_10,2026-03-28,津,10,3-5-4,1892.0
20260328_津_10,2026-03-28,津,10,4-5-3,744.2
20260328_津_10,2026-03-28,津,10,5-4-3,2394.0
20260328_津_10,2026-03-28,津,10,6-4-3,3010.0
20260328_津_10,2026-03-28,津,10,1-5-6,255.7
20260328_津_10,2026-03-28,津,10,2-5-6,2258.0
20260328_津_10,2026-03-28,津,10,3-5-6,2453.0
20260328_津_10,2026-03-28,津,10,4-5-6,409.7
20260328_津_10,2026-03-28,津,10,5-4-6,1290.0
20260328_津_10,2026-03-28,津,10,6-4-5,2483.0
20260328_津_10,2026-03-28,津,10,1-6-2,216.2
20260328_津_10,2026-03-28,津,10,2-6-1,773.1
20260328_津_10,2026-03-28,津,10,3-6-1,1642.0
20260328_津_10,2026-03-28,津,10,4-6-1,199.1
20260328_津_10,2026-03-28,津,10,5-6-1,1948.0
20260328_津_10,2026-03-28,津,10,6-5-1,2798.0
20260328_津_10,2026-03-28,津,10,1-6-3,279.8
20260328_津_10,2026-03-28,津,10,2-6-3,1987.0
20260328_津_10,2026-03-28,津,10,3-6-2,2183.0
20260328_津_10,2026-03-28,津,10,4-6-2,373.5
20260328_津_10,2026-03-28,津,10,5-6-2,3612.0
20260328_津_10,2026-03-28,津,10,6-5-2,5095.0
20260328_津_10,2026-03-28,津,10,1-6-4,156.5
20260328_津_10,2026-03-28,津,10,2-6-4,867.7
20260328_津_10,2026-03-28,津,10,3-6-4,1683.0
20260328_津_10,2026-03-28,津,10,4-6-3,804.5
20260328_津_10,2026-03-28,津,10,5-6-3,5370.0
20260328_津_10,2026-03-28,津,10,6-5-3,6410.0
20260328_津_10,2026-03-28,津,10,1-6-5,362.6
20260328_津_10,2026-03-28,津,10,2-6-5,2310.0
20260328_津_10,2026-03-28,津,10,3-6-5,2649.0
20260328_津_10,2026-03-28,津,10,4-6-5,548.9
20260328_津_10,2026-03-28,津,10,5-6-4,2547.0
20260328_津_10,2026-03-28,津,10,6-5-4,3057.0
20260328_津_11,2026-03-28,津,11,1-2-3,4.0
20260328_津_11,2026-03-28,津,11,2-1-3,22.1
20260328_津_11,2026-03-28,津,11,3-1-2,78.2
20260328_津_11,2026-03-28,津,11,4-1-2,51.8
20260328_津_11,2026-03-28,津,11,5-1-2,611.5
20260328_津_11,2026-03-28,津,11,6-1-2,1489.0
20260328_津_11,2026-03-28,津,11,1-2-4,4.7
20260328_津_11,2026-03-28,津,11,2-1-4,23.6
20260328_津_11,2026-03-28,津,11,3-1-4,96.7
20260328_津_11,2026-03-28,津,11,4-1-3,86.5
20260328_津_11,2026-03-28,津,11,5-1-3,809.1
20260328_津_11,2026-03-28,津,11,6-1-3,2503.0
20260328_津_11,2026-03-28,津,11,1-2-5,20.7
20260328_津_11,2026-03-28,津,11,2-1-5,69.7
20260328_津_11,2026-03-28,津,11,3-1-5,171.2
20260328_津_11,2026-03-28,津,11,4-1-5,96.8
20260328_津_11,2026-03-28,津,11,5-1-4,750.9
20260328_津_11,2026-03-28,津,11,6-1-4,2182.0
20260328_津_11,2026-03-28,津,11,1-2-6,48.0
20260328_津_11,2026-03-28,津,11,2-1-6,142.4
20260328_津_11,2026-03-28,津,11,3-1-6,358.2
20260328_津_11,2026-03-28,津,11,4-1-6,153.2
20260328_津_11,2026-03-28,津,11,5-1-6,1025.0
20260328_津_11,2026-03-28,津,11,6-1-5,2406.0
20260328_津_11,2026-03-28,津,11,1-3-2,9.2
20260328_津_11,2026-03-28,津,11,2-3-1,70.3
20260328_津_11,2026-03-28,津,11,3-2-1,141.0
20260328_津_11,2026-03-28,津,11,4-2-1,110.3
20260328_津_11,2026-03-28,津,11,5-2-1,739.1
20260328_津_11,2026-03-28,津,11,6-2-1,1955.0
20260328_津_11,2026-03-28,津,11,1-3-4,12.7
20260328_津_11,2026-03-28,津,11,2-3-4,141.3
20260328_津_11,2026-03-28,津,11,3-2-4,219.5
20260328_津_11,2026-03-28,津,11,4-2-3,201.6
20260328_津_11,2026-03-28,津,11,5-2-3,1072.0
20260328_津_11,2026-03-28,津,11,6-2-3,3128.0
20260328_津_11,2026-03-28,津,11,1-3-5,38.8
20260328_津_11,2026-03-28,津,11,2-3-5,273.6
20260328_津_11,2026-03-28,津,11,3-2-5,368.1
20260328_津_11,2026-03-28,津,11,4-2-5,272.4
20260328_津_11,2026-03-28,津,11,5-2-4,1085.0
20260328_津_11,2026-03-28,津,11,6-2-4,2040.0
20260328_津_11,2026-03-28,津,11,1-3-6,103.8
20260328_津_11,2026-03-28,津,11,2-3-6,565.4
20260328_津_11,2026-03-28,津,11,3-2-6,629.9
20260328_津_11,2026-03-28,津,11,4-2-6,459.0
20260328_津_11,2026-03-28,津,11,5-2-6,1400.0
20260328_津_11,2026-03-28,津,11,6-2-5,2933.0
20260328_津_11,2026-03-28,津,11,1-4-2,9.9
20260328_津_11,2026-03-28,津,11,2-4-1,88.9
20260328_津_11,2026-03-28,津,11,3-4-1,301.3
20260328_津_11,2026-03-28,津,11,4-3-1,267.4
20260328_津_11,2026-03-28,津,11,5-3-1,1104.0
20260328_津_11,2026-03-28,津,11,6-3-1,3181.0
20260328_津_11,2026-03-28,津,11,1-4-3,17.7
20260328_津_11,2026-03-28,津,11,2-4-3,153.8
20260328_津_11,2026-03-28,津,11,3-4-2,325.3
20260328_津_11,2026-03-28,津,11,4-3-2,299.4
20260328_津_11,2026-03-28,津,11,5-3-2,1350.0
20260328_津_11,2026-03-28,津,11,6-3-2,3181.0
20260328_津_11,2026-03-28,津,11,1-4-5,40.9
20260328_津_11,2026-03-28,津,11,2-4-5,260.3
20260328_津_11,2026-03-28,津,11,3-4-5,654.1
20260328_津_11,2026-03-28,津,11,4-3-5,677.7
20260328_津_11,2026-03-28,津,11,5-3-4,1722.0
20260328_津_11,2026-03-28,津,11,6-3-4,3181.0
20260328_津_11,2026-03-28,津,11,1-4-6,88.6
20260328_津_11,2026-03-28,津,11,2-4-6,463.5
20260328_津_11,2026-03-28,津,11,3-4-6,1025.0
20260328_津_11,2026-03-28,津,11,4-3-6,857.2
20260328_津_11,2026-03-28,津,11,5-3-6,2234.0
20260328_津_11,2026-03-28,津,11,6-3-5,3181.0
20260328_津_11,2026-03-28,津,11,1-5-2,78.6
20260328_津_11,2026-03-28,津,11,2-5-1,398.5
20260328_津_11,2026-03-28,津,11,3-5-1,647.3
20260328_津_11,2026-03-28,津,11,4-5-1,254.3
20260328_津_11,2026-03-28,津,11,5-4-1,798.8
20260328_津_11,2026-03-28,津,11,6-4-1,2261.0
20260328_津_11,2026-03-28,津,11,1-5-3,105.5
20260328_津_11,2026-03-28,津,11,2-5-3,615.5
20260328_津_11,2026-03-28,津,11,3-5-2,727.6
20260328_津_11,2026-03-28,津,11,4-5-2,326.4
20260328_津_11,2026-03-28,津,11,5-4-2,929.3
20260328_津_11,2026-03-28,津,11,6-4-2,2157.0
20260328_津_11,2026-03-28,津,11,1-5-4,123.1
20260328_津_11,2026-03-28,津,11,2-5-4,577.6
20260328_津_11,2026-03-28,津,11,3-5-4,972.7
20260328_津_11,2026-03-28,津,11,4-5-3,586.6
20260328_津_11,2026-03-28,津,11,5-4-3,1564.0
20260328_津_11,2026-03-28,津,11,6-4-3,2801.0
20260328_津_11,2026-03-28,津,11,1-5-6,261.8
20260328_津_11,2026-03-28,津,11,2-5-6,1360.0
20260328_津_11,2026-03-28,津,11,3-5-6,1444.0
20260328_津_11,2026-03-28,津,11,4-5-6,552.1
20260328_津_11,2026-03-28,津,11,5-4-6,1513.0
20260328_津_11,2026-03-28,津,11,6-4-5,3236.0
20260328_津_11,2026-03-28,津,11,1-6-2,299.8
20260328_津_11,2026-03-28,津,11,2-6-1,819.7
20260328_津_11,2026-03-28,津,11,3-6-1,1632.0
20260328_津_11,2026-03-28,津,11,4-6-1,649.5
20260328_津_11,2026-03-28,津,11,5-6-1,1676.0
20260328_津_11,2026-03-28,津,11,6-5-1,2503.0
20260328_津_11,2026-03-28,津,11,1-6-3,492.7
20260328_津_11,2026-03-28,津,11,2-6-3,1877.0
20260328_津_11,2026-03-28,津,11,3-6-2,1877.0
20260328_津_11,2026-03-28,津,11,4-6-2,809.1
20260328_津_11,2026-03-28,津,11,5-6-2,1955.0
20260328_津_11,2026-03-28,津,11,6-5-2,2571.0
20260328_津_11,2026-03-28,津,11,1-6-4,421.8
20260328_津_11,2026-03-28,津,11,2-6-4,1285.0
20260328_津_11,2026-03-28,津,11,3-6-4,1976.0
20260328_津_11,2026-03-28,津,11,4-6-3,1268.0
20260328_津_11,2026-03-28,津,11,5-6-3,2208.0
20260328_津_11,2026-03-28,津,11,6-5-3,3413.0
20260328_津_11,2026-03-28,津,11,1-6-5,553.7
20260328_津_11,2026-03-28,津,11,2-6-5,2085.0
20260328_津_11,2026-03-28,津,11,3-6-5,2289.0
20260328_津_11,2026-03-28,津,11,4-6-5,893.9
20260328_津_11,2026-03-28,津,11,5-6-4,2289.0
20260328_津_11,2026-03-28,津,11,6-5-4,4081.0
20260328_津_12,2026-03-28,津,12,1-2-3,6.8
20260328_津_12,2026-03-28,津,12,2-1-3,94.6
20260328_津_12,2026-03-28,津,12,3-1-2,68.0
20260328_津_12,2026-03-28,津,12,4-1-2,210.9
20260328_津_12,2026-03-28,津,12,5-1-2,265.0
20260328_津_12,2026-03-28,津,12,6-1-2,1949.0
20260328_津_12,2026-03-28,津,12,1-2-4,15.5
20260328_津_12,2026-03-28,津,12,2-1-4,159.1
20260328_津_12,2026-03-28,津,12,3-1-4,52.4
20260328_津_12,2026-03-28,津,12,4-1-3,222.9
20260328_津_12,2026-03-28,津,12,5-1-3,175.8
20260328_津_12,2026-03-28,津,12,6-1-3,1121.0
20260328_津_12,2026-03-28,津,12,1-2-5,13.3
20260328_津_12,2026-03-28,津,12,2-1-5,154.7
20260328_津_12,2026-03-28,津,12,3-1-5,38.5
20260328_津_12,2026-03-28,津,12,4-1-5,164.4
20260328_津_12,2026-03-28,津,12,5-1-4,400.0
20260328_津_12,2026-03-28,津,12,6-1-4,2544.0
20260328_津_12,2026-03-28,津,12,1-2-6,57.8
20260328_津_12,2026-03-28,津,12,2-1-6,338.4
20260328_津_12,2026-03-28,津,12,3-1-6,106.8
20260328_津_12,2026-03-28,津,12,4-1-6,304.0
20260328_津_12,2026-03-28,津,12,5-1-6,411.4
20260328_津_12,2026-03-28,津,12,6-1-5,2252.0
20260328_津_12,2026-03-28,津,12,1-3-2,6.6
20260328_津_12,2026-03-28,津,12,2-3-1,240.2
20260328_津_12,2026-03-28,津,12,3-2-1,226.2
20260328_津_12,2026-03-28,津,12,4-2-1,436.9
20260328_津_12,2026-03-28,津,12,5-2-1,534.7
20260328_津_12,2026-03-28,津,12,6-2-1,2642.0
20260328_津_12,2026-03-28,津,12,1-3-4,8.1
20260328_津_12,2026-03-28,津,12,2-3-4,704.7
20260328_津_12,2026-03-28,津,12,3-2-4,589.8
20260328_津_12,2026-03-28,津,12,4-2-3,1017.0
20260328_津_12,2026-03-28,津,12,5-2-3,1232.0
20260328_津_12,2026-03-28,津,12,6-2-3,3765.0
20260328_津_12,2026-03-28,津,12,1-3-5,6.0
20260328_津_12,2026-03-28,津,12,2-3-5,651.3
20260328_津_12,2026-03-28,津,12,3-2-5,469.8
20260328_津_12,2026-03-28,津,12,4-2-5,596.2
20260328_津_12,2026-03-28,津,12,5-2-4,1597.0
20260328_津_12,2026-03-28,津,12,6-2-4,4658.0
20260328_津_12,2026-03-28,津,12,1-3-6,28.5
20260328_津_12,2026-03-28,津,12,2-3-6,1210.0
20260328_津_12,2026-03-28,津,12,3-2-6,880.9
20260328_津_12,2026-03-28,津,12,4-2-6,796.6
20260328_津_12,2026-03-28,津,12,5-2-6,1216.0
20260328_津_12,2026-03-28,津,12,6-2-5,3926.0
20260328_津_12,2026-03-28,津,12,1-4-2,21.1
20260328_津_12,2026-03-28,津,12,2-4-1,588.5
20260328_津_12,2026-03-28,津,12,3-4-1,209.1
20260328_津_12,2026-03-28,津,12,4-3-1,389.3
20260328_津_12,2026-03-28,津,12,5-3-1,329.9
20260328_津_12,2026-03-28,津,12,6-3-1,1908.0
20260328_津_12,2026-03-28,津,12,1-4-3,16.7
20260328_津_12,2026-03-28,津,12,2-4-3,934.8
20260328_津_12,2026-03-28,津,12,3-4-2,591.0
20260328_津_12,2026-03-28,津,12,4-3-2,1017.0
20260328_津_12,2026-03-28,津,12,5-3-2,1090.0
20260328_津_12,2026-03-28,津,12,6-3-2,3983.0
20260328_津_12,2026-03-28,津,12,1-4-5,23.9
20260328_津_12,2026-03-28,津,12,2-4-5,1255.0
20260328_津_12,2026-03-28,津,12,3-4-5,332.3
20260328_津_12,2026-03-28,津,12,4-3-5,738.8
20260328_津_12,2026-03-28,津,12,5-3-4,1284.0
20260328_津_12,2026-03-28,津,12,6-3-4,4164.0
20260328_津_12,2026-03-28,津,12,1-4-6,66.7
20260328_津_12,2026-03-28,津,12,2-4-6,1626.0
20260328_津_12,2026-03-28,津,12,3-4-6,578.6
20260328_津_12,2026-03-28,津,12,4-3-6,1135.0
20260328_津_12,2026-03-28,津,12,5-3-6,856.2
20260328_津_12,2026-03-28,津,12,6-3-5,3020.0
20260328_津_12,2026-03-28,津,12,1-5-2,24.5
20260328_津_12,2026-03-28,津,12,2-5-1,527.5
20260328_津_12,2026-03-28,津,12,3-5-1,157.5
20260328_津_12,2026-03-28,津,12,4-5-1,285.4
20260328_津_12,2026-03-28,津,12,5-4-1,553.0
20260328_津_12,2026-03-28,津,12,6-4-1,2955.0
20260328_津_12,2026-03-28,津,12,1-5-3,18.0
20260328_津_12,2026-03-28,津,12,2-5-3,988.6
20260328_津_12,2026-03-28,津,12,3-5-2,456.5
20260328_津_12,2026-03-28,津,12,4-5-2,541.0
20260328_津_12,2026-03-28,津,12,5-4-2,883.7
20260328_津_12,2026-03-28,津,12,6-4-2,4433.0
20260328_津_12,2026-03-28,津,12,1-5-4,39.4
20260328_津_12,2026-03-28,津,12,2-5-4,1340.0
20260328_津_12,2026-03-28,津,12,3-5-4,408.3
20260328_津_12,2026-03-28,津,12,4-5-3,690.5
20260328_津_12,2026-03-28,津,12,5-4-3,1510.0
20260328_津_12,2026-03-28,津,12,6-4-3,4041.0
20260328_津_12,2026-03-28,津,12,1-5-6,70.0
20260328_津_12,2026-03-28,津,12,2-5-6,1645.0
20260328_津_12,2026-03-28,津,12,3-5-6,382.2
20260328_津_12,2026-03-28,津,12,4-5-6,458.0
20260328_津_12,2026-03-28,津,12,5-4-6,695.8
20260328_津_12,2026-03-28,津,12,6-4-5,3435.0
20260328_津_12,2026-03-28,津,12,1-6-2,178.0
20260328_津_12,2026-03-28,津,12,2-6-1,1315.0
20260328_津_12,2026-03-28,津,12,3-6-1,542.1
20260328_津_12,2026-03-28,津,12,4-6-1,853.5
20260328_津_12,2026-03-28,津,12,5-6-1,1108.0
20260328_津_12,2026-03-28,津,12,6-5-1,2617.0
20260328_津_12,2026-03-28,津,12,1-6-3,139.3
20260328_津_12,2026-03-28,津,12,2-6-3,1935.0
20260328_津_12,2026-03-28,津,12,3-6-2,1255.0
20260328_津_12,2026-03-28,津,12,4-6-2,1773.0
20260328_津_12,2026-03-28,津,12,5-6-2,1579.0
20260328_津_12,2026-03-28,津,12,6-5-2,3435.0
20260328_津_12,2026-03-28,津,12,1-6-4,196.3
20260328_津_12,2026-03-28,津,12,2-6-4,2804.0
20260328_津_12,2026-03-28,津,12,3-6-4,1135.0
20260328_津_12,2026-03-28,津,12,4-6-3,1665.0
20260328_津_12,2026-03-28,津,12,5-6-3,1284.0
20260328_津_12,2026-03-28,津,12,6-5-3,2568.0
20260328_津_12,2026-03-28,津,12,1-6-5,178.8
20260328_津_12,2026-03-28,津,12,2-6-5,2309.0
20260328_津_12,2026-03-28,津,12,3-6-5,750.9
20260328_津_12,2026-03-28,津,12,4-6-5,1232.0
20260328_津_12,2026-03-28,津,12,5-6-4,1588.0
20260328_津_12,2026-03-28,津,12,6-5-4,3523.0
20260328_三国_1,2026-03-28,三国,1,1-2-3,63.3
20260328_三国_1,2026-03-28,三国,1,2-1-3,527.1
20260328_三国_1,2026-03-28,三国,1,3-1-2,278.5
20260328_三国_1,2026-03-28,三国,1,4-1-2,220.3
20260328_三国_1,2026-03-28,三国,1,5-1-2,884.1
20260328_三国_1,2026-03-28,三国,1,6-1-2,755.7
20260328_三国_1,2026-03-28,三国,1,1-2-4,60.0
20260328_三国_1,2026-03-28,三国,1,2-1-4,533.2
20260328_三国_1,2026-03-28,三国,1,3-1-4,40.2
20260328_三国_1,2026-03-28,三国,1,4-1-3,40.5
20260328_三国_1,2026-03-28,三国,1,5-1-3,336.4
20260328_三国_1,2026-03-28,三国,1,6-1-3,363.5
20260328_三国_1,2026-03-28,三国,1,1-2-5,127.5
20260328_三国_1,2026-03-28,三国,1,2-1-5,905.6
20260328_三国_1,2026-03-28,三国,1,3-1-5,79.7
20260328_三国_1,2026-03-28,三国,1,4-1-5,34.3
20260328_三国_1,2026-03-28,三国,1,5-1-4,233.6
20260328_三国_1,2026-03-28,三国,1,6-1-4,234.9
20260328_三国_1,2026-03-28,三国,1,1-2-6,113.9
20260328_三国_1,2026-03-28,三国,1,2-1-6,715.0
20260328_三国_1,2026-03-28,三国,1,3-1-6,85.3
20260328_三国_1,2026-03-28,三国,1,4-1-6,27.1
20260328_三国_1,2026-03-28,三国,1,5-1-6,283.1
20260328_三国_1,2026-03-28,三国,1,6-1-5,466.6
20260328_三国_1,2026-03-28,三国,1,1-3-2,44.4
20260328_三国_1,2026-03-28,三国,1,2-3-1,833.9
20260328_三国_1,2026-03-28,三国,1,3-2-1,632.5
20260328_三国_1,2026-03-28,三国,1,4-2-1,658.8
20260328_三国_1,2026-03-28,三国,1,5-2-1,1827.0
20260328_三国_1,2026-03-28,三国,1,6-2-1,1551.0
20260328_三国_1,2026-03-28,三国,1,1-3-4,5.5
20260328_三国_1,2026-03-28,三国,1,2-3-4,1587.0
20260328_三国_1,2026-03-28,三国,1,3-2-4,1002.0
20260328_三国_1,2026-03-28,三国,1,4-2-3,1234.0
20260328_三国_1,2026-03-28,三国,1,5-2-3,2309.0
20260328_三国_1,2026-03-28,三国,1,6-2-3,2979.0
20260328_三国_1,2026-03-28,三国,1,1-3-5,14.8
20260328_三国_1,2026-03-28,三国,1,2-3-5,1811.0
20260328_三国_1,2026-03-28,三国,1,3-2-5,1035.0
20260328_三国_1,2026-03-28,三国,1,4-2-5,1220.0
20260328_三国_1,2026-03-28,三国,1,5-2-4,2635.0
20260328_三国_1,2026-03-28,三国,1,6-2-4,2296.0
20260328_三国_1,2026-03-28,三国,1,1-3-6,14.7
20260328_三国_1,2026-03-28,三国,1,2-3-6,1939.0
20260328_三国_1,2026-03-28,三国,1,3-2-6,1343.0
20260328_三国_1,2026-03-28,三国,1,4-2-6,978.9
20260328_三国_1,2026-03-28,三国,1,5-2-6,2602.0
20260328_三国_1,2026-03-28,三国,1,6-2-5,3370.0
20260328_三国_1,2026-03-28,三国,1,1-4-2,35.7
20260328_三国_1,2026-03-28,三国,1,2-4-1,871.0
20260328_三国_1,2026-03-28,三国,1,3-4-1,73.5
20260328_三国_1,2026-03-28,三国,1,4-3-1,89.8
20260328_三国_1,2026-03-28,三国,1,5-3-1,557.8
20260328_三国_1,2026-03-28,三国,1,6-3-1,585.6
20260328_三国_1,2026-03-28,三国,1,1-4-3,5.3
20260328_三国_1,2026-03-28,三国,1,2-4-3,1432.0
20260328_三国_1,2026-03-28,三国,1,3-4-2,651.5
20260328_三国_1,2026-03-28,三国,1,4-3-2,889.9
20260328_三国_1,2026-03-28,三国,1,5-3-2,2035.0
20260328_三国_1,2026-03-28,三国,1,6-3-2,2687.0
20260328_三国_1,2026-03-28,三国,1,1-4-5,10.9
20260328_三国_1,2026-03-28,三国,1,2-4-5,2152.0
20260328_三国_1,2026-03-28,三国,1,3-4-5,181.3
20260328_三国_1,2026-03-28,三国,1,4-3-5,202.6
20260328_三国_1,2026-03-28,三国,1,5-3-4,945.1
20260328_三国_1,2026-03-28,三国,1,6-3-4,851.2
20260328_三国_1,2026-03-28,三国,1,1-4-6,8.0
20260328_三国_1,2026-03-28,三国,1,2-4-6,1803.0
20260328_三国_1,2026-03-28,三国,1,3-4-6,159.1
20260328_三国_1,2026-03-28,三国,1,4-3-6,155.8
20260328_三国_1,2026-03-28,三国,1,5-3-6,1230.0
20260328_三国_1,2026-03-28,三国,1,6-3-5,1877.0
20260328_三国_1,2026-03-28,三国,1,1-5-2,128.3
20260328_三国_1,2026-03-28,三国,1,2-5-1,1757.0
20260328_三国_1,2026-03-28,三国,1,3-5-1,232.9
20260328_三国_1,2026-03-28,三国,1,4-5-1,71.2
20260328_三国_1,2026-03-28,三国,1,5-4-1,307.5
20260328_三国_1,2026-03-28,三国,1,6-4-1,322.4
20260328_三国_1,2026-03-28,三国,1,1-5-3,42.3
20260328_三国_1,2026-03-28,三国,1,2-5-3,1957.0
20260328_三国_1,2026-03-28,三国,1,3-5-2,911.6
20260328_三国_1,2026-03-28,三国,1,4-5-2,653.6
20260328_三国_1,2026-03-28,三国,1,5-4-2,1787.0
20260328_三国_1,2026-03-28,三国,1,6-4-2,1432.0
20260328_三国_1,2026-03-28,三国,1,1-5-4,35.2
20260328_三国_1,2026-03-28,三国,1,2-5-4,2522.0
20260328_三国_1,2026-03-28,三国,1,3-5-4,336.4
20260328_三国_1,2026-03-28,三国,1,4-5-3,211.7
20260328_三国_1,2026-03-28,三国,1,5-4-3,810.9
20260328_三国_1,2026-03-28,三国,1,6-4-3,679.5
20260328_三国_1,2026-03-28,三国,1,1-5-6,50.4
20260328_三国_1,2026-03-28,三国,1,2-5-6,2015.0
20260328_三国_1,2026-03-28,三国,1,3-5-6,479.7
20260328_三国_1,2026-03-28,三国,1,4-5-6,100.8
20260328_三国_1,2026-03-28,三国,1,5-4-6,471.4
20260328_三国_1,2026-03-28,三国,1,6-4-5,815.7
20260328_三国_1,2026-03-28,三国,1,1-6-2,121.4
20260328_三国_1,2026-03-28,三国,1,2-6-1,1664.0
20260328_三国_1,2026-03-28,三国,1,3-6-1,296.8
20260328_三国_1,2026-03-28,三国,1,4-6-1,70.2
20260328_三国_1,2026-03-28,三国,1,5-6-1,625.7
20260328_三国_1,2026-03-28,三国,1,6-5-1,934.4
20260328_三国_1,2026-03-28,三国,1,1-6-3,42.6
20260328_三国_1,2026-03-28,三国,1,2-6-3,2722.0
20260328_三国_1,2026-03-28,三国,1,3-6-2,1230.0
20260328_三国_1,2026-03-28,三国,1,4-6-2,618.2
20260328_三国_1,2026-03-28,三国,1,5-6-2,2506.0
20260328_三国_1,2026-03-28,三国,1,6-5-2,3091.0
20260328_三国_1,2026-03-28,三国,1,1-6-4,29.4
20260328_三国_1,2026-03-28,三国,1,2-6-4,2522.0
20260328_三国_1,2026-03-28,三国,1,3-6-4,374.1
20260328_三国_1,2026-03-28,三国,1,4-6-3,213.5
20260328_三国_1,2026-03-28,三国,1,5-6-3,1370.0
20260328_三国_1,2026-03-28,三国,1,6-5-3,1885.0
20260328_三国_1,2026-03-28,三国,1,1-6-5,58.5
20260328_三国_1,2026-03-28,三国,1,2-6-5,2635.0
20260328_三国_1,2026-03-28,三国,1,3-6-5,707.6
20260328_三国_1,2026-03-28,三国,1,4-6-5,125.0
20260328_三国_1,2026-03-28,三国,1,5-6-4,897.7
20260328_三国_1,2026-03-28,三国,1,6-5-4,1408.0
20260328_三国_2,2026-03-28,三国,2,1-2-3,5.1
20260328_三国_2,2026-03-28,三国,2,2-1-3,78.5
20260328_三国_2,2026-03-28,三国,2,3-1-2,63.2
20260328_三国_2,2026-03-28,三国,2,4-1-2,190.5
20260328_三国_2,2026-03-28,三国,2,5-1-2,91.7
20260328_三国_2,2026-03-28,三国,2,6-1-2,1938.0
20260328_三国_2,2026-03-28,三国,2,1-2-4,15.6
20260328_三国_2,2026-03-28,三国,2,2-1-4,156.0
20260328_三国_2,2026-03-28,三国,2,3-1-4,97.1
20260328_三国_2,2026-03-28,三国,2,4-1-3,200.8
20260328_三国_2,2026-03-28,三国,2,5-1-3,86.1
20260328_三国_2,2026-03-28,三国,2,6-1-3,2593.0
20260328_三国_2,2026-03-28,三国,2,1-2-5,9.4
20260328_三国_2,2026-03-28,三国,2,2-1-5,128.9
20260328_三国_2,2026-03-28,三国,2,3-1-5,68.7
20260328_三国_2,2026-03-28,三国,2,4-1-5,159.5
20260328_三国_2,2026-03-28,三国,2,5-1-4,181.4
20260328_三国_2,2026-03-28,三国,2,6-1-4,3509.0
20260328_三国_2,2026-03-28,三国,2,1-2-6,86.7
20260328_三国_2,2026-03-28,三国,2,2-1-6,465.7
20260328_三国_2,2026-03-28,三国,2,3-1-6,494.0
20260328_三国_2,2026-03-28,三国,2,4-1-6,585.7
20260328_三国_2,2026-03-28,三国,2,5-1-6,227.3
20260328_三国_2,2026-03-28,三国,2,6-1-5,2131.0
20260328_三国_2,2026-03-28,三国,2,1-3-2,5.5
20260328_三国_2,2026-03-28,三国,2,2-3-1,180.2
20260328_三国_2,2026-03-28,三国,2,3-2-1,161.7
20260328_三国_2,2026-03-28,三国,2,4-2-1,377.6
20260328_三国_2,2026-03-28,三国,2,5-2-1,215.2
20260328_三国_2,2026-03-28,三国,2,6-2-1,2576.0
20260328_三国_2,2026-03-28,三国,2,1-3-4,11.1
20260328_三国_2,2026-03-28,三国,2,2-3-4,620.5
20260328_三国_2,2026-03-28,三国,2,3-2-4,503.2
20260328_三国_2,2026-03-28,三国,2,4-2-3,675.1
20260328_三国_2,2026-03-28,三国,2,5-2-3,374.1
20260328_三国_2,2026-03-28,三国,2,6-2-3,4330.0
20260328_三国_2,2026-03-28,三国,2,1-3-5,6.5
20260328_三国_2,2026-03-28,三国,2,2-3-5,497.0
20260328_三国_2,2026-03-28,三国,2,3-2-5,350.9
20260328_三国_2,2026-03-28,三国,2,4-2-5,535.6
20260328_三国_2,2026-03-28,三国,2,5-2-4,795.1
20260328_三国_2,2026-03-28,三国,2,6-2-4,6263.0
20260328_三国_2,2026-03-28,三国,2,1-3-6,87.4
20260328_三国_2,2026-03-28,三国,2,2-3-6,1661.0
20260328_三国_2,2026-03-28,三国,2,3-2-6,1602.0
20260328_三国_2,2026-03-28,三国,2,4-2-6,1330.0
20260328_三国_2,2026-03-28,三国,2,5-2-6,715.4
20260328_三国_2,2026-03-28,三国,2,6-2-5,4789.0
20260328_三国_2,2026-03-28,三国,2,1-4-2,31.8
20260328_三国_2,2026-03-28,三国,2,2-4-1,512.0
20260328_三国_2,2026-03-28,三国,2,3-4-1,259.6
20260328_三国_2,2026-03-28,三国,2,4-3-1,354.9
20260328_三国_2,2026-03-28,三国,2,5-3-1,197.0
20260328_三国_2,2026-03-28,三国,2,6-3-1,4196.0
20260328_三国_2,2026-03-28,三国,2,1-4-3,28.1
20260328_三国_2,2026-03-28,三国,2,2-4-3,942.3
20260328_三国_2,2026-03-28,三国,2,3-4-2,465.7
20260328_三国_2,2026-03-28,三国,2,4-3-2,741.5
20260328_三国_2,2026-03-28,三国,2,5-3-2,450.3
20260328_三国_2,2026-03-28,三国,2,6-3-2,5025.0
20260328_三国_2,2026-03-28,三国,2,1-4-5,36.0
20260328_三国_2,2026-03-28,三国,2,2-4-5,1153.0
20260328_三国_2,2026-03-28,三国,2,3-4-5,408.7
20260328_三国_2,2026-03-28,三国,2,4-3-5,571.7
20260328_三国_2,2026-03-28,三国,2,5-3-4,781.3
20260328_三国_2,2026-03-28,三国,2,6-3-4,3914.0
20260328_三国_2,2026-03-28,三国,2,1-4-6,198.8
20260328_三国_2,2026-03-28,三国,2,2-4-6,2827.0
20260328_三国_2,2026-03-28,三国,2,3-4-6,1542.0
20260328_三国_2,2026-03-28,三国,2,4-3-6,1469.0
20260328_三国_2,2026-03-28,三国,2,5-3-6,1062.0
20260328_三国_2,2026-03-28,三国,2,6-3-5,5986.0
20260328_三国_2,2026-03-28,三国,2,1-5-2,16.0
20260328_三国_2,2026-03-28,三国,2,2-5-1,334.2
20260328_三国_2,2026-03-28,三国,2,3-5-1,173.6
20260328_三国_2,2026-03-28,三国,2,4-5-1,213.4
20260328_三国_2,2026-03-28,三国,2,5-4-1,386.6
20260328_三国_2,2026-03-28,三国,2,6-4-1,4846.0
20260328_三国_2,2026-03-28,三国,2,1-5-3,13.8
20260328_三国_2,2026-03-28,三国,2,2-5-3,630.1
20260328_三国_2,2026-03-28,三国,2,3-5-2,365.4
20260328_三国_2,2026-03-28,三国,2,4-5-2,373.8
20260328_三国_2,2026-03-28,三国,2,5-4-2,827.4
20260328_三国_2,2026-03-28,三国,2,6-4-2,5815.0
20260328_三国_2,2026-03-28,三国,2,1-5-4,38.4
20260328_三国_2,2026-03-28,三国,2,2-5-4,1106.0
20260328_三国_2,2026-03-28,三国,2,3-5-4,498.2
20260328_三国_2,2026-03-28,三国,2,4-5-3,434.4
20260328_三国_2,2026-03-28,三国,2,5-4-3,830.8
20260328_三国_2,2026-03-28,三国,2,6-4-3,3769.0
20260328_三国_2,2026-03-28,三国,2,1-5-6,87.0
20260328_三国_2,2026-03-28,三国,2,2-5-6,1809.0
20260328_三国_2,2026-03-28,三国,2,3-5-6,1176.0
20260328_三国_2,2026-03-28,三国,2,4-5-6,614.0
20260328_三国_2,2026-03-28,三国,2,5-4-6,1193.0
20260328_三国_2,2026-03-28,三国,2,6-4-5,6900.0
20260328_三国_2,2026-03-28,三国,2,1-6-2,322.5
20260328_三国_2,2026-03-28,三国,2,2-6-1,1571.0
20260328_三国_2,2026-03-28,三国,2,3-6-1,2394.0
20260328_三国_2,2026-03-28,三国,2,4-6-1,1398.0
20260328_三国_2,2026-03-28,三国,2,5-6-1,627.2
20260328_三国_2,2026-03-28,三国,2,6-5-1,2408.0
20260328_三国_2,2026-03-28,三国,2,1-6-3,341.5
20260328_三国_2,2026-03-28,三国,2,2-6-3,2544.0
20260328_三国_2,2026-03-28,三国,2,3-6-2,2846.0
20260328_三国_2,2026-03-28,三国,2,4-6-2,2142.0
20260328_三国_2,2026-03-28,三国,2,5-6-2,933.7
20260328_三国_2,2026-03-28,三国,2,6-5-2,4112.0
20260328_三国_2,2026-03-28,三国,2,1-6-4,519.2
20260328_三国_2,2026-03-28,三国,2,2-6-4,3131.0
20260328_三国_2,2026-03-28,三国,2,3-6-4,3084.0
20260328_三国_2,2026-03-28,三国,2,4-6-3,2077.0
20260328_三国_2,2026-03-28,三国,2,5-6-3,1218.0
20260328_三国_2,2026-03-28,三国,2,6-5-3,5153.0
20260328_三国_2,2026-03-28,三国,2,1-6-5,312.1
20260328_三国_2,2026-03-28,三国,2,2-6-5,2696.0
20260328_三国_2,2026-03-28,三国,2,3-6-5,3336.0
20260328_三国_2,2026-03-28,三国,2,4-6-5,1530.0
20260328_三国_2,2026-03-28,三国,2,5-6-4,1584.0
20260328_三国_2,2026-03-28,三国,2,6-5-4,6076.0
20260328_三国_3,2026-03-28,三国,3,1-2-3,7.5
20260328_三国_3,2026-03-28,三国,3,2-1-3,25.7
20260328_三国_3,2026-03-28,三国,3,3-1-2,13.6
20260328_三国_3,2026-03-28,三国,3,4-1-2,510.2
20260328_三国_3,2026-03-28,三国,3,5-1-2,1073.0
20260328_三国_3,2026-03-28,三国,3,6-1-2,240.7
20260328_三国_3,2026-03-28,三国,3,1-2-4,79.6
20260328_三国_3,2026-03-28,三国,3,2-1-4,274.5
20260328_三国_3,2026-03-28,三国,3,3-1-4,42.6
20260328_三国_3,2026-03-28,三国,3,4-1-3,328.8
20260328_三国_3,2026-03-28,三国,3,5-1-3,621.9
20260328_三国_3,2026-03-28,三国,3,6-1-3,109.4
20260328_三国_3,2026-03-28,三国,3,1-2-5,62.1
20260328_三国_3,2026-03-28,三国,3,2-1-5,195.0
20260328_三国_3,2026-03-28,三国,3,3-1-5,43.3
20260328_三国_3,2026-03-28,三国,3,4-1-5,687.2
20260328_三国_3,2026-03-28,三国,3,5-1-4,1465.0
20260328_三国_3,2026-03-28,三国,3,6-1-4,822.9
20260328_三国_3,2026-03-28,三国,3,1-2-6,20.6
20260328_三国_3,2026-03-28,三国,3,2-1-6,63.0
20260328_三国_3,2026-03-28,三国,3,3-1-6,13.9
20260328_三国_3,2026-03-28,三国,3,4-1-6,737.7
20260328_三国_3,2026-03-28,三国,3,5-1-6,1268.0
20260328_三国_3,2026-03-28,三国,3,6-1-5,788.5
20260328_三国_3,2026-03-28,三国,3,1-3-2,5.3
20260328_三国_3,2026-03-28,三国,3,2-3-1,41.7
20260328_三国_3,2026-03-28,三国,3,3-2-1,31.3
20260328_三国_3,2026-03-28,三国,3,4-2-1,778.9
20260328_三国_3,2026-03-28,三国,3,5-2-1,1620.0
20260328_三国_3,2026-03-28,三国,3,6-2-1,401.1
20260328_三国_3,2026-03-28,三国,3,1-3-4,28.8
20260328_三国_3,2026-03-28,三国,3,2-3-4,269.0
20260328_三国_3,2026-03-28,三国,3,3-2-4,160.1
20260328_三国_3,2026-03-28,三国,3,4-2-3,786.6
20260328_三国_3,2026-03-28,三国,3,5-2-3,1478.0
20260328_三国_3,2026-03-28,三国,3,6-2-3,340.3
20260328_三国_3,2026-03-28,三国,3,1-3-5,24.4
20260328_三国_3,2026-03-28,三国,3,2-3-5,156.0
20260328_三国_3,2026-03-28,三国,3,3-2-5,139.2
20260328_三国_3,2026-03-28,三国,3,4-2-5,1206.0
20260328_三国_3,2026-03-28,三国,3,5-2-4,2891.0
20260328_三国_3,2026-03-28,三国,3,6-2-4,1707.0
20260328_三国_3,2026-03-28,三国,3,1-3-6,6.3
20260328_三国_3,2026-03-28,三国,3,2-3-6,55.7
20260328_三国_3,2026-03-28,三国,3,3-2-6,56.2
20260328_三国_3,2026-03-28,三国,3,4-2-6,1389.0
20260328_三国_3,2026-03-28,三国,3,5-2-6,2507.0
20260328_三国_3,2026-03-28,三国,3,6-2-5,1506.0
20260328_三国_3,2026-03-28,三国,3,1-4-2,176.3
20260328_三国_3,2026-03-28,三国,3,2-4-1,765.9
20260328_三国_3,2026-03-28,三国,3,3-4-1,124.1
20260328_三国_3,2026-03-28,三国,3,4-3-1,356.5
20260328_三国_3,2026-03-28,三国,3,5-3-1,708.4
20260328_三国_3,2026-03-28,三国,3,6-3-1,116.0
20260328_三国_3,2026-03-28,三国,3,1-4-3,120.3
20260328_三国_3,2026-03-28,三国,3,2-4-3,679.9
20260328_三国_3,2026-03-28,三国,3,3-4-2,215.3
20260328_三国_3,2026-03-28,三国,3,4-3-2,597.6
20260328_三国_3,2026-03-28,三国,3,5-3-2,1122.0
20260328_三国_3,2026-03-28,三国,3,6-3-2,234.7
20260328_三国_3,2026-03-28,三国,3,1-4-5,296.0
20260328_三国_3,2026-03-28,三国,3,2-4-5,1620.0
20260328_三国_3,2026-03-28,三国,3,3-4-5,232.2
20260328_三国_3,2026-03-28,三国,3,4-3-5,778.9
20260328_三国_3,2026-03-28,三国,3,5-3-4,1580.0
20260328_三国_3,2026-03-28,三国,3,6-3-4,566.0
20260328_三国_3,2026-03-28,三国,3,1-4-6,262.8
20260328_三国_3,2026-03-28,三国,3,2-4-6,1383.0
20260328_三国_3,2026-03-28,三国,3,3-4-6,185.7
20260328_三国_3,2026-03-28,三国,3,4-3-6,626.8
20260328_三国_3,2026-03-28,三国,3,5-3-6,1184.0
20260328_三国_3,2026-03-28,三国,3,6-3-5,573.0
20260328_三国_3,2026-03-28,三国,3,1-5-2,215.5
20260328_三国_3,2026-03-28,三国,3,2-5-1,906.5
20260328_三国_3,2026-03-28,三国,3,3-5-1,156.2
20260328_三国_3,2026-03-28,三国,3,4-5-1,753.3
20260328_三国_3,2026-03-28,三国,3,5-4-1,1763.0
20260328_三国_3,2026-03-28,三国,3,6-4-1,1445.0
20260328_三国_3,2026-03-28,三国,3,1-5-3,131.6
20260328_三国_3,2026-03-28,三国,3,2-5-3,577.2
20260328_三国_3,2026-03-28,三国,3,3-5-2,248.7
20260328_三国_3,2026-03-28,三国,3,4-5-2,1188.0
20260328_三国_3,2026-03-28,三国,3,5-4-2,2377.0
20260328_三国_3,2026-03-28,三国,3,6-4-2,1855.0
20260328_三国_3,2026-03-28,三国,3,1-5-4,411.4
20260328_三国_3,2026-03-28,三国,3,2-5-4,1813.0
20260328_三国_3,2026-03-28,三国,3,3-5-4,296.0
20260328_三国_3,2026-03-28,三国,3,4-5-3,818.7
20260328_三国_3,2026-03-28,三国,3,5-4-3,1654.0
20260328_三国_3,2026-03-28,三国,3,6-4-3,1080.0
20260328_三国_3,2026-03-28,三国,3,1-5-6,269.2
20260328_三国_3,2026-03-28,三国,3,2-5-6,1069.0
20260328_三国_3,2026-03-28,三国,3,3-5-6,202.8
20260328_三国_3,2026-03-28,三国,3,4-5-6,1253.0
20260328_三国_3,2026-03-28,三国,3,5-4-6,2139.0
20260328_三国_3,2026-03-28,三国,3,6-4-5,1993.0
20260328_三国_3,2026-03-28,三国,3,1-6-2,41.6
20260328_三国_3,2026-03-28,三国,3,2-6-1,185.1
20260328_三国_3,2026-03-28,三国,3,3-6-1,30.4
20260328_三国_3,2026-03-28,三国,3,4-6-1,1220.0
20260328_三国_3,2026-03-28,三国,3,5-6-1,2083.0
20260328_三国_3,2026-03-28,三国,3,6-5-1,1371.0
20260328_三国_3,2026-03-28,三国,3,1-6-3,24.6
20260328_三国_3,2026-03-28,三国,3,2-6-3,129.4
20260328_三国_3,2026-03-28,三国,3,3-6-2,52.0
20260328_三国_3,2026-03-28,三国,3,4-6-2,1689.0
20260328_三国_3,2026-03-28,三国,3,5-6-2,2840.0
20260328_三国_3,2026-03-28,三国,3,6-5-2,2139.0
20260328_三国_3,2026-03-28,三国,3,1-6-4,205.7
20260328_三国_3,2026-03-28,三国,3,2-6-4,1045.0
20260328_三国_3,2026-03-28,三国,3,3-6-4,124.8
20260328_三国_3,2026-03-28,三国,3,4-6-3,1080.0
20260328_三国_3,2026-03-28,三国,3,5-6-3,1753.0
20260328_三国_3,2026-03-28,三国,3,6-5-3,1099.0
20260328_三国_3,2026-03-28,三国,3,1-6-5,160.4
20260328_三国_3,2026-03-28,三国,3,2-6-5,613.6
20260328_三国_3,2026-03-28,三国,3,3-6-5,120.7
20260328_三国_3,2026-03-28,三国,3,4-6-5,1823.0
20260328_三国_3,2026-03-28,三国,3,5-6-4,2766.0
20260328_三国_3,2026-03-28,三国,3,6-5-4,2153.0
20260328_三国_4,2026-03-28,三国,4,1-2-3,47.8
20260328_三国_4,2026-03-28,三国,4,2-1-3,287.2
20260328_三国_4,2026-03-28,三国,4,3-1-2,106.8
20260328_三国_4,2026-03-28,三国,4,4-1-2,706.3
20260328_三国_4,2026-03-28,三国,4,5-1-2,140.7
20260328_三国_4,2026-03-28,三国,4,6-1-2,235.7
20260328_三国_4,2026-03-28,三国,4,1-2-4,108.5
20260328_三国_4,2026-03-28,三国,4,2-1-4,624.1
20260328_三国_4,2026-03-28,三国,4,3-1-4,150.2
20260328_三国_4,2026-03-28,三国,4,4-1-3,667.0
20260328_三国_4,2026-03-28,三国,4,5-1-3,49.7
20260328_三国_4,2026-03-28,三国,4,6-1-3,91.1
20260328_三国_4,2026-03-28,三国,4,1-2-5,49.8
20260328_三国_4,2026-03-28,三国,4,2-1-5,331.0
20260328_三国_4,2026-03-28,三国,4,3-1-5,34.2
20260328_三国_4,2026-03-28,三国,4,4-1-5,561.3
20260328_三国_4,2026-03-28,三国,4,5-1-4,230.3
20260328_三国_4,2026-03-28,三国,4,6-1-4,228.3
20260328_三国_4,2026-03-28,三国,4,1-2-6,37.5
20260328_三国_4,2026-03-28,三国,4,2-1-6,330.7
20260328_三国_4,2026-03-28,三国,4,3-1-6,36.3
20260328_三国_4,2026-03-28,三国,4,4-1-6,353.4
20260328_三国_4,2026-03-28,三国,4,5-1-6,31.2
20260328_三国_4,2026-03-28,三国,4,6-1-5,57.0
20260328_三国_4,2026-03-28,三国,4,1-3-2,31.0
20260328_三国_4,2026-03-28,三国,4,2-3-1,425.4
20260328_三国_4,2026-03-28,三国,4,3-2-1,312.5
20260328_三国_4,2026-03-28,三国,4,4-2-1,1212.0
20260328_三国_4,2026-03-28,三国,4,5-2-1,392.2
20260328_三国_4,2026-03-28,三国,4,6-2-1,657.3
20260328_三国_4,2026-03-28,三国,4,1-3-4,43.5
20260328_三国_4,2026-03-28,三国,4,2-3-4,1372.0
20260328_三国_4,2026-03-28,三国,4,3-2-4,743.6
20260328_三国_4,2026-03-28,三国,4,4-2-3,2191.0
20260328_三国_4,2026-03-28,三国,4,5-2-3,654.1
20260328_三国_4,2026-03-28,三国,4,6-2-3,1018.0
20260328_三国_4,2026-03-28,三国,4,1-3-5,8.0
20260328_三国_4,2026-03-28,三国,4,2-3-5,882.1
20260328_三国_4,2026-03-28,三国,4,3-2-5,398.3
20260328_三国_4,2026-03-28,三国,4,4-2-5,2037.0
20260328_三国_4,2026-03-28,三国,4,5-2-4,1410.0
20260328_三国_4,2026-03-28,三国,4,6-2-4,1543.0
20260328_三国_4,2026-03-28,三国,4,1-3-6,8.6
20260328_三国_4,2026-03-28,三国,4,2-3-6,945.5
20260328_三国_4,2026-03-28,三国,4,3-2-6,434.4
20260328_三国_4,2026-03-28,三国,4,4-2-6,1819.0
20260328_三国_4,2026-03-28,三国,4,5-2-6,500.0
20260328_三国_4,2026-03-28,三国,4,6-2-5,919.9
20260328_三国_4,2026-03-28,三国,4,1-4-2,138.3
20260328_三国_4,2026-03-28,三国,4,2-4-1,1031.0
20260328_三国_4,2026-03-28,三国,4,3-4-1,367.8
20260328_三国_4,2026-03-28,三国,4,4-3-1,897.6
20260328_三国_4,2026-03-28,三国,4,5-3-1,78.3
20260328_三国_4,2026-03-28,三国,4,6-3-1,149.7
20260328_三国_4,2026-03-28,三国,4,1-4-3,93.4
20260328_三国_4,2026-03-28,三国,4,2-4-3,1869.0
20260328_三国_4,2026-03-28,三国,4,3-4-2,682.6
20260328_三国_4,2026-03-28,三国,4,4-3-2,2167.0
20260328_三国_4,2026-03-28,三国,4,5-3-2,356.5
20260328_三国_4,2026-03-28,三国,4,6-3-2,646.8
20260328_三国_4,2026-03-28,三国,4,1-4-5,75.2
20260328_三国_4,2026-03-28,三国,4,2-4-5,2191.0
20260328_三国_4,2026-03-28,三国,4,3-4-5,352.8
20260328_三国_4,2026-03-28,三国,4,4-3-5,1174.0
20260328_三国_4,2026-03-28,三国,4,5-3-4,468.9
20260328_三国_4,2026-03-28,三国,4,6-3-4,713.7
20260328_三国_4,2026-03-28,三国,4,1-4-6,49.7
20260328_三国_4,2026-03-28,三国,4,2-4-6,1869.0
20260328_三国_4,2026-03-28,三国,4,3-4-6,363.2
20260328_三国_4,2026-03-28,三国,4,4-3-6,979.6
20260328_三国_4,2026-03-28,三国,4,5-3-6,70.0
20260328_三国_4,2026-03-28,三国,4,6-3-5,139.1
20260328_三国_4,2026-03-28,三国,4,1-5-2,43.3
20260328_三国_4,2026-03-28,三国,4,2-5-1,478.8
20260328_三国_4,2026-03-28,三国,4,3-5-1,49.0
20260328_三国_4,2026-03-28,三国,4,4-5-1,758.9
20260328_三国_4,2026-03-28,三国,4,5-4-1,552.2
20260328_三国_4,2026-03-28,三国,4,6-4-1,581.3
20260328_三国_4,2026-03-28,三国,4,1-5-3,12.1
20260328_三国_4,2026-03-28,三国,4,2-5-3,1036.0
20260328_三国_4,2026-03-28,三国,4,3-5-2,217.7
20260328_三国_4,2026-03-28,三国,4,4-5-2,1734.0
20260328_三国_4,2026-03-28,三国,4,5-4-2,1567.0
20260328_三国_4,2026-03-28,三国,4,6-4-2,1719.0
20260328_三国_4,2026-03-28,三国,4,1-5-4,55.3
20260328_三国_4,2026-03-28,三国,4,2-5-4,2027.0
20260328_三国_4,2026-03-28,三国,4,3-5-4,246.6
20260328_三国_4,2026-03-28,三国,4,4-5-3,1223.0
20260328_三国_4,2026-03-28,三国,4,5-4-3,891.7
20260328_三国_4,2026-03-28,三国,4,6-4-3,1144.0
20260328_三国_4,2026-03-28,三国,4,1-5-6,9.8
20260328_三国_4,2026-03-28,三国,4,2-5-6,842.0
20260328_三国_4,2026-03-28,三国,4,3-5-6,40.7
20260328_三国_4,2026-03-28,三国,4,4-5-6,562.8
20260328_三国_4,2026-03-28,三国,4,5-4-6,506.2
20260328_三国_4,2026-03-28,三国,4,6-4-5,732.9
20260328_三国_4,2026-03-28,三国,4,1-6-2,37.3
20260328_三国_4,2026-03-28,三国,4,2-6-1,694.2
20260328_三国_4,2026-03-28,三国,4,3-6-1,68.1
20260328_三国_4,2026-03-28,三国,4,4-6-1,548.5
20260328_三国_4,2026-03-28,三国,4,5-6-1,38.7
20260328_三国_4,2026-03-28,三国,4,6-5-1,72.1
20260328_三国_4,2026-03-28,三国,4,1-6-3,14.3
20260328_三国_4,2026-03-28,三国,4,2-6-3,1132.0
20260328_三国_4,2026-03-28,三国,4,3-6-2,302.1
20260328_三国_4,2026-03-28,三国,4,4-6-2,1573.0
20260328_三国_4,2026-03-28,三国,4,5-6-2,217.8
20260328_三国_4,2026-03-28,三国,4,6-5-2,409.1
20260328_三国_4,2026-03-28,三国,4,1-6-4,39.6
20260328_三国_4,2026-03-28,三国,4,2-6-4,1844.0
20260328_三国_4,2026-03-28,三国,4,3-6-4,297.4
20260328_三国_4,2026-03-28,三国,4,4-6-3,1066.0
20260328_三国_4,2026-03-28,三国,4,5-6-3,60.2
20260328_三国_4,2026-03-28,三国,4,6-5-3,111.8
20260328_三国_4,2026-03-28,三国,4,1-6-5,12.3
20260328_三国_4,2026-03-28,三国,4,2-6-5,936.8
20260328_三国_4,2026-03-28,三国,4,3-6-5,59.8
20260328_三国_4,2026-03-28,三国,4,4-6-5,637.7
20260328_三国_4,2026-03-28,三国,4,5-6-4,260.2
20260328_三国_4,2026-03-28,三国,4,6-5-4,401.9
20260328_三国_5,2026-03-28,三国,5,1-2-3,13.2
20260328_三国_5,2026-03-28,三国,5,2-1-3,30.1
20260328_三国_5,2026-03-28,三国,5,3-1-2,49.6
20260328_三国_5,2026-03-28,三国,5,4-1-2,124.4
20260328_三国_5,2026-03-28,三国,5,5-1-2,593.2
20260328_三国_5,2026-03-28,三国,5,6-1-2,114.8
20260328_三国_5,2026-03-28,三国,5,1-2-4,15.4
20260328_三国_5,2026-03-28,三国,5,2-1-4,38.9
20260328_三国_5,2026-03-28,三国,5,3-1-4,48.1
20260328_三国_5,2026-03-28,三国,5,4-1-3,136.5
20260328_三国_5,2026-03-28,三国,5,5-1-3,949.1
20260328_三国_5,2026-03-28,三国,5,6-1-3,111.4
20260328_三国_5,2026-03-28,三国,5,1-2-5,62.4
20260328_三国_5,2026-03-28,三国,5,2-1-5,138.9
20260328_三国_5,2026-03-28,三国,5,3-1-5,172.9
20260328_三国_5,2026-03-28,三国,5,4-1-5,277.6
20260328_三国_5,2026-03-28,三国,5,5-1-4,1286.0
20260328_三国_5,2026-03-28,三国,5,6-1-4,139.5
20260328_三国_5,2026-03-28,三国,5,1-2-6,14.4
20260328_三国_5,2026-03-28,三国,5,2-1-6,32.2
20260328_三国_5,2026-03-28,三国,5,3-1-6,37.9
20260328_三国_5,2026-03-28,三国,5,4-1-6,90.7
20260328_三国_5,2026-03-28,三国,5,5-1-6,895.6
20260328_三国_5,2026-03-28,三国,5,6-1-5,441.3
20260328_三国_5,2026-03-28,三国,5,1-3-2,14.2
20260328_三国_5,2026-03-28,三国,5,2-3-1,55.4
20260328_三国_5,2026-03-28,三国,5,3-2-1,77.0
20260328_三国_5,2026-03-28,三国,5,4-2-1,203.0
20260328_三国_5,2026-03-28,三国,5,5-2-1,1145.0
20260328_三国_5,2026-03-28,三国,5,6-2-1,193.1
20260328_三国_5,2026-03-28,三国,5,1-3-4,15.3
20260328_三国_5,2026-03-28,三国,5,2-3-4,71.7
20260328_三国_5,2026-03-28,三国,5,3-2-4,109.6
20260328_三国_5,2026-03-28,三国,5,4-2-3,251.6
20260328_三国_5,2026-03-28,三国,5,5-2-3,1660.0
20260328_三国_5,2026-03-28,三国,5,6-2-3,266.9
20260328_三国_5,2026-03-28,三国,5,1-3-5,56.7
20260328_三国_5,2026-03-28,三国,5,2-3-5,241.9
20260328_三国_5,2026-03-28,三国,5,3-2-5,303.2
20260328_三国_5,2026-03-28,三国,5,4-2-5,538.1
20260328_三国_5,2026-03-28,三国,5,5-2-4,1975.0
20260328_三国_5,2026-03-28,三国,5,6-2-4,264.9
20260328_三国_5,2026-03-28,三国,5,1-3-6,12.7
20260328_三国_5,2026-03-28,三国,5,2-3-6,52.2
20260328_三国_5,2026-03-28,三国,5,3-2-6,73.3
20260328_三国_5,2026-03-28,三国,5,4-2-6,168.9
20260328_三国_5,2026-03-28,三国,5,5-2-6,1854.0
20260328_三国_5,2026-03-28,三国,5,6-2-5,774.1
20260328_三国_5,2026-03-28,三国,5,1-4-2,22.4
20260328_三国_5,2026-03-28,三国,5,2-4-1,83.9
20260328_三国_5,2026-03-28,三国,5,3-4-1,89.1
20260328_三国_5,2026-03-28,三国,5,4-3-1,219.8
20260328_三国_5,2026-03-28,三国,5,5-3-1,1209.0
20260328_三国_5,2026-03-28,三国,5,6-3-1,187.4
20260328_三国_5,2026-03-28,三国,5,1-4-3,28.4
20260328_三国_5,2026-03-28,三国,5,2-4-3,107.3
20260328_三国_5,2026-03-28,三国,5,3-4-2,126.0
20260328_三国_5,2026-03-28,三国,5,4-3-2,262.3
20260328_三国_5,2026-03-28,三国,5,5-3-2,1053.0
20260328_三国_5,2026-03-28,三国,5,6-3-2,285.2
20260328_三国_5,2026-03-28,三国,5,1-4-5,102.5
20260328_三国_5,2026-03-28,三国,5,2-4-5,331.5
20260328_三国_5,2026-03-28,三国,5,3-4-5,320.2
20260328_三国_5,2026-03-28,三国,5,4-3-5,473.3
20260328_三国_5,2026-03-28,三国,5,5-3-4,2136.0
20260328_三国_5,2026-03-28,三国,5,6-3-4,211.1
20260328_三国_5,2026-03-28,三国,5,1-4-6,20.2
20260328_三国_5,2026-03-28,三国,5,2-4-6,72.5
20260328_三国_5,2026-03-28,三国,5,3-4-6,66.6
20260328_三国_5,2026-03-28,三国,5,4-3-6,155.0
20260328_三国_5,2026-03-28,三国,5,5-3-6,1609.0
20260328_三国_5,2026-03-28,三国,5,6-3-5,560.4
20260328_三国_5,2026-03-28,三国,5,1-5-2,94.3
20260328_三国_5,2026-03-28,三国,5,2-5-1,475.8
20260328_三国_5,2026-03-28,三国,5,3-5-1,402.4
20260328_三国_5,2026-03-28,三国,5,4-5-1,577.2
20260328_三国_5,2026-03-28,三国,5,5-4-1,1791.0
20260328_三国_5,2026-03-28,三国,5,6-4-1,199.1
20260328_三国_5,2026-03-28,三国,5,1-5-3,200.9
20260328_三国_5,2026-03-28,三国,5,2-5-3,577.2
20260328_三国_5,2026-03-28,三国,5,3-5-2,448.9
20260328_三国_5,2026-03-28,三国,5,4-5-2,664.3
20260328_三国_5,2026-03-28,三国,5,5-4-2,1964.0
20260328_三国_5,2026-03-28,三国,5,6-4-2,212.2
20260328_三国_5,2026-03-28,三国,5,1-5-4,282.1
20260328_三国_5,2026-03-28,三国,5,2-5-4,675.4
20260328_三国_5,2026-03-28,三国,5,3-5-4,603.9
20260328_三国_5,2026-03-28,三国,5,4-5-3,698.6
20260328_三国_5,2026-03-28,三国,5,5-4-3,1996.0
20260328_三国_5,2026-03-28,三国,5,6-4-3,207.9
20260328_三国_5,2026-03-28,三国,5,1-5-6,172.6
20260328_三国_5,2026-03-28,三国,5,2-5-6,480.1
20260328_三国_5,2026-03-28,三国,5,3-5-6,377.4
20260328_三国_5,2026-03-28,三国,5,4-5-6,363.5
20260328_三国_5,2026-03-28,三国,5,5-4-6,1084.0
20260328_三国_5,2026-03-28,三国,5,6-4-5,580.9
20260328_三国_5,2026-03-28,三国,5,1-6-2,28.7
20260328_三国_5,2026-03-28,三国,5,2-6-1,98.6
20260328_三国_5,2026-03-28,三国,5,3-6-1,84.1
20260328_三国_5,2026-03-28,三国,5,4-6-1,125.7
20260328_三国_5,2026-03-28,三国,5,5-6-1,1427.0
20260328_三国_5,2026-03-28,三国,5,6-5-1,974.4
20260328_三国_5,2026-03-28,三国,5,1-6-3,29.9
20260328_三国_5,2026-03-28,三国,5,2-6-3,110.7
20260328_三国_5,2026-03-28,三国,5,3-6-2,108.4
20260328_三国_5,2026-03-28,三国,5,4-6-2,136.2
20260328_三国_5,2026-03-28,三国,5,5-6-2,1723.0
20260328_三国_5,2026-03-28,三国,5,6-5-2,1131.0
20260328_三国_5,2026-03-28,三国,5,1-6-4,38.0
20260328_三国_5,2026-03-28,三国,5,2-6-4,113.9
20260328_三国_5,2026-03-28,三国,5,3-6-4,91.9
20260328_三国_5,2026-03-28,三国,5,4-6-3,148.3
20260328_三国_5,2026-03-28,三国,5,5-6-3,1548.0
20260328_三国_5,2026-03-28,三国,5,6-5-3,779.1
20260328_三国_5,2026-03-28,三国,5,1-6-5,132.0
20260328_三国_5,2026-03-28,三国,5,2-6-5,385.0
20260328_三国_5,2026-03-28,三国,5,3-6-5,277.0
20260328_三国_5,2026-03-28,三国,5,4-6-5,267.3
20260328_三国_5,2026-03-28,三国,5,5-6-4,1226.0
20260328_三国_5,2026-03-28,三国,5,6-5-4,932.1
20260328_三国_6,2026-03-28,三国,6,1-2-3,27.9
20260328_三国_6,2026-03-28,三国,6,2-1-3,61.9
20260328_三国_6,2026-03-28,三国,6,3-1-2,175.5
20260328_三国_6,2026-03-28,三国,6,4-1-2,188.5
20260328_三国_6,2026-03-28,三国,6,5-1-2,100.9
20260328_三国_6,2026-03-28,三国,6,6-1-2,52.6
20260328_三国_6,2026-03-28,三国,6,1-2-4,24.7
20260328_三国_6,2026-03-28,三国,6,2-1-4,45.8
20260328_三国_6,2026-03-28,三国,6,3-1-4,377.4
20260328_三国_6,2026-03-28,三国,6,4-1-3,563.3
20260328_三国_6,2026-03-28,三国,6,5-1-3,258.0
20260328_三国_6,2026-03-28,三国,6,6-1-3,136.5
20260328_三国_6,2026-03-28,三国,6,1-2-5,10.6
20260328_三国_6,2026-03-28,三国,6,2-1-5,22.2
20260328_三国_6,2026-03-28,三国,6,3-1-5,198.1
20260328_三国_6,2026-03-28,三国,6,4-1-5,181.3
20260328_三国_6,2026-03-28,三国,6,5-1-4,238.1
20260328_三国_6,2026-03-28,三国,6,6-1-4,142.9
20260328_三国_6,2026-03-28,三国,6,1-2-6,12.7
20260328_三国_6,2026-03-28,三国,6,2-1-6,23.7
20260328_三国_6,2026-03-28,三国,6,3-1-6,200.6
20260328_三国_6,2026-03-28,三国,6,4-1-6,179.7
20260328_三国_6,2026-03-28,三国,6,5-1-6,82.2
20260328_三国_6,2026-03-28,三国,6,6-1-5,67.2
20260328_三国_6,2026-03-28,三国,6,1-3-2,55.1
20260328_三国_6,2026-03-28,三国,6,2-3-1,156.3
20260328_三国_6,2026-03-28,三国,6,3-2-1,245.9
20260328_三国_6,2026-03-28,三国,6,4-2-1,254.5
20260328_三国_6,2026-03-28,三国,6,5-2-1,146.4
20260328_三国_6,2026-03-28,三国,6,6-2-1,71.6
20260328_三国_6,2026-03-28,三国,6,1-3-4,100.4
20260328_三国_6,2026-03-28,三国,6,2-3-4,243.4
20260328_三国_6,2026-03-28,三国,6,3-2-4,514.4
20260328_三国_6,2026-03-28,三国,6,4-2-3,692.0
20260328_三国_6,2026-03-28,三国,6,5-2-3,330.2
20260328_三国_6,2026-03-28,三国,6,6-2-3,178.2
20260328_三国_6,2026-03-28,三国,6,1-3-5,57.7
20260328_三国_6,2026-03-28,三国,6,2-3-5,120.5
20260328_三国_6,2026-03-28,三国,6,3-2-5,250.3
20260328_三国_6,2026-03-28,三国,6,4-2-5,221.2
20260328_三国_6,2026-03-28,三国,6,5-2-4,376.6
20260328_三国_6,2026-03-28,三国,6,6-2-4,146.2
20260328_三国_6,2026-03-28,三国,6,1-3-6,63.0
20260328_三国_6,2026-03-28,三国,6,2-3-6,130.8
20260328_三国_6,2026-03-28,三国,6,3-2-6,250.4
20260328_三国_6,2026-03-28,三国,6,4-2-6,173.3
20260328_三国_6,2026-03-28,三国,6,5-2-6,94.9
20260328_三国_6,2026-03-28,三国,6,6-2-5,71.9
20260328_三国_6,2026-03-28,三国,6,1-4-2,44.2
20260328_三国_6,2026-03-28,三国,6,2-4-1,112.0
20260328_三国_6,2026-03-28,三国,6,3-4-1,699.4
20260328_三国_6,2026-03-28,三国,6,4-3-1,922.1
20260328_三国_6,2026-03-28,三国,6,5-3-1,455.7
20260328_三国_6,2026-03-28,三国,6,6-3-1,251.6
20260328_三国_6,2026-03-28,三国,6,1-4-3,133.9
20260328_三国_6,2026-03-28,三国,6,2-4-3,233.8
20260328_三国_6,2026-03-28,三国,6,3-4-2,636.8
20260328_三国_6,2026-03-28,三国,6,4-3-2,797.9
20260328_三国_6,2026-03-28,三国,6,5-3-2,463.2
20260328_三国_6,2026-03-28,三国,6,6-3-2,247.7
20260328_三国_6,2026-03-28,三国,6,1-4-5,43.0
20260328_三国_6,2026-03-28,三国,6,2-4-5,98.4
20260328_三国_6,2026-03-28,三国,6,3-4-5,627.6
20260328_三国_6,2026-03-28,三国,6,4-3-5,840.8
20260328_三国_6,2026-03-28,三国,6,5-3-4,1042.0
20260328_三国_6,2026-03-28,三国,6,6-3-4,587.0
20260328_三国_6,2026-03-28,三国,6,1-4-6,51.7
20260328_三国_6,2026-03-28,三国,6,2-4-6,87.0
20260328_三国_6,2026-03-28,三国,6,3-4-6,612.8
20260328_三国_6,2026-03-28,三国,6,4-3-6,846.3
20260328_三国_6,2026-03-28,三国,6,5-3-6,393.3
20260328_三国_6,2026-03-28,三国,6,6-3-5,274.5
20260328_三国_6,2026-03-28,三国,6,1-5-2,22.1
20260328_三国_6,2026-03-28,三国,6,2-5-1,48.5
20260328_三国_6,2026-03-28,三国,6,3-5-1,283.1
20260328_三国_6,2026-03-28,三国,6,4-5-1,184.5
20260328_三国_6,2026-03-28,三国,6,5-4-1,344.4
20260328_三国_6,2026-03-28,三国,6,6-4-1,267.8
20260328_三国_6,2026-03-28,三国,6,1-5-3,70.1
20260328_三国_6,2026-03-28,三国,6,2-5-3,112.7
20260328_三国_6,2026-03-28,三国,6,3-5-2,285.1
20260328_三国_6,2026-03-28,三国,6,4-5-2,180.1
20260328_三国_6,2026-03-28,三国,6,5-4-2,314.0
20260328_三国_6,2026-03-28,三国,6,6-4-2,188.9
20260328_三国_6,2026-03-28,三国,6,1-5-4,60.0
20260328_三国_6,2026-03-28,三国,6,2-5-4,99.6
20260328_三国_6,2026-03-28,三国,6,3-5-4,625.5
20260328_三国_6,2026-03-28,三国,6,4-5-3,529.0
20260328_三国_6,2026-03-28,三国,6,5-4-3,842.6
20260328_三国_6,2026-03-28,三国,6,6-4-3,604.3
20260328_三国_6,2026-03-28,三国,6,1-5-6,23.4
20260328_三国_6,2026-03-28,三国,6,2-5-6,30.4
20260328_三国_6,2026-03-28,三国,6,3-5-6,223.4
20260328_三国_6,2026-03-28,三国,6,4-5-6,109.8
20260328_三国_6,2026-03-28,三国,6,5-4-6,185.4
20260328_三国_6,2026-03-28,三国,6,6-4-5,204.1
20260328_三国_6,2026-03-28,三国,6,1-6-2,24.8
20260328_三国_6,2026-03-28,三国,6,2-6-1,50.7
20260328_三国_6,2026-03-28,三国,6,3-6-1,252.5
20260328_三国_6,2026-03-28,三国,6,4-6-1,183.4
20260328_三国_6,2026-03-28,三国,6,5-6-1,97.5
20260328_三国_6,2026-03-28,三国,6,6-5-1,89.7
20260328_三国_6,2026-03-28,三国,6,1-6-3,74.9
20260328_三国_6,2026-03-28,三国,6,2-6-3,126.5
20260328_三国_6,2026-03-28,三国,6,3-6-2,250.1
20260328_三国_6,2026-03-28,三国,6,4-6-2,135.2
20260328_三国_6,2026-03-28,三国,6,5-6-2,79.9
20260328_三国_6,2026-03-28,三国,6,6-5-2,75.9
20260328_三国_6,2026-03-28,三国,6,1-6-4,68.3
20260328_三国_6,2026-03-28,三国,6,2-6-4,94.2
20260328_三国_6,2026-03-28,三国,6,3-6-4,589.7
20260328_三国_6,2026-03-28,三国,6,4-6-3,580.1
20260328_三国_6,2026-03-28,三国,6,5-6-3,254.5
20260328_三国_6,2026-03-28,三国,6,6-5-3,234.5
20260328_三国_6,2026-03-28,三国,6,1-6-5,27.6
20260328_三国_6,2026-03-28,三国,6,2-6-5,40.7
20260328_三国_6,2026-03-28,三国,6,3-6-5,243.9
20260328_三国_6,2026-03-28,三国,6,4-6-5,131.0
20260328_三国_6,2026-03-28,三国,6,5-6-4,159.5
20260328_三国_6,2026-03-28,三国,6,6-5-4,166.0
20260328_三国_7,2026-03-28,三国,7,1-2-3,40.4
20260328_三国_7,2026-03-28,三国,7,2-1-3,188.1
20260328_三国_7,2026-03-28,三国,7,3-1-2,178.5
20260328_三国_7,2026-03-28,三国,7,4-1-2,87.4
20260328_三国_7,2026-03-28,三国,7,5-1-2,48.1
20260328_三国_7,2026-03-28,三国,7,6-1-2,2092.0
20260328_三国_7,2026-03-28,三国,7,1-2-4,53.3
20260328_三国_7,2026-03-28,三国,7,2-1-4,248.2
20260328_三国_7,2026-03-28,三国,7,3-1-4,86.3
20260328_三国_7,2026-03-28,三国,7,4-1-3,68.2
20260328_三国_7,2026-03-28,三国,7,5-1-3,24.2
20260328_三国_7,2026-03-28,三国,7,6-1-3,1989.0
20260328_三国_7,2026-03-28,三国,7,1-2-5,28.5
20260328_三国_7,2026-03-28,三国,7,2-1-5,166.8
20260328_三国_7,2026-03-28,三国,7,3-1-5,51.7
20260328_三国_7,2026-03-28,三国,7,4-1-5,24.8
20260328_三国_7,2026-03-28,三国,7,5-1-4,22.5
20260328_三国_7,2026-03-28,三国,7,6-1-4,1897.0
20260328_三国_7,2026-03-28,三国,7,1-2-6,326.0
20260328_三国_7,2026-03-28,三国,7,2-1-6,961.0
20260328_三国_7,2026-03-28,三国,7,3-1-6,455.9
20260328_三国_7,2026-03-28,三国,7,4-1-6,178.3
20260328_三国_7,2026-03-28,三国,7,5-1-6,88.2
20260328_三国_7,2026-03-28,三国,7,6-1-5,1073.0
20260328_三国_7,2026-03-28,三国,7,1-3-2,35.2
20260328_三国_7,2026-03-28,三国,7,2-3-1,324.3
20260328_三国_7,2026-03-28,三国,7,3-2-1,327.7
20260328_三国_7,2026-03-28,三国,7,4-2-1,219.9
20260328_三国_7,2026-03-28,三国,7,5-2-1,124.6
20260328_三国_7,2026-03-28,三国,7,6-2-1,3895.0
20260328_三国_7,2026-03-28,三国,7,1-3-4,17.2
20260328_三国_7,2026-03-28,三国,7,2-3-4,529.8
20260328_三国_7,2026-03-28,三国,7,3-2-4,478.6
20260328_三国_7,2026-03-28,三国,7,4-2-3,346.7
20260328_三国_7,2026-03-28,三国,7,5-2-3,229.9
20260328_三国_7,2026-03-28,三国,7,6-2-3,3895.0
20260328_三国_7,2026-03-28,三国,7,1-3-5,10.6
20260328_三国_7,2026-03-28,三国,7,2-3-5,412.3
20260328_三国_7,2026-03-28,三国,7,3-2-5,415.6
20260328_三国_7,2026-03-28,三国,7,4-2-5,165.5
20260328_三国_7,2026-03-28,三国,7,5-2-4,219.6
20260328_三国_7,2026-03-28,三国,7,6-2-4,1719.0
20260328_三国_7,2026-03-28,三国,7,1-3-6,178.4
20260328_三国_7,2026-03-28,三国,7,2-3-6,2045.0
20260328_三国_7,2026-03-28,三国,7,3-2-6,1571.0
20260328_三国_7,2026-03-28,三国,7,4-2-6,572.1
20260328_三国_7,2026-03-28,三国,7,5-2-6,577.5
20260328_三国_7,2026-03-28,三国,7,6-2-5,3390.0
20260328_三国_7,2026-03-28,三国,7,1-4-2,40.6
20260328_三国_7,2026-03-28,三国,7,2-4-1,405.4
20260328_三国_7,2026-03-28,三国,7,3-4-1,141.9
20260328_三国_7,2026-03-28,三国,7,4-3-1,134.0
20260328_三国_7,2026-03-28,三国,7,5-3-1,60.7
20260328_三国_7,2026-03-28,三国,7,6-3-1,2905.0
20260328_三国_7,2026-03-28,三国,7,1-4-3,21.7
20260328_三国_7,2026-03-28,三国,7,2-4-3,570.3
20260328_三国_7,2026-03-28,三国,7,3-4-2,354.4
20260328_三国_7,2026-03-28,三国,7,4-3-2,302.6
20260328_三国_7,2026-03-28,三国,7,5-3-2,217.5
20260328_三国_7,2026-03-28,三国,7,6-3-2,3625.0
20260328_三国_7,2026-03-28,三国,7,1-4-5,11.4
20260328_三国_7,2026-03-28,三国,7,2-4-5,405.4
20260328_三国_7,2026-03-28,三国,7,3-4-5,105.2
20260328_三国_7,2026-03-28,三国,7,4-3-5,94.5
20260328_三国_7,2026-03-28,三国,7,5-3-4,83.2
20260328_三国_7,2026-03-28,三国,7,6-3-4,3026.0
20260328_三国_7,2026-03-28,三国,7,1-4-6,148.9
20260328_三国_7,2026-03-28,三国,7,2-4-6,1086.0
20260328_三国_7,2026-03-28,三国,7,3-4-6,804.7
20260328_三国_7,2026-03-28,三国,7,4-3-6,610.2
20260328_三国_7,2026-03-28,三国,7,5-3-6,355.1
20260328_三国_7,2026-03-28,三国,7,6-3-5,2692.0
20260328_三国_7,2026-03-28,三国,7,1-5-2,20.0
20260328_三国_7,2026-03-28,三国,7,2-5-1,278.4
20260328_三国_7,2026-03-28,三国,7,3-5-1,67.8
20260328_三国_7,2026-03-28,三国,7,4-5-1,20.8
20260328_三国_7,2026-03-28,三国,7,5-4-1,27.9
20260328_三国_7,2026-03-28,三国,7,6-4-1,2672.0
20260328_三国_7,2026-03-28,三国,7,1-5-3,9.8
20260328_三国_7,2026-03-28,三国,7,2-5-3,376.3
20260328_三国_7,2026-03-28,三国,7,3-5-2,263.4
20260328_三国_7,2026-03-28,三国,7,4-5-2,61.7
20260328_三国_7,2026-03-28,三国,7,5-4-2,93.8
20260328_三国_7,2026-03-28,三国,7,6-4-2,1620.0
20260328_三国_7,2026-03-28,三国,7,1-5-4,10.2
20260328_三国_7,2026-03-28,三国,7,2-5-4,379.0
20260328_三国_7,2026-03-28,三国,7,3-5-4,90.1
20260328_三国_7,2026-03-28,三国,7,4-5-3,46.5
20260328_三国_7,2026-03-28,三国,7,5-4-3,55.9
20260328_三国_7,2026-03-28,三国,7,6-4-3,3698.0
20260328_三国_7,2026-03-28,三国,7,1-5-6,62.7
20260328_三国_7,2026-03-28,三国,7,2-5-6,1312.0
20260328_三国_7,2026-03-28,三国,7,3-5-6,482.4
20260328_三国_7,2026-03-28,三国,7,4-5-6,79.0
20260328_三国_7,2026-03-28,三国,7,5-4-6,107.9
20260328_三国_7,2026-03-28,三国,7,6-4-5,1137.0
20260328_三国_7,2026-03-28,三国,7,1-6-2,540.8
20260328_三国_7,2026-03-28,三国,7,2-6-1,2408.0
20260328_三国_7,2026-03-28,三国,7,3-6-1,1598.0
20260328_三国_7,2026-03-28,三国,7,4-6-1,586.7
20260328_三国_7,2026-03-28,三国,7,5-6-1,278.4
20260328_三国_7,2026-03-28,三国,7,6-5-1,1034.0
20260328_三国_7,2026-03-28,三国,7,1-6-3,548.1
20260328_三国_7,2026-03-28,三国,7,2-6-3,2838.0
20260328_三国_7,2026-03-28,三国,7,3-6-2,2045.0
20260328_三国_7,2026-03-28,三国,7,4-6-2,736.7
20260328_三国_7,2026-03-28,三国,7,5-6-2,554.7
20260328_三国_7,2026-03-28,三国,7,6-5-2,2302.0
20260328_三国_7,2026-03-28,三国,7,1-6-4,518.6
20260328_三国_7,2026-03-28,三国,7,2-6-4,1605.0
20260328_三国_7,2026-03-28,三国,7,3-6-4,1887.0
20260328_三国_7,2026-03-28,三国,7,4-6-3,1028.0
20260328_三国_7,2026-03-28,三国,7,5-6-3,490.8
20260328_三国_7,2026-03-28,三国,7,6-5-3,1927.0
20260328_三国_7,2026-03-28,三国,7,1-6-5,270.2
20260328_三国_7,2026-03-28,三国,7,2-6-5,2525.0
20260328_三国_7,2026-03-28,三国,7,3-6-5,1253.0
20260328_三国_7,2026-03-28,三国,7,4-6-5,384.6
20260328_三国_7,2026-03-28,三国,7,5-6-4,315.6
20260328_三国_7,2026-03-28,三国,7,6-5-4,992.2
20260328_三国_8,2026-03-28,三国,8,1-2-3,13.2
20260328_三国_8,2026-03-28,三国,8,2-1-3,29.6
20260328_三国_8,2026-03-28,三国,8,3-1-2,38.3
20260328_三国_8,2026-03-28,三国,8,4-1-2,96.0
20260328_三国_8,2026-03-28,三国,8,5-1-2,486.9
20260328_三国_8,2026-03-28,三国,8,6-1-2,186.4
20260328_三国_8,2026-03-28,三国,8,1-2-4,16.4
20260328_三国_8,2026-03-28,三国,8,2-1-4,32.9
20260328_三国_8,2026-03-28,三国,8,3-1-4,25.4
20260328_三国_8,2026-03-28,三国,8,4-1-3,70.2
20260328_三国_8,2026-03-28,三国,8,5-1-3,415.3
20260328_三国_8,2026-03-28,三国,8,6-1-3,188.4
20260328_三国_8,2026-03-28,三国,8,1-2-5,36.3
20260328_三国_8,2026-03-28,三国,8,2-1-5,77.0
20260328_三国_8,2026-03-28,三国,8,3-1-5,73.5
20260328_三国_8,2026-03-28,三国,8,4-1-5,176.5
20260328_三国_8,2026-03-28,三国,8,5-1-4,660.5
20260328_三国_8,2026-03-28,三国,8,6-1-4,213.8
20260328_三国_8,2026-03-28,三国,8,1-2-6,18.1
20260328_三国_8,2026-03-28,三国,8,2-1-6,33.5
20260328_三国_8,2026-03-28,三国,8,3-1-6,36.8
20260328_三国_8,2026-03-28,三国,8,4-1-6,78.5
20260328_三国_8,2026-03-28,三国,8,5-1-6,483.4
20260328_三国_8,2026-03-28,三国,8,6-1-5,414.0
20260328_三国_8,2026-03-28,三国,8,1-3-2,14.0
20260328_三国_8,2026-03-28,三国,8,2-3-1,69.4
20260328_三国_8,2026-03-28,三国,8,3-2-1,74.6
20260328_三国_8,2026-03-28,三国,8,4-2-1,168.2
20260328_三国_8,2026-03-28,三国,8,5-2-1,725.5
20260328_三国_8,2026-03-28,三国,8,6-2-1,268.2
20260328_三国_8,2026-03-28,三国,8,1-3-4,11.0
20260328_三国_8,2026-03-28,三国,8,2-3-4,124.1
20260328_三国_8,2026-03-28,三国,8,3-2-4,117.6
20260328_三国_8,2026-03-28,三国,8,4-2-3,229.5
20260328_三国_8,2026-03-28,三国,8,5-2-3,993.3
20260328_三国_8,2026-03-28,三国,8,6-2-3,533.9
20260328_三国_8,2026-03-28,三国,8,1-3-5,38.0
20260328_三国_8,2026-03-28,三国,8,2-3-5,304.2
20260328_三国_8,2026-03-28,三国,8,3-2-5,250.8
20260328_三国_8,2026-03-28,三国,8,4-2-5,488.1
20260328_三国_8,2026-03-28,三国,8,5-2-4,1392.0
20260328_三国_8,2026-03-28,三国,8,6-2-4,441.5
20260328_三国_8,2026-03-28,三国,8,1-3-6,17.4
20260328_三国_8,2026-03-28,三国,8,2-3-6,152.8
20260328_三国_8,2026-03-28,三国,8,3-2-6,126.9
20260328_三国_8,2026-03-28,三国,8,4-2-6,217.4
20260328_三国_8,2026-03-28,三国,8,5-2-6,1244.0
20260328_三国_8,2026-03-28,三国,8,6-2-5,939.4
20260328_三国_8,2026-03-28,三国,8,1-4-2,25.4
20260328_三国_8,2026-03-28,三国,8,2-4-1,113.6
20260328_三国_8,2026-03-28,三国,8,3-4-1,49.0
20260328_三国_8,2026-03-28,三国,8,4-3-1,97.9
20260328_三国_8,2026-03-28,三国,8,5-3-1,539.0
20260328_三国_8,2026-03-28,三国,8,6-3-1,270.5
20260328_三国_8,2026-03-28,三国,8,1-4-3,19.2
20260328_三国_8,2026-03-28,三国,8,2-4-3,179.8
20260328_三国_8,2026-03-28,三国,8,3-4-2,102.0
20260328_三国_8,2026-03-28,三国,8,4-3-2,199.3
20260328_三国_8,2026-03-28,三国,8,5-3-2,1065.0
20260328_三国_8,2026-03-28,三国,8,6-3-2,573.1
20260328_三国_8,2026-03-28,三国,8,1-4-5,59.7
20260328_三国_8,2026-03-28,三国,8,2-4-5,417.0
20260328_三国_8,2026-03-28,三国,8,3-4-5,138.3
20260328_三国_8,2026-03-28,三国,8,4-3-5,314.3
20260328_三国_8,2026-03-28,三国,8,5-3-4,1091.0
20260328_三国_8,2026-03-28,三国,8,6-3-4,386.7
20260328_三国_8,2026-03-28,三国,8,1-4-6,25.0
20260328_三国_8,2026-03-28,三国,8,2-4-6,166.7
20260328_三国_8,2026-03-28,三国,8,3-4-6,63.5
20260328_三国_8,2026-03-28,三国,8,4-3-6,136.6
20260328_三国_8,2026-03-28,三国,8,5-3-6,879.2
20260328_三国_8,2026-03-28,三国,8,6-3-5,903.2
20260328_三国_8,2026-03-28,三国,8,1-5-2,109.7
20260328_三国_8,2026-03-28,三国,8,2-5-1,329.4
20260328_三国_8,2026-03-28,三国,8,3-5-1,210.4
20260328_三国_8,2026-03-28,三国,8,4-5-1,296.3
20260328_三国_8,2026-03-28,三国,8,5-4-1,907.3
20260328_三国_8,2026-03-28,三国,8,6-4-1,310.9
20260328_三国_8,2026-03-28,三国,8,1-5-3,104.1
20260328_三国_8,2026-03-28,三国,8,2-5-3,568.2
20260328_三国_8,2026-03-28,三国,8,3-5-2,356.2
20260328_三国_8,2026-03-28,三国,8,4-5-2,489.9
20260328_三国_8,2026-03-28,三国,8,5-4-2,1327.0
20260328_三国_8,2026-03-28,三国,8,6-4-2,449.5
20260328_三国_8,2026-03-28,三国,8,1-5-4,137.4
20260328_三国_8,2026-03-28,三国,8,2-5-4,741.7
20260328_三国_8,2026-03-28,三国,8,3-5-4,312.1
20260328_三国_8,2026-03-28,三国,8,4-5-3,430.6
20260328_三国_8,2026-03-28,三国,8,5-4-3,1048.0
20260328_三国_8,2026-03-28,三国,8,6-4-3,442.5
20260328_三国_8,2026-03-28,三国,8,1-5-6,91.4
20260328_三国_8,2026-03-28,三国,8,2-5-6,533.9
20260328_三国_8,2026-03-28,三国,8,3-5-6,253.3
20260328_三国_8,2026-03-28,三国,8,4-5-6,268.9
20260328_三国_8,2026-03-28,三国,8,5-4-6,767.4
20260328_三国_8,2026-03-28,三国,8,6-4-5,758.7
20260328_三国_8,2026-03-28,三国,8,1-6-2,45.2
20260328_三国_8,2026-03-28,三国,8,2-6-1,137.7
20260328_三国_8,2026-03-28,三国,8,3-6-1,93.4
20260328_三国_8,2026-03-28,三国,8,4-6-1,140.2
20260328_三国_8,2026-03-28,三国,8,5-6-1,750.1
20260328_三国_8,2026-03-28,三国,8,6-5-1,656.2
20260328_三国_8,2026-03-28,三国,8,1-6-3,48.8
20260328_三国_8,2026-03-28,三国,8,2-6-3,307.5
20260328_三国_8,2026-03-28,三国,8,3-6-2,192.4
20260328_三国_8,2026-03-28,三国,8,4-6-2,214.0
20260328_三国_8,2026-03-28,三国,8,5-6-2,1122.0
20260328_三国_8,2026-03-28,三国,8,6-5-2,1310.0
20260328_三国_8,2026-03-28,三国,8,1-6-4,55.9
20260328_三国_8,2026-03-28,三国,8,2-6-4,287.1
20260328_三国_8,2026-03-28,三国,8,3-6-4,115.7
20260328_三国_8,2026-03-28,三国,8,4-6-3,192.0
20260328_三国_8,2026-03-28,三国,8,5-6-3,1010.0
20260328_三国_8,2026-03-28,三国,8,6-5-3,1088.0
20260328_三国_8,2026-03-28,三国,8,1-6-5,96.3
20260328_三国_8,2026-03-28,三国,8,2-6-5,553.2
20260328_三国_8,2026-03-28,三国,8,3-6-5,255.1
20260328_三国_8,2026-03-28,三国,8,4-6-5,305.6
20260328_三国_8,2026-03-28,三国,8,5-6-4,895.1
20260328_三国_8,2026-03-28,三国,8,6-5-4,875.4
20260328_三国_9,2026-03-28,三国,9,1-2-3,14.4
20260328_三国_9,2026-03-28,三国,9,2-1-3,34.5
20260328_三国_9,2026-03-28,三国,9,3-1-2,45.1
20260328_三国_9,2026-03-28,三国,9,4-1-2,18.6
20260328_三国_9,2026-03-28,三国,9,5-1-2,1306.0
20260328_三国_9,2026-03-28,三国,9,6-1-2,1687.0
20260328_三国_9,2026-03-28,三国,9,1-2-4,11.7
20260328_三国_9,2026-03-28,三国,9,2-1-4,27.4
20260328_三国_9,2026-03-28,三国,9,3-1-4,24.7
20260328_三国_9,2026-03-28,三国,9,4-1-3,16.8
20260328_三国_9,2026-03-28,三国,9,5-1-3,1291.0
20260328_三国_9,2026-03-28,三国,9,6-1-3,1929.0
20260328_三国_9,2026-03-28,三国,9,1-2-5,126.6
20260328_三国_9,2026-03-28,三国,9,2-1-5,244.9
20260328_三国_9,2026-03-28,三国,9,3-1-5,190.5
20260328_三国_9,2026-03-28,三国,9,4-1-5,67.1
20260328_三国_9,2026-03-28,三国,9,5-1-4,845.2
20260328_三国_9,2026-03-28,三国,9,6-1-4,1514.0
20260328_三国_9,2026-03-28,三国,9,1-2-6,180.5
20260328_三国_9,2026-03-28,三国,9,2-1-6,252.4
20260328_三国_9,2026-03-28,三国,9,3-1-6,239.4
20260328_三国_9,2026-03-28,三国,9,4-1-6,76.9
20260328_三国_9,2026-03-28,三国,9,5-1-6,2230.0
20260328_三国_9,2026-03-28,三国,9,6-1-5,3779.0
20260328_三国_9,2026-03-28,三国,9,1-3-2,17.8
20260328_三国_9,2026-03-28,三国,9,2-3-1,63.0
20260328_三国_9,2026-03-28,三国,9,3-2-1,68.8
20260328_三国_9,2026-03-28,三国,9,4-2-1,31.6
20260328_三国_9,2026-03-28,三国,9,5-2-1,1598.0
20260328_三国_9,2026-03-28,三国,9,6-2-1,2297.0
20260328_三国_9,2026-03-28,三国,9,1-3-4,10.9
20260328_三国_9,2026-03-28,三国,9,2-3-4,41.9
20260328_三国_9,2026-03-28,三国,9,3-2-4,41.8
20260328_三国_9,2026-03-28,三国,9,4-2-3,36.4
20260328_三国_9,2026-03-28,三国,9,5-2-3,1465.0
20260328_三国_9,2026-03-28,三国,9,6-2-3,2187.0
20260328_三国_9,2026-03-28,三国,9,1-3-5,111.0
20260328_三国_9,2026-03-28,三国,9,2-3-5,274.3
20260328_三国_9,2026-03-28,三国,9,3-2-5,270.5
20260328_三国_9,2026-03-28,三国,9,4-2-5,120.5
20260328_三国_9,2026-03-28,三国,9,5-2-4,1140.0
20260328_三国_9,2026-03-28,三国,9,6-2-4,1373.0
20260328_三国_9,2026-03-28,三国,9,1-3-6,179.0
20260328_三国_9,2026-03-28,三国,9,2-3-6,338.2
20260328_三国_9,2026-03-28,三国,9,3-2-6,317.9
20260328_三国_9,2026-03-28,三国,9,4-2-6,127.7
20260328_三国_9,2026-03-28,三国,9,5-2-6,2219.0
20260328_三国_9,2026-03-28,三国,9,6-2-5,3687.0
20260328_三国_9,2026-03-28,三国,9,1-4-2,11.5
20260328_三国_9,2026-03-28,三国,9,2-4-1,34.5
20260328_三国_9,2026-03-28,三国,9,3-4-1,27.1
20260328_三国_9,2026-03-28,三国,9,4-3-1,25.9
20260328_三国_9,2026-03-28,三国,9,5-3-1,1582.0
20260328_三国_9,2026-03-28,三国,9,6-3-1,2627.0
20260328_三国_9,2026-03-28,三国,9,1-4-3,10.6
20260328_三国_9,2026-03-28,三国,9,2-4-3,37.0
20260328_三国_9,2026-03-28,三国,9,3-4-2,30.4
20260328_三国_9,2026-03-28,三国,9,4-3-2,34.7
20260328_三国_9,2026-03-28,三国,9,5-3-2,1725.0
20260328_三国_9,2026-03-28,三国,9,6-3-2,2332.0
20260328_三国_9,2026-03-28,三国,9,1-4-5,66.4
20260328_三国_9,2026-03-28,三国,9,2-4-5,159.4
20260328_三国_9,2026-03-28,三国,9,3-4-5,115.1
20260328_三国_9,2026-03-28,三国,9,4-3-5,107.1
20260328_三国_9,2026-03-28,三国,9,5-3-4,1229.0
20260328_三国_9,2026-03-28,三国,9,6-3-4,1662.0
20260328_三国_9,2026-03-28,三国,9,1-4-6,78.8
20260328_三国_9,2026-03-28,三国,9,2-4-6,173.6
20260328_三国_9,2026-03-28,三国,9,3-4-6,133.4
20260328_三国_9,2026-03-28,三国,9,4-3-6,122.8
20260328_三国_9,2026-03-28,三国,9,5-3-6,3197.0
20260328_三国_9,2026-03-28,三国,9,6-3-5,3717.0
20260328_三国_9,2026-03-28,三国,9,1-5-2,313.4
20260328_三国_9,2026-03-28,三国,9,2-5-1,703.4
20260328_三国_9,2026-03-28,三国,9,3-5-1,575.8
20260328_三国_9,2026-03-28,三国,9,4-5-1,129.6
20260328_三国_9,2026-03-28,三国,9,5-4-1,692.8
20260328_三国_9,2026-03-28,三国,9,6-4-1,1385.0
20260328_三国_9,2026-03-28,三国,9,1-5-3,386.5
20260328_三国_9,2026-03-28,三国,9,2-5-3,706.7
20260328_三国_9,2026-03-28,三国,9,3-5-2,579.5
20260328_三国_9,2026-03-28,三国,9,4-5-2,167.0
20260328_三国_9,2026-03-28,三国,9,5-4-2,800.8
20260328_三国_9,2026-03-28,三国,9,6-4-2,1232.0
20260328_三国_9,2026-03-28,三国,9,1-5-4,303.8
20260328_三国_9,2026-03-28,三国,9,2-5-4,517.2
20260328_三国_9,2026-03-28,三国,9,3-5-4,424.1
20260328_三国_9,2026-03-28,三国,9,4-5-3,196.1
20260328_三国_9,2026-03-28,三国,9,5-4-3,972.9
20260328_三国_9,2026-03-28,三国,9,6-4-3,1456.0
20260328_三国_9,2026-03-28,三国,9,1-5-6,657.9
20260328_三国_9,2026-03-28,三国,9,2-5-6,1216.0
20260328_三国_9,2026-03-28,三国,9,3-5-6,1070.0
20260328_三国_9,2026-03-28,三国,9,4-5-6,214.3
20260328_三国_9,2026-03-28,三国,9,5-4-6,1181.0
20260328_三国_9,2026-03-28,三国,9,6-4-5,2069.0
20260328_三国_9,2026-03-28,三国,9,1-6-2,468.9
20260328_三国_9,2026-03-28,三国,9,2-6-1,755.8
20260328_三国_9,2026-03-28,三国,9,3-6-1,818.0
20260328_三国_9,2026-03-28,三国,9,4-6-1,204.1
20260328_三国_9,2026-03-28,三国,9,5-6-1,2721.0
20260328_三国_9,2026-03-28,三国,9,6-5-1,3490.0
20260328_三国_9,2026-03-28,三国,9,1-6-3,570.8
20260328_三国_9,2026-03-28,三国,9,2-6-3,812.1
20260328_三国_9,2026-03-28,三国,9,3-6-2,803.6
20260328_三国_9,2026-03-28,三国,9,4-6-2,232.9
20260328_三国_9,2026-03-28,三国,9,5-6-2,3008.0
20260328_三国_9,2026-03-28,三国,9,6-5-2,3544.0
20260328_三国_9,2026-03-28,三国,9,1-6-4,396.9
20260328_三国_9,2026-03-28,三国,9,2-6-4,471.8
20260328_三国_9,2026-03-28,三国,9,3-6-4,557.6
20260328_三国_9,2026-03-28,三国,9,4-6-3,255.4
20260328_三国_9,2026-03-28,三国,9,5-6-3,3464.0
20260328_三国_9,2026-03-28,三国,9,6-5-3,4273.0
20260328_三国_9,2026-03-28,三国,9,1-6-5,998.3
20260328_三国_9,2026-03-28,三国,9,2-6-5,1504.0
20260328_三国_9,2026-03-28,三国,9,3-6-5,1437.0
20260328_三国_9,2026-03-28,三国,9,4-6-5,329.6
20260328_三国_9,2026-03-28,三国,9,5-6-4,1954.0
20260328_三国_9,2026-03-28,三国,9,6-5-4,2568.0
20260328_三国_10,2026-03-28,三国,10,1-2-3,5.7
20260328_三国_10,2026-03-28,三国,10,2-1-3,28.9
20260328_三国_10,2026-03-28,三国,10,3-1-2,33.2
20260328_三国_10,2026-03-28,三国,10,4-1-2,191.5
20260328_三国_10,2026-03-28,三国,10,5-1-2,226.5
20260328_三国_10,2026-03-28,三国,10,6-1-2,1059.0
20260328_三国_10,2026-03-28,三国,10,1-2-4,11.8
20260328_三国_10,2026-03-28,三国,10,2-1-4,46.4
20260328_三国_10,2026-03-28,三国,10,3-1-4,42.0
20260328_三国_10,2026-03-28,三国,10,4-1-3,178.1
20260328_三国_10,2026-03-28,三国,10,5-1-3,182.7
20260328_三国_10,2026-03-28,三国,10,6-1-3,928.8
20260328_三国_10,2026-03-28,三国,10,1-2-5,17.4
20260328_三国_10,2026-03-28,三国,10,2-1-5,90.2
20260328_三国_10,2026-03-28,三国,10,3-1-5,59.7
20260328_三国_10,2026-03-28,三国,10,4-1-5,319.6
20260328_三国_10,2026-03-28,三国,10,5-1-4,430.2
20260328_三国_10,2026-03-28,三国,10,6-1-4,1869.0
20260328_三国_10,2026-03-28,三国,10,1-2-6,39.6
20260328_三国_10,2026-03-28,三国,10,2-1-6,132.4
20260328_三国_10,2026-03-28,三国,10,3-1-6,112.8
20260328_三国_10,2026-03-28,三国,10,4-1-6,465.4
20260328_三国_10,2026-03-28,三国,10,5-1-6,421.7
20260328_三国_10,2026-03-28,三国,10,6-1-5,1807.0
20260328_三国_10,2026-03-28,三国,10,1-3-2,5.9
20260328_三国_10,2026-03-28,三国,10,2-3-1,66.3
20260328_三国_10,2026-03-28,三国,10,3-2-1,77.1
20260328_三国_10,2026-03-28,三国,10,4-2-1,375.9
20260328_三国_10,2026-03-28,三国,10,5-2-1,437.0
20260328_三国_10,2026-03-28,三国,10,6-2-1,1846.0
20260328_三国_10,2026-03-28,三国,10,1-3-4,8.4
20260328_三国_10,2026-03-28,三国,10,2-3-4,164.2
20260328_三国_10,2026-03-28,三国,10,3-2-4,190.4
20260328_三国_10,2026-03-28,三国,10,4-2-3,563.5
20260328_三国_10,2026-03-28,三国,10,5-2-3,701.4
20260328_三国_10,2026-03-28,三国,10,6-2-3,2212.0
20260328_三国_10,2026-03-28,三国,10,1-3-5,10.4
20260328_三国_10,2026-03-28,三国,10,2-3-5,306.7
20260328_三国_10,2026-03-28,三国,10,3-2-5,296.3
20260328_三国_10,2026-03-28,三国,10,4-2-5,801.4
20260328_三国_10,2026-03-28,三国,10,5-2-4,1094.0
20260328_三国_10,2026-03-28,三国,10,6-2-4,3009.0
20260328_三国_10,2026-03-28,三国,10,1-3-6,30.8
20260328_三国_10,2026-03-28,三国,10,2-3-6,410.5
20260328_三国_10,2026-03-28,三国,10,3-2-6,442.2
20260328_三国_10,2026-03-28,三国,10,4-2-6,1125.0
20260328_三国_10,2026-03-28,三国,10,5-2-6,1419.0
20260328_三国_10,2026-03-28,三国,10,6-2-5,3692.0
20260328_三国_10,2026-03-28,三国,10,1-4-2,23.0
20260328_三国_10,2026-03-28,三国,10,2-4-1,189.2
20260328_三国_10,2026-03-28,三国,10,3-4-1,130.6
20260328_三国_10,2026-03-28,三国,10,4-3-1,289.7
20260328_三国_10,2026-03-28,三国,10,5-3-1,332.9
20260328_三国_10,2026-03-28,三国,10,6-3-1,1516.0
20260328_三国_10,2026-03-28,三国,10,1-4-3,22.6
20260328_三国_10,2026-03-28,三国,10,2-4-3,283.9
20260328_三国_10,2026-03-28,三国,10,3-4-2,219.6
20260328_三国_10,2026-03-28,三国,10,4-3-2,543.2
20260328_三国_10,2026-03-28,三国,10,5-3-2,742.1
20260328_三国_10,2026-03-28,三国,10,6-3-2,2528.0
20260328_三国_10,2026-03-28,三国,10,1-4-5,43.9
20260328_三国_10,2026-03-28,三国,10,2-4-5,556.7
20260328_三国_10,2026-03-28,三国,10,3-4-5,312.1
20260328_三国_10,2026-03-28,三国,10,4-3-5,863.5
20260328_三国_10,2026-03-28,三国,10,5-3-4,1110.0
20260328_三国_10,2026-03-28,三国,10,6-3-4,2866.0
20260328_三国_10,2026-03-28,三国,10,1-4-6,70.9
20260328_三国_10,2026-03-28,三国,10,2-4-6,708.9
20260328_三国_10,2026-03-28,三国,10,3-4-6,447.4
20260328_三国_10,2026-03-28,三国,10,4-3-6,1139.0
20260328_三国_10,2026-03-28,三国,10,5-3-6,1102.0
20260328_三国_10,2026-03-28,三国,10,6-3-5,3519.0
20260328_三国_10,2026-03-28,三国,10,1-5-2,35.2
20260328_三国_10,2026-03-28,三国,10,2-5-1,369.4
20260328_三国_10,2026-03-28,三国,10,3-5-1,195.4
20260328_三国_10,2026-03-28,三国,10,4-5-1,544.1
20260328_三国_10,2026-03-28,三国,10,5-4-1,925.9
20260328_三国_10,2026-03-28,三国,10,6-4-1,2786.0
20260328_三国_10,2026-03-28,三国,10,1-5-3,26.4
20260328_三国_10,2026-03-28,三国,10,2-5-3,603.0
20260328_三国_10,2026-03-28,三国,10,3-5-2,381.4
20260328_三国_10,2026-03-28,三国,10,4-5-2,820.0
20260328_三国_10,2026-03-28,三国,10,5-4-2,1228.0
20260328_三国_10,2026-03-28,三国,10,6-4-2,2950.0
20260328_三国_10,2026-03-28,三国,10,1-5-4,73.6
20260328_三国_10,2026-03-28,三国,10,2-5-4,797.1
20260328_三国_10,2026-03-28,三国,10,3-5-4,453.2
20260328_三国_10,2026-03-28,三国,10,4-5-3,936.0
20260328_三国_10,2026-03-28,三国,10,5-4-3,1439.0
20260328_三国_10,2026-03-28,三国,10,6-4-3,2994.0
20260328_三国_10,2026-03-28,三国,10,1-5-6,88.2
20260328_三国_10,2026-03-28,三国,10,2-5-6,1228.0
20260328_三国_10,2026-03-28,三国,10,3-5-6,616.6
20260328_三国_10,2026-03-28,三国,10,4-5-6,1139.0
20260328_三国_10,2026-03-28,三国,10,5-4-6,1631.0
20260328_三国_10,2026-03-28,三国,10,6-4-5,3400.0
20260328_三国_10,2026-03-28,三国,10,1-6-2,153.1
20260328_三国_10,2026-03-28,三国,10,2-6-1,779.6
20260328_三国_10,2026-03-28,三国,10,3-6-1,565.6
20260328_三国_10,2026-03-28,三国,10,4-6-1,1251.0
20260328_三国_10,2026-03-28,三国,10,5-6-1,1052.0
20260328_三国_10,2026-03-28,三国,10,6-5-1,2572.0
20260328_三国_10,2026-03-28,三国,10,1-6-3,135.1
20260328_三国_10,2026-03-28,三国,10,2-6-3,1090.0
20260328_三国_10,2026-03-28,三国,10,3-6-2,905.0
20260328_三国_10,2026-03-28,三国,10,4-6-2,1759.0
20260328_三国_10,2026-03-28,三国,10,5-6-2,1617.0
20260328_三国_10,2026-03-28,三国,10,6-5-2,3479.0
20260328_三国_10,2026-03-28,三国,10,1-6-4,246.9
20260328_三国_10,2026-03-28,三国,10,2-6-4,1475.0
20260328_三国_10,2026-03-28,三国,10,3-6-4,1016.0
20260328_三国_10,2026-03-28,三国,10,4-6-3,2054.0
20260328_三国_10,2026-03-28,三国,10,5-6-3,1478.0
20260328_三国_10,2026-03-28,三国,10,6-5-3,3625.0
20260328_三国_10,2026-03-28,三国,10,1-6-5,204.5
20260328_三国_10,2026-03-28,三国,10,2-6-5,1880.0
20260328_三国_10,2026-03-28,三国,10,3-6-5,1034.0
20260328_三国_10,2026-03-28,三国,10,4-6-5,1719.0
20260328_三国_10,2026-03-28,三国,10,5-6-4,2149.0
20260328_三国_10,2026-03-28,三国,10,6-5-4,3459.0
20260328_三国_11,2026-03-28,三国,11,1-2-3,6.8
20260328_三国_11,2026-03-28,三国,11,2-1-3,31.9
20260328_三国_11,2026-03-28,三国,11,3-1-2,141.9
20260328_三国_11,2026-03-28,三国,11,4-1-2,99.0
20260328_三国_11,2026-03-28,三国,11,5-1-2,69.3
20260328_三国_11,2026-03-28,三国,11,6-1-2,966.3
20260328_三国_11,2026-03-28,三国,11,1-2-4,8.0
20260328_三国_11,2026-03-28,三国,11,2-1-4,31.3
20260328_三国_11,2026-03-28,三国,11,3-1-4,207.5
20260328_三国_11,2026-03-28,三国,11,4-1-3,231.1
20260328_三国_11,2026-03-28,三国,11,5-1-3,167.5
20260328_三国_11,2026-03-28,三国,11,6-1-3,1900.0
20260328_三国_11,2026-03-28,三国,11,1-2-5,6.2
20260328_三国_11,2026-03-28,三国,11,2-1-5,22.7
20260328_三国_11,2026-03-28,三国,11,3-1-5,163.2
20260328_三国_11,2026-03-28,三国,11,4-1-5,115.8
20260328_三国_11,2026-03-28,三国,11,5-1-4,164.2
20260328_三国_11,2026-03-28,三国,11,6-1-4,2035.0
20260328_三国_11,2026-03-28,三国,11,1-2-6,46.4
20260328_三国_11,2026-03-28,三国,11,2-1-6,85.6
20260328_三国_11,2026-03-28,三国,11,3-1-6,515.1
20260328_三国_11,2026-03-28,三国,11,4-1-6,320.4
20260328_三国_11,2026-03-28,三国,11,5-1-6,198.8
20260328_三国_11,2026-03-28,三国,11,6-1-5,1254.0
20260328_三国_11,2026-03-28,三国,11,1-3-2,14.8
20260328_三国_11,2026-03-28,三国,11,2-3-1,115.9
20260328_三国_11,2026-03-28,三国,11,3-2-1,202.4
20260328_三国_11,2026-03-28,三国,11,4-2-1,169.3
20260328_三国_11,2026-03-28,三国,11,5-2-1,108.7
20260328_三国_11,2026-03-28,三国,11,6-2-1,1425.0
20260328_三国_11,2026-03-28,三国,11,1-3-4,25.5
20260328_三国_11,2026-03-28,三国,11,2-3-4,250.1
20260328_三国_11,2026-03-28,三国,11,3-2-4,426.9
20260328_三国_11,2026-03-28,三国,11,4-2-3,470.1
20260328_三国_11,2026-03-28,三国,11,5-2-3,348.6
20260328_三国_11,2026-03-28,三国,11,6-2-3,2605.0
20260328_三国_11,2026-03-28,三国,11,1-3-5,19.7
20260328_三国_11,2026-03-28,三国,11,2-3-5,185.6
20260328_三国_11,2026-03-28,三国,11,3-2-5,347.1
20260328_三国_11,2026-03-28,三国,11,4-2-5,249.7
20260328_三国_11,2026-03-28,三国,11,5-2-4,392.5
20260328_三国_11,2026-03-28,三国,11,6-2-4,2755.0
20260328_三国_11,2026-03-28,三国,11,1-3-6,85.8
20260328_三国_11,2026-03-28,三国,11,2-3-6,568.5
20260328_三国_11,2026-03-28,三国,11,3-2-6,982.8
20260328_三国_11,2026-03-28,三国,11,4-2-6,594.3
20260328_三国_11,2026-03-28,三国,11,5-2-6,443.6
20260328_三国_11,2026-03-28,三国,11,6-2-5,2360.0
20260328_三国_11,2026-03-28,三国,11,1-4-2,17.2
20260328_三国_11,2026-03-28,三国,11,2-4-1,106.3
20260328_三国_11,2026-03-28,三国,11,3-4-1,381.9
20260328_三国_11,2026-03-28,三国,11,4-3-1,521.1
20260328_三国_11,2026-03-28,三国,11,5-3-1,443.6
20260328_三国_11,2026-03-28,三国,11,6-3-1,2729.0
20260328_三国_11,2026-03-28,三国,11,1-4-3,32.3
20260328_三国_11,2026-03-28,三国,11,2-4-3,251.8
20260328_三国_11,2026-03-28,三国,11,3-4-2,542.2
20260328_三国_11,2026-03-28,三国,11,4-3-2,703.2
20260328_三国_11,2026-03-28,三国,11,5-3-2,588.8
20260328_三国_11,2026-03-28,三国,11,6-3-2,3428.0
20260328_三国_11,2026-03-28,三国,11,1-4-5,21.9
20260328_三国_11,2026-03-28,三国,11,2-4-5,167.5
20260328_三国_11,2026-03-28,三国,11,3-4-5,611.3
20260328_三国_11,2026-03-28,三国,11,4-3-5,841.9
20260328_三国_11,2026-03-28,三国,11,5-3-4,1235.0
20260328_三国_11,2026-03-28,三国,11,6-3-4,3865.0
20260328_三国_11,2026-03-28,三国,11,1-4-6,71.5
20260328_三国_11,2026-03-28,三国,11,2-4-6,446.4
20260328_三国_11,2026-03-28,三国,11,3-4-6,1149.0
20260328_三国_11,2026-03-28,三国,11,4-3-6,1401.0
20260328_三国_11,2026-03-28,三国,11,5-3-6,1364.0
20260328_三国_11,2026-03-28,三国,11,6-3-5,3764.0
20260328_三国_11,2026-03-28,三国,11,1-5-2,13.0
20260328_三国_11,2026-03-28,三国,11,2-5-1,71.6
20260328_三国_11,2026-03-28,三国,11,3-5-1,343.8
20260328_三国_11,2026-03-28,三国,11,4-5-1,188.2
20260328_三国_11,2026-03-28,三国,11,5-4-1,323.5
20260328_三国_11,2026-03-28,三国,11,6-4-1,2768.0
20260328_三国_11,2026-03-28,三国,11,1-5-3,27.2
20260328_三国_11,2026-03-28,三国,11,2-5-3,207.8
20260328_三国_11,2026-03-28,三国,11,3-5-2,483.1
20260328_三国_11,2026-03-28,三国,11,4-5-2,284.5
20260328_三国_11,2026-03-28,三国,11,5-4-2,504.7
20260328_三国_11,2026-03-28,三国,11,6-4-2,2782.0
20260328_三国_11,2026-03-28,三国,11,1-5-4,29.4
20260328_三国_11,2026-03-28,三国,11,2-5-4,213.0
20260328_三国_11,2026-03-28,三国,11,3-5-4,797.6
20260328_三国_11,2026-03-28,三国,11,4-5-3,634.9
20260328_三国_11,2026-03-28,三国,11,5-4-3,1032.0
20260328_三国_11,2026-03-28,三国,11,6-4-3,3533.0
20260328_三国_11,2026-03-28,三国,11,1-5-6,49.3
20260328_三国_11,2026-03-28,三国,11,2-5-6,329.0
20260328_三国_11,2026-03-28,三国,11,3-5-6,1088.0
20260328_三国_11,2026-03-28,三国,11,4-5-6,452.7
20260328_三国_11,2026-03-28,三国,11,5-4-6,752.8
20260328_三国_11,2026-03-28,三国,11,6-4-5,2703.0
20260328_三国_11,2026-03-28,三国,11,1-6-2,153.2
20260328_三国_11,2026-03-28,三国,11,2-6-1,560.2
20260328_三国_11,2026-03-28,三国,11,3-6-1,1454.0
20260328_三国_11,2026-03-28,三国,11,4-6-1,813.4
20260328_三国_11,2026-03-28,三国,11,5-6-1,500.8
20260328_三国_11,2026-03-28,三国,11,6-5-1,1476.0
20260328_三国_11,2026-03-28,三国,11,1-6-3,253.5
20260328_三国_11,2026-03-28,三国,11,2-6-3,1037.0
20260328_三国_11,2026-03-28,三国,11,3-6-2,1418.0
20260328_三国_11,2026-03-28,三国,11,4-6-2,1066.0
20260328_三国_11,2026-03-28,三国,11,5-6-2,698.0
20260328_三国_11,2026-03-28,三国,11,6-5-2,2249.0
20260328_三国_11,2026-03-28,三国,11,1-6-4,240.1
20260328_三国_11,2026-03-28,三国,11,2-6-4,1090.0
20260328_三国_11,2026-03-28,三国,11,3-6-4,2071.0
20260328_三国_11,2026-03-28,三国,11,4-6-3,1772.0
20260328_三国_11,2026-03-28,三国,11,5-6-3,1241.0
20260328_三国_11,2026-03-28,三国,11,6-5-3,3181.0
20260328_三国_11,2026-03-28,三国,11,1-6-5,155.2
20260328_三国_11,2026-03-28,三国,11,2-6-5,820.4
20260328_三国_11,2026-03-28,三国,11,3-6-5,1888.0
20260328_三国_11,2026-03-28,三国,11,4-6-5,1021.0
20260328_三国_11,2026-03-28,三国,11,5-6-4,1135.0
20260328_三国_11,2026-03-28,三国,11,6-5-4,2755.0
20260328_三国_12,2026-03-28,三国,12,1-2-3,4.7
20260328_三国_12,2026-03-28,三国,12,2-1-3,25.7
20260328_三国_12,2026-03-28,三国,12,3-1-2,44.9
20260328_三国_12,2026-03-28,三国,12,4-1-2,109.0
20260328_三国_12,2026-03-28,三国,12,5-1-2,510.0
20260328_三国_12,2026-03-28,三国,12,6-1-2,817.3
20260328_三国_12,2026-03-28,三国,12,1-2-4,6.2
20260328_三国_12,2026-03-28,三国,12,2-1-4,30.5
20260328_三国_12,2026-03-28,三国,12,3-1-4,47.0
20260328_三国_12,2026-03-28,三国,12,4-1-3,129.7
20260328_三国_12,2026-03-28,三国,12,5-1-3,656.4
20260328_三国_12,2026-03-28,三国,12,6-1-3,1196.0
20260328_三国_12,2026-03-28,三国,12,1-2-5,19.7
20260328_三国_12,2026-03-28,三国,12,2-1-5,77.3
20260328_三国_12,2026-03-28,三国,12,3-1-5,105.1
20260328_三国_12,2026-03-28,三国,12,4-1-5,245.5
20260328_三国_12,2026-03-28,三国,12,5-1-4,817.3
20260328_三国_12,2026-03-28,三国,12,6-1-4,1288.0
20260328_三国_12,2026-03-28,三国,12,1-2-6,27.8
20260328_三国_12,2026-03-28,三国,12,2-1-6,88.9
20260328_三国_12,2026-03-28,三国,12,3-1-6,139.5
20260328_三国_12,2026-03-28,三国,12,4-1-6,275.9
20260328_三国_12,2026-03-28,三国,12,5-1-6,934.8
20260328_三国_12,2026-03-28,三国,12,6-1-5,1811.0
20260328_三国_12,2026-03-28,三国,12,1-3-2,8.2
20260328_三国_12,2026-03-28,三国,12,2-3-1,72.4
20260328_三国_12,2026-03-28,三国,12,3-2-1,95.7
20260328_三国_12,2026-03-28,三国,12,4-2-1,190.8
20260328_三国_12,2026-03-28,三国,12,5-2-1,876.1
20260328_三国_12,2026-03-28,三国,12,6-2-1,1216.0
20260328_三国_12,2026-03-28,三国,12,1-3-4,10.3
20260328_三国_12,2026-03-28,三国,12,2-3-4,133.1
20260328_三国_12,2026-03-28,三国,12,3-2-4,185.9
20260328_三国_12,2026-03-28,三国,12,4-2-3,351.2
20260328_三国_12,2026-03-28,三国,12,5-2-3,1466.0
20260328_三国_12,2026-03-28,三国,12,6-2-3,1872.0
20260328_三国_12,2026-03-28,三国,12,1-3-5,24.7
20260328_三国_12,2026-03-28,三国,12,2-3-5,313.3
20260328_三国_12,2026-03-28,三国,12,3-2-5,351.4
20260328_三国_12,2026-03-28,三国,12,4-2-5,634.1
20260328_三国_12,2026-03-28,三国,12,5-2-4,1782.0
20260328_三国_12,2026-03-28,三国,12,6-2-4,1942.0
20260328_三国_12,2026-03-28,三国,12,1-3-6,32.9
20260328_三国_12,2026-03-28,三国,12,2-3-6,327.2
20260328_三国_12,2026-03-28,三国,12,3-2-6,415.0
20260328_三国_12,2026-03-28,三国,12,4-2-6,610.9
20260328_三国_12,2026-03-28,三国,12,5-2-6,2037.0
20260328_三国_12,2026-03-28,三国,12,6-2-5,2735.0
20260328_三国_12,2026-03-28,三国,12,1-4-2,14.4
20260328_三国_12,2026-03-28,三国,12,2-4-1,118.0
20260328_三国_12,2026-03-28,三国,12,3-4-1,110.4
20260328_三国_12,2026-03-28,三国,12,4-3-1,217.5
20260328_三国_12,2026-03-28,三国,12,5-3-1,998.9
20260328_三国_12,2026-03-28,三国,12,6-3-1,1836.0
20260328_三国_12,2026-03-28,三国,12,1-4-3,18.5
20260328_三国_12,2026-03-28,三国,12,2-4-3,190.8
20260328_三国_12,2026-03-28,三国,12,3-4-2,194.8
20260328_三国_12,2026-03-28,三国,12,4-3-2,371.5
20260328_三国_12,2026-03-28,三国,12,5-3-2,1499.0
20260328_三国_12,2026-03-28,三国,12,6-3-2,2241.0
20260328_三国_12,2026-03-28,三国,12,1-4-5,44.3
20260328_三国_12,2026-03-28,三国,12,2-4-5,443.2
20260328_三国_12,2026-03-28,三国,12,3-4-5,321.3
20260328_三国_12,2026-03-28,三国,12,4-3-5,675.6
20260328_三国_12,2026-03-28,三国,12,5-3-4,2006.0
20260328_三国_12,2026-03-28,三国,12,6-3-4,2385.0
20260328_三国_12,2026-03-28,三国,12,1-4-6,48.4
20260328_三国_12,2026-03-28,三国,12,2-4-6,380.3
20260328_三国_12,2026-03-28,三国,12,3-4-6,334.9
20260328_三国_12,2026-03-28,三国,12,4-3-6,670.9
20260328_三国_12,2026-03-28,三国,12,5-3-6,1904.0
20260328_三国_12,2026-03-28,三国,12,6-3-5,2952.0
20260328_三国_12,2026-03-28,三国,12,1-5-2,60.9
20260328_三国_12,2026-03-28,三国,12,2-5-1,460.3
20260328_三国_12,2026-03-28,三国,12,3-5-1,397.3
20260328_三国_12,2026-03-28,三国,12,4-5-1,554.3
20260328_三国_12,2026-03-28,三国,12,5-4-1,1286.0
20260328_三国_12,2026-03-28,三国,12,6-4-1,1792.0
20260328_三国_12,2026-03-28,三国,12,1-5-3,74.1
20260328_三国_12,2026-03-28,三国,12,2-5-3,802.7
20260328_三国_12,2026-03-28,三国,12,3-5-2,600.5
20260328_三国_12,2026-03-28,三国,12,4-5-2,941.3
20260328_三国_12,2026-03-28,三国,12,5-4-2,2088.0
20260328_三国_12,2026-03-28,三国,12,6-4-2,2241.0
20260328_三国_12,2026-03-28,三国,12,1-5-4,109.8
20260328_三国_12,2026-03-28,三国,12,2-5-4,952.0
20260328_三国_12,2026-03-28,三国,12,3-5-4,595.2
20260328_三国_12,2026-03-28,三国,12,4-5-3,1072.0
20260328_三国_12,2026-03-28,三国,12,5-4-3,2088.0
20260328_三国_12,2026-03-28,三国,12,6-4-3,2746.0
20260328_三国_12,2026-03-28,三国,12,1-5-6,110.6
20260328_三国_12,2026-03-28,三国,12,2-5-6,879.6
20260328_三国_12,2026-03-28,三国,12,3-5-6,681.1
20260328_三国_12,2026-03-28,三国,12,4-5-6,875.0
20260328_三国_12,2026-03-28,三国,12,5-4-6,1926.0
20260328_三国_12,2026-03-28,三国,12,6-4-5,2926.0
20260328_三国_12,2026-03-28,三国,12,1-6-2,113.5
20260328_三国_12,2026-03-28,三国,12,2-6-1,600.5
20260328_三国_12,2026-03-28,三国,12,3-6-1,722.2
20260328_三国_12,2026-03-28,三国,12,4-6-1,674.9
20260328_三国_12,2026-03-28,三国,12,5-6-1,1599.0
20260328_三国_12,2026-03-28,三国,12,6-5-1,2319.0
20260328_三国_12,2026-03-28,三国,12,1-6-3,151.2
20260328_三国_12,2026-03-28,三国,12,2-6-3,933.5
20260328_三国_12,2026-03-28,三国,12,3-6-2,878.4
20260328_三国_12,2026-03-28,三国,12,4-6-2,1082.0
20260328_三国_12,2026-03-28,三国,12,5-6-2,2121.0
20260328_三国_12,2026-03-28,三国,12,6-5-2,2792.0
20260328_三国_12,2026-03-28,三国,12,1-6-4,168.8
20260328_三国_12,2026-03-28,三国,12,2-6-4,1044.0
20260328_三国_12,2026-03-28,三国,12,3-6-4,916.9
20260328_三国_12,2026-03-28,三国,12,4-6-3,1220.0
20260328_三国_12,2026-03-28,三国,12,5-6-3,2219.0
20260328_三国_12,2026-03-28,三国,12,6-5-3,2939.0
20260328_三国_12,2026-03-28,三国,12,1-6-5,189.4
20260328_三国_12,2026-03-28,三国,12,2-6-5,1248.0
20260328_三国_12,2026-03-28,三国,12,3-6-5,984.2
20260328_三国_12,2026-03-28,三国,12,4-6-5,1161.0
20260328_三国_12,2026-03-28,三国,12,5-6-4,2327.0
20260328_三国_12,2026-03-28,三国,12,6-5-4,2901.0
20260328_尼崎_1,2026-03-28,尼崎,1,1-2-3,19.0
20260328_尼崎_1,2026-03-28,尼崎,1,2-1-3,47.7
20260328_尼崎_1,2026-03-28,尼崎,1,3-1-2,20.4
20260328_尼崎_1,2026-03-28,尼崎,1,4-1-2,0.0
20260328_尼崎_1,2026-03-28,尼崎,1,5-1-2,77.9
20260328_尼崎_1,2026-03-28,尼崎,1,6-1-2,178.6
20260328_尼崎_1,2026-03-28,尼崎,1,1-2-4,0.0
20260328_尼崎_1,2026-03-28,尼崎,1,2-1-4,0.0
20260328_尼崎_1,2026-03-28,尼崎,1,3-1-4,0.0
20260328_尼崎_1,2026-03-28,尼崎,1,4-1-3,0.0
20260328_尼崎_1,2026-03-28,尼崎,1,5-1-3,37.5
20260328_尼崎_1,2026-03-28,尼崎,1,6-1-3,105.1
20260328_尼崎_1,2026-03-28,尼崎,1,1-2-5,29.6
20260328_尼崎_1,2026-03-28,尼崎,1,2-1-5,67.5
20260328_尼崎_1,2026-03-28,尼崎,1,3-1-5,7.6
20260328_尼崎_1,2026-03-28,尼崎,1,4-1-5,0.0
20260328_尼崎_1,2026-03-28,尼崎,1,5-1-4,0.0
20260328_尼崎_1,2026-03-28,尼崎,1,6-1-4,0.0
20260328_尼崎_1,2026-03-28,尼崎,1,1-2-6,63.6
20260328_尼崎_1,2026-03-28,尼崎,1,2-1-6,130.8
20260328_尼崎_1,2026-03-28,尼崎,1,3-1-6,28.9
20260328_尼崎_1,2026-03-28,尼崎,1,4-1-6,0.0
20260328_尼崎_1,2026-03-28,尼崎,1,5-1-6,72.1
20260328_尼崎_1,2026-03-28,尼崎,1,6-1-5,171.8
20260328_尼崎_1,2026-03-28,尼崎,1,1-3-2,14.2
20260328_尼崎_1,2026-03-28,尼崎,1,2-3-1,71.8
20260328_尼崎_1,2026-03-28,尼崎,1,3-2-1,43.4
20260328_尼崎_1,2026-03-28,尼崎,1,4-2-1,0.0
20260328_尼崎_1,2026-03-28,尼崎,1,5-2-1,116.5
20260328_尼崎_1,2026-03-28,尼崎,1,6-2-1,200.9
20260328_尼崎_1,2026-03-28,尼崎,1,1-3-4,0.0
20260328_尼崎_1,2026-03-28,尼崎,1,2-3-4,0.0
20260328_尼崎_1,2026-03-28,尼崎,1,3-2-4,0.0
20260328_尼崎_1,2026-03-28,尼崎,1,4-2-3,0.0
20260328_尼崎_1,2026-03-28,尼崎,1,5-2-3,90.2
20260328_尼崎_1,2026-03-28,尼崎,1,6-2-3,160.5
20260328_尼崎_1,2026-03-28,尼崎,1,1-3-5,8.1
20260328_尼崎_1,2026-03-28,尼崎,1,2-3-5,70.6
20260328_尼崎_1,2026-03-28,尼崎,1,3-2-5,42.0
20260328_尼崎_1,2026-03-28,尼崎,1,4-2-5,0.0
20260328_尼崎_1,2026-03-28,尼崎,1,5-2-4,0.0
20260328_尼崎_1,2026-03-28,尼崎,1,6-2-4,0.0
20260328_尼崎_1,2026-03-28,尼崎,1,1-3-6,30.7
20260328_尼崎_1,2026-03-28,尼崎,1,2-3-6,135.8
20260328_尼崎_1,2026-03-28,尼崎,1,3-2-6,69.2
20260328_尼崎_1,2026-03-28,尼崎,1,4-2-6,0.0
20260328_尼崎_1,2026-03-28,尼崎,1,5-2-6,113.2
20260328_尼崎_1,2026-03-28,尼崎,1,6-2-5,142.0
20260328_尼崎_1,2026-03-28,尼崎,1,1-4-2,0.0
20260328_尼崎_1,2026-03-28,尼崎,1,2-4-1,0.0
20260328_尼崎_1,2026-03-28,尼崎,1,3-4-1,0.0
20260328_尼崎_1,2026-03-28,尼崎,1,4-3-1,0.0
20260328_尼崎_1,2026-03-28,尼崎,1,5-3-1,31.2
20260328_尼崎_1,2026-03-28,尼崎,1,6-3-1,113.5
20260328_尼崎_1,2026-03-28,尼崎,1,1-4-3,0.0
20260328_尼崎_1,2026-03-28,尼崎,1,2-4-3,0.0
20260328_尼崎_1,2026-03-28,尼崎,1,3-4-2,0.0
20260328_尼崎_1,2026-03-28,尼崎,1,4-3-2,0.0
20260328_尼崎_1,2026-03-28,尼崎,1,5-3-2,50.5
20260328_尼崎_1,2026-03-28,尼崎,1,6-3-2,174.9
20260328_尼崎_1,2026-03-28,尼崎,1,1-4-5,0.0
20260328_尼崎_1,2026-03-28,尼崎,1,2-4-5,0.0
20260328_尼崎_1,2026-03-28,尼崎,1,3-4-5,0.0
20260328_尼崎_1,2026-03-28,尼崎,1,4-3-5,0.0
20260328_尼崎_1,2026-03-28,尼崎,1,5-3-4,0.0
20260328_尼崎_1,2026-03-28,尼崎,1,6-3-4,0.0
20260328_尼崎_1,2026-03-28,尼崎,1,1-4-6,0.0
20260328_尼崎_1,2026-03-28,尼崎,1,2-4-6,0.0
20260328_尼崎_1,2026-03-28,尼崎,1,3-4-6,0.0
20260328_尼崎_1,2026-03-28,尼崎,1,4-3-6,0.0
20260328_尼崎_1,2026-03-28,尼崎,1,5-3-6,47.0
20260328_尼崎_1,2026-03-28,尼崎,1,6-3-5,125.9
20260328_尼崎_1,2026-03-28,尼崎,1,1-5-2,36.7
20260328_尼崎_1,2026-03-28,尼崎,1,2-5-1,149.6
20260328_尼崎_1,2026-03-28,尼崎,1,3-5-1,10.8
20260328_尼崎_1,2026-03-28,尼崎,1,4-5-1,0.0
20260328_尼崎_1,2026-03-28,尼崎,1,5-4-1,0.0
20260328_尼崎_1,2026-03-28,尼崎,1,6-4-1,0.0
20260328_尼崎_1,2026-03-28,尼崎,1,1-5-3,23.5
20260328_尼崎_1,2026-03-28,尼崎,1,2-5-3,122.6
20260328_尼崎_1,2026-03-28,尼崎,1,3-5-2,20.9
20260328_尼崎_1,2026-03-28,尼崎,1,4-5-2,0.0
20260328_尼崎_1,2026-03-28,尼崎,1,5-4-2,0.0
20260328_尼崎_1,2026-03-28,尼崎,1,6-4-2,0.0
20260328_尼崎_1,2026-03-28,尼崎,1,1-5-4,0.0
20260328_尼崎_1,2026-03-28,尼崎,1,2-5-4,0.0
20260328_尼崎_1,2026-03-28,尼崎,1,3-5-4,0.0
20260328_尼崎_1,2026-03-28,尼崎,1,4-5-3,0.0
20260328_尼崎_1,2026-03-28,尼崎,1,5-4-3,0.0
20260328_尼崎_1,2026-03-28,尼崎,1,6-4-3,0.0
20260328_尼崎_1,2026-03-28,尼崎,1,1-5-6,63.6
20260328_尼崎_1,2026-03-28,尼崎,1,2-5-6,157.8
20260328_尼崎_1,2026-03-28,尼崎,1,3-5-6,19.8
20260328_尼崎_1,2026-03-28,尼崎,1,4-5-6,0.0
20260328_尼崎_1,2026-03-28,尼崎,1,5-4-6,0.0
20260328_尼崎_1,2026-03-28,尼崎,1,6-4-5,0.0
20260328_尼崎_1,2026-03-28,尼崎,1,1-6-2,123.1
20260328_尼崎_1,2026-03-28,尼崎,1,2-6-1,300.6
20260328_尼崎_1,2026-03-28,尼崎,1,3-6-1,59.5
20260328_尼崎_1,2026-03-28,尼崎,1,4-6-1,0.0
20260328_尼崎_1,2026-03-28,尼崎,1,5-6-1,97.5
20260328_尼崎_1,2026-03-28,尼崎,1,6-5-1,194.8
20260328_尼崎_1,2026-03-28,尼崎,1,1-6-3,97.3
20260328_尼崎_1,2026-03-28,尼崎,1,2-6-3,244.9
20260328_尼崎_1,2026-03-28,尼崎,1,3-6-2,99.5
20260328_尼崎_1,2026-03-28,尼崎,1,4-6-2,0.0
20260328_尼崎_1,2026-03-28,尼崎,1,5-6-2,97.4
20260328_尼崎_1,2026-03-28,尼崎,1,6-5-2,138.9
20260328_尼崎_1,2026-03-28,尼崎,1,1-6-4,0.0
20260328_尼崎_1,2026-03-28,尼崎,1,2-6-4,0.0
20260328_尼崎_1,2026-03-28,尼崎,1,3-6-4,0.0
20260328_尼崎_1,2026-03-28,尼崎,1,4-6-3,0.0
20260328_尼崎_1,2026-03-28,尼崎,1,5-6-3,74.4
20260328_尼崎_1,2026-03-28,尼崎,1,6-5-3,142.1
20260328_尼崎_1,2026-03-28,尼崎,1,1-6-5,134.4
20260328_尼崎_1,2026-03-28,尼崎,1,2-6-5,201.3
20260328_尼崎_1,2026-03-28,尼崎,1,3-6-5,50.3
20260328_尼崎_1,2026-03-28,尼崎,1,4-6-5,0.0
20260328_尼崎_1,2026-03-28,尼崎,1,5-6-4,0.0
20260328_尼崎_1,2026-03-28,尼崎,1,6-5-4,0.0
20260328_尼崎_2,2026-03-28,尼崎,2,1-2-3,18.1
20260328_尼崎_2,2026-03-28,尼崎,2,2-1-3,15.0
20260328_尼崎_2,2026-03-28,尼崎,2,3-1-2,77.8
20260328_尼崎_2,2026-03-28,尼崎,2,4-1-2,1169.0
20260328_尼崎_2,2026-03-28,尼崎,2,5-1-2,106.2
20260328_尼崎_2,2026-03-28,尼崎,2,6-1-2,101.1
20260328_尼崎_2,2026-03-28,尼崎,2,1-2-4,134.1
20260328_尼崎_2,2026-03-28,尼崎,2,2-1-4,125.3
20260328_尼崎_2,2026-03-28,尼崎,2,3-1-4,972.6
20260328_尼崎_2,2026-03-28,尼崎,2,4-1-3,1928.0
20260328_尼崎_2,2026-03-28,尼崎,2,5-1-3,419.5
20260328_尼崎_2,2026-03-28,尼崎,2,6-1-3,365.1
20260328_尼崎_2,2026-03-28,尼崎,2,1-2-5,25.5
20260328_尼崎_2,2026-03-28,尼崎,2,2-1-5,14.4
20260328_尼崎_2,2026-03-28,尼崎,2,3-1-5,149.9
20260328_尼崎_2,2026-03-28,尼崎,2,4-1-5,1263.0
20260328_尼崎_2,2026-03-28,尼崎,2,5-1-4,915.9
20260328_尼崎_2,2026-03-28,尼崎,2,6-1-4,1036.0
20260328_尼崎_2,2026-03-28,尼崎,2,1-2-6,19.2
20260328_尼崎_2,2026-03-28,尼崎,2,2-1-6,10.7
20260328_尼崎_2,2026-03-28,尼崎,2,3-1-6,132.4
20260328_尼崎_2,2026-03-28,尼崎,2,4-1-6,2035.0
20260328_尼崎_2,2026-03-28,尼崎,2,5-1-6,208.1
20260328_尼崎_2,2026-03-28,尼崎,2,6-1-5,290.7
20260328_尼崎_2,2026-03-28,尼崎,2,1-3-2,34.6
20260328_尼崎_2,2026-03-28,尼崎,2,2-3-1,26.7
20260328_尼崎_2,2026-03-28,尼崎,2,3-2-1,64.8
20260328_尼崎_2,2026-03-28,尼崎,2,4-2-1,1324.0
20260328_尼崎_2,2026-03-28,尼崎,2,5-2-1,98.1
20260328_尼崎_2,2026-03-28,尼崎,2,6-2-1,80.4
20260328_尼崎_2,2026-03-28,尼崎,2,1-3-4,256.1
20260328_尼崎_2,2026-03-28,尼崎,2,2-3-4,154.3
20260328_尼崎_2,2026-03-28,尼崎,2,3-2-4,343.4
20260328_尼崎_2,2026-03-28,尼崎,2,4-2-3,1446.0
20260328_尼崎_2,2026-03-28,尼崎,2,5-2-3,143.2
20260328_尼崎_2,2026-03-28,尼崎,2,6-2-3,87.3
20260328_尼崎_2,2026-03-28,尼崎,2,1-3-5,75.2
20260328_尼崎_2,2026-03-28,尼崎,2,2-3-5,17.2
20260328_尼崎_2,2026-03-28,尼崎,2,3-2-5,54.4
20260328_尼崎_2,2026-03-28,尼崎,2,4-2-5,1690.0
20260328_尼崎_2,2026-03-28,尼崎,2,5-2-4,642.7
20260328_尼崎_2,2026-03-28,尼崎,2,6-2-4,473.7
20260328_尼崎_2,2026-03-28,尼崎,2,1-3-6,73.5
20260328_尼崎_2,2026-03-28,尼崎,2,2-3-6,14.2
20260328_尼崎_2,2026-03-28,尼崎,2,3-2-6,37.8
20260328_尼崎_2,2026-03-28,尼崎,2,4-2-6,964.1
20260328_尼崎_2,2026-03-28,尼崎,2,5-2-6,63.9
20260328_尼崎_2,2026-03-28,尼崎,2,6-2-5,64.1
20260328_尼崎_2,2026-03-28,尼崎,2,1-4-2,441.4
20260328_尼崎_2,2026-03-28,尼崎,2,2-4-1,377.6
20260328_尼崎_2,2026-03-28,尼崎,2,3-4-1,1207.0
20260328_尼崎_2,2026-03-28,尼崎,2,4-3-1,2389.0
20260328_尼崎_2,2026-03-28,尼崎,2,5-3-1,594.1
20260328_尼崎_2,2026-03-28,尼崎,2,6-3-1,549.5
20260328_尼崎_2,2026-03-28,尼崎,2,1-4-3,686.9
20260328_尼崎_2,2026-03-28,尼崎,2,2-4-3,331.0
20260328_尼崎_2,2026-03-28,尼崎,2,3-4-2,872.2
20260328_尼崎_2,2026-03-28,尼崎,2,4-3-2,1928.0
20260328_尼崎_2,2026-03-28,尼崎,2,5-3-2,279.6
20260328_尼崎_2,2026-03-28,尼崎,2,6-3-2,175.8
20260328_尼崎_2,2026-03-28,尼崎,2,1-4-5,709.0
20260328_尼崎_2,2026-03-28,尼崎,2,2-4-5,351.1
20260328_尼崎_2,2026-03-28,尼崎,2,3-4-5,1194.0
20260328_尼崎_2,2026-03-28,尼崎,2,4-3-5,3545.0
20260328_尼崎_2,2026-03-28,尼崎,2,5-3-4,1592.0
20260328_尼崎_2,2026-03-28,尼崎,2,6-3-4,1505.0
20260328_尼崎_2,2026-03-28,尼崎,2,1-4-6,820.2
20260328_尼崎_2,2026-03-28,尼崎,2,2-4-6,287.7
20260328_尼崎_2,2026-03-28,尼崎,2,3-4-6,1144.0
20260328_尼崎_2,2026-03-28,尼崎,2,4-3-6,2338.0
20260328_尼崎_2,2026-03-28,尼崎,2,5-3-6,351.1
20260328_尼崎_2,2026-03-28,尼崎,2,6-3-5,339.2
20260328_尼崎_2,2026-03-28,尼崎,2,1-5-2,66.0
20260328_尼崎_2,2026-03-28,尼崎,2,2-5-1,28.4
20260328_尼崎_2,2026-03-28,尼崎,2,3-5-1,249.2
20260328_尼崎_2,2026-03-28,尼崎,2,4-5-1,1640.0
20260328_尼崎_2,2026-03-28,尼崎,2,5-4-1,2073.0
20260328_尼崎_2,2026-03-28,尼崎,2,6-4-1,2818.0
20260328_尼崎_2,2026-03-28,尼崎,2,1-5-3,145.3
20260328_尼崎_2,2026-03-28,尼崎,2,2-5-3,24.6
20260328_尼崎_2,2026-03-28,尼崎,2,3-5-2,146.3
20260328_尼崎_2,2026-03-28,尼崎,2,4-5-2,1998.0
20260328_尼崎_2,2026-03-28,尼崎,2,5-4-2,1526.0
20260328_尼崎_2,2026-03-28,尼崎,2,6-4-2,1169.0
20260328_尼崎_2,2026-03-28,尼崎,2,1-5-4,587.7
20260328_尼崎_2,2026-03-28,尼崎,2,2-5-4,212.1
20260328_尼崎_2,2026-03-28,尼崎,2,3-5-4,1088.0
20260328_尼崎_2,2026-03-28,尼崎,2,4-5-3,2198.0
20260328_尼崎_2,2026-03-28,尼崎,2,5-4-3,2035.0
20260328_尼崎_2,2026-03-28,尼崎,2,6-4-3,3330.0
20260328_尼崎_2,2026-03-28,尼崎,2,1-5-6,141.4
20260328_尼崎_2,2026-03-28,尼崎,2,2-5-6,14.0
20260328_尼崎_2,2026-03-28,尼崎,2,3-5-6,166.7
20260328_尼崎_2,2026-03-28,尼崎,2,4-5-6,1446.0
20260328_尼崎_2,2026-03-28,尼崎,2,5-4-6,1616.0
20260328_尼崎_2,2026-03-28,尼崎,2,6-4-5,2338.0
20260328_尼崎_2,2026-03-28,尼崎,2,1-6-2,58.5
20260328_尼崎_2,2026-03-28,尼崎,2,2-6-1,25.1
20260328_尼崎_2,2026-03-28,尼崎,2,3-6-1,203.9
20260328_尼崎_2,2026-03-28,尼崎,2,4-6-1,3053.0
20260328_尼崎_2,2026-03-28,尼崎,2,5-6-1,203.1
20260328_尼崎_2,2026-03-28,尼崎,2,6-5-1,289.2
20260328_尼崎_2,2026-03-28,尼崎,2,1-6-3,134.1
20260328_尼崎_2,2026-03-28,尼崎,2,2-6-3,21.4
20260328_尼崎_2,2026-03-28,尼崎,2,3-6-2,101.1
20260328_尼崎_2,2026-03-28,尼崎,2,4-6-2,1234.0
20260328_尼崎_2,2026-03-28,尼崎,2,5-6-2,74.6
20260328_尼崎_2,2026-03-28,尼崎,2,6-5-2,95.9
20260328_尼崎_2,2026-03-28,尼崎,2,1-6-4,700.0
20260328_尼崎_2,2026-03-28,尼崎,2,2-6-4,170.6
20260328_尼崎_2,2026-03-28,尼崎,2,3-6-4,1234.0
20260328_尼崎_2,2026-03-28,尼崎,2,4-6-3,2616.0
20260328_尼崎_2,2026-03-28,尼崎,2,5-6-3,231.3
20260328_尼崎_2,2026-03-28,尼崎,2,6-5-3,298.6
20260328_尼崎_2,2026-03-28,尼崎,2,1-6-5,177.8
20260328_尼崎_2,2026-03-28,尼崎,2,2-6-5,15.3
20260328_尼崎_2,2026-03-28,尼崎,2,3-6-5,175.2
20260328_尼崎_2,2026-03-28,尼崎,2,4-6-5,2198.0
20260328_尼崎_2,2026-03-28,尼崎,2,5-6-4,832.6
20260328_尼崎_2,2026-03-28,尼崎,2,6-5-4,1099.0
20260328_尼崎_3,2026-03-28,尼崎,3,1-2-3,35.2
20260328_尼崎_3,2026-03-28,尼崎,3,2-1-3,78.9
20260328_尼崎_3,2026-03-28,尼崎,3,3-1-2,93.7
20260328_尼崎_3,2026-03-28,尼崎,3,4-1-2,27.9
20260328_尼崎_3,2026-03-28,尼崎,3,5-1-2,245.0
20260328_尼崎_3,2026-03-28,尼崎,3,6-1-2,2197.0
20260328_尼崎_3,2026-03-28,尼崎,3,1-2-4,24.3
20260328_尼崎_3,2026-03-28,尼崎,3,2-1-4,51.0
20260328_尼崎_3,2026-03-28,尼崎,3,3-1-4,35.9
20260328_尼崎_3,2026-03-28,尼崎,3,4-1-3,25.4
20260328_尼崎_3,2026-03-28,尼崎,3,5-1-3,208.5
20260328_尼崎_3,2026-03-28,尼崎,3,6-1-3,1481.0
20260328_尼崎_3,2026-03-28,尼崎,3,1-2-5,53.3
20260328_尼崎_3,2026-03-28,尼崎,3,2-1-5,117.2
20260328_尼崎_3,2026-03-28,尼崎,3,3-1-5,66.0
20260328_尼崎_3,2026-03-28,尼崎,3,4-1-5,21.3
20260328_尼崎_3,2026-03-28,尼崎,3,5-1-4,123.3
20260328_尼崎_3,2026-03-28,尼崎,3,6-1-4,1448.0
20260328_尼崎_3,2026-03-28,尼崎,3,1-2-6,235.1
20260328_尼崎_3,2026-03-28,尼崎,3,2-1-6,339.8
20260328_尼崎_3,2026-03-28,尼崎,3,3-1-6,229.6
20260328_尼崎_3,2026-03-28,尼崎,3,4-1-6,90.8
20260328_尼崎_3,2026-03-28,尼崎,3,5-1-6,329.2
20260328_尼崎_3,2026-03-28,尼崎,3,6-1-5,2896.0
20260328_尼崎_3,2026-03-28,尼崎,3,1-3-2,35.5
20260328_尼崎_3,2026-03-28,尼崎,3,2-3-1,136.1
20260328_尼崎_3,2026-03-28,尼崎,3,3-2-1,161.7
20260328_尼崎_3,2026-03-28,尼崎,3,4-2-1,77.0
20260328_尼崎_3,2026-03-28,尼崎,3,5-2-1,526.5
20260328_尼崎_3,2026-03-28,尼崎,3,6-2-1,2316.0
20260328_尼崎_3,2026-03-28,尼崎,3,1-3-4,14.6
20260328_尼崎_3,2026-03-28,尼崎,3,2-3-4,51.9
20260328_尼崎_3,2026-03-28,尼崎,3,3-2-4,51.0
20260328_尼崎_3,2026-03-28,尼崎,3,4-2-3,51.5
20260328_尼崎_3,2026-03-28,尼崎,3,5-2-3,420.5
20260328_尼崎_3,2026-03-28,尼崎,3,6-2-3,2089.0
20260328_尼崎_3,2026-03-28,尼崎,3,1-3-5,34.2
20260328_尼崎_3,2026-03-28,尼崎,3,2-3-5,130.5
20260328_尼崎_3,2026-03-28,尼崎,3,3-2-5,123.2
20260328_尼崎_3,2026-03-28,尼崎,3,4-2-5,48.3
20260328_尼崎_3,2026-03-28,尼崎,3,5-2-4,334.4
20260328_尼崎_3,2026-03-28,尼崎,3,6-2-4,1554.0
20260328_尼崎_3,2026-03-28,尼崎,3,1-3-6,176.0
20260328_尼崎_3,2026-03-28,尼崎,3,2-3-6,340.7
20260328_尼崎_3,2026-03-28,尼崎,3,3-2-6,309.2
20260328_尼崎_3,2026-03-28,尼崎,3,4-2-6,156.3
20260328_尼崎_3,2026-03-28,尼崎,3,5-2-6,843.9
20260328_尼崎_3,2026-03-28,尼崎,3,6-2-5,3034.0
20260328_尼崎_3,2026-03-28,尼崎,3,1-4-2,17.5
20260328_尼崎_3,2026-03-28,尼崎,3,2-4-1,66.6
20260328_尼崎_3,2026-03-28,尼崎,3,3-4-1,37.2
20260328_尼崎_3,2026-03-28,尼崎,3,4-3-1,39.9
20260328_尼崎_3,2026-03-28,尼崎,3,5-3-1,335.3
20260328_尼崎_3,2026-03-28,尼崎,3,6-3-1,1930.0
20260328_尼崎_3,2026-03-28,尼崎,3,1-4-3,13.4
20260328_尼崎_3,2026-03-28,尼崎,3,2-4-3,47.3
20260328_尼崎_3,2026-03-28,尼崎,3,3-4-2,40.3
20260328_尼崎_3,2026-03-28,尼崎,3,4-3-2,49.3
20260328_尼崎_3,2026-03-28,尼崎,3,5-3-2,405.8
20260328_尼崎_3,2026-03-28,尼崎,3,6-3-2,2197.0
20260328_尼崎_3,2026-03-28,尼崎,3,1-4-5,16.4
20260328_尼崎_3,2026-03-28,尼崎,3,2-4-5,64.5
20260328_尼崎_3,2026-03-28,尼崎,3,3-4-5,36.0
20260328_尼崎_3,2026-03-28,尼崎,3,4-3-5,38.3
20260328_尼崎_3,2026-03-28,尼崎,3,5-3-4,215.9
20260328_尼崎_3,2026-03-28,尼崎,3,6-3-4,1592.0
20260328_尼崎_3,2026-03-28,尼崎,3,1-4-6,99.0
20260328_尼崎_3,2026-03-28,尼崎,3,2-4-6,197.5
20260328_尼崎_3,2026-03-28,尼崎,3,3-4-6,117.8
20260328_尼崎_3,2026-03-28,尼崎,3,4-3-6,137.9
20260328_尼崎_3,2026-03-28,尼崎,3,5-3-6,592.6
20260328_尼崎_3,2026-03-28,尼崎,3,6-3-5,3108.0
20260328_尼崎_3,2026-03-28,尼崎,3,1-5-2,84.8
20260328_尼崎_3,2026-03-28,尼崎,3,2-5-1,309.2
20260328_尼崎_3,2026-03-28,尼崎,3,3-5-1,163.5
20260328_尼崎_3,2026-03-28,尼崎,3,4-5-1,25.1
20260328_尼崎_3,2026-03-28,尼崎,3,5-4-1,113.2
20260328_尼崎_3,2026-03-28,尼崎,3,6-4-1,1431.0
20260328_尼崎_3,2026-03-28,尼崎,3,1-5-3,74.2
20260328_尼崎_3,2026-03-28,尼崎,3,2-5-3,268.8
20260328_尼崎_3,2026-03-28,尼崎,3,3-5-2,183.8
20260328_尼崎_3,2026-03-28,尼崎,3,4-5-2,43.4
20260328_尼崎_3,2026-03-28,尼崎,3,5-4-2,162.3
20260328_尼崎_3,2026-03-28,尼崎,3,6-4-2,1431.0
20260328_尼崎_3,2026-03-28,尼崎,3,1-5-4,47.5
20260328_尼崎_3,2026-03-28,尼崎,3,2-5-4,173.8
20260328_尼崎_3,2026-03-28,尼崎,3,3-5-4,93.9
20260328_尼崎_3,2026-03-28,尼崎,3,4-5-3,38.1
20260328_尼崎_3,2026-03-28,尼崎,3,5-4-3,148.0
20260328_尼崎_3,2026-03-28,尼崎,3,6-4-3,1722.0
20260328_尼崎_3,2026-03-28,尼崎,3,1-5-6,249.3
20260328_尼崎_3,2026-03-28,尼崎,3,2-5-6,551.6
20260328_尼崎_3,2026-03-28,尼崎,3,3-5-6,296.3
20260328_尼崎_3,2026-03-28,尼崎,3,4-5-6,52.8
20260328_尼崎_3,2026-03-28,尼崎,3,5-4-6,206.1
20260328_尼崎_3,2026-03-28,尼崎,3,6-4-5,1481.0
20260328_尼崎_3,2026-03-28,尼崎,3,1-6-2,558.9
20260328_尼崎_3,2026-03-28,尼崎,3,2-6-1,1169.0
20260328_尼崎_3,2026-03-28,尼崎,3,3-6-1,891.1
20260328_尼崎_3,2026-03-28,尼崎,3,4-6-1,214.5
20260328_尼崎_3,2026-03-28,尼崎,3,5-6-1,1190.0
20260328_尼崎_3,2026-03-28,尼崎,3,6-5-1,3267.0
20260328_尼崎_3,2026-03-28,尼崎,3,1-6-3,524.4
20260328_尼崎_3,2026-03-28,尼崎,3,2-6-3,1036.0
20260328_尼崎_3,2026-03-28,尼崎,3,3-6-2,872.8
20260328_尼崎_3,2026-03-28,尼崎,3,4-6-2,228.7
20260328_尼崎_3,2026-03-28,尼崎,3,5-6-2,1370.0
20260328_尼崎_3,2026-03-28,尼崎,3,6-5-2,3267.0
20260328_尼崎_3,2026-03-28,尼崎,3,1-6-4,400.7
20260328_尼崎_3,2026-03-28,尼崎,3,2-6-4,758.5
20260328_尼崎_3,2026-03-28,尼崎,3,3-6-4,507.6
20260328_尼崎_3,2026-03-28,尼崎,3,4-6-3,271.7
20260328_尼崎_3,2026-03-28,尼崎,3,5-6-3,1274.0
20260328_尼崎_3,2026-03-28,尼崎,3,6-5-3,3353.0
20260328_尼崎_3,2026-03-28,尼崎,3,1-6-5,530.9
20260328_尼崎_3,2026-03-28,尼崎,3,2-6-5,1213.0
20260328_尼崎_3,2026-03-28,尼崎,3,3-6-5,758.5
20260328_尼崎_3,2026-03-28,尼崎,3,4-6-5,148.0
20260328_尼崎_3,2026-03-28,尼崎,3,5-6-4,696.3
20260328_尼崎_3,2026-03-28,尼崎,3,6-5-4,1613.0
20260328_尼崎_4,2026-03-28,尼崎,4,1-2-3,64.9
20260328_尼崎_4,2026-03-28,尼崎,4,2-1-3,76.6
20260328_尼崎_4,2026-03-28,尼崎,4,3-1-2,570.0
20260328_尼崎_4,2026-03-28,尼崎,4,4-1-2,63.7
20260328_尼崎_4,2026-03-28,尼崎,4,5-1-2,199.1
20260328_尼崎_4,2026-03-28,尼崎,4,6-1-2,68.1
20260328_尼崎_4,2026-03-28,尼崎,4,1-2-4,20.2
20260328_尼崎_4,2026-03-28,尼崎,4,2-1-4,19.8
20260328_尼崎_4,2026-03-28,尼崎,4,3-1-4,739.2
20260328_尼崎_4,2026-03-28,尼崎,4,4-1-3,353.4
20260328_尼崎_4,2026-03-28,尼崎,4,5-1-3,475.5
20260328_尼崎_4,2026-03-28,尼崎,4,6-1-3,228.4
20260328_尼崎_4,2026-03-28,尼崎,4,1-2-5,66.4
20260328_尼崎_4,2026-03-28,尼崎,4,2-1-5,87.0
20260328_尼崎_4,2026-03-28,尼崎,4,3-1-5,956.4
20260328_尼崎_4,2026-03-28,尼崎,4,4-1-5,118.0
20260328_尼崎_4,2026-03-28,尼崎,4,5-1-4,229.0
20260328_尼崎_4,2026-03-28,尼崎,4,6-1-4,72.0
20260328_尼崎_4,2026-03-28,尼崎,4,1-2-6,20.4
20260328_尼崎_4,2026-03-28,尼崎,4,2-1-6,18.3
20260328_尼崎_4,2026-03-28,尼崎,4,3-1-6,656.1
20260328_尼崎_4,2026-03-28,尼崎,4,4-1-6,48.4
20260328_尼崎_4,2026-03-28,尼崎,4,5-1-6,191.2
20260328_尼崎_4,2026-03-28,尼崎,4,6-1-5,130.5
20260328_尼崎_4,2026-03-28,尼崎,4,1-3-2,114.0
20260328_尼崎_4,2026-03-28,尼崎,4,2-3-1,198.4
20260328_尼崎_4,2026-03-28,尼崎,4,3-2-1,573.8
20260328_尼崎_4,2026-03-28,尼崎,4,4-2-1,54.6
20260328_尼崎_4,2026-03-28,尼崎,4,5-2-1,189.7
20260328_尼崎_4,2026-03-28,尼崎,4,6-2-1,57.7
20260328_尼崎_4,2026-03-28,尼崎,4,1-3-4,160.3
20260328_尼崎_4,2026-03-28,尼崎,4,2-3-4,172.9
20260328_尼崎_4,2026-03-28,尼崎,4,3-2-4,585.8
20260328_尼崎_4,2026-03-28,尼崎,4,4-2-3,200.1
20260328_尼崎_4,2026-03-28,尼崎,4,5-2-3,426.4
20260328_尼崎_4,2026-03-28,尼崎,4,6-2-3,193.2
20260328_尼崎_4,2026-03-28,尼崎,4,1-3-5,261.6
20260328_尼崎_4,2026-03-28,尼崎,4,2-3-5,291.3
20260328_尼崎_4,2026-03-28,尼崎,4,3-2-5,859.3
20260328_尼崎_4,2026-03-28,尼崎,4,4-2-5,68.2
20260328_尼崎_4,2026-03-28,尼崎,4,5-2-4,160.4
20260328_尼崎_4,2026-03-28,尼崎,4,6-2-4,34.7
20260328_尼崎_4,2026-03-28,尼崎,4,1-3-6,150.2
20260328_尼崎_4,2026-03-28,尼崎,4,2-3-6,139.5
20260328_尼崎_4,2026-03-28,尼崎,4,3-2-6,549.6
20260328_尼崎_4,2026-03-28,尼崎,4,4-2-6,24.2
20260328_尼崎_4,2026-03-28,尼崎,4,5-2-6,120.8
20260328_尼崎_4,2026-03-28,尼崎,4,6-2-5,84.8
20260328_尼崎_4,2026-03-28,尼崎,4,1-4-2,33.3
20260328_尼崎_4,2026-03-28,尼崎,4,2-4-1,31.9
20260328_尼崎_4,2026-03-28,尼崎,4,3-4-1,833.9
20260328_尼崎_4,2026-03-28,尼崎,4,4-3-1,534.0
20260328_尼崎_4,2026-03-28,尼崎,4,5-3-1,717.3
20260328_尼崎_4,2026-03-28,尼崎,4,6-3-1,470.2
20260328_尼崎_4,2026-03-28,尼崎,4,1-4-3,143.8
20260328_尼崎_4,2026-03-28,尼崎,4,2-4-3,101.0
20260328_尼崎_4,2026-03-28,尼崎,4,3-4-2,711.3
20260328_尼崎_4,2026-03-28,尼崎,4,4-3-2,476.8
20260328_尼崎_4,2026-03-28,尼崎,4,5-3-2,794.8
20260328_尼崎_4,2026-03-28,尼崎,4,6-3-2,444.3
20260328_尼崎_4,2026-03-28,尼崎,4,1-4-5,96.3
20260328_尼崎_4,2026-03-28,尼崎,4,2-4-5,57.6
20260328_尼崎_4,2026-03-28,尼崎,4,3-4-5,1422.0
20260328_尼崎_4,2026-03-28,尼崎,4,4-3-5,726.5
20260328_尼崎_4,2026-03-28,尼崎,4,5-3-4,1058.0
20260328_尼崎_4,2026-03-28,尼崎,4,6-3-4,492.1
20260328_尼崎_4,2026-03-28,尼崎,4,1-4-6,36.2
20260328_尼崎_4,2026-03-28,尼崎,4,2-4-6,14.6
20260328_尼崎_4,2026-03-28,尼崎,4,3-4-6,615.6
20260328_尼崎_4,2026-03-28,尼崎,4,4-3-6,360.2
20260328_尼崎_4,2026-03-28,尼崎,4,5-3-6,705.4
20260328_尼崎_4,2026-03-28,尼崎,4,6-3-5,798.5
20260328_尼崎_4,2026-03-28,尼崎,4,1-5-2,134.5
20260328_尼崎_4,2026-03-28,尼崎,4,2-5-1,144.3
20260328_尼崎_4,2026-03-28,尼崎,4,3-5-1,1282.0
20260328_尼崎_4,2026-03-28,尼崎,4,4-5-1,127.8
20260328_尼崎_4,2026-03-28,尼崎,4,5-4-1,238.7
20260328_尼崎_4,2026-03-28,尼崎,4,6-4-1,66.8
20260328_尼崎_4,2026-03-28,尼崎,4,1-5-3,360.2
20260328_尼崎_4,2026-03-28,尼崎,4,2-5-3,288.4
20260328_尼崎_4,2026-03-28,尼崎,4,3-5-2,1128.0
20260328_尼崎_4,2026-03-28,尼崎,4,4-5-2,99.5
20260328_尼崎_4,2026-03-28,尼崎,4,5-4-2,172.2
20260328_尼崎_4,2026-03-28,尼崎,4,6-4-2,36.3
20260328_尼崎_4,2026-03-28,尼崎,4,1-5-4,194.5
20260328_尼崎_4,2026-03-28,尼崎,4,2-5-4,105.5
20260328_尼崎_4,2026-03-28,尼崎,4,3-5-4,1539.0
20260328_尼崎_4,2026-03-28,尼崎,4,4-5-3,377.0
20260328_尼崎_4,2026-03-28,尼崎,4,5-4-3,702.4
20260328_尼崎_4,2026-03-28,尼崎,4,6-4-3,210.3
20260328_尼崎_4,2026-03-28,尼崎,4,1-5-6,121.0
20260328_尼崎_4,2026-03-28,尼崎,4,2-5-6,74.2
20260328_尼崎_4,2026-03-28,尼崎,4,3-5-6,1333.0
20260328_尼崎_4,2026-03-28,尼崎,4,4-5-6,63.3
20260328_尼崎_4,2026-03-28,尼崎,4,5-4-6,116.5
20260328_尼崎_4,2026-03-28,尼崎,4,6-4-5,68.2
20260328_尼崎_4,2026-03-28,尼崎,4,1-6-2,38.4
20260328_尼崎_4,2026-03-28,尼崎,4,2-6-1,32.6
20260328_尼崎_4,2026-03-28,尼崎,4,3-6-1,682.6
20260328_尼崎_4,2026-03-28,尼崎,4,4-6-1,35.4
20260328_尼崎_4,2026-03-28,尼崎,4,5-6-1,168.7
20260328_尼崎_4,2026-03-28,尼崎,4,6-5-1,161.8
20260328_尼崎_4,2026-03-28,尼崎,4,1-6-3,158.2
20260328_尼崎_4,2026-03-28,尼崎,4,2-6-3,103.9
20260328_尼崎_4,2026-03-28,尼崎,4,3-6-2,679.9
20260328_尼崎_4,2026-03-28,尼崎,4,4-6-2,21.6
20260328_尼崎_4,2026-03-28,尼崎,4,5-6-2,128.3
20260328_尼崎_4,2026-03-28,尼崎,4,6-5-2,103.1
20260328_尼崎_4,2026-03-28,尼崎,4,1-6-4,44.4
20260328_尼崎_4,2026-03-28,尼崎,4,2-6-4,19.8
20260328_尼崎_4,2026-03-28,尼崎,4,3-6-4,711.3
20260328_尼崎_4,2026-03-28,尼崎,4,4-6-3,154.4
20260328_尼崎_4,2026-03-28,尼崎,4,5-6-3,466.3
20260328_尼崎_4,2026-03-28,尼崎,4,6-5-3,427.5
20260328_尼崎_4,2026-03-28,尼崎,4,1-6-5,92.1
20260328_尼崎_4,2026-03-28,尼崎,4,2-6-5,51.6
20260328_尼崎_4,2026-03-28,尼崎,4,3-6-5,1365.0
20260328_尼崎_4,2026-03-28,尼崎,4,4-6-5,36.4
20260328_尼崎_4,2026-03-28,尼崎,4,5-6-4,120.1
20260328_尼崎_4,2026-03-28,尼崎,4,6-5-4,97.8
20260328_尼崎_5,2026-03-28,尼崎,5,1-2-3,28.6
20260328_尼崎_5,2026-03-28,尼崎,5,2-1-3,107.5
20260328_尼崎_5,2026-03-28,尼崎,5,3-1-2,51.4
20260328_尼崎_5,2026-03-28,尼崎,5,4-1-2,113.1
20260328_尼崎_5,2026-03-28,尼崎,5,5-1-2,2408.0
20260328_尼崎_5,2026-03-28,尼崎,5,6-1-2,81.1
20260328_尼崎_5,2026-03-28,尼崎,5,1-2-4,44.8
20260328_尼崎_5,2026-03-28,尼崎,5,2-1-4,181.2
20260328_尼崎_5,2026-03-28,尼崎,5,3-1-4,17.3
20260328_尼崎_5,2026-03-28,尼崎,5,4-1-3,44.6
20260328_尼崎_5,2026-03-28,尼崎,5,5-1-3,1583.0
20260328_尼崎_5,2026-03-28,尼崎,5,6-1-3,52.3
20260328_尼崎_5,2026-03-28,尼崎,5,1-2-5,390.6
20260328_尼崎_5,2026-03-28,尼崎,5,2-1-5,825.3
20260328_尼崎_5,2026-03-28,尼崎,5,3-1-5,281.2
20260328_尼崎_5,2026-03-28,尼崎,5,4-1-5,468.7
20260328_尼崎_5,2026-03-28,尼崎,5,5-1-4,1850.0
20260328_尼崎_5,2026-03-28,尼崎,5,6-1-4,57.0
20260328_尼崎_5,2026-03-28,尼崎,5,1-2-6,28.8
20260328_尼崎_5,2026-03-28,尼崎,5,2-1-6,133.7
20260328_尼崎_5,2026-03-28,尼崎,5,3-1-6,16.8
20260328_尼崎_5,2026-03-28,尼崎,5,4-1-6,63.2
20260328_尼崎_5,2026-03-28,尼崎,5,5-1-6,3515.0
20260328_尼崎_5,2026-03-28,尼崎,5,6-1-5,369.3
20260328_尼崎_5,2026-03-28,尼崎,5,1-3-2,20.7
20260328_尼崎_5,2026-03-28,尼崎,5,2-3-1,173.3
20260328_尼崎_5,2026-03-28,尼崎,5,3-2-1,116.6
20260328_尼崎_5,2026-03-28,尼崎,5,4-2-1,197.7
20260328_尼崎_5,2026-03-28,尼崎,5,5-2-1,3515.0
20260328_尼崎_5,2026-03-28,尼崎,5,6-2-1,169.5
20260328_尼崎_5,2026-03-28,尼崎,5,1-3-4,8.8
20260328_尼崎_5,2026-03-28,尼崎,5,2-3-4,283.5
20260328_尼崎_5,2026-03-28,尼崎,5,3-2-4,152.2
20260328_尼崎_5,2026-03-28,尼崎,5,4-2-3,244.4
20260328_尼崎_5,2026-03-28,尼崎,5,5-2-3,1004.0
20260328_尼崎_5,2026-03-28,尼崎,5,6-2-3,224.7
20260328_尼崎_5,2026-03-28,尼崎,5,1-3-5,248.6
20260328_尼崎_5,2026-03-28,尼崎,5,2-3-5,1542.0
20260328_尼崎_5,2026-03-28,尼崎,5,3-2-5,1105.0
20260328_尼崎_5,2026-03-28,尼崎,5,4-2-5,1283.0
20260328_尼崎_5,2026-03-28,尼崎,5,5-2-4,4626.0
20260328_尼崎_5,2026-03-28,尼崎,5,6-2-4,233.1
20260328_尼崎_5,2026-03-28,尼崎,5,1-3-6,7.5
20260328_尼崎_5,2026-03-28,尼崎,5,2-3-6,198.4
20260328_尼崎_5,2026-03-28,尼崎,5,3-2-6,110.0
20260328_尼崎_5,2026-03-28,尼崎,5,4-2-6,222.2
20260328_尼崎_5,2026-03-28,尼崎,5,5-2-6,4185.0
20260328_尼崎_5,2026-03-28,尼崎,5,6-2-5,1642.0
20260328_尼崎_5,2026-03-28,尼崎,5,1-4-2,46.1
20260328_尼崎_5,2026-03-28,尼崎,5,2-4-1,334.8
20260328_尼崎_5,2026-03-28,尼崎,5,3-4-1,35.5
20260328_尼崎_5,2026-03-28,尼崎,5,4-3-1,66.5
20260328_尼崎_5,2026-03-28,尼崎,5,5-3-1,1953.0
20260328_尼崎_5,2026-03-28,尼崎,5,6-3-1,60.9
20260328_尼崎_5,2026-03-28,尼崎,5,1-4-3,18.6
20260328_尼崎_5,2026-03-28,尼崎,5,2-4-3,425.6
20260328_尼崎_5,2026-03-28,尼崎,5,3-4-2,113.1
20260328_尼崎_5,2026-03-28,尼崎,5,4-3-2,198.6
20260328_尼崎_5,2026-03-28,尼崎,5,5-3-2,1119.0
20260328_尼崎_5,2026-03-28,尼崎,5,6-3-2,151.6
20260328_尼崎_5,2026-03-28,尼崎,5,1-4-5,322.5
20260328_尼崎_5,2026-03-28,尼崎,5,2-4-5,2143.0
20260328_尼崎_5,2026-03-28,尼崎,5,3-4-5,621.1
20260328_尼崎_5,2026-03-28,尼崎,5,4-3-5,751.2
20260328_尼崎_5,2026-03-28,尼崎,5,5-3-4,3446.0
20260328_尼崎_5,2026-03-28,尼崎,5,6-3-4,78.7
20260328_尼崎_5,2026-03-28,尼崎,5,1-4-6,25.3
20260328_尼崎_5,2026-03-28,尼崎,5,2-4-6,350.8
20260328_尼崎_5,2026-03-28,尼崎,5,3-4-6,37.1
20260328_尼崎_5,2026-03-28,尼崎,5,4-3-6,77.4
20260328_尼崎_5,2026-03-28,尼崎,5,5-3-6,4751.0
20260328_尼崎_5,2026-03-28,尼崎,5,6-3-5,833.1
20260328_尼崎_5,2026-03-28,尼崎,5,1-5-2,651.0
20260328_尼崎_5,2026-03-28,尼崎,5,2-5-1,2511.0
20260328_尼崎_5,2026-03-28,尼崎,5,3-5-1,764.3
20260328_尼崎_5,2026-03-28,尼崎,5,4-5-1,632.3
20260328_尼崎_5,2026-03-28,尼崎,5,5-4-1,2170.0
20260328_尼崎_5,2026-03-28,尼崎,5,6-4-1,83.4
20260328_尼崎_5,2026-03-28,尼崎,5,1-5-3,556.3
20260328_尼崎_5,2026-03-28,尼崎,5,2-5-3,2408.0
20260328_尼崎_5,2026-03-28,尼崎,5,3-5-2,1384.0
20260328_尼崎_5,2026-03-28,尼崎,5,4-5-2,1126.0
20260328_尼崎_5,2026-03-28,尼崎,5,5-4-2,2835.0
20260328_尼崎_5,2026-03-28,尼崎,5,6-4-2,161.5
20260328_尼崎_5,2026-03-28,尼崎,5,1-5-4,799.0
20260328_尼崎_5,2026-03-28,尼崎,5,2-5-4,2511.0
20260328_尼崎_5,2026-03-28,尼崎,5,3-5-4,1440.0
20260328_尼崎_5,2026-03-28,尼崎,5,4-5-3,861.7
20260328_尼崎_5,2026-03-28,尼崎,5,5-4-3,2881.0
20260328_尼崎_5,2026-03-28,尼崎,5,6-4-3,98.4
20260328_尼崎_5,2026-03-28,尼崎,5,1-5-6,940.0
20260328_尼崎_5,2026-03-28,尼崎,5,2-5-6,4394.0
20260328_尼崎_5,2026-03-28,尼崎,5,3-5-6,1331.0
20260328_尼崎_5,2026-03-28,尼崎,5,4-5-6,767.6
20260328_尼崎_5,2026-03-28,尼崎,5,5-4-6,2623.0
20260328_尼崎_5,2026-03-28,尼崎,5,6-4-5,526.3
20260328_尼崎_5,2026-03-28,尼崎,5,1-6-2,27.5
20260328_尼崎_5,2026-03-28,尼崎,5,2-6-1,233.1
20260328_尼崎_5,2026-03-28,尼崎,5,3-6-1,27.3
20260328_尼崎_5,2026-03-28,尼崎,5,4-6-1,82.6
20260328_尼崎_5,2026-03-28,尼崎,5,5-6-1,2881.0
20260328_尼崎_5,2026-03-28,尼崎,5,6-5-1,1292.0
20260328_尼崎_5,2026-03-28,尼崎,5,1-6-3,13.2
20260328_尼崎_5,2026-03-28,尼崎,5,2-6-3,260.4
20260328_尼崎_5,2026-03-28,尼崎,5,3-6-2,72.4
20260328_尼崎_5,2026-03-28,尼崎,5,4-6-2,162.1
20260328_尼崎_5,2026-03-28,尼崎,5,5-6-2,5493.0
20260328_尼崎_5,2026-03-28,尼崎,5,6-5-2,2020.0
20260328_尼崎_5,2026-03-28,尼崎,5,1-6-4,21.7
20260328_尼崎_5,2026-03-28,尼崎,5,2-6-4,307.3
20260328_尼崎_5,2026-03-28,尼崎,5,3-6-4,31.3
20260328_尼崎_5,2026-03-28,尼崎,5,4-6-3,94.3
20260328_尼崎_5,2026-03-28,尼崎,5,5-6-3,4883.0
20260328_尼崎_5,2026-03-28,尼崎,5,6-5-3,1910.0
20260328_尼崎_5,2026-03-28,尼崎,5,1-6-5,342.6
20260328_尼崎_5,2026-03-28,尼崎,5,2-6-5,2170.0
20260328_尼崎_5,2026-03-28,尼崎,5,3-6-5,563.4
20260328_尼崎_5,2026-03-28,尼崎,5,4-6-5,627.8
20260328_尼崎_5,2026-03-28,尼崎,5,5-6-4,3084.0
20260328_尼崎_5,2026-03-28,尼崎,5,6-5-4,1187.0
20260328_尼崎_6,2026-03-28,尼崎,6,1-2-3,0.0
20260328_尼崎_6,2026-03-28,尼崎,6,2-1-3,0.0
20260328_尼崎_6,2026-03-28,尼崎,6,3-1-2,0.0
20260328_尼崎_6,2026-03-28,尼崎,6,4-1-2,17.7
20260328_尼崎_6,2026-03-28,尼崎,6,5-1-2,128.1
20260328_尼崎_6,2026-03-28,尼崎,6,6-1-2,217.6
20260328_尼崎_6,2026-03-28,尼崎,6,1-2-4,8.9
20260328_尼崎_6,2026-03-28,尼崎,6,2-1-4,91.2
20260328_尼崎_6,2026-03-28,尼崎,6,3-1-4,0.0
20260328_尼崎_6,2026-03-28,尼崎,6,4-1-3,0.0
20260328_尼崎_6,2026-03-28,尼崎,6,5-1-3,0.0
20260328_尼崎_6,2026-03-28,尼崎,6,6-1-3,0.0
20260328_尼崎_6,2026-03-28,尼崎,6,1-2-5,22.9
20260328_尼崎_6,2026-03-28,尼崎,6,2-1-5,204.4
20260328_尼崎_6,2026-03-28,尼崎,6,3-1-5,0.0
20260328_尼崎_6,2026-03-28,尼崎,6,4-1-5,13.3
20260328_尼崎_6,2026-03-28,尼崎,6,5-1-4,79.0
20260328_尼崎_6,2026-03-28,尼崎,6,6-1-4,215.7
20260328_尼崎_6,2026-03-28,尼崎,6,1-2-6,40.0
20260328_尼崎_6,2026-03-28,尼崎,6,2-1-6,313.0
20260328_尼崎_6,2026-03-28,尼崎,6,3-1-6,0.0
20260328_尼崎_6,2026-03-28,尼崎,6,4-1-6,22.6
20260328_尼崎_6,2026-03-28,尼崎,6,5-1-6,141.6
20260328_尼崎_6,2026-03-28,尼崎,6,6-1-5,360.7
20260328_尼崎_6,2026-03-28,尼崎,6,1-3-2,0.0
20260328_尼崎_6,2026-03-28,尼崎,6,2-3-1,0.0
20260328_尼崎_6,2026-03-28,尼崎,6,3-2-1,0.0
20260328_尼崎_6,2026-03-28,尼崎,6,4-2-1,62.4
20260328_尼崎_6,2026-03-28,尼崎,6,5-2-1,287.4
20260328_尼崎_6,2026-03-28,尼崎,6,6-2-1,311.0
20260328_尼崎_6,2026-03-28,尼崎,6,1-3-4,0.0
20260328_尼崎_6,2026-03-28,尼崎,6,2-3-4,0.0
20260328_尼崎_6,2026-03-28,尼崎,6,3-2-4,0.0
20260328_尼崎_6,2026-03-28,尼崎,6,4-2-3,0.0
20260328_尼崎_6,2026-03-28,尼崎,6,5-2-3,0.0
20260328_尼崎_6,2026-03-28,尼崎,6,6-2-3,0.0
20260328_尼崎_6,2026-03-28,尼崎,6,1-3-5,0.0
20260328_尼崎_6,2026-03-28,尼崎,6,2-3-5,0.0
20260328_尼崎_6,2026-03-28,尼崎,6,3-2-5,0.0
20260328_尼崎_6,2026-03-28,尼崎,6,4-2-5,100.5
20260328_尼崎_6,2026-03-28,尼崎,6,5-2-4,319.9
20260328_尼崎_6,2026-03-28,尼崎,6,6-2-4,611.4
20260328_尼崎_6,2026-03-28,尼崎,6,1-3-6,0.0
20260328_尼崎_6,2026-03-28,尼崎,6,2-3-6,0.0
20260328_尼崎_6,2026-03-28,尼崎,6,3-2-6,0.0
20260328_尼崎_6,2026-03-28,尼崎,6,4-2-6,123.9
20260328_尼崎_6,2026-03-28,尼崎,6,5-2-6,459.5
20260328_尼崎_6,2026-03-28,尼崎,6,6-2-5,771.7
20260328_尼崎_6,2026-03-28,尼崎,6,1-4-2,4.5
20260328_尼崎_6,2026-03-28,尼崎,6,2-4-1,147.7
20260328_尼崎_6,2026-03-28,尼崎,6,3-4-1,0.0
20260328_尼崎_6,2026-03-28,尼崎,6,4-3-1,0.0
20260328_尼崎_6,2026-03-28,尼崎,6,5-3-1,0.0
20260328_尼崎_6,2026-03-28,尼崎,6,6-3-1,0.0
20260328_尼崎_6,2026-03-28,尼崎,6,1-4-3,0.0
20260328_尼崎_6,2026-03-28,尼崎,6,2-4-3,0.0
20260328_尼崎_6,2026-03-28,尼崎,6,3-4-2,0.0
20260328_尼崎_6,2026-03-28,尼崎,6,4-3-2,0.0
20260328_尼崎_6,2026-03-28,尼崎,6,5-3-2,0.0
20260328_尼崎_6,2026-03-28,尼崎,6,6-3-2,0.0
20260328_尼崎_6,2026-03-28,尼崎,6,1-4-5,4.5
20260328_尼崎_6,2026-03-28,尼崎,6,2-4-5,315.7
20260328_尼崎_6,2026-03-28,尼崎,6,3-4-5,0.0
20260328_尼崎_6,2026-03-28,尼崎,6,4-3-5,0.0
20260328_尼崎_6,2026-03-28,尼崎,6,5-3-4,0.0
20260328_尼崎_6,2026-03-28,尼崎,6,6-3-4,0.0
20260328_尼崎_6,2026-03-28,尼崎,6,1-4-6,11.3
20260328_尼崎_6,2026-03-28,尼崎,6,2-4-6,343.6
20260328_尼崎_6,2026-03-28,尼崎,6,3-4-6,0.0
20260328_尼崎_6,2026-03-28,尼崎,6,4-3-6,0.0
20260328_尼崎_6,2026-03-28,尼崎,6,5-3-6,0.0
20260328_尼崎_6,2026-03-28,尼崎,6,6-3-5,0.0
20260328_尼崎_6,2026-03-28,尼崎,6,1-5-2,23.6
20260328_尼崎_6,2026-03-28,尼崎,6,2-5-1,429.5
20260328_尼崎_6,2026-03-28,尼崎,6,3-5-1,0.0
20260328_尼崎_6,2026-03-28,尼崎,6,4-5-1,33.8
20260328_尼崎_6,2026-03-28,尼崎,6,5-4-1,95.6
20260328_尼崎_6,2026-03-28,尼崎,6,6-4-1,244.5
20260328_尼崎_6,2026-03-28,尼崎,6,1-5-3,0.0
20260328_尼崎_6,2026-03-28,尼崎,6,2-5-3,0.0
20260328_尼崎_6,2026-03-28,尼崎,6,3-5-2,0.0
20260328_尼崎_6,2026-03-28,尼崎,6,4-5-2,71.4
20260328_尼崎_6,2026-03-28,尼崎,6,5-4-2,209.1
20260328_尼崎_6,2026-03-28,尼崎,6,6-4-2,465.5
20260328_尼崎_6,2026-03-28,尼崎,6,1-5-4,16.4
20260328_尼崎_6,2026-03-28,尼崎,6,2-5-4,584.2
20260328_尼崎_6,2026-03-28,尼崎,6,3-5-4,0.0
20260328_尼崎_6,2026-03-28,尼崎,6,4-5-3,0.0
20260328_尼崎_6,2026-03-28,尼崎,6,5-4-3,0.0
20260328_尼崎_6,2026-03-28,尼崎,6,6-4-3,0.0
20260328_尼崎_6,2026-03-28,尼崎,6,1-5-6,43.8
20260328_尼崎_6,2026-03-28,尼崎,6,2-5-6,988.4
20260328_尼崎_6,2026-03-28,尼崎,6,3-5-6,0.0
20260328_尼崎_6,2026-03-28,尼崎,6,4-5-6,38.8
20260328_尼崎_6,2026-03-28,尼崎,6,5-4-6,176.2
20260328_尼崎_6,2026-03-28,尼崎,6,6-4-5,258.6
20260328_尼崎_6,2026-03-28,尼崎,6,1-6-2,76.4
20260328_尼崎_6,2026-03-28,尼崎,6,2-6-1,732.5
20260328_尼崎_6,2026-03-28,尼崎,6,3-6-1,0.0
20260328_尼崎_6,2026-03-28,尼崎,6,4-6-1,63.3
20260328_尼崎_6,2026-03-28,尼崎,6,5-6-1,224.7
20260328_尼崎_6,2026-03-28,尼崎,6,6-5-1,584.2
20260328_尼崎_6,2026-03-28,尼崎,6,1-6-3,0.0
20260328_尼崎_6,2026-03-28,尼崎,6,2-6-3,0.0
20260328_尼崎_6,2026-03-28,尼崎,6,3-6-2,0.0
20260328_尼崎_6,2026-03-28,尼崎,6,4-6-2,140.1
20260328_尼崎_6,2026-03-28,尼崎,6,5-6-2,399.7
20260328_尼崎_6,2026-03-28,尼崎,6,6-5-2,988.4
20260328_尼崎_6,2026-03-28,尼崎,6,1-6-4,48.5
20260328_尼崎_6,2026-03-28,尼崎,6,2-6-4,874.6
20260328_尼崎_6,2026-03-28,尼崎,6,3-6-4,0.0
20260328_尼崎_6,2026-03-28,尼崎,6,4-6-3,0.0
20260328_尼崎_6,2026-03-28,尼崎,6,5-6-3,0.0
20260328_尼崎_6,2026-03-28,尼崎,6,6-5-3,0.0
20260328_尼崎_6,2026-03-28,尼崎,6,1-6-5,92.3
20260328_尼崎_6,2026-03-28,尼崎,6,2-6-5,1154.0
20260328_尼崎_6,2026-03-28,尼崎,6,3-6-5,0.0
20260328_尼崎_6,2026-03-28,尼崎,6,4-6-5,92.3
20260328_尼崎_6,2026-03-28,尼崎,6,5-6-4,258.1
20260328_尼崎_6,2026-03-28,尼崎,6,6-5-4,285.7
20260328_尼崎_7,2026-03-28,尼崎,7,1-2-3,36.0
20260328_尼崎_7,2026-03-28,尼崎,7,2-1-3,175.4
20260328_尼崎_7,2026-03-28,尼崎,7,3-1-2,221.9
20260328_尼崎_7,2026-03-28,尼崎,7,4-1-2,539.0
20260328_尼崎_7,2026-03-28,尼崎,7,5-1-2,64.5
20260328_尼崎_7,2026-03-28,尼崎,7,6-1-2,63.0
20260328_尼崎_7,2026-03-28,尼崎,7,1-2-4,101.9
20260328_尼崎_7,2026-03-28,尼崎,7,2-1-4,350.8
20260328_尼崎_7,2026-03-28,尼崎,7,3-1-4,332.0
20260328_尼崎_7,2026-03-28,尼崎,7,4-1-3,526.2
20260328_尼崎_7,2026-03-28,尼崎,7,5-1-3,54.4
20260328_尼崎_7,2026-03-28,尼崎,7,6-1-3,42.1
20260328_尼崎_7,2026-03-28,尼崎,7,1-2-5,23.3
20260328_尼崎_7,2026-03-28,尼崎,7,2-1-5,112.4
20260328_尼崎_7,2026-03-28,尼崎,7,3-1-5,81.2
20260328_尼崎_7,2026-03-28,尼崎,7,4-1-5,324.3
20260328_尼崎_7,2026-03-28,尼崎,7,5-1-4,124.5
20260328_尼崎_7,2026-03-28,尼崎,7,6-1-4,110.5
20260328_尼崎_7,2026-03-28,尼崎,7,1-2-6,25.0
20260328_尼崎_7,2026-03-28,尼崎,7,2-1-6,118.2
20260328_尼崎_7,2026-03-28,尼崎,7,3-1-6,62.1
20260328_尼崎_7,2026-03-28,尼崎,7,4-1-6,247.9
20260328_尼崎_7,2026-03-28,尼崎,7,5-1-6,23.3
20260328_尼崎_7,2026-03-28,尼崎,7,6-1-5,31.4
20260328_尼崎_7,2026-03-28,尼崎,7,1-3-2,34.1
20260328_尼崎_7,2026-03-28,尼崎,7,2-3-1,329.1
20260328_尼崎_7,2026-03-28,尼崎,7,3-2-1,395.6
20260328_尼崎_7,2026-03-28,尼崎,7,4-2-1,840.8
20260328_尼崎_7,2026-03-28,尼崎,7,5-2-1,122.9
20260328_尼崎_7,2026-03-28,尼崎,7,6-2-1,119.8
20260328_尼崎_7,2026-03-28,尼崎,7,1-3-4,90.3
20260328_尼崎_7,2026-03-28,尼崎,7,2-3-4,985.4
20260328_尼崎_7,2026-03-28,尼崎,7,3-2-4,894.2
20260328_尼崎_7,2026-03-28,尼崎,7,4-2-3,1357.0
20260328_尼崎_7,2026-03-28,尼崎,7,5-2-3,223.2
20260328_尼崎_7,2026-03-28,尼崎,7,6-2-3,179.4
20260328_尼崎_7,2026-03-28,尼崎,7,1-3-5,14.9
20260328_尼崎_7,2026-03-28,尼崎,7,2-3-5,322.3
20260328_尼崎_7,2026-03-28,尼崎,7,3-2-5,353.2
20260328_尼崎_7,2026-03-28,尼崎,7,4-2-5,1081.0
20260328_尼崎_7,2026-03-28,尼崎,7,5-2-4,500.6
20260328_尼崎_7,2026-03-28,尼崎,7,6-2-4,324.3
20260328_尼崎_7,2026-03-28,尼崎,7,1-3-6,15.3
20260328_尼崎_7,2026-03-28,尼崎,7,2-3-6,382.9
20260328_尼崎_7,2026-03-28,尼崎,7,3-2-6,332.0
20260328_尼崎_7,2026-03-28,尼崎,7,4-2-6,666.8
20260328_尼崎_7,2026-03-28,尼崎,7,5-2-6,109.9
20260328_尼崎_7,2026-03-28,尼崎,7,6-2-5,126.1
20260328_尼崎_7,2026-03-28,尼崎,7,1-4-2,159.1
20260328_尼崎_7,2026-03-28,尼崎,7,2-4-1,773.5
20260328_尼崎_7,2026-03-28,尼崎,7,3-4-1,733.2
20260328_尼崎_7,2026-03-28,尼崎,7,4-3-1,1052.0
20260328_尼崎_7,2026-03-28,尼崎,7,5-3-1,108.2
20260328_尼崎_7,2026-03-28,尼崎,7,6-3-1,97.4
20260328_尼崎_7,2026-03-28,尼崎,7,1-4-3,170.3
20260328_尼崎_7,2026-03-28,尼崎,7,2-4-3,1531.0
20260328_尼崎_7,2026-03-28,尼崎,7,3-4-2,1459.0
20260328_尼崎_7,2026-03-28,尼崎,7,4-3-2,1562.0
20260328_尼崎_7,2026-03-28,尼崎,7,5-3-2,288.6
20260328_尼崎_7,2026-03-28,尼崎,7,6-3-2,201.7
20260328_尼崎_7,2026-03-28,尼崎,7,1-4-5,111.8
20260328_尼崎_7,2026-03-28,尼崎,7,2-4-5,949.1
20260328_尼崎_7,2026-03-28,尼崎,7,3-4-5,773.5
20260328_尼崎_7,2026-03-28,尼崎,7,4-3-5,1052.0
20260328_尼崎_7,2026-03-28,尼崎,7,5-3-4,486.5
20260328_尼崎_7,2026-03-28,尼崎,7,6-3-4,298.6
20260328_尼崎_7,2026-03-28,尼崎,7,1-4-6,85.0
20260328_尼崎_7,2026-03-28,尼崎,7,2-4-6,973.0
20260328_尼崎_7,2026-03-28,尼崎,7,3-4-6,568.7
20260328_尼崎_7,2026-03-28,尼崎,7,4-3-6,641.9
20260328_尼崎_7,2026-03-28,尼崎,7,5-3-6,98.3
20260328_尼崎_7,2026-03-28,尼崎,7,6-3-5,124.0
20260328_尼崎_7,2026-03-28,尼崎,7,1-5-2,22.2
20260328_尼崎_7,2026-03-28,尼崎,7,2-5-1,183.7
20260328_尼崎_7,2026-03-28,尼崎,7,3-5-1,123.4
20260328_尼崎_7,2026-03-28,尼崎,7,4-5-1,333.4
20260328_尼崎_7,2026-03-28,尼崎,7,5-4-1,240.9
20260328_尼崎_7,2026-03-28,尼崎,7,6-4-1,189.8
20260328_尼崎_7,2026-03-28,尼崎,7,1-5-3,16.4
20260328_尼崎_7,2026-03-28,尼崎,7,2-5-3,319.6
20260328_尼崎_7,2026-03-28,尼崎,7,3-5-2,293.0
20260328_尼崎_7,2026-03-28,尼崎,7,4-5-2,985.4
20260328_尼崎_7,2026-03-28,尼崎,7,5-4-2,464.6
20260328_尼崎_7,2026-03-28,尼崎,7,6-4-2,334.8
20260328_尼崎_7,2026-03-28,尼崎,7,1-5-4,72.2
20260328_尼崎_7,2026-03-28,尼崎,7,2-5-4,781.3
20260328_尼崎_7,2026-03-28,尼崎,7,3-5-4,442.0
20260328_尼崎_7,2026-03-28,尼崎,7,4-5-3,814.2
20260328_尼崎_7,2026-03-28,尼崎,7,5-4-3,510.6
20260328_尼崎_7,2026-03-28,尼崎,7,6-4-3,303.3
20260328_尼崎_7,2026-03-28,尼崎,7,1-5-6,11.1
20260328_尼崎_7,2026-03-28,尼崎,7,2-5-6,178.0
20260328_尼崎_7,2026-03-28,尼崎,7,3-5-6,105.2
20260328_尼崎_7,2026-03-28,尼崎,7,4-5-6,213.3
20260328_尼崎_7,2026-03-28,尼崎,7,5-4-6,127.8
20260328_尼崎_7,2026-03-28,尼崎,7,6-4-5,177.4
20260328_尼崎_7,2026-03-28,尼崎,7,1-6-2,28.9
20260328_尼崎_7,2026-03-28,尼崎,7,2-6-1,248.3
20260328_尼崎_7,2026-03-28,尼崎,7,3-6-1,120.8
20260328_尼崎_7,2026-03-28,尼崎,7,4-6-1,217.9
20260328_尼崎_7,2026-03-28,尼崎,7,5-6-1,31.7
20260328_尼崎_7,2026-03-28,尼崎,7,6-5-1,40.5
20260328_尼崎_7,2026-03-28,尼崎,7,1-6-3,19.5
20260328_尼崎_7,2026-03-28,尼崎,7,2-6-3,425.0
20260328_尼崎_7,2026-03-28,尼崎,7,3-6-2,342.2
20260328_尼崎_7,2026-03-28,尼崎,7,4-6-2,316.3
20260328_尼崎_7,2026-03-28,尼崎,7,5-6-2,68.8
20260328_尼崎_7,2026-03-28,尼崎,7,6-5-2,116.4
20260328_尼崎_7,2026-03-28,尼崎,7,1-6-4,60.0
20260328_尼崎_7,2026-03-28,尼崎,7,2-6-4,758.3
20260328_尼崎_7,2026-03-28,尼崎,7,3-6-4,434.5
20260328_尼崎_7,2026-03-28,尼崎,7,4-6-3,349.2
20260328_尼崎_7,2026-03-28,尼崎,7,5-6-3,69.1
20260328_尼崎_7,2026-03-28,尼崎,7,6-5-3,103.7
20260328_尼崎_7,2026-03-28,尼崎,7,1-6-5,14.2
20260328_尼崎_7,2026-03-28,尼崎,7,2-6-5,235.8
20260328_尼崎_7,2026-03-28,尼崎,7,3-6-5,127.5
20260328_尼崎_7,2026-03-28,尼崎,7,4-6-5,193.3
20260328_尼崎_7,2026-03-28,尼崎,7,5-6-4,97.1
20260328_尼崎_7,2026-03-28,尼崎,7,6-5-4,157.5
20260328_尼崎_8,2026-03-28,尼崎,8,1-2-3,14.7
20260328_尼崎_8,2026-03-28,尼崎,8,2-1-3,86.5
20260328_尼崎_8,2026-03-28,尼崎,8,3-1-2,49.6
20260328_尼崎_8,2026-03-28,尼崎,8,4-1-2,227.8
20260328_尼崎_8,2026-03-28,尼崎,8,5-1-2,504.8
20260328_尼崎_8,2026-03-28,尼崎,8,6-1-2,668.9
20260328_尼崎_8,2026-03-28,尼崎,8,1-2-4,25.8
20260328_尼崎_8,2026-03-28,尼崎,8,2-1-4,131.1
20260328_尼崎_8,2026-03-28,尼崎,8,3-1-4,13.4
20260328_尼崎_8,2026-03-28,尼崎,8,4-1-3,89.0
20260328_尼崎_8,2026-03-28,尼崎,8,5-1-3,305.5
20260328_尼崎_8,2026-03-28,尼崎,8,6-1-3,273.8
20260328_尼崎_8,2026-03-28,尼崎,8,1-2-5,59.5
20260328_尼崎_8,2026-03-28,尼崎,8,2-1-5,330.9
20260328_尼崎_8,2026-03-28,尼崎,8,3-1-5,36.3
20260328_尼崎_8,2026-03-28,尼崎,8,4-1-5,189.0
20260328_尼崎_8,2026-03-28,尼崎,8,5-1-4,332.1
20260328_尼崎_8,2026-03-28,尼崎,8,6-1-4,417.1
20260328_尼崎_8,2026-03-28,尼崎,8,1-2-6,33.7
20260328_尼崎_8,2026-03-28,尼崎,8,2-1-6,162.0
20260328_尼崎_8,2026-03-28,尼崎,8,3-1-6,19.0
20260328_尼崎_8,2026-03-28,尼崎,8,4-1-6,116.7
20260328_尼崎_8,2026-03-28,尼崎,8,5-1-6,307.0
20260328_尼崎_8,2026-03-28,尼崎,8,6-1-5,800.4
20260328_尼崎_8,2026-03-28,尼崎,8,1-3-2,12.7
20260328_尼崎_8,2026-03-28,尼崎,8,2-3-1,180.6
20260328_尼崎_8,2026-03-28,尼崎,8,3-2-1,178.7
20260328_尼崎_8,2026-03-28,尼崎,8,4-2-1,517.4
20260328_尼崎_8,2026-03-28,尼崎,8,5-2-1,1240.0
20260328_尼崎_8,2026-03-28,尼崎,8,6-2-1,1193.0
20260328_尼崎_8,2026-03-28,尼崎,8,1-3-4,5.6
20260328_尼崎_8,2026-03-28,尼崎,8,2-3-4,421.8
20260328_尼崎_8,2026-03-28,尼崎,8,3-2-4,350.1
20260328_尼崎_8,2026-03-28,尼崎,8,4-2-3,817.9
20260328_尼崎_8,2026-03-28,尼崎,8,5-2-3,1474.0
20260328_尼崎_8,2026-03-28,尼崎,8,6-2-3,1854.0
20260328_尼崎_8,2026-03-28,尼崎,8,1-3-5,15.1
20260328_尼崎_8,2026-03-28,尼崎,8,2-3-5,639.2
20260328_尼崎_8,2026-03-28,尼崎,8,3-2-5,485.2
20260328_尼崎_8,2026-03-28,尼崎,8,4-2-5,1319.0
20260328_尼崎_8,2026-03-28,尼崎,8,5-2-4,2341.0
20260328_尼崎_8,2026-03-28,尼崎,8,6-2-4,2370.0
20260328_尼崎_8,2026-03-28,尼崎,8,1-3-6,9.9
20260328_尼崎_8,2026-03-28,尼崎,8,2-3-6,385.4
20260328_尼崎_8,2026-03-28,尼崎,8,3-2-6,359.5
20260328_尼崎_8,2026-03-28,尼崎,8,4-2-6,661.8
20260328_尼崎_8,2026-03-28,尼崎,8,5-2-6,1587.0
20260328_尼崎_8,2026-03-28,尼崎,8,6-2-5,2973.0
20260328_尼崎_8,2026-03-28,尼崎,8,1-4-2,31.3
20260328_尼崎_8,2026-03-28,尼崎,8,2-4-1,491.6
20260328_尼崎_8,2026-03-28,尼崎,8,3-4-1,42.3
20260328_尼崎_8,2026-03-28,尼崎,8,4-3-1,110.7
20260328_尼崎_8,2026-03-28,尼崎,8,5-3-1,462.4
20260328_尼崎_8,2026-03-28,尼崎,8,6-3-1,363.7
20260328_尼崎_8,2026-03-28,尼崎,8,1-4-3,13.1
20260328_尼崎_8,2026-03-28,尼崎,8,2-4-3,875.2
20260328_尼崎_8,2026-03-28,尼崎,8,3-4-2,192.9
20260328_尼崎_8,2026-03-28,尼崎,8,4-3-2,510.3
20260328_尼崎_8,2026-03-28,尼崎,8,5-3-2,1101.0
20260328_尼崎_8,2026-03-28,尼崎,8,6-3-2,1440.0
20260328_尼崎_8,2026-03-28,尼崎,8,1-4-5,36.5
20260328_尼崎_8,2026-03-28,尼崎,8,2-4-5,2256.0
20260328_尼崎_8,2026-03-28,尼崎,8,3-4-5,101.5
20260328_尼崎_8,2026-03-28,尼崎,8,4-3-5,222.1
20260328_尼崎_8,2026-03-28,尼崎,8,5-3-4,557.4
20260328_尼崎_8,2026-03-28,尼崎,8,6-3-4,648.1
20260328_尼崎_8,2026-03-28,尼崎,8,1-4-6,22.0
20260328_尼崎_8,2026-03-28,尼崎,8,2-4-6,1046.0
20260328_尼崎_8,2026-03-28,尼崎,8,3-4-6,63.0
20260328_尼崎_8,2026-03-28,尼崎,8,4-3-6,176.7
20260328_尼崎_8,2026-03-28,尼崎,8,5-3-6,598.4
20260328_尼崎_8,2026-03-28,尼崎,8,6-3-5,1232.0
20260328_尼崎_8,2026-03-28,尼崎,8,1-5-2,98.5
20260328_尼崎_8,2026-03-28,尼崎,8,2-5-1,1672.0
20260328_尼崎_8,2026-03-28,尼崎,8,3-5-1,174.7
20260328_尼崎_8,2026-03-28,尼崎,8,4-5-1,293.1
20260328_尼崎_8,2026-03-28,尼崎,8,5-4-1,533.6
20260328_尼崎_8,2026-03-28,尼崎,8,6-4-1,671.3
20260328_尼崎_8,2026-03-28,尼崎,8,1-5-3,55.4
20260328_尼崎_8,2026-03-28,尼崎,8,2-5-3,2178.0
20260328_尼崎_8,2026-03-28,尼崎,8,3-5-2,476.6
20260328_尼崎_8,2026-03-28,尼崎,8,4-5-2,790.3
20260328_尼崎_8,2026-03-28,尼崎,8,5-4-2,1818.0
20260328_尼崎_8,2026-03-28,尼崎,8,6-4-2,1892.0
20260328_尼崎_8,2026-03-28,尼崎,8,1-5-4,78.9
20260328_尼崎_8,2026-03-28,尼崎,8,2-5-4,2838.0
20260328_尼崎_8,2026-03-28,尼崎,8,3-5-4,215.5
20260328_尼崎_8,2026-03-28,尼崎,8,4-5-3,459.0
20260328_尼崎_8,2026-03-28,尼崎,8,5-4-3,678.6
20260328_尼崎_8,2026-03-28,尼崎,8,6-4-3,832.4
20260328_尼崎_8,2026-03-28,尼崎,8,1-5-6,79.7
20260328_尼崎_8,2026-03-28,尼崎,8,2-5-6,1951.0
20260328_尼崎_8,2026-03-28,尼崎,8,3-5-6,213.0
20260328_尼崎_8,2026-03-28,尼崎,8,4-5-6,330.3
20260328_尼崎_8,2026-03-28,尼崎,8,5-4-6,612.1
20260328_尼崎_8,2026-03-28,尼崎,8,6-4-5,1397.0
20260328_尼崎_8,2026-03-28,尼崎,8,1-6-2,79.3
20260328_尼崎_8,2026-03-28,尼崎,8,2-6-1,810.8
20260328_尼崎_8,2026-03-28,尼崎,8,3-6-1,100.4
20260328_尼崎_8,2026-03-28,尼崎,8,4-6-1,244.5
20260328_尼崎_8,2026-03-28,尼崎,8,5-6-1,581.7
20260328_尼崎_8,2026-03-28,尼崎,8,6-5-1,1108.0
20260328_尼崎_8,2026-03-28,尼崎,8,1-6-3,41.6
20260328_尼崎_8,2026-03-28,尼崎,8,2-6-3,1498.0
20260328_尼崎_8,2026-03-28,尼崎,8,3-6-2,419.0
20260328_尼崎_8,2026-03-28,尼崎,8,4-6-2,676.2
20260328_尼崎_8,2026-03-28,尼崎,8,5-6-2,1600.0
20260328_尼崎_8,2026-03-28,尼崎,8,6-5-2,2675.0
20260328_尼崎_8,2026-03-28,尼崎,8,1-6-4,58.5
20260328_尼崎_8,2026-03-28,尼崎,8,2-6-4,1750.0
20260328_尼崎_8,2026-03-28,尼崎,8,3-6-4,132.2
20260328_尼崎_8,2026-03-28,尼崎,8,4-6-3,332.6
20260328_尼崎_8,2026-03-28,尼崎,8,5-6-3,821.5
20260328_尼崎_8,2026-03-28,尼崎,8,6-5-3,1628.0
20260328_尼崎_8,2026-03-28,尼崎,8,1-6-5,124.5
20260328_尼崎_8,2026-03-28,尼崎,8,2-6-5,2881.0
20260328_尼崎_8,2026-03-28,尼崎,8,3-6-5,264.5
20260328_尼崎_8,2026-03-28,尼崎,8,4-6-5,473.0
20260328_尼崎_8,2026-03-28,尼崎,8,5-6-4,787.0
20260328_尼崎_8,2026-03-28,尼崎,8,6-5-4,1377.0
20260328_尼崎_9,2026-03-28,尼崎,9,1-2-3,9.4
20260328_尼崎_9,2026-03-28,尼崎,9,2-1-3,17.5
20260328_尼崎_9,2026-03-28,尼崎,9,3-1-2,42.0
20260328_尼崎_9,2026-03-28,尼崎,9,4-1-2,117.1
20260328_尼崎_9,2026-03-28,尼崎,9,5-1-2,245.0
20260328_尼崎_9,2026-03-28,尼崎,9,6-1-2,91.4
20260328_尼崎_9,2026-03-28,尼崎,9,1-2-4,9.9
20260328_尼崎_9,2026-03-28,尼崎,9,2-1-4,15.2
20260328_尼崎_9,2026-03-28,尼崎,9,3-1-4,92.0
20260328_尼崎_9,2026-03-28,尼崎,9,4-1-3,328.1
20260328_尼崎_9,2026-03-28,尼崎,9,5-1-3,399.8
20260328_尼崎_9,2026-03-28,尼崎,9,6-1-3,188.7
20260328_尼崎_9,2026-03-28,尼崎,9,1-2-5,84.8
20260328_尼崎_9,2026-03-28,尼崎,9,2-1-5,95.6
20260328_尼崎_9,2026-03-28,尼崎,9,3-1-5,281.8
20260328_尼崎_9,2026-03-28,尼崎,9,4-1-5,457.4
20260328_尼崎_9,2026-03-28,尼崎,9,5-1-4,424.9
20260328_尼崎_9,2026-03-28,尼崎,9,6-1-4,182.3
20260328_尼崎_9,2026-03-28,尼崎,9,1-2-6,12.6
20260328_尼崎_9,2026-03-28,尼崎,9,2-1-6,16.8
20260328_尼崎_9,2026-03-28,尼崎,9,3-1-6,78.9
20260328_尼崎_9,2026-03-28,尼崎,9,4-1-6,158.8
20260328_尼崎_9,2026-03-28,尼崎,9,5-1-6,412.0
20260328_尼崎_9,2026-03-28,尼崎,9,6-1-5,499.7
20260328_尼崎_9,2026-03-28,尼崎,9,1-3-2,16.1
20260328_尼崎_9,2026-03-28,尼崎,9,2-3-1,41.8
20260328_尼崎_9,2026-03-28,尼崎,9,3-2-1,54.4
20260328_尼崎_9,2026-03-28,尼崎,9,4-2-1,127.6
20260328_尼崎_9,2026-03-28,尼崎,9,5-2-1,280.0
20260328_尼崎_9,2026-03-28,尼崎,9,6-2-1,99.4
20260328_尼崎_9,2026-03-28,尼崎,9,1-3-4,33.6
20260328_尼崎_9,2026-03-28,尼崎,9,2-3-4,56.1
20260328_尼崎_9,2026-03-28,尼崎,9,3-2-4,63.2
20260328_尼崎_9,2026-03-28,尼崎,9,4-2-3,244.5
20260328_尼崎_9,2026-03-28,尼崎,9,5-2-3,343.7
20260328_尼崎_9,2026-03-28,尼崎,9,6-2-3,176.6
20260328_尼崎_9,2026-03-28,尼崎,9,1-3-5,138.8
20260328_尼崎_9,2026-03-28,尼崎,9,2-3-5,228.7
20260328_尼崎_9,2026-03-28,尼崎,9,3-2-5,248.1
20260328_尼崎_9,2026-03-28,尼崎,9,4-2-5,506.8
20260328_尼崎_9,2026-03-28,尼崎,9,5-2-4,422.5
20260328_尼崎_9,2026-03-28,尼崎,9,6-2-4,140.3
20260328_尼崎_9,2026-03-28,尼崎,9,1-3-6,39.5
20260328_尼崎_9,2026-03-28,尼崎,9,2-3-6,47.7
20260328_尼崎_9,2026-03-28,尼崎,9,3-2-6,55.8
20260328_尼崎_9,2026-03-28,尼崎,9,4-2-6,112.1
20260328_尼崎_9,2026-03-28,尼崎,9,5-2-6,352.1
20260328_尼崎_9,2026-03-28,尼崎,9,6-2-5,471.3
20260328_尼崎_9,2026-03-28,尼崎,9,1-4-2,25.6
20260328_尼崎_9,2026-03-28,尼崎,9,2-4-1,40.8
20260328_尼崎_9,2026-03-28,尼崎,9,3-4-1,229.4
20260328_尼崎_9,2026-03-28,尼崎,9,4-3-1,471.3
20260328_尼崎_9,2026-03-28,尼崎,9,5-3-1,676.7
20260328_尼崎_9,2026-03-28,尼崎,9,6-3-1,342.1
20260328_尼崎_9,2026-03-28,尼崎,9,1-4-3,59.4
20260328_尼崎_9,2026-03-28,尼崎,9,2-4-3,66.0
20260328_尼崎_9,2026-03-28,尼崎,9,3-4-2,142.9
20260328_尼崎_9,2026-03-28,尼崎,9,4-3-2,369.6
20260328_尼崎_9,2026-03-28,尼崎,9,5-3-2,599.7
20260328_尼崎_9,2026-03-28,尼崎,9,6-3-2,328.1
20260328_尼崎_9,2026-03-28,尼崎,9,1-4-5,212.7
20260328_尼崎_9,2026-03-28,尼崎,9,2-4-5,262.6
20260328_尼崎_9,2026-03-28,尼崎,9,3-4-5,615.0
20260328_尼崎_9,2026-03-28,尼崎,9,4-3-5,820.9
20260328_尼崎_9,2026-03-28,尼崎,9,5-3-4,938.6
20260328_尼崎_9,2026-03-28,尼崎,9,6-3-4,555.0
20260328_尼崎_9,2026-03-28,尼崎,9,1-4-6,44.7
20260328_尼崎_9,2026-03-28,尼崎,9,2-4-6,37.4
20260328_尼崎_9,2026-03-28,尼崎,9,3-4-6,176.5
20260328_尼崎_9,2026-03-28,尼崎,9,4-3-6,374.8
20260328_尼崎_9,2026-03-28,尼崎,9,5-3-6,849.9
20260328_尼崎_9,2026-03-28,尼崎,9,6-3-5,1167.0
20260328_尼崎_9,2026-03-28,尼崎,9,1-5-2,234.1
20260328_尼崎_9,2026-03-28,尼崎,9,2-5-1,262.6
20260328_尼崎_9,2026-03-28,尼崎,9,3-5-1,808.6
20260328_尼崎_9,2026-03-28,尼崎,9,4-5-1,749.6
20260328_尼崎_9,2026-03-28,尼崎,9,5-4-1,853.3
20260328_尼崎_9,2026-03-28,尼崎,9,6-4-1,230.1
20260328_尼崎_9,2026-03-28,尼崎,9,1-5-3,312.4
20260328_尼崎_9,2026-03-28,尼崎,9,2-5-3,552.1
20260328_尼崎_9,2026-03-28,尼崎,9,3-5-2,683.2
20260328_尼崎_9,2026-03-28,尼崎,9,4-5-2,976.9
20260328_尼崎_9,2026-03-28,尼崎,9,5-4-2,691.9
20260328_尼崎_9,2026-03-28,尼崎,9,6-4-2,164.1
20260328_尼崎_9,2026-03-28,尼崎,9,1-5-4,405.0
20260328_尼崎_9,2026-03-28,尼崎,9,2-5-4,514.0
20260328_尼崎_9,2026-03-28,尼崎,9,3-5-4,1095.0
20260328_尼崎_9,2026-03-28,尼崎,9,4-5-3,1458.0
20260328_尼崎_9,2026-03-28,尼崎,9,5-4-3,972.5
20260328_尼崎_9,2026-03-28,尼崎,9,6-4-3,440.6
20260328_尼崎_9,2026-03-28,尼崎,9,1-5-6,328.6
20260328_尼崎_9,2026-03-28,尼崎,9,2-5-6,340.5
20260328_尼崎_9,2026-03-28,尼崎,9,3-5-6,881.2
20260328_尼崎_9,2026-03-28,尼崎,9,4-5-6,644.4
20260328_尼崎_9,2026-03-28,尼崎,9,5-4-6,687.5
20260328_尼崎_9,2026-03-28,尼崎,9,6-4-5,543.8
20260328_尼崎_9,2026-03-28,尼崎,9,1-6-2,31.8
20260328_尼崎_9,2026-03-28,尼崎,9,2-6-1,41.2
20260328_尼崎_9,2026-03-28,尼崎,9,3-6-1,167.3
20260328_尼崎_9,2026-03-28,尼崎,9,4-6-1,159.5
20260328_尼崎_9,2026-03-28,尼崎,9,5-6-1,627.6
20260328_尼崎_9,2026-03-28,尼崎,9,6-5-1,951.0
20260328_尼崎_9,2026-03-28,尼崎,9,1-6-3,61.2
20260328_尼崎_9,2026-03-28,尼崎,9,2-6-3,61.5
20260328_尼崎_9,2026-03-28,尼崎,9,3-6-2,114.5
20260328_尼崎_9,2026-03-28,尼崎,9,4-6-2,117.1
20260328_尼崎_9,2026-03-28,尼崎,9,5-6-2,560.7
20260328_尼崎_9,2026-03-28,尼崎,9,6-5-2,959.5
20260328_尼崎_9,2026-03-28,尼崎,9,1-6-4,65.6
20260328_尼崎_9,2026-03-28,尼崎,9,2-6-4,48.5
20260328_尼崎_9,2026-03-28,尼崎,9,3-6-4,193.8
20260328_尼崎_9,2026-03-28,尼崎,9,4-6-3,280.3
20260328_尼崎_9,2026-03-28,尼崎,9,5-6-3,942.7
20260328_尼崎_9,2026-03-28,尼崎,9,6-5-3,1411.0
20260328_尼崎_9,2026-03-28,尼崎,9,1-6-5,265.8
20260328_尼崎_9,2026-03-28,尼崎,9,2-6-5,230.9
20260328_尼崎_9,2026-03-28,尼崎,9,3-6-5,633.1
20260328_尼崎_9,2026-03-28,尼崎,9,4-6-5,386.9
20260328_尼崎_9,2026-03-28,尼崎,9,5-6-4,734.3
20260328_尼崎_9,2026-03-28,尼崎,9,6-5-4,985.8
20260328_尼崎_10,2026-03-28,尼崎,10,1-2-3,36.6
20260328_尼崎_10,2026-03-28,尼崎,10,2-1-3,231.3
20260328_尼崎_10,2026-03-28,尼崎,10,3-1-2,65.4
20260328_尼崎_10,2026-03-28,尼崎,10,4-1-2,40.0
20260328_尼崎_10,2026-03-28,尼崎,10,5-1-2,1420.0
20260328_尼崎_10,2026-03-28,尼崎,10,6-1-2,798.3
20260328_尼崎_10,2026-03-28,尼崎,10,1-2-4,34.6
20260328_尼崎_10,2026-03-28,尼崎,10,2-1-4,212.7
20260328_尼崎_10,2026-03-28,尼崎,10,3-1-4,15.1
20260328_尼崎_10,2026-03-28,尼崎,10,4-1-3,14.8
20260328_尼崎_10,2026-03-28,尼崎,10,5-1-3,898.6
20260328_尼崎_10,2026-03-28,尼崎,10,6-1-3,441.0
20260328_尼崎_10,2026-03-28,尼崎,10,1-2-5,185.4
20260328_尼崎_10,2026-03-28,尼崎,10,2-1-5,1027.0
20260328_尼崎_10,2026-03-28,尼崎,10,3-1-5,138.0
20260328_尼崎_10,2026-03-28,尼崎,10,4-1-5,56.1
20260328_尼崎_10,2026-03-28,尼崎,10,5-1-4,811.7
20260328_尼崎_10,2026-03-28,尼崎,10,6-1-4,283.2
20260328_尼崎_10,2026-03-28,尼崎,10,1-2-6,106.6
20260328_尼崎_10,2026-03-28,尼崎,10,2-1-6,525.0
20260328_尼崎_10,2026-03-28,尼崎,10,3-1-6,42.9
20260328_尼崎_10,2026-03-28,尼崎,10,4-1-6,18.3
20260328_尼崎_10,2026-03-28,尼崎,10,5-1-6,1150.0
20260328_尼崎_10,2026-03-28,尼崎,10,6-1-5,1192.0
20260328_尼崎_10,2026-03-28,尼崎,10,1-3-2,22.1
20260328_尼崎_10,2026-03-28,尼崎,10,2-3-1,359.7
20260328_尼崎_10,2026-03-28,尼崎,10,3-2-1,186.8
20260328_尼崎_10,2026-03-28,尼崎,10,4-2-1,149.1
20260328_尼崎_10,2026-03-28,尼崎,10,5-2-1,2033.0
20260328_尼崎_10,2026-03-28,尼崎,10,6-2-1,1305.0
20260328_尼崎_10,2026-03-28,尼崎,10,1-3-4,7.5
20260328_尼崎_10,2026-03-28,尼崎,10,2-3-4,443.1
20260328_尼崎_10,2026-03-28,尼崎,10,3-2-4,167.5
20260328_尼崎_10,2026-03-28,尼崎,10,4-2-3,158.4
20260328_尼崎_10,2026-03-28,尼崎,10,5-2-3,882.1
20260328_尼崎_10,2026-03-28,尼崎,10,6-2-3,1725.0
20260328_尼崎_10,2026-03-28,尼崎,10,1-3-5,83.3
20260328_尼崎_10,2026-03-28,尼崎,10,2-3-5,1254.0
20260328_尼崎_10,2026-03-28,尼崎,10,3-2-5,423.6
20260328_尼崎_10,2026-03-28,尼崎,10,4-2-5,296.7
20260328_尼崎_10,2026-03-28,尼崎,10,5-2-4,2385.0
20260328_尼崎_10,2026-03-28,尼崎,10,6-2-4,1332.0
20260328_尼崎_10,2026-03-28,尼崎,10,1-3-6,26.7
20260328_尼崎_10,2026-03-28,尼崎,10,2-3-6,811.7
20260328_尼崎_10,2026-03-28,尼崎,10,3-2-6,295.8
20260328_尼崎_10,2026-03-28,尼崎,10,4-2-6,161.0
20260328_尼崎_10,2026-03-28,尼崎,10,5-2-6,1822.0
20260328_尼崎_10,2026-03-28,尼崎,10,6-2-5,2356.0
20260328_尼崎_10,2026-03-28,尼崎,10,1-4-2,17.9
20260328_尼崎_10,2026-03-28,尼崎,10,2-4-1,345.0
20260328_尼崎_10,2026-03-28,尼崎,10,3-4-1,24.7
20260328_尼崎_10,2026-03-28,尼崎,10,4-3-1,26.1
20260328_尼崎_10,2026-03-28,尼崎,10,5-3-1,1129.0
20260328_尼崎_10,2026-03-28,尼崎,10,6-3-1,594.4
20260328_尼崎_10,2026-03-28,尼崎,10,1-4-3,7.2
20260328_尼崎_10,2026-03-28,尼崎,10,2-4-3,466.6
20260328_尼崎_10,2026-03-28,尼崎,10,3-4-2,107.6
20260328_尼崎_10,2026-03-28,尼崎,10,4-3-2,104.6
20260328_尼崎_10,2026-03-28,尼崎,10,5-3-2,878.1
20260328_尼崎_10,2026-03-28,尼崎,10,6-3-2,1420.0
20260328_尼崎_10,2026-03-28,尼崎,10,1-4-5,58.2
20260328_尼崎_10,2026-03-28,尼崎,10,2-4-5,1271.0
20260328_尼崎_10,2026-03-28,尼崎,10,3-4-5,119.2
20260328_尼崎_10,2026-03-28,尼崎,10,4-3-5,115.2
20260328_尼崎_10,2026-03-28,尼崎,10,5-3-4,1271.0
20260328_尼崎_10,2026-03-28,尼崎,10,6-3-4,486.6
20260328_尼崎_10,2026-03-28,尼崎,10,1-4-6,15.4
20260328_尼崎_10,2026-03-28,尼崎,10,2-4-6,697.4
20260328_尼崎_10,2026-03-28,尼崎,10,3-4-6,39.3
20260328_尼崎_10,2026-03-28,尼崎,10,4-3-6,37.8
20260328_尼崎_10,2026-03-28,尼崎,10,5-3-6,1370.0
20260328_尼崎_10,2026-03-28,尼崎,10,6-3-5,1772.0
20260328_尼崎_10,2026-03-28,尼崎,10,1-5-2,316.2
20260328_尼崎_10,2026-03-28,尼崎,10,2-5-1,1521.0
20260328_尼崎_10,2026-03-28,尼崎,10,3-5-1,360.4
20260328_尼崎_10,2026-03-28,尼崎,10,4-5-1,90.3
20260328_尼崎_10,2026-03-28,尼崎,10,5-4-1,641.8
20260328_尼崎_10,2026-03-28,尼崎,10,6-4-1,222.5
20260328_尼崎_10,2026-03-28,尼崎,10,1-5-3,237.0
20260328_尼崎_10,2026-03-28,尼崎,10,2-5-3,1497.0
20260328_尼崎_10,2026-03-28,尼崎,10,3-5-2,436.1
20260328_尼崎_10,2026-03-28,尼崎,10,4-5-2,197.3
20260328_尼崎_10,2026-03-28,尼崎,10,5-4-2,1022.0
20260328_尼崎_10,2026-03-28,尼崎,10,6-4-2,609.4
20260328_尼崎_10,2026-03-28,尼崎,10,1-5-4,219.7
20260328_尼崎_10,2026-03-28,尼崎,10,2-5-4,1623.0
20260328_尼崎_10,2026-03-28,尼崎,10,3-5-4,300.0
20260328_尼崎_10,2026-03-28,尼崎,10,4-5-3,151.7
20260328_尼崎_10,2026-03-28,尼崎,10,5-4-3,898.6
20260328_尼崎_10,2026-03-28,尼崎,10,6-4-3,319.3
20260328_尼崎_10,2026-03-28,尼崎,10,1-5-6,301.8
20260328_尼崎_10,2026-03-28,尼崎,10,2-5-6,1971.0
20260328_尼崎_10,2026-03-28,尼崎,10,3-5-6,355.8
20260328_尼崎_10,2026-03-28,尼崎,10,4-5-6,79.4
20260328_尼崎_10,2026-03-28,尼崎,10,5-4-6,609.4
20260328_尼崎_10,2026-03-28,尼崎,10,6-4-5,723.6
20260328_尼崎_10,2026-03-28,尼崎,10,1-6-2,186.3
20260328_尼崎_10,2026-03-28,尼崎,10,2-6-1,1262.0
20260328_尼崎_10,2026-03-28,尼崎,10,3-6-1,181.0
20260328_尼崎_10,2026-03-28,尼崎,10,4-6-1,28.9
20260328_尼崎_10,2026-03-28,尼崎,10,5-6-1,1486.0
20260328_尼崎_10,2026-03-28,尼崎,10,6-5-1,1610.0
20260328_尼崎_10,2026-03-28,尼崎,10,1-6-3,103.2
20260328_尼崎_10,2026-03-28,尼崎,10,2-6-3,1452.0
20260328_尼崎_10,2026-03-28,尼崎,10,3-6-2,390.3
20260328_尼崎_10,2026-03-28,尼崎,10,4-6-2,79.8
20260328_尼崎_10,2026-03-28,尼崎,10,5-6-2,1894.0
20260328_尼崎_10,2026-03-28,尼崎,10,6-5-2,2100.0
20260328_尼崎_10,2026-03-28,尼崎,10,1-6-4,75.9
20260328_尼崎_10,2026-03-28,尼崎,10,2-6-4,1254.0
20260328_尼崎_10,2026-03-28,尼崎,10,3-6-4,132.0
20260328_尼崎_10,2026-03-28,尼崎,10,4-6-3,37.8
20260328_尼崎_10,2026-03-28,尼崎,10,5-6-3,1857.0
20260328_尼崎_10,2026-03-28,尼崎,10,6-5-3,1857.0
20260328_尼崎_10,2026-03-28,尼崎,10,1-6-5,316.7
20260328_尼崎_10,2026-03-28,尼崎,10,2-6-5,1951.0
20260328_尼崎_10,2026-03-28,尼崎,10,3-6-5,437.1
20260328_尼崎_10,2026-03-28,尼崎,10,4-6-5,73.9
20260328_尼崎_10,2026-03-28,尼崎,10,5-6-4,1033.0
20260328_尼崎_10,2026-03-28,尼崎,10,6-5-4,1156.0
20260328_尼崎_11,2026-03-28,尼崎,11,1-2-3,7.1
20260328_尼崎_11,2026-03-28,尼崎,11,2-1-3,31.7
20260328_尼崎_11,2026-03-28,尼崎,11,3-1-2,32.9
20260328_尼崎_11,2026-03-28,尼崎,11,4-1-2,362.3
20260328_尼崎_11,2026-03-28,尼崎,11,5-1-2,47.3
20260328_尼崎_11,2026-03-28,尼崎,11,6-1-2,1945.0
20260328_尼崎_11,2026-03-28,尼崎,11,1-2-4,27.3
20260328_尼崎_11,2026-03-28,尼崎,11,2-1-4,109.4
20260328_尼崎_11,2026-03-28,尼崎,11,3-1-4,85.8
20260328_尼崎_11,2026-03-28,尼崎,11,4-1-3,397.3
20260328_尼崎_11,2026-03-28,尼崎,11,5-1-3,39.7
20260328_尼崎_11,2026-03-28,尼崎,11,6-1-3,1497.0
20260328_尼崎_11,2026-03-28,尼崎,11,1-2-5,9.4
20260328_尼崎_11,2026-03-28,尼崎,11,2-1-5,35.3
20260328_尼崎_11,2026-03-28,尼崎,11,3-1-5,25.7
20260328_尼崎_11,2026-03-28,尼崎,11,4-1-5,250.8
20260328_尼崎_11,2026-03-28,尼崎,11,5-1-4,117.7
20260328_尼崎_11,2026-03-28,尼崎,11,6-1-4,2873.0
20260328_尼崎_11,2026-03-28,尼崎,11,1-2-6,91.9
20260328_尼崎_11,2026-03-28,尼崎,11,2-1-6,198.8
20260328_尼崎_11,2026-03-28,尼崎,11,3-1-6,187.6
20260328_尼崎_11,2026-03-28,尼崎,11,4-1-6,641.9
20260328_尼崎_11,2026-03-28,尼崎,11,5-1-6,125.0
20260328_尼崎_11,2026-03-28,尼崎,11,6-1-5,1535.0
20260328_尼崎_11,2026-03-28,尼崎,11,1-3-2,8.6
20260328_尼崎_11,2026-03-28,尼崎,11,2-3-1,67.3
20260328_尼崎_11,2026-03-28,尼崎,11,3-2-1,66.6
20260328_尼崎_11,2026-03-28,尼崎,11,4-2-1,607.2
20260328_尼崎_11,2026-03-28,尼崎,11,5-2-1,89.3
20260328_尼崎_11,2026-03-28,尼崎,11,6-2-1,2267.0
20260328_尼崎_11,2026-03-28,尼崎,11,1-3-4,28.6
20260328_尼崎_11,2026-03-28,尼崎,11,2-3-4,197.5
20260328_尼崎_11,2026-03-28,尼崎,11,3-2-4,219.6
20260328_尼崎_11,2026-03-28,尼崎,11,4-2-3,755.7
20260328_尼崎_11,2026-03-28,尼崎,11,5-2-3,100.4
20260328_尼崎_11,2026-03-28,尼崎,11,6-2-3,2042.0
20260328_尼崎_11,2026-03-28,尼崎,11,1-3-5,8.8
20260328_尼崎_11,2026-03-28,尼崎,11,2-3-5,71.9
20260328_尼崎_11,2026-03-28,尼崎,11,3-2-5,68.1
20260328_尼崎_11,2026-03-28,尼崎,11,4-2-5,508.5
20260328_尼崎_11,2026-03-28,尼崎,11,5-2-4,245.9
20260328_尼崎_11,2026-03-28,尼崎,11,6-2-4,3168.0
20260328_尼崎_11,2026-03-28,尼崎,11,1-3-6,74.6
20260328_尼崎_11,2026-03-28,尼崎,11,2-3-6,381.9
20260328_尼崎_11,2026-03-28,尼崎,11,3-2-6,396.6
20260328_尼崎_11,2026-03-28,尼崎,11,4-2-6,1079.0
20260328_尼崎_11,2026-03-28,尼崎,11,5-2-6,267.1
20260328_尼崎_11,2026-03-28,尼崎,11,6-2-5,2226.0
20260328_尼崎_11,2026-03-28,尼崎,11,1-4-2,58.6
20260328_尼崎_11,2026-03-28,尼崎,11,2-4-1,339.4
20260328_尼崎_11,2026-03-28,尼崎,11,3-4-1,220.6
20260328_尼崎_11,2026-03-28,尼崎,11,4-3-1,611.7
20260328_尼崎_11,2026-03-28,尼崎,11,5-3-1,69.3
20260328_尼崎_11,2026-03-28,尼崎,11,6-3-1,1790.0
20260328_尼崎_11,2026-03-28,尼崎,11,1-4-3,72.0
20260328_尼崎_11,2026-03-28,尼崎,11,2-4-3,363.9
20260328_尼崎_11,2026-03-28,尼崎,11,3-4-2,325.1
20260328_尼崎_11,2026-03-28,尼崎,11,4-3-2,888.9
20260328_尼崎_11,2026-03-28,尼崎,11,5-3-2,106.3
20260328_尼崎_11,2026-03-28,尼崎,11,6-3-2,2076.0
20260328_尼崎_11,2026-03-28,尼崎,11,1-4-5,57.6
20260328_尼崎_11,2026-03-28,尼崎,11,2-4-5,321.7
20260328_尼崎_11,2026-03-28,尼崎,11,3-4-5,188.7
20260328_尼崎_11,2026-03-28,尼崎,11,4-3-5,494.2
20260328_尼崎_11,2026-03-28,尼崎,11,5-3-4,178.5
20260328_尼崎_11,2026-03-28,尼崎,11,6-3-4,2629.0
20260328_尼崎_11,2026-03-28,尼崎,11,1-4-6,195.3
20260328_尼崎_11,2026-03-28,尼崎,11,2-4-6,1042.0
20260328_尼崎_11,2026-03-28,尼崎,11,3-4-6,673.3
20260328_尼崎_11,2026-03-28,尼崎,11,4-3-6,1343.0
20260328_尼崎_11,2026-03-28,尼崎,11,5-3-6,211.0
20260328_尼崎_11,2026-03-28,尼崎,11,6-3-5,1752.0
20260328_尼崎_11,2026-03-28,尼崎,11,1-5-2,16.3
20260328_尼崎_11,2026-03-28,尼崎,11,2-5-1,81.5
20260328_尼崎_11,2026-03-28,尼崎,11,3-5-1,47.4
20260328_尼崎_11,2026-03-28,尼崎,11,4-5-1,225.2
20260328_尼崎_11,2026-03-28,尼崎,11,5-4-1,186.7
20260328_尼崎_11,2026-03-28,尼崎,11,6-4-1,2776.0
20260328_尼崎_11,2026-03-28,尼崎,11,1-5-3,16.4
20260328_尼崎_11,2026-03-28,尼崎,11,2-5-3,91.3
20260328_尼崎_11,2026-03-28,尼崎,11,3-5-2,71.1
20260328_尼崎_11,2026-03-28,尼崎,11,4-5-2,347.5
20260328_尼崎_11,2026-03-28,尼崎,11,5-4-2,278.3
20260328_尼崎_11,2026-03-28,尼崎,11,6-4-2,2521.0
20260328_尼崎_11,2026-03-28,尼崎,11,1-5-4,51.4
20260328_尼崎_11,2026-03-28,尼崎,11,2-5-4,243.4
20260328_尼崎_11,2026-03-28,尼崎,11,3-5-4,144.0
20260328_尼崎_11,2026-03-28,尼崎,11,4-5-3,284.7
20260328_尼崎_11,2026-03-28,尼崎,11,5-4-3,222.0
20260328_尼崎_11,2026-03-28,尼崎,11,6-4-3,2629.0
20260328_尼崎_11,2026-03-28,尼崎,11,1-5-6,85.3
20260328_尼崎_11,2026-03-28,尼崎,11,2-5-6,371.0
20260328_尼崎_11,2026-03-28,尼崎,11,3-5-6,211.5
20260328_尼崎_11,2026-03-28,尼崎,11,4-5-6,320.1
20260328_尼崎_11,2026-03-28,尼崎,11,5-4-6,281.4
20260328_尼崎_11,2026-03-28,尼崎,11,6-4-5,1993.0
20260328_尼崎_11,2026-03-28,尼崎,11,1-6-2,318.0
20260328_尼崎_11,2026-03-28,尼崎,11,2-6-1,1211.0
20260328_尼崎_11,2026-03-28,尼崎,11,3-6-1,704.0
20260328_尼崎_11,2026-03-28,尼崎,11,4-6-1,1113.0
20260328_尼崎_11,2026-03-28,尼崎,11,5-6-1,310.0
20260328_尼崎_11,2026-03-28,尼崎,11,6-5-1,1372.0
20260328_尼崎_11,2026-03-28,尼崎,11,1-6-3,317.6
20260328_尼崎_11,2026-03-28,尼崎,11,2-6-3,1273.0
20260328_尼崎_11,2026-03-28,尼崎,11,3-6-2,954.1
20260328_尼崎_11,2026-03-28,尼崎,11,4-6-2,1335.0
20260328_尼崎_11,2026-03-28,尼崎,11,5-6-2,463.6
20260328_尼崎_11,2026-03-28,尼崎,11,6-5-2,1961.0
20260328_尼崎_11,2026-03-28,尼崎,11,1-6-4,459.3
20260328_尼崎_11,2026-03-28,尼崎,11,2-6-4,1961.0
20260328_尼崎_11,2026-03-28,尼崎,11,3-6-4,1021.0
20260328_尼崎_11,2026-03-28,尼崎,11,4-6-3,1428.0
20260328_尼崎_11,2026-03-28,尼崎,11,5-6-3,358.1
20260328_尼崎_11,2026-03-28,尼崎,11,6-5-3,1574.0
20260328_尼崎_11,2026-03-28,尼崎,11,1-6-5,261.2
20260328_尼崎_11,2026-03-28,尼崎,11,2-6-5,1118.0
20260328_尼崎_11,2026-03-28,尼崎,11,3-6-5,712.2
20260328_尼崎_11,2026-03-28,尼崎,11,4-6-5,840.5
20260328_尼崎_11,2026-03-28,尼崎,11,5-6-4,536.0
20260328_尼崎_11,2026-03-28,尼崎,11,6-5-4,1993.0
20260328_尼崎_12,2026-03-28,尼崎,12,1-2-3,16.3
20260328_尼崎_12,2026-03-28,尼崎,12,2-1-3,84.9
20260328_尼崎_12,2026-03-28,尼崎,12,3-1-2,168.3
20260328_尼崎_12,2026-03-28,尼崎,12,4-1-2,46.1
20260328_尼崎_12,2026-03-28,尼崎,12,5-1-2,91.7
20260328_尼崎_12,2026-03-28,尼崎,12,6-1-2,695.1
20260328_尼崎_12,2026-03-28,尼崎,12,1-2-4,7.7
20260328_尼崎_12,2026-03-28,尼崎,12,2-1-4,49.7
20260328_尼崎_12,2026-03-28,尼崎,12,3-1-4,121.7
20260328_尼崎_12,2026-03-28,尼崎,12,4-1-3,118.0
20260328_尼崎_12,2026-03-28,尼崎,12,5-1-3,177.3
20260328_尼崎_12,2026-03-28,尼崎,12,6-1-3,1031.0
20260328_尼崎_12,2026-03-28,尼崎,12,1-2-5,11.7
20260328_尼崎_12,2026-03-28,尼崎,12,2-1-5,71.2
20260328_尼崎_12,2026-03-28,尼崎,12,3-1-5,158.1
20260328_尼崎_12,2026-03-28,尼崎,12,4-1-5,32.3
20260328_尼崎_12,2026-03-28,尼崎,12,5-1-4,72.3
20260328_尼崎_12,2026-03-28,尼崎,12,6-1-4,563.6
20260328_尼崎_12,2026-03-28,尼崎,12,1-2-6,40.6
20260328_尼崎_12,2026-03-28,尼崎,12,2-1-6,144.9
20260328_尼崎_12,2026-03-28,尼崎,12,3-1-6,314.2
20260328_尼崎_12,2026-03-28,尼崎,12,4-1-6,65.0
20260328_尼崎_12,2026-03-28,尼崎,12,5-1-6,116.2
20260328_尼崎_12,2026-03-28,尼崎,12,6-1-5,677.2
20260328_尼崎_12,2026-03-28,尼崎,12,1-3-2,28.0
20260328_尼崎_12,2026-03-28,尼崎,12,2-3-1,347.5
20260328_尼崎_12,2026-03-28,尼崎,12,3-2-1,420.0
20260328_尼崎_12,2026-03-28,尼崎,12,4-2-1,121.5
20260328_尼崎_12,2026-03-28,尼崎,12,5-2-1,228.8
20260328_尼崎_12,2026-03-28,尼崎,12,6-2-1,956.5
20260328_尼崎_12,2026-03-28,尼崎,12,1-3-4,23.4
20260328_尼崎_12,2026-03-28,尼崎,12,2-3-4,560.0
20260328_尼崎_12,2026-03-28,尼崎,12,3-2-4,498.2
20260328_尼崎_12,2026-03-28,尼崎,12,4-2-3,395.8
20260328_尼崎_12,2026-03-28,尼崎,12,5-2-3,457.3
20260328_尼崎_12,2026-03-28,尼崎,12,6-2-3,2113.0
20260328_尼崎_12,2026-03-28,尼崎,12,1-3-5,30.9
20260328_尼崎_12,2026-03-28,尼崎,12,2-3-5,725.9
20260328_尼崎_12,2026-03-28,尼崎,12,3-2-5,542.6
20260328_尼崎_12,2026-03-28,尼崎,12,4-2-5,140.0
20260328_尼崎_12,2026-03-28,尼崎,12,5-2-4,273.0
20260328_尼崎_12,2026-03-28,尼崎,12,6-2-4,1056.0
20260328_尼崎_12,2026-03-28,尼崎,12,1-3-6,63.1
20260328_尼崎_12,2026-03-28,尼崎,12,2-3-6,1357.0
20260328_尼崎_12,2026-03-28,尼崎,12,3-2-6,1087.0
20260328_尼崎_12,2026-03-28,尼崎,12,4-2-6,267.9
20260328_尼崎_12,2026-03-28,尼崎,12,5-2-6,392.9
20260328_尼崎_12,2026-03-28,尼崎,12,6-2-5,1669.0
20260328_尼崎_12,2026-03-28,尼崎,12,1-4-2,8.8
20260328_尼崎_12,2026-03-28,尼崎,12,2-4-1,141.2
20260328_尼崎_12,2026-03-28,尼崎,12,3-4-1,338.1
20260328_尼崎_12,2026-03-28,尼崎,12,4-3-1,385.9
20260328_尼崎_12,2026-03-28,尼崎,12,5-3-1,472.2
20260328_尼崎_12,2026-03-28,尼崎,12,6-3-1,2130.0
20260328_尼崎_12,2026-03-28,尼崎,12,1-4-3,22.4
20260328_尼崎_12,2026-03-28,尼崎,12,2-4-3,484.4
20260328_尼崎_12,2026-03-28,尼崎,12,3-4-2,517.9
20260328_尼崎_12,2026-03-28,尼崎,12,4-3-2,594.2
20260328_尼崎_12,2026-03-28,尼崎,12,5-3-2,689.6
20260328_尼崎_12,2026-03-28,尼崎,12,6-3-2,2544.0
20260328_尼崎_12,2026-03-28,尼崎,12,1-4-5,9.6
20260328_尼崎_12,2026-03-28,尼崎,12,2-4-5,271.5
20260328_尼崎_12,2026-03-28,尼崎,12,3-4-5,392.3
20260328_尼崎_12,2026-03-28,尼崎,12,4-3-5,392.9
20260328_尼崎_12,2026-03-28,尼崎,12,5-3-4,598.3
20260328_尼崎_12,2026-03-28,尼崎,12,6-3-4,2361.0
20260328_尼崎_12,2026-03-28,尼崎,12,1-4-6,28.5
20260328_尼崎_12,2026-03-28,尼崎,12,2-4-6,473.0
20260328_尼崎_12,2026-03-28,尼崎,12,3-4-6,702.6
20260328_尼崎_12,2026-03-28,尼崎,12,4-3-6,708.3
20260328_尼崎_12,2026-03-28,尼崎,12,5-3-6,960.0
20260328_尼崎_12,2026-03-28,尼崎,12,6-3-5,2496.0
20260328_尼崎_12,2026-03-28,尼崎,12,1-5-2,18.0
20260328_尼崎_12,2026-03-28,尼崎,12,2-5-1,201.7
20260328_尼崎_12,2026-03-28,尼崎,12,3-5-1,368.6
20260328_尼崎_12,2026-03-28,尼崎,12,4-5-1,48.2
20260328_尼崎_12,2026-03-28,尼崎,12,5-4-1,99.0
20260328_尼崎_12,2026-03-28,尼崎,12,6-4-1,598.3
20260328_尼崎_12,2026-03-28,尼崎,12,1-5-3,39.4
20260328_尼崎_12,2026-03-28,尼崎,12,2-5-3,712.1
20260328_尼崎_12,2026-03-28,尼崎,12,3-5-2,577.2
20260328_尼崎_12,2026-03-28,尼崎,12,4-5-2,81.5
20260328_尼崎_12,2026-03-28,尼崎,12,5-4-2,166.7
20260328_尼崎_12,2026-03-28,尼崎,12,6-4-2,1004.0
20260328_尼崎_12,2026-03-28,尼崎,12,1-5-4,18.9
20260328_尼崎_12,2026-03-28,尼崎,12,2-5-4,348.0
20260328_尼崎_12,2026-03-28,尼崎,12,3-5-4,505.9
20260328_尼崎_12,2026-03-28,尼崎,12,4-5-3,209.6
20260328_尼崎_12,2026-03-28,尼崎,12,5-4-3,333.0
20260328_尼崎_12,2026-03-28,尼崎,12,6-4-3,1782.0
20260328_尼崎_12,2026-03-28,尼崎,12,1-5-6,47.0
20260328_尼崎_12,2026-03-28,尼崎,12,2-5-6,576.0
20260328_尼崎_12,2026-03-28,尼崎,12,3-5-6,621.0
20260328_尼崎_12,2026-03-28,尼崎,12,4-5-6,65.8
20260328_尼崎_12,2026-03-28,尼崎,12,5-4-6,130.8
20260328_尼崎_12,2026-03-28,尼崎,12,6-4-5,977.9
20260328_尼崎_12,2026-03-28,尼崎,12,1-6-2,138.2
20260328_尼崎_12,2026-03-28,尼崎,12,2-6-1,748.8
20260328_尼崎_12,2026-03-28,尼崎,12,3-6-1,1394.0
20260328_尼崎_12,2026-03-28,尼崎,12,4-6-1,154.9
20260328_尼崎_12,2026-03-28,尼崎,12,5-6-1,290.5
20260328_尼崎_12,2026-03-28,尼崎,12,6-5-1,926.0
20260328_尼崎_12,2026-03-28,尼崎,12,1-6-3,205.2
20260328_尼崎_12,2026-03-28,尼崎,12,2-6-3,1970.0
20260328_尼崎_12,2026-03-28,尼崎,12,3-6-2,2221.0
20260328_尼崎_12,2026-03-28,尼崎,12,4-6-2,267.7
20260328_尼崎_12,2026-03-28,尼崎,12,5-6-2,498.2
20260328_尼崎_12,2026-03-28,尼崎,12,6-5-2,1323.0
20260328_尼崎_12,2026-03-28,尼崎,12,1-6-4,128.5
20260328_尼崎_12,2026-03-28,尼崎,12,2-6-4,981.5
20260328_尼崎_12,2026-03-28,尼崎,12,3-6-4,1532.0
20260328_尼崎_12,2026-03-28,尼崎,12,4-6-3,576.0
20260328_尼崎_12,2026-03-28,尼崎,12,5-6-3,864.9
20260328_尼崎_12,2026-03-28,尼崎,12,6-5-3,1770.0
20260328_尼崎_12,2026-03-28,尼崎,12,1-6-5,152.4
20260328_尼崎_12,2026-03-28,尼崎,12,2-6-5,1110.0
20260328_尼崎_12,2026-03-28,尼崎,12,3-6-5,1680.0
20260328_尼崎_12,2026-03-28,尼崎,12,4-6-5,146.9
20260328_尼崎_12,2026-03-28,尼崎,12,5-6-4,319.6
20260328_尼崎_12,2026-03-28,尼崎,12,6-5-4,862.1
20260328_児島_1,2026-03-28,児島,1,1-2-3,7.8
20260328_児島_1,2026-03-28,児島,1,2-1-3,41.5
20260328_児島_1,2026-03-28,児島,1,3-1-2,89.0
20260328_児島_1,2026-03-28,児島,1,4-1-2,25.1
20260328_児島_1,2026-03-28,児島,1,5-1-2,726.1
20260328_児島_1,2026-03-28,児島,1,6-1-2,225.1
20260328_児島_1,2026-03-28,児島,1,1-2-4,7.5
20260328_児島_1,2026-03-28,児島,1,2-1-4,22.6
20260328_児島_1,2026-03-28,児島,1,3-1-4,66.4
20260328_児島_1,2026-03-28,児島,1,4-1-3,44.8
20260328_児島_1,2026-03-28,児島,1,5-1-3,985.5
20260328_児島_1,2026-03-28,児島,1,6-1-3,530.6
20260328_児島_1,2026-03-28,児島,1,1-2-5,78.5
20260328_児島_1,2026-03-28,児島,1,2-1-5,210.8
20260328_児島_1,2026-03-28,児島,1,3-1-5,364.4
20260328_児島_1,2026-03-28,児島,1,4-1-5,132.1
20260328_児島_1,2026-03-28,児島,1,5-1-4,791.6
20260328_児島_1,2026-03-28,児島,1,6-1-4,210.4
20260328_児島_1,2026-03-28,児島,1,1-2-6,30.3
20260328_児島_1,2026-03-28,児島,1,2-1-6,75.9
20260328_児島_1,2026-03-28,児島,1,3-1-6,171.5
20260328_児島_1,2026-03-28,児島,1,4-1-6,35.1
20260328_児島_1,2026-03-28,児島,1,5-1-6,985.5
20260328_児島_1,2026-03-28,児島,1,6-1-5,818.4
20260328_児島_1,2026-03-28,児島,1,1-3-2,14.3
20260328_児島_1,2026-03-28,児島,1,2-3-1,91.5
20260328_児島_1,2026-03-28,児島,1,3-2-1,112.8
20260328_児島_1,2026-03-28,児島,1,4-2-1,27.6
20260328_児島_1,2026-03-28,児島,1,5-2-1,1049.0
20260328_児島_1,2026-03-28,児島,1,6-2-1,262.4
20260328_児島_1,2026-03-28,児島,1,1-3-4,16.2
20260328_児島_1,2026-03-28,児島,1,2-3-4,75.9
20260328_児島_1,2026-03-28,児島,1,3-2-4,90.8
20260328_児島_1,2026-03-28,児島,1,4-2-3,89.0
20260328_児島_1,2026-03-28,児島,1,5-2-3,1016.0
20260328_児島_1,2026-03-28,児島,1,6-2-3,754.5
20260328_児島_1,2026-03-28,児島,1,1-3-5,105.4
20260328_児島_1,2026-03-28,児島,1,2-3-5,409.2
20260328_児島_1,2026-03-28,児島,1,3-2-5,425.4
20260328_児島_1,2026-03-28,児島,1,4-2-5,197.5
20260328_児島_1,2026-03-28,児島,1,5-2-4,1305.0
20260328_児島_1,2026-03-28,児島,1,6-2-4,286.5
20260328_児島_1,2026-03-28,児島,1,1-3-6,45.7
20260328_児島_1,2026-03-28,児島,1,2-3-6,181.8
20260328_児島_1,2026-03-28,児島,1,3-2-6,219.9
20260328_児島_1,2026-03-28,児島,1,4-2-6,51.2
20260328_児島_1,2026-03-28,児島,1,5-2-6,1694.0
20260328_児島_1,2026-03-28,児島,1,6-2-5,1287.0
20260328_児島_1,2026-03-28,児島,1,1-4-2,10.8
20260328_児島_1,2026-03-28,児島,1,2-4-1,37.6
20260328_児島_1,2026-03-28,児島,1,3-4-1,101.0
20260328_児島_1,2026-03-28,児島,1,4-3-1,93.6
20260328_児島_1,2026-03-28,児島,1,5-3-1,1463.0
20260328_児島_1,2026-03-28,児島,1,6-3-1,1027.0
20260328_児島_1,2026-03-28,児島,1,1-4-3,16.0
20260328_児島_1,2026-03-28,児島,1,2-4-3,81.3
20260328_児島_1,2026-03-28,児島,1,3-4-2,128.4
20260328_児島_1,2026-03-28,児島,1,4-3-2,140.5
20260328_児島_1,2026-03-28,児島,1,5-3-2,1609.0
20260328_児島_1,2026-03-28,児島,1,6-3-2,1305.0
20260328_児島_1,2026-03-28,児島,1,1-4-5,118.7
20260328_児島_1,2026-03-28,児島,1,2-4-5,299.0
20260328_児島_1,2026-03-28,児島,1,3-4-5,551.8
20260328_児島_1,2026-03-28,児島,1,4-3-5,455.5
20260328_児島_1,2026-03-28,児島,1,5-3-4,2054.0
20260328_児島_1,2026-03-28,児島,1,6-3-4,1006.0
20260328_児島_1,2026-03-28,児島,1,1-4-6,26.6
20260328_児島_1,2026-03-28,児島,1,2-4-6,89.5
20260328_児島_1,2026-03-28,児島,1,3-4-6,233.2
20260328_児島_1,2026-03-28,児島,1,4-3-6,172.7
20260328_児島_1,2026-03-28,児島,1,5-3-6,2246.0
20260328_児島_1,2026-03-28,児島,1,6-3-5,1931.0
20260328_児島_1,2026-03-28,児島,1,1-5-2,252.1
20260328_児島_1,2026-03-28,児島,1,2-5-1,870.0
20260328_児島_1,2026-03-28,児島,1,3-5-1,748.6
20260328_児島_1,2026-03-28,児島,1,4-5-1,237.8
20260328_児島_1,2026-03-28,児島,1,5-4-1,919.8
20260328_児島_1,2026-03-28,児島,1,6-4-1,202.4
20260328_児島_1,2026-03-28,児島,1,1-5-3,272.8
20260328_児島_1,2026-03-28,児島,1,2-5-3,886.0
20260328_児島_1,2026-03-28,児島,1,3-5-2,704.9
20260328_児島_1,2026-03-28,児島,1,4-5-2,301.8
20260328_児島_1,2026-03-28,児島,1,5-4-2,1085.0
20260328_児島_1,2026-03-28,児島,1,6-4-2,243.8
20260328_児島_1,2026-03-28,児島,1,1-5-4,311.5
20260328_児島_1,2026-03-28,児島,1,2-5-4,742.9
20260328_児島_1,2026-03-28,児島,1,3-5-4,847.1
20260328_児島_1,2026-03-28,児島,1,4-5-3,492.7
20260328_児島_1,2026-03-28,児島,1,5-4-3,1755.0
20260328_児島_1,2026-03-28,児島,1,6-4-3,561.5
20260328_児島_1,2026-03-28,児島,1,1-5-6,431.1
20260328_児島_1,2026-03-28,児島,1,2-5-6,1270.0
20260328_児島_1,2026-03-28,児島,1,3-5-6,1360.0
20260328_児島_1,2026-03-28,児島,1,4-5-6,311.5
20260328_児島_1,2026-03-28,児島,1,5-4-6,1192.0
20260328_児島_1,2026-03-28,児島,1,6-4-5,578.3
20260328_児島_1,2026-03-28,児島,1,1-6-2,66.9
20260328_児島_1,2026-03-28,児島,1,2-6-1,233.2
20260328_児島_1,2026-03-28,児島,1,3-6-1,363.0
20260328_児島_1,2026-03-28,児島,1,4-6-1,40.6
20260328_児島_1,2026-03-28,児島,1,5-6-1,1533.0
20260328_児島_1,2026-03-28,児島,1,6-5-1,1485.0
20260328_児島_1,2026-03-28,児島,1,1-6-3,121.0
20260328_児島_1,2026-03-28,児島,1,2-6-3,370.0
20260328_児島_1,2026-03-28,児島,1,3-6-2,427.3
20260328_児島_1,2026-03-28,児島,1,4-6-2,46.6
20260328_児島_1,2026-03-28,児島,1,5-6-2,1305.0
20260328_児島_1,2026-03-28,児島,1,6-5-2,1788.0
20260328_児島_1,2026-03-28,児島,1,1-6-4,79.3
20260328_児島_1,2026-03-28,児島,1,2-6-4,175.9
20260328_児島_1,2026-03-28,児島,1,3-6-4,468.8
20260328_児島_1,2026-03-28,児島,1,4-6-3,129.9
20260328_児島_1,2026-03-28,児島,1,5-6-3,2099.0
20260328_児島_1,2026-03-28,児島,1,6-5-3,2146.0
20260328_児島_1,2026-03-28,児島,1,1-6-5,304.6
20260328_児島_1,2026-03-28,児島,1,2-6-5,1097.0
20260328_児島_1,2026-03-28,児島,1,3-6-5,1123.0
20260328_児島_1,2026-03-28,児島,1,4-6-5,164.8
20260328_児島_1,2026-03-28,児島,1,5-6-4,1254.0
20260328_児島_1,2026-03-28,児島,1,6-5-4,1149.0
20260328_児島_2,2026-03-28,児島,2,1-2-3,6.0
20260328_児島_2,2026-03-28,児島,2,2-1-3,40.5
20260328_児島_2,2026-03-28,児島,2,3-1-2,33.0
20260328_児島_2,2026-03-28,児島,2,4-1-2,452.9
20260328_児島_2,2026-03-28,児島,2,5-1-2,131.0
20260328_児島_2,2026-03-28,児島,2,6-1-2,2704.0
20260328_児島_2,2026-03-28,児島,2,1-2-4,41.6
20260328_児島_2,2026-03-28,児島,2,2-1-4,200.5
20260328_児島_2,2026-03-28,児島,2,3-1-4,76.0
20260328_児島_2,2026-03-28,児島,2,4-1-3,378.1
20260328_児島_2,2026-03-28,児島,2,5-1-3,68.9
20260328_児島_2,2026-03-28,児島,2,6-1-3,1331.0
20260328_児島_2,2026-03-28,児島,2,1-2-5,13.2
20260328_児島_2,2026-03-28,児島,2,2-1-5,129.5
20260328_児島_2,2026-03-28,児島,2,3-1-5,24.2
20260328_児島_2,2026-03-28,児島,2,4-1-5,306.6
20260328_児島_2,2026-03-28,児島,2,5-1-4,236.0
20260328_児島_2,2026-03-28,児島,2,6-1-4,2878.0
20260328_児島_2,2026-03-28,児島,2,1-2-6,277.1
20260328_児島_2,2026-03-28,児島,2,2-1-6,719.6
20260328_児島_2,2026-03-28,児島,2,3-1-6,299.4
20260328_児島_2,2026-03-28,児島,2,4-1-6,883.5
20260328_児島_2,2026-03-28,児島,2,5-1-6,315.3
20260328_児島_2,2026-03-28,児島,2,6-1-5,1158.0
20260328_児島_2,2026-03-28,児島,2,1-3-2,5.0
20260328_児島_2,2026-03-28,児島,2,2-3-1,62.5
20260328_児島_2,2026-03-28,児島,2,3-2-1,53.6
20260328_児島_2,2026-03-28,児島,2,4-2-1,607.0
20260328_児島_2,2026-03-28,児島,2,5-2-1,314.2
20260328_児島_2,2026-03-28,児島,2,6-2-1,4249.0
20260328_児島_2,2026-03-28,児島,2,1-3-4,19.3
20260328_児島_2,2026-03-28,児島,2,2-3-4,424.9
20260328_児島_2,2026-03-28,児島,2,3-2-4,262.4
20260328_児島_2,2026-03-28,児島,2,4-2-3,796.7
20260328_児島_2,2026-03-28,児島,2,5-2-3,314.2
20260328_児島_2,2026-03-28,児島,2,6-2-3,4249.0
20260328_児島_2,2026-03-28,児島,2,1-3-5,4.5
20260328_児島_2,2026-03-28,児島,2,2-3-5,270.4
20260328_児島_2,2026-03-28,児島,2,3-2-5,156.5
20260328_児島_2,2026-03-28,児島,2,4-2-5,929.5
20260328_児島_2,2026-03-28,児島,2,5-2-4,883.5
20260328_児島_2,2026-03-28,児島,2,6-2-4,3879.0
20260328_児島_2,2026-03-28,児島,2,1-3-6,134.3
20260328_児島_2,2026-03-28,児島,2,2-3-6,1593.0
20260328_児島_2,2026-03-28,児島,2,3-2-6,686.4
20260328_児島_2,2026-03-28,児島,2,4-2-6,2288.0
20260328_児島_2,2026-03-28,児島,2,5-2-6,1115.0
20260328_児島_2,2026-03-28,児島,2,6-2-5,4056.0
20260328_児島_2,2026-03-28,児島,2,1-4-2,57.6
20260328_児島_2,2026-03-28,児島,2,2-4-1,429.0
20260328_児島_2,2026-03-28,児島,2,3-4-1,227.6
20260328_児島_2,2026-03-28,児島,2,4-3-1,493.0
20260328_児島_2,2026-03-28,児島,2,5-3-1,103.7
20260328_児島_2,2026-03-28,児島,2,6-3-1,1749.0
20260328_児島_2,2026-03-28,児島,2,1-4-3,51.9
20260328_児島_2,2026-03-28,児島,2,2-4-3,619.6
20260328_児島_2,2026-03-28,児島,2,3-4-2,359.8
20260328_児島_2,2026-03-28,児島,2,4-3-2,849.8
20260328_児島_2,2026-03-28,児島,2,5-3-2,322.1
20260328_児島_2,2026-03-28,児島,2,6-3-2,2788.0
20260328_児島_2,2026-03-28,児島,2,1-4-5,72.4
20260328_児島_2,2026-03-28,児島,2,2-4-5,731.4
20260328_児島_2,2026-03-28,児島,2,3-4-5,295.4
20260328_児島_2,2026-03-28,児島,2,4-3-5,651.3
20260328_児島_2,2026-03-28,児島,2,5-3-4,493.0
20260328_児島_2,2026-03-28,児島,2,6-3-4,3569.0
20260328_児島_2,2026-03-28,児島,2,1-4-6,341.8
20260328_児島_2,2026-03-28,児島,2,2-4-6,1683.0
20260328_児島_2,2026-03-28,児島,2,3-4-6,866.3
20260328_児島_2,2026-03-28,児島,2,4-3-6,2124.0
20260328_児島_2,2026-03-28,児島,2,5-3-6,393.0
20260328_児島_2,2026-03-28,児島,2,6-3-5,607.0
20260328_児島_2,2026-03-28,児島,2,1-5-2,23.1
20260328_児島_2,2026-03-28,児島,2,2-5-1,328.0
20260328_児島_2,2026-03-28,児島,2,3-5-1,37.9
20260328_児島_2,2026-03-28,児島,2,4-5-1,405.6
20260328_児島_2,2026-03-28,児島,2,5-4-1,547.4
20260328_児島_2,2026-03-28,児島,2,6-4-1,3186.0
20260328_児島_2,2026-03-28,児島,2,1-5-3,10.7
20260328_児島_2,2026-03-28,児島,2,2-5-3,441.7
20260328_児島_2,2026-03-28,児島,2,3-5-2,58.7
20260328_児島_2,2026-03-28,児島,2,4-5-2,866.3
20260328_児島_2,2026-03-28,児島,2,5-4-2,980.5
20260328_児島_2,2026-03-28,児島,2,6-4-2,3077.0
20260328_児島_2,2026-03-28,児島,2,1-5-4,68.6
20260328_児島_2,2026-03-28,児島,2,2-5-4,841.8
20260328_児島_2,2026-03-28,児島,2,3-5-4,121.7
20260328_児島_2,2026-03-28,児島,2,4-5-3,665.9
20260328_児島_2,2026-03-28,児島,2,5-4-3,756.2
20260328_児島_2,2026-03-28,児島,2,6-4-3,1293.0
20260328_児島_2,2026-03-28,児島,2,1-5-6,179.5
20260328_児島_2,2026-03-28,児島,2,2-5-6,1622.0
20260328_児島_2,2026-03-28,児島,2,3-5-6,146.2
20260328_児島_2,2026-03-28,児島,2,4-5-6,919.9
20260328_児島_2,2026-03-28,児島,2,5-4-6,1174.0
20260328_児島_2,2026-03-28,児島,2,6-4-5,3304.0
20260328_児島_2,2026-03-28,児島,2,1-6-2,504.1
20260328_児島_2,2026-03-28,児島,2,2-6-1,2124.0
20260328_児島_2,2026-03-28,児島,2,3-6-1,874.8
20260328_児島_2,2026-03-28,児島,2,4-6-1,2230.0
20260328_児島_2,2026-03-28,児島,2,5-6-1,697.1
20260328_児島_2,2026-03-28,児島,2,6-5-1,1256.0
20260328_児島_2,2026-03-28,児島,2,1-6-3,401.9
20260328_児島_2,2026-03-28,児島,2,2-6-3,2124.0
20260328_児島_2,2026-03-28,児島,2,3-6-2,1683.0
20260328_児島_2,2026-03-28,児島,2,4-6-2,2549.0
20260328_児島_2,2026-03-28,児島,2,5-6-2,1512.0
20260328_児島_2,2026-03-28,児島,2,6-5-2,2704.0
20260328_児島_2,2026-03-28,児島,2,1-6-4,874.8
20260328_児島_2,2026-03-28,児島,2,2-6-4,3077.0
20260328_児島_2,2026-03-28,児島,2,3-6-4,1487.0
20260328_児島_2,2026-03-28,児島,2,4-6-3,3186.0
20260328_児島_2,2026-03-28,児島,2,5-6-3,455.2
20260328_児島_2,2026-03-28,児島,2,6-5-3,615.4
20260328_児島_2,2026-03-28,児島,2,1-6-5,512.8
20260328_児島_2,2026-03-28,児島,2,2-6-5,3718.0
20260328_児島_2,2026-03-28,児島,2,3-6-5,452.9
20260328_児島_2,2026-03-28,児島,2,4-6-5,3077.0
20260328_児島_2,2026-03-28,児島,2,5-6-4,1462.0
20260328_児島_2,2026-03-28,児島,2,6-5-4,3718.0
20260328_児島_3,2026-03-28,児島,3,1-2-3,13.4
20260328_児島_3,2026-03-28,児島,3,2-1-3,28.3
20260328_児島_3,2026-03-28,児島,3,3-1-2,33.5
20260328_児島_3,2026-03-28,児島,3,4-1-2,22.5
20260328_児島_3,2026-03-28,児島,3,5-1-2,1620.0
20260328_児島_3,2026-03-28,児島,3,6-1-2,1354.0
20260328_児島_3,2026-03-28,児島,3,1-2-4,10.5
20260328_児島_3,2026-03-28,児島,3,2-1-4,24.0
20260328_児島_3,2026-03-28,児島,3,3-1-4,20.1
20260328_児島_3,2026-03-28,児島,3,4-1-3,21.9
20260328_児島_3,2026-03-28,児島,3,5-1-3,1753.0
20260328_児島_3,2026-03-28,児島,3,6-1-3,1258.0
20260328_児島_3,2026-03-28,児島,3,1-2-5,160.6
20260328_児島_3,2026-03-28,児島,3,2-1-5,271.5
20260328_児島_3,2026-03-28,児島,3,3-1-5,330.1
20260328_児島_3,2026-03-28,児島,3,4-1-5,153.9
20260328_児島_3,2026-03-28,児島,3,5-1-4,1018.0
20260328_児島_3,2026-03-28,児島,3,6-1-4,922.2
20260328_児島_3,2026-03-28,児島,3,1-2-6,116.7
20260328_児島_3,2026-03-28,児島,3,2-1-6,191.0
20260328_児島_3,2026-03-28,児島,3,3-1-6,213.1
20260328_児島_3,2026-03-28,児島,3,4-1-6,83.8
20260328_児島_3,2026-03-28,児島,3,5-1-6,1175.0
20260328_児島_3,2026-03-28,児島,3,6-1-5,1910.0
20260328_児島_3,2026-03-28,児島,3,1-3-2,17.0
20260328_児島_3,2026-03-28,児島,3,2-3-1,51.2
20260328_児島_3,2026-03-28,児島,3,3-2-1,54.8
20260328_児島_3,2026-03-28,児島,3,4-2-1,32.8
20260328_児島_3,2026-03-28,児島,3,5-2-1,1844.0
20260328_児島_3,2026-03-28,児島,3,6-2-1,1620.0
20260328_児島_3,2026-03-28,児島,3,1-3-4,10.9
20260328_児島_3,2026-03-28,児島,3,2-3-4,41.7
20260328_児島_3,2026-03-28,児島,3,3-2-4,38.0
20260328_児島_3,2026-03-28,児島,3,4-2-3,35.2
20260328_児島_3,2026-03-28,児島,3,5-2-3,1069.0
20260328_児島_3,2026-03-28,児島,3,6-2-3,1273.0
20260328_児島_3,2026-03-28,児島,3,1-3-5,158.4
20260328_児島_3,2026-03-28,児島,3,2-3-5,413.0
20260328_児島_3,2026-03-28,児島,3,3-2-5,465.1
20260328_児島_3,2026-03-28,児島,3,4-2-5,186.3
20260328_児島_3,2026-03-28,児島,3,5-2-4,1844.0
20260328_児島_3,2026-03-28,児島,3,6-2-4,1028.0
20260328_児島_3,2026-03-28,児島,3,1-3-6,101.4
20260328_児島_3,2026-03-28,児島,3,2-3-6,232.0
20260328_児島_3,2026-03-28,児島,3,3-2-6,264.8
20260328_児島_3,2026-03-28,児島,3,4-2-6,94.6
20260328_児島_3,2026-03-28,児島,3,5-2-6,1188.0
20260328_児島_3,2026-03-28,児島,3,6-2-5,1671.0
20260328_児島_3,2026-03-28,児島,3,1-4-2,11.5
20260328_児島_3,2026-03-28,児島,3,2-4-1,33.6
20260328_児島_3,2026-03-28,児島,3,3-4-1,25.7
20260328_児島_3,2026-03-28,児島,3,4-3-1,29.9
20260328_児島_3,2026-03-28,児島,3,5-3-1,2097.0
20260328_児島_3,2026-03-28,児島,3,6-3-1,1371.0
20260328_児島_3,2026-03-28,児島,3,1-4-3,10.7
20260328_児島_3,2026-03-28,児島,3,2-4-3,32.1
20260328_児島_3,2026-03-28,児島,3,3-4-2,30.6
20260328_児島_3,2026-03-28,児島,3,4-3-2,36.8
20260328_児島_3,2026-03-28,児島,3,5-3-2,2183.0
20260328_児島_3,2026-03-28,児島,3,6-3-2,1162.0
20260328_児島_3,2026-03-28,児島,3,1-4-5,154.5
20260328_児島_3,2026-03-28,児島,3,2-4-5,219.6
20260328_児島_3,2026-03-28,児島,3,3-4-5,314.6
20260328_児島_3,2026-03-28,児島,3,4-3-5,242.5
20260328_児島_3,2026-03-28,児島,3,5-3-4,1445.0
20260328_児島_3,2026-03-28,児島,3,6-3-4,842.3
20260328_児島_3,2026-03-28,児島,3,1-4-6,91.2
20260328_児島_3,2026-03-28,児島,3,2-4-6,132.5
20260328_児島_3,2026-03-28,児島,3,3-4-6,138.0
20260328_児島_3,2026-03-28,児島,3,4-3-6,110.1
20260328_児島_3,2026-03-28,児島,3,5-3-6,3451.0
20260328_児島_3,2026-03-28,児島,3,6-3-5,2891.0
20260328_児島_3,2026-03-28,児島,3,1-5-2,408.3
20260328_児島_3,2026-03-28,児島,3,2-5-1,1009.0
20260328_児島_3,2026-03-28,児島,3,3-5-1,1162.0
20260328_児島_3,2026-03-28,児島,3,4-5-1,269.4
20260328_児島_3,2026-03-28,児島,3,5-4-1,1188.0
20260328_児島_3,2026-03-28,児島,3,6-4-1,835.7
20260328_児島_3,2026-03-28,児島,3,1-5-3,486.2
20260328_児島_3,2026-03-28,児島,3,2-5-3,1102.0
20260328_児島_3,2026-03-28,児島,3,3-5-2,1114.0
20260328_児島_3,2026-03-28,児島,3,4-5-2,347.3
20260328_児島_3,2026-03-28,児島,3,5-4-2,1725.0
20260328_児島_3,2026-03-28,児島,3,6-4-2,775.2
20260328_児島_3,2026-03-28,児島,3,1-5-4,467.1
20260328_児島_3,2026-03-28,児島,3,2-5-4,884.1
20260328_児島_3,2026-03-28,児島,3,3-5-4,1028.0
20260328_児島_3,2026-03-28,児島,3,4-5-3,400.6
20260328_児島_3,2026-03-28,児島,3,5-4-3,1426.0
20260328_児島_3,2026-03-28,児島,3,6-4-3,764.1
20260328_児島_3,2026-03-28,児島,3,1-5-6,621.9
20260328_児島_3,2026-03-28,児島,3,2-5-6,792.4
20260328_児島_3,2026-03-28,児島,3,3-5-6,1876.0
20260328_児島_3,2026-03-28,児島,3,4-5-6,396.2
20260328_児島_3,2026-03-28,児島,3,5-4-6,1945.0
20260328_児島_3,2026-03-28,児島,3,6-4-5,1671.0
20260328_児島_3,2026-03-28,児島,3,1-6-2,347.3
20260328_児島_3,2026-03-28,児島,3,2-6-1,708.4
20260328_児島_3,2026-03-28,児島,3,3-6-1,545.8
20260328_児島_3,2026-03-28,児島,3,4-6-1,152.6
20260328_児島_3,2026-03-28,児島,3,5-6-1,1981.0
20260328_児島_3,2026-03-28,児島,3,6-5-1,2325.0
20260328_児島_3,2026-03-28,児島,3,1-6-3,389.0
20260328_児島_3,2026-03-28,児島,3,2-6-3,457.1
20260328_児島_3,2026-03-28,児島,3,3-6-2,509.4
20260328_児島_3,2026-03-28,児島,3,4-6-2,144.5
20260328_児島_3,2026-03-28,児島,3,5-6-2,1620.0
20260328_児島_3,2026-03-28,児島,3,6-5-2,2228.0
20260328_児島_3,2026-03-28,児島,3,1-6-4,357.7
20260328_児島_3,2026-03-28,児島,3,2-6-4,416.2
20260328_児島_3,2026-03-28,児島,3,3-6-4,405.2
20260328_児島_3,2026-03-28,児島,3,4-6-3,181.3
20260328_児島_3,2026-03-28,児島,3,5-6-3,2971.0
20260328_児島_3,2026-03-28,児島,3,6-5-3,4279.0
20260328_児島_3,2026-03-28,児島,3,1-6-5,699.2
20260328_児島_3,2026-03-28,児島,3,2-6-5,722.8
20260328_児島_3,2026-03-28,児島,3,3-6-5,1945.0
20260328_児島_3,2026-03-28,児島,3,4-6-5,386.2
20260328_児島_3,2026-03-28,児島,3,5-6-4,2487.0
20260328_児島_3,2026-03-28,児島,3,6-5-4,3056.0
20260328_児島_4,2026-03-28,児島,4,1-2-3,7.9
20260328_児島_4,2026-03-28,児島,4,2-1-3,15.3
20260328_児島_4,2026-03-28,児島,4,3-1-2,32.2
20260328_児島_4,2026-03-28,児島,4,4-1-2,38.0
20260328_児島_4,2026-03-28,児島,4,5-1-2,483.6
20260328_児島_4,2026-03-28,児島,4,6-1-2,2250.0
20260328_児島_4,2026-03-28,児島,4,1-2-4,7.4
20260328_児島_4,2026-03-28,児島,4,2-1-4,15.7
20260328_児島_4,2026-03-28,児島,4,3-1-4,30.7
20260328_児島_4,2026-03-28,児島,4,4-1-3,85.0
20260328_児島_4,2026-03-28,児島,4,5-1-3,494.4
20260328_児島_4,2026-03-28,児島,4,6-1-3,2689.0
20260328_児島_4,2026-03-28,児島,4,1-2-5,38.3
20260328_児島_4,2026-03-28,児島,4,2-1-5,59.8
20260328_児島_4,2026-03-28,児島,4,3-1-5,91.5
20260328_児島_4,2026-03-28,児島,4,4-1-5,102.9
20260328_児島_4,2026-03-28,児島,4,5-1-4,405.3
20260328_児島_4,2026-03-28,児島,4,6-1-4,2080.0
20260328_児島_4,2026-03-28,児島,4,1-2-6,174.4
20260328_児島_4,2026-03-28,児島,4,2-1-6,267.6
20260328_児島_4,2026-03-28,児島,4,3-1-6,512.8
20260328_児島_4,2026-03-28,児島,4,4-1-6,220.5
20260328_児島_4,2026-03-28,児島,4,5-1-6,1021.0
20260328_児島_4,2026-03-28,児島,4,6-1-5,3938.0
20260328_児島_4,2026-03-28,児島,4,1-3-2,12.4
20260328_児島_4,2026-03-28,児島,4,2-3-1,34.7
20260328_児島_4,2026-03-28,児島,4,3-2-1,49.6
20260328_児島_4,2026-03-28,児島,4,4-2-1,31.4
20260328_児島_4,2026-03-28,児島,4,5-2-1,532.6
20260328_児島_4,2026-03-28,児島,4,6-2-1,2004.0
20260328_児島_4,2026-03-28,児島,4,1-3-4,13.8
20260328_児島_4,2026-03-28,児島,4,2-3-4,33.3
20260328_児島_4,2026-03-28,児島,4,3-2-4,47.4
20260328_児島_4,2026-03-28,児島,4,4-2-3,72.7
20260328_児島_4,2026-03-28,児島,4,5-2-3,765.7
20260328_児島_4,2026-03-28,児島,4,6-2-3,3243.0
20260328_児島_4,2026-03-28,児島,4,1-3-5,44.5
20260328_児島_4,2026-03-28,児島,4,2-3-5,100.6
20260328_児島_4,2026-03-28,児島,4,3-2-5,116.6
20260328_児島_4,2026-03-28,児島,4,4-2-5,105.1
20260328_児島_4,2026-03-28,児島,4,5-2-4,392.4
20260328_児島_4,2026-03-28,児島,4,6-2-4,1645.0
20260328_児島_4,2026-03-28,児島,4,1-3-6,279.8
20260328_児島_4,2026-03-28,児島,4,2-3-6,442.8
20260328_児島_4,2026-03-28,児島,4,3-2-6,471.2
20260328_児島_4,2026-03-28,児島,4,4-2-6,237.6
20260328_児島_4,2026-03-28,児島,4,5-2-6,1282.0
20260328_児島_4,2026-03-28,児島,4,6-2-5,3150.0
20260328_児島_4,2026-03-28,児島,4,1-4-2,12.3
20260328_児島_4,2026-03-28,児島,4,2-4-1,25.8
20260328_児島_4,2026-03-28,児島,4,3-4-1,77.9
20260328_児島_4,2026-03-28,児島,4,4-3-1,125.0
20260328_児島_4,2026-03-28,児島,4,5-3-1,706.8
20260328_児島_4,2026-03-28,児島,4,6-3-1,3675.0
20260328_児島_4,2026-03-28,児島,4,1-4-3,24.2
20260328_児島_4,2026-03-28,児島,4,2-4-3,39.4
20260328_児島_4,2026-03-28,児島,4,3-4-2,82.5
20260328_児島_4,2026-03-28,児島,4,4-3-2,106.5
20260328_児島_4,2026-03-28,児島,4,5-3-2,993.4
20260328_児島_4,2026-03-28,児島,4,6-3-2,3063.0
20260328_児島_4,2026-03-28,児島,4,1-4-5,59.2
20260328_児島_4,2026-03-28,児島,4,2-4-5,87.1
20260328_児島_4,2026-03-28,児島,4,3-4-5,155.5
20260328_児島_4,2026-03-28,児島,4,4-3-5,260.0
20260328_児島_4,2026-03-28,児島,4,5-3-4,1021.0
20260328_児島_4,2026-03-28,児島,4,6-3-4,3243.0
20260328_児島_4,2026-03-28,児島,4,1-4-6,159.8
20260328_児島_4,2026-03-28,児島,4,2-4-6,236.1
20260328_児島_4,2026-03-28,児島,4,3-4-6,483.6
20260328_児島_4,2026-03-28,児島,4,4-3-6,540.5
20260328_児島_4,2026-03-28,児島,4,5-3-6,1553.0
20260328_児島_4,2026-03-28,児島,4,6-3-5,2756.0
20260328_児島_4,2026-03-28,児島,4,1-5-2,129.2
20260328_児島_4,2026-03-28,児島,4,2-5-1,183.1
20260328_児島_4,2026-03-28,児島,4,3-5-1,265.0
20260328_児島_4,2026-03-28,児島,4,4-5-1,166.8
20260328_児島_4,2026-03-28,児島,4,5-4-1,485.7
20260328_児島_4,2026-03-28,児島,4,6-4-1,1901.0
20260328_児島_4,2026-03-28,児島,4,1-5-3,148.8
20260328_児島_4,2026-03-28,児島,4,2-5-3,232.1
20260328_児島_4,2026-03-28,児島,4,3-5-2,327.2
20260328_児島_4,2026-03-28,児島,4,4-5-2,157.3
20260328_児島_4,2026-03-28,児島,4,5-4-2,435.8
20260328_児島_4,2026-03-28,児島,4,6-4-2,1722.0
20260328_児島_4,2026-03-28,児島,4,1-5-4,164.0
20260328_児島_4,2026-03-28,児島,4,2-5-4,220.0
20260328_児島_4,2026-03-28,児島,4,3-5-4,277.0
20260328_児島_4,2026-03-28,児島,4,4-5-3,274.3
20260328_児島_4,2026-03-28,児島,4,5-4-3,1021.0
20260328_児島_4,2026-03-28,児島,4,6-4-3,2250.0
20260328_児島_4,2026-03-28,児島,4,1-5-6,522.6
20260328_児島_4,2026-03-28,児島,4,2-5-6,676.4
20260328_児島_4,2026-03-28,児島,4,3-5-6,882.1
20260328_児島_4,2026-03-28,児島,4,4-5-6,344.5
20260328_児島_4,2026-03-28,児島,4,5-4-6,882.1
20260328_児島_4,2026-03-28,児島,4,6-4-5,2901.0
20260328_児島_4,2026-03-28,児島,4,1-6-2,503.5
20260328_児島_4,2026-03-28,児島,4,2-6-1,1060.0
20260328_児島_4,2026-03-28,児島,4,3-6-1,1312.0
20260328_児島_4,2026-03-28,児島,4,4-6-1,515.2
20260328_児島_4,2026-03-28,児島,4,5-6-1,2205.0
20260328_児島_4,2026-03-28,児島,4,6-5-1,3063.0
20260328_児島_4,2026-03-28,児島,4,1-6-3,750.1
20260328_児島_4,2026-03-28,児島,4,2-6-3,1450.0
20260328_児島_4,2026-03-28,児島,4,3-6-2,1645.0
20260328_児島_4,2026-03-28,児島,4,4-6-2,508.1
20260328_児島_4,2026-03-28,児島,4,5-6-2,2346.0
20260328_児島_4,2026-03-28,児島,4,6-5-2,3341.0
20260328_児島_4,2026-03-28,児島,4,1-6-4,562.5
20260328_児島_4,2026-03-28,児島,4,2-6-4,1050.0
20260328_児島_4,2026-03-28,児島,4,3-6-4,1395.0
20260328_児島_4,2026-03-28,児島,4,4-6-3,1011.0
20260328_児島_4,2026-03-28,児島,4,5-6-3,1969.0
20260328_児島_4,2026-03-28,児島,4,6-5-3,2901.0
20260328_児島_4,2026-03-28,児島,4,1-6-5,664.2
20260328_児島_4,2026-03-28,児島,4,2-6-5,1553.0
20260328_児島_4,2026-03-28,児島,4,3-6-5,1238.0
20260328_児島_4,2026-03-28,児島,4,4-6-5,656.3
20260328_児島_4,2026-03-28,児島,4,5-6-4,2250.0
20260328_児島_4,2026-03-28,児島,4,6-5-4,2450.0
20260328_児島_5,2026-03-28,児島,5,1-2-3,15.6
20260328_児島_5,2026-03-28,児島,5,2-1-3,21.2
20260328_児島_5,2026-03-28,児島,5,3-1-2,43.6
20260328_児島_5,2026-03-28,児島,5,4-1-2,443.3
20260328_児島_5,2026-03-28,児島,5,5-1-2,50.7
20260328_児島_5,2026-03-28,児島,5,6-1-2,766.7
20260328_児島_5,2026-03-28,児島,5,1-2-4,62.3
20260328_児島_5,2026-03-28,児島,5,2-1-4,78.0
20260328_児島_5,2026-03-28,児島,5,3-1-4,76.6
20260328_児島_5,2026-03-28,児島,5,4-1-3,379.7
20260328_児島_5,2026-03-28,児島,5,5-1-3,24.2
20260328_児島_5,2026-03-28,児島,5,6-1-3,615.7
20260328_児島_5,2026-03-28,児島,5,1-2-5,18.5
20260328_児島_5,2026-03-28,児島,5,2-1-5,22.0
20260328_児島_5,2026-03-28,児島,5,3-1-5,21.0
20260328_児島_5,2026-03-28,児島,5,4-1-5,255.5
20260328_児島_5,2026-03-28,児島,5,5-1-4,101.5
20260328_児島_5,2026-03-28,児島,5,6-1-4,1128.0
20260328_児島_5,2026-03-28,児島,5,1-2-6,90.2
20260328_児島_5,2026-03-28,児島,5,2-1-6,93.2
20260328_児島_5,2026-03-28,児島,5,3-1-6,84.0
20260328_児島_5,2026-03-28,児島,5,4-1-6,549.1
20260328_児島_5,2026-03-28,児島,5,5-1-6,90.1
20260328_児島_5,2026-03-28,児島,5,6-1-5,729.9
20260328_児島_5,2026-03-28,児島,5,1-3-2,18.4
20260328_児島_5,2026-03-28,児島,5,2-3-1,54.7
20260328_児島_5,2026-03-28,児島,5,3-2-1,63.4
20260328_児島_5,2026-03-28,児島,5,4-2-1,532.3
20260328_児島_5,2026-03-28,児島,5,5-2-1,72.4
20260328_児島_5,2026-03-28,児島,5,6-2-1,852.5
20260328_児島_5,2026-03-28,児島,5,1-3-4,42.2
20260328_児島_5,2026-03-28,児島,5,2-3-4,117.5
20260328_児島_5,2026-03-28,児島,5,3-2-4,142.9
20260328_児島_5,2026-03-28,児島,5,4-2-3,468.8
20260328_児島_5,2026-03-28,児島,5,5-2-3,44.0
20260328_児島_5,2026-03-28,児島,5,6-2-3,481.8
20260328_児島_5,2026-03-28,児島,5,1-3-5,15.7
20260328_児島_5,2026-03-28,児島,5,2-3-5,35.1
20260328_児島_5,2026-03-28,児島,5,3-2-5,39.5
20260328_児島_5,2026-03-28,児島,5,4-2-5,385.7
20260328_児島_5,2026-03-28,児島,5,5-2-4,165.1
20260328_児島_5,2026-03-28,児島,5,6-2-4,889.8
20260328_児島_5,2026-03-28,児島,5,1-3-6,114.7
20260328_児島_5,2026-03-28,児島,5,2-3-6,148.4
20260328_児島_5,2026-03-28,児島,5,3-2-6,180.8
20260328_児島_5,2026-03-28,児島,5,4-2-6,692.6
20260328_児島_5,2026-03-28,児島,5,5-2-6,137.2
20260328_児島_5,2026-03-28,児島,5,6-2-5,577.7
20260328_児島_5,2026-03-28,児島,5,1-4-2,123.6
20260328_児島_5,2026-03-28,児島,5,2-4-1,318.3
20260328_児島_5,2026-03-28,児島,5,3-4-1,161.8
20260328_児島_5,2026-03-28,児島,5,4-3-1,405.0
20260328_児島_5,2026-03-28,児島,5,5-3-1,30.3
20260328_児島_5,2026-03-28,児島,5,6-3-1,877.0
20260328_児島_5,2026-03-28,児島,5,1-4-3,86.3
20260328_児島_5,2026-03-28,児島,5,2-4-3,224.9
20260328_児島_5,2026-03-28,児島,5,3-4-2,190.1
20260328_児島_5,2026-03-28,児島,5,4-3-2,527.7
20260328_児島_5,2026-03-28,児島,5,5-3-2,33.7
20260328_児島_5,2026-03-28,児島,5,6-3-2,673.5
20260328_児島_5,2026-03-28,児島,5,1-4-5,89.8
20260328_児島_5,2026-03-28,児島,5,2-4-5,189.0
20260328_児島_5,2026-03-28,児島,5,3-4-5,84.1
20260328_児島_5,2026-03-28,児島,5,4-3-5,219.6
20260328_児島_5,2026-03-28,児島,5,5-3-4,67.1
20260328_児島_5,2026-03-28,児島,5,6-3-4,975.2
20260328_児島_5,2026-03-28,児島,5,1-4-6,255.0
20260328_児島_5,2026-03-28,児島,5,2-4-6,432.3
20260328_児島_5,2026-03-28,児島,5,3-4-6,265.0
20260328_児島_5,2026-03-28,児島,5,4-3-6,662.5
20260328_児島_5,2026-03-28,児島,5,5-3-6,86.8
20260328_児島_5,2026-03-28,児島,5,6-3-5,559.2
20260328_児島_5,2026-03-28,児島,5,1-5-2,28.0
20260328_児島_5,2026-03-28,児島,5,2-5-1,54.9
20260328_児島_5,2026-03-28,児島,5,3-5-1,26.2
20260328_児島_5,2026-03-28,児島,5,4-5-1,250.8
20260328_児島_5,2026-03-28,児島,5,5-4-1,234.4
20260328_児島_5,2026-03-28,児島,5,6-4-1,1434.0
20260328_児島_5,2026-03-28,児島,5,1-5-3,20.9
20260328_児島_5,2026-03-28,児島,5,2-5-3,41.2
20260328_児島_5,2026-03-28,児島,5,3-5-2,26.8
20260328_児島_5,2026-03-28,児島,5,4-5-2,300.2
20260328_児島_5,2026-03-28,児島,5,5-4-2,314.1
20260328_児島_5,2026-03-28,児島,5,6-4-2,1417.0
20260328_児島_5,2026-03-28,児島,5,1-5-4,65.2
20260328_児島_5,2026-03-28,児島,5,2-5-4,153.7
20260328_児島_5,2026-03-28,児島,5,3-5-4,54.9
20260328_児島_5,2026-03-28,児島,5,4-5-3,210.5
20260328_児島_5,2026-03-28,児島,5,5-4-3,194.7
20260328_児島_5,2026-03-28,児島,5,6-4-3,1562.0
20260328_児島_5,2026-03-28,児島,5,1-5-6,92.0
20260328_児島_5,2026-03-28,児島,5,2-5-6,140.7
20260328_児島_5,2026-03-28,児島,5,3-5-6,58.6
20260328_児島_5,2026-03-28,児島,5,4-5-6,363.9
20260328_児島_5,2026-03-28,児島,5,5-4-6,344.3
20260328_児島_5,2026-03-28,児島,5,6-4-5,1183.0
20260328_児島_5,2026-03-28,児島,5,1-6-2,300.2
20260328_児島_5,2026-03-28,児島,5,2-6-1,372.8
20260328_児島_5,2026-03-28,児島,5,3-6-1,371.6
20260328_児島_5,2026-03-28,児島,5,4-6-1,903.0
20260328_児島_5,2026-03-28,児島,5,5-6-1,253.4
20260328_児島_5,2026-03-28,児島,5,6-5-1,846.5
20260328_児島_5,2026-03-28,児島,5,1-6-3,318.3
20260328_児島_5,2026-03-28,児島,5,2-6-3,338.6
20260328_児島_5,2026-03-28,児島,5,3-6-2,463.5
20260328_児島_5,2026-03-28,児島,5,4-6-2,945.0
20260328_児島_5,2026-03-28,児島,5,5-6-2,263.8
20260328_児島_5,2026-03-28,児島,5,6-5-2,591.7
20260328_児島_5,2026-03-28,児島,5,1-6-4,451.5
20260328_児島_5,2026-03-28,児島,5,2-6-4,597.5
20260328_児島_5,2026-03-28,児島,5,3-6-4,435.3
20260328_児島_5,2026-03-28,児島,5,4-6-3,999.2
20260328_児島_5,2026-03-28,児島,5,5-6-3,214.6
20260328_児島_5,2026-03-28,児島,5,6-5-3,525.4
20260328_児島_5,2026-03-28,児島,5,1-6-5,289.5
20260328_児島_5,2026-03-28,児島,5,2-6-5,288.8
20260328_児島_5,2026-03-28,児島,5,3-6-5,275.1
20260328_児島_5,2026-03-28,児島,5,4-6-5,645.0
20260328_児島_5,2026-03-28,児島,5,5-6-4,416.0
20260328_児島_5,2026-03-28,児島,5,6-5-4,1098.0
20260328_児島_6,2026-03-28,児島,6,1-2-3,4.5
20260328_児島_6,2026-03-28,児島,6,2-1-3,24.5
20260328_児島_6,2026-03-28,児島,6,3-1-2,28.7
20260328_児島_6,2026-03-28,児島,6,4-1-2,149.4
20260328_児島_6,2026-03-28,児島,6,5-1-2,138.4
20260328_児島_6,2026-03-28,児島,6,6-1-2,2620.0
20260328_児島_6,2026-03-28,児島,6,1-2-4,12.9
20260328_児島_6,2026-03-28,児島,6,2-1-4,93.4
20260328_児島_6,2026-03-28,児島,6,3-1-4,49.0
20260328_児島_6,2026-03-28,児島,6,4-1-3,212.2
20260328_児島_6,2026-03-28,児島,6,5-1-3,156.5
20260328_児島_6,2026-03-28,児島,6,6-1-3,2980.0
20260328_児島_6,2026-03-28,児島,6,1-2-5,10.7
20260328_児島_6,2026-03-28,児島,6,2-1-5,67.1
20260328_児島_6,2026-03-28,児島,6,3-1-5,38.7
20260328_児島_6,2026-03-28,児島,6,4-1-5,132.3
20260328_児島_6,2026-03-28,児島,6,5-1-4,248.7
20260328_児島_6,2026-03-28,児島,6,6-1-4,4470.0
20260328_児島_6,2026-03-28,児島,6,1-2-6,403.1
20260328_児島_6,2026-03-28,児島,6,2-1-6,767.6
20260328_児島_6,2026-03-28,児島,6,3-1-6,450.9
20260328_児島_6,2026-03-28,児島,6,4-1-6,1041.0
20260328_児島_6,2026-03-28,児島,6,5-1-6,635.9
20260328_児島_6,2026-03-28,児島,6,6-1-5,4107.0
20260328_児島_6,2026-03-28,児島,6,1-3-2,5.2
20260328_児島_6,2026-03-28,児島,6,2-3-1,50.3
20260328_児島_6,2026-03-28,児島,6,3-2-1,58.1
20260328_児島_6,2026-03-28,児島,6,4-2-1,302.1
20260328_児島_6,2026-03-28,児島,6,5-2-1,293.9
20260328_児島_6,2026-03-28,児島,6,6-2-1,3618.0
20260328_児島_6,2026-03-28,児島,6,1-3-4,12.1
20260328_児島_6,2026-03-28,児島,6,2-3-4,211.0
20260328_児島_6,2026-03-28,児島,6,3-2-4,188.5
20260328_児島_6,2026-03-28,児島,6,4-2-3,407.4
20260328_児島_6,2026-03-28,児島,6,5-2-3,371.6
20260328_児島_6,2026-03-28,児島,6,6-2-3,5240.0
20260328_児島_6,2026-03-28,児島,6,1-3-5,12.4
20260328_児島_6,2026-03-28,児島,6,2-3-5,121.2
20260328_児島_6,2026-03-28,児島,6,3-2-5,127.2
20260328_児島_6,2026-03-28,児島,6,4-2-5,393.7
20260328_児島_6,2026-03-28,児島,6,5-2-4,968.0
20260328_児島_6,2026-03-28,児島,6,6-2-4,6079.0
20260328_児島_6,2026-03-28,児島,6,1-3-6,285.1
20260328_児島_6,2026-03-28,児島,6,2-3-6,1070.0
20260328_児島_6,2026-03-28,児島,6,3-2-6,775.4
20260328_児島_6,2026-03-28,児島,6,4-2-6,1266.0
20260328_児島_6,2026-03-28,児島,6,5-2-6,1583.0
20260328_児島_6,2026-03-28,児島,6,6-2-5,4749.0
20260328_児島_6,2026-03-28,児島,6,1-4-2,22.0
20260328_児島_6,2026-03-28,児島,6,2-4-1,312.7
20260328_児島_6,2026-03-28,児島,6,3-4-1,147.5
20260328_児島_6,2026-03-28,児島,6,4-3-1,319.9
20260328_児島_6,2026-03-28,児島,6,5-3-1,281.4
20260328_児島_6,2026-03-28,児島,6,6-3-1,4605.0
20260328_児島_6,2026-03-28,児島,6,1-4-3,29.1
20260328_児島_6,2026-03-28,児島,6,2-4-3,379.9
20260328_児島_6,2026-03-28,児島,6,3-4-2,227.5
20260328_児島_6,2026-03-28,児島,6,4-3-2,459.1
20260328_児島_6,2026-03-28,児島,6,5-3-2,460.5
20260328_児島_6,2026-03-28,児島,6,6-3-2,5845.0
20260328_児島_6,2026-03-28,児島,6,1-4-5,31.8
20260328_児島_6,2026-03-28,児島,6,2-4-5,501.6
20260328_児島_6,2026-03-28,児島,6,3-4-5,210.2
20260328_児島_6,2026-03-28,児島,6,4-3-5,383.8
20260328_児島_6,2026-03-28,児島,6,5-3-4,835.0
20260328_児島_6,2026-03-28,児島,6,6-3-4,4107.0
20260328_児島_6,2026-03-28,児島,6,1-4-6,633.2
20260328_児島_6,2026-03-28,児島,6,2-4-6,1550.0
20260328_児島_6,2026-03-28,児島,6,3-4-6,863.5
20260328_児島_6,2026-03-28,児島,6,4-3-6,1767.0
20260328_児島_6,2026-03-28,児島,6,5-3-6,1876.0
20260328_児島_6,2026-03-28,児島,6,6-3-5,6908.0
20260328_児島_6,2026-03-28,児島,6,1-5-2,24.8
20260328_児島_6,2026-03-28,児島,6,2-5-1,232.3
20260328_児島_6,2026-03-28,児島,6,3-5-1,148.7
20260328_児島_6,2026-03-28,児島,6,4-5-1,184.6
20260328_児島_6,2026-03-28,児島,6,5-4-1,345.4
20260328_児島_6,2026-03-28,児島,6,6-4-1,5629.0
20260328_児島_6,2026-03-28,児島,6,1-5-3,28.2
20260328_児島_6,2026-03-28,児島,6,2-5-3,242.0
20260328_児島_6,2026-03-28,児島,6,3-5-2,216.5
20260328_児島_6,2026-03-28,児島,6,4-5-2,300.9
20260328_児島_6,2026-03-28,児島,6,5-4-2,603.1
20260328_児島_6,2026-03-28,児島,6,6-4-2,5066.0
20260328_児島_6,2026-03-28,児島,6,1-5-4,47.8
20260328_児島_6,2026-03-28,児島,6,2-5-4,720.3
20260328_児島_6,2026-03-28,児島,6,3-5-4,324.7
20260328_児島_6,2026-03-28,児島,6,4-5-3,358.4
20260328_児島_6,2026-03-28,児島,6,5-4-3,730.7
20260328_児島_6,2026-03-28,児島,6,6-4-3,6079.0
20260328_児島_6,2026-03-28,児島,6,1-5-6,535.1
20260328_児島_6,2026-03-28,児島,6,2-5-6,2338.0
20260328_児島_6,2026-03-28,児島,6,3-5-6,961.9
20260328_児島_6,2026-03-28,児島,6,4-5-6,1077.0
20260328_児島_6,2026-03-28,児島,6,5-4-6,2171.0
20260328_児島_6,2026-03-28,児島,6,6-4-5,5845.0
20260328_児島_6,2026-03-28,児島,6,1-6-2,1187.0
20260328_児島_6,2026-03-28,児島,6,2-6-1,2412.0
20260328_児島_6,2026-03-28,児島,6,3-6-1,2171.0
20260328_児島_6,2026-03-28,児島,6,4-6-1,1973.0
20260328_児島_6,2026-03-28,児島,6,5-6-1,2763.0
20260328_児島_6,2026-03-28,児島,6,6-5-1,5066.0
20260328_児島_6,2026-03-28,児島,6,1-6-3,1475.0
20260328_児島_6,2026-03-28,児島,6,2-6-3,2714.0
20260328_児島_6,2026-03-28,児島,6,3-6-2,2714.0
20260328_児島_6,2026-03-28,児島,6,4-6-2,1809.0
20260328_児島_6,2026-03-28,児島,6,5-6-2,3618.0
20260328_児島_6,2026-03-28,児島,6,6-5-2,6332.0
20260328_児島_6,2026-03-28,児島,6,1-6-4,1407.0
20260328_児島_6,2026-03-28,児島,6,2-6-4,4221.0
20260328_児島_6,2026-03-28,児島,6,3-6-4,2620.0
20260328_児島_6,2026-03-28,児島,6,4-6-3,2491.0
20260328_児島_6,2026-03-28,児島,6,5-6-3,2814.0
20260328_児島_6,2026-03-28,児島,6,6-5-3,6079.0
20260328_児島_6,2026-03-28,児島,6,1-6-5,1490.0
20260328_児島_6,2026-03-28,児島,6,2-6-5,4342.0
20260328_児島_6,2026-03-28,児島,6,3-6-5,2620.0
20260328_児島_6,2026-03-28,児島,6,4-6-5,2491.0
20260328_児島_6,2026-03-28,児島,6,5-6-4,3166.0
20260328_児島_6,2026-03-28,児島,6,6-5-4,6079.0
20260328_児島_7,2026-03-28,児島,7,1-2-3,6.8
20260328_児島_7,2026-03-28,児島,7,2-1-3,15.3
20260328_児島_7,2026-03-28,児島,7,3-1-2,23.1
20260328_児島_7,2026-03-28,児島,7,4-1-2,101.5
20260328_児島_7,2026-03-28,児島,7,5-1-2,695.8
20260328_児島_7,2026-03-28,児島,7,6-1-2,326.0
20260328_児島_7,2026-03-28,児島,7,1-2-4,10.2
20260328_児島_7,2026-03-28,児島,7,2-1-4,25.1
20260328_児島_7,2026-03-28,児島,7,3-1-4,27.9
20260328_児島_7,2026-03-28,児島,7,4-1-3,99.3
20260328_児島_7,2026-03-28,児島,7,5-1-3,1344.0
20260328_児島_7,2026-03-28,児島,7,6-1-3,485.6
20260328_児島_7,2026-03-28,児島,7,1-2-5,151.5
20260328_児島_7,2026-03-28,児島,7,2-1-5,190.5
20260328_児島_7,2026-03-28,児島,7,3-1-5,197.0
20260328_児島_7,2026-03-28,児島,7,4-1-5,444.0
20260328_児島_7,2026-03-28,児島,7,5-1-4,1607.0
20260328_児島_7,2026-03-28,児島,7,6-1-4,890.9
20260328_児島_7,2026-03-28,児島,7,1-2-6,14.7
20260328_児島_7,2026-03-28,児島,7,2-1-6,48.4
20260328_児島_7,2026-03-28,児島,7,3-1-6,70.1
20260328_児島_7,2026-03-28,児島,7,4-1-6,282.0
20260328_児島_7,2026-03-28,児島,7,5-1-6,1344.0
20260328_児島_7,2026-03-28,児島,7,6-1-5,1645.0
20260328_児島_7,2026-03-28,児島,7,1-3-2,8.3
20260328_児島_7,2026-03-28,児島,7,2-3-1,29.4
20260328_児島_7,2026-03-28,児島,7,3-2-1,37.0
20260328_児島_7,2026-03-28,児島,7,4-2-1,162.4
20260328_児島_7,2026-03-28,児島,7,5-2-1,868.7
20260328_児島_7,2026-03-28,児島,7,6-2-1,379.0
20260328_児島_7,2026-03-28,児島,7,1-3-4,12.1
20260328_児島_7,2026-03-28,児島,7,2-3-4,38.4
20260328_児島_7,2026-03-28,児島,7,3-2-4,40.7
20260328_児島_7,2026-03-28,児島,7,4-2-3,143.6
20260328_児島_7,2026-03-28,児島,7,5-2-3,1840.0
20260328_児島_7,2026-03-28,児島,7,6-2-3,460.1
20260328_児島_7,2026-03-28,児島,7,1-3-5,128.6
20260328_児島_7,2026-03-28,児島,7,2-3-5,257.5
20260328_児島_7,2026-03-28,児島,7,3-2-5,253.8
20260328_児島_7,2026-03-28,児島,7,4-2-5,740.0
20260328_児島_7,2026-03-28,児島,7,5-2-4,2976.0
20260328_児島_7,2026-03-28,児島,7,6-2-4,685.6
20260328_児島_7,2026-03-28,児島,7,1-3-6,29.1
20260328_児島_7,2026-03-28,児島,7,2-3-6,61.9
20260328_児島_7,2026-03-28,児島,7,3-2-6,77.7
20260328_児島_7,2026-03-28,児島,7,4-2-6,300.1
20260328_児島_7,2026-03-28,児島,7,5-2-6,1840.0
20260328_児島_7,2026-03-28,児島,7,6-2-5,1970.0
20260328_児島_7,2026-03-28,児島,7,1-4-2,23.5
20260328_児島_7,2026-03-28,児島,7,2-4-1,62.1
20260328_児島_7,2026-03-28,児島,7,3-4-1,55.7
20260328_児島_7,2026-03-28,児島,7,4-3-1,156.6
20260328_児島_7,2026-03-28,児島,7,5-3-1,2331.0
20260328_児島_7,2026-03-28,児島,7,6-3-1,752.0
20260328_児島_7,2026-03-28,児島,7,1-4-3,27.3
20260328_児島_7,2026-03-28,児島,7,2-4-3,58.3
20260328_児島_7,2026-03-28,児島,7,3-4-2,53.9
20260328_児島_7,2026-03-28,児島,7,4-3-2,141.0
20260328_児島_7,2026-03-28,児島,7,5-3-2,2087.0
20260328_児島_7,2026-03-28,児島,7,6-3-2,529.8
20260328_児島_7,2026-03-28,児島,7,1-4-5,195.3
20260328_児島_7,2026-03-28,児島,7,2-4-5,355.9
20260328_児島_7,2026-03-28,児島,7,3-4-5,275.3
20260328_児島_7,2026-03-28,児島,7,4-3-5,592.6
20260328_児島_7,2026-03-28,児島,7,5-3-4,2639.0
20260328_児島_7,2026-03-28,児島,7,6-3-4,756.0
20260328_児島_7,2026-03-28,児島,7,1-4-6,53.2
20260328_児島_7,2026-03-28,児島,7,2-4-6,111.8
20260328_児島_7,2026-03-28,児島,7,3-4-6,97.9
20260328_児島_7,2026-03-28,児島,7,4-3-6,280.3
20260328_児島_7,2026-03-28,児島,7,5-3-6,2411.0
20260328_児島_7,2026-03-28,児島,7,6-3-5,2976.0
20260328_児島_7,2026-03-28,児島,7,1-5-2,427.7
20260328_児島_7,2026-03-28,児島,7,2-5-1,964.6
20260328_児島_7,2026-03-28,児島,7,3-5-1,717.3
20260328_児島_7,2026-03-28,児島,7,4-5-1,964.6
20260328_児島_7,2026-03-28,児島,7,5-4-1,2293.0
20260328_児島_7,2026-03-28,児島,7,6-4-1,1571.0
20260328_児島_7,2026-03-28,児島,7,1-5-3,406.6
20260328_児島_7,2026-03-28,児島,7,2-5-3,1110.0
20260328_児島_7,2026-03-28,児島,7,3-5-2,808.5
20260328_児島_7,2026-03-28,児島,7,4-5-2,1398.0
20260328_児島_7,2026-03-28,児島,7,5-4-2,2914.0
20260328_児島_7,2026-03-28,児島,7,6-4-2,1128.0
20260328_児島_7,2026-03-28,児島,7,1-5-4,644.5
20260328_児島_7,2026-03-28,児島,7,2-5-4,1319.0
20260328_児島_7,2026-03-28,児島,7,3-5-4,790.2
20260328_児島_7,2026-03-28,児島,7,4-5-3,1442.0
20260328_児島_7,2026-03-28,児島,7,5-4-3,3040.0
20260328_児島_7,2026-03-28,児島,7,6-4-3,1175.0
20260328_児島_7,2026-03-28,児島,7,1-5-6,559.5
20260328_児島_7,2026-03-28,児島,7,2-5-6,621.6
20260328_児島_7,2026-03-28,児島,7,3-5-6,602.9
20260328_児島_7,2026-03-28,児島,7,4-5-6,999.1
20260328_児島_7,2026-03-28,児島,7,5-4-6,2256.0
20260328_児島_7,2026-03-28,児島,7,6-4-5,1748.0
20260328_児島_7,2026-03-28,児島,7,1-6-2,50.2
20260328_児島_7,2026-03-28,児島,7,2-6-1,171.8
20260328_児島_7,2026-03-28,児島,7,3-6-1,237.8
20260328_児島_7,2026-03-28,児島,7,4-6-1,489.0
20260328_児島_7,2026-03-28,児島,7,5-6-1,2331.0
20260328_児島_7,2026-03-28,児島,7,6-5-1,2256.0
20260328_児島_7,2026-03-28,児島,7,1-6-3,102.4
20260328_児島_7,2026-03-28,児島,7,2-6-3,178.1
20260328_児島_7,2026-03-28,児島,7,3-6-2,236.2
20260328_児島_7,2026-03-28,児島,7,4-6-2,497.7
20260328_児島_7,2026-03-28,児島,7,5-6-2,2453.0
20260328_児島_7,2026-03-28,児島,7,6-5-2,2370.0
20260328_児島_7,2026-03-28,児島,7,1-6-4,118.1
20260328_児島_7,2026-03-28,児島,7,2-6-4,272.1
20260328_児島_7,2026-03-28,児島,7,3-6-4,270.5
20260328_児島_7,2026-03-28,児島,7,4-6-3,475.7
20260328_児島_7,2026-03-28,児島,7,5-6-3,2854.0
20260328_児島_7,2026-03-28,児島,7,6-5-3,2689.0
20260328_児島_7,2026-03-28,児島,7,1-6-5,548.5
20260328_児島_7,2026-03-28,児島,7,2-6-5,679.0
20260328_児島_7,2026-03-28,児島,7,3-6-5,785.8
20260328_児島_7,2026-03-28,児島,7,4-6-5,837.5
20260328_児島_7,2026-03-28,児島,7,5-6-4,2151.0
20260328_児島_7,2026-03-28,児島,7,6-5-4,2370.0
20260328_児島_8,2026-03-28,児島,8,1-2-3,9.9
20260328_児島_8,2026-03-28,児島,8,2-1-3,6.3
20260328_児島_8,2026-03-28,児島,8,3-1-2,38.7
20260328_児島_8,2026-03-28,児島,8,4-1-2,1392.0
20260328_児島_8,2026-03-28,児島,8,5-1-2,185.1
20260328_児島_8,2026-03-28,児島,8,6-1-2,246.9
20260328_児島_8,2026-03-28,児島,8,1-2-4,128.8
20260328_児島_8,2026-03-28,児島,8,2-1-4,131.1
20260328_児島_8,2026-03-28,児島,8,3-1-4,473.3
20260328_児島_8,2026-03-28,児島,8,4-1-3,1651.0
20260328_児島_8,2026-03-28,児島,8,5-1-3,330.2
20260328_児島_8,2026-03-28,児島,8,6-1-3,381.7
20260328_児島_8,2026-03-28,児島,8,1-2-5,23.9
20260328_児島_8,2026-03-28,児島,8,2-1-5,18.4
20260328_児島_8,2026-03-28,児島,8,3-1-5,121.9
20260328_児島_8,2026-03-28,児島,8,4-1-5,1314.0
20260328_児島_8,2026-03-28,児島,8,5-1-4,1173.0
20260328_児島_8,2026-03-28,児島,8,6-1-4,1999.0
20260328_児島_8,2026-03-28,児島,8,1-2-6,30.4
20260328_児島_8,2026-03-28,児島,8,2-1-6,18.1
20260328_児島_8,2026-03-28,児島,8,3-1-6,120.2
20260328_児島_8,2026-03-28,児島,8,4-1-6,1918.0
20260328_児島_8,2026-03-28,児島,8,5-1-6,253.1
20260328_児島_8,2026-03-28,児島,8,6-1-5,728.1
20260328_児島_8,2026-03-28,児島,8,1-3-2,15.4
20260328_児島_8,2026-03-28,児島,8,2-3-1,12.2
20260328_児島_8,2026-03-28,児島,8,3-2-1,33.5
20260328_児島_8,2026-03-28,児島,8,4-2-1,1378.0
20260328_児島_8,2026-03-28,児島,8,5-2-1,135.6
20260328_児島_8,2026-03-28,児島,8,6-2-1,215.1
20260328_児島_8,2026-03-28,児島,8,1-3-4,254.0
20260328_児島_8,2026-03-28,児島,8,2-3-4,86.1
20260328_児島_8,2026-03-28,児島,8,3-2-4,203.4
20260328_児島_8,2026-03-28,児島,8,4-2-3,830.3
20260328_児島_8,2026-03-28,児島,8,5-2-3,134.2
20260328_児島_8,2026-03-28,児島,8,6-2-3,139.7
20260328_児島_8,2026-03-28,児島,8,1-3-5,57.8
20260328_児島_8,2026-03-28,児島,8,2-3-5,13.2
20260328_児島_8,2026-03-28,児島,8,3-2-5,39.7
20260328_児島_8,2026-03-28,児島,8,4-2-5,1651.0
20260328_児島_8,2026-03-28,児島,8,5-2-4,639.6
20260328_児島_8,2026-03-28,児島,8,6-2-4,855.3
20260328_児島_8,2026-03-28,児島,8,1-3-6,63.6
20260328_児島_8,2026-03-28,児島,8,2-3-6,12.2
20260328_児島_8,2026-03-28,児島,8,3-2-6,36.6
20260328_児島_8,2026-03-28,児島,8,4-2-6,1100.0
20260328_児島_8,2026-03-28,児島,8,5-2-6,116.7
20260328_児島_8,2026-03-28,児島,8,6-2-5,266.9
20260328_児島_8,2026-03-28,児島,8,1-4-2,416.4
20260328_児島_8,2026-03-28,児島,8,2-4-1,465.5
20260328_児島_8,2026-03-28,児島,8,3-4-1,1145.0
20260328_児島_8,2026-03-28,児島,8,4-3-1,1774.0
20260328_児島_8,2026-03-28,児島,8,5-3-1,408.0
20260328_児島_8,2026-03-28,児島,8,6-3-1,439.6
20260328_児島_8,2026-03-28,児島,8,1-4-3,636.7
20260328_児島_8,2026-03-28,児島,8,2-4-3,266.9
20260328_児島_8,2026-03-28,児島,8,3-4-2,628.2
20260328_児島_8,2026-03-28,児島,8,4-3-2,1067.0
20260328_児島_8,2026-03-28,児島,8,5-3-2,232.7
20260328_児島_8,2026-03-28,児島,8,6-3-2,210.0
20260328_児島_8,2026-03-28,児島,8,1-4-5,614.6
20260328_児島_8,2026-03-28,児島,8,2-4-5,370.7
20260328_児島_8,2026-03-28,児島,8,3-4-5,1245.0
20260328_児島_8,2026-03-28,児島,8,4-3-5,4302.0
20260328_児島_8,2026-03-28,児島,8,5-3-4,1918.0
20260328_児島_8,2026-03-28,児島,8,6-3-4,1109.0
20260328_児島_8,2026-03-28,児島,8,1-4-6,959.4
20260328_児島_8,2026-03-28,児島,8,2-4-6,283.9
20260328_児島_8,2026-03-28,児島,8,3-4-6,1100.0
20260328_児島_8,2026-03-28,児島,8,4-3-6,1543.0
20260328_児島_8,2026-03-28,児島,8,5-3-6,250.8
20260328_児島_8,2026-03-28,児島,8,6-3-5,589.1
20260328_児島_8,2026-03-28,児島,8,1-5-2,61.7
20260328_児島_8,2026-03-28,児島,8,2-5-1,42.6
20260328_児島_8,2026-03-28,児島,8,3-5-1,179.0
20260328_児島_8,2026-03-28,児島,8,4-5-1,1999.0
20260328_児島_8,2026-03-28,児島,8,5-4-1,2581.0
20260328_児島_8,2026-03-28,児島,8,6-4-1,2448.0
20260328_児島_8,2026-03-28,児島,8,1-5-3,109.3
20260328_児島_8,2026-03-28,児島,8,2-5-3,30.0
20260328_児島_8,2026-03-28,児島,8,3-5-2,111.1
20260328_児島_8,2026-03-28,児島,8,4-5-2,1690.0
20260328_児島_8,2026-03-28,児島,8,5-4-2,1731.0
20260328_児島_8,2026-03-28,児島,8,6-4-2,1577.0
20260328_児島_8,2026-03-28,児島,8,1-5-4,642.5
20260328_児島_8,2026-03-28,児島,8,2-5-4,237.8
20260328_児島_8,2026-03-28,児島,8,3-5-4,992.9
20260328_児島_8,2026-03-28,児島,8,4-5-3,2406.0
20260328_児島_8,2026-03-28,児島,8,5-4-3,2290.0
20260328_児島_8,2026-03-28,児島,8,6-4-3,2151.0
20260328_児島_8,2026-03-28,児島,8,1-5-6,146.3
20260328_児島_8,2026-03-28,児島,8,2-5-6,37.2
20260328_児島_8,2026-03-28,児島,8,3-5-6,146.3
20260328_児島_8,2026-03-28,児島,8,4-5-6,1753.0
20260328_児島_8,2026-03-28,児島,8,5-4-6,739.5
20260328_児島_8,2026-03-28,児島,8,6-4-5,2327.0
20260328_児島_8,2026-03-28,児島,8,1-6-2,93.8
20260328_児島_8,2026-03-28,児島,8,2-6-1,62.6
20260328_児島_8,2026-03-28,児島,8,3-6-1,198.3
20260328_児島_8,2026-03-28,児島,8,4-6-1,2491.0
20260328_児島_8,2026-03-28,児島,8,5-6-1,327.9
20260328_児島_8,2026-03-28,児島,8,6-5-1,666.6
20260328_児島_8,2026-03-28,児島,8,1-6-3,156.9
20260328_児島_8,2026-03-28,児島,8,2-6-3,35.6
20260328_児島_8,2026-03-28,児島,8,3-6-2,110.6
20260328_児島_8,2026-03-28,児島,8,4-6-2,1577.0
20260328_児島_8,2026-03-28,児島,8,5-6-2,191.1
20260328_児島_8,2026-03-28,児島,8,6-5-2,363.1
20260328_児島_8,2026-03-28,児島,8,1-6-4,751.2
20260328_児島_8,2026-03-28,児島,8,2-6-4,270.9
20260328_児島_8,2026-03-28,児島,8,3-6-4,663.5
20260328_児島_8,2026-03-28,児島,8,4-6-3,1710.0
20260328_児島_8,2026-03-28,児島,8,5-6-3,330.9
20260328_児島_8,2026-03-28,児島,8,6-5-3,612.0
20260328_児島_8,2026-03-28,児島,8,1-6-5,257.2
20260328_児島_8,2026-03-28,児島,8,2-6-5,66.1
20260328_児島_8,2026-03-28,児島,8,3-6-5,224.3
20260328_児島_8,2026-03-28,児島,8,4-6-5,2218.0
20260328_児島_8,2026-03-28,児島,8,5-6-4,1100.0
20260328_児島_8,2026-03-28,児島,8,6-5-4,1690.0
20260328_児島_9,2026-03-28,児島,9,1-2-3,5.7
20260328_児島_9,2026-03-28,児島,9,2-1-3,23.8
20260328_児島_9,2026-03-28,児島,9,3-1-2,14.5
20260328_児島_9,2026-03-28,児島,9,4-1-2,879.1
20260328_児島_9,2026-03-28,児島,9,5-1-2,4144.0
20260328_児島_9,2026-03-28,児島,9,6-1-2,70.0
20260328_児島_9,2026-03-28,児島,9,1-2-4,53.4
20260328_児島_9,2026-03-28,児島,9,2-1-4,156.3
20260328_児島_9,2026-03-28,児島,9,3-1-4,46.0
20260328_児島_9,2026-03-28,児島,9,4-1-3,622.6
20260328_児島_9,2026-03-28,児島,9,5-1-3,3719.0
20260328_児島_9,2026-03-28,児島,9,6-1-3,60.0
20260328_児島_9,2026-03-28,児島,9,1-2-5,238.5
20260328_児島_9,2026-03-28,児島,9,2-1-5,747.7
20260328_児島_9,2026-03-28,児島,9,3-1-5,269.1
20260328_児島_9,2026-03-28,児島,9,4-1-5,1343.0
20260328_児島_9,2026-03-28,児島,9,5-1-4,2960.0
20260328_児島_9,2026-03-28,児島,9,6-1-4,332.7
20260328_児島_9,2026-03-28,児島,9,1-2-6,17.2
20260328_児島_9,2026-03-28,児島,9,2-1-6,43.8
20260328_児島_9,2026-03-28,児島,9,3-1-6,15.5
20260328_児島_9,2026-03-28,児島,9,4-1-6,656.4
20260328_児島_9,2026-03-28,児島,9,5-1-6,1908.0
20260328_児島_9,2026-03-28,児島,9,6-1-5,1107.0
20260328_児島_9,2026-03-28,児島,9,1-3-2,4.6
20260328_児島_9,2026-03-28,児島,9,2-3-1,34.7
20260328_児島_9,2026-03-28,児島,9,3-2-1,30.5
20260328_児島_9,2026-03-28,児島,9,4-2-1,1007.0
20260328_児島_9,2026-03-28,児島,9,5-2-1,5180.0
20260328_児島_9,2026-03-28,児島,9,6-2-1,117.0
20260328_児島_9,2026-03-28,児島,9,1-3-4,22.7
20260328_児島_9,2026-03-28,児島,9,2-3-4,165.9
20260328_児島_9,2026-03-28,児島,9,3-2-4,118.3
20260328_児島_9,2026-03-28,児島,9,4-2-3,906.6
20260328_児島_9,2026-03-28,児島,9,5-2-3,3453.0
20260328_児島_9,2026-03-28,児島,9,6-2-3,127.2
20260328_児島_9,2026-03-28,児島,9,1-3-5,143.9
20260328_児島_9,2026-03-28,児島,9,2-3-5,639.0
20260328_児島_9,2026-03-28,児島,9,3-2-5,446.3
20260328_児島_9,2026-03-28,児島,9,4-2-5,2231.0
20260328_児島_9,2026-03-28,児島,9,5-2-4,6307.0
20260328_児島_9,2026-03-28,児島,9,6-2-4,547.4
20260328_児島_9,2026-03-28,児島,9,1-3-6,7.6
20260328_児島_9,2026-03-28,児島,9,2-3-6,53.8
20260328_児島_9,2026-03-28,児島,9,3-2-6,36.7
20260328_児島_9,2026-03-28,児島,9,4-2-6,941.9
20260328_児島_9,2026-03-28,児島,9,5-2-6,3538.0
20260328_児島_9,2026-03-28,児島,9,6-2-5,1330.0
20260328_児島_9,2026-03-28,児島,9,1-4-2,134.5
20260328_児島_9,2026-03-28,児島,9,2-4-1,659.3
20260328_児島_9,2026-03-28,児島,9,3-4-1,169.6
20260328_児島_9,2026-03-28,児島,9,4-3-1,582.5
20260328_児島_9,2026-03-28,児島,9,5-3-1,4144.0
20260328_児島_9,2026-03-28,児島,9,6-3-1,73.2
20260328_児島_9,2026-03-28,児島,9,1-4-3,117.1
20260328_児島_9,2026-03-28,児島,9,2-4-3,584.9
20260328_児島_9,2026-03-28,児島,9,3-4-2,259.0
20260328_児島_9,2026-03-28,児島,9,4-3-2,848.3
20260328_児島_9,2026-03-28,児島,9,5-3-2,5180.0
20260328_児島_9,2026-03-28,児島,9,6-3-2,116.4
20260328_児島_9,2026-03-28,児島,9,1-4-5,501.9
20260328_児島_9,2026-03-28,児島,9,2-4-5,2378.0
20260328_児島_9,2026-03-28,児島,9,3-4-5,1014.0
20260328_児島_9,2026-03-28,児島,9,4-3-5,2417.0
20260328_児島_9,2026-03-28,児島,9,5-3-4,5579.0
20260328_児島_9,2026-03-28,児島,9,6-3-4,412.1
20260328_児島_9,2026-03-28,児島,9,1-4-6,173.7
20260328_児島_9,2026-03-28,児島,9,2-4-6,740.1
20260328_児島_9,2026-03-28,児島,9,3-4-6,179.5
20260328_児島_9,2026-03-28,児島,9,4-3-6,656.4
20260328_児島_9,2026-03-28,児島,9,5-3-6,3538.0
20260328_児島_9,2026-03-28,児島,9,6-3-5,1058.0
20260328_児島_9,2026-03-28,児島,9,1-5-2,575.6
20260328_児島_9,2026-03-28,児島,9,2-5-1,3086.0
20260328_児島_9,2026-03-28,児島,9,3-5-1,1028.0
20260328_児島_9,2026-03-28,児島,9,4-5-1,1960.0
20260328_児島_9,2026-03-28,児島,9,5-4-1,4533.0
20260328_児島_9,2026-03-28,児島,9,6-4-1,573.3
20260328_児島_9,2026-03-28,児島,9,1-5-3,512.6
20260328_児島_9,2026-03-28,児島,9,2-5-3,2844.0
20260328_児島_9,2026-03-28,児島,9,3-5-2,906.6
20260328_児島_9,2026-03-28,児島,9,4-5-2,3817.0
20260328_児島_9,2026-03-28,児島,9,5-4-2,8059.0
20260328_児島_9,2026-03-28,児島,9,6-4-2,948.1
20260328_児島_9,2026-03-28,児島,9,1-5-4,751.6
20260328_児島_9,2026-03-28,児島,9,2-5-4,5372.0
20260328_児島_9,2026-03-28,児島,9,3-5-4,1706.0
20260328_児島_9,2026-03-28,児島,9,4-5-3,3373.0
20260328_児島_9,2026-03-28,児島,9,5-4-3,8059.0
20260328_児島_9,2026-03-28,児島,9,6-4-3,792.7
20260328_児島_9,2026-03-28,児島,9,1-5-6,863.4
20260328_児島_9,2026-03-28,児島,9,2-5-6,3453.0
20260328_児島_9,2026-03-28,児島,9,3-5-6,948.1
20260328_児島_9,2026-03-28,児島,9,4-5-6,2686.0
20260328_児島_9,2026-03-28,児島,9,5-4-6,4679.0
20260328_児島_9,2026-03-28,児島,9,6-4-5,2378.0
20260328_児島_9,2026-03-28,児島,9,1-6-2,29.9
20260328_児島_9,2026-03-28,児島,9,2-6-1,132.6
20260328_児島_9,2026-03-28,児島,9,3-6-1,41.5
20260328_児島_9,2026-03-28,児島,9,4-6-1,755.5
20260328_児島_9,2026-03-28,児島,9,5-6-1,3817.0
20260328_児島_9,2026-03-28,児島,9,6-5-1,3022.0
20260328_児島_9,2026-03-28,児島,9,1-6-3,21.2
20260328_児島_9,2026-03-28,児島,9,2-6-3,130.8
20260328_児島_9,2026-03-28,児島,9,3-6-2,51.7
20260328_児島_9,2026-03-28,児島,9,4-6-2,1000.0
20260328_児島_9,2026-03-28,児島,9,5-6-2,6044.0
20260328_児島_9,2026-03-28,児島,9,6-5-2,2901.0
20260328_児島_9,2026-03-28,児島,9,1-6-4,125.5
20260328_児島_9,2026-03-28,児島,9,2-6-4,498.5
20260328_児島_9,2026-03-28,児島,9,3-6-4,141.9
20260328_児島_9,2026-03-28,児島,9,4-6-3,824.2
20260328_児島_9,2026-03-28,児島,9,5-6-3,4395.0
20260328_児島_9,2026-03-28,児島,9,6-5-3,2844.0
20260328_児島_9,2026-03-28,児島,9,1-6-5,512.6
20260328_児島_9,2026-03-28,児島,9,2-6-5,1355.0
20260328_児島_9,2026-03-28,児島,9,3-6-5,564.4
20260328_児島_9,2026-03-28,児島,9,4-6-5,2637.0
20260328_児島_9,2026-03-28,児島,9,5-6-4,4144.0
20260328_児島_9,2026-03-28,児島,9,6-5-4,3153.0
20260328_児島_10,2026-03-28,児島,10,1-2-3,47.4
20260328_児島_10,2026-03-28,児島,10,2-1-3,71.9
20260328_児島_10,2026-03-28,児島,10,3-1-2,516.8
20260328_児島_10,2026-03-28,児島,10,4-1-2,42.6
20260328_児島_10,2026-03-28,児島,10,5-1-2,237.2
20260328_児島_10,2026-03-28,児島,10,6-1-2,195.1
20260328_児島_10,2026-03-28,児島,10,1-2-4,9.7
20260328_児島_10,2026-03-28,児島,10,2-1-4,9.3
20260328_児島_10,2026-03-28,児島,10,3-1-4,774.0
20260328_児島_10,2026-03-28,児島,10,4-1-3,233.1
20260328_児島_10,2026-03-28,児島,10,5-1-3,980.4
20260328_児島_10,2026-03-28,児島,10,6-1-3,919.1
20260328_児島_10,2026-03-28,児島,10,1-2-5,21.3
20260328_児島_10,2026-03-28,児島,10,2-1-5,23.5
20260328_児島_10,2026-03-28,児島,10,3-1-5,763.0
20260328_児島_10,2026-03-28,児島,10,4-1-5,67.0
20260328_児島_10,2026-03-28,児島,10,5-1-4,249.2
20260328_児島_10,2026-03-28,児島,10,6-1-4,220.3
20260328_児島_10,2026-03-28,児島,10,1-2-6,14.5
20260328_児島_10,2026-03-28,児島,10,2-1-6,15.2
20260328_児島_10,2026-03-28,児島,10,3-1-6,745.4
20260328_児島_10,2026-03-28,児島,10,4-1-6,40.0
20260328_児島_10,2026-03-28,児島,10,5-1-6,230.4
20260328_児島_10,2026-03-28,児島,10,6-1-5,523.5
20260328_児島_10,2026-03-28,児島,10,1-3-2,111.4
20260328_児島_10,2026-03-28,児島,10,2-3-1,314.7
20260328_児島_10,2026-03-28,児島,10,3-2-1,860.4
20260328_児島_10,2026-03-28,児島,10,4-2-1,43.0
20260328_児島_10,2026-03-28,児島,10,5-2-1,259.6
20260328_児島_10,2026-03-28,児島,10,6-2-1,237.2
20260328_児島_10,2026-03-28,児島,10,1-3-4,150.7
20260328_児島_10,2026-03-28,児島,10,2-3-4,285.8
20260328_児島_10,2026-03-28,児島,10,3-2-4,665.7
20260328_児島_10,2026-03-28,児島,10,4-2-3,291.4
20260328_児島_10,2026-03-28,児島,10,5-2-3,1011.0
20260328_児島_10,2026-03-28,児島,10,6-2-3,1023.0
20260328_児島_10,2026-03-28,児島,10,1-3-5,210.9
20260328_児島_10,2026-03-28,児島,10,2-3-5,413.7
20260328_児島_10,2026-03-28,児島,10,3-2-5,700.3
20260328_児島_10,2026-03-28,児島,10,4-2-5,61.3
20260328_児島_10,2026-03-28,児島,10,5-2-4,217.1
20260328_児島_10,2026-03-28,児島,10,6-2-4,148.4
20260328_児島_10,2026-03-28,児島,10,1-3-6,166.0
20260328_児島_10,2026-03-28,児島,10,2-3-6,302.3
20260328_児島_10,2026-03-28,児島,10,3-2-6,627.0
20260328_児島_10,2026-03-28,児島,10,4-2-6,28.4
20260328_児島_10,2026-03-28,児島,10,5-2-6,221.3
20260328_児島_10,2026-03-28,児島,10,6-2-5,454.4
20260328_児島_10,2026-03-28,児島,10,1-4-2,16.6
20260328_児島_10,2026-03-28,児島,10,2-4-1,27.4
20260328_児島_10,2026-03-28,児島,10,3-4-1,1115.0
20260328_児島_10,2026-03-28,児島,10,4-3-1,596.9
20260328_児島_10,2026-03-28,児島,10,5-3-1,1720.0
20260328_児島_10,2026-03-28,児島,10,6-3-1,1777.0
20260328_児島_10,2026-03-28,児島,10,1-4-3,81.8
20260328_児島_10,2026-03-28,児島,10,2-4-3,206.0
20260328_児島_10,2026-03-28,児島,10,3-4-2,842.5
20260328_児島_10,2026-03-28,児島,10,4-3-2,584.0
20260328_児島_10,2026-03-28,児島,10,5-3-2,2246.0
20260328_児島_10,2026-03-28,児島,10,6-3-2,1777.0
20260328_児島_10,2026-03-28,児島,10,1-4-5,40.4
20260328_児島_10,2026-03-28,児島,10,2-4-5,51.0
20260328_児島_10,2026-03-28,児島,10,3-4-5,1419.0
20260328_児島_10,2026-03-28,児島,10,4-3-5,685.4
20260328_児島_10,2026-03-28,児島,10,5-3-4,2156.0
20260328_児島_10,2026-03-28,児島,10,6-3-4,1817.0
20260328_児島_10,2026-03-28,児島,10,1-4-6,22.7
20260328_児島_10,2026-03-28,児島,10,2-4-6,25.7
20260328_児島_10,2026-03-28,児島,10,3-4-6,1198.0
20260328_児島_10,2026-03-28,児島,10,4-3-6,511.9
20260328_児島_10,2026-03-28,児島,10,5-3-6,1972.0
20260328_児島_10,2026-03-28,児島,10,6-3-5,2567.0
20260328_児島_10,2026-03-28,児島,10,1-5-2,60.1
20260328_児島_10,2026-03-28,児島,10,2-5-1,100.9
20260328_児島_10,2026-03-28,児島,10,3-5-1,1406.0
20260328_児島_10,2026-03-28,児島,10,4-5-1,69.3
20260328_児島_10,2026-03-28,児島,10,5-4-1,194.2
20260328_児島_10,2026-03-28,児島,10,6-4-1,200.4
20260328_児島_10,2026-03-28,児島,10,1-5-3,258.0
20260328_児島_10,2026-03-28,児島,10,2-5-3,449.3
20260328_児島_10,2026-03-28,児島,10,3-5-2,1617.0
20260328_児島_10,2026-03-28,児島,10,4-5-2,58.9
20260328_児島_10,2026-03-28,児島,10,5-4-2,168.3
20260328_児島_10,2026-03-28,児島,10,6-4-2,125.5
20260328_児島_10,2026-03-28,児島,10,1-5-4,87.8
20260328_児島_10,2026-03-28,児島,10,2-5-4,101.3
20260328_児島_10,2026-03-28,児島,10,3-5-4,1484.0
20260328_児島_10,2026-03-28,児島,10,4-5-3,390.7
20260328_児島_10,2026-03-28,児島,10,5-4-3,1011.0
20260328_児島_10,2026-03-28,児島,10,6-4-3,1043.0
20260328_児島_10,2026-03-28,児島,10,1-5-6,94.2
20260328_児島_10,2026-03-28,児島,10,2-5-6,83.0
20260328_児島_10,2026-03-28,児島,10,3-5-6,1720.0
20260328_児島_10,2026-03-28,児島,10,4-5-6,42.5
20260328_児島_10,2026-03-28,児島,10,5-4-6,140.7
20260328_児島_10,2026-03-28,児島,10,6-4-5,304.0
20260328_児島_10,2026-03-28,児島,10,1-6-2,49.6
20260328_児島_10,2026-03-28,児島,10,2-6-1,72.8
20260328_児島_10,2026-03-28,児島,10,3-6-1,1294.0
20260328_児島_10,2026-03-28,児島,10,4-6-1,46.3
20260328_児島_10,2026-03-28,児島,10,5-6-1,334.9
20260328_児島_10,2026-03-28,児島,10,6-5-1,596.9
20260328_児島_10,2026-03-28,児島,10,1-6-3,251.1
20260328_児島_10,2026-03-28,児島,10,2-6-3,332.1
20260328_児島_10,2026-03-28,児島,10,3-6-2,1225.0
20260328_児島_10,2026-03-28,児島,10,4-6-2,33.4
20260328_児島_10,2026-03-28,児島,10,5-6-2,262.6
20260328_児島_10,2026-03-28,児島,10,6-5-2,462.2
20260328_児島_10,2026-03-28,児島,10,1-6-4,57.3
20260328_児島_10,2026-03-28,児島,10,2-6-4,57.3
20260328_児島_10,2026-03-28,児島,10,3-6-4,1155.0
20260328_児島_10,2026-03-28,児島,10,4-6-3,302.9
20260328_児島_10,2026-03-28,児島,10,5-6-3,1180.0
20260328_児島_10,2026-03-28,児島,10,6-5-3,1685.0
20260328_児島_10,2026-03-28,児島,10,1-6-5,131.4
20260328_児島_10,2026-03-28,児島,10,2-6-5,102.1
20260328_児島_10,2026-03-28,児島,10,3-6-5,1777.0
20260328_児島_10,2026-03-28,児島,10,4-6-5,54.2
20260328_児島_10,2026-03-28,児島,10,5-6-4,270.5
20260328_児島_10,2026-03-28,児島,10,6-5-4,416.9
20260328_児島_11,2026-03-28,児島,11,1-2-3,10.9
20260328_児島_11,2026-03-28,児島,11,2-1-3,49.3
20260328_児島_11,2026-03-28,児島,11,3-1-2,19.5
20260328_児島_11,2026-03-28,児島,11,4-1-2,302.0
20260328_児島_11,2026-03-28,児島,11,5-1-2,209.0
20260328_児島_11,2026-03-28,児島,11,6-1-2,688.9
20260328_児島_11,2026-03-28,児島,11,1-2-4,42.5
20260328_児島_11,2026-03-28,児島,11,2-1-4,135.4
20260328_児島_11,2026-03-28,児島,11,3-1-4,39.3
20260328_児島_11,2026-03-28,児島,11,4-1-3,279.5
20260328_児島_11,2026-03-28,児島,11,5-1-3,105.7
20260328_児島_11,2026-03-28,児島,11,6-1-3,447.1
20260328_児島_11,2026-03-28,児島,11,1-2-5,26.0
20260328_児島_11,2026-03-28,児島,11,2-1-5,81.3
20260328_児島_11,2026-03-28,児島,11,3-1-5,12.1
20260328_児島_11,2026-03-28,児島,11,4-1-5,334.2
20260328_児島_11,2026-03-28,児島,11,5-1-4,338.4
20260328_児島_11,2026-03-28,児島,11,6-1-4,1363.0
20260328_児島_11,2026-03-28,児島,11,1-2-6,55.6
20260328_児島_11,2026-03-28,児島,11,2-1-6,160.3
20260328_児島_11,2026-03-28,児島,11,3-1-6,31.6
20260328_児島_11,2026-03-28,児島,11,4-1-6,410.4
20260328_児島_11,2026-03-28,児島,11,5-1-6,181.4
20260328_児島_11,2026-03-28,児島,11,6-1-5,771.6
20260328_児島_11,2026-03-28,児島,11,1-3-2,7.1
20260328_児島_11,2026-03-28,児島,11,2-3-1,55.4
20260328_児島_11,2026-03-28,児島,11,3-2-1,39.4
20260328_児島_11,2026-03-28,児島,11,4-2-1,432.7
20260328_児島_11,2026-03-28,児島,11,5-2-1,334.2
20260328_児島_11,2026-03-28,児島,11,6-2-1,978.4
20260328_児島_11,2026-03-28,児島,11,1-3-4,22.3
20260328_児島_11,2026-03-28,児島,11,2-3-4,119.7
20260328_児島_11,2026-03-28,児島,11,3-2-4,88.7
20260328_児島_11,2026-03-28,児島,11,4-2-3,661.9
20260328_児島_11,2026-03-28,児島,11,5-2-3,205.8
20260328_児島_11,2026-03-28,児島,11,6-2-3,1406.0
20260328_児島_11,2026-03-28,児島,11,1-3-5,8.3
20260328_児島_11,2026-03-28,児島,11,2-3-5,51.1
20260328_児島_11,2026-03-28,児島,11,3-2-5,30.3
20260328_児島_11,2026-03-28,児島,11,4-2-5,681.9
20260328_児島_11,2026-03-28,児島,11,5-2-4,706.9
20260328_児島_11,2026-03-28,児島,11,6-2-4,2077.0
20260328_児島_11,2026-03-28,児島,11,1-3-6,21.0
20260328_児島_11,2026-03-28,児島,11,2-3-6,125.0
20260328_児島_11,2026-03-28,児島,11,3-2-6,65.0
20260328_児島_11,2026-03-28,児島,11,4-2-6,803.7
20260328_児島_11,2026-03-28,児島,11,5-2-6,435.5
20260328_児島_11,2026-03-28,児島,11,6-2-5,1298.0
20260328_児島_11,2026-03-28,児島,11,1-4-2,75.9
20260328_児島_11,2026-03-28,児島,11,2-4-1,410.4
20260328_児島_11,2026-03-28,児島,11,3-4-1,147.2
20260328_児島_11,2026-03-28,児島,11,4-3-1,415.4
20260328_児島_11,2026-03-28,児島,11,5-3-1,121.5
20260328_児島_11,2026-03-28,児島,11,6-3-1,661.9
20260328_児島_11,2026-03-28,児島,11,1-4-3,56.4
20260328_児島_11,2026-03-28,児島,11,2-4-3,374.0
20260328_児島_11,2026-03-28,児島,11,3-4-2,220.9
20260328_児島_11,2026-03-28,児島,11,4-3-2,729.8
20260328_児島_11,2026-03-28,児島,11,5-3-2,190.9
20260328_児島_11,2026-03-28,児島,11,6-3-2,1336.0
20260328_児島_11,2026-03-28,児島,11,1-4-5,90.0
20260328_児島_11,2026-03-28,児島,11,2-4-5,460.8
20260328_児島_11,2026-03-28,児島,11,3-4-5,149.2
20260328_児島_11,2026-03-28,児島,11,4-3-5,540.1
20260328_児島_11,2026-03-28,児島,11,5-3-4,457.7
20260328_児島_11,2026-03-28,児島,11,6-3-4,1687.0
20260328_児島_11,2026-03-28,児島,11,1-4-6,112.9
20260328_児島_11,2026-03-28,児島,11,2-4-6,699.6
20260328_児島_11,2026-03-28,児島,11,3-4-6,233.6
20260328_児島_11,2026-03-28,児島,11,4-3-6,671.7
20260328_児島_11,2026-03-28,児島,11,5-3-6,183.4
20260328_児島_11,2026-03-28,児島,11,6-3-5,985.6
20260328_児島_11,2026-03-28,児島,11,1-5-2,45.4
20260328_児島_11,2026-03-28,児島,11,2-5-1,200.9
20260328_児島_11,2026-03-28,児島,11,3-5-1,34.9
20260328_児島_11,2026-03-28,児島,11,4-5-1,453.1
20260328_児島_11,2026-03-28,児島,11,5-4-1,562.6
20260328_児島_11,2026-03-28,児島,11,6-4-1,1570.0
20260328_児島_11,2026-03-28,児島,11,1-5-3,29.0
20260328_児島_11,2026-03-28,児島,11,2-5-3,137.7
20260328_児島_11,2026-03-28,児島,11,3-5-2,53.0
20260328_児島_11,2026-03-28,児島,11,4-5-2,688.9
20260328_児島_11,2026-03-28,児島,11,5-4-2,849.2
20260328_児島_11,2026-03-28,児島,11,6-4-2,1824.0
20260328_児島_11,2026-03-28,児島,11,1-5-4,108.7
20260328_児島_11,2026-03-28,児島,11,2-5-4,501.9
20260328_児島_11,2026-03-28,児島,11,3-5-4,136.1
20260328_児島_11,2026-03-28,児島,11,4-5-3,572.1
20260328_児島_11,2026-03-28,児島,11,5-4-3,622.2
20260328_児島_11,2026-03-28,児島,11,6-4-3,2045.0
20260328_児島_11,2026-03-28,児島,11,1-5-6,78.5
20260328_児島_11,2026-03-28,児島,11,2-5-6,349.8
20260328_児島_11,2026-03-28,児島,11,3-5-6,57.4
20260328_児島_11,2026-03-28,児島,11,4-5-6,553.4
20260328_児島_11,2026-03-28,児島,11,5-4-6,616.5
20260328_児島_11,2026-03-28,児島,11,6-4-5,1534.0
20260328_児島_11,2026-03-28,児島,11,1-6-2,137.0
20260328_児島_11,2026-03-28,児島,11,2-6-1,475.4
20260328_児島_11,2026-03-28,児島,11,3-6-1,141.3
20260328_児島_11,2026-03-28,児島,11,4-6-1,737.8
20260328_児島_11,2026-03-28,児島,11,5-6-1,365.9
20260328_児島_11,2026-03-28,児島,11,6-5-1,1134.0
20260328_児島_11,2026-03-28,児島,11,1-6-3,78.0
20260328_児島_11,2026-03-28,児島,11,2-6-3,587.0
20260328_児島_11,2026-03-28,児島,11,3-6-2,240.6
20260328_児島_11,2026-03-28,児島,11,4-6-2,950.9
20260328_児島_11,2026-03-28,児島,11,5-6-2,564.9
20260328_児島_11,2026-03-28,児島,11,6-5-2,1392.0
20260328_児島_11,2026-03-28,児島,11,1-6-4,220.9
20260328_児島_11,2026-03-28,児島,11,2-6-4,1097.0
20260328_児島_11,2026-03-28,児島,11,3-6-4,410.4
20260328_児島_11,2026-03-28,児島,11,4-6-3,1007.0
20260328_児島_11,2026-03-28,児島,11,5-6-3,348.9
20260328_児島_11,2026-03-28,児島,11,6-5-3,1000.0
20260328_児島_11,2026-03-28,児島,11,1-6-5,116.2
20260328_児島_11,2026-03-28,児島,11,2-6-5,733.8
20260328_児島_11,2026-03-28,児島,11,3-6-5,163.2
20260328_児島_11,2026-03-28,児島,11,4-6-5,776.0
20260328_児島_11,2026-03-28,児島,11,5-6-4,714.4
20260328_児島_11,2026-03-28,児島,11,6-5-4,1753.0
20260328_児島_12,2026-03-28,児島,12,1-2-3,14.5
20260328_児島_12,2026-03-28,児島,12,2-1-3,72.9
20260328_児島_12,2026-03-28,児島,12,3-1-2,120.9
20260328_児島_12,2026-03-28,児島,12,4-1-2,46.5
20260328_児島_12,2026-03-28,児島,12,5-1-2,187.6
20260328_児島_12,2026-03-28,児島,12,6-1-2,1264.0
20260328_児島_12,2026-03-28,児島,12,1-2-4,6.9
20260328_児島_12,2026-03-28,児島,12,2-1-4,42.0
20260328_児島_12,2026-03-28,児島,12,3-1-4,68.4
20260328_児島_12,2026-03-28,児島,12,4-1-3,89.9
20260328_児島_12,2026-03-28,児島,12,5-1-3,254.4
20260328_児島_12,2026-03-28,児島,12,6-1-3,2069.0
20260328_児島_12,2026-03-28,児島,12,1-2-5,17.2
20260328_児島_12,2026-03-28,児島,12,2-1-5,85.9
20260328_児島_12,2026-03-28,児島,12,3-1-5,136.7
20260328_児島_12,2026-03-28,児島,12,4-1-5,38.1
20260328_児島_12,2026-03-28,児島,12,5-1-4,122.2
20260328_児島_12,2026-03-28,児島,12,6-1-4,945.3
20260328_児島_12,2026-03-28,児島,12,1-2-6,49.1
20260328_児島_12,2026-03-28,児島,12,2-1-6,159.4
20260328_児島_12,2026-03-28,児島,12,3-1-6,260.7
20260328_児島_12,2026-03-28,児島,12,4-1-6,81.3
20260328_児島_12,2026-03-28,児島,12,5-1-6,230.0
20260328_児島_12,2026-03-28,児島,12,6-1-5,1064.0
20260328_児島_12,2026-03-28,児島,12,1-3-2,16.4
20260328_児島_12,2026-03-28,児島,12,2-3-1,255.5
20260328_児島_12,2026-03-28,児島,12,3-2-1,275.5
20260328_児島_12,2026-03-28,児島,12,4-2-1,87.0
20260328_児島_12,2026-03-28,児島,12,5-2-1,364.8
20260328_児島_12,2026-03-28,児島,12,6-2-1,2386.0
20260328_児島_12,2026-03-28,児島,12,1-3-4,13.6
20260328_児島_12,2026-03-28,児島,12,2-3-4,253.1
20260328_児島_12,2026-03-28,児島,12,3-2-4,238.0
20260328_児島_12,2026-03-28,児島,12,4-2-3,203.5
20260328_児島_12,2026-03-28,児島,12,5-2-3,758.7
20260328_児島_12,2026-03-28,児島,12,6-2-3,3481.0
20260328_児島_12,2026-03-28,児島,12,1-3-5,26.1
20260328_児島_12,2026-03-28,児島,12,2-3-5,419.1
20260328_児島_12,2026-03-28,児島,12,3-2-5,373.1
20260328_児島_12,2026-03-28,児島,12,4-2-5,130.0
20260328_児島_12,2026-03-28,児島,12,5-2-4,395.5
20260328_児島_12,2026-03-28,児島,12,6-2-4,2026.0
20260328_児島_12,2026-03-28,児島,12,1-3-6,63.0
20260328_児島_12,2026-03-28,児島,12,2-3-6,646.0
20260328_児島_12,2026-03-28,児島,12,3-2-6,684.9
20260328_児島_12,2026-03-28,児島,12,4-2-6,233.3
20260328_児島_12,2026-03-28,児島,12,5-2-6,648.9
20260328_児島_12,2026-03-28,児島,12,6-2-5,2872.0
20260328_児島_12,2026-03-28,児島,12,1-4-2,8.3
20260328_児島_12,2026-03-28,児島,12,2-4-1,97.0
20260328_児島_12,2026-03-28,児島,12,3-4-1,140.7
20260328_児島_12,2026-03-28,児島,12,4-3-1,212.4
20260328_児島_12,2026-03-28,児島,12,5-3-1,512.8
20260328_児島_12,2026-03-28,児島,12,6-3-1,3082.0
20260328_児島_12,2026-03-28,児島,12,1-4-3,14.3
20260328_児島_12,2026-03-28,児島,12,2-4-3,217.7
20260328_児島_12,2026-03-28,児島,12,3-4-2,167.6
20260328_児島_12,2026-03-28,児島,12,4-3-2,243.5
20260328_児島_12,2026-03-28,児島,12,5-3-2,1003.0
20260328_児島_12,2026-03-28,児島,12,6-3-2,3893.0
20260328_児島_12,2026-03-28,児島,12,1-4-5,11.7
20260328_児島_12,2026-03-28,児島,12,2-4-5,170.1
20260328_児島_12,2026-03-28,児島,12,3-4-5,214.1
20260328_児島_12,2026-03-28,児島,12,4-3-5,284.2
20260328_児島_12,2026-03-28,児島,12,5-3-4,707.9
20260328_児島_12,2026-03-28,児島,12,6-3-4,2258.0
20260328_児島_12,2026-03-28,児島,12,1-4-6,31.2
20260328_児島_12,2026-03-28,児島,12,2-4-6,374.5
20260328_児島_12,2026-03-28,児島,12,3-4-6,301.3
20260328_児島_12,2026-03-28,児島,12,4-3-6,399.8
20260328_児島_12,2026-03-28,児島,12,5-3-6,970.1
20260328_児島_12,2026-03-28,児島,12,6-3-5,3653.0
20260328_児島_12,2026-03-28,児島,12,1-5-2,31.8
20260328_児島_12,2026-03-28,児島,12,2-5-1,300.7
20260328_児島_12,2026-03-28,児島,12,3-5-1,340.5
20260328_児島_12,2026-03-28,児島,12,4-5-1,57.9
20260328_児島_12,2026-03-28,児島,12,5-4-1,154.1
20260328_児島_12,2026-03-28,児島,12,6-4-1,1169.0
20260328_児島_12,2026-03-28,児島,12,1-5-3,41.7
20260328_児島_12,2026-03-28,児島,12,2-5-3,684.9
20260328_児島_12,2026-03-28,児島,12,3-5-2,438.3
20260328_児島_12,2026-03-28,児島,12,4-5-2,101.4
20260328_児島_12,2026-03-28,児島,12,5-4-2,268.5
20260328_児島_12,2026-03-28,児島,12,6-4-2,1793.0
20260328_児島_12,2026-03-28,児島,12,1-5-4,29.1
20260328_児島_12,2026-03-28,児島,12,2-5-4,345.2
20260328_児島_12,2026-03-28,児島,12,3-5-4,382.3
20260328_児島_12,2026-03-28,児島,12,4-5-3,218.8
20260328_児島_12,2026-03-28,児島,12,5-4-3,553.0
20260328_児島_12,2026-03-28,児島,12,6-4-3,2550.0
20260328_児島_12,2026-03-28,児島,12,1-5-6,66.6
20260328_児島_12,2026-03-28,児島,12,2-5-6,723.4
20260328_児島_12,2026-03-28,児島,12,3-5-6,575.6
20260328_児島_12,2026-03-28,児島,12,4-5-6,91.1
20260328_児島_12,2026-03-28,児島,12,5-4-6,271.7
20260328_児島_12,2026-03-28,児島,12,6-4-5,1151.0
20260328_児島_12,2026-03-28,児島,12,1-6-2,181.7
20260328_児島_12,2026-03-28,児島,12,2-6-1,893.9
20260328_児島_12,2026-03-28,児島,12,3-6-1,1472.0
20260328_児島_12,2026-03-28,児島,12,4-6-1,245.1
20260328_児島_12,2026-03-28,児島,12,5-6-1,550.0
20260328_児島_12,2026-03-28,児島,12,6-5-1,1202.0
20260328_児島_12,2026-03-28,児島,12,1-6-3,210.9
20260328_児島_12,2026-03-28,児島,12,2-6-3,1517.0
20260328_児島_12,2026-03-28,児島,12,3-6-2,1720.0
20260328_児島_12,2026-03-28,児島,12,4-6-2,322.3
20260328_児島_12,2026-03-28,児島,12,5-6-2,1016.0
20260328_児島_12,2026-03-28,児島,12,6-5-2,2901.0
20260328_児島_12,2026-03-28,児島,12,1-6-4,144.2
20260328_児島_12,2026-03-28,児島,12,2-6-4,1038.0
20260328_児島_12,2026-03-28,児島,12,3-6-4,1264.0
20260328_児島_12,2026-03-28,児島,12,4-6-3,615.1
20260328_児島_12,2026-03-28,児島,12,5-6-3,1402.0
20260328_児島_12,2026-03-28,児島,12,6-5-3,3440.0
20260328_児島_12,2026-03-28,児島,12,1-6-5,171.0
20260328_児島_12,2026-03-28,児島,12,2-6-5,1443.0
20260328_児島_12,2026-03-28,児島,12,3-6-5,1338.0
20260328_児島_12,2026-03-28,児島,12,4-6-5,246.7
20260328_児島_12,2026-03-28,児島,12,5-6-4,585.9
20260328_児島_12,2026-03-28,児島,12,6-5-4,1297.0
20260328_宮島_1,2026-03-28,宮島,1,1-2-3,10.5
20260328_宮島_1,2026-03-28,宮島,1,2-1-3,46.4
20260328_宮島_1,2026-03-28,宮島,1,3-1-2,66.9
20260328_宮島_1,2026-03-28,宮島,1,4-1-2,74.4
20260328_宮島_1,2026-03-28,宮島,1,5-1-2,265.1
20260328_宮島_1,2026-03-28,宮島,1,6-1-2,850.4
20260328_宮島_1,2026-03-28,宮島,1,1-2-4,16.5
20260328_宮島_1,2026-03-28,宮島,1,2-1-4,65.5
20260328_宮島_1,2026-03-28,宮島,1,3-1-4,40.1
20260328_宮島_1,2026-03-28,宮島,1,4-1-3,63.6
20260328_宮島_1,2026-03-28,宮島,1,5-1-3,186.9
20260328_宮島_1,2026-03-28,宮島,1,6-1-3,647.9
20260328_宮島_1,2026-03-28,宮島,1,1-2-5,28.3
20260328_宮島_1,2026-03-28,宮島,1,2-1-5,113.3
20260328_宮島_1,2026-03-28,宮島,1,3-1-5,48.8
20260328_宮島_1,2026-03-28,宮島,1,4-1-5,50.5
20260328_宮島_1,2026-03-28,宮島,1,5-1-4,150.5
20260328_宮島_1,2026-03-28,宮島,1,6-1-4,737.0
20260328_宮島_1,2026-03-28,宮島,1,1-2-6,67.9
20260328_宮島_1,2026-03-28,宮島,1,2-1-6,221.6
20260328_宮島_1,2026-03-28,宮島,1,3-1-6,128.3
20260328_宮島_1,2026-03-28,宮島,1,4-1-6,124.6
20260328_宮島_1,2026-03-28,宮島,1,5-1-6,267.1
20260328_宮島_1,2026-03-28,宮島,1,6-1-5,921.2
20260328_宮島_1,2026-03-28,宮島,1,1-3-2,9.3
20260328_宮島_1,2026-03-28,宮島,1,2-3-1,103.0
20260328_宮島_1,2026-03-28,宮島,1,3-2-1,118.4
20260328_宮島_1,2026-03-28,宮島,1,4-2-1,138.9
20260328_宮島_1,2026-03-28,宮島,1,5-2-1,578.0
20260328_宮島_1,2026-03-28,宮島,1,6-2-1,1786.0
20260328_宮島_1,2026-03-28,宮島,1,1-3-4,7.4
20260328_宮島_1,2026-03-28,宮島,1,2-3-4,162.2
20260328_宮島_1,2026-03-28,宮島,1,3-2-4,148.2
20260328_宮島_1,2026-03-28,宮島,1,4-2-3,229.7
20260328_宮島_1,2026-03-28,宮島,1,5-2-3,737.0
20260328_宮島_1,2026-03-28,宮島,1,6-2-3,2640.0
20260328_宮島_1,2026-03-28,宮島,1,1-3-5,11.4
20260328_宮島_1,2026-03-28,宮島,1,2-3-5,250.9
20260328_宮島_1,2026-03-28,宮島,1,3-2-5,210.0
20260328_宮島_1,2026-03-28,宮島,1,4-2-5,223.6
20260328_宮島_1,2026-03-28,宮島,1,5-2-4,581.8
20260328_宮島_1,2026-03-28,宮島,1,6-2-4,2239.0
20260328_宮島_1,2026-03-28,宮島,1,1-3-6,42.8
20260328_宮島_1,2026-03-28,宮島,1,2-3-6,487.2
20260328_宮島_1,2026-03-28,宮島,1,3-2-6,465.4
20260328_宮島_1,2026-03-28,宮島,1,4-2-6,419.1
20260328_宮島_1,2026-03-28,宮島,1,5-2-6,858.6
20260328_宮島_1,2026-03-28,宮島,1,6-2-5,2211.0
20260328_宮島_1,2026-03-28,宮島,1,1-4-2,18.4
20260328_宮島_1,2026-03-28,宮島,1,2-4-1,233.6
20260328_宮島_1,2026-03-28,宮島,1,3-4-1,93.5
20260328_宮島_1,2026-03-28,宮島,1,4-3-1,102.7
20260328_宮島_1,2026-03-28,宮島,1,5-3-1,410.4
20260328_宮島_1,2026-03-28,宮島,1,6-3-1,1105.0
20260328_宮島_1,2026-03-28,宮島,1,1-4-3,13.3
20260328_宮島_1,2026-03-28,宮島,1,2-4-3,244.3
20260328_宮島_1,2026-03-28,宮島,1,3-4-2,186.1
20260328_宮島_1,2026-03-28,宮島,1,4-3-2,226.4
20260328_宮島_1,2026-03-28,宮島,1,5-3-2,752.7
20260328_宮島_1,2026-03-28,宮島,1,6-3-2,2390.0
20260328_宮島_1,2026-03-28,宮島,1,1-4-5,18.3
20260328_宮島_1,2026-03-28,宮島,1,2-4-5,344.8
20260328_宮島_1,2026-03-28,宮島,1,3-4-5,125.8
20260328_宮島_1,2026-03-28,宮島,1,4-3-5,177.9
20260328_宮島_1,2026-03-28,宮島,1,5-3-4,565.1
20260328_宮島_1,2026-03-28,宮島,1,6-3-4,2033.0
20260328_宮島_1,2026-03-28,宮島,1,1-4-6,56.2
20260328_宮島_1,2026-03-28,宮島,1,2-4-6,662.4
20260328_宮島_1,2026-03-28,宮島,1,3-4-6,298.7
20260328_宮島_1,2026-03-28,宮島,1,4-3-6,448.9
20260328_宮島_1,2026-03-28,宮島,1,5-3-6,884.4
20260328_宮島_1,2026-03-28,宮島,1,6-3-5,2640.0
20260328_宮島_1,2026-03-28,宮島,1,1-5-2,44.5
20260328_宮島_1,2026-03-28,宮島,1,2-5-1,505.3
20260328_宮島_1,2026-03-28,宮島,1,3-5-1,165.7
20260328_宮島_1,2026-03-28,宮島,1,4-5-1,62.4
20260328_宮島_1,2026-03-28,宮島,1,5-4-1,187.3
20260328_宮島_1,2026-03-28,宮島,1,6-4-1,1126.0
20260328_宮島_1,2026-03-28,宮島,1,1-5-3,31.4
20260328_宮島_1,2026-03-28,宮島,1,2-5-3,591.5
20260328_宮島_1,2026-03-28,宮島,1,3-5-2,330.0
20260328_宮島_1,2026-03-28,宮島,1,4-5-2,138.8
20260328_宮島_1,2026-03-28,宮島,1,5-4-2,368.5
20260328_宮島_1,2026-03-28,宮島,1,6-4-2,2640.0
20260328_宮島_1,2026-03-28,宮島,1,1-5-4,31.3
20260328_宮島_1,2026-03-28,宮島,1,2-5-4,539.2
20260328_宮島_1,2026-03-28,宮島,1,3-5-4,212.0
20260328_宮島_1,2026-03-28,宮島,1,4-5-3,145.3
20260328_宮島_1,2026-03-28,宮島,1,5-4-3,431.4
20260328_宮島_1,2026-03-28,宮島,1,6-4-3,2010.0
20260328_宮島_1,2026-03-28,宮島,1,1-5-6,94.8
20260328_宮島_1,2026-03-28,宮島,1,2-5-6,1195.0
20260328_宮島_1,2026-03-28,宮島,1,3-5-6,515.7
20260328_宮島_1,2026-03-28,宮島,1,4-5-6,99.1
20260328_宮島_1,2026-03-28,宮島,1,5-4-6,239.3
20260328_宮島_1,2026-03-28,宮島,1,6-4-5,680.3
20260328_宮島_1,2026-03-28,宮島,1,1-6-2,180.1
20260328_宮島_1,2026-03-28,宮島,1,2-6-1,1078.0
20260328_宮島_1,2026-03-28,宮島,1,3-6-1,713.2
20260328_宮島_1,2026-03-28,宮島,1,4-6-1,243.3
20260328_宮島_1,2026-03-28,宮島,1,5-6-1,595.5
20260328_宮島_1,2026-03-28,宮島,1,6-5-1,1320.0
20260328_宮島_1,2026-03-28,宮島,1,1-6-3,126.9
20260328_宮島_1,2026-03-28,宮島,1,2-6-3,1381.0
20260328_宮島_1,2026-03-28,宮島,1,3-6-2,1300.0
20260328_宮島_1,2026-03-28,宮島,1,4-6-2,542.5
20260328_宮島_1,2026-03-28,宮島,1,5-6-2,1034.0
20260328_宮島_1,2026-03-28,宮島,1,6-5-2,2563.0
20260328_宮島_1,2026-03-28,宮島,1,1-6-4,149.3
20260328_宮島_1,2026-03-28,宮島,1,2-6-4,1310.0
20260328_宮島_1,2026-03-28,宮島,1,3-6-4,680.3
20260328_宮島_1,2026-03-28,宮島,1,4-6-3,583.7
20260328_宮島_1,2026-03-28,宮島,1,5-6-3,1219.0
20260328_宮島_1,2026-03-28,宮島,1,6-5-3,2183.0
20260328_宮島_1,2026-03-28,宮島,1,1-6-5,128.7
20260328_宮島_1,2026-03-28,宮島,1,2-6-5,1565.0
20260328_宮島_1,2026-03-28,宮島,1,3-6-5,871.3
20260328_宮島_1,2026-03-28,宮島,1,4-6-5,205.9
20260328_宮島_1,2026-03-28,宮島,1,5-6-4,387.9
20260328_宮島_1,2026-03-28,宮島,1,6-5-4,655.1
20260328_宮島_2,2026-03-28,宮島,2,1-2-3,34.1
20260328_宮島_2,2026-03-28,宮島,2,2-1-3,80.3
20260328_宮島_2,2026-03-28,宮島,2,3-1-2,323.3
20260328_宮島_2,2026-03-28,宮島,2,4-1-2,33.8
20260328_宮島_2,2026-03-28,宮島,2,5-1-2,77.4
20260328_宮島_2,2026-03-28,宮島,2,6-1-2,666.2
20260328_宮島_2,2026-03-28,宮島,2,1-2-4,12.1
20260328_宮島_2,2026-03-28,宮島,2,2-1-4,29.8
20260328_宮島_2,2026-03-28,宮島,2,3-1-4,294.8
20260328_宮島_2,2026-03-28,宮島,2,4-1-3,139.9
20260328_宮島_2,2026-03-28,宮島,2,5-1-3,117.7
20260328_宮島_2,2026-03-28,宮島,2,6-1-3,906.7
20260328_宮島_2,2026-03-28,宮島,2,1-2-5,20.0
20260328_宮島_2,2026-03-28,宮島,2,2-1-5,38.9
20260328_宮島_2,2026-03-28,宮島,2,3-1-5,196.7
20260328_宮島_2,2026-03-28,宮島,2,4-1-5,25.6
20260328_宮島_2,2026-03-28,宮島,2,5-1-4,60.3
20260328_宮島_2,2026-03-28,宮島,2,6-1-4,585.4
20260328_宮島_2,2026-03-28,宮島,2,1-2-6,100.6
20260328_宮島_2,2026-03-28,宮島,2,2-1-6,126.2
20260328_宮島_2,2026-03-28,宮島,2,3-1-6,609.0
20260328_宮島_2,2026-03-28,宮島,2,4-1-6,62.4
20260328_宮島_2,2026-03-28,宮島,2,5-1-6,87.7
20260328_宮島_2,2026-03-28,宮島,2,6-1-5,465.6
20260328_宮島_2,2026-03-28,宮島,2,1-3-2,47.7
20260328_宮島_2,2026-03-28,宮島,2,2-3-1,214.1
20260328_宮島_2,2026-03-28,宮島,2,3-2-1,446.6
20260328_宮島_2,2026-03-28,宮島,2,4-2-1,48.5
20260328_宮島_2,2026-03-28,宮島,2,5-2-1,142.3
20260328_宮島_2,2026-03-28,宮島,2,6-2-1,809.3
20260328_宮島_2,2026-03-28,宮島,2,1-3-4,48.2
20260328_宮島_2,2026-03-28,宮島,2,2-3-4,189.6
20260328_宮島_2,2026-03-28,宮島,2,3-2-4,390.2
20260328_宮島_2,2026-03-28,宮島,2,4-2-3,156.2
20260328_宮島_2,2026-03-28,宮島,2,5-2-3,190.5
20260328_宮島_2,2026-03-28,宮島,2,6-2-3,1435.0
20260328_宮島_2,2026-03-28,宮島,2,1-3-5,56.9
20260328_宮島_2,2026-03-28,宮島,2,2-3-5,176.3
20260328_宮島_2,2026-03-28,宮島,2,3-2-5,276.5
20260328_宮島_2,2026-03-28,宮島,2,4-2-5,31.3
20260328_宮島_2,2026-03-28,宮島,2,5-2-4,88.2
20260328_宮島_2,2026-03-28,宮島,2,6-2-4,545.6
20260328_宮島_2,2026-03-28,宮島,2,1-3-6,177.6
20260328_宮島_2,2026-03-28,宮島,2,2-3-6,366.5
20260328_宮島_2,2026-03-28,宮島,2,3-2-6,763.2
20260328_宮島_2,2026-03-28,宮島,2,4-2-6,85.6
20260328_宮島_2,2026-03-28,宮島,2,5-2-6,148.5
20260328_宮島_2,2026-03-28,宮島,2,6-2-5,689.1
20260328_宮島_2,2026-03-28,宮島,2,1-4-2,14.1
20260328_宮島_2,2026-03-28,宮島,2,2-4-1,43.4
20260328_宮島_2,2026-03-28,宮島,2,3-4-1,411.5
20260328_宮島_2,2026-03-28,宮島,2,4-3-1,295.5
20260328_宮島_2,2026-03-28,宮島,2,5-3-1,311.6
20260328_宮島_2,2026-03-28,宮島,2,6-3-1,1914.0
20260328_宮島_2,2026-03-28,宮島,2,1-4-3,51.0
20260328_宮島_2,2026-03-28,宮島,2,2-4-3,135.6
20260328_宮島_2,2026-03-28,宮島,2,3-4-2,478.5
20260328_宮島_2,2026-03-28,宮島,2,4-3-2,283.7
20260328_宮島_2,2026-03-28,宮島,2,5-3-2,294.8
20260328_宮島_2,2026-03-28,宮島,2,6-3-2,1674.0
20260328_宮島_2,2026-03-28,宮島,2,1-4-5,18.6
20260328_宮島_2,2026-03-28,宮島,2,2-4-5,37.3
20260328_宮島_2,2026-03-28,宮島,2,3-4-5,209.3
20260328_宮島_2,2026-03-28,宮島,2,4-3-5,152.4
20260328_宮島_2,2026-03-28,宮島,2,5-3-4,237.3
20260328_宮島_2,2026-03-28,宮島,2,6-3-4,1488.0
20260328_宮島_2,2026-03-28,宮島,2,1-4-6,59.5
20260328_宮島_2,2026-03-28,宮島,2,2-4-6,128.9
20260328_宮島_2,2026-03-28,宮島,2,3-4-6,648.3
20260328_宮島_2,2026-03-28,宮島,2,4-3-6,306.0
20260328_宮島_2,2026-03-28,宮島,2,5-3-6,326.8
20260328_宮島_2,2026-03-28,宮島,2,6-3-5,927.6
20260328_宮島_2,2026-03-28,宮島,2,1-5-2,39.4
20260328_宮島_2,2026-03-28,宮島,2,2-5-1,89.7
20260328_宮島_2,2026-03-28,宮島,2,3-5-1,292.7
20260328_宮島_2,2026-03-28,宮島,2,4-5-1,25.2
20260328_宮島_2,2026-03-28,宮島,2,5-4-1,54.3
20260328_宮島_2,2026-03-28,宮島,2,6-4-1,606.0
20260328_宮島_2,2026-03-28,宮島,2,1-5-3,61.1
20260328_宮島_2,2026-03-28,宮島,2,2-5-3,170.5
20260328_宮島_2,2026-03-28,宮島,2,3-5-2,330.3
20260328_宮島_2,2026-03-28,宮島,2,4-5-2,24.7
20260328_宮島_2,2026-03-28,宮島,2,5-4-2,47.8
20260328_宮島_2,2026-03-28,宮島,2,6-4-2,492.2
20260328_宮島_2,2026-03-28,宮島,2,1-5-4,37.3
20260328_宮島_2,2026-03-28,宮島,2,2-5-4,68.7
20260328_宮島_2,2026-03-28,宮島,2,3-5-4,258.7
20260328_宮島_2,2026-03-28,宮島,2,4-5-3,89.5
20260328_宮島_2,2026-03-28,宮島,2,5-4-3,135.0
20260328_宮島_2,2026-03-28,宮島,2,6-4-3,1048.0
20260328_宮島_2,2026-03-28,宮島,2,1-5-6,75.2
20260328_宮島_2,2026-03-28,宮島,2,2-5-6,136.5
20260328_宮島_2,2026-03-28,宮島,2,3-5-6,440.1
20260328_宮島_2,2026-03-28,宮島,2,4-5-6,24.7
20260328_宮島_2,2026-03-28,宮島,2,5-4-6,47.4
20260328_宮島_2,2026-03-28,宮島,2,6-4-5,237.3
20260328_宮島_2,2026-03-28,宮島,2,1-6-2,223.7
20260328_宮島_2,2026-03-28,宮島,2,2-6-1,453.3
20260328_宮島_2,2026-03-28,宮島,2,3-6-1,1674.0
20260328_宮島_2,2026-03-28,宮島,2,4-6-1,98.6
20260328_宮島_2,2026-03-28,宮島,2,5-6-1,158.2
20260328_宮島_2,2026-03-28,宮島,2,6-5-1,522.0
20260328_宮島_2,2026-03-28,宮島,2,1-6-3,359.9
20260328_宮島_2,2026-03-28,宮島,2,2-6-3,517.5
20260328_宮島_2,2026-03-28,宮島,2,3-6-2,1218.0
20260328_宮島_2,2026-03-28,宮島,2,4-6-2,95.7
20260328_宮島_2,2026-03-28,宮島,2,5-6-2,169.3
20260328_宮島_2,2026-03-28,宮島,2,6-5-2,496.2
20260328_宮島_2,2026-03-28,宮島,2,1-6-4,168.8
20260328_宮島_2,2026-03-28,宮島,2,2-6-4,337.7
20260328_宮島_2,2026-03-28,宮島,2,3-6-4,1013.0
20260328_宮島_2,2026-03-28,宮島,2,4-6-3,265.6
20260328_宮島_2,2026-03-28,宮島,2,5-6-3,225.4
20260328_宮島_2,2026-03-28,宮島,2,6-5-3,599.9
20260328_宮島_2,2026-03-28,宮島,2,1-6-5,156.8
20260328_宮島_2,2026-03-28,宮島,2,2-6-5,325.0
20260328_宮島_2,2026-03-28,宮島,2,3-6-5,658.9
20260328_宮島_2,2026-03-28,宮島,2,4-6-5,58.3
20260328_宮島_2,2026-03-28,宮島,2,5-6-4,102.3
20260328_宮島_2,2026-03-28,宮島,2,6-5-4,241.6
20260328_宮島_3,2026-03-28,宮島,3,1-2-3,28.0
20260328_宮島_3,2026-03-28,宮島,3,2-1-3,94.5
20260328_宮島_3,2026-03-28,宮島,3,3-1-2,278.0
20260328_宮島_3,2026-03-28,宮島,3,4-1-2,56.5
20260328_宮島_3,2026-03-28,宮島,3,5-1-2,39.0
20260328_宮島_3,2026-03-28,宮島,3,6-1-2,1061.0
20260328_宮島_3,2026-03-28,宮島,3,1-2-4,9.9
20260328_宮島_3,2026-03-28,宮島,3,2-1-4,30.0
20260328_宮島_3,2026-03-28,宮島,3,3-1-4,359.7
20260328_宮島_3,2026-03-28,宮島,3,4-1-3,204.4
20260328_宮島_3,2026-03-28,宮島,3,5-1-3,136.2
20260328_宮島_3,2026-03-28,宮島,3,6-1-3,1752.0
20260328_宮島_3,2026-03-28,宮島,3,1-2-5,9.6
20260328_宮島_3,2026-03-28,宮島,3,2-1-5,25.8
20260328_宮島_3,2026-03-28,宮島,3,3-1-5,326.2
20260328_宮島_3,2026-03-28,宮島,3,4-1-5,42.0
20260328_宮島_3,2026-03-28,宮島,3,5-1-4,50.2
20260328_宮島_3,2026-03-28,宮島,3,6-1-4,1435.0
20260328_宮島_3,2026-03-28,宮島,3,1-2-6,65.6
20260328_宮島_3,2026-03-28,宮島,3,2-1-6,147.3
20260328_宮島_3,2026-03-28,宮島,3,3-1-6,985.0
20260328_宮島_3,2026-03-28,宮島,3,4-1-6,182.2
20260328_宮島_3,2026-03-28,宮島,3,5-1-6,89.7
20260328_宮島_3,2026-03-28,宮島,3,6-1-5,1068.0
20260328_宮島_3,2026-03-28,宮島,3,1-3-2,47.7
20260328_宮島_3,2026-03-28,宮島,3,2-3-1,215.0
20260328_宮島_3,2026-03-28,宮島,3,3-2-1,373.9
20260328_宮島_3,2026-03-28,宮島,3,4-2-1,78.0
20260328_宮島_3,2026-03-28,宮島,3,5-2-1,59.7
20260328_宮島_3,2026-03-28,宮島,3,6-2-1,1620.0
20260328_宮島_3,2026-03-28,宮島,3,1-3-4,54.7
20260328_宮島_3,2026-03-28,宮島,3,2-3-4,177.9
20260328_宮島_3,2026-03-28,宮島,3,3-2-4,310.7
20260328_宮島_3,2026-03-28,宮島,3,4-2-3,206.7
20260328_宮島_3,2026-03-28,宮島,3,5-2-3,162.4
20260328_宮島_3,2026-03-28,宮島,3,6-2-3,2740.0
20260328_宮島_3,2026-03-28,宮島,3,1-3-5,59.8
20260328_宮島_3,2026-03-28,宮島,3,2-3-5,160.6
20260328_宮島_3,2026-03-28,宮島,3,3-2-5,297.8
20260328_宮島_3,2026-03-28,宮島,3,4-2-5,54.5
20260328_宮島_3,2026-03-28,宮島,3,5-2-4,50.4
20260328_宮島_3,2026-03-28,宮島,3,6-2-4,1603.0
20260328_宮島_3,2026-03-28,宮島,3,1-3-6,220.0
20260328_宮島_3,2026-03-28,宮島,3,2-3-6,476.9
20260328_宮島_3,2026-03-28,宮島,3,3-2-6,772.9
20260328_宮島_3,2026-03-28,宮島,3,4-2-6,166.3
20260328_宮島_3,2026-03-28,宮島,3,5-2-6,78.2
20260328_宮島_3,2026-03-28,宮島,3,6-2-5,846.7
20260328_宮島_3,2026-03-28,宮島,3,1-4-2,15.5
20260328_宮島_3,2026-03-28,宮島,3,2-4-1,58.1
20260328_宮島_3,2026-03-28,宮島,3,3-4-1,462.3
20260328_宮島_3,2026-03-28,宮島,3,4-3-1,435.5
20260328_宮島_3,2026-03-28,宮島,3,5-3-1,391.4
20260328_宮島_3,2026-03-28,宮島,3,6-3-1,3014.0
20260328_宮島_3,2026-03-28,宮島,3,1-4-3,57.7
20260328_宮島_3,2026-03-28,宮島,3,2-4-3,154.7
20260328_宮島_3,2026-03-28,宮島,3,3-4-2,388.4
20260328_宮島_3,2026-03-28,宮島,3,4-3-2,344.8
20260328_宮島_3,2026-03-28,宮島,3,5-3-2,298.4
20260328_宮島_3,2026-03-28,宮島,3,6-3-2,3075.0
20260328_宮島_3,2026-03-28,宮島,3,1-4-5,16.4
20260328_宮島_3,2026-03-28,宮島,3,2-4-5,36.1
20260328_宮島_3,2026-03-28,宮島,3,3-4-5,331.2
20260328_宮島_3,2026-03-28,宮島,3,4-3-5,282.7
20260328_宮島_3,2026-03-28,宮島,3,5-3-4,311.3
20260328_宮島_3,2026-03-28,宮島,3,6-3-4,3075.0
20260328_宮島_3,2026-03-28,宮島,3,1-4-6,115.1
20260328_宮島_3,2026-03-28,宮島,3,2-4-6,144.2
20260328_宮島_3,2026-03-28,宮島,3,3-4-6,731.6
20260328_宮島_3,2026-03-28,宮島,3,4-3-6,548.0
20260328_宮島_3,2026-03-28,宮島,3,5-3-6,504.0
20260328_宮島_3,2026-03-28,宮島,3,6-3-5,3276.0
20260328_宮島_3,2026-03-28,宮島,3,1-5-2,14.2
20260328_宮島_3,2026-03-28,宮島,3,2-5-1,41.5
20260328_宮島_3,2026-03-28,宮島,3,3-5-1,492.5
20260328_宮島_3,2026-03-28,宮島,3,4-5-1,41.0
20260328_宮島_3,2026-03-28,宮島,3,5-4-1,62.5
20260328_宮島_3,2026-03-28,宮島,3,6-4-1,1983.0
20260328_宮島_3,2026-03-28,宮島,3,1-5-3,50.3
20260328_宮島_3,2026-03-28,宮島,3,2-5-3,138.9
20260328_宮島_3,2026-03-28,宮島,3,3-5-2,331.2
20260328_宮島_3,2026-03-28,宮島,3,4-5-2,34.9
20260328_宮島_3,2026-03-28,宮島,3,5-4-2,51.4
20260328_宮島_3,2026-03-28,宮島,3,6-4-2,1712.0
20260328_宮島_3,2026-03-28,宮島,3,1-5-4,20.4
20260328_宮島_3,2026-03-28,宮島,3,2-5-4,41.6
20260328_宮島_3,2026-03-28,宮島,3,3-5-4,379.6
20260328_宮島_3,2026-03-28,宮島,3,4-5-3,161.0
20260328_宮島_3,2026-03-28,宮島,3,5-4-3,136.1
20260328_宮島_3,2026-03-28,宮島,3,6-4-3,3075.0
20260328_宮島_3,2026-03-28,宮島,3,1-5-6,63.0
20260328_宮島_3,2026-03-28,宮島,3,2-5-6,120.8
20260328_宮島_3,2026-03-28,宮島,3,3-5-6,828.1
20260328_宮島_3,2026-03-28,宮島,3,4-5-6,65.5
20260328_宮島_3,2026-03-28,宮島,3,5-4-6,67.1
20260328_宮島_3,2026-03-28,宮島,3,6-4-5,704.2
20260328_宮島_3,2026-03-28,宮島,3,1-6-2,243.4
20260328_宮島_3,2026-03-28,宮島,3,2-6-1,381.5
20260328_宮島_3,2026-03-28,宮島,3,3-6-1,2283.0
20260328_宮島_3,2026-03-28,宮島,3,4-6-1,430.6
20260328_宮島_3,2026-03-28,宮島,3,5-6-1,137.1
20260328_宮島_3,2026-03-28,宮島,3,6-5-1,1277.0
20260328_宮島_3,2026-03-28,宮島,3,1-6-3,554.1
20260328_宮島_3,2026-03-28,宮島,3,2-6-3,919.0
20260328_宮島_3,2026-03-28,宮島,3,3-6-2,1638.0
20260328_宮島_3,2026-03-28,宮島,3,4-6-2,378.6
20260328_宮島_3,2026-03-28,宮島,3,5-6-2,136.3
20260328_宮島_3,2026-03-28,宮島,3,6-5-2,841.9
20260328_宮島_3,2026-03-28,宮島,3,1-6-4,293.7
20260328_宮島_3,2026-03-28,宮島,3,2-6-4,443.2
20260328_宮島_3,2026-03-28,宮島,3,3-6-4,1752.0
20260328_宮島_3,2026-03-28,宮島,3,4-6-3,644.0
20260328_宮島_3,2026-03-28,宮島,3,5-6-3,225.6
20260328_宮島_3,2026-03-28,宮島,3,6-5-3,2470.0
20260328_宮島_3,2026-03-28,宮島,3,1-6-5,227.6
20260328_宮島_3,2026-03-28,宮島,3,2-6-5,264.8
20260328_宮島_3,2026-03-28,宮島,3,3-6-5,1463.0
20260328_宮島_3,2026-03-28,宮島,3,4-6-5,234.0
20260328_宮島_3,2026-03-28,宮島,3,5-6-4,150.8
20260328_宮島_3,2026-03-28,宮島,3,6-5-4,675.8
20260328_宮島_4,2026-03-28,宮島,4,1-2-3,23.7
20260328_宮島_4,2026-03-28,宮島,4,2-1-3,55.4
20260328_宮島_4,2026-03-28,宮島,4,3-1-2,25.6
20260328_宮島_4,2026-03-28,宮島,4,4-1-2,336.3
20260328_宮島_4,2026-03-28,宮島,4,5-1-2,394.5
20260328_宮島_4,2026-03-28,宮島,4,6-1-2,327.3
20260328_宮島_4,2026-03-28,宮島,4,1-2-4,75.7
20260328_宮島_4,2026-03-28,宮島,4,2-1-4,181.5
20260328_宮島_4,2026-03-28,宮島,4,3-1-4,16.3
20260328_宮島_4,2026-03-28,宮島,4,4-1-3,143.1
20260328_宮島_4,2026-03-28,宮島,4,5-1-3,358.7
20260328_宮島_4,2026-03-28,宮島,4,6-1-3,114.6
20260328_宮島_4,2026-03-28,宮島,4,1-2-5,124.9
20260328_宮島_4,2026-03-28,宮島,4,2-1-5,305.0
20260328_宮島_4,2026-03-28,宮島,4,3-1-5,36.9
20260328_宮島_4,2026-03-28,宮島,4,4-1-5,249.1
20260328_宮島_4,2026-03-28,宮島,4,5-1-4,572.5
20260328_宮島_4,2026-03-28,宮島,4,6-1-4,357.8
20260328_宮島_4,2026-03-28,宮島,4,1-2-6,77.9
20260328_宮島_4,2026-03-28,宮島,4,2-1-6,153.0
20260328_宮島_4,2026-03-28,宮島,4,3-1-6,11.4
20260328_宮島_4,2026-03-28,宮島,4,4-1-6,177.7
20260328_宮島_4,2026-03-28,宮島,4,5-1-6,517.4
20260328_宮島_4,2026-03-28,宮島,4,6-1-5,565.3
20260328_宮島_4,2026-03-28,宮島,4,1-3-2,18.3
20260328_宮島_4,2026-03-28,宮島,4,2-3-1,77.5
20260328_宮島_4,2026-03-28,宮島,4,3-2-1,54.6
20260328_宮島_4,2026-03-28,宮島,4,4-2-1,565.3
20260328_宮島_4,2026-03-28,宮島,4,5-2-1,786.8
20260328_宮島_4,2026-03-28,宮島,4,6-2-1,572.5
20260328_宮島_4,2026-03-28,宮島,4,1-3-4,17.4
20260328_宮島_4,2026-03-28,宮島,4,2-3-4,120.2
20260328_宮島_4,2026-03-28,宮島,4,3-2-4,65.8
20260328_宮島_4,2026-03-28,宮島,4,4-2-3,268.5
20260328_宮島_4,2026-03-28,宮島,4,5-2-3,485.7
20260328_宮島_4,2026-03-28,宮島,4,6-2-3,339.7
20260328_宮島_4,2026-03-28,宮島,4,1-3-5,39.2
20260328_宮島_4,2026-03-28,宮島,4,2-3-5,201.7
20260328_宮島_4,2026-03-28,宮島,4,3-2-5,101.7
20260328_宮島_4,2026-03-28,宮島,4,4-2-5,625.7
20260328_宮島_4,2026-03-28,宮島,4,5-2-4,1401.0
20260328_宮島_4,2026-03-28,宮島,4,6-2-4,693.5
20260328_宮島_4,2026-03-28,宮島,4,1-3-6,15.3
20260328_宮島_4,2026-03-28,宮島,4,2-3-6,97.7
20260328_宮島_4,2026-03-28,宮島,4,3-2-6,45.8
20260328_宮島_4,2026-03-28,宮島,4,4-2-6,373.7
20260328_宮島_4,2026-03-28,宮島,4,5-2-6,805.6
20260328_宮島_4,2026-03-28,宮島,4,6-2-5,1140.0
20260328_宮島_4,2026-03-28,宮島,4,1-4-2,113.6
20260328_宮島_4,2026-03-28,宮島,4,2-4-1,453.0
20260328_宮島_4,2026-03-28,宮島,4,3-4-1,26.7
20260328_宮島_4,2026-03-28,宮島,4,4-3-1,109.2
20260328_宮島_4,2026-03-28,宮島,4,5-3-1,311.4
20260328_宮島_4,2026-03-28,宮島,4,6-3-1,97.0
20260328_宮島_4,2026-03-28,宮島,4,1-4-3,53.2
20260328_宮島_4,2026-03-28,宮島,4,2-4-3,228.8
20260328_宮島_4,2026-03-28,宮島,4,3-4-2,56.9
20260328_宮島_4,2026-03-28,宮島,4,4-3-2,171.6
20260328_宮島_4,2026-03-28,宮島,4,5-3-2,362.6
20260328_宮島_4,2026-03-28,宮島,4,6-3-2,195.8
20260328_宮島_4,2026-03-28,宮島,4,1-4-5,156.8
20260328_宮島_4,2026-03-28,宮島,4,2-4-5,689.9
20260328_宮島_4,2026-03-28,宮島,4,3-4-5,35.6
20260328_宮島_4,2026-03-28,宮島,4,4-3-5,121.1
20260328_宮島_4,2026-03-28,宮島,4,5-3-4,343.2
20260328_宮島_4,2026-03-28,宮島,4,6-3-4,100.4
20260328_宮島_4,2026-03-28,宮島,4,1-4-6,91.9
20260328_宮島_4,2026-03-28,宮島,4,2-4-6,305.7
20260328_宮島_4,2026-03-28,宮島,4,3-4-6,14.3
20260328_宮島_4,2026-03-28,宮島,4,4-3-6,65.0
20260328_宮島_4,2026-03-28,宮島,4,5-3-6,239.4
20260328_宮島_4,2026-03-28,宮島,4,6-3-5,229.9
20260328_宮島_4,2026-03-28,宮島,4,1-5-2,210.2
20260328_宮島_4,2026-03-28,宮島,4,2-5-1,764.4
20260328_宮島_4,2026-03-28,宮島,4,3-5-1,74.4
20260328_宮島_4,2026-03-28,宮島,4,4-5-1,286.8
20260328_宮島_4,2026-03-28,宮島,4,5-4-1,643.7
20260328_宮島_4,2026-03-28,宮島,4,6-4-1,353.1
20260328_宮島_4,2026-03-28,宮島,4,1-5-3,124.2
20260328_宮島_4,2026-03-28,宮島,4,2-5-3,457.6
20260328_宮島_4,2026-03-28,宮島,4,3-5-2,113.6
20260328_宮島_4,2026-03-28,宮島,4,4-5-2,523.5
20260328_宮島_4,2026-03-28,宮島,4,5-4-2,1149.0
20260328_宮島_4,2026-03-28,宮島,4,6-4-2,503.9
20260328_宮島_4,2026-03-28,宮島,4,1-5-4,307.8
20260328_宮島_4,2026-03-28,宮島,4,2-5-4,1140.0
20260328_宮島_4,2026-03-28,宮島,4,3-5-4,56.0
20260328_宮島_4,2026-03-28,宮島,4,4-5-3,212.2
20260328_宮島_4,2026-03-28,宮島,4,5-4-3,441.1
20260328_宮島_4,2026-03-28,宮島,4,6-4-3,155.0
20260328_宮島_4,2026-03-28,宮島,4,1-5-6,224.6
20260328_宮島_4,2026-03-28,宮島,4,2-5-6,711.8
20260328_宮島_4,2026-03-28,宮島,4,3-5-6,42.1
20260328_宮島_4,2026-03-28,宮島,4,4-5-6,210.2
20260328_宮島_4,2026-03-28,宮島,4,5-4-6,431.2
20260328_宮島_4,2026-03-28,宮島,4,6-4-5,475.4
20260328_宮島_4,2026-03-28,宮島,4,1-6-2,162.2
20260328_宮島_4,2026-03-28,宮島,4,2-6-1,434.0
20260328_宮島_4,2026-03-28,宮島,4,3-6-1,21.5
20260328_宮島_4,2026-03-28,宮島,4,4-6-1,183.5
20260328_宮島_4,2026-03-28,宮島,4,5-6-1,631.6
20260328_宮島_4,2026-03-28,宮島,4,6-5-1,879.3
20260328_宮島_4,2026-03-28,宮島,4,1-6-3,59.0
20260328_宮島_4,2026-03-28,宮島,4,2-6-3,239.8
20260328_宮島_4,2026-03-28,宮島,4,3-6-2,45.1
20260328_宮島_4,2026-03-28,宮島,4,4-6-2,284.4
20260328_宮島_4,2026-03-28,宮島,4,5-6-2,791.4
20260328_宮島_4,2026-03-28,宮島,4,6-5-2,1042.0
20260328_宮島_4,2026-03-28,宮島,4,1-6-4,148.5
20260328_宮島_4,2026-03-28,宮島,4,2-6-4,597.9
20260328_宮島_4,2026-03-28,宮島,4,3-6-4,21.3
20260328_宮島_4,2026-03-28,宮島,4,4-6-3,98.5
20260328_宮島_4,2026-03-28,宮島,4,5-6-3,417.8
20260328_宮島_4,2026-03-28,宮島,4,6-5-3,500.1
20260328_宮島_4,2026-03-28,宮島,4,1-6-5,218.4
20260328_宮島_4,2026-03-28,宮島,4,2-6-5,791.4
20260328_宮島_4,2026-03-28,宮島,4,3-6-5,37.8
20260328_宮島_4,2026-03-28,宮島,4,4-6-5,180.5
20260328_宮島_4,2026-03-28,宮島,4,5-6-4,533.9
20260328_宮島_4,2026-03-28,宮島,4,6-5-4,791.4
20260328_宮島_5,2026-03-28,宮島,5,1-2-3,28.7
20260328_宮島_5,2026-03-28,宮島,5,2-1-3,295.4
20260328_宮島_5,2026-03-28,宮島,5,3-1-2,633.5
20260328_宮島_5,2026-03-28,宮島,5,4-1-2,47.4
20260328_宮島_5,2026-03-28,宮島,5,5-1-2,110.2
20260328_宮島_5,2026-03-28,宮島,5,6-1-2,320.2
20260328_宮島_5,2026-03-28,宮島,5,1-2-4,6.8
20260328_宮島_5,2026-03-28,宮島,5,2-1-4,111.0
20260328_宮島_5,2026-03-28,宮島,5,3-1-4,461.5
20260328_宮島_5,2026-03-28,宮島,5,4-1-3,143.0
20260328_宮島_5,2026-03-28,宮島,5,5-1-3,345.5
20260328_宮島_5,2026-03-28,宮島,5,6-1-3,656.6
20260328_宮島_5,2026-03-28,宮島,5,1-2-5,11.4
20260328_宮島_5,2026-03-28,宮島,5,2-1-5,136.4
20260328_宮島_5,2026-03-28,宮島,5,3-1-5,460.0
20260328_宮島_5,2026-03-28,宮島,5,4-1-5,31.6
20260328_宮島_5,2026-03-28,宮島,5,5-1-4,82.6
20260328_宮島_5,2026-03-28,宮島,5,6-1-4,282.6
20260328_宮島_5,2026-03-28,宮島,5,1-2-6,30.5
20260328_宮島_5,2026-03-28,宮島,5,2-1-6,280.4
20260328_宮島_5,2026-03-28,宮島,5,3-1-6,931.9
20260328_宮島_5,2026-03-28,宮島,5,4-1-6,50.5
20260328_宮島_5,2026-03-28,宮島,5,5-1-6,282.1
20260328_宮島_5,2026-03-28,宮島,5,6-1-5,419.9
20260328_宮島_5,2026-03-28,宮島,5,1-3-2,56.7
20260328_宮島_5,2026-03-28,宮島,5,2-3-1,671.8
20260328_宮島_5,2026-03-28,宮島,5,3-2-1,1039.0
20260328_宮島_5,2026-03-28,宮島,5,4-2-1,162.8
20260328_宮島_5,2026-03-28,宮島,5,5-2-1,199.2
20260328_宮島_5,2026-03-28,宮島,5,6-2-1,564.2
20260328_宮島_5,2026-03-28,宮島,5,1-3-4,44.9
20260328_宮島_5,2026-03-28,宮島,5,2-3-4,1184.0
20260328_宮島_5,2026-03-28,宮島,5,3-2-4,1289.0
20260328_宮島_5,2026-03-28,宮島,5,4-2-3,612.0
20260328_宮島_5,2026-03-28,宮島,5,5-2-3,1164.0
20260328_宮島_5,2026-03-28,宮島,5,6-2-3,1623.0
20260328_宮島_5,2026-03-28,宮島,5,1-3-5,57.9
20260328_宮島_5,2026-03-28,宮島,5,2-3-5,1362.0
20260328_宮島_5,2026-03-28,宮島,5,3-2-5,1719.0
20260328_宮島_5,2026-03-28,宮島,5,4-2-5,251.2
20260328_宮島_5,2026-03-28,宮島,5,5-2-4,566.4
20260328_宮島_5,2026-03-28,宮島,5,6-2-4,1031.0
20260328_宮島_5,2026-03-28,宮島,5,1-3-6,117.9
20260328_宮島_5,2026-03-28,宮島,5,2-3-6,2368.0
20260328_宮島_5,2026-03-28,宮島,5,3-2-6,1952.0
20260328_宮島_5,2026-03-28,宮島,5,4-2-6,310.6
20260328_宮島_5,2026-03-28,宮島,5,5-2-6,1062.0
20260328_宮島_5,2026-03-28,宮島,5,6-2-5,1570.0
20260328_宮島_5,2026-03-28,宮島,5,1-4-2,7.0
20260328_宮島_5,2026-03-28,宮島,5,2-4-1,267.5
20260328_宮島_5,2026-03-28,宮島,5,3-4-1,644.8
20260328_宮島_5,2026-03-28,宮島,5,4-3-1,410.3
20260328_宮島_5,2026-03-28,宮島,5,5-3-1,718.6
20260328_宮島_5,2026-03-28,宮島,5,6-3-1,1444.0
20260328_宮島_5,2026-03-28,宮島,5,1-4-3,26.1
20260328_宮島_5,2026-03-28,宮島,5,2-4-3,969.4
20260328_宮島_5,2026-03-28,宮島,5,3-4-2,1234.0
20260328_宮島_5,2026-03-28,宮島,5,4-3-2,668.7
20260328_宮島_5,2026-03-28,宮島,5,5-3-2,1761.0
20260328_宮島_5,2026-03-28,宮島,5,6-3-2,3140.0
20260328_宮島_5,2026-03-28,宮島,5,1-4-5,6.8
20260328_宮島_5,2026-03-28,宮島,5,2-4-5,519.6
20260328_宮島_5,2026-03-28,宮島,5,3-4-5,956.6
20260328_宮島_5,2026-03-28,宮島,5,4-3-5,531.0
20260328_宮島_5,2026-03-28,宮島,5,5-3-4,437.7
20260328_宮島_5,2026-03-28,宮島,5,6-3-4,3073.0
20260328_宮島_5,2026-03-28,宮島,5,1-4-6,21.8
20260328_宮島_5,2026-03-28,宮島,5,2-4-6,891.6
20260328_宮島_5,2026-03-28,宮島,5,3-4-6,1203.0
20260328_宮島_5,2026-03-28,宮島,5,4-3-6,555.5
20260328_宮島_5,2026-03-28,宮島,5,5-3-6,1489.0
20260328_宮島_5,2026-03-28,宮島,5,6-3-5,3904.0
20260328_宮島_5,2026-03-28,宮島,5,1-5-2,12.7
20260328_宮島_5,2026-03-28,宮島,5,2-5-1,215.6
20260328_宮島_5,2026-03-28,宮島,5,3-5-1,989.4
20260328_宮島_5,2026-03-28,宮島,5,4-5-1,54.3
20260328_宮島_5,2026-03-28,宮島,5,5-4-1,117.6
20260328_宮島_5,2026-03-28,宮島,5,6-4-1,311.9
20260328_宮島_5,2026-03-28,宮島,5,1-5-3,41.0
20260328_宮島_5,2026-03-28,宮島,5,2-5-3,1679.0
20260328_宮島_5,2026-03-28,宮島,5,3-5-2,1699.0
20260328_宮島_5,2026-03-28,宮島,5,4-5-2,134.8
20260328_宮島_5,2026-03-28,宮島,5,5-4-2,326.8
20260328_宮島_5,2026-03-28,宮島,5,6-4-2,639.1
20260328_宮島_5,2026-03-28,宮島,5,1-5-4,9.3
20260328_宮島_5,2026-03-28,宮島,5,2-5-4,697.8
20260328_宮島_5,2026-03-28,宮島,5,3-5-4,1641.0
20260328_宮島_5,2026-03-28,宮島,5,4-5-3,274.1
20260328_宮島_5,2026-03-28,宮島,5,5-4-3,375.2
20260328_宮島_5,2026-03-28,宮島,5,6-4-3,1213.0
20260328_宮島_5,2026-03-28,宮島,5,1-5-6,34.7
20260328_宮島_5,2026-03-28,宮島,5,2-5-6,1587.0
20260328_宮島_5,2026-03-28,宮島,5,3-5-6,2063.0
20260328_宮島_5,2026-03-28,宮島,5,4-5-6,139.3
20260328_宮島_5,2026-03-28,宮島,5,5-4-6,419.9
20260328_宮島_5,2026-03-28,宮島,5,6-4-5,668.7
20260328_宮島_5,2026-03-28,宮島,5,1-6-2,70.9
20260328_宮島_5,2026-03-28,宮島,5,2-6-1,650.6
20260328_宮島_5,2026-03-28,宮島,5,3-6-1,1952.0
20260328_宮島_5,2026-03-28,宮島,5,4-6-1,102.0
20260328_宮島_5,2026-03-28,宮島,5,5-6-1,902.8
20260328_宮島_5,2026-03-28,宮島,5,6-5-1,1046.0
20260328_宮島_5,2026-03-28,宮島,5,1-6-3,189.8
20260328_宮島_5,2026-03-28,宮島,5,2-6-3,1740.0
20260328_宮島_5,2026-03-28,宮島,5,3-6-2,3073.0
20260328_宮島_5,2026-03-28,宮島,5,4-6-2,166.0
20260328_宮島_5,2026-03-28,宮島,5,5-6-2,1289.0
20260328_宮島_5,2026-03-28,宮島,5,6-5-2,1952.0
20260328_宮島_5,2026-03-28,宮島,5,1-6-4,67.9
20260328_宮島_5,2026-03-28,宮島,5,2-6-4,1193.0
20260328_宮島_5,2026-03-28,宮島,5,3-6-4,2675.0
20260328_宮島_5,2026-03-28,宮島,5,4-6-3,343.1
20260328_宮島_5,2026-03-28,宮島,5,5-6-3,1876.0
20260328_宮島_5,2026-03-28,宮島,5,6-5-3,3283.0
20260328_宮島_5,2026-03-28,宮島,5,1-6-5,90.7
20260328_宮島_5,2026-03-28,宮島,5,2-6-5,1876.0
20260328_宮島_5,2026-03-28,宮島,5,3-6-5,2725.0
20260328_宮島_5,2026-03-28,宮島,5,4-6-5,182.3
20260328_宮島_5,2026-03-28,宮島,5,5-6-4,1086.0
20260328_宮島_5,2026-03-28,宮島,5,6-5-4,1289.0
20260328_宮島_6,2026-03-28,宮島,6,1-2-3,10.2
20260328_宮島_6,2026-03-28,宮島,6,2-1-3,25.3
20260328_宮島_6,2026-03-28,宮島,6,3-1-2,57.6
20260328_宮島_6,2026-03-28,宮島,6,4-1-2,26.9
20260328_宮島_6,2026-03-28,宮島,6,5-1-2,229.0
20260328_宮島_6,2026-03-28,宮島,6,6-1-2,905.1
20260328_宮島_6,2026-03-28,宮島,6,1-2-4,8.9
20260328_宮島_6,2026-03-28,宮島,6,2-1-4,19.7
20260328_宮島_6,2026-03-28,宮島,6,3-1-4,48.9
20260328_宮島_6,2026-03-28,宮島,6,4-1-3,39.0
20260328_宮島_6,2026-03-28,宮島,6,5-1-3,310.7
20260328_宮島_6,2026-03-28,宮島,6,6-1-3,1102.0
20260328_宮島_6,2026-03-28,宮島,6,1-2-5,35.5
20260328_宮島_6,2026-03-28,宮島,6,2-1-5,75.5
20260328_宮島_6,2026-03-28,宮島,6,3-1-5,146.3
20260328_宮島_6,2026-03-28,宮島,6,4-1-5,56.6
20260328_宮島_6,2026-03-28,宮島,6,5-1-4,199.7
20260328_宮島_6,2026-03-28,宮島,6,6-1-4,900.2
20260328_宮島_6,2026-03-28,宮島,6,1-2-6,69.1
20260328_宮島_6,2026-03-28,宮島,6,2-1-6,130.0
20260328_宮島_6,2026-03-28,宮島,6,3-1-6,222.0
20260328_宮島_6,2026-03-28,宮島,6,4-1-6,59.6
20260328_宮島_6,2026-03-28,宮島,6,5-1-6,385.5
20260328_宮島_6,2026-03-28,宮島,6,6-1-5,2523.0
20260328_宮島_6,2026-03-28,宮島,6,1-3-2,13.3
20260328_宮島_6,2026-03-28,宮島,6,2-3-1,66.8
20260328_宮島_6,2026-03-28,宮島,6,3-2-1,106.4
20260328_宮島_6,2026-03-28,宮島,6,4-2-1,44.7
20260328_宮島_6,2026-03-28,宮島,6,5-2-1,373.4
20260328_宮島_6,2026-03-28,宮島,6,6-2-1,1189.0
20260328_宮島_6,2026-03-28,宮島,6,1-3-4,12.8
20260328_宮島_6,2026-03-28,宮島,6,2-3-4,72.3
20260328_宮島_6,2026-03-28,宮島,6,3-2-4,99.1
20260328_宮島_6,2026-03-28,宮島,6,4-2-3,59.0
20260328_宮島_6,2026-03-28,宮島,6,5-2-3,486.9
20260328_宮島_6,2026-03-28,宮島,6,6-2-3,1301.0
20260328_宮島_6,2026-03-28,宮島,6,1-3-5,56.9
20260328_宮島_6,2026-03-28,宮島,6,2-3-5,238.9
20260328_宮島_6,2026-03-28,宮島,6,3-2-5,270.3
20260328_宮島_6,2026-03-28,宮島,6,4-2-5,111.9
20260328_宮島_6,2026-03-28,宮島,6,5-2-4,348.4
20260328_宮島_6,2026-03-28,宮島,6,6-2-4,1095.0
20260328_宮島_6,2026-03-28,宮島,6,1-3-6,79.6
20260328_宮島_6,2026-03-28,宮島,6,2-3-6,341.2
20260328_宮島_6,2026-03-28,宮島,6,3-2-6,366.8
20260328_宮島_6,2026-03-28,宮島,6,4-2-6,93.2
20260328_宮島_6,2026-03-28,宮島,6,5-2-6,495.6
20260328_宮島_6,2026-03-28,宮島,6,6-2-5,2449.0
20260328_宮島_6,2026-03-28,宮島,6,1-4-2,11.1
20260328_宮島_6,2026-03-28,宮島,6,2-4-1,48.8
20260328_宮島_6,2026-03-28,宮島,6,3-4-1,81.2
20260328_宮島_6,2026-03-28,宮島,6,4-3-1,81.4
20260328_宮島_6,2026-03-28,宮島,6,5-3-1,867.4
20260328_宮島_6,2026-03-28,宮島,6,6-3-1,1301.0
20260328_宮島_6,2026-03-28,宮島,6,1-4-3,15.8
20260328_宮島_6,2026-03-28,宮島,6,2-4-3,71.3
20260328_宮島_6,2026-03-28,宮島,6,3-4-2,93.7
20260328_宮島_6,2026-03-28,宮島,6,4-3-2,78.0
20260328_宮島_6,2026-03-28,宮島,6,5-3-2,841.1
20260328_宮島_6,2026-03-28,宮島,6,6-3-2,1790.0
20260328_宮島_6,2026-03-28,宮島,6,1-4-5,45.9
20260328_宮島_6,2026-03-28,宮島,6,2-4-5,180.6
20260328_宮島_6,2026-03-28,宮島,6,3-4-5,284.7
20260328_宮島_6,2026-03-28,宮島,6,4-3-5,228.7
20260328_宮島_6,2026-03-28,宮島,6,5-3-4,727.3
20260328_宮島_6,2026-03-28,宮島,6,6-3-4,1354.0
20260328_宮島_6,2026-03-28,宮島,6,1-4-6,52.1
20260328_宮島_6,2026-03-28,宮島,6,2-4-6,213.5
20260328_宮島_6,2026-03-28,宮島,6,3-4-6,291.6
20260328_宮島_6,2026-03-28,宮島,6,4-3-6,197.5
20260328_宮島_6,2026-03-28,宮島,6,5-3-6,1252.0
20260328_宮島_6,2026-03-28,宮島,6,6-3-5,3028.0
20260328_宮島_6,2026-03-28,宮島,6,1-5-2,84.9
20260328_宮島_6,2026-03-28,宮島,6,2-5-1,279.4
20260328_宮島_6,2026-03-28,宮島,6,3-5-1,498.6
20260328_宮島_6,2026-03-28,宮島,6,4-5-1,69.6
20260328_宮島_6,2026-03-28,宮島,6,5-4-1,250.0
20260328_宮島_6,2026-03-28,宮島,6,6-4-1,628.5
20260328_宮島_6,2026-03-28,宮島,6,1-5-3,118.4
20260328_宮島_6,2026-03-28,宮島,6,2-5-3,341.2
20260328_宮島_6,2026-03-28,宮島,6,3-5-2,481.3
20260328_宮島_6,2026-03-28,宮島,6,4-5-2,100.3
20260328_宮島_6,2026-03-28,宮島,6,5-4-2,278.9
20260328_宮島_6,2026-03-28,宮島,6,6-4-2,650.5
20260328_宮島_6,2026-03-28,宮島,6,1-5-4,88.8
20260328_宮島_6,2026-03-28,宮島,6,2-5-4,274.8
20260328_宮島_6,2026-03-28,宮島,6,3-5-4,532.1
20260328_宮島_6,2026-03-28,宮島,6,4-5-3,177.1
20260328_宮島_6,2026-03-28,宮島,6,5-4-3,455.0
20260328_宮島_6,2026-03-28,宮島,6,6-4-3,1460.0
20260328_宮島_6,2026-03-28,宮島,6,1-5-6,221.7
20260328_宮島_6,2026-03-28,宮島,6,2-5-6,658.3
20260328_宮島_6,2026-03-28,宮島,6,3-5-6,991.3
20260328_宮島_6,2026-03-28,宮島,6,4-5-6,88.2
20260328_宮島_6,2026-03-28,宮島,6,5-4-6,319.0
20260328_宮島_6,2026-03-28,宮島,6,6-4-5,951.7
20260328_宮島_6,2026-03-28,宮島,6,1-6-2,214.9
20260328_宮島_6,2026-03-28,宮島,6,2-6-1,653.1
20260328_宮島_6,2026-03-28,宮島,6,3-6-1,688.2
20260328_宮島_6,2026-03-28,宮島,6,4-6-1,94.2
20260328_宮島_6,2026-03-28,宮島,6,5-6-1,962.7
20260328_宮島_6,2026-03-28,宮島,6,6-5-1,3142.0
20260328_宮島_6,2026-03-28,宮島,6,1-6-3,231.9
20260328_宮島_6,2026-03-28,宮島,6,2-6-3,862.9
20260328_宮島_6,2026-03-28,宮島,6,3-6-2,881.2
20260328_宮島_6,2026-03-28,宮島,6,4-6-2,101.1
20260328_宮島_6,2026-03-28,宮島,6,5-6-2,935.6
20260328_宮島_6,2026-03-28,宮島,6,6-5-2,2921.0
20260328_宮島_6,2026-03-28,宮島,6,1-6-4,218.0
20260328_宮島_6,2026-03-28,宮島,6,2-6-4,572.3
20260328_宮島_6,2026-03-28,宮島,6,3-6-4,724.1
20260328_宮島_6,2026-03-28,宮島,6,4-6-3,170.2
20260328_宮島_6,2026-03-28,宮島,6,5-6-3,1148.0
20260328_宮島_6,2026-03-28,宮島,6,6-5-3,2686.0
20260328_宮島_6,2026-03-28,宮島,6,1-6-5,367.6
20260328_宮島_6,2026-03-28,宮島,6,2-6-5,1291.0
20260328_宮島_6,2026-03-28,宮島,6,3-6-5,1156.0
20260328_宮島_6,2026-03-28,宮島,6,4-6-5,118.6
20260328_宮島_6,2026-03-28,宮島,6,5-6-4,736.9
20260328_宮島_6,2026-03-28,宮島,6,6-5-4,1810.0
20260328_宮島_7,2026-03-28,宮島,7,1-2-3,58.0
20260328_宮島_7,2026-03-28,宮島,7,2-1-3,113.8
20260328_宮島_7,2026-03-28,宮島,7,3-1-2,95.7
20260328_宮島_7,2026-03-28,宮島,7,4-1-2,327.1
20260328_宮島_7,2026-03-28,宮島,7,5-1-2,599.8
20260328_宮島_7,2026-03-28,宮島,7,6-1-2,453.9
20260328_宮島_7,2026-03-28,宮島,7,1-2-4,134.2
20260328_宮島_7,2026-03-28,宮島,7,2-1-4,251.9
20260328_宮島_7,2026-03-28,宮島,7,3-1-4,85.1
20260328_宮島_7,2026-03-28,宮島,7,4-1-3,155.1
20260328_宮島_7,2026-03-28,宮島,7,5-1-3,328.6
20260328_宮島_7,2026-03-28,宮島,7,6-1-3,233.2
20260328_宮島_7,2026-03-28,宮島,7,1-2-5,132.1
20260328_宮島_7,2026-03-28,宮島,7,2-1-5,263.8
20260328_宮島_7,2026-03-28,宮島,7,3-1-5,59.0
20260328_宮島_7,2026-03-28,宮島,7,4-1-5,217.1
20260328_宮島_7,2026-03-28,宮島,7,5-1-4,643.2
20260328_宮島_7,2026-03-28,宮島,7,6-1-4,635.1
20260328_宮島_7,2026-03-28,宮島,7,1-2-6,148.4
20260328_宮島_7,2026-03-28,宮島,7,2-1-6,246.1
20260328_宮島_7,2026-03-28,宮島,7,3-1-6,53.5
20260328_宮島_7,2026-03-28,宮島,7,4-1-6,214.1
20260328_宮島_7,2026-03-28,宮島,7,5-1-6,387.5
20260328_宮島_7,2026-03-28,宮島,7,6-1-5,441.9
20260328_宮島_7,2026-03-28,宮島,7,1-3-2,51.3
20260328_宮島_7,2026-03-28,宮島,7,2-3-1,121.5
20260328_宮島_7,2026-03-28,宮島,7,3-2-1,107.5
20260328_宮島_7,2026-03-28,宮島,7,4-2-1,387.5
20260328_宮島_7,2026-03-28,宮島,7,5-2-1,599.8
20260328_宮島_7,2026-03-28,宮島,7,6-2-1,536.0
20260328_宮島_7,2026-03-28,宮島,7,1-3-4,53.4
20260328_宮島_7,2026-03-28,宮島,7,2-3-4,47.3
20260328_宮島_7,2026-03-28,宮島,7,3-2-4,45.3
20260328_宮島_7,2026-03-28,宮島,7,4-2-3,92.7
20260328_宮島_7,2026-03-28,宮島,7,5-2-3,244.5
20260328_宮島_7,2026-03-28,宮島,7,6-2-3,176.7
20260328_宮島_7,2026-03-28,宮島,7,1-3-5,42.1
20260328_宮島_7,2026-03-28,宮島,7,2-3-5,43.6
20260328_宮島_7,2026-03-28,宮島,7,3-2-5,37.2
20260328_宮島_7,2026-03-28,宮島,7,4-2-5,135.2
20260328_宮島_7,2026-03-28,宮島,7,5-2-4,490.7
20260328_宮島_7,2026-03-28,宮島,7,6-2-4,406.3
20260328_宮島_7,2026-03-28,宮島,7,1-3-6,41.4
20260328_宮島_7,2026-03-28,宮島,7,2-3-6,44.3
20260328_宮島_7,2026-03-28,宮島,7,3-2-6,31.7
20260328_宮島_7,2026-03-28,宮島,7,4-2-6,133.7
20260328_宮島_7,2026-03-28,宮島,7,5-2-6,243.8
20260328_宮島_7,2026-03-28,宮島,7,6-2-5,272.8
20260328_宮島_7,2026-03-28,宮島,7,1-4-2,169.2
20260328_宮島_7,2026-03-28,宮島,7,2-4-1,386.6
20260328_宮島_7,2026-03-28,宮島,7,3-4-1,87.4
20260328_宮島_7,2026-03-28,宮島,7,4-3-1,152.6
20260328_宮島_7,2026-03-28,宮島,7,5-3-1,236.9
20260328_宮島_7,2026-03-28,宮島,7,6-3-1,131.9
20260328_宮島_7,2026-03-28,宮島,7,1-4-3,83.1
20260328_宮島_7,2026-03-28,宮島,7,2-4-3,81.7
20260328_宮島_7,2026-03-28,宮島,7,3-4-2,49.4
20260328_宮島_7,2026-03-28,宮島,7,4-3-2,66.7
20260328_宮島_7,2026-03-28,宮島,7,5-3-2,175.1
20260328_宮島_7,2026-03-28,宮島,7,6-3-2,119.3
20260328_宮島_7,2026-03-28,宮島,7,1-4-5,158.7
20260328_宮島_7,2026-03-28,宮島,7,2-4-5,138.4
20260328_宮島_7,2026-03-28,宮島,7,3-4-5,23.7
20260328_宮島_7,2026-03-28,宮島,7,4-3-5,33.2
20260328_宮島_7,2026-03-28,宮島,7,5-3-4,154.4
20260328_宮島_7,2026-03-28,宮島,7,6-3-4,118.0
20260328_宮島_7,2026-03-28,宮島,7,1-4-6,147.0
20260328_宮島_7,2026-03-28,宮島,7,2-4-6,137.0
20260328_宮島_7,2026-03-28,宮島,7,3-4-6,19.9
20260328_宮島_7,2026-03-28,宮島,7,4-3-6,38.4
20260328_宮島_7,2026-03-28,宮島,7,5-3-6,67.0
20260328_宮島_7,2026-03-28,宮島,7,6-3-5,49.6
20260328_宮島_7,2026-03-28,宮島,7,1-5-2,228.3
20260328_宮島_7,2026-03-28,宮島,7,2-5-1,445.9
20260328_宮島_7,2026-03-28,宮島,7,3-5-1,78.3
20260328_宮島_7,2026-03-28,宮島,7,4-5-1,249.0
20260328_宮島_7,2026-03-28,宮島,7,5-4-1,526.6
20260328_宮島_7,2026-03-28,宮島,7,6-4-1,528.5
20260328_宮島_7,2026-03-28,宮島,7,1-5-3,104.0
20260328_宮島_7,2026-03-28,宮島,7,2-5-3,123.1
20260328_宮島_7,2026-03-28,宮島,7,3-5-2,51.9
20260328_宮島_7,2026-03-28,宮島,7,4-5-2,134.1
20260328_宮島_7,2026-03-28,宮島,7,5-4-2,322.9
20260328_宮島_7,2026-03-28,宮島,7,6-4-2,378.8
20260328_宮島_7,2026-03-28,宮島,7,1-5-4,325.0
20260328_宮島_7,2026-03-28,宮島,7,2-5-4,266.1
20260328_宮島_7,2026-03-28,宮島,7,3-5-4,32.2
20260328_宮島_7,2026-03-28,宮島,7,4-5-3,60.2
20260328_宮島_7,2026-03-28,宮島,7,5-4-3,190.1
20260328_宮島_7,2026-03-28,宮島,7,6-4-3,165.5
20260328_宮島_7,2026-03-28,宮島,7,1-5-6,170.6
20260328_宮島_7,2026-03-28,宮島,7,2-5-6,149.9
20260328_宮島_7,2026-03-28,宮島,7,3-5-6,12.8
20260328_宮島_7,2026-03-28,宮島,7,4-5-6,64.8
20260328_宮島_7,2026-03-28,宮島,7,5-4-6,164.3
20260328_宮島_7,2026-03-28,宮島,7,6-4-5,225.2
20260328_宮島_7,2026-03-28,宮島,7,1-6-2,255.7
20260328_宮島_7,2026-03-28,宮島,7,2-6-1,375.0
20260328_宮島_7,2026-03-28,宮島,7,3-6-1,65.1
20260328_宮島_7,2026-03-28,宮島,7,4-6-1,223.6
20260328_宮島_7,2026-03-28,宮島,7,5-6-1,359.0
20260328_宮島_7,2026-03-28,宮島,7,6-5-1,427.0
20260328_宮島_7,2026-03-28,宮島,7,1-6-3,105.8
20260328_宮島_7,2026-03-28,宮島,7,2-6-3,88.8
20260328_宮島_7,2026-03-28,宮島,7,3-6-2,43.0
20260328_宮島_7,2026-03-28,宮島,7,4-6-2,135.2
20260328_宮島_7,2026-03-28,宮島,7,5-6-2,201.8
20260328_宮島_7,2026-03-28,宮島,7,6-5-2,267.0
20260328_宮島_7,2026-03-28,宮島,7,1-6-4,264.2
20260328_宮島_7,2026-03-28,宮島,7,2-6-4,190.3
20260328_宮島_7,2026-03-28,宮島,7,3-6-4,27.4
20260328_宮島_7,2026-03-28,宮島,7,4-6-3,55.9
20260328_宮島_7,2026-03-28,宮島,7,5-6-3,80.1
20260328_宮島_7,2026-03-28,宮島,7,6-5-3,85.3
20260328_宮島_7,2026-03-28,宮島,7,1-6-5,168.3
20260328_宮島_7,2026-03-28,宮島,7,2-6-5,152.6
20260328_宮島_7,2026-03-28,宮島,7,3-6-5,16.4
20260328_宮島_7,2026-03-28,宮島,7,4-6-5,65.6
20260328_宮島_7,2026-03-28,宮島,7,5-6-4,192.8
20260328_宮島_7,2026-03-28,宮島,7,6-5-4,252.7
20260328_宮島_8,2026-03-28,宮島,8,1-2-3,13.3
20260328_宮島_8,2026-03-28,宮島,8,2-1-3,34.7
20260328_宮島_8,2026-03-28,宮島,8,3-1-2,33.7
20260328_宮島_8,2026-03-28,宮島,8,4-1-2,90.5
20260328_宮島_8,2026-03-28,宮島,8,5-1-2,218.9
20260328_宮島_8,2026-03-28,宮島,8,6-1-2,1177.0
20260328_宮島_8,2026-03-28,宮島,8,1-2-4,25.4
20260328_宮島_8,2026-03-28,宮島,8,2-1-4,57.4
20260328_宮島_8,2026-03-28,宮島,8,3-1-4,28.7
20260328_宮島_8,2026-03-28,宮島,8,4-1-3,66.5
20260328_宮島_8,2026-03-28,宮島,8,5-1-3,106.2
20260328_宮島_8,2026-03-28,宮島,8,6-1-3,941.6
20260328_宮島_8,2026-03-28,宮島,8,1-2-5,38.0
20260328_宮島_8,2026-03-28,宮島,8,2-1-5,79.5
20260328_宮島_8,2026-03-28,宮島,8,3-1-5,27.3
20260328_宮島_8,2026-03-28,宮島,8,4-1-5,79.1
20260328_宮島_8,2026-03-28,宮島,8,5-1-4,210.2
20260328_宮島_8,2026-03-28,宮島,8,6-1-4,1448.0
20260328_宮島_8,2026-03-28,宮島,8,1-2-6,112.3
20260328_宮島_8,2026-03-28,宮島,8,2-1-6,188.5
20260328_宮島_8,2026-03-28,宮島,8,3-1-6,97.9
20260328_宮島_8,2026-03-28,宮島,8,4-1-6,158.8
20260328_宮島_8,2026-03-28,宮島,8,5-1-6,292.9
20260328_宮島_8,2026-03-28,宮島,8,6-1-5,1448.0
20260328_宮島_8,2026-03-28,宮島,8,1-3-2,9.9
20260328_宮島_8,2026-03-28,宮島,8,2-3-1,52.2
20260328_宮島_8,2026-03-28,宮島,8,3-2-1,61.2
20260328_宮島_8,2026-03-28,宮島,8,4-2-1,175.3
20260328_宮島_8,2026-03-28,宮島,8,5-2-1,292.9
20260328_宮島_8,2026-03-28,宮島,8,6-2-1,1690.0
20260328_宮島_8,2026-03-28,宮島,8,1-3-4,10.3
20260328_宮島_8,2026-03-28,宮島,8,2-3-4,54.5
20260328_宮島_8,2026-03-28,宮島,8,3-2-4,60.6
20260328_宮島_8,2026-03-28,宮島,8,4-2-3,146.8
20260328_宮島_8,2026-03-28,宮島,8,5-2-3,285.9
20260328_宮島_8,2026-03-28,宮島,8,6-2-3,1166.0
20260328_宮島_8,2026-03-28,宮島,8,1-3-5,11.7
20260328_宮島_8,2026-03-28,宮島,8,2-3-5,70.7
20260328_宮島_8,2026-03-28,宮島,8,3-2-5,71.2
20260328_宮島_8,2026-03-28,宮島,8,4-2-5,190.2
20260328_宮島_8,2026-03-28,宮島,8,5-2-4,460.9
20260328_宮島_8,2026-03-28,宮島,8,6-2-4,1805.0
20260328_宮島_8,2026-03-28,宮島,8,1-3-6,45.0
20260328_宮島_8,2026-03-28,宮島,8,2-3-6,181.3
20260328_宮島_8,2026-03-28,宮島,8,3-2-6,168.5
20260328_宮島_8,2026-03-28,宮島,8,4-2-6,371.3
20260328_宮島_8,2026-03-28,宮島,8,5-2-6,599.2
20260328_宮島_8,2026-03-28,宮島,8,6-2-5,2059.0
20260328_宮島_8,2026-03-28,宮島,8,1-4-2,27.4
20260328_宮島_8,2026-03-28,宮島,8,2-4-1,114.4
20260328_宮島_8,2026-03-28,宮島,8,3-4-1,56.7
20260328_宮島_8,2026-03-28,宮島,8,4-3-1,105.1
20260328_宮島_8,2026-03-28,宮島,8,5-3-1,126.3
20260328_宮島_8,2026-03-28,宮島,8,6-3-1,1046.0
20260328_宮島_8,2026-03-28,宮島,8,1-4-3,21.9
20260328_宮島_8,2026-03-28,宮島,8,2-4-3,91.0
20260328_宮島_8,2026-03-28,宮島,8,3-4-2,74.9
20260328_宮島_8,2026-03-28,宮島,8,4-3-2,139.7
20260328_宮島_8,2026-03-28,宮島,8,5-3-2,299.6
20260328_宮島_8,2026-03-28,宮島,8,6-3-2,1359.0
20260328_宮島_8,2026-03-28,宮島,8,1-4-5,39.3
20260328_宮島_8,2026-03-28,宮島,8,2-4-5,156.1
20260328_宮島_8,2026-03-28,宮島,8,3-4-5,60.7
20260328_宮島_8,2026-03-28,宮島,8,4-3-5,114.2
20260328_宮島_8,2026-03-28,宮島,8,5-3-4,262.0
20260328_宮島_8,2026-03-28,宮島,8,6-3-4,1006.0
20260328_宮島_8,2026-03-28,宮島,8,1-4-6,81.4
20260328_宮島_8,2026-03-28,宮島,8,2-4-6,301.6
20260328_宮島_8,2026-03-28,宮島,8,3-4-6,122.5
20260328_宮島_8,2026-03-28,宮島,8,4-3-6,207.2
20260328_宮島_8,2026-03-28,宮島,8,5-3-6,298.9
20260328_宮島_8,2026-03-28,宮島,8,6-3-5,1432.0
20260328_宮島_8,2026-03-28,宮島,8,1-5-2,67.3
20260328_宮島_8,2026-03-28,宮島,8,2-5-1,192.1
20260328_宮島_8,2026-03-28,宮島,8,3-5-1,60.2
20260328_宮島_8,2026-03-28,宮島,8,4-5-1,99.9
20260328_宮島_8,2026-03-28,宮島,8,5-4-1,237.1
20260328_宮島_8,2026-03-28,宮島,8,6-4-1,1515.0
20260328_宮島_8,2026-03-28,宮島,8,1-5-3,34.1
20260328_宮島_8,2026-03-28,宮島,8,2-5-3,153.8
20260328_宮島_8,2026-03-28,宮島,8,3-5-2,108.7
20260328_宮島_8,2026-03-28,宮島,8,4-5-2,153.8
20260328_宮島_8,2026-03-28,宮島,8,5-4-2,299.6
20260328_宮島_8,2026-03-28,宮島,8,6-4-2,1734.0
20260328_宮島_8,2026-03-28,宮島,8,1-5-4,65.0
20260328_宮島_8,2026-03-28,宮島,8,2-5-4,249.2
20260328_宮島_8,2026-03-28,宮島,8,3-5-4,89.4
20260328_宮島_8,2026-03-28,宮島,8,4-5-3,110.8
20260328_宮島_8,2026-03-28,宮島,8,5-4-3,248.7
20260328_宮島_8,2026-03-28,宮島,8,6-4-3,1136.0
20260328_宮島_8,2026-03-28,宮島,8,1-5-6,106.4
20260328_宮島_8,2026-03-28,宮島,8,2-5-6,456.1
20260328_宮島_8,2026-03-28,宮島,8,3-5-6,146.1
20260328_宮島_8,2026-03-28,宮島,8,4-5-6,131.4
20260328_宮島_8,2026-03-28,宮島,8,5-4-6,280.4
20260328_宮島_8,2026-03-28,宮島,8,6-4-5,1126.0
20260328_宮島_8,2026-03-28,宮島,8,1-6-2,337.1
20260328_宮島_8,2026-03-28,宮島,8,2-6-1,544.7
20260328_宮島_8,2026-03-28,宮島,8,3-6-1,263.6
20260328_宮島_8,2026-03-28,宮島,8,4-6-1,410.6
20260328_宮島_8,2026-03-28,宮島,8,5-6-1,493.7
20260328_宮島_8,2026-03-28,宮島,8,6-5-1,1402.0
20260328_宮島_8,2026-03-28,宮島,8,1-6-3,251.1
20260328_宮島_8,2026-03-28,宮島,8,2-6-3,508.9
20260328_宮島_8,2026-03-28,宮島,8,3-6-2,429.4
20260328_宮島_8,2026-03-28,宮島,8,4-6-2,544.7
20260328_宮島_8,2026-03-28,宮島,8,5-6-2,604.7
20260328_宮島_8,2026-03-28,宮島,8,6-5-2,2059.0
20260328_宮島_8,2026-03-28,宮島,8,1-6-4,329.5
20260328_宮島_8,2026-03-28,宮島,8,2-6-4,686.6
20260328_宮島_8,2026-03-28,宮島,8,3-6-4,360.1
20260328_宮島_8,2026-03-28,宮島,8,4-6-3,464.1
20260328_宮島_8,2026-03-28,宮島,8,5-6-3,477.6
20260328_宮島_8,2026-03-28,宮島,8,6-5-3,1627.0
20260328_宮島_8,2026-03-28,宮島,8,1-6-5,376.6
20260328_宮島_8,2026-03-28,宮島,8,2-6-5,780.0
20260328_宮島_8,2026-03-28,宮島,8,3-6-5,314.6
20260328_宮島_8,2026-03-28,宮島,8,4-6-5,300.9
20260328_宮島_8,2026-03-28,宮島,8,5-6-4,547.0
20260328_宮島_8,2026-03-28,宮島,8,6-5-4,1080.0
20260328_宮島_9,2026-03-28,宮島,9,1-2-3,11.4
20260328_宮島_9,2026-03-28,宮島,9,2-1-3,50.9
20260328_宮島_9,2026-03-28,宮島,9,3-1-2,13.7
20260328_宮島_9,2026-03-28,宮島,9,4-1-2,589.8
20260328_宮島_9,2026-03-28,宮島,9,5-1-2,716.8
20260328_宮島_9,2026-03-28,宮島,9,6-1-2,213.0
20260328_宮島_9,2026-03-28,宮島,9,1-2-4,66.8
20260328_宮島_9,2026-03-28,宮島,9,2-1-4,164.3
20260328_宮島_9,2026-03-28,宮島,9,3-1-4,30.8
20260328_宮島_9,2026-03-28,宮島,9,4-1-3,352.9
20260328_宮島_9,2026-03-28,宮島,9,5-1-3,337.6
20260328_宮島_9,2026-03-28,宮島,9,6-1-3,124.6
20260328_宮島_9,2026-03-28,宮島,9,1-2-5,65.2
20260328_宮島_9,2026-03-28,宮島,9,2-1-5,214.9
20260328_宮島_9,2026-03-28,宮島,9,3-1-5,34.0
20260328_宮島_9,2026-03-28,宮島,9,4-1-5,675.2
20260328_宮島_9,2026-03-28,宮島,9,5-1-4,996.6
20260328_宮島_9,2026-03-28,宮島,9,6-1-4,427.4
20260328_宮島_9,2026-03-28,宮島,9,1-2-6,33.0
20260328_宮島_9,2026-03-28,宮島,9,2-1-6,106.5
20260328_宮島_9,2026-03-28,宮島,9,3-1-6,16.9
20260328_宮島_9,2026-03-28,宮島,9,4-1-6,445.8
20260328_宮島_9,2026-03-28,宮島,9,5-1-6,494.3
20260328_宮島_9,2026-03-28,宮島,9,6-1-5,435.4
20260328_宮島_9,2026-03-28,宮島,9,1-3-2,7.3
20260328_宮島_9,2026-03-28,宮島,9,2-3-1,60.3
20260328_宮島_9,2026-03-28,宮島,9,3-2-1,23.2
20260328_宮島_9,2026-03-28,宮島,9,4-2-1,714.0
20260328_宮島_9,2026-03-28,宮島,9,5-2-1,946.0
20260328_宮島_9,2026-03-28,宮島,9,6-2-1,264.3
20260328_宮島_9,2026-03-28,宮島,9,1-3-4,22.6
20260328_宮島_9,2026-03-28,宮島,9,2-3-4,120.4
20260328_宮島_9,2026-03-28,宮島,9,3-2-4,41.0
20260328_宮島_9,2026-03-28,宮島,9,4-2-3,404.2
20260328_宮島_9,2026-03-28,宮島,9,5-2-3,670.4
20260328_宮島_9,2026-03-28,宮島,9,6-2-3,189.0
20260328_宮島_9,2026-03-28,宮島,9,1-3-5,21.1
20260328_宮島_9,2026-03-28,宮島,9,2-3-5,135.8
20260328_宮島_9,2026-03-28,宮島,9,3-2-5,54.7
20260328_宮島_9,2026-03-28,宮島,9,4-2-5,936.5
20260328_宮島_9,2026-03-28,宮島,9,5-2-4,1863.0
20260328_宮島_9,2026-03-28,宮島,9,6-2-4,423.5
20260328_宮島_9,2026-03-28,宮島,9,1-3-6,10.6
20260328_宮島_9,2026-03-28,宮島,9,2-3-6,59.1
20260328_宮島_9,2026-03-28,宮島,9,3-2-6,22.9
20260328_宮島_9,2026-03-28,宮島,9,4-2-6,389.9
20260328_宮島_9,2026-03-28,宮島,9,5-2-6,779.8
20260328_宮島_9,2026-03-28,宮島,9,6-2-5,479.1
20260328_宮島_9,2026-03-28,宮島,9,1-4-2,148.0
20260328_宮島_9,2026-03-28,宮島,9,2-4-1,363.3
20260328_宮島_9,2026-03-28,宮島,9,3-4-1,71.6
20260328_宮島_9,2026-03-28,宮島,9,4-3-1,350.3
20260328_宮島_9,2026-03-28,宮島,9,5-3-1,387.4
20260328_宮島_9,2026-03-28,宮島,9,6-3-1,122.0
20260328_宮島_9,2026-03-28,宮島,9,1-4-3,105.5
20260328_宮島_9,2026-03-28,宮島,9,2-4-3,224.0
20260328_宮島_9,2026-03-28,宮島,9,3-4-2,72.8
20260328_宮島_9,2026-03-28,宮島,9,4-3-2,372.0
20260328_宮島_9,2026-03-28,宮島,9,5-3-2,535.5
20260328_宮島_9,2026-03-28,宮島,9,6-3-2,130.5
20260328_宮島_9,2026-03-28,宮島,9,1-4-5,215.2
20260328_宮島_9,2026-03-28,宮島,9,2-4-5,513.4
20260328_宮島_9,2026-03-28,宮島,9,3-4-5,133.7
20260328_宮島_9,2026-03-28,宮島,9,4-3-5,642.6
20260328_宮島_9,2026-03-28,宮島,9,5-3-4,931.8
20260328_宮島_9,2026-03-28,宮島,9,6-3-4,279.4
20260328_宮島_9,2026-03-28,宮島,9,1-4-6,156.7
20260328_宮島_9,2026-03-28,宮島,9,2-4-6,244.5
20260328_宮島_9,2026-03-28,宮島,9,3-4-6,61.8
20260328_宮島_9,2026-03-28,宮島,9,4-3-6,308.5
20260328_宮島_9,2026-03-28,宮島,9,5-3-6,417.8
20260328_宮島_9,2026-03-28,宮島,9,6-3-5,212.7
20260328_宮島_9,2026-03-28,宮島,9,1-5-2,150.5
20260328_宮島_9,2026-03-28,宮島,9,2-5-1,527.9
20260328_宮島_9,2026-03-28,宮島,9,3-5-1,90.4
20260328_宮島_9,2026-03-28,宮島,9,4-5-1,970.7
20260328_宮島_9,2026-03-28,宮島,9,5-4-1,1540.0
20260328_宮島_9,2026-03-28,宮島,9,6-4-1,835.7
20260328_宮島_9,2026-03-28,宮島,9,1-5-3,100.4
20260328_宮島_9,2026-03-28,宮島,9,2-5-3,411.4
20260328_宮島_9,2026-03-28,宮島,9,3-5-2,121.4
20260328_宮島_9,2026-03-28,宮島,9,4-5-2,1194.0
20260328_宮島_9,2026-03-28,宮島,9,5-4-2,1845.0
20260328_宮島_9,2026-03-28,宮島,9,6-4-2,640.4
20260328_宮島_9,2026-03-28,宮島,9,1-5-4,295.8
20260328_宮島_9,2026-03-28,宮島,9,2-5-4,813.8
20260328_宮島_9,2026-03-28,宮島,9,3-5-4,145.7
20260328_宮島_9,2026-03-28,宮島,9,4-5-3,870.9
20260328_宮島_9,2026-03-28,宮島,9,5-4-3,1456.0
20260328_宮島_9,2026-03-28,宮島,9,6-4-3,526.4
20260328_宮島_9,2026-03-28,宮島,9,1-5-6,159.4
20260328_宮島_9,2026-03-28,宮島,9,2-5-6,427.4
20260328_宮島_9,2026-03-28,宮島,9,3-5-6,80.5
20260328_宮島_9,2026-03-28,宮島,9,4-5-6,589.8
20260328_宮島_9,2026-03-28,宮島,9,5-4-6,913.6
20260328_宮島_9,2026-03-28,宮島,9,6-4-5,799.9
20260328_宮島_9,2026-03-28,宮島,9,1-6-2,54.3
20260328_宮島_9,2026-03-28,宮島,9,2-6-1,176.4
20260328_宮島_9,2026-03-28,宮島,9,3-6-1,37.8
20260328_宮島_9,2026-03-28,宮島,9,4-6-1,638.2
20260328_宮島_9,2026-03-28,宮島,9,5-6-1,714.0
20260328_宮島_9,2026-03-28,宮島,9,6-5-1,675.2
20260328_宮島_9,2026-03-28,宮島,9,1-6-3,40.2
20260328_宮島_9,2026-03-28,宮島,9,2-6-3,108.2
20260328_宮島_9,2026-03-28,宮島,9,3-6-2,42.6
20260328_宮島_9,2026-03-28,宮島,9,4-6-2,499.6
20260328_宮島_9,2026-03-28,宮島,9,5-6-2,896.0
20260328_宮島_9,2026-03-28,宮島,9,6-5-2,623.3
20260328_宮島_9,2026-03-28,宮島,9,1-6-4,155.9
20260328_宮島_9,2026-03-28,宮島,9,2-6-4,238.3
20260328_宮島_9,2026-03-28,宮島,9,3-6-4,79.2
20260328_宮島_9,2026-03-28,宮島,9,4-6-3,441.6
20260328_宮島_9,2026-03-28,宮島,9,5-6-3,569.9
20260328_宮島_9,2026-03-28,宮島,9,6-5-3,402.5
20260328_宮島_9,2026-03-28,宮島,9,1-6-5,147.4
20260328_宮島_9,2026-03-28,宮島,9,2-6-5,311.6
20260328_宮島_9,2026-03-28,宮島,9,3-6-5,80.2
20260328_宮島_9,2026-03-28,宮島,9,4-6-5,680.2
20260328_宮島_9,2026-03-28,宮島,9,5-6-4,851.0
20260328_宮島_9,2026-03-28,宮島,9,6-5-4,835.7
20260328_宮島_10,2026-03-28,宮島,10,1-2-3,12.8
20260328_宮島_10,2026-03-28,宮島,10,2-1-3,128.7
20260328_宮島_10,2026-03-28,宮島,10,3-1-2,48.2
20260328_宮島_10,2026-03-28,宮島,10,4-1-2,446.3
20260328_宮島_10,2026-03-28,宮島,10,5-1-2,807.9
20260328_宮島_10,2026-03-28,宮島,10,6-1-2,21.6
20260328_宮島_10,2026-03-28,宮島,10,1-2-4,37.1
20260328_宮島_10,2026-03-28,宮島,10,2-1-4,274.4
20260328_宮島_10,2026-03-28,宮島,10,3-1-4,71.0
20260328_宮島_10,2026-03-28,宮島,10,4-1-3,328.2
20260328_宮島_10,2026-03-28,宮島,10,5-1-3,743.8
20260328_宮島_10,2026-03-28,宮島,10,6-1-3,19.7
20260328_宮島_10,2026-03-28,宮島,10,1-2-5,44.7
20260328_宮島_10,2026-03-28,宮島,10,2-1-5,313.4
20260328_宮島_10,2026-03-28,宮島,10,3-1-5,94.5
20260328_宮島_10,2026-03-28,宮島,10,4-1-5,534.0
20260328_宮島_10,2026-03-28,宮島,10,5-1-4,1143.0
20260328_宮島_10,2026-03-28,宮島,10,6-1-4,68.1
20260328_宮島_10,2026-03-28,宮島,10,1-2-6,12.1
20260328_宮島_10,2026-03-28,宮島,10,2-1-6,104.9
20260328_宮島_10,2026-03-28,宮島,10,3-1-6,24.4
20260328_宮島_10,2026-03-28,宮島,10,4-1-6,288.3
20260328_宮島_10,2026-03-28,宮島,10,5-1-6,551.3
20260328_宮島_10,2026-03-28,宮島,10,6-1-5,84.7
20260328_宮島_10,2026-03-28,宮島,10,1-3-2,11.5
20260328_宮島_10,2026-03-28,宮島,10,2-3-1,273.2
20260328_宮島_10,2026-03-28,宮島,10,3-2-1,144.5
20260328_宮島_10,2026-03-28,宮島,10,4-2-1,679.1
20260328_宮島_10,2026-03-28,宮島,10,5-2-1,1388.0
20260328_宮島_10,2026-03-28,宮島,10,6-2-1,47.5
20260328_宮島_10,2026-03-28,宮島,10,1-3-4,28.1
20260328_宮島_10,2026-03-28,宮島,10,2-3-4,844.3
20260328_宮島_10,2026-03-28,宮島,10,3-2-4,440.0
20260328_宮島_10,2026-03-28,宮島,10,4-2-3,1292.0
20260328_宮島_10,2026-03-28,宮島,10,5-2-3,2015.0
20260328_宮島_10,2026-03-28,宮島,10,6-2-3,73.7
20260328_宮島_10,2026-03-28,宮島,10,1-3-5,33.2
20260328_宮島_10,2026-03-28,宮島,10,2-3-5,951.5
20260328_宮島_10,2026-03-28,宮島,10,3-2-5,618.6
20260328_宮島_10,2026-03-28,宮島,10,4-2-5,1562.0
20260328_宮島_10,2026-03-28,宮島,10,5-2-4,2603.0
20260328_宮島_10,2026-03-28,宮島,10,6-2-4,145.4
20260328_宮島_10,2026-03-28,宮島,10,1-3-6,6.4
20260328_宮島_10,2026-03-28,宮島,10,2-3-6,407.5
20260328_宮島_10,2026-03-28,宮島,10,3-2-6,222.8
20260328_宮島_10,2026-03-28,宮島,10,4-2-6,676.7
20260328_宮島_10,2026-03-28,宮島,10,5-2-6,1630.0
20260328_宮島_10,2026-03-28,宮島,10,6-2-5,222.8
20260328_宮島_10,2026-03-28,宮島,10,1-4-2,87.1
20260328_宮島_10,2026-03-28,宮島,10,2-4-1,674.2
20260328_宮島_10,2026-03-28,宮島,10,3-4-1,204.8
20260328_宮島_10,2026-03-28,宮島,10,4-3-1,505.2
20260328_宮島_10,2026-03-28,宮島,10,5-3-1,1089.0
20260328_宮島_10,2026-03-28,宮島,10,6-3-1,35.7
20260328_宮島_10,2026-03-28,宮島,10,1-4-3,79.0
20260328_宮島_10,2026-03-28,宮島,10,2-4-3,1089.0
20260328_宮島_10,2026-03-28,宮島,10,3-4-2,543.3
20260328_宮島_10,2026-03-28,宮島,10,4-3-2,1301.0
20260328_宮島_10,2026-03-28,宮島,10,5-3-2,2466.0
20260328_宮島_10,2026-03-28,宮島,10,6-3-2,71.0
20260328_宮島_10,2026-03-28,宮島,10,1-4-5,156.8
20260328_宮島_10,2026-03-28,宮島,10,2-4-5,1768.0
20260328_宮島_10,2026-03-28,宮島,10,3-4-5,554.5
20260328_宮島_10,2026-03-28,宮島,10,4-3-5,1136.0
20260328_宮島_10,2026-03-28,宮島,10,5-3-4,2756.0
20260328_宮島_10,2026-03-28,宮島,10,6-3-4,129.3
20260328_宮島_10,2026-03-28,宮島,10,1-4-6,53.2
20260328_宮島_10,2026-03-28,宮島,10,2-4-6,735.1
20260328_宮島_10,2026-03-28,宮島,10,3-4-6,226.1
20260328_宮島_10,2026-03-28,宮島,10,4-3-6,669.4
20260328_宮島_10,2026-03-28,宮島,10,5-3-6,1588.0
20260328_宮島_10,2026-03-28,宮島,10,6-3-5,209.4
20260328_宮島_10,2026-03-28,宮島,10,1-5-2,123.9
20260328_宮島_10,2026-03-28,宮島,10,2-5-1,1115.0
20260328_宮島_10,2026-03-28,宮島,10,3-5-1,328.8
20260328_宮島_10,2026-03-28,宮島,10,4-5-1,696.8
20260328_宮島_10,2026-03-28,宮島,10,5-4-1,1819.0
20260328_宮島_10,2026-03-28,宮島,10,6-4-1,184.5
20260328_宮島_10,2026-03-28,宮島,10,1-5-3,101.1
20260328_宮島_10,2026-03-28,宮島,10,2-5-3,1398.0
20260328_宮島_10,2026-03-28,宮島,10,3-5-2,818.5
20260328_宮島_10,2026-03-28,宮島,10,4-5-2,1673.0
20260328_宮島_10,2026-03-28,宮島,10,5-4-2,2205.0
20260328_宮島_10,2026-03-28,宮島,10,6-4-2,308.8
20260328_宮島_10,2026-03-28,宮島,10,1-5-4,193.6
20260328_宮島_10,2026-03-28,宮島,10,2-5-4,1819.0
20260328_宮島_10,2026-03-28,宮島,10,3-5-4,532.5
20260328_宮島_10,2026-03-28,宮島,10,4-5-3,1329.0
20260328_宮島_10,2026-03-28,宮島,10,5-4-3,2640.0
20260328_宮島_10,2026-03-28,宮島,10,6-4-3,285.3
20260328_宮島_10,2026-03-28,宮島,10,1-5-6,87.3
20260328_宮島_10,2026-03-28,宮島,10,2-5-6,1115.0
20260328_宮島_10,2026-03-28,宮島,10,3-5-6,331.7
20260328_宮島_10,2026-03-28,宮島,10,4-5-6,712.7
20260328_宮島_10,2026-03-28,宮島,10,5-4-6,1912.0
20260328_宮島_10,2026-03-28,宮島,10,6-4-5,493.2
20260328_宮島_10,2026-03-28,宮島,10,1-6-2,13.5
20260328_宮島_10,2026-03-28,宮島,10,2-6-1,174.8
20260328_宮島_10,2026-03-28,宮島,10,3-6-1,47.1
20260328_宮島_10,2026-03-28,宮島,10,4-6-1,287.0
20260328_宮島_10,2026-03-28,宮島,10,5-6-1,787.6
20260328_宮島_10,2026-03-28,宮島,10,6-5-1,254.6
20260328_宮島_10,2026-03-28,宮島,10,1-6-3,9.3
20260328_宮島_10,2026-03-28,宮島,10,2-6-3,389.7
20260328_宮島_10,2026-03-28,宮島,10,3-6-2,135.9
20260328_宮島_10,2026-03-28,宮島,10,4-6-2,566.3
20260328_宮島_10,2026-03-28,宮島,10,5-6-2,1338.0
20260328_宮島_10,2026-03-28,宮島,10,6-5-2,475.7
20260328_宮島_10,2026-03-28,宮島,10,1-6-4,42.0
20260328_宮島_10,2026-03-28,宮島,10,2-6-4,546.5
20260328_宮島_10,2026-03-28,宮島,10,3-6-4,156.4
20260328_宮島_10,2026-03-28,宮島,10,4-6-3,620.7
20260328_宮島_10,2026-03-28,宮島,10,5-6-3,1549.0
20260328_宮島_10,2026-03-28,宮島,10,6-5-3,472.1
20260328_宮島_10,2026-03-28,宮島,10,1-6-5,49.7
20260328_宮島_10,2026-03-28,宮島,10,2-6-5,781.0
20260328_宮島_10,2026-03-28,宮島,10,3-6-5,226.3
20260328_宮島_10,2026-03-28,宮島,10,4-6-5,614.5
20260328_宮島_10,2026-03-28,宮島,10,5-6-4,1719.0
20260328_宮島_10,2026-03-28,宮島,10,6-5-4,587.6
20260328_宮島_11,2026-03-28,宮島,11,1-2-3,18.9
20260328_宮島_11,2026-03-28,宮島,11,2-1-3,86.3
20260328_宮島_11,2026-03-28,宮島,11,3-1-2,97.0
20260328_宮島_11,2026-03-28,宮島,11,4-1-2,36.2
20260328_宮島_11,2026-03-28,宮島,11,5-1-2,292.1
20260328_宮島_11,2026-03-28,宮島,11,6-1-2,688.7
20260328_宮島_11,2026-03-28,宮島,11,1-2-4,14.6
20260328_宮島_11,2026-03-28,宮島,11,2-1-4,57.7
20260328_宮島_11,2026-03-28,宮島,11,3-1-4,40.1
20260328_宮島_11,2026-03-28,宮島,11,4-1-3,41.0
20260328_宮島_11,2026-03-28,宮島,11,5-1-3,343.7
20260328_宮島_11,2026-03-28,宮島,11,6-1-3,549.4
20260328_宮島_11,2026-03-28,宮島,11,1-2-5,53.8
20260328_宮島_11,2026-03-28,宮島,11,2-1-5,160.6
20260328_宮島_11,2026-03-28,宮島,11,3-1-5,138.9
20260328_宮島_11,2026-03-28,宮島,11,4-1-5,48.1
20260328_宮島_11,2026-03-28,宮島,11,5-1-4,251.4
20260328_宮島_11,2026-03-28,宮島,11,6-1-4,354.2
20260328_宮島_11,2026-03-28,宮島,11,1-2-6,57.3
20260328_宮島_11,2026-03-28,宮島,11,2-1-6,142.7
20260328_宮島_11,2026-03-28,宮島,11,3-1-6,84.9
20260328_宮島_11,2026-03-28,宮島,11,4-1-6,26.7
20260328_宮島_11,2026-03-28,宮島,11,5-1-6,262.0
20260328_宮島_11,2026-03-28,宮島,11,6-1-5,1055.0
20260328_宮島_11,2026-03-28,宮島,11,1-3-2,17.2
20260328_宮島_11,2026-03-28,宮島,11,2-3-1,203.4
20260328_宮島_11,2026-03-28,宮島,11,3-2-1,248.8
20260328_宮島_11,2026-03-28,宮島,11,4-2-1,75.4
20260328_宮島_11,2026-03-28,宮島,11,5-2-1,565.1
20260328_宮島_11,2026-03-28,宮島,11,6-2-1,1160.0
20260328_宮島_11,2026-03-28,宮島,11,1-3-4,9.7
20260328_宮島_11,2026-03-28,宮島,11,2-3-4,207.4
20260328_宮島_11,2026-03-28,宮島,11,3-2-4,176.0
20260328_宮島_11,2026-03-28,宮島,11,4-2-3,137.5
20260328_宮島_11,2026-03-28,宮島,11,5-2-3,784.0
20260328_宮島_11,2026-03-28,宮島,11,6-2-3,1653.0
20260328_宮島_11,2026-03-28,宮島,11,1-3-5,29.8
20260328_宮島_11,2026-03-28,宮島,11,2-3-5,693.5
20260328_宮島_11,2026-03-28,宮島,11,3-2-5,404.8
20260328_宮島_11,2026-03-28,宮島,11,4-2-5,139.7
20260328_宮島_11,2026-03-28,宮島,11,5-2-4,659.0
20260328_宮島_11,2026-03-28,宮島,11,6-2-4,870.0
20260328_宮島_11,2026-03-28,宮島,11,1-3-6,32.1
20260328_宮島_11,2026-03-28,宮島,11,2-3-6,515.2
20260328_宮島_11,2026-03-28,宮島,11,3-2-6,296.0
20260328_宮島_11,2026-03-28,宮島,11,4-2-6,75.0
20260328_宮島_11,2026-03-28,宮島,11,5-2-6,762.9
20260328_宮島_11,2026-03-28,宮島,11,6-2-5,1871.0
20260328_宮島_11,2026-03-28,宮島,11,1-4-2,13.3
20260328_宮島_11,2026-03-28,宮島,11,2-4-1,108.3
20260328_宮島_11,2026-03-28,宮島,11,3-4-1,67.7
20260328_宮島_11,2026-03-28,宮島,11,4-3-1,70.8
20260328_宮島_11,2026-03-28,宮島,11,5-3-1,703.4
20260328_宮島_11,2026-03-28,宮島,11,6-3-1,914.1
20260328_宮島_11,2026-03-28,宮島,11,1-4-3,10.2
20260328_宮島_11,2026-03-28,宮島,11,2-4-3,190.0
20260328_宮島_11,2026-03-28,宮島,11,3-4-2,124.3
20260328_宮島_11,2026-03-28,宮島,11,4-3-2,146.1
20260328_宮島_11,2026-03-28,宮島,11,5-3-2,836.9
20260328_宮島_11,2026-03-28,宮島,11,6-3-2,1836.0
20260328_宮島_11,2026-03-28,宮島,11,1-4-5,28.5
20260328_宮島_11,2026-03-28,宮島,11,2-4-5,403.1
20260328_宮島_11,2026-03-28,宮島,11,3-4-5,183.6
20260328_宮島_11,2026-03-28,宮島,11,4-3-5,132.6
20260328_宮島_11,2026-03-28,宮島,11,5-3-4,716.1
20260328_宮島_11,2026-03-28,宮島,11,6-3-4,803.1
20260328_宮島_11,2026-03-28,宮島,11,1-4-6,20.8
20260328_宮島_11,2026-03-28,宮島,11,2-4-6,254.6
20260328_宮島_11,2026-03-28,宮島,11,3-4-6,79.0
20260328_宮島_11,2026-03-28,宮島,11,4-3-6,71.0
20260328_宮島_11,2026-03-28,宮島,11,5-3-6,661.2
20260328_宮島_11,2026-03-28,宮島,11,6-3-5,2110.0
20260328_宮島_11,2026-03-28,宮島,11,1-5-2,73.3
20260328_宮島_11,2026-03-28,宮島,11,2-5-1,367.3
20260328_宮島_11,2026-03-28,宮島,11,3-5-1,358.0
20260328_宮島_11,2026-03-28,宮島,11,4-5-1,53.5
20260328_宮島_11,2026-03-28,宮島,11,5-4-1,216.3
20260328_宮島_11,2026-03-28,宮島,11,6-4-1,317.3
20260328_宮島_11,2026-03-28,宮島,11,1-5-3,64.2
20260328_宮島_11,2026-03-28,宮島,11,2-5-3,885.5
20260328_宮島_11,2026-03-28,宮島,11,3-5-2,601.1
20260328_宮島_11,2026-03-28,宮島,11,4-5-2,87.7
20260328_宮島_11,2026-03-28,宮島,11,5-4-2,317.8
20260328_宮島_11,2026-03-28,宮島,11,6-4-2,593.9
20260328_宮島_11,2026-03-28,宮島,11,1-5-4,69.0
20260328_宮島_11,2026-03-28,宮島,11,2-5-4,793.4
20260328_宮島_11,2026-03-28,宮島,11,3-5-4,411.5
20260328_宮島_11,2026-03-28,宮島,11,4-5-3,126.5
20260328_宮島_11,2026-03-28,宮島,11,5-4-3,450.8
20260328_宮島_11,2026-03-28,宮島,11,6-4-3,503.4
20260328_宮島_11,2026-03-28,宮島,11,1-5-6,104.6
20260328_宮島_11,2026-03-28,宮島,11,2-5-6,944.6
20260328_宮島_11,2026-03-28,宮島,11,3-5-6,495.9
20260328_宮島_11,2026-03-28,宮島,11,4-5-6,40.0
20260328_宮島_11,2026-03-28,宮島,11,5-4-6,172.7
20260328_宮島_11,2026-03-28,宮島,11,6-4-5,462.3
20260328_宮島_11,2026-03-28,宮島,11,1-6-2,128.6
20260328_宮島_11,2026-03-28,宮島,11,2-6-1,474.5
20260328_宮島_11,2026-03-28,宮島,11,3-6-1,356.7
20260328_宮島_11,2026-03-28,宮島,11,4-6-1,47.2
20260328_宮島_11,2026-03-28,宮島,11,5-6-1,489.7
20260328_宮島_11,2026-03-28,宮島,11,6-5-1,1114.0
20260328_宮島_11,2026-03-28,宮島,11,1-6-3,123.2
20260328_宮島_11,2026-03-28,宮島,11,2-6-3,982.0
20260328_宮島_11,2026-03-28,宮島,11,3-6-2,601.1
20260328_宮島_11,2026-03-28,宮島,11,4-6-2,88.3
20260328_宮島_11,2026-03-28,宮島,11,5-6-2,674.7
20260328_宮島_11,2026-03-28,宮島,11,6-5-2,1502.0
20260328_宮島_11,2026-03-28,宮島,11,1-6-4,88.7
20260328_宮島_11,2026-03-28,宮島,11,2-6-4,604.7
20260328_宮島_11,2026-03-28,宮島,11,3-6-4,252.0
20260328_宮島_11,2026-03-28,宮島,11,4-6-3,97.9
20260328_宮島_11,2026-03-28,宮島,11,5-6-3,771.8
20260328_宮島_11,2026-03-28,宮島,11,6-5-3,1625.0
20260328_宮島_11,2026-03-28,宮島,11,1-6-5,193.9
20260328_宮島_11,2026-03-28,宮島,11,2-6-5,1296.0
20260328_宮島_11,2026-03-28,宮島,11,3-6-5,708.4
20260328_宮島_11,2026-03-28,宮島,11,4-6-5,54.6
20260328_宮島_11,2026-03-28,宮島,11,5-6-4,335.6
20260328_宮島_11,2026-03-28,宮島,11,6-5-4,574.9
20260328_宮島_12,2026-03-28,宮島,12,1-2-3,7.6
20260328_宮島_12,2026-03-28,宮島,12,2-1-3,30.5
20260328_宮島_12,2026-03-28,宮島,12,3-1-2,82.6
20260328_宮島_12,2026-03-28,宮島,12,4-1-2,84.7
20260328_宮島_12,2026-03-28,宮島,12,5-1-2,240.3
20260328_宮島_12,2026-03-28,宮島,12,6-1-2,781.0
20260328_宮島_12,2026-03-28,宮島,12,1-2-4,7.5
20260328_宮島_12,2026-03-28,宮島,12,2-1-4,29.3
20260328_宮島_12,2026-03-28,宮島,12,3-1-4,69.2
20260328_宮島_12,2026-03-28,宮島,12,4-1-3,121.1
20260328_宮島_12,2026-03-28,宮島,12,5-1-3,316.5
20260328_宮島_12,2026-03-28,宮島,12,6-1-3,1062.0
20260328_宮島_12,2026-03-28,宮島,12,1-2-5,19.8
20260328_宮島_12,2026-03-28,宮島,12,2-1-5,47.6
20260328_宮島_12,2026-03-28,宮島,12,3-1-5,106.2
20260328_宮島_12,2026-03-28,宮島,12,4-1-5,123.4
20260328_宮島_12,2026-03-28,宮島,12,5-1-4,275.1
20260328_宮島_12,2026-03-28,宮島,12,6-1-4,983.5
20260328_宮島_12,2026-03-28,宮島,12,1-2-6,36.1
20260328_宮島_12,2026-03-28,宮島,12,2-1-6,88.6
20260328_宮島_12,2026-03-28,宮島,12,3-1-6,168.2
20260328_宮島_12,2026-03-28,宮島,12,4-1-6,160.8
20260328_宮島_12,2026-03-28,宮島,12,5-1-6,413.6
20260328_宮島_12,2026-03-28,宮島,12,6-1-5,1735.0
20260328_宮島_12,2026-03-28,宮島,12,1-3-2,10.6
20260328_宮島_12,2026-03-28,宮島,12,2-3-1,75.5
20260328_宮島_12,2026-03-28,宮島,12,3-2-1,132.6
20260328_宮島_12,2026-03-28,宮島,12,4-2-1,118.3
20260328_宮島_12,2026-03-28,宮島,12,5-2-1,339.6
20260328_宮島_12,2026-03-28,宮島,12,6-2-1,1144.0
20260328_宮島_12,2026-03-28,宮島,12,1-3-4,12.6
20260328_宮島_12,2026-03-28,宮島,12,2-3-4,65.7
20260328_宮島_12,2026-03-28,宮島,12,3-2-4,104.7
20260328_宮島_12,2026-03-28,宮島,12,4-2-3,144.4
20260328_宮島_12,2026-03-28,宮島,12,5-2-3,374.5
20260328_宮島_12,2026-03-28,宮島,12,6-2-3,2011.0
20260328_宮島_12,2026-03-28,宮島,12,1-3-5,24.7
20260328_宮島_12,2026-03-28,宮島,12,2-3-5,76.3
20260328_宮島_12,2026-03-28,宮島,12,3-2-5,130.0
20260328_宮島_12,2026-03-28,宮島,12,4-2-5,152.1
20260328_宮島_12,2026-03-28,宮島,12,5-2-4,395.1
20260328_宮島_12,2026-03-28,宮島,12,6-2-4,1190.0
20260328_宮島_12,2026-03-28,宮島,12,1-3-6,44.0
20260328_宮島_12,2026-03-28,宮島,12,2-3-6,164.3
20260328_宮島_12,2026-03-28,宮島,12,3-2-6,236.9
20260328_宮島_12,2026-03-28,宮島,12,4-2-6,208.4
20260328_宮島_12,2026-03-28,宮島,12,5-2-6,578.5
20260328_宮島_12,2026-03-28,宮島,12,6-2-5,1910.0
20260328_宮島_12,2026-03-28,宮島,12,1-4-2,13.0
20260328_宮島_12,2026-03-28,宮島,12,2-4-1,76.5
20260328_宮島_12,2026-03-28,宮島,12,3-4-1,135.9
20260328_宮島_12,2026-03-28,宮島,12,4-3-1,226.7
20260328_宮島_12,2026-03-28,宮島,12,5-3-1,523.8
20260328_宮島_12,2026-03-28,宮島,12,6-3-1,1341.0
20260328_宮島_12,2026-03-28,宮島,12,1-4-3,20.9
20260328_宮島_12,2026-03-28,宮島,12,2-4-3,77.2
20260328_宮島_12,2026-03-28,宮島,12,3-4-2,135.0
20260328_宮島_12,2026-03-28,宮島,12,4-3-2,212.2
20260328_宮島_12,2026-03-28,宮島,12,5-3-2,515.6
20260328_宮島_12,2026-03-28,宮島,12,6-3-2,1680.0
20260328_宮島_12,2026-03-28,宮島,12,1-4-5,34.3
20260328_宮島_12,2026-03-28,宮島,12,2-4-5,105.2
20260328_宮島_12,2026-03-28,宮島,12,3-4-5,187.4
20260328_宮島_12,2026-03-28,宮島,12,4-3-5,279.5
20260328_宮島_12,2026-03-28,宮島,12,5-3-4,788.0
20260328_宮島_12,2026-03-28,宮島,12,6-3-4,1996.0
20260328_宮島_12,2026-03-28,宮島,12,1-4-6,51.4
20260328_宮島_12,2026-03-28,宮島,12,2-4-6,147.8
20260328_宮島_12,2026-03-28,宮島,12,3-4-6,274.6
20260328_宮島_12,2026-03-28,宮島,12,4-3-6,395.1
20260328_宮島_12,2026-03-28,宮島,12,5-3-6,873.5
20260328_宮島_12,2026-03-28,宮島,12,6-3-5,1758.0
20260328_宮島_12,2026-03-28,宮島,12,1-5-2,44.8
20260328_宮島_12,2026-03-28,宮島,12,2-5-1,171.1
20260328_宮島_12,2026-03-28,宮島,12,3-5-1,261.6
20260328_宮島_12,2026-03-28,宮島,12,4-5-1,170.5
20260328_宮島_12,2026-03-28,宮島,12,5-4-1,367.8
20260328_宮島_12,2026-03-28,宮島,12,6-4-1,1361.0
20260328_宮島_12,2026-03-28,宮島,12,1-5-3,48.7
20260328_宮島_12,2026-03-28,宮島,12,2-5-3,152.7
20260328_宮島_12,2026-03-28,宮島,12,3-5-2,245.6
20260328_宮島_12,2026-03-28,宮島,12,4-5-2,188.3
20260328_宮島_12,2026-03-28,宮島,12,5-4-2,406.0
20260328_宮島_12,2026-03-28,宮島,12,6-4-2,1258.0
20260328_宮島_12,2026-03-28,宮島,12,1-5-4,63.2
20260328_宮島_12,2026-03-28,宮島,12,2-5-4,178.7
20260328_宮島_12,2026-03-28,宮島,12,3-5-4,313.5
20260328_宮島_12,2026-03-28,宮島,12,4-5-3,289.2
20260328_宮島_12,2026-03-28,宮島,12,5-4-3,698.8
20260328_宮島_12,2026-03-28,宮島,12,6-4-3,2058.0
20260328_宮島_12,2026-03-28,宮島,12,1-5-6,113.7
20260328_宮島_12,2026-03-28,宮島,12,2-5-6,303.1
20260328_宮島_12,2026-03-28,宮島,12,3-5-6,438.2
20260328_宮島_12,2026-03-28,宮島,12,4-5-6,212.9
20260328_宮島_12,2026-03-28,宮島,12,5-4-6,553.2
20260328_宮島_12,2026-03-28,宮島,12,6-4-5,1896.0
20260328_宮島_12,2026-03-28,宮島,12,1-6-2,140.8
20260328_宮島_12,2026-03-28,宮島,12,2-6-1,437.5
20260328_宮島_12,2026-03-28,宮島,12,3-6-1,572.3
20260328_宮島_12,2026-03-28,宮島,12,4-6-1,391.1
20260328_宮島_12,2026-03-28,宮島,12,5-6-1,1025.0
20260328_宮島_12,2026-03-28,宮島,12,6-5-1,2269.0
20260328_宮島_12,2026-03-28,宮島,12,1-6-3,151.4
20260328_宮島_12,2026-03-28,宮島,12,2-6-3,517.6
20260328_宮島_12,2026-03-28,宮島,12,3-6-2,635.3
20260328_宮島_12,2026-03-28,宮島,12,4-6-2,407.3
20260328_宮島_12,2026-03-28,宮島,12,5-6-2,994.6
20260328_宮島_12,2026-03-28,宮島,12,6-5-2,2159.0
20260328_宮島_12,2026-03-28,宮島,12,1-6-4,173.3
20260328_宮島_12,2026-03-28,宮島,12,2-6-4,440.4
20260328_宮島_12,2026-03-28,宮島,12,3-6-4,790.3
20260328_宮島_12,2026-03-28,宮島,12,4-6-3,584.9
20260328_宮島_12,2026-03-28,宮島,12,5-6-3,1201.0
20260328_宮島_12,2026-03-28,宮島,12,6-5-3,2553.0
20260328_宮島_12,2026-03-28,宮島,12,1-6-5,235.0
20260328_宮島_12,2026-03-28,宮島,12,2-6-5,606.3
20260328_宮島_12,2026-03-28,宮島,12,3-6-5,675.7
20260328_宮島_12,2026-03-28,宮島,12,4-6-5,412.3
20260328_宮島_12,2026-03-28,宮島,12,5-6-4,962.2
20260328_宮島_12,2026-03-28,宮島,12,6-5-4,2011.0
20260328_下関_1,2026-03-28,下関,1,1-2-3,68.2
20260328_下関_1,2026-03-28,下関,1,2-1-3,107.1
20260328_下関_1,2026-03-28,下関,1,3-1-2,207.3
20260328_下関_1,2026-03-28,下関,1,4-1-2,70.3
20260328_下関_1,2026-03-28,下関,1,5-1-2,170.2
20260328_下関_1,2026-03-28,下関,1,6-1-2,1110.0
20260328_下関_1,2026-03-28,下関,1,1-2-4,46.0
20260328_下関_1,2026-03-28,下関,1,2-1-4,74.6
20260328_下関_1,2026-03-28,下関,1,3-1-4,94.6
20260328_下関_1,2026-03-28,下関,1,4-1-3,80.6
20260328_下関_1,2026-03-28,下関,1,5-1-3,233.6
20260328_下関_1,2026-03-28,下関,1,6-1-3,1092.0
20260328_下関_1,2026-03-28,下関,1,1-2-5,67.5
20260328_下関_1,2026-03-28,下関,1,2-1-5,89.8
20260328_下関_1,2026-03-28,下関,1,3-1-5,121.6
20260328_下関_1,2026-03-28,下関,1,4-1-5,44.8
20260328_下関_1,2026-03-28,下関,1,5-1-4,144.1
20260328_下関_1,2026-03-28,下関,1,6-1-4,978.0
20260328_下関_1,2026-03-28,下関,1,1-2-6,171.7
20260328_下関_1,2026-03-28,下関,1,2-1-6,257.4
20260328_下関_1,2026-03-28,下関,1,3-1-6,269.1
20260328_下関_1,2026-03-28,下関,1,4-1-6,70.8
20260328_下関_1,2026-03-28,下関,1,5-1-6,226.7
20260328_下関_1,2026-03-28,下関,1,6-1-5,929.4
20260328_下関_1,2026-03-28,下関,1,1-3-2,77.9
20260328_下関_1,2026-03-28,下関,1,2-3-1,147.4
20260328_下関_1,2026-03-28,下関,1,3-2-1,194.7
20260328_下関_1,2026-03-28,下関,1,4-2-1,92.8
20260328_下関_1,2026-03-28,下関,1,5-2-1,153.1
20260328_下関_1,2026-03-28,下関,1,6-2-1,1284.0
20260328_下関_1,2026-03-28,下関,1,1-3-4,44.0
20260328_下関_1,2026-03-28,下関,1,2-3-4,42.0
20260328_下関_1,2026-03-28,下関,1,3-2-4,52.8
20260328_下関_1,2026-03-28,下関,1,4-2-3,51.7
20260328_下関_1,2026-03-28,下関,1,5-2-3,84.8
20260328_下関_1,2026-03-28,下関,1,6-2-3,1023.0
20260328_下関_1,2026-03-28,下関,1,1-3-5,68.7
20260328_下関_1,2026-03-28,下関,1,2-3-5,38.2
20260328_下関_1,2026-03-28,下関,1,3-2-5,52.8
20260328_下関_1,2026-03-28,下関,1,4-2-5,28.5
20260328_下関_1,2026-03-28,下関,1,5-2-4,41.0
20260328_下関_1,2026-03-28,下関,1,6-2-4,451.9
20260328_下関_1,2026-03-28,下関,1,1-3-6,177.5
20260328_下関_1,2026-03-28,下関,1,2-3-6,116.9
20260328_下関_1,2026-03-28,下関,1,3-2-6,154.7
20260328_下関_1,2026-03-28,下関,1,4-2-6,64.2
20260328_下関_1,2026-03-28,下関,1,5-2-6,96.4
20260328_下関_1,2026-03-28,下関,1,6-2-5,468.0
20260328_下関_1,2026-03-28,下関,1,1-4-2,44.7
20260328_下関_1,2026-03-28,下関,1,2-4-1,93.4
20260328_下関_1,2026-03-28,下関,1,3-4-1,88.1
20260328_下関_1,2026-03-28,下関,1,4-3-1,102.3
20260328_下関_1,2026-03-28,下関,1,5-3-1,274.1
20260328_下関_1,2026-03-28,下関,1,6-3-1,1110.0
20260328_下関_1,2026-03-28,下関,1,1-4-3,43.7
20260328_下関_1,2026-03-28,下関,1,2-4-3,42.2
20260328_下関_1,2026-03-28,下関,1,3-4-2,63.6
20260328_下関_1,2026-03-28,下関,1,4-3-2,67.6
20260328_下関_1,2026-03-28,下関,1,5-3-2,110.0
20260328_下関_1,2026-03-28,下関,1,6-3-2,1170.0
20260328_下関_1,2026-03-28,下関,1,1-4-5,34.8
20260328_下関_1,2026-03-28,下関,1,2-4-5,22.9
20260328_下関_1,2026-03-28,下関,1,3-4-5,43.4
20260328_下関_1,2026-03-28,下関,1,4-3-5,40.1
20260328_下関_1,2026-03-28,下関,1,5-3-4,102.1
20260328_下関_1,2026-03-28,下関,1,6-3-4,728.1
20260328_下関_1,2026-03-28,下関,1,1-4-6,66.1
20260328_下関_1,2026-03-28,下関,1,2-4-6,70.9
20260328_下関_1,2026-03-28,下関,1,3-4-6,84.9
20260328_下関_1,2026-03-28,下関,1,4-3-6,62.1
20260328_下関_1,2026-03-28,下関,1,5-3-6,204.4
20260328_下関_1,2026-03-28,下関,1,6-3-5,682.5
20260328_下関_1,2026-03-28,下関,1,1-5-2,94.6
20260328_下関_1,2026-03-28,下関,1,2-5-1,100.8
20260328_下関_1,2026-03-28,下関,1,3-5-1,156.3
20260328_下関_1,2026-03-28,下関,1,4-5-1,46.7
20260328_下関_1,2026-03-28,下関,1,5-4-1,92.4
20260328_下関_1,2026-03-28,下関,1,6-4-1,757.5
20260328_下関_1,2026-03-28,下関,1,1-5-3,123.2
20260328_下関_1,2026-03-28,下関,1,2-5-3,50.9
20260328_下関_1,2026-03-28,下関,1,3-5-2,64.7
20260328_下関_1,2026-03-28,下関,1,4-5-2,20.5
20260328_下関_1,2026-03-28,下関,1,5-4-2,30.9
20260328_下関_1,2026-03-28,下関,1,6-4-2,420.0
20260328_下関_1,2026-03-28,下関,1,1-5-4,77.5
20260328_下関_1,2026-03-28,下関,1,2-5-4,31.3
20260328_下関_1,2026-03-28,下関,1,3-5-4,60.5
20260328_下関_1,2026-03-28,下関,1,4-5-3,44.7
20260328_下関_1,2026-03-28,下関,1,5-4-3,79.2
20260328_下関_1,2026-03-28,下関,1,6-4-3,708.4
20260328_下関_1,2026-03-28,下関,1,1-5-6,153.2
20260328_下関_1,2026-03-28,下関,1,2-5-6,85.3
20260328_下関_1,2026-03-28,下関,1,3-5-6,138.9
20260328_下関_1,2026-03-28,下関,1,4-5-6,28.5
20260328_下関_1,2026-03-28,下関,1,5-4-6,46.2
20260328_下関_1,2026-03-28,下関,1,6-4-5,277.0
20260328_下関_1,2026-03-28,下関,1,1-6-2,344.8
20260328_下関_1,2026-03-28,下関,1,2-6-1,398.3
20260328_下関_1,2026-03-28,下関,1,3-6-1,537.1
20260328_下関_1,2026-03-28,下関,1,4-6-1,147.5
20260328_下関_1,2026-03-28,下関,1,5-6-1,284.2
20260328_下関_1,2026-03-28,下関,1,6-5-1,956.6
20260328_下関_1,2026-03-28,下関,1,1-6-3,409.5
20260328_下関_1,2026-03-28,下関,1,2-6-3,382.0
20260328_下関_1,2026-03-28,下関,1,3-6-2,436.8
20260328_下関_1,2026-03-28,下関,1,4-6-2,148.0
20260328_下関_1,2026-03-28,下関,1,5-6-2,165.4
20260328_下関_1,2026-03-28,下関,1,6-5-2,468.0
20260328_下関_1,2026-03-28,下関,1,1-6-4,232.7
20260328_下関_1,2026-03-28,下関,1,2-6-4,219.5
20260328_下関_1,2026-03-28,下関,1,3-6-4,273.6
20260328_下関_1,2026-03-28,下関,1,4-6-3,145.4
20260328_下関_1,2026-03-28,下関,1,5-6-3,287.4
20260328_下関_1,2026-03-28,下関,1,6-5-3,593.0
20260328_下関_1,2026-03-28,下関,1,1-6-5,315.8
20260328_下関_1,2026-03-28,下関,1,2-6-5,222.5
20260328_下関_1,2026-03-28,下関,1,3-6-5,303.3
20260328_下関_1,2026-03-28,下関,1,4-6-5,79.2
20260328_下関_1,2026-03-28,下関,1,5-6-4,105.0
20260328_下関_1,2026-03-28,下関,1,6-5-4,295.8
20260328_下関_2,2026-03-28,下関,2,1-2-3,18.5
20260328_下関_2,2026-03-28,下関,2,2-1-3,103.0
20260328_下関_2,2026-03-28,下関,2,3-1-2,294.6
20260328_下関_2,2026-03-28,下関,2,4-1-2,46.9
20260328_下関_2,2026-03-28,下関,2,5-1-2,181.5
20260328_下関_2,2026-03-28,下関,2,6-1-2,581.8
20260328_下関_2,2026-03-28,下関,2,1-2-4,6.9
20260328_下関_2,2026-03-28,下関,2,2-1-4,42.1
20260328_下関_2,2026-03-28,下関,2,3-1-4,198.4
20260328_下関_2,2026-03-28,下関,2,4-1-3,101.2
20260328_下関_2,2026-03-28,下関,2,5-1-3,364.6
20260328_下関_2,2026-03-28,下関,2,6-1-3,1149.0
20260328_下関_2,2026-03-28,下関,2,1-2-5,15.0
20260328_下関_2,2026-03-28,下関,2,2-1-5,81.2
20260328_下関_2,2026-03-28,下関,2,3-1-5,300.5
20260328_下関_2,2026-03-28,下関,2,4-1-5,28.2
20260328_下関_2,2026-03-28,下関,2,5-1-4,86.5
20260328_下関_2,2026-03-28,下関,2,6-1-4,654.2
20260328_下関_2,2026-03-28,下関,2,1-2-6,44.9
20260328_下関_2,2026-03-28,下関,2,2-1-6,170.0
20260328_下関_2,2026-03-28,下関,2,3-1-6,555.8
20260328_下関_2,2026-03-28,下関,2,4-1-6,59.7
20260328_下関_2,2026-03-28,下関,2,5-1-6,195.0
20260328_下関_2,2026-03-28,下関,2,6-1-5,794.9
20260328_下関_2,2026-03-28,下関,2,1-3-2,27.8
20260328_下関_2,2026-03-28,下関,2,2-3-1,279.6
20260328_下関_2,2026-03-28,下関,2,3-2-1,380.8
20260328_下関_2,2026-03-28,下関,2,4-2-1,101.1
20260328_下関_2,2026-03-28,下関,2,5-2-1,306.5
20260328_下関_2,2026-03-28,下関,2,6-2-1,701.2
20260328_下関_2,2026-03-28,下関,2,1-3-4,19.7
20260328_下関_2,2026-03-28,下関,2,2-3-4,231.3
20260328_下関_2,2026-03-28,下関,2,3-2-4,287.2
20260328_下関_2,2026-03-28,下関,2,4-2-3,242.0
20260328_下関_2,2026-03-28,下関,2,5-2-3,411.8
20260328_下関_2,2026-03-28,下関,2,6-2-3,1409.0
20260328_下関_2,2026-03-28,下関,2,1-3-5,37.9
20260328_下関_2,2026-03-28,下関,2,2-3-5,272.9
20260328_下関_2,2026-03-28,下関,2,3-2-5,325.5
20260328_下関_2,2026-03-28,下関,2,4-2-5,90.4
20260328_下関_2,2026-03-28,下関,2,5-2-4,245.4
20260328_下関_2,2026-03-28,下関,2,6-2-4,676.9
20260328_下関_2,2026-03-28,下関,2,1-3-6,97.4
20260328_下関_2,2026-03-28,下関,2,2-3-6,506.4
20260328_下関_2,2026-03-28,下関,2,3-2-6,584.3
20260328_下関_2,2026-03-28,下関,2,4-2-6,153.4
20260328_下関_2,2026-03-28,下関,2,5-2-6,369.5
20260328_下関_2,2026-03-28,下関,2,6-2-5,949.5
20260328_下関_2,2026-03-28,下関,2,1-4-2,9.9
20260328_下関_2,2026-03-28,下関,2,2-4-1,112.2
20260328_下関_2,2026-03-28,下関,2,3-4-1,301.8
20260328_下関_2,2026-03-28,下関,2,4-3-1,243.3
20260328_下関_2,2026-03-28,下関,2,5-3-1,743.1
20260328_下関_2,2026-03-28,下関,2,6-3-1,1775.0
20260328_下関_2,2026-03-28,下関,2,1-4-3,18.1
20260328_下関_2,2026-03-28,下関,2,2-4-3,220.1
20260328_下関_2,2026-03-28,下関,2,3-4-2,389.5
20260328_下関_2,2026-03-28,下関,2,4-3-2,343.5
20260328_下関_2,2026-03-28,下関,2,5-3-2,660.5
20260328_下関_2,2026-03-28,下関,2,6-3-2,2010.0
20260328_下関_2,2026-03-28,下関,2,1-4-5,10.3
20260328_下関_2,2026-03-28,下関,2,2-4-5,114.1
20260328_下関_2,2026-03-28,下関,2,3-4-5,223.4
20260328_下関_2,2026-03-28,下関,2,4-3-5,231.3
20260328_下関_2,2026-03-28,下関,2,5-3-4,483.1
20260328_下関_2,2026-03-28,下関,2,6-3-4,1470.0
20260328_下関_2,2026-03-28,下関,2,1-4-6,31.3
20260328_下関_2,2026-03-28,下関,2,2-4-6,220.5
20260328_下関_2,2026-03-28,下関,2,3-4-6,411.8
20260328_下関_2,2026-03-28,下関,2,4-3-6,445.4
20260328_下関_2,2026-03-28,下関,2,5-3-6,956.2
20260328_下関_2,2026-03-28,下関,2,6-3-5,2278.0
20260328_下関_2,2026-03-28,下関,2,1-5-2,31.7
20260328_下関_2,2026-03-28,下関,2,2-5-1,214.3
20260328_下関_2,2026-03-28,下関,2,3-5-1,546.9
20260328_下関_2,2026-03-28,下関,2,4-5-1,37.4
20260328_下関_2,2026-03-28,下関,2,5-4-1,97.8
20260328_下関_2,2026-03-28,下関,2,6-4-1,654.2
20260328_下関_2,2026-03-28,下関,2,1-5-3,59.0
20260328_下関_2,2026-03-28,下関,2,2-5-3,310.0
20260328_下関_2,2026-03-28,下関,2,3-5-2,490.1
20260328_下関_2,2026-03-28,下関,2,4-5-2,72.4
20260328_下関_2,2026-03-28,下関,2,5-4-2,167.9
20260328_下関_2,2026-03-28,下関,2,6-4-2,500.8
20260328_下関_2,2026-03-28,下関,2,1-5-4,19.1
20260328_下関_2,2026-03-28,下関,2,2-5-4,171.1
20260328_下関_2,2026-03-28,下関,2,3-5-4,347.0
20260328_下関_2,2026-03-28,下関,2,4-5-3,159.1
20260328_下関_2,2026-03-28,下関,2,5-4-3,333.5
20260328_下関_2,2026-03-28,下関,2,6-4-3,1266.0
20260328_下関_2,2026-03-28,下関,2,1-5-6,60.9
20260328_下関_2,2026-03-28,下関,2,2-5-6,302.5
20260328_下関_2,2026-03-28,下関,2,3-5-6,562.7
20260328_下関_2,2026-03-28,下関,2,4-5-6,46.7
20260328_下関_2,2026-03-28,下関,2,5-4-6,111.2
20260328_下関_2,2026-03-28,下関,2,6-4-5,423.3
20260328_下関_2,2026-03-28,下関,2,1-6-2,113.8
20260328_下関_2,2026-03-28,下関,2,2-6-1,458.8
20260328_下関_2,2026-03-28,下関,2,3-6-1,1043.0
20260328_下関_2,2026-03-28,下関,2,4-6-1,127.9
20260328_下関_2,2026-03-28,下関,2,5-6-1,410.6
20260328_下関_2,2026-03-28,下関,2,6-5-1,943.0
20260328_下関_2,2026-03-28,下関,2,1-6-3,252.7
20260328_下関_2,2026-03-28,下関,2,2-6-3,701.2
20260328_下関_2,2026-03-28,下関,2,3-6-2,1120.0
20260328_下関_2,2026-03-28,下関,2,4-6-2,195.6
20260328_下関_2,2026-03-28,下関,2,5-6-2,544.7
20260328_下関_2,2026-03-28,下関,2,6-5-2,1381.0
20260328_下関_2,2026-03-28,下関,2,1-6-4,96.2
20260328_下関_2,2026-03-28,下関,2,2-6-4,379.8
20260328_下関_2,2026-03-28,下関,2,3-6-4,676.9
20260328_下関_2,2026-03-28,下関,2,4-6-3,474.7
20260328_下関_2,2026-03-28,下関,2,5-6-3,1043.0
20260328_下関_2,2026-03-28,下関,2,6-5-3,1775.0
20260328_下関_2,2026-03-28,下関,2,1-6-5,142.5
20260328_下関_2,2026-03-28,下関,2,2-6-5,458.8
20260328_下関_2,2026-03-28,下関,2,3-6-5,751.3
20260328_下関_2,2026-03-28,下関,2,4-6-5,99.2
20260328_下関_2,2026-03-28,下関,2,5-6-4,262.4
20260328_下関_2,2026-03-28,下関,2,6-5-4,549.1
20260328_下関_3,2026-03-28,下関,3,1-2-3,26.8
20260328_下関_3,2026-03-28,下関,3,2-1-3,20.0
20260328_下関_3,2026-03-28,下関,3,3-1-2,67.8
20260328_下関_3,2026-03-28,下関,3,4-1-2,113.1
20260328_下関_3,2026-03-28,下関,3,5-1-2,1089.0
20260328_下関_3,2026-03-28,下関,3,6-1-2,156.1
20260328_下関_3,2026-03-28,下関,3,1-2-4,33.0
20260328_下関_3,2026-03-28,下関,3,2-1-4,33.5
20260328_下関_3,2026-03-28,下関,3,3-1-4,97.4
20260328_下関_3,2026-03-28,下関,3,4-1-3,175.6
20260328_下関_3,2026-03-28,下関,3,5-1-3,1164.0
20260328_下関_3,2026-03-28,下関,3,6-1-3,195.9
20260328_下関_3,2026-03-28,下関,3,1-2-5,170.3
20260328_下関_3,2026-03-28,下関,3,2-1-5,156.8
20260328_下関_3,2026-03-28,下関,3,3-1-5,375.6
20260328_下関_3,2026-03-28,下関,3,4-1-5,300.1
20260328_下関_3,2026-03-28,下関,3,5-1-4,1040.0
20260328_下関_3,2026-03-28,下関,3,6-1-4,180.3
20260328_下関_3,2026-03-28,下関,3,1-2-6,24.3
20260328_下関_3,2026-03-28,下関,3,2-1-6,23.9
20260328_下関_3,2026-03-28,下関,3,3-1-6,52.7
20260328_下関_3,2026-03-28,下関,3,4-1-6,90.7
20260328_下関_3,2026-03-28,下関,3,5-1-6,823.0
20260328_下関_3,2026-03-28,下関,3,6-1-5,740.7
20260328_下関_3,2026-03-28,下関,3,1-3-2,34.3
20260328_下関_3,2026-03-28,下関,3,2-3-1,45.3
20260328_下関_3,2026-03-28,下関,3,3-2-1,74.6
20260328_下関_3,2026-03-28,下関,3,4-2-1,86.0
20260328_下関_3,2026-03-28,下関,3,5-2-1,1210.0
20260328_下関_3,2026-03-28,下関,3,6-2-1,138.1
20260328_下関_3,2026-03-28,下関,3,1-3-4,58.6
20260328_下関_3,2026-03-28,下関,3,2-3-4,26.5
20260328_下関_3,2026-03-28,下関,3,3-2-4,56.5
20260328_下関_3,2026-03-28,下関,3,4-2-3,65.3
20260328_下関_3,2026-03-28,下関,3,5-2-3,591.6
20260328_下関_3,2026-03-28,下関,3,6-2-3,88.0
20260328_下関_3,2026-03-28,下関,3,1-3-5,268.3
20260328_下関_3,2026-03-28,下関,3,2-3-5,143.1
20260328_下関_3,2026-03-28,下関,3,3-2-5,214.3
20260328_下関_3,2026-03-28,下関,3,4-2-5,188.5
20260328_下関_3,2026-03-28,下関,3,5-2-4,841.7
20260328_下関_3,2026-03-28,下関,3,6-2-4,65.7
20260328_下関_3,2026-03-28,下関,3,1-3-6,36.9
20260328_下関_3,2026-03-28,下関,3,2-3-6,15.1
20260328_下関_3,2026-03-28,下関,3,3-2-6,32.6
20260328_下関_3,2026-03-28,下関,3,4-2-6,27.5
20260328_下関_3,2026-03-28,下関,3,5-2-6,675.8
20260328_下関_3,2026-03-28,下関,3,6-2-5,384.2
20260328_下関_3,2026-03-28,下関,3,1-4-2,58.9
20260328_下関_3,2026-03-28,下関,3,2-4-1,52.3
20260328_下関_3,2026-03-28,下関,3,3-4-1,173.2
20260328_下関_3,2026-03-28,下関,3,4-3-1,234.7
20260328_下関_3,2026-03-28,下関,3,5-3-1,1402.0
20260328_下関_3,2026-03-28,下関,3,6-3-1,228.6
20260328_下関_3,2026-03-28,下関,3,1-4-3,92.0
20260328_下関_3,2026-03-28,下関,3,2-4-3,37.2
20260328_下関_3,2026-03-28,下関,3,3-4-2,93.6
20260328_下関_3,2026-03-28,下関,3,4-3-2,109.9
20260328_下関_3,2026-03-28,下関,3,5-3-2,685.8
20260328_下関_3,2026-03-28,下関,3,6-3-2,95.0
20260328_下関_3,2026-03-28,下関,3,1-4-5,240.5
20260328_下関_3,2026-03-28,下関,3,2-4-5,151.6
20260328_下関_3,2026-03-28,下関,3,3-4-5,292.0
20260328_下関_3,2026-03-28,下関,3,4-3-5,323.7
20260328_下関_3,2026-03-28,下関,3,5-3-4,1052.0
20260328_下関_3,2026-03-28,下関,3,6-3-4,107.1
20260328_下関_3,2026-03-28,下関,3,1-4-6,61.1
20260328_下関_3,2026-03-28,下関,3,2-4-6,20.7
20260328_下関_3,2026-03-28,下関,3,3-4-6,68.0
20260328_下関_3,2026-03-28,下関,3,4-3-6,89.7
20260328_下関_3,2026-03-28,下関,3,5-3-6,881.8
20260328_下関_3,2026-03-28,下関,3,6-3-5,514.4
20260328_下関_3,2026-03-28,下関,3,1-5-2,396.5
20260328_下関_3,2026-03-28,下関,3,2-5-1,421.8
20260328_下関_3,2026-03-28,下関,3,3-5-1,758.9
20260328_下関_3,2026-03-28,下関,3,4-5-1,366.7
20260328_下関_3,2026-03-28,下関,3,5-4-1,1028.0
20260328_下関_3,2026-03-28,下関,3,6-4-1,155.8
20260328_下関_3,2026-03-28,下関,3,1-5-3,593.5
20260328_下関_3,2026-03-28,下関,3,2-5-3,397.3
20260328_下関_3,2026-03-28,下関,3,3-5-2,580.5
20260328_下関_3,2026-03-28,下関,3,4-5-2,255.7
20260328_下関_3,2026-03-28,下関,3,5-4-2,706.8
20260328_下関_3,2026-03-28,下関,3,6-4-2,58.5
20260328_下関_3,2026-03-28,下関,3,1-5-4,566.3
20260328_下関_3,2026-03-28,下関,3,2-5-4,352.0
20260328_下関_3,2026-03-28,下関,3,3-5-4,538.3
20260328_下関_3,2026-03-28,下関,3,4-5-3,377.9
20260328_下関_3,2026-03-28,下関,3,5-4-3,940.0
20260328_下関_3,2026-03-28,下関,3,6-4-3,104.2
20260328_下関_3,2026-03-28,下関,3,1-5-6,438.8
20260328_下関_3,2026-03-28,下関,3,2-5-6,282.2
20260328_下関_3,2026-03-28,下関,3,3-5-6,382.6
20260328_下関_3,2026-03-28,下関,3,4-5-6,171.9
20260328_下関_3,2026-03-28,下関,3,5-4-6,440.9
20260328_下関_3,2026-03-28,下関,3,6-4-5,224.4
20260328_下関_3,2026-03-28,下関,3,1-6-2,59.3
20260328_下関_3,2026-03-28,下関,3,2-6-1,51.7
20260328_下関_3,2026-03-28,下関,3,3-6-1,94.5
20260328_下関_3,2026-03-28,下関,3,4-6-1,75.1
20260328_下関_3,2026-03-28,下関,3,5-6-1,944.8
20260328_下関_3,2026-03-28,下関,3,6-5-1,995.6
20260328_下関_3,2026-03-28,下関,3,1-6-3,97.3
20260328_下関_3,2026-03-28,下関,3,2-6-3,25.8
20260328_下関_3,2026-03-28,下関,3,3-6-2,50.4
20260328_下関_3,2026-03-28,下関,3,4-6-2,29.7
20260328_下関_3,2026-03-28,下関,3,5-6-2,688.4
20260328_下関_3,2026-03-28,下関,3,6-5-2,647.5
20260328_下関_3,2026-03-28,下関,3,1-6-4,99.9
20260328_下関_3,2026-03-28,下関,3,2-6-4,23.0
20260328_下関_3,2026-03-28,下関,3,3-6-4,71.0
20260328_下関_3,2026-03-28,下関,3,4-6-3,68.3
20260328_下関_3,2026-03-28,下関,3,5-6-3,869.4
20260328_下関_3,2026-03-28,下関,3,6-5-3,794.7
20260328_下関_3,2026-03-28,下関,3,1-6-5,272.7
20260328_下関_3,2026-03-28,下関,3,2-6-5,146.8
20260328_下関_3,2026-03-28,下関,3,3-6-5,218.3
20260328_下関_3,2026-03-28,下関,3,4-6-5,113.6
20260328_下関_3,2026-03-28,下関,3,5-6-4,514.4
20260328_下関_3,2026-03-28,下関,3,6-5-4,445.1
20260328_下関_4,2026-03-28,下関,4,1-2-3,14.5
20260328_下関_4,2026-03-28,下関,4,2-1-3,20.7
20260328_下関_4,2026-03-28,下関,4,3-1-2,21.8
20260328_下関_4,2026-03-28,下関,4,4-1-2,295.2
20260328_下関_4,2026-03-28,下関,4,5-1-2,1191.0
20260328_下関_4,2026-03-28,下関,4,6-1-2,301.2
20260328_下関_4,2026-03-28,下関,4,1-2-4,65.7
20260328_下関_4,2026-03-28,下関,4,2-1-4,80.6
20260328_下関_4,2026-03-28,下関,4,3-1-4,15.8
20260328_下関_4,2026-03-28,下関,4,4-1-3,173.3
20260328_下関_4,2026-03-28,下関,4,5-1-3,614.9
20260328_下関_4,2026-03-28,下関,4,6-1-3,141.1
20260328_下関_4,2026-03-28,下関,4,1-2-5,158.1
20260328_下関_4,2026-03-28,下関,4,2-1-5,191.9
20260328_下関_4,2026-03-28,下関,4,3-1-5,43.7
20260328_下関_4,2026-03-28,下関,4,4-1-5,352.3
20260328_下関_4,2026-03-28,下関,4,5-1-4,873.7
20260328_下関_4,2026-03-28,下関,4,6-1-4,380.1
20260328_下関_4,2026-03-28,下関,4,1-2-6,54.2
20260328_下関_4,2026-03-28,下関,4,2-1-6,63.3
20260328_下関_4,2026-03-28,下関,4,3-1-6,11.6
20260328_下関_4,2026-03-28,下関,4,4-1-6,190.2
20260328_下関_4,2026-03-28,下関,4,5-1-6,828.7
20260328_下関_4,2026-03-28,下関,4,6-1-5,601.5
20260328_下関_4,2026-03-28,下関,4,1-3-2,12.3
20260328_下関_4,2026-03-28,下関,4,2-3-1,29.6
20260328_下関_4,2026-03-28,下関,4,3-2-1,40.3
20260328_下関_4,2026-03-28,下関,4,4-2-1,441.8
20260328_下関_4,2026-03-28,下関,4,5-2-1,1557.0
20260328_下関_4,2026-03-28,下関,4,6-2-1,497.6
20260328_下関_4,2026-03-28,下関,4,1-3-4,16.4
20260328_下関_4,2026-03-28,下関,4,2-3-4,53.9
20260328_下関_4,2026-03-28,下関,4,3-2-4,50.9
20260328_下関_4,2026-03-28,下関,4,4-2-3,306.0
20260328_下関_4,2026-03-28,下関,4,5-2-3,932.8
20260328_下関_4,2026-03-28,下関,4,6-2-3,309.4
20260328_下関_4,2026-03-28,下関,4,1-3-5,41.3
20260328_下関_4,2026-03-28,下関,4,2-3-5,96.8
20260328_下関_4,2026-03-28,下関,4,3-2-5,101.1
20260328_下関_4,2026-03-28,下関,4,4-2-5,588.7
20260328_下関_4,2026-03-28,下関,4,5-2-4,1156.0
20260328_下関_4,2026-03-28,下関,4,6-2-4,554.8
20260328_下関_4,2026-03-28,下関,4,1-3-6,13.5
20260328_下関_4,2026-03-28,下関,4,2-3-6,37.1
20260328_下関_4,2026-03-28,下関,4,3-2-6,35.6
20260328_下関_4,2026-03-28,下関,4,4-2-6,320.7
20260328_下関_4,2026-03-28,下関,4,5-2-6,1142.0
20260328_下関_4,2026-03-28,下関,4,6-2-5,865.8
20260328_下関_4,2026-03-28,下関,4,1-4-2,104.9
20260328_下関_4,2026-03-28,下関,4,2-4-1,240.7
20260328_下関_4,2026-03-28,下関,4,3-4-1,39.4
20260328_下関_4,2026-03-28,下関,4,4-3-1,164.0
20260328_下関_4,2026-03-28,下関,4,5-3-1,737.0
20260328_下関_4,2026-03-28,下関,4,6-3-1,121.9
20260328_下関_4,2026-03-28,下関,4,1-4-3,58.9
20260328_下関_4,2026-03-28,下関,4,2-4-3,131.6
20260328_下関_4,2026-03-28,下関,4,3-4-2,62.0
20260328_下関_4,2026-03-28,下関,4,4-3-2,234.0
20260328_下関_4,2026-03-28,下関,4,5-3-2,985.1
20260328_下関_4,2026-03-28,下関,4,6-3-2,213.3
20260328_下関_4,2026-03-28,下関,4,1-4-5,205.8
20260328_下関_4,2026-03-28,下関,4,2-4-5,509.4
20260328_下関_4,2026-03-28,下関,4,3-4-5,72.6
20260328_下関_4,2026-03-28,下関,4,4-3-5,278.2
20260328_下関_4,2026-03-28,下関,4,5-3-4,757.2
20260328_下関_4,2026-03-28,下関,4,6-3-4,172.2
20260328_下関_4,2026-03-28,下関,4,1-4-6,103.9
20260328_下関_4,2026-03-28,下関,4,2-4-6,231.2
20260328_下関_4,2026-03-28,下関,4,3-4-6,26.3
20260328_下関_4,2026-03-28,下関,4,4-3-6,120.3
20260328_下関_4,2026-03-28,下関,4,5-3-6,581.6
20260328_下関_4,2026-03-28,下関,4,6-3-5,329.5
20260328_下関_4,2026-03-28,下関,4,1-5-2,285.6
20260328_下関_4,2026-03-28,下関,4,2-5-1,601.5
20260328_下関_4,2026-03-28,下関,4,3-5-1,161.1
20260328_下関_4,2026-03-28,下関,4,4-5-1,472.1
20260328_下関_4,2026-03-28,下関,4,5-4-1,865.8
20260328_下関_4,2026-03-28,下関,4,6-4-1,519.0
20260328_下関_4,2026-03-28,下関,4,1-5-3,182.1
20260328_下関_4,2026-03-28,下関,4,2-5-3,368.5
20260328_下関_4,2026-03-28,下関,4,3-5-2,222.2
20260328_下関_4,2026-03-28,下関,4,4-5-2,647.9
20260328_下関_4,2026-03-28,下関,4,5-4-2,1097.0
20260328_下関_4,2026-03-28,下関,4,6-4-2,531.9
20260328_下関_4,2026-03-28,下関,4,1-5-4,328.9
20260328_下関_4,2026-03-28,下関,4,2-5-4,694.5
20260328_下関_4,2026-03-28,下関,4,3-5-4,117.9
20260328_下関_4,2026-03-28,下関,4,4-5-3,439.8
20260328_下関_4,2026-03-28,下関,4,5-4-3,818.1
20260328_下関_4,2026-03-28,下関,4,6-4-3,230.9
20260328_下関_4,2026-03-28,下関,4,1-5-6,274.6
20260328_下関_4,2026-03-28,下関,4,2-5-6,603.4
20260328_下関_4,2026-03-28,下関,4,3-5-6,97.2
20260328_下関_4,2026-03-28,下関,4,4-5-6,392.4
20260328_下関_4,2026-03-28,下関,4,5-4-6,858.1
20260328_下関_4,2026-03-28,下関,4,6-4-5,778.6
20260328_下関_4,2026-03-28,下関,4,1-6-2,119.0
20260328_下関_4,2026-03-28,下関,4,2-6-1,215.2
20260328_下関_4,2026-03-28,下関,4,3-6-1,29.1
20260328_下関_4,2026-03-28,下関,4,4-6-1,243.8
20260328_下関_4,2026-03-28,下関,4,5-6-1,1032.0
20260328_下関_4,2026-03-28,下関,4,6-5-1,1021.0
20260328_下関_4,2026-03-28,下関,4,1-6-3,55.4
20260328_下関_4,2026-03-28,下関,4,2-6-3,128.3
20260328_下関_4,2026-03-28,下関,4,3-6-2,48.6
20260328_下関_4,2026-03-28,下関,4,4-6-2,298.9
20260328_下関_4,2026-03-28,下関,4,5-6-2,1287.0
20260328_下関_4,2026-03-28,下関,4,6-5-2,1097.0
20260328_下関_4,2026-03-28,下関,4,1-6-4,124.3
20260328_下関_4,2026-03-28,下関,4,2-6-4,311.9
20260328_下関_4,2026-03-28,下関,4,3-6-4,33.7
20260328_下関_4,2026-03-28,下関,4,4-6-3,169.2
20260328_下関_4,2026-03-28,下関,4,5-6-3,723.1
20260328_下関_4,2026-03-28,下関,4,6-5-3,641.5
20260328_下関_4,2026-03-28,下関,4,1-6-5,231.8
20260328_下関_4,2026-03-28,下関,4,2-6-5,556.4
20260328_下関_4,2026-03-28,下関,4,3-6-5,75.9
20260328_下関_4,2026-03-28,下関,4,4-6-5,346.6
20260328_下関_4,2026-03-28,下関,4,5-6-4,1038.0
20260328_下関_4,2026-03-28,下関,4,6-5-4,985.1
20260328_下関_5,2026-03-28,下関,5,1-2-3,7.3
20260328_下関_5,2026-03-28,下関,5,2-1-3,22.4
20260328_下関_5,2026-03-28,下関,5,3-1-2,71.3
20260328_下関_5,2026-03-28,下関,5,4-1-2,63.2
20260328_下関_5,2026-03-28,下関,5,5-1-2,60.1
20260328_下関_5,2026-03-28,下関,5,6-1-2,1474.0
20260328_下関_5,2026-03-28,下関,5,1-2-4,7.5
20260328_下関_5,2026-03-28,下関,5,2-1-4,20.5
20260328_下関_5,2026-03-28,下関,5,3-1-4,73.2
20260328_下関_5,2026-03-28,下関,5,4-1-3,104.2
20260328_下関_5,2026-03-28,下関,5,5-1-3,106.4
20260328_下関_5,2026-03-28,下関,5,6-1-3,2109.0
20260328_下関_5,2026-03-28,下関,5,1-2-5,12.0
20260328_下関_5,2026-03-28,下関,5,2-1-5,33.4
20260328_下関_5,2026-03-28,下関,5,3-1-5,125.2
20260328_下関_5,2026-03-28,下関,5,4-1-5,131.9
20260328_下関_5,2026-03-28,下関,5,5-1-4,127.7
20260328_下関_5,2026-03-28,下関,5,6-1-4,1556.0
20260328_下関_5,2026-03-28,下関,5,1-2-6,205.3
20260328_下関_5,2026-03-28,下関,5,2-1-6,282.0
20260328_下関_5,2026-03-28,下関,5,3-1-6,569.3
20260328_下関_5,2026-03-28,下関,5,4-1-6,441.7
20260328_下関_5,2026-03-28,下関,5,5-1-6,910.1
20260328_下関_5,2026-03-28,下関,5,6-1-5,2307.0
20260328_下関_5,2026-03-28,下関,5,1-3-2,19.5
20260328_下関_5,2026-03-28,下関,5,2-3-1,36.2
20260328_下関_5,2026-03-28,下関,5,3-2-1,64.2
20260328_下関_5,2026-03-28,下関,5,4-2-1,79.7
20260328_下関_5,2026-03-28,下関,5,5-2-1,101.3
20260328_下関_5,2026-03-28,下関,5,6-2-1,2043.0
20260328_下関_5,2026-03-28,下関,5,1-3-4,27.5
20260328_下関_5,2026-03-28,下関,5,2-3-4,32.2
20260328_下関_5,2026-03-28,下関,5,3-2-4,57.4
20260328_下関_5,2026-03-28,下関,5,4-2-3,113.4
20260328_下関_5,2026-03-28,下関,5,5-2-3,182.7
20260328_下関_5,2026-03-28,下関,5,6-2-3,2254.0
20260328_下関_5,2026-03-28,下関,5,1-3-5,34.0
20260328_下関_5,2026-03-28,下関,5,2-3-5,69.9
20260328_下関_5,2026-03-28,下関,5,3-2-5,116.1
20260328_下関_5,2026-03-28,下関,5,4-2-5,173.1
20260328_下関_5,2026-03-28,下関,5,5-2-4,204.9
20260328_下関_5,2026-03-28,下関,5,6-2-4,2203.0
20260328_下関_5,2026-03-28,下関,5,1-3-6,343.8
20260328_下関_5,2026-03-28,下関,5,2-3-6,258.0
20260328_下関_5,2026-03-28,下関,5,3-2-6,391.1
20260328_下関_5,2026-03-28,下関,5,4-2-6,478.3
20260328_下関_5,2026-03-28,下関,5,5-2-6,1174.0
20260328_下関_5,2026-03-28,下関,5,6-2-5,2563.0
20260328_下関_5,2026-03-28,下関,5,1-4-2,16.5
20260328_下関_5,2026-03-28,下関,5,2-4-1,36.7
20260328_下関_5,2026-03-28,下関,5,3-4-1,96.3
20260328_下関_5,2026-03-28,下関,5,4-3-1,164.0
20260328_下関_5,2026-03-28,下関,5,5-3-1,242.0
20260328_下関_5,2026-03-28,下関,5,6-3-1,2822.0
20260328_下関_5,2026-03-28,下関,5,1-4-3,34.3
20260328_下関_5,2026-03-28,下関,5,2-4-3,42.4
20260328_下関_5,2026-03-28,下関,5,3-4-2,93.2
20260328_下関_5,2026-03-28,下関,5,4-3-2,148.2
20260328_下関_5,2026-03-28,下関,5,5-3-2,299.6
20260328_下関_5,2026-03-28,下関,5,6-3-2,2530.0
20260328_下関_5,2026-03-28,下関,5,1-4-5,42.3
20260328_下関_5,2026-03-28,下関,5,2-4-5,85.6
20260328_下関_5,2026-03-28,下関,5,3-4-5,192.8
20260328_下関_5,2026-03-28,下関,5,4-3-5,322.8
20260328_下関_5,2026-03-28,下関,5,5-3-4,490.3
20260328_下関_5,2026-03-28,下関,5,6-3-4,1303.0
20260328_下関_5,2026-03-28,下関,5,1-4-6,269.2
20260328_下関_5,2026-03-28,下関,5,2-4-6,277.8
20260328_下関_5,2026-03-28,下関,5,3-4-6,419.5
20260328_下関_5,2026-03-28,下関,5,4-3-6,559.6
20260328_下関_5,2026-03-28,下関,5,5-3-6,1713.0
20260328_下関_5,2026-03-28,下関,5,6-3-5,2686.0
20260328_下関_5,2026-03-28,下関,5,1-5-2,17.5
20260328_下関_5,2026-03-28,下関,5,2-5-1,64.1
20260328_下関_5,2026-03-28,下関,5,3-5-1,172.8
20260328_下関_5,2026-03-28,下関,5,4-5-1,233.2
20260328_下関_5,2026-03-28,下関,5,5-4-1,312.3
20260328_下関_5,2026-03-28,下関,5,6-4-1,1932.0
20260328_下関_5,2026-03-28,下関,5,1-5-3,32.5
20260328_下関_5,2026-03-28,下関,5,2-5-3,109.5
20260328_下関_5,2026-03-28,下関,5,3-5-2,206.0
20260328_下関_5,2026-03-28,下関,5,4-5-2,260.1
20260328_下関_5,2026-03-28,下関,5,5-4-2,379.3
20260328_下関_5,2026-03-28,下関,5,6-4-2,1791.0
20260328_下関_5,2026-03-28,下関,5,1-5-4,42.9
20260328_下関_5,2026-03-28,下関,5,2-5-4,123.0
20260328_下関_5,2026-03-28,下関,5,3-5-4,278.2
20260328_下関_5,2026-03-28,下関,5,4-5-3,415.9
20260328_下関_5,2026-03-28,下関,5,5-4-3,646.2
20260328_下関_5,2026-03-28,下関,5,6-4-3,1386.0
20260328_下関_5,2026-03-28,下関,5,1-5-6,326.3
20260328_下関_5,2026-03-28,下関,5,2-5-6,778.3
20260328_下関_5,2026-03-28,下関,5,3-5-6,1057.0
20260328_下関_5,2026-03-28,下関,5,4-5-6,947.5
20260328_下関_5,2026-03-28,下関,5,5-4-6,1089.0
20260328_下関_5,2026-03-28,下関,5,6-4-5,2686.0
20260328_下関_5,2026-03-28,下関,5,1-6-2,628.6
20260328_下関_5,2026-03-28,下関,5,2-6-1,954.4
20260328_下関_5,2026-03-28,下関,5,3-6-1,1569.0
20260328_下関_5,2026-03-28,下関,5,4-6-1,642.0
20260328_下関_5,2026-03-28,下関,5,5-6-1,2001.0
20260328_下関_5,2026-03-28,下関,5,6-5-1,2686.0
20260328_下関_5,2026-03-28,下関,5,1-6-3,1011.0
20260328_下関_5,2026-03-28,下関,5,2-6-3,869.8
20260328_下関_5,2026-03-28,下関,5,3-6-2,1426.0
20260328_下関_5,2026-03-28,下関,5,4-6-2,674.0
20260328_下関_5,2026-03-28,下関,5,5-6-2,2167.0
20260328_下関_5,2026-03-28,下関,5,6-5-2,2563.0
20260328_下関_5,2026-03-28,下関,5,1-6-4,740.1
20260328_下関_5,2026-03-28,下関,5,2-6-4,864.0
20260328_下関_5,2026-03-28,下関,5,3-6-4,914.4
20260328_下関_5,2026-03-28,下関,5,4-6-3,651.6
20260328_下関_5,2026-03-28,下関,5,5-6-3,2254.0
20260328_下関_5,2026-03-28,下関,5,6-5-3,2842.0
20260328_下関_5,2026-03-28,下関,5,1-6-5,1127.0
20260328_下関_5,2026-03-28,下関,5,2-6-5,1352.0
20260328_下関_5,2026-03-28,下関,5,3-6-5,1743.0
20260328_下関_5,2026-03-28,下関,5,4-6-5,883.5
20260328_下関_5,2026-03-28,下関,5,5-6-4,2349.0
20260328_下関_5,2026-03-28,下関,5,6-5-4,3017.0
20260328_下関_6,2026-03-28,下関,6,1-2-3,9.5
20260328_下関_6,2026-03-28,下関,6,2-1-3,15.4
20260328_下関_6,2026-03-28,下関,6,3-1-2,95.4
20260328_下関_6,2026-03-28,下関,6,4-1-2,156.7
20260328_下関_6,2026-03-28,下関,6,5-1-2,312.4
20260328_下関_6,2026-03-28,下関,6,6-1-2,105.1
20260328_下関_6,2026-03-28,下関,6,1-2-4,15.7
20260328_下関_6,2026-03-28,下関,6,2-1-4,25.9
20260328_下関_6,2026-03-28,下関,6,3-1-4,153.1
20260328_下関_6,2026-03-28,下関,6,4-1-3,287.4
20260328_下関_6,2026-03-28,下関,6,5-1-3,575.8
20260328_下関_6,2026-03-28,下関,6,6-1-3,273.9
20260328_下関_6,2026-03-28,下関,6,1-2-5,22.7
20260328_下関_6,2026-03-28,下関,6,2-1-5,30.5
20260328_下関_6,2026-03-28,下関,6,3-1-5,199.5
20260328_下関_6,2026-03-28,下関,6,4-1-5,196.4
20260328_下関_6,2026-03-28,下関,6,5-1-4,519.9
20260328_下関_6,2026-03-28,下関,6,6-1-4,325.2
20260328_下関_6,2026-03-28,下関,6,1-2-6,11.0
20260328_下関_6,2026-03-28,下関,6,2-1-6,16.5
20260328_下関_6,2026-03-28,下関,6,3-1-6,110.9
20260328_下関_6,2026-03-28,下関,6,4-1-6,113.9
20260328_下関_6,2026-03-28,下関,6,5-1-6,286.3
20260328_下関_6,2026-03-28,下関,6,6-1-5,342.5
20260328_下関_6,2026-03-28,下関,6,1-3-2,21.4
20260328_下関_6,2026-03-28,下関,6,2-3-1,41.4
20260328_下関_6,2026-03-28,下関,6,3-2-1,104.6
20260328_下関_6,2026-03-28,下関,6,4-2-1,175.6
20260328_下関_6,2026-03-28,下関,6,5-2-1,343.4
20260328_下関_6,2026-03-28,下関,6,6-2-1,140.6
20260328_下関_6,2026-03-28,下関,6,1-3-4,41.9
20260328_下関_6,2026-03-28,下関,6,2-3-4,52.2
20260328_下関_6,2026-03-28,下関,6,3-2-4,118.7
20260328_下関_6,2026-03-28,下関,6,4-2-3,246.8
20260328_下関_6,2026-03-28,下関,6,5-2-3,569.4
20260328_下関_6,2026-03-28,下関,6,6-2-3,271.3
20260328_下関_6,2026-03-28,下関,6,1-3-5,65.5
20260328_下関_6,2026-03-28,下関,6,2-3-5,68.5
20260328_下関_6,2026-03-28,下関,6,3-2-5,155.1
20260328_下関_6,2026-03-28,下関,6,4-2-5,177.6
20260328_下関_6,2026-03-28,下関,6,5-2-4,471.7
20260328_下関_6,2026-03-28,下関,6,6-2-4,307.3
20260328_下関_6,2026-03-28,下関,6,1-3-6,35.7
20260328_下関_6,2026-03-28,下関,6,2-3-6,38.0
20260328_下関_6,2026-03-28,下関,6,3-2-6,92.8
20260328_下関_6,2026-03-28,下関,6,4-2-6,106.5
20260328_下関_6,2026-03-28,下関,6,5-2-6,227.0
20260328_下関_6,2026-03-28,下関,6,6-2-5,270.4
20260328_下関_6,2026-03-28,下関,6,1-4-2,46.6
20260328_下関_6,2026-03-28,下関,6,2-4-1,88.0
20260328_下関_6,2026-03-28,下関,6,3-4-1,267.6
20260328_下関_6,2026-03-28,下関,6,4-3-1,419.7
20260328_下関_6,2026-03-28,下関,6,5-3-1,994.6
20260328_下関_6,2026-03-28,下関,6,6-3-1,548.7
20260328_下関_6,2026-03-28,下関,6,1-4-3,74.2
20260328_下関_6,2026-03-28,下関,6,2-4-3,95.9
20260328_下関_6,2026-03-28,下関,6,3-4-2,202.2
20260328_下関_6,2026-03-28,下関,6,4-3-2,346.9
20260328_下関_6,2026-03-28,下関,6,5-3-2,955.7
20260328_下関_6,2026-03-28,下関,6,6-3-2,432.4
20260328_下関_6,2026-03-28,下関,6,1-4-5,109.4
20260328_下関_6,2026-03-28,下関,6,2-4-5,121.2
20260328_下関_6,2026-03-28,下関,6,3-4-5,336.9
20260328_下関_6,2026-03-28,下関,6,4-3-5,557.7
20260328_下関_6,2026-03-28,下関,6,5-3-4,1548.0
20260328_下関_6,2026-03-28,下関,6,6-3-4,735.6
20260328_下関_6,2026-03-28,下関,6,1-4-6,62.3
20260328_下関_6,2026-03-28,下関,6,2-4-6,66.2
20260328_下関_6,2026-03-28,下関,6,3-4-6,188.7
20260328_下関_6,2026-03-28,下関,6,4-3-6,279.0
20260328_下関_6,2026-03-28,下関,6,5-3-6,798.4
20260328_下関_6,2026-03-28,下関,6,6-3-5,996.5
20260328_下関_6,2026-03-28,下関,6,1-5-2,71.8
20260328_下関_6,2026-03-28,下関,6,2-5-1,103.3
20260328_下関_6,2026-03-28,下関,6,3-5-1,473.0
20260328_下関_6,2026-03-28,下関,6,4-5-1,142.9
20260328_下関_6,2026-03-28,下関,6,5-4-1,385.1
20260328_下関_6,2026-03-28,下関,6,6-4-1,343.7
20260328_下関_6,2026-03-28,下関,6,1-5-3,147.5
20260328_下関_6,2026-03-28,下関,6,2-5-3,144.2
20260328_下関_6,2026-03-28,下関,6,3-5-2,353.4
20260328_下関_6,2026-03-28,下関,6,4-5-2,140.5
20260328_下関_6,2026-03-28,下関,6,5-4-2,391.9
20260328_下関_6,2026-03-28,下関,6,6-4-2,309.7
20260328_下関_6,2026-03-28,下関,6,1-5-4,164.4
20260328_下関_6,2026-03-28,下関,6,2-5-4,161.5
20260328_下関_6,2026-03-28,下関,6,3-5-4,510.1
20260328_下関_6,2026-03-28,下関,6,4-5-3,315.8
20260328_下関_6,2026-03-28,下関,6,5-4-3,964.7
20260328_下関_6,2026-03-28,下関,6,6-4-3,703.4
20260328_下関_6,2026-03-28,下関,6,1-5-6,92.3
20260328_下関_6,2026-03-28,下関,6,2-5-6,65.7
20260328_下関_6,2026-03-28,下関,6,3-5-6,331.5
20260328_下関_6,2026-03-28,下関,6,4-5-6,97.9
20260328_下関_6,2026-03-28,下関,6,5-4-6,246.6
20260328_下関_6,2026-03-28,下関,6,6-4-5,462.0
20260328_下関_6,2026-03-28,下関,6,1-6-2,28.9
20260328_下関_6,2026-03-28,下関,6,2-6-1,51.7
20260328_下関_6,2026-03-28,下関,6,3-6-1,255.8
20260328_下関_6,2026-03-28,下関,6,4-6-1,125.1
20260328_下関_6,2026-03-28,下関,6,5-6-1,332.8
20260328_下関_6,2026-03-28,下関,6,6-5-1,445.9
20260328_下関_6,2026-03-28,下関,6,1-6-3,68.0
20260328_下関_6,2026-03-28,下関,6,2-6-3,73.3
20260328_下関_6,2026-03-28,下関,6,3-6-2,207.3
20260328_下関_6,2026-03-28,下関,6,4-6-2,117.7
20260328_下関_6,2026-03-28,下関,6,5-6-2,252.3
20260328_下関_6,2026-03-28,下関,6,6-5-2,317.8
20260328_下関_6,2026-03-28,下関,6,1-6-4,84.1
20260328_下関_6,2026-03-28,下関,6,2-6-4,94.5
20260328_下関_6,2026-03-28,下関,6,3-6-4,279.4
20260328_下関_6,2026-03-28,下関,6,4-6-3,261.5
20260328_下関_6,2026-03-28,下関,6,5-6-3,729.3
20260328_下関_6,2026-03-28,下関,6,6-5-3,983.2
20260328_下関_6,2026-03-28,下関,6,1-6-5,108.5
20260328_下関_6,2026-03-28,下関,6,2-6-5,84.8
20260328_下関_6,2026-03-28,下関,6,3-6-5,383.7
20260328_下関_6,2026-03-28,下関,6,4-6-5,133.9
20260328_下関_6,2026-03-28,下関,6,5-6-4,409.0
20260328_下関_6,2026-03-28,下関,6,6-5-4,576.4
20260328_下関_7,2026-03-28,下関,7,1-2-3,32.1
20260328_下関_7,2026-03-28,下関,7,2-1-3,147.1
20260328_下関_7,2026-03-28,下関,7,3-1-2,152.1
20260328_下関_7,2026-03-28,下関,7,4-1-2,665.0
20260328_下関_7,2026-03-28,下関,7,5-1-2,33.6
20260328_下関_7,2026-03-28,下関,7,6-1-2,759.2
20260328_下関_7,2026-03-28,下関,7,1-2-4,134.1
20260328_下関_7,2026-03-28,下関,7,2-1-4,389.5
20260328_下関_7,2026-03-28,下関,7,3-1-4,253.4
20260328_下関_7,2026-03-28,下関,7,4-1-3,569.0
20260328_下関_7,2026-03-28,下関,7,5-1-3,14.9
20260328_下関_7,2026-03-28,下関,7,6-1-3,253.0
20260328_下関_7,2026-03-28,下関,7,1-2-5,20.3
20260328_下関_7,2026-03-28,下関,7,2-1-5,79.3
20260328_下関_7,2026-03-28,下関,7,3-1-5,31.6
20260328_下関_7,2026-03-28,下関,7,4-1-5,250.4
20260328_下関_7,2026-03-28,下関,7,5-1-4,81.6
20260328_下関_7,2026-03-28,下関,7,6-1-4,1267.0
20260328_下関_7,2026-03-28,下関,7,1-2-6,94.8
20260328_下関_7,2026-03-28,下関,7,2-1-6,257.8
20260328_下関_7,2026-03-28,下関,7,3-1-6,73.2
20260328_下関_7,2026-03-28,下関,7,4-1-6,424.7
20260328_下関_7,2026-03-28,下関,7,5-1-6,16.0
20260328_下関_7,2026-03-28,下関,7,6-1-5,225.1
20260328_下関_7,2026-03-28,下関,7,1-3-2,35.3
20260328_下関_7,2026-03-28,下関,7,2-3-1,271.8
20260328_下関_7,2026-03-28,下関,7,3-2-1,269.1
20260328_下関_7,2026-03-28,下関,7,4-2-1,1183.0
20260328_下関_7,2026-03-28,下関,7,5-2-1,60.3
20260328_下関_7,2026-03-28,下関,7,6-2-1,1091.0
20260328_下関_7,2026-03-28,下関,7,1-3-4,98.0
20260328_下関_7,2026-03-28,下関,7,2-3-4,738.3
20260328_下関_7,2026-03-28,下関,7,3-2-4,651.3
20260328_下関_7,2026-03-28,下関,7,4-2-3,1425.0
20260328_下関_7,2026-03-28,下関,7,5-2-3,63.6
20260328_下関_7,2026-03-28,下関,7,6-2-3,1204.0
20260328_下関_7,2026-03-28,下関,7,1-3-5,11.9
20260328_下関_7,2026-03-28,下関,7,2-3-5,132.6
20260328_下関_7,2026-03-28,下関,7,3-2-5,120.6
20260328_下関_7,2026-03-28,下関,7,4-2-5,819.6
20260328_下関_7,2026-03-28,下関,7,5-2-4,248.6
20260328_下関_7,2026-03-28,下関,7,6-2-4,1956.0
20260328_下関_7,2026-03-28,下関,7,1-3-6,48.3
20260328_下関_7,2026-03-28,下関,7,2-3-6,329.0
20260328_下関_7,2026-03-28,下関,7,3-2-6,281.3
20260328_下関_7,2026-03-28,下関,7,4-2-6,1276.0
20260328_下関_7,2026-03-28,下関,7,5-2-6,70.6
20260328_下関_7,2026-03-28,下関,7,6-2-5,710.9
20260328_下関_7,2026-03-28,下関,7,1-4-2,190.7
20260328_下関_7,2026-03-28,下関,7,2-4-1,933.8
20260328_下関_7,2026-03-28,下関,7,3-4-1,539.8
20260328_下関_7,2026-03-28,下関,7,4-3-1,1133.0
20260328_下関_7,2026-03-28,下関,7,5-3-1,25.0
20260328_下関_7,2026-03-28,下関,7,6-3-1,458.5
20260328_下関_7,2026-03-28,下関,7,1-4-3,176.5
20260328_下関_7,2026-03-28,下関,7,2-4-3,1172.0
20260328_下関_7,2026-03-28,下関,7,3-4-2,808.5
20260328_下関_7,2026-03-28,下関,7,4-3-2,1751.0
20260328_下関_7,2026-03-28,下関,7,5-3-2,60.0
20260328_下関_7,2026-03-28,下関,7,6-3-2,1061.0
20260328_下関_7,2026-03-28,下関,7,1-4-5,97.8
20260328_下関_7,2026-03-28,下関,7,2-4-5,767.9
20260328_下関_7,2026-03-28,下関,7,3-4-5,333.3
20260328_下関_7,2026-03-28,下関,7,4-3-5,645.8
20260328_下関_7,2026-03-28,下関,7,5-3-4,160.6
20260328_下関_7,2026-03-28,下関,7,6-3-4,1429.0
20260328_下関_7,2026-03-28,下関,7,1-4-6,209.8
20260328_下関_7,2026-03-28,下関,7,2-4-6,1273.0
20260328_下関_7,2026-03-28,下関,7,3-4-6,531.2
20260328_下関_7,2026-03-28,下関,7,4-3-6,1065.0
20260328_下関_7,2026-03-28,下関,7,5-3-6,26.6
20260328_下関_7,2026-03-28,下関,7,6-3-5,247.2
20260328_下関_7,2026-03-28,下関,7,1-5-2,15.7
20260328_下関_7,2026-03-28,下関,7,2-5-1,116.3
20260328_下関_7,2026-03-28,下関,7,3-5-1,34.1
20260328_下関_7,2026-03-28,下関,7,4-5-1,195.2
20260328_下関_7,2026-03-28,下関,7,5-4-1,141.5
20260328_下関_7,2026-03-28,下関,7,6-4-1,1540.0
20260328_下関_7,2026-03-28,下関,7,1-5-3,9.9
20260328_下関_7,2026-03-28,下関,7,2-5-3,106.7
20260328_下関_7,2026-03-28,下関,7,3-5-2,78.4
20260328_下関_7,2026-03-28,下関,7,4-5-2,417.4
20260328_下関_7,2026-03-28,下関,7,5-4-2,283.9
20260328_下関_7,2026-03-28,下関,7,6-4-2,2015.0
20260328_下関_7,2026-03-28,下関,7,1-5-4,56.4
20260328_下関_7,2026-03-28,下関,7,2-5-4,439.7
20260328_下関_7,2026-03-28,下関,7,3-5-4,166.5
20260328_下関_7,2026-03-28,下関,7,4-5-3,341.2
20260328_下関_7,2026-03-28,下関,7,5-4-3,241.7
20260328_下関_7,2026-03-28,下関,7,6-4-3,1644.0
20260328_下関_7,2026-03-28,下関,7,1-5-6,16.4
20260328_下関_7,2026-03-28,下関,7,2-5-6,150.2
20260328_下関_7,2026-03-28,下関,7,3-5-6,37.8
20260328_下関_7,2026-03-28,下関,7,4-5-6,173.3
20260328_下関_7,2026-03-28,下関,7,5-4-6,119.2
20260328_下関_7,2026-03-28,下関,7,6-4-5,692.5
20260328_下関_7,2026-03-28,下関,7,1-6-2,214.1
20260328_下関_7,2026-03-28,下関,7,2-6-1,606.3
20260328_下関_7,2026-03-28,下関,7,3-6-1,145.1
20260328_下関_7,2026-03-28,下関,7,4-6-1,641.2
20260328_下関_7,2026-03-28,下関,7,5-6-1,24.1
20260328_下関_7,2026-03-28,下関,7,6-5-1,161.9
20260328_下関_7,2026-03-28,下関,7,1-6-3,90.6
20260328_下関_7,2026-03-28,下関,7,2-6-3,667.5
20260328_下関_7,2026-03-28,下関,7,3-6-2,364.9
20260328_下関_7,2026-03-28,下関,7,4-6-2,1130.0
20260328_下関_7,2026-03-28,下関,7,5-6-2,58.7
20260328_下関_7,2026-03-28,下関,7,6-5-2,387.3
20260328_下関_7,2026-03-28,下関,7,1-6-4,338.8
20260328_下関_7,2026-03-28,下関,7,2-6-4,1567.0
20260328_下関_7,2026-03-28,下関,7,3-6-4,527.0
20260328_下関_7,2026-03-28,下関,7,4-6-3,886.0
20260328_下関_7,2026-03-28,下関,7,5-6-3,26.3
20260328_下関_7,2026-03-28,下関,7,6-5-3,138.5
20260328_下関_7,2026-03-28,下関,7,1-6-5,66.5
20260328_下関_7,2026-03-28,下関,7,2-6-5,428.1
20260328_下関_7,2026-03-28,下関,7,3-6-5,92.2
20260328_下関_7,2026-03-28,下関,7,4-6-5,346.2
20260328_下関_7,2026-03-28,下関,7,5-6-4,102.9
20260328_下関_7,2026-03-28,下関,7,6-5-4,455.4
20260328_下関_8,2026-03-28,下関,8,1-2-3,8.0
20260328_下関_8,2026-03-28,下関,8,2-1-3,42.0
20260328_下関_8,2026-03-28,下関,8,3-1-2,13.9
20260328_下関_8,2026-03-28,下関,8,4-1-2,206.6
20260328_下関_8,2026-03-28,下関,8,5-1-2,1039.0
20260328_下関_8,2026-03-28,下関,8,6-1-2,539.7
20260328_下関_8,2026-03-28,下関,8,1-2-4,23.4
20260328_下関_8,2026-03-28,下関,8,2-1-4,118.5
20260328_下関_8,2026-03-28,下関,8,3-1-4,12.7
20260328_下関_8,2026-03-28,下関,8,4-1-3,104.9
20260328_下関_8,2026-03-28,下関,8,5-1-3,625.9
20260328_下関_8,2026-03-28,下関,8,6-1-3,362.8
20260328_下関_8,2026-03-28,下関,8,1-2-5,69.7
20260328_下関_8,2026-03-28,下関,8,2-1-5,229.0
20260328_下関_8,2026-03-28,下関,8,3-1-5,30.4
20260328_下関_8,2026-03-28,下関,8,4-1-5,326.6
20260328_下関_8,2026-03-28,下関,8,5-1-4,1232.0
20260328_下関_8,2026-03-28,下関,8,6-1-4,701.2
20260328_下関_8,2026-03-28,下関,8,1-2-6,66.0
20260328_下関_8,2026-03-28,下関,8,2-1-6,192.0
20260328_下関_8,2026-03-28,下関,8,3-1-6,29.9
20260328_下関_8,2026-03-28,下関,8,4-1-6,286.5
20260328_下関_8,2026-03-28,下関,8,5-1-6,1732.0
20260328_下関_8,2026-03-28,下関,8,6-1-5,1261.0
20260328_下関_8,2026-03-28,下関,8,1-3-2,5.0
20260328_下関_8,2026-03-28,下関,8,2-3-1,62.7
20260328_下関_8,2026-03-28,下関,8,3-2-1,44.4
20260328_下関_8,2026-03-28,下関,8,4-2-1,408.0
20260328_下関_8,2026-03-28,下関,8,5-2-1,1485.0
20260328_下関_8,2026-03-28,下関,8,6-2-1,787.8
20260328_下関_8,2026-03-28,下関,8,1-3-4,6.0
20260328_下関_8,2026-03-28,下関,8,2-3-4,215.6
20260328_下関_8,2026-03-28,下関,8,3-2-4,105.2
20260328_下関_8,2026-03-28,下関,8,4-2-3,508.7
20260328_下関_8,2026-03-28,下関,8,5-2-3,1758.0
20260328_下関_8,2026-03-28,下関,8,6-2-3,905.7
20260328_下関_8,2026-03-28,下関,8,1-3-5,16.4
20260328_下関_8,2026-03-28,下関,8,2-3-5,421.7
20260328_下関_8,2026-03-28,下関,8,3-2-5,238.0
20260328_下関_8,2026-03-28,下関,8,4-2-5,1130.0
20260328_下関_8,2026-03-28,下関,8,5-2-4,2344.0
20260328_下関_8,2026-03-28,下関,8,6-2-4,1905.0
20260328_下関_8,2026-03-28,下関,8,1-3-6,20.2
20260328_下関_8,2026-03-28,下関,8,2-3-6,314.4
20260328_下関_8,2026-03-28,下関,8,3-2-6,151.7
20260328_下関_8,2026-03-28,下関,8,4-2-6,904.0
20260328_下関_8,2026-03-28,下関,8,5-2-6,2863.0
20260328_下関_8,2026-03-28,下関,8,6-2-5,2881.0
20260328_下関_8,2026-03-28,下関,8,1-4-2,32.9
20260328_下関_8,2026-03-28,下関,8,2-4-1,358.2
20260328_下関_8,2026-03-28,下関,8,3-4-1,41.1
20260328_下関_8,2026-03-28,下関,8,4-3-1,125.7
20260328_下関_8,2026-03-28,下関,8,5-3-1,834.6
20260328_下関_8,2026-03-28,下関,8,6-3-1,436.3
20260328_下関_8,2026-03-28,下関,8,1-4-3,18.9
20260328_下関_8,2026-03-28,下関,8,2-4-3,381.6
20260328_下関_8,2026-03-28,下関,8,3-4-2,93.4
20260328_下関_8,2026-03-28,下関,8,4-3-2,334.4
20260328_下関_8,2026-03-28,下関,8,5-3-2,1720.0
20260328_下関_8,2026-03-28,下関,8,6-3-2,742.6
20260328_下関_8,2026-03-28,下関,8,1-4-5,95.1
20260328_下関_8,2026-03-28,下関,8,2-4-5,1035.0
20260328_下関_8,2026-03-28,下関,8,3-4-5,144.8
20260328_下関_8,2026-03-28,下関,8,4-3-5,487.5
20260328_下関_8,2026-03-28,下関,8,5-3-4,1720.0
20260328_下関_8,2026-03-28,下関,8,6-3-4,786.5
20260328_下関_8,2026-03-28,下関,8,1-4-6,80.3
20260328_下関_8,2026-03-28,下関,8,2-4-6,703.3
20260328_下関_8,2026-03-28,下関,8,3-4-6,98.2
20260328_下関_8,2026-03-28,下関,8,4-3-6,342.8
20260328_下関_8,2026-03-28,下関,8,5-3-6,2245.0
20260328_下関_8,2026-03-28,下関,8,6-3-5,1523.0
20260328_下関_8,2026-03-28,下関,8,1-5-2,209.0
20260328_下関_8,2026-03-28,下関,8,2-5-1,1004.0
20260328_下関_8,2026-03-28,下関,8,3-5-1,198.7
20260328_下関_8,2026-03-28,下関,8,4-5-1,574.8
20260328_下関_8,2026-03-28,下関,8,5-4-1,1508.0
20260328_下関_8,2026-03-28,下関,8,6-4-1,864.8
20260328_下関_8,2026-03-28,下関,8,1-5-3,143.1
20260328_下関_8,2026-03-28,下関,8,2-5-3,1112.0
20260328_下関_8,2026-03-28,下関,8,3-5-2,401.8
20260328_下関_8,2026-03-28,下関,8,4-5-2,1099.0
20260328_下関_8,2026-03-28,下関,8,5-4-2,2367.0
20260328_下関_8,2026-03-28,下関,8,6-4-2,1726.0
20260328_下関_8,2026-03-28,下関,8,1-5-4,251.9
20260328_下関_8,2026-03-28,下関,8,2-5-4,1508.0
20260328_下関_8,2026-03-28,下関,8,3-5-4,278.8
20260328_下関_8,2026-03-28,下関,8,4-5-3,707.4
20260328_下関_8,2026-03-28,下関,8,5-4-3,1513.0
20260328_下関_8,2026-03-28,下関,8,6-4-3,1180.0
20260328_下関_8,2026-03-28,下関,8,1-5-6,382.2
20260328_下関_8,2026-03-28,下関,8,2-5-6,1771.0
20260328_下関_8,2026-03-28,下関,8,3-5-6,432.8
20260328_下関_8,2026-03-28,下関,8,4-5-6,885.6
20260328_下関_8,2026-03-28,下関,8,5-4-6,1992.0
20260328_下関_8,2026-03-28,下関,8,6-4-5,2164.0
20260328_下関_8,2026-03-28,下関,8,1-6-2,177.1
20260328_下関_8,2026-03-28,下関,8,2-6-1,730.1
20260328_下関_8,2026-03-28,下関,8,3-6-1,117.3
20260328_下関_8,2026-03-28,下関,8,4-6-1,461.1
20260328_下関_8,2026-03-28,下関,8,5-6-1,2288.0
20260328_下関_8,2026-03-28,下関,8,6-5-1,2863.0
20260328_下関_8,2026-03-28,下関,8,1-6-3,107.4
20260328_下関_8,2026-03-28,下関,8,2-6-3,753.1
20260328_下関_8,2026-03-28,下関,8,3-6-2,209.9
20260328_下関_8,2026-03-28,下関,8,4-6-2,875.9
20260328_下関_8,2026-03-28,下関,8,5-6-2,3275.0
20260328_下関_8,2026-03-28,下関,8,6-5-2,3367.0
20260328_下関_8,2026-03-28,下関,8,1-6-4,181.3
20260328_下関_8,2026-03-28,下関,8,2-6-4,1096.0
20260328_下関_8,2026-03-28,下関,8,3-6-4,187.5
20260328_下関_8,2026-03-28,下関,8,4-6-3,560.6
20260328_下関_8,2026-03-28,下関,8,5-6-3,2183.0
20260328_下関_8,2026-03-28,下関,8,6-5-3,2764.0
20260328_下関_8,2026-03-28,下関,8,1-6-5,437.1
20260328_下関_8,2026-03-28,下関,8,2-6-5,1960.0
20260328_下関_8,2026-03-28,下関,8,3-6-5,455.4
20260328_下関_8,2026-03-28,下関,8,4-6-5,1069.0
20260328_下関_8,2026-03-28,下関,8,5-6-4,2355.0
20260328_下関_8,2026-03-28,下関,8,6-5-4,3065.0
20260328_下関_9,2026-03-28,下関,9,1-2-3,5.2
20260328_下関_9,2026-03-28,下関,9,2-1-3,21.3
20260328_下関_9,2026-03-28,下関,9,3-1-2,62.3
20260328_下関_9,2026-03-28,下関,9,4-1-2,53.2
20260328_下関_9,2026-03-28,下関,9,5-1-2,280.7
20260328_下関_9,2026-03-28,下関,9,6-1-2,1371.0
20260328_下関_9,2026-03-28,下関,9,1-2-4,4.7
20260328_下関_9,2026-03-28,下関,9,2-1-4,17.0
20260328_下関_9,2026-03-28,下関,9,3-1-4,75.2
20260328_下関_9,2026-03-28,下関,9,4-1-3,116.0
20260328_下関_9,2026-03-28,下関,9,5-1-3,520.8
20260328_下関_9,2026-03-28,下関,9,6-1-3,2651.0
20260328_下関_9,2026-03-28,下関,9,1-2-5,16.1
20260328_下関_9,2026-03-28,下関,9,2-1-5,44.8
20260328_下関_9,2026-03-28,下関,9,3-1-5,182.7
20260328_下関_9,2026-03-28,下関,9,4-1-5,113.0
20260328_下関_9,2026-03-28,下関,9,5-1-4,427.6
20260328_下関_9,2026-03-28,下関,9,6-1-4,2328.0
20260328_下関_9,2026-03-28,下関,9,1-2-6,65.3
20260328_下関_9,2026-03-28,下関,9,2-1-6,137.8
20260328_下関_9,2026-03-28,下関,9,3-1-6,465.7
20260328_下関_9,2026-03-28,下関,9,4-1-6,272.4
20260328_下関_9,2026-03-28,下関,9,5-1-6,928.3
20260328_下関_9,2026-03-28,下関,9,6-1-5,2083.0
20260328_下関_9,2026-03-28,下関,9,1-3-2,9.6
20260328_下関_9,2026-03-28,下関,9,2-3-1,65.9
20260328_下関_9,2026-03-28,下関,9,3-2-1,98.5
20260328_下関_9,2026-03-28,下関,9,4-2-1,82.4
20260328_下関_9,2026-03-28,下関,9,5-2-1,388.6
20260328_下関_9,2026-03-28,下関,9,6-2-1,1601.0
20260328_下関_9,2026-03-28,下関,9,1-3-4,14.3
20260328_下関_9,2026-03-28,下関,9,2-3-4,94.5
20260328_下関_9,2026-03-28,下関,9,3-2-4,129.8
20260328_下関_9,2026-03-28,下関,9,4-2-3,210.7
20260328_下関_9,2026-03-28,下関,9,5-2-3,1002.0
20260328_下関_9,2026-03-28,下関,9,6-2-3,2338.0
20260328_下関_9,2026-03-28,下関,9,1-3-5,41.0
20260328_下関_9,2026-03-28,下関,9,2-3-5,323.1
20260328_下関_9,2026-03-28,下関,9,3-2-5,415.7
20260328_下関_9,2026-03-28,下関,9,4-2-5,252.3
20260328_下関_9,2026-03-28,下関,9,5-2-4,700.6
20260328_下関_9,2026-03-28,下関,9,6-2-4,3670.0
20260328_下関_9,2026-03-28,下関,9,1-3-6,140.9
20260328_下関_9,2026-03-28,下関,9,2-3-6,771.8
20260328_下関_9,2026-03-28,下関,9,3-2-6,989.6
20260328_下関_9,2026-03-28,下関,9,4-2-6,558.6
20260328_下関_9,2026-03-28,下関,9,5-2-6,1470.0
20260328_下関_9,2026-03-28,下関,9,6-2-5,4469.0
20260328_下関_9,2026-03-28,下関,9,1-4-2,10.3
20260328_下関_9,2026-03-28,下関,9,2-4-1,53.4
20260328_下関_9,2026-03-28,下関,9,3-4-1,154.9
20260328_下関_9,2026-03-28,下関,9,4-3-1,217.3
20260328_下関_9,2026-03-28,下関,9,5-3-1,1065.0
20260328_下関_9,2026-03-28,下関,9,6-3-1,4045.0
20260328_下関_9,2026-03-28,下関,9,1-4-3,19.6
20260328_下関_9,2026-03-28,下関,9,2-4-3,132.5
20260328_下関_9,2026-03-28,下関,9,3-4-2,223.6
20260328_下関_9,2026-03-28,下関,9,4-3-2,353.0
20260328_下関_9,2026-03-28,下関,9,5-3-2,1341.0
20260328_下関_9,2026-03-28,下関,9,6-3-2,2463.0
20260328_下関_9,2026-03-28,下関,9,1-4-5,35.3
20260328_下関_9,2026-03-28,下関,9,2-4-5,230.3
20260328_下関_9,2026-03-28,下関,9,3-4-5,472.8
20260328_下関_9,2026-03-28,下関,9,4-3-5,733.0
20260328_下関_9,2026-03-28,下関,9,5-3-4,1872.0
20260328_下関_9,2026-03-28,下関,9,6-3-4,4167.0
20260328_下関_9,2026-03-28,下関,9,1-4-6,104.2
20260328_下関_9,2026-03-28,下関,9,2-4-6,435.0
20260328_下関_9,2026-03-28,下関,9,3-4-6,945.7
20260328_下関_9,2026-03-28,下関,9,4-3-6,1161.0
20260328_下関_9,2026-03-28,下関,9,5-3-6,3203.0
20260328_下関_9,2026-03-28,下関,9,6-3-5,5433.0
20260328_下関_9,2026-03-28,下関,9,1-5-2,49.5
20260328_下関_9,2026-03-28,下関,9,2-5-1,251.4
20260328_下関_9,2026-03-28,下関,9,3-5-1,488.3
20260328_下関_9,2026-03-28,下関,9,4-5-1,191.9
20260328_下関_9,2026-03-28,下関,9,5-4-1,605.7
20260328_下関_9,2026-03-28,下関,9,6-4-1,2614.0
20260328_下関_9,2026-03-28,下関,9,1-5-3,97.3
20260328_下関_9,2026-03-28,下関,9,2-5-3,615.1
20260328_下関_9,2026-03-28,下関,9,3-5-2,758.1
20260328_下関_9,2026-03-28,下関,9,4-5-2,263.1
20260328_下関_9,2026-03-28,下関,9,5-4-2,833.4
20260328_下関_9,2026-03-28,下関,9,6-4-2,3744.0
20260328_下関_9,2026-03-28,下関,9,1-5-4,92.7
20260328_下関_9,2026-03-28,下関,9,2-5-4,479.4
20260328_下関_9,2026-03-28,下関,9,3-5-4,955.5
20260328_下関_9,2026-03-28,下関,9,4-5-3,530.8
20260328_下関_9,2026-03-28,下関,9,5-4-3,1694.0
20260328_下関_9,2026-03-28,下関,9,6-4-3,4542.0
20260328_下関_9,2026-03-28,下関,9,1-5-6,240.9
20260328_下関_9,2026-03-28,下関,9,2-5-6,1004.0
20260328_下関_9,2026-03-28,下関,9,3-5-6,1911.0
20260328_下関_9,2026-03-28,下関,9,4-5-6,439.8
20260328_下関_9,2026-03-28,下関,9,5-4-6,1421.0
20260328_下関_9,2026-03-28,下関,9,6-4-5,2554.0
20260328_下関_9,2026-03-28,下関,9,1-6-2,332.0
20260328_下関_9,2026-03-28,下関,9,2-6-1,904.1
20260328_下関_9,2026-03-28,下関,9,3-6-1,1776.0
20260328_下関_9,2026-03-28,下関,9,4-6-1,867.3
20260328_下関_9,2026-03-28,下関,9,5-6-1,1811.0
20260328_下関_9,2026-03-28,下関,9,6-5-1,4105.0
20260328_下関_9,2026-03-28,下関,9,1-6-3,492.2
20260328_下関_9,2026-03-28,下関,9,2-6-3,1552.0
20260328_下関_9,2026-03-28,下関,9,3-6-2,2378.0
20260328_下関_9,2026-03-28,下関,9,4-6-2,1179.0
20260328_下関_9,2026-03-28,下関,9,5-6-2,2181.0
20260328_下関_9,2026-03-28,下関,9,6-5-2,4433.0
20260328_下関_9,2026-03-28,下関,9,1-6-4,450.5
20260328_下関_9,2026-03-28,下関,9,2-6-4,1396.0
20260328_下関_9,2026-03-28,下関,9,3-6-4,2299.0
20260328_下関_9,2026-03-28,下関,9,4-6-3,1742.0
20260328_下関_9,2026-03-28,下関,9,5-6-3,3670.0
20260328_下関_9,2026-03-28,下関,9,6-5-3,4777.0
20260328_下関_9,2026-03-28,下関,9,1-6-5,542.8
20260328_下関_9,2026-03-28,下関,9,2-6-5,1611.0
20260328_下関_9,2026-03-28,下関,9,3-6-5,2963.0
20260328_下関_9,2026-03-28,下関,9,4-6-5,1069.0
20260328_下関_9,2026-03-28,下関,9,5-6-4,2358.0
20260328_下関_9,2026-03-28,下関,9,6-5-4,2554.0
20260328_下関_10,2026-03-28,下関,10,1-2-3,7.3
20260328_下関_10,2026-03-28,下関,10,2-1-3,29.3
20260328_下関_10,2026-03-28,下関,10,3-1-2,46.5
20260328_下関_10,2026-03-28,下関,10,4-1-2,79.0
20260328_下関_10,2026-03-28,下関,10,5-1-2,36.8
20260328_下関_10,2026-03-28,下関,10,6-1-2,491.5
20260328_下関_10,2026-03-28,下関,10,1-2-4,9.8
20260328_下関_10,2026-03-28,下関,10,2-1-4,32.0
20260328_下関_10,2026-03-28,下関,10,3-1-4,107.7
20260328_下関_10,2026-03-28,下関,10,4-1-3,156.9
20260328_下関_10,2026-03-28,下関,10,5-1-3,63.8
20260328_下関_10,2026-03-28,下関,10,6-1-3,744.9
20260328_下関_10,2026-03-28,下関,10,1-2-5,14.4
20260328_下関_10,2026-03-28,下関,10,2-1-5,41.5
20260328_下関_10,2026-03-28,下関,10,3-1-5,99.1
20260328_下関_10,2026-03-28,下関,10,4-1-5,77.3
20260328_下関_10,2026-03-28,下関,10,5-1-4,57.3
20260328_下関_10,2026-03-28,下関,10,6-1-4,852.4
20260328_下関_10,2026-03-28,下関,10,1-2-6,38.5
20260328_下関_10,2026-03-28,下関,10,2-1-6,88.0
20260328_下関_10,2026-03-28,下関,10,3-1-6,304.9
20260328_下関_10,2026-03-28,下関,10,4-1-6,202.3
20260328_下関_10,2026-03-28,下関,10,5-1-6,150.1
20260328_下関_10,2026-03-28,下関,10,6-1-5,905.1
20260328_下関_10,2026-03-28,下関,10,1-3-2,12.7
20260328_下関_10,2026-03-28,下関,10,2-3-1,68.4
20260328_下関_10,2026-03-28,下関,10,3-2-1,66.8
20260328_下関_10,2026-03-28,下関,10,4-2-1,110.8
20260328_下関_10,2026-03-28,下関,10,5-2-1,50.8
20260328_下関_10,2026-03-28,下関,10,6-2-1,730.3
20260328_下関_10,2026-03-28,下関,10,1-3-4,25.4
20260328_下関_10,2026-03-28,下関,10,2-3-4,129.8
20260328_下関_10,2026-03-28,下関,10,3-2-4,135.6
20260328_下関_10,2026-03-28,下関,10,4-2-3,175.3
20260328_下関_10,2026-03-28,下関,10,5-2-3,81.2
20260328_下関_10,2026-03-28,下関,10,6-2-3,1310.0
20260328_下関_10,2026-03-28,下関,10,1-3-5,29.7
20260328_下関_10,2026-03-28,下関,10,2-3-5,143.1
20260328_下関_10,2026-03-28,下関,10,3-2-5,117.8
20260328_下関_10,2026-03-28,下関,10,4-2-5,133.4
20260328_下関_10,2026-03-28,下関,10,5-2-4,105.0
20260328_下関_10,2026-03-28,下関,10,6-2-4,1426.0
20260328_下関_10,2026-03-28,下関,10,1-3-6,64.5
20260328_下関_10,2026-03-28,下関,10,2-3-6,304.9
20260328_下関_10,2026-03-28,下関,10,3-2-6,336.7
20260328_下関_10,2026-03-28,下関,10,4-2-6,415.1
20260328_下関_10,2026-03-28,下関,10,5-2-6,191.7
20260328_下関_10,2026-03-28,下関,10,6-2-5,1315.0
20260328_下関_10,2026-03-28,下関,10,1-4-2,19.7
20260328_下関_10,2026-03-28,下関,10,2-4-1,105.4
20260328_下関_10,2026-03-28,下関,10,3-4-1,175.7
20260328_下関_10,2026-03-28,下関,10,4-3-1,205.5
20260328_下関_10,2026-03-28,下関,10,5-3-1,139.6
20260328_下関_10,2026-03-28,下関,10,6-3-1,1211.0
20260328_下関_10,2026-03-28,下関,10,1-4-3,37.1
20260328_下関_10,2026-03-28,下関,10,2-4-3,193.5
20260328_下関_10,2026-03-28,下関,10,3-4-2,147.0
20260328_下関_10,2026-03-28,下関,10,4-3-2,171.5
20260328_下関_10,2026-03-28,下関,10,5-3-2,112.5
20260328_下関_10,2026-03-28,下関,10,6-3-2,1781.0
20260328_下関_10,2026-03-28,下関,10,1-4-5,32.1
20260328_下関_10,2026-03-28,下関,10,2-4-5,212.3
20260328_下関_10,2026-03-28,下関,10,3-4-5,240.3
20260328_下関_10,2026-03-28,下関,10,4-3-5,231.8
20260328_下関_10,2026-03-28,下関,10,5-3-4,265.1
20260328_下関_10,2026-03-28,下関,10,6-3-4,2422.0
20260328_下関_10,2026-03-28,下関,10,1-4-6,83.3
20260328_下関_10,2026-03-28,下関,10,2-4-6,369.6
20260328_下関_10,2026-03-28,下関,10,3-4-6,629.3
20260328_下関_10,2026-03-28,下関,10,4-3-6,689.9
20260328_下関_10,2026-03-28,下関,10,5-3-6,417.7
20260328_下関_10,2026-03-28,下関,10,6-3-5,2405.0
20260328_下関_10,2026-03-28,下関,10,1-5-2,27.9
20260328_下関_10,2026-03-28,下関,10,2-5-1,111.2
20260328_下関_10,2026-03-28,下関,10,3-5-1,174.0
20260328_下関_10,2026-03-28,下関,10,4-5-1,90.6
20260328_下関_10,2026-03-28,下関,10,5-4-1,94.8
20260328_下関_10,2026-03-28,下関,10,6-4-1,993.2
20260328_下関_10,2026-03-28,下関,10,1-5-3,49.9
20260328_下関_10,2026-03-28,下関,10,2-5-3,215.8
20260328_下関_10,2026-03-28,下関,10,3-5-2,144.0
20260328_下関_10,2026-03-28,下関,10,4-5-2,110.7
20260328_下関_10,2026-03-28,下関,10,5-4-2,154.5
20260328_下関_10,2026-03-28,下関,10,6-4-2,1141.0
20260328_下関_10,2026-03-28,下関,10,1-5-4,46.1
20260328_下関_10,2026-03-28,下関,10,2-5-4,263.4
20260328_下関_10,2026-03-28,下関,10,3-5-4,311.1
20260328_下関_10,2026-03-28,下関,10,4-5-3,219.0
20260328_下関_10,2026-03-28,下関,10,5-4-3,289.7
20260328_下関_10,2026-03-28,下関,10,6-4-3,1913.0
20260328_下関_10,2026-03-28,下関,10,1-5-6,156.7
20260328_下関_10,2026-03-28,下関,10,2-5-6,437.8
20260328_下関_10,2026-03-28,下関,10,3-5-6,579.5
20260328_下関_10,2026-03-28,下関,10,4-5-6,291.0
20260328_下関_10,2026-03-28,下関,10,5-4-6,347.1
20260328_下関_10,2026-03-28,下関,10,6-4-5,1242.0
20260328_下関_10,2026-03-28,下関,10,1-6-2,110.5
20260328_下関_10,2026-03-28,下関,10,2-6-1,334.6
20260328_下関_10,2026-03-28,下関,10,3-6-1,746.5
20260328_下関_10,2026-03-28,下関,10,4-6-1,319.7
20260328_下関_10,2026-03-28,下関,10,5-6-1,312.3
20260328_下関_10,2026-03-28,下関,10,6-5-1,1211.0
20260328_下関_10,2026-03-28,下関,10,1-6-3,186.0
20260328_下関_10,2026-03-28,下関,10,2-6-3,512.4
20260328_下関_10,2026-03-28,下関,10,3-6-2,766.9
20260328_下関_10,2026-03-28,下関,10,4-6-2,389.7
20260328_下関_10,2026-03-28,下関,10,5-6-2,345.3
20260328_下関_10,2026-03-28,下関,10,6-5-2,1325.0
20260328_下関_10,2026-03-28,下関,10,1-6-4,176.7
20260328_下関_10,2026-03-28,下関,10,2-6-4,588.6
20260328_下関_10,2026-03-28,下関,10,3-6-4,1157.0
20260328_下関_10,2026-03-28,下関,10,4-6-3,809.3
20260328_下関_10,2026-03-28,下関,10,5-6-3,555.6
20260328_下関_10,2026-03-28,下関,10,6-5-3,2354.0
20260328_下関_10,2026-03-28,下関,10,1-6-5,230.7
20260328_下関_10,2026-03-28,下関,10,2-6-5,547.4
20260328_下関_10,2026-03-28,下関,10,3-6-5,978.8
20260328_下関_10,2026-03-28,下関,10,4-6-5,402.2
20260328_下関_10,2026-03-28,下関,10,5-6-4,491.5
20260328_下関_10,2026-03-28,下関,10,6-5-4,1666.0
20260328_下関_11,2026-03-28,下関,11,1-2-3,6.4
20260328_下関_11,2026-03-28,下関,11,2-1-3,84.3
20260328_下関_11,2026-03-28,下関,11,3-1-2,93.3
20260328_下関_11,2026-03-28,下関,11,4-1-2,276.4
20260328_下関_11,2026-03-28,下関,11,5-1-2,396.9
20260328_下関_11,2026-03-28,下関,11,6-1-2,304.9
20260328_下関_11,2026-03-28,下関,11,1-2-4,10.7
20260328_下関_11,2026-03-28,下関,11,2-1-4,110.7
20260328_下関_11,2026-03-28,下関,11,3-1-4,74.0
20260328_下関_11,2026-03-28,下関,11,4-1-3,181.8
20260328_下関_11,2026-03-28,下関,11,5-1-3,315.3
20260328_下関_11,2026-03-28,下関,11,6-1-3,156.7
20260328_下関_11,2026-03-28,下関,11,1-2-5,19.3
20260328_下関_11,2026-03-28,下関,11,2-1-5,190.4
20260328_下関_11,2026-03-28,下関,11,3-1-5,138.9
20260328_下関_11,2026-03-28,下関,11,4-1-5,296.2
20260328_下関_11,2026-03-28,下関,11,5-1-4,494.9
20260328_下関_11,2026-03-28,下関,11,6-1-4,428.3
20260328_下関_11,2026-03-28,下関,11,1-2-6,17.9
20260328_下関_11,2026-03-28,下関,11,2-1-6,153.5
20260328_下関_11,2026-03-28,下関,11,3-1-6,95.3
20260328_下関_11,2026-03-28,下関,11,4-1-6,236.1
20260328_下関_11,2026-03-28,下関,11,5-1-6,367.5
20260328_下関_11,2026-03-28,下関,11,6-1-5,593.4
20260328_下関_11,2026-03-28,下関,11,1-3-2,7.9
20260328_下関_11,2026-03-28,下関,11,2-3-1,245.0
20260328_下関_11,2026-03-28,下関,11,3-2-1,255.7
20260328_下関_11,2026-03-28,下関,11,4-2-1,408.2
20260328_下関_11,2026-03-28,下関,11,5-2-1,712.6
20260328_下関_11,2026-03-28,下関,11,6-2-1,517.6
20260328_下関_11,2026-03-28,下関,11,1-3-4,7.3
20260328_下関_11,2026-03-28,下関,11,2-3-4,754.4
20260328_下関_11,2026-03-28,下関,11,3-2-4,725.0
20260328_下関_11,2026-03-28,下関,11,4-2-3,1271.0
20260328_下関_11,2026-03-28,下関,11,5-2-3,1360.0
20260328_下関_11,2026-03-28,下関,11,6-2-3,1164.0
20260328_下関_11,2026-03-28,下関,11,1-3-5,14.7
20260328_下関_11,2026-03-28,下関,11,2-3-5,906.7
20260328_下関_11,2026-03-28,下関,11,3-2-5,657.3
20260328_下関_11,2026-03-28,下関,11,4-2-5,1450.0
20260328_下関_11,2026-03-28,下関,11,5-2-4,1971.0
20260328_下関_11,2026-03-28,下関,11,6-2-4,1733.0
20260328_下関_11,2026-03-28,下関,11,1-3-6,12.3
20260328_下関_11,2026-03-28,下関,11,2-3-6,726.5
20260328_下関_11,2026-03-28,下関,11,3-2-6,507.0
20260328_下関_11,2026-03-28,下関,11,4-2-6,799.7
20260328_下関_11,2026-03-28,下関,11,5-2-6,1271.0
20260328_下関_11,2026-03-28,下関,11,6-2-5,1572.0
20260328_下関_11,2026-03-28,下関,11,1-4-2,18.5
20260328_下関_11,2026-03-28,下関,11,2-4-1,482.7
20260328_下関_11,2026-03-28,下関,11,3-4-1,133.9
20260328_下関_11,2026-03-28,下関,11,4-3-1,255.2
20260328_下関_11,2026-03-28,下関,11,5-3-1,569.8
20260328_下関_11,2026-03-28,下関,11,6-3-1,210.5
20260328_下関_11,2026-03-28,下関,11,1-4-3,15.7
20260328_下関_11,2026-03-28,下関,11,2-4-3,1055.0
20260328_下関_11,2026-03-28,下関,11,3-4-2,900.2
20260328_下関_11,2026-03-28,下関,11,4-3-2,1099.0
20260328_下関_11,2026-03-28,下関,11,5-3-2,1733.0
20260328_下関_11,2026-03-28,下関,11,6-3-2,1267.0
20260328_下関_11,2026-03-28,下関,11,1-4-5,38.5
20260328_下関_11,2026-03-28,下関,11,2-4-5,1496.0
20260328_下関_11,2026-03-28,下関,11,3-4-5,749.8
20260328_下関_11,2026-03-28,下関,11,4-3-5,1046.0
20260328_下関_11,2026-03-28,下関,11,5-3-4,1941.0
20260328_下関_11,2026-03-28,下関,11,6-3-4,1321.0
20260328_下関_11,2026-03-28,下関,11,1-4-6,27.2
20260328_下関_11,2026-03-28,下関,11,2-4-6,1092.0
20260328_下関_11,2026-03-28,下関,11,3-4-6,507.0
20260328_下関_11,2026-03-28,下関,11,4-3-6,740.9
20260328_下関_11,2026-03-28,下関,11,5-3-6,1271.0
20260328_下関_11,2026-03-28,下関,11,6-3-5,1433.0
20260328_下関_11,2026-03-28,下関,11,1-5-2,44.0
20260328_下関_11,2026-03-28,下関,11,2-5-1,606.0
20260328_下関_11,2026-03-28,下関,11,3-5-1,367.5
20260328_下関_11,2026-03-28,下関,11,4-5-1,479.6
20260328_下関_11,2026-03-28,下関,11,5-4-1,973.0
20260328_下関_11,2026-03-28,下関,11,6-4-1,740.9
20260328_下関_11,2026-03-28,下関,11,1-5-3,38.9
20260328_下関_11,2026-03-28,下関,11,2-5-3,1355.0
20260328_下関_11,2026-03-28,下関,11,3-5-2,1041.0
20260328_下関_11,2026-03-28,下関,11,4-5-2,1572.0
20260328_下関_11,2026-03-28,下関,11,5-4-2,2343.0
20260328_下関_11,2026-03-28,下関,11,6-4-2,1993.0
20260328_下関_11,2026-03-28,下関,11,1-5-4,66.0
20260328_下関_11,2026-03-28,下関,11,2-5-4,1741.0
20260328_下関_11,2026-03-28,下関,11,3-5-4,1010.0
20260328_下関_11,2026-03-28,下関,11,4-5-3,1321.0
20260328_下関_11,2026-03-28,下関,11,5-4-3,1845.0
20260328_下関_11,2026-03-28,下関,11,6-4-3,1508.0
20260328_下関_11,2026-03-28,下関,11,1-5-6,49.8
20260328_下関_11,2026-03-28,下関,11,2-5-6,1433.0
20260328_下関_11,2026-03-28,下関,11,3-5-6,733.6
20260328_下関_11,2026-03-28,下関,11,4-5-6,960.5
20260328_下関_11,2026-03-28,下関,11,5-4-6,1438.0
20260328_下関_11,2026-03-28,下関,11,6-4-5,1023.0
20260328_下関_11,2026-03-28,下関,11,1-6-2,45.5
20260328_下関_11,2026-03-28,下関,11,2-6-1,430.8
20260328_下関_11,2026-03-28,下関,11,3-6-1,166.1
20260328_下関_11,2026-03-28,下関,11,4-6-1,469.9
20260328_下関_11,2026-03-28,下関,11,5-6-1,690.1
20260328_下関_11,2026-03-28,下関,11,6-5-1,938.7
20260328_下関_11,2026-03-28,下関,11,1-6-3,36.5
20260328_下関_11,2026-03-28,下関,11,2-6-3,950.7
20260328_下関_11,2026-03-28,下関,11,3-6-2,929.4
20260328_下関_11,2026-03-28,下関,11,4-6-2,1467.0
20260328_下関_11,2026-03-28,下関,11,5-6-2,1385.0
20260328_下関_11,2026-03-28,下関,11,6-5-2,1791.0
20260328_下関_11,2026-03-28,下関,11,1-6-4,58.3
20260328_下関_11,2026-03-28,下関,11,2-6-4,1395.0
20260328_下関_11,2026-03-28,下関,11,3-6-4,683.8
20260328_下関_11,2026-03-28,下関,11,4-6-3,1183.0
20260328_下関_11,2026-03-28,下関,11,5-6-3,1294.0
20260328_下関_11,2026-03-28,下関,11,6-5-3,1422.0
20260328_下関_11,2026-03-28,下関,11,1-6-5,74.6
20260328_下関_11,2026-03-28,下関,11,2-6-5,1417.0
20260328_下関_11,2026-03-28,下関,11,3-6-5,868.7
20260328_下関_11,2026-03-28,下関,11,4-6-5,1254.0
20260328_下関_11,2026-03-28,下関,11,5-6-4,1854.0
20260328_下関_11,2026-03-28,下関,11,6-5-4,1326.0
20260328_下関_12,2026-03-28,下関,12,1-2-3,9.7
20260328_下関_12,2026-03-28,下関,12,2-1-3,79.7
20260328_下関_12,2026-03-28,下関,12,3-1-2,35.0
20260328_下関_12,2026-03-28,下関,12,4-1-2,113.3
20260328_下関_12,2026-03-28,下関,12,5-1-2,455.3
20260328_下関_12,2026-03-28,下関,12,6-1-2,788.7
20260328_下関_12,2026-03-28,下関,12,1-2-4,20.9
20260328_下関_12,2026-03-28,下関,12,2-1-4,150.8
20260328_下関_12,2026-03-28,下関,12,3-1-4,15.9
20260328_下関_12,2026-03-28,下関,12,4-1-3,67.7
20260328_下関_12,2026-03-28,下関,12,5-1-3,355.3
20260328_下関_12,2026-03-28,下関,12,6-1-3,514.6
20260328_下関_12,2026-03-28,下関,12,1-2-5,42.9
20260328_下関_12,2026-03-28,下関,12,2-1-5,247.1
20260328_下関_12,2026-03-28,下関,12,3-1-5,33.1
20260328_下関_12,2026-03-28,下関,12,4-1-5,97.1
20260328_下関_12,2026-03-28,下関,12,5-1-4,399.0
20260328_下関_12,2026-03-28,下関,12,6-1-4,571.4
20260328_下関_12,2026-03-28,下関,12,1-2-6,53.3
20260328_下関_12,2026-03-28,下関,12,2-1-6,291.2
20260328_下関_12,2026-03-28,下関,12,3-1-6,31.9
20260328_下関_12,2026-03-28,下関,12,4-1-6,82.4
20260328_下関_12,2026-03-28,下関,12,5-1-6,532.3
20260328_下関_12,2026-03-28,下関,12,6-1-5,1532.0
20260328_下関_12,2026-03-28,下関,12,1-3-2,7.4
20260328_下関_12,2026-03-28,下関,12,2-3-1,179.7
20260328_下関_12,2026-03-28,下関,12,3-2-1,118.0
20260328_下関_12,2026-03-28,下関,12,4-2-1,320.8
20260328_下関_12,2026-03-28,下関,12,5-2-1,801.0
20260328_下関_12,2026-03-28,下関,12,6-2-1,1560.0
20260328_下関_12,2026-03-28,下関,12,1-3-4,5.7
20260328_下関_12,2026-03-28,下関,12,2-3-4,368.2
20260328_下関_12,2026-03-28,下関,12,3-2-4,187.7
20260328_下関_12,2026-03-28,下関,12,4-2-3,461.0
20260328_下関_12,2026-03-28,下関,12,5-2-3,1315.0
20260328_下関_12,2026-03-28,下関,12,6-2-3,2061.0
20260328_下関_12,2026-03-28,下関,12,1-3-5,17.4
20260328_下関_12,2026-03-28,下関,12,2-3-5,732.5
20260328_下関_12,2026-03-28,下関,12,3-2-5,346.8
20260328_下関_12,2026-03-28,下関,12,4-2-5,415.9
20260328_下関_12,2026-03-28,下関,12,5-2-4,1571.0
20260328_下関_12,2026-03-28,下関,12,6-2-4,2760.0
20260328_下関_12,2026-03-28,下関,12,1-3-6,17.5
20260328_下関_12,2026-03-28,下関,12,2-3-6,787.7
20260328_下関_12,2026-03-28,下関,12,3-2-6,376.7
20260328_下関_12,2026-03-28,下関,12,4-2-6,391.1
20260328_下関_12,2026-03-28,下関,12,5-2-6,1507.0
20260328_下関_12,2026-03-28,下関,12,6-2-5,3064.0
20260328_下関_12,2026-03-28,下関,12,1-4-2,26.9
20260328_下関_12,2026-03-28,下関,12,2-4-1,436.9
20260328_下関_12,2026-03-28,下関,12,3-4-1,42.6
20260328_下関_12,2026-03-28,下関,12,4-3-1,99.2
20260328_下関_12,2026-03-28,下関,12,5-3-1,519.4
20260328_下関_12,2026-03-28,下関,12,6-3-1,642.9
20260328_下関_12,2026-03-28,下関,12,1-4-3,13.6
20260328_下関_12,2026-03-28,下関,12,2-4-3,547.5
20260328_下関_12,2026-03-28,下関,12,3-4-2,135.6
20260328_下関_12,2026-03-28,下関,12,4-3-2,321.0
20260328_下関_12,2026-03-28,下関,12,5-3-2,1230.0
20260328_下関_12,2026-03-28,下関,12,6-3-2,1805.0
20260328_下関_12,2026-03-28,下関,12,1-4-5,36.7
20260328_下関_12,2026-03-28,下関,12,2-4-5,1045.0
20260328_下関_12,2026-03-28,下関,12,3-4-5,104.6
20260328_下関_12,2026-03-28,下関,12,4-3-5,235.8
20260328_下関_12,2026-03-28,下関,12,5-3-4,991.1
20260328_下関_12,2026-03-28,下関,12,6-3-4,801.9
20260328_下関_12,2026-03-28,下関,12,1-4-6,30.1
20260328_下関_12,2026-03-28,下関,12,2-4-6,1126.0
20260328_下関_12,2026-03-28,下関,12,3-4-6,75.4
20260328_下関_12,2026-03-28,下関,12,4-3-6,163.3
20260328_下関_12,2026-03-28,下関,12,5-3-6,1391.0
20260328_下関_12,2026-03-28,下関,12,6-3-5,2368.0
20260328_下関_12,2026-03-28,下関,12,1-5-2,72.9
20260328_下関_12,2026-03-28,下関,12,2-5-1,770.5
20260328_下関_12,2026-03-28,下関,12,3-5-1,161.3
20260328_下関_12,2026-03-28,下関,12,4-5-1,157.7
20260328_下関_12,2026-03-28,下関,12,5-4-1,389.7
20260328_下関_12,2026-03-28,下関,12,6-4-1,765.2
20260328_下関_12,2026-03-28,下関,12,1-5-3,55.8
20260328_下関_12,2026-03-28,下関,12,2-5-3,1205.0
20260328_下関_12,2026-03-28,下関,12,3-5-2,378.9
20260328_下関_12,2026-03-28,下関,12,4-5-2,335.7
20260328_下関_12,2026-03-28,下関,12,5-4-2,627.8
20260328_下関_12,2026-03-28,下関,12,6-4-2,1914.0
20260328_下関_12,2026-03-28,下関,12,1-5-4,77.5
20260328_下関_12,2026-03-28,下関,12,2-5-4,1471.0
20260328_下関_12,2026-03-28,下関,12,3-5-4,232.7
20260328_下関_12,2026-03-28,下関,12,4-5-3,350.4
20260328_下関_12,2026-03-28,下関,12,5-4-3,881.3
20260328_下関_12,2026-03-28,下関,12,6-4-3,807.7
20260328_下関_12,2026-03-28,下関,12,1-5-6,115.1
20260328_下関_12,2026-03-28,下関,12,2-5-6,1511.0
20260328_下関_12,2026-03-28,下関,12,3-5-6,325.0
20260328_下関_12,2026-03-28,下関,12,4-5-6,193.1
20260328_下関_12,2026-03-28,下関,12,5-4-6,464.8
20260328_下関_12,2026-03-28,下関,12,6-4-5,1583.0
20260328_下関_12,2026-03-28,下関,12,1-6-2,154.6
20260328_下関_12,2026-03-28,下関,12,2-6-1,1021.0
20260328_下関_12,2026-03-28,下関,12,3-6-1,156.8
20260328_下関_12,2026-03-28,下関,12,4-6-1,175.5
20260328_下関_12,2026-03-28,下関,12,5-6-1,1221.0
20260328_下関_12,2026-03-28,下関,12,6-5-1,2226.0
20260328_下関_12,2026-03-28,下関,12,1-6-3,89.7
20260328_下関_12,2026-03-28,下関,12,2-6-3,1511.0
20260328_下関_12,2026-03-28,下関,12,3-6-2,520.2
20260328_下関_12,2026-03-28,下関,12,4-6-2,413.1
20260328_下関_12,2026-03-28,下関,12,5-6-2,1776.0
20260328_下関_12,2026-03-28,下関,12,6-5-2,2520.0
20260328_下関_12,2026-03-28,下関,12,1-6-4,110.4
20260328_下関_12,2026-03-28,下関,12,2-6-4,1908.0
20260328_下関_12,2026-03-28,下関,12,3-6-4,198.5
20260328_下関_12,2026-03-28,下関,12,4-6-3,235.7
20260328_下関_12,2026-03-28,下関,12,5-6-3,1850.0
20260328_下関_12,2026-03-28,下関,12,6-5-3,2549.0
20260328_下関_12,2026-03-28,下関,12,1-6-5,218.8
20260328_下関_12,2026-03-28,下関,12,2-6-5,2154.0
20260328_下関_12,2026-03-28,下関,12,3-6-5,463.9
20260328_下関_12,2026-03-28,下関,12,4-6-5,293.5
20260328_下関_12,2026-03-28,下関,12,5-6-4,1322.0
20260328_下関_12,2026-03-28,下関,12,6-5-4,1758.0
20260328_芦屋_1,2026-03-28,芦屋,1,1-2-3,13.2
20260328_芦屋_1,2026-03-28,芦屋,1,2-1-3,63.5
20260328_芦屋_1,2026-03-28,芦屋,1,3-1-2,44.7
20260328_芦屋_1,2026-03-28,芦屋,1,4-1-2,64.9
20260328_芦屋_1,2026-03-28,芦屋,1,5-1-2,142.8
20260328_芦屋_1,2026-03-28,芦屋,1,6-1-2,1592.0
20260328_芦屋_1,2026-03-28,芦屋,1,1-2-4,15.6
20260328_芦屋_1,2026-03-28,芦屋,1,2-1-4,70.4
20260328_芦屋_1,2026-03-28,芦屋,1,3-1-4,31.2
20260328_芦屋_1,2026-03-28,芦屋,1,4-1-3,54.4
20260328_芦屋_1,2026-03-28,芦屋,1,5-1-3,104.4
20260328_芦屋_1,2026-03-28,芦屋,1,6-1-3,1764.0
20260328_芦屋_1,2026-03-28,芦屋,1,1-2-5,25.9
20260328_芦屋_1,2026-03-28,芦屋,1,2-1-5,97.8
20260328_芦屋_1,2026-03-28,芦屋,1,3-1-5,31.3
20260328_芦屋_1,2026-03-28,芦屋,1,4-1-5,43.8
20260328_芦屋_1,2026-03-28,芦屋,1,5-1-4,116.1
20260328_芦屋_1,2026-03-28,芦屋,1,6-1-4,2019.0
20260328_芦屋_1,2026-03-28,芦屋,1,1-2-6,183.3
20260328_芦屋_1,2026-03-28,芦屋,1,2-1-6,407.7
20260328_芦屋_1,2026-03-28,芦屋,1,3-1-6,187.9
20260328_芦屋_1,2026-03-28,芦屋,1,4-1-6,161.3
20260328_芦屋_1,2026-03-28,芦屋,1,5-1-6,255.7
20260328_芦屋_1,2026-03-28,芦屋,1,6-1-5,1822.0
20260328_芦屋_1,2026-03-28,芦屋,1,1-3-2,12.0
20260328_芦屋_1,2026-03-28,芦屋,1,2-3-1,145.5
20260328_芦屋_1,2026-03-28,芦屋,1,3-2-1,95.4
20260328_芦屋_1,2026-03-28,芦屋,1,4-2-1,119.7
20260328_芦屋_1,2026-03-28,芦屋,1,5-2-1,216.2
20260328_芦屋_1,2026-03-28,芦屋,1,6-2-1,1674.0
20260328_芦屋_1,2026-03-28,芦屋,1,1-3-4,10.2
20260328_芦屋_1,2026-03-28,芦屋,1,2-3-4,176.5
20260328_芦屋_1,2026-03-28,芦屋,1,3-2-4,113.2
20260328_芦屋_1,2026-03-28,芦屋,1,4-2-3,169.1
20260328_芦屋_1,2026-03-28,芦屋,1,5-2-3,294.3
20260328_芦屋_1,2026-03-28,芦屋,1,6-2-3,3377.0
20260328_芦屋_1,2026-03-28,芦屋,1,1-3-5,12.9
20260328_芦屋_1,2026-03-28,芦屋,1,2-3-5,194.9
20260328_芦屋_1,2026-03-28,芦屋,1,3-2-5,106.1
20260328_芦屋_1,2026-03-28,芦屋,1,4-2-5,130.2
20260328_芦屋_1,2026-03-28,芦屋,1,5-2-4,302.0
20260328_芦屋_1,2026-03-28,芦屋,1,6-2-4,3134.0
20260328_芦屋_1,2026-03-28,芦屋,1,1-3-6,89.2
20260328_芦屋_1,2026-03-28,芦屋,1,2-3-6,732.3
20260328_芦屋_1,2026-03-28,芦屋,1,3-2-6,566.2
20260328_芦屋_1,2026-03-28,芦屋,1,4-2-6,414.6
20260328_芦屋_1,2026-03-28,芦屋,1,5-2-6,607.4
20260328_芦屋_1,2026-03-28,芦屋,1,6-2-5,2702.0
20260328_芦屋_1,2026-03-28,芦屋,1,1-4-2,20.7
20260328_芦屋_1,2026-03-28,芦屋,1,2-4-1,153.5
20260328_芦屋_1,2026-03-28,芦屋,1,3-4-1,43.5
20260328_芦屋_1,2026-03-28,芦屋,1,4-3-1,67.1
20260328_芦屋_1,2026-03-28,芦屋,1,5-3-1,131.2
20260328_芦屋_1,2026-03-28,芦屋,1,6-3-1,1988.0
20260328_芦屋_1,2026-03-28,芦屋,1,1-4-3,17.5
20260328_芦屋_1,2026-03-28,芦屋,1,2-4-3,194.4
20260328_芦屋_1,2026-03-28,芦屋,1,3-4-2,84.5
20260328_芦屋_1,2026-03-28,芦屋,1,4-3-2,122.7
20260328_芦屋_1,2026-03-28,芦屋,1,5-3-2,243.8
20260328_芦屋_1,2026-03-28,芦屋,1,6-3-2,3211.0
20260328_芦屋_1,2026-03-28,芦屋,1,1-4-5,25.3
20260328_芦屋_1,2026-03-28,芦屋,1,2-4-5,204.3
20260328_芦屋_1,2026-03-28,芦屋,1,3-4-5,43.0
20260328_芦屋_1,2026-03-28,芦屋,1,4-3-5,66.4
20260328_芦屋_1,2026-03-28,芦屋,1,5-3-4,154.4
20260328_芦屋_1,2026-03-28,芦屋,1,6-3-4,1949.0
20260328_芦屋_1,2026-03-28,芦屋,1,1-4-6,148.6
20260328_芦屋_1,2026-03-28,芦屋,1,2-4-6,796.3
20260328_芦屋_1,2026-03-28,芦屋,1,3-4-6,179.9
20260328_芦屋_1,2026-03-28,芦屋,1,4-3-6,211.1
20260328_芦屋_1,2026-03-28,芦屋,1,5-3-6,390.2
20260328_芦屋_1,2026-03-28,芦屋,1,6-3-5,2902.0
20260328_芦屋_1,2026-03-28,芦屋,1,1-5-2,40.6
20260328_芦屋_1,2026-03-28,芦屋,1,2-5-1,258.4
20260328_芦屋_1,2026-03-28,芦屋,1,3-5-1,58.2
20260328_芦屋_1,2026-03-28,芦屋,1,4-5-1,47.6
20260328_芦屋_1,2026-03-28,芦屋,1,5-4-1,110.4
20260328_芦屋_1,2026-03-28,芦屋,1,6-4-1,2117.0
20260328_芦屋_1,2026-03-28,芦屋,1,1-5-3,28.2
20260328_芦屋_1,2026-03-28,芦屋,1,2-5-3,314.7
20260328_芦屋_1,2026-03-28,芦屋,1,3-5-2,108.5
20260328_芦屋_1,2026-03-28,芦屋,1,4-5-2,75.4
20260328_芦屋_1,2026-03-28,芦屋,1,5-4-2,182.9
20260328_芦屋_1,2026-03-28,芦屋,1,6-4-2,2880.0
20260328_芦屋_1,2026-03-28,芦屋,1,1-5-4,39.3
20260328_芦屋_1,2026-03-28,芦屋,1,2-5-4,341.5
20260328_芦屋_1,2026-03-28,芦屋,1,3-5-4,65.9
20260328_芦屋_1,2026-03-28,芦屋,1,4-5-3,69.7
20260328_芦屋_1,2026-03-28,芦屋,1,5-4-3,144.4
20260328_芦屋_1,2026-03-28,芦屋,1,6-4-3,1741.0
20260328_芦屋_1,2026-03-28,芦屋,1,1-5-6,163.6
20260328_芦屋_1,2026-03-28,芦屋,1,2-5-6,806.2
20260328_芦屋_1,2026-03-28,芦屋,1,3-5-6,209.0
20260328_芦屋_1,2026-03-28,芦屋,1,4-5-6,109.9
20260328_芦屋_1,2026-03-28,芦屋,1,5-4-6,219.2
20260328_芦屋_1,2026-03-28,芦屋,1,6-4-5,1978.0
20260328_芦屋_1,2026-03-28,芦屋,1,1-6-2,554.9
20260328_芦屋_1,2026-03-28,芦屋,1,2-6-1,1272.0
20260328_芦屋_1,2026-03-28,芦屋,1,3-6-1,611.2
20260328_芦屋_1,2026-03-28,芦屋,1,4-6-1,433.4
20260328_芦屋_1,2026-03-28,芦屋,1,5-6-1,600.0
20260328_芦屋_1,2026-03-28,芦屋,1,6-5-1,1848.0
20260328_芦屋_1,2026-03-28,芦屋,1,1-6-3,442.7
20260328_芦屋_1,2026-03-28,芦屋,1,2-6-3,1586.0
20260328_芦屋_1,2026-03-28,芦屋,1,3-6-2,1012.0
20260328_芦屋_1,2026-03-28,芦屋,1,4-6-2,643.3
20260328_芦屋_1,2026-03-28,芦屋,1,5-6-2,1056.0
20260328_芦屋_1,2026-03-28,芦屋,1,6-5-2,1501.0
20260328_芦屋_1,2026-03-28,芦屋,1,1-6-4,559.7
20260328_芦屋_1,2026-03-28,芦屋,1,2-6-4,2030.0
20260328_芦屋_1,2026-03-28,芦屋,1,3-6-4,592.7
20260328_芦屋_1,2026-03-28,芦屋,1,4-6-3,539.6
20260328_芦屋_1,2026-03-28,芦屋,1,5-6-3,833.6
20260328_芦屋_1,2026-03-28,芦屋,1,6-5-3,2778.0
20260328_芦屋_1,2026-03-28,芦屋,1,1-6-5,571.1
20260328_芦屋_1,2026-03-28,芦屋,1,2-6-5,1653.0
20260328_芦屋_1,2026-03-28,芦屋,1,3-6-5,575.3
20260328_芦屋_1,2026-03-28,芦屋,1,4-6-5,345.8
20260328_芦屋_1,2026-03-28,芦屋,1,5-6-4,712.3
20260328_芦屋_1,2026-03-28,芦屋,1,6-5-4,2129.0
20260328_芦屋_2,2026-03-28,芦屋,2,1-2-3,27.7
20260328_芦屋_2,2026-03-28,芦屋,2,2-1-3,36.5
20260328_芦屋_2,2026-03-28,芦屋,2,3-1-2,77.9
20260328_芦屋_2,2026-03-28,芦屋,2,4-1-2,28.4
20260328_芦屋_2,2026-03-28,芦屋,2,5-1-2,316.7
20260328_芦屋_2,2026-03-28,芦屋,2,6-1-2,402.5
20260328_芦屋_2,2026-03-28,芦屋,2,1-2-4,14.2
20260328_芦屋_2,2026-03-28,芦屋,2,2-1-4,21.3
20260328_芦屋_2,2026-03-28,芦屋,2,3-1-4,48.8
20260328_芦屋_2,2026-03-28,芦屋,2,4-1-3,72.5
20260328_芦屋_2,2026-03-28,芦屋,2,5-1-3,414.2
20260328_芦屋_2,2026-03-28,芦屋,2,6-1-3,983.6
20260328_芦屋_2,2026-03-28,芦屋,2,1-2-5,65.2
20260328_芦屋_2,2026-03-28,芦屋,2,2-1-5,93.5
20260328_芦屋_2,2026-03-28,芦屋,2,3-1-5,175.7
20260328_芦屋_2,2026-03-28,芦屋,2,4-1-5,38.3
20260328_芦屋_2,2026-03-28,芦屋,2,5-1-4,170.1
20260328_芦屋_2,2026-03-28,芦屋,2,6-1-4,299.2
20260328_芦屋_2,2026-03-28,芦屋,2,1-2-6,53.5
20260328_芦屋_2,2026-03-28,芦屋,2,2-1-6,66.2
20260328_芦屋_2,2026-03-28,芦屋,2,3-1-6,157.6
20260328_芦屋_2,2026-03-28,芦屋,2,4-1-6,34.6
20260328_芦屋_2,2026-03-28,芦屋,2,5-1-6,286.0
20260328_芦屋_2,2026-03-28,芦屋,2,6-1-5,869.9
20260328_芦屋_2,2026-03-28,芦屋,2,1-3-2,39.3
20260328_芦屋_2,2026-03-28,芦屋,2,2-3-1,74.1
20260328_芦屋_2,2026-03-28,芦屋,2,3-2-1,101.2
20260328_芦屋_2,2026-03-28,芦屋,2,4-2-1,46.5
20260328_芦屋_2,2026-03-28,芦屋,2,5-2-1,439.9
20260328_芦屋_2,2026-03-28,芦屋,2,6-2-1,461.6
20260328_芦屋_2,2026-03-28,芦屋,2,1-3-4,30.6
20260328_芦屋_2,2026-03-28,芦屋,2,2-3-4,48.2
20260328_芦屋_2,2026-03-28,芦屋,2,3-2-4,56.2
20260328_芦屋_2,2026-03-28,芦屋,2,4-2-3,83.7
20260328_芦屋_2,2026-03-28,芦屋,2,5-2-3,517.7
20260328_芦屋_2,2026-03-28,芦屋,2,6-2-3,734.9
20260328_芦屋_2,2026-03-28,芦屋,2,1-3-5,108.9
20260328_芦屋_2,2026-03-28,芦屋,2,2-3-5,178.5
20260328_芦屋_2,2026-03-28,芦屋,2,3-2-5,203.9
20260328_芦屋_2,2026-03-28,芦屋,2,4-2-5,70.3
20260328_芦屋_2,2026-03-28,芦屋,2,5-2-4,287.5
20260328_芦屋_2,2026-03-28,芦屋,2,6-2-4,194.7
20260328_芦屋_2,2026-03-28,芦屋,2,1-3-6,117.7
20260328_芦屋_2,2026-03-28,芦屋,2,2-3-6,130.4
20260328_芦屋_2,2026-03-28,芦屋,2,3-2-6,159.6
20260328_芦屋_2,2026-03-28,芦屋,2,4-2-6,34.9
20260328_芦屋_2,2026-03-28,芦屋,2,5-2-6,430.0
20260328_芦屋_2,2026-03-28,芦屋,2,6-2-5,711.7
20260328_芦屋_2,2026-03-28,芦屋,2,1-4-2,14.3
20260328_芦屋_2,2026-03-28,芦屋,2,2-4-1,34.8
20260328_芦屋_2,2026-03-28,芦屋,2,3-4-1,73.0
20260328_芦屋_2,2026-03-28,芦屋,2,4-3-1,128.2
20260328_芦屋_2,2026-03-28,芦屋,2,5-3-1,668.3
20260328_芦屋_2,2026-03-28,芦屋,2,6-3-1,1720.0
20260328_芦屋_2,2026-03-28,芦屋,2,1-4-3,31.8
20260328_芦屋_2,2026-03-28,芦屋,2,2-4-3,48.3
20260328_芦屋_2,2026-03-28,芦屋,2,3-4-2,65.9
20260328_芦屋_2,2026-03-28,芦屋,2,4-3-2,119.4
20260328_芦屋_2,2026-03-28,芦屋,2,5-3-2,675.4
20260328_芦屋_2,2026-03-28,芦屋,2,6-3-2,1187.0
20260328_芦屋_2,2026-03-28,芦屋,2,1-4-5,31.4
20260328_芦屋_2,2026-03-28,芦屋,2,2-4-5,76.5
20260328_芦屋_2,2026-03-28,芦屋,2,3-4-5,127.9
20260328_芦屋_2,2026-03-28,芦屋,2,4-3-5,164.7
20260328_芦屋_2,2026-03-28,芦屋,2,5-3-4,534.3
20260328_芦屋_2,2026-03-28,芦屋,2,6-3-4,935.6
20260328_芦屋_2,2026-03-28,芦屋,2,1-4-6,29.2
20260328_芦屋_2,2026-03-28,芦屋,2,2-4-6,32.2
20260328_芦屋_2,2026-03-28,芦屋,2,3-4-6,97.3
20260328_芦屋_2,2026-03-28,芦屋,2,4-3-6,130.7
20260328_芦屋_2,2026-03-28,芦屋,2,5-3-6,794.2
20260328_芦屋_2,2026-03-28,芦屋,2,6-3-5,1667.0
20260328_芦屋_2,2026-03-28,芦屋,2,1-5-2,121.4
20260328_芦屋_2,2026-03-28,芦屋,2,2-5-1,270.7
20260328_芦屋_2,2026-03-28,芦屋,2,3-5-1,384.7
20260328_芦屋_2,2026-03-28,芦屋,2,4-5-1,47.3
20260328_芦屋_2,2026-03-28,芦屋,2,5-4-1,157.0
20260328_芦屋_2,2026-03-28,芦屋,2,6-4-1,281.6
20260328_芦屋_2,2026-03-28,芦屋,2,1-5-3,189.6
20260328_芦屋_2,2026-03-28,芦屋,2,2-5-3,338.8
20260328_芦屋_2,2026-03-28,芦屋,2,3-5-2,363.9
20260328_芦屋_2,2026-03-28,芦屋,2,4-5-2,56.9
20260328_芦屋_2,2026-03-28,芦屋,2,5-4-2,189.5
20260328_芦屋_2,2026-03-28,芦屋,2,6-4-2,163.5
20260328_芦屋_2,2026-03-28,芦屋,2,1-5-4,76.8
20260328_芦屋_2,2026-03-28,芦屋,2,2-5-4,189.5
20260328_芦屋_2,2026-03-28,芦屋,2,3-5-4,238.5
20260328_芦屋_2,2026-03-28,芦屋,2,4-5-3,134.7
20260328_芦屋_2,2026-03-28,芦屋,2,5-4-3,309.6
20260328_芦屋_2,2026-03-28,芦屋,2,6-4-3,632.0
20260328_芦屋_2,2026-03-28,芦屋,2,1-5-6,167.4
20260328_芦屋_2,2026-03-28,芦屋,2,2-5-6,273.2
20260328_芦屋_2,2026-03-28,芦屋,2,3-5-6,470.1
20260328_芦屋_2,2026-03-28,芦屋,2,4-5-6,34.5
20260328_芦屋_2,2026-03-28,芦屋,2,5-4-6,131.4
20260328_芦屋_2,2026-03-28,芦屋,2,6-4-5,268.0
20260328_芦屋_2,2026-03-28,芦屋,2,1-6-2,136.3
20260328_芦屋_2,2026-03-28,芦屋,2,2-6-1,171.8
20260328_芦屋_2,2026-03-28,芦屋,2,3-6-1,550.4
20260328_芦屋_2,2026-03-28,芦屋,2,4-6-1,57.1
20260328_芦屋_2,2026-03-28,芦屋,2,5-6-1,402.9
20260328_芦屋_2,2026-03-28,芦屋,2,6-5-1,807.6
20260328_芦屋_2,2026-03-28,芦屋,2,1-6-3,295.7
20260328_芦屋_2,2026-03-28,芦屋,2,2-6-3,241.4
20260328_芦屋_2,2026-03-28,芦屋,2,3-6-2,463.3
20260328_芦屋_2,2026-03-28,芦屋,2,4-6-2,43.2
20260328_芦屋_2,2026-03-28,芦屋,2,5-6-2,369.2
20260328_芦屋_2,2026-03-28,芦屋,2,6-5-2,591.1
20260328_芦屋_2,2026-03-28,芦屋,2,1-6-4,99.6
20260328_芦屋_2,2026-03-28,芦屋,2,2-6-4,86.5
20260328_芦屋_2,2026-03-28,芦屋,2,3-6-4,288.0
20260328_芦屋_2,2026-03-28,芦屋,2,4-6-3,149.3
20260328_芦屋_2,2026-03-28,芦屋,2,5-6-3,685.0
20260328_芦屋_2,2026-03-28,芦屋,2,6-5-3,1266.0
20260328_芦屋_2,2026-03-28,芦屋,2,1-6-5,250.2
20260328_芦屋_2,2026-03-28,芦屋,2,2-6-5,306.1
20260328_芦屋_2,2026-03-28,芦屋,2,3-6-5,733.5
20260328_芦屋_2,2026-03-28,芦屋,2,4-6-5,50.2
20260328_芦屋_2,2026-03-28,芦屋,2,5-6-4,202.5
20260328_芦屋_2,2026-03-28,芦屋,2,6-5-4,319.1
20260328_芦屋_3,2026-03-28,芦屋,3,1-2-3,13.0
20260328_芦屋_3,2026-03-28,芦屋,3,2-1-3,30.7
20260328_芦屋_3,2026-03-28,芦屋,3,3-1-2,17.4
20260328_芦屋_3,2026-03-28,芦屋,3,4-1-2,545.9
20260328_芦屋_3,2026-03-28,芦屋,3,5-1-2,292.3
20260328_芦屋_3,2026-03-28,芦屋,3,6-1-2,401.2
20260328_芦屋_3,2026-03-28,芦屋,3,1-2-4,63.6
20260328_芦屋_3,2026-03-28,芦屋,3,2-1-4,111.2
20260328_芦屋_3,2026-03-28,芦屋,3,3-1-4,27.9
20260328_芦屋_3,2026-03-28,芦屋,3,4-1-3,278.9
20260328_芦屋_3,2026-03-28,芦屋,3,5-1-3,144.6
20260328_芦屋_3,2026-03-28,芦屋,3,6-1-3,342.9
20260328_芦屋_3,2026-03-28,芦屋,3,1-2-5,36.7
20260328_芦屋_3,2026-03-28,芦屋,3,2-1-5,68.8
20260328_芦屋_3,2026-03-28,芦屋,3,3-1-5,15.5
20260328_芦屋_3,2026-03-28,芦屋,3,4-1-5,405.7
20260328_芦屋_3,2026-03-28,芦屋,3,5-1-4,330.5
20260328_芦屋_3,2026-03-28,芦屋,3,6-1-4,1016.0
20260328_芦屋_3,2026-03-28,芦屋,3,1-2-6,39.3
20260328_芦屋_3,2026-03-28,芦屋,3,2-1-6,91.1
20260328_芦屋_3,2026-03-28,芦屋,3,3-1-6,56.2
20260328_芦屋_3,2026-03-28,芦屋,3,4-1-6,879.1
20260328_芦屋_3,2026-03-28,芦屋,3,5-1-6,421.0
20260328_芦屋_3,2026-03-28,芦屋,3,6-1-5,658.1
20260328_芦屋_3,2026-03-28,芦屋,3,1-3-2,9.2
20260328_芦屋_3,2026-03-28,芦屋,3,2-3-1,42.1
20260328_芦屋_3,2026-03-28,芦屋,3,3-2-1,33.3
20260328_芦屋_3,2026-03-28,芦屋,3,4-2-1,692.4
20260328_芦屋_3,2026-03-28,芦屋,3,5-2-1,491.3
20260328_芦屋_3,2026-03-28,芦屋,3,6-2-1,513.1
20260328_芦屋_3,2026-03-28,芦屋,3,1-3-4,20.4
20260328_芦屋_3,2026-03-28,芦屋,3,2-3-4,88.2
20260328_芦屋_3,2026-03-28,芦屋,3,3-2-4,50.9
20260328_芦屋_3,2026-03-28,芦屋,3,4-2-3,427.5
20260328_芦屋_3,2026-03-28,芦屋,3,5-2-3,267.0
20260328_芦屋_3,2026-03-28,芦屋,3,6-2-3,445.0
20260328_芦屋_3,2026-03-28,芦屋,3,1-3-5,12.5
20260328_芦屋_3,2026-03-28,芦屋,3,2-3-5,59.0
20260328_芦屋_3,2026-03-28,芦屋,3,3-2-5,32.3
20260328_芦屋_3,2026-03-28,芦屋,3,4-2-5,574.8
20260328_芦屋_3,2026-03-28,芦屋,3,5-2-4,700.5
20260328_芦屋_3,2026-03-28,芦屋,3,6-2-4,1164.0
20260328_芦屋_3,2026-03-28,芦屋,3,1-3-6,29.7
20260328_芦屋_3,2026-03-28,芦屋,3,2-3-6,104.3
20260328_芦屋_3,2026-03-28,芦屋,3,3-2-6,85.7
20260328_芦屋_3,2026-03-28,芦屋,3,4-2-6,1100.0
20260328_芦屋_3,2026-03-28,芦屋,3,5-2-6,813.3
20260328_芦屋_3,2026-03-28,芦屋,3,6-2-5,811.5
20260328_芦屋_3,2026-03-28,芦屋,3,1-4-2,137.0
20260328_芦屋_3,2026-03-28,芦屋,3,2-4-1,375.9
20260328_芦屋_3,2026-03-28,芦屋,3,3-4-1,49.2
20260328_芦屋_3,2026-03-28,芦屋,3,4-3-1,216.8
20260328_芦屋_3,2026-03-28,芦屋,3,5-3-1,133.5
20260328_芦屋_3,2026-03-28,芦屋,3,6-3-1,370.9
20260328_芦屋_3,2026-03-28,芦屋,3,1-4-3,74.8
20260328_芦屋_3,2026-03-28,芦屋,3,2-4-3,229.7
20260328_芦屋_3,2026-03-28,芦屋,3,3-4-2,57.7
20260328_芦屋_3,2026-03-28,芦屋,3,4-3-2,238.3
20260328_芦屋_3,2026-03-28,芦屋,3,5-3-2,177.2
20260328_芦屋_3,2026-03-28,芦屋,3,6-3-2,419.0
20260328_芦屋_3,2026-03-28,芦屋,3,1-4-5,137.9
20260328_芦屋_3,2026-03-28,芦屋,3,2-4-5,387.7
20260328_芦屋_3,2026-03-28,芦屋,3,3-4-5,34.9
20260328_芦屋_3,2026-03-28,芦屋,3,4-3-5,149.1
20260328_芦屋_3,2026-03-28,芦屋,3,5-3-4,154.4
20260328_芦屋_3,2026-03-28,芦屋,3,6-3-4,753.5
20260328_芦屋_3,2026-03-28,芦屋,3,1-4-6,250.4
20260328_芦屋_3,2026-03-28,芦屋,3,2-4-6,601.8
20260328_芦屋_3,2026-03-28,芦屋,3,3-4-6,143.9
20260328_芦屋_3,2026-03-28,芦屋,3,4-3-6,523.6
20260328_芦屋_3,2026-03-28,芦屋,3,5-3-6,351.6
20260328_芦屋_3,2026-03-28,芦屋,3,6-3-5,473.8
20260328_芦屋_3,2026-03-28,芦屋,3,1-5-2,76.5
20260328_芦屋_3,2026-03-28,芦屋,3,2-5-1,216.3
20260328_芦屋_3,2026-03-28,芦屋,3,3-5-1,26.2
20260328_芦屋_3,2026-03-28,芦屋,3,4-5-1,429.0
20260328_芦屋_3,2026-03-28,芦屋,3,5-4-1,628.1
20260328_芦屋_3,2026-03-28,芦屋,3,6-4-1,1630.0
20260328_芦屋_3,2026-03-28,芦屋,3,1-5-3,43.4
20260328_芦屋_3,2026-03-28,芦屋,3,2-5-3,134.6
20260328_芦屋_3,2026-03-28,芦屋,3,3-5-2,32.1
20260328_芦屋_3,2026-03-28,芦屋,3,4-5-2,552.6
20260328_芦屋_3,2026-03-28,芦屋,3,5-4-2,773.0
20260328_芦屋_3,2026-03-28,芦屋,3,6-4-2,1384.0
20260328_芦屋_3,2026-03-28,芦屋,3,1-5-4,125.4
20260328_芦屋_3,2026-03-28,芦屋,3,2-5-4,367.8
20260328_芦屋_3,2026-03-28,芦屋,3,3-5-4,28.2
20260328_芦屋_3,2026-03-28,芦屋,3,4-5-3,257.8
20260328_芦屋_3,2026-03-28,芦屋,3,5-4-3,324.9
20260328_芦屋_3,2026-03-28,芦屋,3,6-4-3,1313.0
20260328_芦屋_3,2026-03-28,芦屋,3,1-5-6,135.4
20260328_芦屋_3,2026-03-28,芦屋,3,2-5-6,361.2
20260328_芦屋_3,2026-03-28,芦屋,3,3-5-6,82.8
20260328_芦屋_3,2026-03-28,芦屋,3,4-5-6,854.0
20260328_芦屋_3,2026-03-28,芦屋,3,5-4-6,1033.0
20260328_芦屋_3,2026-03-28,芦屋,3,6-4-5,1887.0
20260328_芦屋_3,2026-03-28,芦屋,3,1-6-2,61.4
20260328_芦屋_3,2026-03-28,芦屋,3,2-6-1,226.8
20260328_芦屋_3,2026-03-28,芦屋,3,3-6-1,149.3
20260328_芦屋_3,2026-03-28,芦屋,3,4-6-1,1470.0
20260328_芦屋_3,2026-03-28,芦屋,3,5-6-1,1010.0
20260328_芦屋_3,2026-03-28,芦屋,3,6-5-1,1016.0
20260328_芦屋_3,2026-03-28,芦屋,3,1-6-3,49.2
20260328_芦屋_3,2026-03-28,芦屋,3,2-6-3,178.0
20260328_芦屋_3,2026-03-28,芦屋,3,3-6-2,190.5
20260328_芦屋_3,2026-03-28,芦屋,3,4-6-2,1507.0
20260328_芦屋_3,2026-03-28,芦屋,3,5-6-2,1245.0
20260328_芦屋_3,2026-03-28,芦屋,3,6-5-2,1110.0
20260328_芦屋_3,2026-03-28,芦屋,3,1-6-4,174.7
20260328_芦屋_3,2026-03-28,芦屋,3,2-6-4,510.2
20260328_芦屋_3,2026-03-28,芦屋,3,3-6-4,231.2
20260328_芦屋_3,2026-03-28,芦屋,3,4-6-3,1090.0
20260328_芦屋_3,2026-03-28,芦屋,3,5-6-3,735.0
20260328_芦屋_3,2026-03-28,芦屋,3,6-5-3,824.5
20260328_芦屋_3,2026-03-28,芦屋,3,1-6-5,115.3
20260328_芦屋_3,2026-03-28,芦屋,3,2-6-5,343.2
20260328_芦屋_3,2026-03-28,芦屋,3,3-6-5,157.1
20260328_芦屋_3,2026-03-28,芦屋,3,4-6-5,1328.0
20260328_芦屋_3,2026-03-28,芦屋,3,5-6-4,1294.0
20260328_芦屋_3,2026-03-28,芦屋,3,6-5-4,1637.0
20260328_芦屋_4,2026-03-28,芦屋,4,1-2-3,8.7
20260328_芦屋_4,2026-03-28,芦屋,4,2-1-3,99.3
20260328_芦屋_4,2026-03-28,芦屋,4,3-1-2,129.5
20260328_芦屋_4,2026-03-28,芦屋,4,4-1-2,74.5
20260328_芦屋_4,2026-03-28,芦屋,4,5-1-2,489.0
20260328_芦屋_4,2026-03-28,芦屋,4,6-1-2,582.5
20260328_芦屋_4,2026-03-28,芦屋,4,1-2-4,6.7
20260328_芦屋_4,2026-03-28,芦屋,4,2-1-4,75.4
20260328_芦屋_4,2026-03-28,芦屋,4,3-1-4,84.7
20260328_芦屋_4,2026-03-28,芦屋,4,4-1-3,112.3
20260328_芦屋_4,2026-03-28,芦屋,4,5-1-3,680.9
20260328_芦屋_4,2026-03-28,芦屋,4,6-1-3,878.5
20260328_芦屋_4,2026-03-28,芦屋,4,1-2-5,23.6
20260328_芦屋_4,2026-03-28,芦屋,4,2-1-5,223.1
20260328_芦屋_4,2026-03-28,芦屋,4,3-1-5,152.6
20260328_芦屋_4,2026-03-28,芦屋,4,4-1-5,100.9
20260328_芦屋_4,2026-03-28,芦屋,4,5-1-4,412.5
20260328_芦屋_4,2026-03-28,芦屋,4,6-1-4,489.6
20260328_芦屋_4,2026-03-28,芦屋,4,1-2-6,21.9
20260328_芦屋_4,2026-03-28,芦屋,4,2-1-6,158.6
20260328_芦屋_4,2026-03-28,芦屋,4,3-1-6,152.3
20260328_芦屋_4,2026-03-28,芦屋,4,4-1-6,74.1
20260328_芦屋_4,2026-03-28,芦屋,4,5-1-6,447.5
20260328_芦屋_4,2026-03-28,芦屋,4,6-1-5,1106.0
20260328_芦屋_4,2026-03-28,芦屋,4,1-3-2,11.7
20260328_芦屋_4,2026-03-28,芦屋,4,2-3-1,232.0
20260328_芦屋_4,2026-03-28,芦屋,4,3-2-1,285.6
20260328_芦屋_4,2026-03-28,芦屋,4,4-2-1,139.6
20260328_芦屋_4,2026-03-28,芦屋,4,5-2-1,845.5
20260328_芦屋_4,2026-03-28,芦屋,4,6-2-1,910.4
20260328_芦屋_4,2026-03-28,芦屋,4,1-3-4,8.1
20260328_芦屋_4,2026-03-28,芦屋,4,2-3-4,188.8
20260328_芦屋_4,2026-03-28,芦屋,4,3-2-4,333.5
20260328_芦屋_4,2026-03-28,芦屋,4,4-2-3,293.0
20260328_芦屋_4,2026-03-28,芦屋,4,5-2-3,1681.0
20260328_芦屋_4,2026-03-28,芦屋,4,6-2-3,1687.0
20260328_芦屋_4,2026-03-28,芦屋,4,1-3-5,19.4
20260328_芦屋_4,2026-03-28,芦屋,4,2-3-5,584.9
20260328_芦屋_4,2026-03-28,芦屋,4,3-2-5,684.2
20260328_芦屋_4,2026-03-28,芦屋,4,4-2-5,379.8
20260328_芦屋_4,2026-03-28,芦屋,4,5-2-4,1404.0
20260328_芦屋_4,2026-03-28,芦屋,4,6-2-4,1109.0
20260328_芦屋_4,2026-03-28,芦屋,4,1-3-6,20.4
20260328_芦屋_4,2026-03-28,芦屋,4,2-3-6,436.1
20260328_芦屋_4,2026-03-28,芦屋,4,3-2-6,561.8
20260328_芦屋_4,2026-03-28,芦屋,4,4-2-6,208.9
20260328_芦屋_4,2026-03-28,芦屋,4,5-2-6,1423.0
20260328_芦屋_4,2026-03-28,芦屋,4,6-2-5,2200.0
20260328_芦屋_4,2026-03-28,芦屋,4,1-4-2,10.4
20260328_芦屋_4,2026-03-28,芦屋,4,2-4-1,168.2
20260328_芦屋_4,2026-03-28,芦屋,4,3-4-1,220.6
20260328_芦屋_4,2026-03-28,芦屋,4,4-3-1,257.0
20260328_芦屋_4,2026-03-28,芦屋,4,5-3-1,1301.0
20260328_芦屋_4,2026-03-28,芦屋,4,6-3-1,1779.0
20260328_芦屋_4,2026-03-28,芦屋,4,1-4-3,14.0
20260328_芦屋_4,2026-03-28,芦屋,4,2-4-3,291.8
20260328_芦屋_4,2026-03-28,芦屋,4,3-4-2,318.8
20260328_芦屋_4,2026-03-28,芦屋,4,4-3-2,406.6
20260328_芦屋_4,2026-03-28,芦屋,4,5-3-2,2124.0
20260328_芦屋_4,2026-03-28,芦屋,4,6-3-2,2167.0
20260328_芦屋_4,2026-03-28,芦屋,4,1-4-5,22.5
20260328_芦屋_4,2026-03-28,芦屋,4,2-4-5,589.7
20260328_芦屋_4,2026-03-28,芦屋,4,3-4-5,422.7
20260328_芦屋_4,2026-03-28,芦屋,4,4-3-5,505.3
20260328_芦屋_4,2026-03-28,芦屋,4,5-3-4,1564.0
20260328_芦屋_4,2026-03-28,芦屋,4,6-3-4,1629.0
20260328_芦屋_4,2026-03-28,芦屋,4,1-4-6,19.6
20260328_芦屋_4,2026-03-28,芦屋,4,2-4-6,283.8
20260328_芦屋_4,2026-03-28,芦屋,4,3-4-6,369.9
20260328_芦屋_4,2026-03-28,芦屋,4,4-3-6,353.1
20260328_芦屋_4,2026-03-28,芦屋,4,5-3-6,1801.0
20260328_芦屋_4,2026-03-28,芦屋,4,6-3-5,2385.0
20260328_芦屋_4,2026-03-28,芦屋,4,1-5-2,51.1
20260328_芦屋_4,2026-03-28,芦屋,4,2-5-1,804.1
20260328_芦屋_4,2026-03-28,芦屋,4,3-5-1,637.2
20260328_芦屋_4,2026-03-28,芦屋,4,4-5-1,141.6
20260328_芦屋_4,2026-03-28,芦屋,4,5-4-1,479.2
20260328_芦屋_4,2026-03-28,芦屋,4,6-4-1,573.8
20260328_芦屋_4,2026-03-28,芦屋,4,1-5-3,48.4
20260328_芦屋_4,2026-03-28,芦屋,4,2-5-3,1150.0
20260328_芦屋_4,2026-03-28,芦屋,4,3-5-2,1002.0
20260328_芦屋_4,2026-03-28,芦屋,4,4-5-2,251.7
20260328_芦屋_4,2026-03-28,芦屋,4,5-4-2,869.6
20260328_芦屋_4,2026-03-28,芦屋,4,6-4-2,944.6
20260328_芦屋_4,2026-03-28,芦屋,4,1-5-4,52.7
20260328_芦屋_4,2026-03-28,芦屋,4,2-5-4,1209.0
20260328_芦屋_4,2026-03-28,芦屋,4,3-5-4,805.6
20260328_芦屋_4,2026-03-28,芦屋,4,4-5-3,329.4
20260328_芦屋_4,2026-03-28,芦屋,4,5-4-3,1313.0
20260328_芦屋_4,2026-03-28,芦屋,4,6-4-3,1575.0
20260328_芦屋_4,2026-03-28,芦屋,4,1-5-6,67.2
20260328_芦屋_4,2026-03-28,芦屋,4,2-5-6,1089.0
20260328_芦屋_4,2026-03-28,芦屋,4,3-5-6,840.5
20260328_芦屋_4,2026-03-28,芦屋,4,4-5-6,147.5
20260328_芦屋_4,2026-03-28,芦屋,4,5-4-6,528.4
20260328_芦屋_4,2026-03-28,芦屋,4,6-4-5,1135.0
20260328_芦屋_4,2026-03-28,芦屋,4,1-6-2,79.2
20260328_芦屋_4,2026-03-28,芦屋,4,2-6-1,570.0
20260328_芦屋_4,2026-03-28,芦屋,4,3-6-1,732.3
20260328_芦屋_4,2026-03-28,芦屋,4,4-6-1,136.8
20260328_芦屋_4,2026-03-28,芦屋,4,5-6-1,838.8
20260328_芦屋_4,2026-03-28,芦屋,4,6-5-1,1687.0
20260328_芦屋_4,2026-03-28,芦屋,4,1-6-3,79.0
20260328_芦屋_4,2026-03-28,芦屋,4,2-6-3,916.2
20260328_芦屋_4,2026-03-28,芦屋,4,3-6-2,1255.0
20260328_芦屋_4,2026-03-28,芦屋,4,4-6-2,238.1
20260328_芦屋_4,2026-03-28,芦屋,4,5-6-2,1681.0
20260328_芦屋_4,2026-03-28,芦屋,4,6-5-2,2295.0
20260328_芦屋_4,2026-03-28,芦屋,4,1-6-4,69.2
20260328_芦屋_4,2026-03-28,芦屋,4,2-6-4,664.0
20260328_芦屋_4,2026-03-28,芦屋,4,3-6-4,942.5
20260328_芦屋_4,2026-03-28,芦屋,4,4-6-3,389.5
20260328_芦屋_4,2026-03-28,芦屋,4,5-6-3,1985.0
20260328_芦屋_4,2026-03-28,芦屋,4,6-5-3,2295.0
20260328_芦屋_4,2026-03-28,芦屋,4,1-6-5,107.7
20260328_芦屋_4,2026-03-28,芦屋,4,2-6-5,1270.0
20260328_芦屋_4,2026-03-28,芦屋,4,3-6-5,1282.0
20260328_芦屋_4,2026-03-28,芦屋,4,4-6-5,218.5
20260328_芦屋_4,2026-03-28,芦屋,4,5-6-4,932.2
20260328_芦屋_4,2026-03-28,芦屋,4,6-5-4,1386.0
20260328_芦屋_5,2026-03-28,芦屋,5,1-2-3,18.1
20260328_芦屋_5,2026-03-28,芦屋,5,2-1-3,101.9
20260328_芦屋_5,2026-03-28,芦屋,5,3-1-2,437.1
20260328_芦屋_5,2026-03-28,芦屋,5,4-1-2,54.0
20260328_芦屋_5,2026-03-28,芦屋,5,5-1-2,67.1
20260328_芦屋_5,2026-03-28,芦屋,5,6-1-2,502.1
20260328_芦屋_5,2026-03-28,芦屋,5,1-2-4,9.4
20260328_芦屋_5,2026-03-28,芦屋,5,2-1-4,47.4
20260328_芦屋_5,2026-03-28,芦屋,5,3-1-4,566.0
20260328_芦屋_5,2026-03-28,芦屋,5,4-1-3,271.7
20260328_芦屋_5,2026-03-28,芦屋,5,5-1-3,258.2
20260328_芦屋_5,2026-03-28,芦屋,5,6-1-3,1180.0
20260328_芦屋_5,2026-03-28,芦屋,5,1-2-5,7.9
20260328_芦屋_5,2026-03-28,芦屋,5,2-1-5,33.6
20260328_芦屋_5,2026-03-28,芦屋,5,3-1-5,519.3
20260328_芦屋_5,2026-03-28,芦屋,5,4-1-5,39.3
20260328_芦屋_5,2026-03-28,芦屋,5,5-1-4,81.4
20260328_芦屋_5,2026-03-28,芦屋,5,6-1-4,510.6
20260328_芦屋_5,2026-03-28,芦屋,5,1-2-6,19.0
20260328_芦屋_5,2026-03-28,芦屋,5,2-1-6,71.5
20260328_芦屋_5,2026-03-28,芦屋,5,3-1-6,757.2
20260328_芦屋_5,2026-03-28,芦屋,5,4-1-6,56.3
20260328_芦屋_5,2026-03-28,芦屋,5,5-1-6,70.1
20260328_芦屋_5,2026-03-28,芦屋,5,6-1-5,500.6
20260328_芦屋_5,2026-03-28,芦屋,5,1-3-2,39.2
20260328_芦屋_5,2026-03-28,芦屋,5,2-3-1,307.5
20260328_芦屋_5,2026-03-28,芦屋,5,3-2-1,764.1
20260328_芦屋_5,2026-03-28,芦屋,5,4-2-1,92.3
20260328_芦屋_5,2026-03-28,芦屋,5,5-2-1,100.5
20260328_芦屋_5,2026-03-28,芦屋,5,6-2-1,677.3
20260328_芦屋_5,2026-03-28,芦屋,5,1-3-4,55.8
20260328_芦屋_5,2026-03-28,芦屋,5,2-3-4,309.7
20260328_芦屋_5,2026-03-28,芦屋,5,3-2-4,534.3
20260328_芦屋_5,2026-03-28,芦屋,5,4-2-3,332.2
20260328_芦屋_5,2026-03-28,芦屋,5,5-2-3,471.6
20260328_芦屋_5,2026-03-28,芦屋,5,6-2-3,1776.0
20260328_芦屋_5,2026-03-28,芦屋,5,1-3-5,52.2
20260328_芦屋_5,2026-03-28,芦屋,5,2-3-5,364.1
20260328_芦屋_5,2026-03-28,芦屋,5,3-2-5,895.3
20260328_芦屋_5,2026-03-28,芦屋,5,4-2-5,100.7
20260328_芦屋_5,2026-03-28,芦屋,5,5-2-4,140.0
20260328_芦屋_5,2026-03-28,芦屋,5,6-2-4,789.4
20260328_芦屋_5,2026-03-28,芦屋,5,1-3-6,92.4
20260328_芦屋_5,2026-03-28,芦屋,5,2-3-6,586.9
20260328_芦屋_5,2026-03-28,芦屋,5,3-2-6,1314.0
20260328_芦屋_5,2026-03-28,芦屋,5,4-2-6,129.3
20260328_芦屋_5,2026-03-28,芦屋,5,5-2-6,145.6
20260328_芦屋_5,2026-03-28,芦屋,5,6-2-5,448.8
20260328_芦屋_5,2026-03-28,芦屋,5,1-4-2,17.3
20260328_芦屋_5,2026-03-28,芦屋,5,2-4-1,111.0
20260328_芦屋_5,2026-03-28,芦屋,5,3-4-1,1024.0
20260328_芦屋_5,2026-03-28,芦屋,5,4-3-1,667.8
20260328_芦屋_5,2026-03-28,芦屋,5,5-3-1,876.5
20260328_芦屋_5,2026-03-28,芦屋,5,6-3-1,1876.0
20260328_芦屋_5,2026-03-28,芦屋,5,1-4-3,62.8
20260328_芦屋_5,2026-03-28,芦屋,5,2-4-3,278.9
20260328_芦屋_5,2026-03-28,芦屋,5,3-4-2,592.1
20260328_芦屋_5,2026-03-28,芦屋,5,4-3-2,489.6
20260328_芦屋_5,2026-03-28,芦屋,5,5-3-2,764.1
20260328_芦屋_5,2026-03-28,芦屋,5,6-3-2,2419.0
20260328_芦屋_5,2026-03-28,芦屋,5,1-4-5,20.4
20260328_芦屋_5,2026-03-28,芦屋,5,2-4-5,122.2
20260328_芦屋_5,2026-03-28,芦屋,5,3-4-5,1314.0
20260328_芦屋_5,2026-03-28,芦屋,5,4-3-5,826.6
20260328_芦屋_5,2026-03-28,芦屋,5,5-3-4,1524.0
20260328_芦屋_5,2026-03-28,芦屋,5,6-3-4,2127.0
20260328_芦屋_5,2026-03-28,芦屋,5,1-4-6,31.5
20260328_芦屋_5,2026-03-28,芦屋,5,2-4-6,195.5
20260328_芦屋_5,2026-03-28,芦屋,5,3-4-6,1517.0
20260328_芦屋_5,2026-03-28,芦屋,5,4-3-6,774.8
20260328_芦屋_5,2026-03-28,芦屋,5,5-3-6,1113.0
20260328_芦屋_5,2026-03-28,芦屋,5,6-3-5,2303.0
20260328_芦屋_5,2026-03-28,芦屋,5,1-5-2,13.6
20260328_芦屋_5,2026-03-28,芦屋,5,2-5-1,86.1
20260328_芦屋_5,2026-03-28,芦屋,5,3-5-1,1201.0
20260328_芦屋_5,2026-03-28,芦屋,5,4-5-1,37.9
20260328_芦屋_5,2026-03-28,芦屋,5,5-4-1,73.3
20260328_芦屋_5,2026-03-28,芦屋,5,6-4-1,566.9
20260328_芦屋_5,2026-03-28,芦屋,5,1-5-3,46.7
20260328_芦屋_5,2026-03-28,芦屋,5,2-5-3,350.0
20260328_芦屋_5,2026-03-28,芦屋,5,3-5-2,1109.0
20260328_芦屋_5,2026-03-28,芦屋,5,4-5-2,60.6
20260328_芦屋_5,2026-03-28,芦屋,5,5-4-2,100.2
20260328_芦屋_5,2026-03-28,芦屋,5,6-4-2,738.8
20260328_芦屋_5,2026-03-28,芦屋,5,1-5-4,24.1
20260328_芦屋_5,2026-03-28,芦屋,5,2-5-4,140.1
20260328_芦屋_5,2026-03-28,芦屋,5,3-5-4,1686.0
20260328_芦屋_5,2026-03-28,芦屋,5,4-5-3,325.4
20260328_芦屋_5,2026-03-28,芦屋,5,5-4-3,516.9
20260328_芦屋_5,2026-03-28,芦屋,5,6-4-3,1795.0
20260328_芦屋_5,2026-03-28,芦屋,5,1-5-6,25.1
20260328_芦屋_5,2026-03-28,芦屋,5,2-5-6,115.7
20260328_芦屋_5,2026-03-28,芦屋,5,3-5-6,1294.0
20260328_芦屋_5,2026-03-28,芦屋,5,4-5-6,40.3
20260328_芦屋_5,2026-03-28,芦屋,5,5-4-6,66.5
20260328_芦屋_5,2026-03-28,芦屋,5,6-4-5,420.0
20260328_芦屋_5,2026-03-28,芦屋,5,1-6-2,64.1
20260328_芦屋_5,2026-03-28,芦屋,5,2-6-1,279.2
20260328_芦屋_5,2026-03-28,芦屋,5,3-6-1,1964.0
20260328_芦屋_5,2026-03-28,芦屋,5,4-6-1,103.4
20260328_芦屋_5,2026-03-28,芦屋,5,5-6-1,133.8
20260328_芦屋_5,2026-03-28,芦屋,5,6-5-1,566.9
20260328_芦屋_5,2026-03-28,芦屋,5,1-6-3,203.1
20260328_芦屋_5,2026-03-28,芦屋,5,2-6-3,897.7
20260328_芦屋_5,2026-03-28,芦屋,5,3-6-2,1941.0
20260328_芦屋_5,2026-03-28,芦屋,5,4-6-2,154.8
20260328_芦屋_5,2026-03-28,芦屋,5,5-6-2,149.9
20260328_芦屋_5,2026-03-28,芦屋,5,6-5-2,441.1
20260328_芦屋_5,2026-03-28,芦屋,5,1-6-4,86.9
20260328_芦屋_5,2026-03-28,芦屋,5,2-6-4,409.7
20260328_芦屋_5,2026-03-28,芦屋,5,3-6-4,1941.0
20260328_芦屋_5,2026-03-28,芦屋,5,4-6-3,566.0
20260328_芦屋_5,2026-03-28,芦屋,5,5-6-3,663.9
20260328_芦屋_5,2026-03-28,芦屋,5,6-5-3,1712.0
20260328_芦屋_5,2026-03-28,芦屋,5,1-6-5,62.9
20260328_芦屋_5,2026-03-28,芦屋,5,2-6-5,217.8
20260328_芦屋_5,2026-03-28,芦屋,5,3-6-5,1686.0
20260328_芦屋_5,2026-03-28,芦屋,5,4-6-5,87.0
20260328_芦屋_5,2026-03-28,芦屋,5,5-6-4,140.5
20260328_芦屋_5,2026-03-28,芦屋,5,6-5-4,424.8
20260328_芦屋_6,2026-03-28,芦屋,6,1-2-3,73.6
20260328_芦屋_6,2026-03-28,芦屋,6,2-1-3,370.5
20260328_芦屋_6,2026-03-28,芦屋,6,3-1-2,372.6
20260328_芦屋_6,2026-03-28,芦屋,6,4-1-2,138.7
20260328_芦屋_6,2026-03-28,芦屋,6,5-1-2,114.7
20260328_芦屋_6,2026-03-28,芦屋,6,6-1-2,453.5
20260328_芦屋_6,2026-03-28,芦屋,6,1-2-4,34.1
20260328_芦屋_6,2026-03-28,芦屋,6,2-1-4,323.1
20260328_芦屋_6,2026-03-28,芦屋,6,3-1-4,231.1
20260328_芦屋_6,2026-03-28,芦屋,6,4-1-3,152.9
20260328_芦屋_6,2026-03-28,芦屋,6,5-1-3,100.5
20260328_芦屋_6,2026-03-28,芦屋,6,6-1-3,384.5
20260328_芦屋_6,2026-03-28,芦屋,6,1-2-5,42.1
20260328_芦屋_6,2026-03-28,芦屋,6,2-1-5,354.5
20260328_芦屋_6,2026-03-28,芦屋,6,3-1-5,156.7
20260328_芦屋_6,2026-03-28,芦屋,6,4-1-5,32.3
20260328_芦屋_6,2026-03-28,芦屋,6,5-1-4,32.0
20260328_芦屋_6,2026-03-28,芦屋,6,6-1-4,188.3
20260328_芦屋_6,2026-03-28,芦屋,6,1-2-6,52.2
20260328_芦屋_6,2026-03-28,芦屋,6,2-1-6,344.3
20260328_芦屋_6,2026-03-28,芦屋,6,3-1-6,221.3
20260328_芦屋_6,2026-03-28,芦屋,6,4-1-6,38.1
20260328_芦屋_6,2026-03-28,芦屋,6,5-1-6,24.6
20260328_芦屋_6,2026-03-28,芦屋,6,6-1-5,109.3
20260328_芦屋_6,2026-03-28,芦屋,6,1-3-2,66.6
20260328_芦屋_6,2026-03-28,芦屋,6,2-3-1,700.5
20260328_芦屋_6,2026-03-28,芦屋,6,3-2-1,625.5
20260328_芦屋_6,2026-03-28,芦屋,6,4-2-1,390.3
20260328_芦屋_6,2026-03-28,芦屋,6,5-2-1,339.7
20260328_芦屋_6,2026-03-28,芦屋,6,6-2-1,881.7
20260328_芦屋_6,2026-03-28,芦屋,6,1-3-4,33.2
20260328_芦屋_6,2026-03-28,芦屋,6,2-3-4,870.4
20260328_芦屋_6,2026-03-28,芦屋,6,3-2-4,859.4
20260328_芦屋_6,2026-03-28,芦屋,6,4-2-3,828.1
20260328_芦屋_6,2026-03-28,芦屋,6,5-2-3,571.3
20260328_芦屋_6,2026-03-28,芦屋,6,6-2-3,1038.0
20260328_芦屋_6,2026-03-28,芦屋,6,1-3-5,32.0
20260328_芦屋_6,2026-03-28,芦屋,6,2-3-5,881.7
20260328_芦屋_6,2026-03-28,芦屋,6,3-2-5,710.2
20260328_芦屋_6,2026-03-28,芦屋,6,4-2-5,399.5
20260328_芦屋_6,2026-03-28,芦屋,6,5-2-4,458.6
20260328_芦屋_6,2026-03-28,芦屋,6,6-2-4,1123.0
20260328_芦屋_6,2026-03-28,芦屋,6,1-3-6,47.8
20260328_芦屋_6,2026-03-28,芦屋,6,2-3-6,1111.0
20260328_芦屋_6,2026-03-28,芦屋,6,3-2-6,969.4
20260328_芦屋_6,2026-03-28,芦屋,6,4-2-6,398.7
20260328_芦屋_6,2026-03-28,芦屋,6,5-2-6,286.0
20260328_芦屋_6,2026-03-28,芦屋,6,6-2-5,727.9
20260328_芦屋_6,2026-03-28,芦屋,6,1-4-2,31.2
20260328_芦屋_6,2026-03-28,芦屋,6,2-4-1,606.9
20260328_芦屋_6,2026-03-28,芦屋,6,3-4-1,437.0
20260328_芦屋_6,2026-03-28,芦屋,6,4-3-1,393.3
20260328_芦屋_6,2026-03-28,芦屋,6,5-3-1,240.6
20260328_芦屋_6,2026-03-28,芦屋,6,6-3-1,657.7
20260328_芦屋_6,2026-03-28,芦屋,6,1-4-3,29.0
20260328_芦屋_6,2026-03-28,芦屋,6,2-4-3,1123.0
20260328_芦屋_6,2026-03-28,芦屋,6,3-4-2,881.7
20260328_芦屋_6,2026-03-28,芦屋,6,4-3-2,506.3
20260328_芦屋_6,2026-03-28,芦屋,6,5-3-2,394.9
20260328_芦屋_6,2026-03-28,芦屋,6,6-3-2,651.4
20260328_芦屋_6,2026-03-28,芦屋,6,1-4-5,11.0
20260328_芦屋_6,2026-03-28,芦屋,6,2-4-5,802.1
20260328_芦屋_6,2026-03-28,芦屋,6,3-4-5,386.6
20260328_芦屋_6,2026-03-28,芦屋,6,4-3-5,397.2
20260328_芦屋_6,2026-03-28,芦屋,6,5-3-4,388.1
20260328_芦屋_6,2026-03-28,芦屋,6,6-3-4,997.8
20260328_芦屋_6,2026-03-28,芦屋,6,1-4-6,12.2
20260328_芦屋_6,2026-03-28,芦屋,6,2-4-6,799.0
20260328_芦屋_6,2026-03-28,芦屋,6,3-4-6,443.7
20260328_芦屋_6,2026-03-28,芦屋,6,4-3-6,360.1
20260328_芦屋_6,2026-03-28,芦屋,6,5-3-6,217.8
20260328_芦屋_6,2026-03-28,芦屋,6,6-3-5,447.6
20260328_芦屋_6,2026-03-28,芦屋,6,1-5-2,41.5
20260328_芦屋_6,2026-03-28,芦屋,6,2-5-1,612.4
20260328_芦屋_6,2026-03-28,芦屋,6,3-5-1,234.0
20260328_芦屋_6,2026-03-28,芦屋,6,4-5-1,30.4
20260328_芦屋_6,2026-03-28,芦屋,6,5-4-1,40.4
20260328_芦屋_6,2026-03-28,芦屋,6,6-4-1,251.6
20260328_芦屋_6,2026-03-28,芦屋,6,1-5-3,32.8
20260328_芦屋_6,2026-03-28,芦屋,6,2-5-3,848.7
20260328_芦屋_6,2026-03-28,芦屋,6,3-5-2,601.6
20260328_芦屋_6,2026-03-28,芦屋,6,4-5-2,134.8
20260328_芦屋_6,2026-03-28,芦屋,6,5-4-2,159.8
20260328_芦屋_6,2026-03-28,芦屋,6,6-4-2,487.0
20260328_芦屋_6,2026-03-28,芦屋,6,1-5-4,13.7
20260328_芦屋_6,2026-03-28,芦屋,6,2-5-4,955.8
20260328_芦屋_6,2026-03-28,芦屋,6,3-5-4,401.8
20260328_芦屋_6,2026-03-28,芦屋,6,4-5-3,151.3
20260328_芦屋_6,2026-03-28,芦屋,6,5-4-3,208.0
20260328_芦屋_6,2026-03-28,芦屋,6,6-4-3,824.8
20260328_芦屋_6,2026-03-28,芦屋,6,1-5-6,12.5
20260328_芦屋_6,2026-03-28,芦屋,6,2-5-6,599.8
20260328_芦屋_6,2026-03-28,芦屋,6,3-5-6,244.1
20260328_芦屋_6,2026-03-28,芦屋,6,4-5-6,25.0
20260328_芦屋_6,2026-03-28,芦屋,6,5-4-6,27.5
20260328_芦屋_6,2026-03-28,芦屋,6,6-4-5,124.0
20260328_芦屋_6,2026-03-28,芦屋,6,1-6-2,98.4
20260328_芦屋_6,2026-03-28,芦屋,6,2-6-1,885.5
20260328_芦屋_6,2026-03-28,芦屋,6,3-6-1,551.3
20260328_芦屋_6,2026-03-28,芦屋,6,4-6-1,65.2
20260328_芦屋_6,2026-03-28,芦屋,6,5-6-1,38.7
20260328_芦屋_6,2026-03-28,芦屋,6,6-5-1,115.2
20260328_芦屋_6,2026-03-28,芦屋,6,1-6-3,96.5
20260328_芦屋_6,2026-03-28,芦屋,6,2-6-3,1247.0
20260328_芦屋_6,2026-03-28,芦屋,6,3-6-2,1224.0
20260328_芦屋_6,2026-03-28,芦屋,6,4-6-2,231.6
20260328_芦屋_6,2026-03-28,芦屋,6,5-6-2,136.4
20260328_芦屋_6,2026-03-28,芦屋,6,6-5-2,323.1
20260328_芦屋_6,2026-03-28,芦屋,6,1-6-4,33.8
20260328_芦屋_6,2026-03-28,芦屋,6,2-6-4,1049.0
20260328_芦屋_6,2026-03-28,芦屋,6,3-6-4,786.7
20260328_芦屋_6,2026-03-28,芦屋,6,4-6-3,302.1
20260328_芦屋_6,2026-03-28,芦屋,6,5-6-3,126.9
20260328_芦屋_6,2026-03-28,芦屋,6,6-5-3,293.9
20260328_芦屋_6,2026-03-28,芦屋,6,1-6-5,31.8
20260328_芦屋_6,2026-03-28,芦屋,6,2-6-5,763.2
20260328_芦屋_6,2026-03-28,芦屋,6,3-6-5,381.6
20260328_芦屋_6,2026-03-28,芦屋,6,4-6-5,46.6
20260328_芦屋_6,2026-03-28,芦屋,6,5-6-4,40.3
20260328_芦屋_6,2026-03-28,芦屋,6,6-5-4,109.6
20260328_芦屋_7,2026-03-28,芦屋,7,1-2-3,7.7
20260328_芦屋_7,2026-03-28,芦屋,7,2-1-3,58.7
20260328_芦屋_7,2026-03-28,芦屋,7,3-1-2,88.8
20260328_芦屋_7,2026-03-28,芦屋,7,4-1-2,84.0
20260328_芦屋_7,2026-03-28,芦屋,7,5-1-2,241.8
20260328_芦屋_7,2026-03-28,芦屋,7,6-1-2,1203.0
20260328_芦屋_7,2026-03-28,芦屋,7,1-2-4,9.4
20260328_芦屋_7,2026-03-28,芦屋,7,2-1-4,65.5
20260328_芦屋_7,2026-03-28,芦屋,7,3-1-4,74.8
20260328_芦屋_7,2026-03-28,芦屋,7,4-1-3,107.5
20260328_芦屋_7,2026-03-28,芦屋,7,5-1-3,254.8
20260328_芦屋_7,2026-03-28,芦屋,7,6-1-3,1235.0
20260328_芦屋_7,2026-03-28,芦屋,7,1-2-5,13.1
20260328_芦屋_7,2026-03-28,芦屋,7,2-1-5,103.1
20260328_芦屋_7,2026-03-28,芦屋,7,3-1-5,96.8
20260328_芦屋_7,2026-03-28,芦屋,7,4-1-5,60.8
20260328_芦屋_7,2026-03-28,芦屋,7,5-1-4,221.2
20260328_芦屋_7,2026-03-28,芦屋,7,6-1-4,1148.0
20260328_芦屋_7,2026-03-28,芦屋,7,1-2-6,43.1
20260328_芦屋_7,2026-03-28,芦屋,7,2-1-6,207.2
20260328_芦屋_7,2026-03-28,芦屋,7,3-1-6,253.9
20260328_芦屋_7,2026-03-28,芦屋,7,4-1-6,136.3
20260328_芦屋_7,2026-03-28,芦屋,7,5-1-6,340.6
20260328_芦屋_7,2026-03-28,芦屋,7,6-1-5,1376.0
20260328_芦屋_7,2026-03-28,芦屋,7,1-3-2,9.5
20260328_芦屋_7,2026-03-28,芦屋,7,2-3-1,140.1
20260328_芦屋_7,2026-03-28,芦屋,7,3-2-1,177.6
20260328_芦屋_7,2026-03-28,芦屋,7,4-2-1,194.3
20260328_芦屋_7,2026-03-28,芦屋,7,5-2-1,442.9
20260328_芦屋_7,2026-03-28,芦屋,7,6-2-1,1771.0
20260328_芦屋_7,2026-03-28,芦屋,7,1-3-4,9.4
20260328_芦屋_7,2026-03-28,芦屋,7,2-3-4,215.6
20260328_芦屋_7,2026-03-28,芦屋,7,3-2-4,274.7
20260328_芦屋_7,2026-03-28,芦屋,7,4-2-3,354.3
20260328_芦屋_7,2026-03-28,芦屋,7,5-2-3,718.7
20260328_芦屋_7,2026-03-28,芦屋,7,6-2-3,2753.0
20260328_芦屋_7,2026-03-28,芦屋,7,1-3-5,12.7
20260328_芦屋_7,2026-03-28,芦屋,7,2-3-5,311.4
20260328_芦屋_7,2026-03-28,芦屋,7,3-2-5,343.7
20260328_芦屋_7,2026-03-28,芦屋,7,4-2-5,267.9
20260328_芦屋_7,2026-03-28,芦屋,7,5-2-4,899.9
20260328_芦屋_7,2026-03-28,芦屋,7,6-2-4,2381.0
20260328_芦屋_7,2026-03-28,芦屋,7,1-3-6,48.3
20260328_芦屋_7,2026-03-28,芦屋,7,2-3-6,604.6
20260328_芦屋_7,2026-03-28,芦屋,7,3-2-6,647.5
20260328_芦屋_7,2026-03-28,芦屋,7,4-2-6,427.2
20260328_芦屋_7,2026-03-28,芦屋,7,5-2-6,892.8
20260328_芦屋_7,2026-03-28,芦屋,7,6-2-5,2721.0
20260328_芦屋_7,2026-03-28,芦屋,7,1-4-2,14.3
20260328_芦屋_7,2026-03-28,芦屋,7,2-4-1,196.0
20260328_芦屋_7,2026-03-28,芦屋,7,3-4-1,135.0
20260328_芦屋_7,2026-03-28,芦屋,7,4-3-1,178.2
20260328_芦屋_7,2026-03-28,芦屋,7,5-3-1,403.1
20260328_芦屋_7,2026-03-28,芦屋,7,6-3-1,1987.0
20260328_芦屋_7,2026-03-28,芦屋,7,1-4-3,16.3
20260328_芦屋_7,2026-03-28,芦屋,7,2-4-3,292.2
20260328_芦屋_7,2026-03-28,芦屋,7,3-4-2,269.8
20260328_芦屋_7,2026-03-28,芦屋,7,4-3-2,306.4
20260328_芦屋_7,2026-03-28,芦屋,7,5-3-2,807.6
20260328_芦屋_7,2026-03-28,芦屋,7,6-3-2,3312.0
20260328_芦屋_7,2026-03-28,芦屋,7,1-4-5,18.6
20260328_芦屋_7,2026-03-28,芦屋,7,2-4-5,388.0
20260328_芦屋_7,2026-03-28,芦屋,7,3-4-5,224.5
20260328_芦屋_7,2026-03-28,芦屋,7,4-3-5,277.0
20260328_芦屋_7,2026-03-28,芦屋,7,5-3-4,846.5
20260328_芦屋_7,2026-03-28,芦屋,7,6-3-4,2431.0
20260328_芦屋_7,2026-03-28,芦屋,7,1-4-6,42.3
20260328_芦屋_7,2026-03-28,芦屋,7,2-4-6,601.5
20260328_芦屋_7,2026-03-28,芦屋,7,3-4-6,407.4
20260328_芦屋_7,2026-03-28,芦屋,7,4-3-6,504.5
20260328_芦屋_7,2026-03-28,芦屋,7,5-3-6,1313.0
20260328_芦屋_7,2026-03-28,芦屋,7,6-3-5,3312.0
20260328_芦屋_7,2026-03-28,芦屋,7,1-5-2,27.9
20260328_芦屋_7,2026-03-28,芦屋,7,2-5-1,275.7
20260328_芦屋_7,2026-03-28,芦屋,7,3-5-1,226.5
20260328_芦屋_7,2026-03-28,芦屋,7,4-5-1,83.1
20260328_芦屋_7,2026-03-28,芦屋,7,5-4-1,216.6
20260328_芦屋_7,2026-03-28,芦屋,7,6-4-1,1215.0
20260328_芦屋_7,2026-03-28,芦屋,7,1-5-3,26.2
20260328_芦屋_7,2026-03-28,芦屋,7,2-5-3,437.0
20260328_芦屋_7,2026-03-28,芦屋,7,3-5-2,440.4
20260328_芦屋_7,2026-03-28,芦屋,7,4-5-2,168.5
20260328_芦屋_7,2026-03-28,芦屋,7,5-4-2,558.8
20260328_芦屋_7,2026-03-28,芦屋,7,6-4-2,1609.0
20260328_芦屋_7,2026-03-28,芦屋,7,1-5-4,37.5
20260328_芦屋_7,2026-03-28,芦屋,7,2-5-4,550.7
20260328_芦屋_7,2026-03-28,芦屋,7,3-5-4,330.7
20260328_芦屋_7,2026-03-28,芦屋,7,4-5-3,208.5
20260328_芦屋_7,2026-03-28,芦屋,7,5-4-3,568.5
20260328_芦屋_7,2026-03-28,芦屋,7,6-4-3,2484.0
20260328_芦屋_7,2026-03-28,芦屋,7,1-5-6,63.7
20260328_芦屋_7,2026-03-28,芦屋,7,2-5-6,749.4
20260328_芦屋_7,2026-03-28,芦屋,7,3-5-6,631.4
20260328_芦屋_7,2026-03-28,芦屋,7,4-5-6,147.3
20260328_芦屋_7,2026-03-28,芦屋,7,5-4-6,388.0
20260328_芦屋_7,2026-03-28,芦屋,7,6-4-5,1609.0
20260328_芦屋_7,2026-03-28,芦屋,7,1-6-2,128.9
20260328_芦屋_7,2026-03-28,芦屋,7,2-6-1,822.2
20260328_芦屋_7,2026-03-28,芦屋,7,3-6-1,879.1
20260328_芦屋_7,2026-03-28,芦屋,7,4-6-1,287.8
20260328_芦屋_7,2026-03-28,芦屋,7,5-6-1,678.2
20260328_芦屋_7,2026-03-28,芦屋,7,6-5-1,1587.0
20260328_芦屋_7,2026-03-28,芦屋,7,1-6-3,186.4
20260328_芦屋_7,2026-03-28,芦屋,7,2-6-3,1428.0
20260328_芦屋_7,2026-03-28,芦屋,7,3-6-2,1410.0
20260328_芦屋_7,2026-03-28,芦屋,7,4-6-2,396.1
20260328_芦屋_7,2026-03-28,芦屋,7,5-6-2,1160.0
20260328_芦屋_7,2026-03-28,芦屋,7,6-5-2,2484.0
20260328_芦屋_7,2026-03-28,芦屋,7,1-6-4,153.3
20260328_芦屋_7,2026-03-28,芦屋,7,2-6-4,1215.0
20260328_芦屋_7,2026-03-28,芦屋,7,3-6-4,993.8
20260328_芦屋_7,2026-03-28,芦屋,7,4-6-3,694.7
20260328_芦屋_7,2026-03-28,芦屋,7,5-6-3,1419.0
20260328_芦屋_7,2026-03-28,芦屋,7,6-5-3,2968.0
20260328_芦屋_7,2026-03-28,芦屋,7,1-6-5,182.4
20260328_芦屋_7,2026-03-28,芦屋,7,2-6-5,1503.0
20260328_芦屋_7,2026-03-28,芦屋,7,3-6-5,1731.0
20260328_芦屋_7,2026-03-28,芦屋,7,4-6-5,374.7
20260328_芦屋_7,2026-03-28,芦屋,7,5-6-4,907.0
20260328_芦屋_7,2026-03-28,芦屋,7,6-5-4,1828.0
20260328_芦屋_8,2026-03-28,芦屋,8,1-2-3,15.9
20260328_芦屋_8,2026-03-28,芦屋,8,2-1-3,38.6
20260328_芦屋_8,2026-03-28,芦屋,8,3-1-2,53.1
20260328_芦屋_8,2026-03-28,芦屋,8,4-1-2,138.4
20260328_芦屋_8,2026-03-28,芦屋,8,5-1-2,87.3
20260328_芦屋_8,2026-03-28,芦屋,8,6-1-2,458.9
20260328_芦屋_8,2026-03-28,芦屋,8,1-2-4,30.3
20260328_芦屋_8,2026-03-28,芦屋,8,2-1-4,57.9
20260328_芦屋_8,2026-03-28,芦屋,8,3-1-4,73.4
20260328_芦屋_8,2026-03-28,芦屋,8,4-1-3,181.6
20260328_芦屋_8,2026-03-28,芦屋,8,5-1-3,67.8
20260328_芦屋_8,2026-03-28,芦屋,8,6-1-3,389.9
20260328_芦屋_8,2026-03-28,芦屋,8,1-2-5,19.3
20260328_芦屋_8,2026-03-28,芦屋,8,2-1-5,41.8
20260328_芦屋_8,2026-03-28,芦屋,8,3-1-5,36.6
20260328_芦屋_8,2026-03-28,芦屋,8,4-1-5,113.8
20260328_芦屋_8,2026-03-28,芦屋,8,5-1-4,97.8
20260328_芦屋_8,2026-03-28,芦屋,8,6-1-4,460.8
20260328_芦屋_8,2026-03-28,芦屋,8,1-2-6,71.9
20260328_芦屋_8,2026-03-28,芦屋,8,2-1-6,103.2
20260328_芦屋_8,2026-03-28,芦屋,8,3-1-6,99.9
20260328_芦屋_8,2026-03-28,芦屋,8,4-1-6,137.5
20260328_芦屋_8,2026-03-28,芦屋,8,5-1-6,128.4
20260328_芦屋_8,2026-03-28,芦屋,8,6-1-5,472.8
20260328_芦屋_8,2026-03-28,芦屋,8,1-3-2,15.8
20260328_芦屋_8,2026-03-28,芦屋,8,2-3-1,59.5
20260328_芦屋_8,2026-03-28,芦屋,8,3-2-1,95.6
20260328_芦屋_8,2026-03-28,芦屋,8,4-2-1,187.4
20260328_芦屋_8,2026-03-28,芦屋,8,5-2-1,166.2
20260328_芦屋_8,2026-03-28,芦屋,8,6-2-1,746.5
20260328_芦屋_8,2026-03-28,芦屋,8,1-3-4,23.9
20260328_芦屋_8,2026-03-28,芦屋,8,2-3-4,77.9
20260328_芦屋_8,2026-03-28,芦屋,8,3-2-4,114.7
20260328_芦屋_8,2026-03-28,芦屋,8,4-2-3,232.1
20260328_芦屋_8,2026-03-28,芦屋,8,5-2-3,136.8
20260328_芦屋_8,2026-03-28,芦屋,8,6-2-3,724.1
20260328_芦屋_8,2026-03-28,芦屋,8,1-3-5,13.4
20260328_芦屋_8,2026-03-28,芦屋,8,2-3-5,48.8
20260328_芦屋_8,2026-03-28,芦屋,8,3-2-5,76.4
20260328_芦屋_8,2026-03-28,芦屋,8,4-2-5,152.1
20260328_芦屋_8,2026-03-28,芦屋,8,5-2-4,166.0
20260328_芦屋_8,2026-03-28,芦屋,8,6-2-4,650.6
20260328_芦屋_8,2026-03-28,芦屋,8,1-3-6,47.5
20260328_芦屋_8,2026-03-28,芦屋,8,2-3-6,119.7
20260328_芦屋_8,2026-03-28,芦屋,8,3-2-6,183.4
20260328_芦屋_8,2026-03-28,芦屋,8,4-2-6,184.8
20260328_芦屋_8,2026-03-28,芦屋,8,5-2-6,216.8
20260328_芦屋_8,2026-03-28,芦屋,8,6-2-5,764.8
20260328_芦屋_8,2026-03-28,芦屋,8,1-4-2,43.5
20260328_芦屋_8,2026-03-28,芦屋,8,2-4-1,126.9
20260328_芦屋_8,2026-03-28,芦屋,8,3-4-1,155.0
20260328_芦屋_8,2026-03-28,芦屋,8,4-3-1,245.2
20260328_芦屋_8,2026-03-28,芦屋,8,5-3-1,83.5
20260328_芦屋_8,2026-03-28,芦屋,8,6-3-1,516.5
20260328_芦屋_8,2026-03-28,芦屋,8,1-4-3,51.8
20260328_芦屋_8,2026-03-28,芦屋,8,2-4-3,162.5
20260328_芦屋_8,2026-03-28,芦屋,8,3-4-2,172.4
20260328_芦屋_8,2026-03-28,芦屋,8,4-3-2,228.9
20260328_芦屋_8,2026-03-28,芦屋,8,5-3-2,100.9
20260328_芦屋_8,2026-03-28,芦屋,8,6-3-2,560.3
20260328_芦屋_8,2026-03-28,芦屋,8,1-4-5,45.0
20260328_芦屋_8,2026-03-28,芦屋,8,2-4-5,120.1
20260328_芦屋_8,2026-03-28,芦屋,8,3-4-5,110.8
20260328_芦屋_8,2026-03-28,芦屋,8,4-3-5,172.5
20260328_芦屋_8,2026-03-28,芦屋,8,5-3-4,123.4
20260328_芦屋_8,2026-03-28,芦屋,8,6-3-4,490.9
20260328_芦屋_8,2026-03-28,芦屋,8,1-4-6,72.4
20260328_芦屋_8,2026-03-28,芦屋,8,2-4-6,214.3
20260328_芦屋_8,2026-03-28,芦屋,8,3-4-6,188.2
20260328_芦屋_8,2026-03-28,芦屋,8,4-3-6,219.9
20260328_芦屋_8,2026-03-28,芦屋,8,5-3-6,108.0
20260328_芦屋_8,2026-03-28,芦屋,8,6-3-5,367.5
20260328_芦屋_8,2026-03-28,芦屋,8,1-5-2,25.6
20260328_芦屋_8,2026-03-28,芦屋,8,2-5-1,80.8
20260328_芦屋_8,2026-03-28,芦屋,8,3-5-1,53.2
20260328_芦屋_8,2026-03-28,芦屋,8,4-5-1,105.8
20260328_芦屋_8,2026-03-28,芦屋,8,5-4-1,126.3
20260328_芦屋_8,2026-03-28,芦屋,8,6-4-1,522.7
20260328_芦屋_8,2026-03-28,芦屋,8,1-5-3,23.8
20260328_芦屋_8,2026-03-28,芦屋,8,2-5-3,82.7
20260328_芦屋_8,2026-03-28,芦屋,8,3-5-2,67.7
20260328_芦屋_8,2026-03-28,芦屋,8,4-5-2,140.9
20260328_芦屋_8,2026-03-28,芦屋,8,5-4-2,142.8
20260328_芦屋_8,2026-03-28,芦屋,8,6-4-2,457.9
20260328_芦屋_8,2026-03-28,芦屋,8,1-5-4,38.8
20260328_芦屋_8,2026-03-28,芦屋,8,2-5-4,107.6
20260328_芦屋_8,2026-03-28,芦屋,8,3-5-4,82.5
20260328_芦屋_8,2026-03-28,芦屋,8,4-5-3,141.0
20260328_芦屋_8,2026-03-28,芦屋,8,5-4-3,138.5
20260328_芦屋_8,2026-03-28,芦屋,8,6-4-3,614.0
20260328_芦屋_8,2026-03-28,芦屋,8,1-5-6,52.4
20260328_芦屋_8,2026-03-28,芦屋,8,2-5-6,147.3
20260328_芦屋_8,2026-03-28,芦屋,8,3-5-6,67.0
20260328_芦屋_8,2026-03-28,芦屋,8,4-5-6,111.4
20260328_芦屋_8,2026-03-28,芦屋,8,5-4-6,126.9
20260328_芦屋_8,2026-03-28,芦屋,8,6-4-5,482.2
20260328_芦屋_8,2026-03-28,芦屋,8,1-6-2,165.8
20260328_芦屋_8,2026-03-28,芦屋,8,2-6-1,351.0
20260328_芦屋_8,2026-03-28,芦屋,8,3-6-1,243.5
20260328_芦屋_8,2026-03-28,芦屋,8,4-6-1,159.4
20260328_芦屋_8,2026-03-28,芦屋,8,5-6-1,213.5
20260328_芦屋_8,2026-03-28,芦屋,8,6-5-1,572.1
20260328_芦屋_8,2026-03-28,芦屋,8,1-6-3,177.3
20260328_芦屋_8,2026-03-28,芦屋,8,2-6-3,459.8
20260328_芦屋_8,2026-03-28,芦屋,8,3-6-2,286.0
20260328_芦屋_8,2026-03-28,芦屋,8,4-6-2,167.2
20260328_芦屋_8,2026-03-28,芦屋,8,5-6-2,248.2
20260328_芦屋_8,2026-03-28,芦屋,8,6-5-2,615.7
20260328_芦屋_8,2026-03-28,芦屋,8,1-6-4,200.7
20260328_芦屋_8,2026-03-28,芦屋,8,2-6-4,394.1
20260328_芦屋_8,2026-03-28,芦屋,8,3-6-4,256.1
20260328_芦屋_8,2026-03-28,芦屋,8,4-6-3,213.5
20260328_芦屋_8,2026-03-28,芦屋,8,5-6-3,198.8
20260328_芦屋_8,2026-03-28,芦屋,8,6-5-3,419.1
20260328_芦屋_8,2026-03-28,芦屋,8,1-6-5,168.4
20260328_芦屋_8,2026-03-28,芦屋,8,2-6-5,381.7
20260328_芦屋_8,2026-03-28,芦屋,8,3-6-5,151.9
20260328_芦屋_8,2026-03-28,芦屋,8,4-6-5,162.0
20260328_芦屋_8,2026-03-28,芦屋,8,5-6-4,205.4
20260328_芦屋_8,2026-03-28,芦屋,8,6-5-4,457.9
20260328_芦屋_9,2026-03-28,芦屋,9,1-2-3,9.1
20260328_芦屋_9,2026-03-28,芦屋,9,2-1-3,81.7
20260328_芦屋_9,2026-03-28,芦屋,9,3-1-2,89.1
20260328_芦屋_9,2026-03-28,芦屋,9,4-1-2,291.9
20260328_芦屋_9,2026-03-28,芦屋,9,5-1-2,177.3
20260328_芦屋_9,2026-03-28,芦屋,9,6-1-2,108.5
20260328_芦屋_9,2026-03-28,芦屋,9,1-2-4,18.0
20260328_芦屋_9,2026-03-28,芦屋,9,2-1-4,143.9
20260328_芦屋_9,2026-03-28,芦屋,9,3-1-4,154.7
20260328_芦屋_9,2026-03-28,芦屋,9,4-1-3,333.8
20260328_芦屋_9,2026-03-28,芦屋,9,5-1-3,184.7
20260328_芦屋_9,2026-03-28,芦屋,9,6-1-3,102.7
20260328_芦屋_9,2026-03-28,芦屋,9,1-2-5,15.5
20260328_芦屋_9,2026-03-28,芦屋,9,2-1-5,132.1
20260328_芦屋_9,2026-03-28,芦屋,9,3-1-5,129.3
20260328_芦屋_9,2026-03-28,芦屋,9,4-1-5,176.6
20260328_芦屋_9,2026-03-28,芦屋,9,5-1-4,207.8
20260328_芦屋_9,2026-03-28,芦屋,9,6-1-4,178.7
20260328_芦屋_9,2026-03-28,芦屋,9,1-2-6,12.2
20260328_芦屋_9,2026-03-28,芦屋,9,2-1-6,115.7
20260328_芦屋_9,2026-03-28,芦屋,9,3-1-6,104.1
20260328_芦屋_9,2026-03-28,芦屋,9,4-1-6,202.4
20260328_芦屋_9,2026-03-28,芦屋,9,5-1-6,119.8
20260328_芦屋_9,2026-03-28,芦屋,9,6-1-5,142.9
20260328_芦屋_9,2026-03-28,芦屋,9,1-3-2,10.9
20260328_芦屋_9,2026-03-28,芦屋,9,2-3-1,227.0
20260328_芦屋_9,2026-03-28,芦屋,9,3-2-1,219.0
20260328_芦屋_9,2026-03-28,芦屋,9,4-2-1,581.3
20260328_芦屋_9,2026-03-28,芦屋,9,5-2-1,370.8
20260328_芦屋_9,2026-03-28,芦屋,9,6-2-1,222.3
20260328_芦屋_9,2026-03-28,芦屋,9,1-3-4,19.2
20260328_芦屋_9,2026-03-28,芦屋,9,2-3-4,745.9
20260328_芦屋_9,2026-03-28,芦屋,9,3-2-4,646.8
20260328_芦屋_9,2026-03-28,芦屋,9,4-2-3,1098.0
20260328_芦屋_9,2026-03-28,芦屋,9,5-2-3,789.2
20260328_芦屋_9,2026-03-28,芦屋,9,6-2-3,440.4
20260328_芦屋_9,2026-03-28,芦屋,9,1-3-5,13.4
20260328_芦屋_9,2026-03-28,芦屋,9,2-3-5,684.6
20260328_芦屋_9,2026-03-28,芦屋,9,3-2-5,535.4
20260328_芦屋_9,2026-03-28,芦屋,9,4-2-5,883.9
20260328_芦屋_9,2026-03-28,芦屋,9,5-2-4,1173.0
20260328_芦屋_9,2026-03-28,芦屋,9,6-2-4,529.9
20260328_芦屋_9,2026-03-28,芦屋,9,1-3-6,10.6
20260328_芦屋_9,2026-03-28,芦屋,9,2-3-6,452.0
20260328_芦屋_9,2026-03-28,芦屋,9,3-2-6,425.9
20260328_芦屋_9,2026-03-28,芦屋,9,4-2-6,688.2
20260328_芦屋_9,2026-03-28,芦屋,9,5-2-6,585.2
20260328_芦屋_9,2026-03-28,芦屋,9,6-2-5,490.6
20260328_芦屋_9,2026-03-28,芦屋,9,1-4-2,30.0
20260328_芦屋_9,2026-03-28,芦屋,9,2-4-1,486.9
20260328_芦屋_9,2026-03-28,芦屋,9,3-4-1,395.2
20260328_芦屋_9,2026-03-28,芦屋,9,4-3-1,543.3
20260328_芦屋_9,2026-03-28,芦屋,9,5-3-1,437.4
20260328_芦屋_9,2026-03-28,芦屋,9,6-3-1,223.0
20260328_芦屋_9,2026-03-28,芦屋,9,1-4-3,33.9
20260328_芦屋_9,2026-03-28,芦屋,9,2-4-3,1142.0
20260328_芦屋_9,2026-03-28,芦屋,9,3-4-2,886.9
20260328_芦屋_9,2026-03-28,芦屋,9,4-3-2,1167.0
20260328_芦屋_9,2026-03-28,芦屋,9,5-3-2,816.7
20260328_芦屋_9,2026-03-28,芦屋,9,6-3-2,475.3
20260328_芦屋_9,2026-03-28,芦屋,9,1-4-5,31.4
20260328_芦屋_9,2026-03-28,芦屋,9,2-4-5,1122.0
20260328_芦屋_9,2026-03-28,芦屋,9,3-4-5,752.4
20260328_芦屋_9,2026-03-28,芦屋,9,4-3-5,928.4
20260328_芦屋_9,2026-03-28,芦屋,9,5-3-4,1303.0
20260328_芦屋_9,2026-03-28,芦屋,9,6-3-4,660.0
20260328_芦屋_9,2026-03-28,芦屋,9,1-4-6,27.7
20260328_芦屋_9,2026-03-28,芦屋,9,2-4-6,750.2
20260328_芦屋_9,2026-03-28,芦屋,9,3-4-6,635.7
20260328_芦屋_9,2026-03-28,芦屋,9,4-3-6,837.9
20260328_芦屋_9,2026-03-28,芦屋,9,5-3-6,670.3
20260328_芦屋_9,2026-03-28,芦屋,9,6-3-5,653.4
20260328_芦屋_9,2026-03-28,芦屋,9,1-5-2,24.3
20260328_芦屋_9,2026-03-28,芦屋,9,2-5-1,444.9
20260328_芦屋_9,2026-03-28,芦屋,9,3-5-1,403.2
20260328_芦屋_9,2026-03-28,芦屋,9,4-5-1,209.3
20260328_芦屋_9,2026-03-28,芦屋,9,5-4-1,305.4
20260328_芦屋_9,2026-03-28,芦屋,9,6-4-1,463.3
20260328_芦屋_9,2026-03-28,芦屋,9,1-5-3,24.0
20260328_芦屋_9,2026-03-28,芦屋,9,2-5-3,1062.0
20260328_芦屋_9,2026-03-28,芦屋,9,3-5-2,655.0
20260328_芦屋_9,2026-03-28,芦屋,9,4-5-2,555.0
20260328_芦屋_9,2026-03-28,芦屋,9,5-4-2,837.9
20260328_芦屋_9,2026-03-28,芦屋,9,6-4-2,777.4
20260328_芦屋_9,2026-03-28,芦屋,9,1-5-4,38.5
20260328_芦屋_9,2026-03-28,芦屋,9,2-5-4,1330.0
20260328_芦屋_9,2026-03-28,芦屋,9,3-5-4,908.7
20260328_芦屋_9,2026-03-28,芦屋,9,4-5-3,763.6
20260328_芦屋_9,2026-03-28,芦屋,9,5-4-3,1032.0
20260328_芦屋_9,2026-03-28,芦屋,9,6-4-3,945.4
20260328_芦屋_9,2026-03-28,芦屋,9,1-5-6,22.3
20260328_芦屋_9,2026-03-28,芦屋,9,2-5-6,896.1
20260328_芦屋_9,2026-03-28,芦屋,9,3-5-6,587.9
20260328_芦屋_9,2026-03-28,芦屋,9,4-5-6,215.4
20260328_芦屋_9,2026-03-28,芦屋,9,5-4-6,287.4
20260328_芦屋_9,2026-03-28,芦屋,9,6-4-5,525.6
20260328_芦屋_9,2026-03-28,芦屋,9,1-6-2,26.1
20260328_芦屋_9,2026-03-28,芦屋,9,2-6-1,312.8
20260328_芦屋_9,2026-03-28,芦屋,9,3-6-1,298.7
20260328_芦屋_9,2026-03-28,芦屋,9,4-6-1,319.8
20260328_芦屋_9,2026-03-28,芦屋,9,5-6-1,224.6
20260328_芦屋_9,2026-03-28,芦屋,9,6-5-1,275.7
20260328_芦屋_9,2026-03-28,芦屋,9,1-6-3,23.0
20260328_芦屋_9,2026-03-28,芦屋,9,2-6-3,645.2
20260328_芦屋_9,2026-03-28,芦屋,9,3-6-2,640.4
20260328_芦屋_9,2026-03-28,芦屋,9,4-6-2,610.1
20260328_芦屋_9,2026-03-28,芦屋,9,5-6-2,550.3
20260328_芦屋_9,2026-03-28,芦屋,9,6-5-2,690.1
20260328_芦屋_9,2026-03-28,芦屋,9,1-6-4,49.1
20260328_芦屋_9,2026-03-28,芦屋,9,2-6-4,670.3
20260328_芦屋_9,2026-03-28,芦屋,9,3-6-4,945.4
20260328_芦屋_9,2026-03-28,芦屋,9,4-6-3,860.3
20260328_芦屋_9,2026-03-28,芦屋,9,5-6-3,620.4
20260328_芦屋_9,2026-03-28,芦屋,9,6-5-3,714.9
20260328_芦屋_9,2026-03-28,芦屋,9,1-6-5,37.8
20260328_芦屋_9,2026-03-28,芦屋,9,2-6-5,840.7
20260328_芦屋_9,2026-03-28,芦屋,9,3-6-5,770.4
20260328_芦屋_9,2026-03-28,芦屋,9,4-6-5,329.2
20260328_芦屋_9,2026-03-28,芦屋,9,5-6-4,422.4
20260328_芦屋_9,2026-03-28,芦屋,9,6-5-4,521.4
20260328_芦屋_10,2026-03-28,芦屋,10,1-2-3,20.5
20260328_芦屋_10,2026-03-28,芦屋,10,2-1-3,128.8
20260328_芦屋_10,2026-03-28,芦屋,10,3-1-2,77.5
20260328_芦屋_10,2026-03-28,芦屋,10,4-1-2,109.8
20260328_芦屋_10,2026-03-28,芦屋,10,5-1-2,1773.0
20260328_芦屋_10,2026-03-28,芦屋,10,6-1-2,72.3
20260328_芦屋_10,2026-03-28,芦屋,10,1-2-4,25.3
20260328_芦屋_10,2026-03-28,芦屋,10,2-1-4,115.6
20260328_芦屋_10,2026-03-28,芦屋,10,3-1-4,28.8
20260328_芦屋_10,2026-03-28,芦屋,10,4-1-3,48.8
20260328_芦屋_10,2026-03-28,芦屋,10,5-1-3,1345.0
20260328_芦屋_10,2026-03-28,芦屋,10,6-1-3,66.4
20260328_芦屋_10,2026-03-28,芦屋,10,1-2-5,164.1
20260328_芦屋_10,2026-03-28,芦屋,10,2-1-5,529.2
20260328_芦屋_10,2026-03-28,芦屋,10,3-1-5,166.2
20260328_芦屋_10,2026-03-28,芦屋,10,4-1-5,146.0
20260328_芦屋_10,2026-03-28,芦屋,10,5-1-4,773.9
20260328_芦屋_10,2026-03-28,芦屋,10,6-1-4,49.7
20260328_芦屋_10,2026-03-28,芦屋,10,1-2-6,29.4
20260328_芦屋_10,2026-03-28,芦屋,10,2-1-6,106.2
20260328_芦屋_10,2026-03-28,芦屋,10,3-1-6,51.9
20260328_芦屋_10,2026-03-28,芦屋,10,4-1-6,56.2
20260328_芦屋_10,2026-03-28,芦屋,10,5-1-6,1228.0
20260328_芦屋_10,2026-03-28,芦屋,10,6-1-5,278.0
20260328_芦屋_10,2026-03-28,芦屋,10,1-3-2,18.3
20260328_芦屋_10,2026-03-28,芦屋,10,2-3-1,158.3
20260328_芦屋_10,2026-03-28,芦屋,10,3-2-1,144.0
20260328_芦屋_10,2026-03-28,芦屋,10,4-2-1,155.4
20260328_芦屋_10,2026-03-28,芦屋,10,5-2-1,2479.0
20260328_芦屋_10,2026-03-28,芦屋,10,6-2-1,127.6
20260328_芦屋_10,2026-03-28,芦屋,10,1-3-4,10.2
20260328_芦屋_10,2026-03-28,芦屋,10,2-3-4,104.8
20260328_芦屋_10,2026-03-28,芦屋,10,3-2-4,86.8
20260328_芦屋_10,2026-03-28,芦屋,10,4-2-3,156.8
20260328_芦屋_10,2026-03-28,芦屋,10,5-2-3,1521.0
20260328_芦屋_10,2026-03-28,芦屋,10,6-2-3,173.7
20260328_芦屋_10,2026-03-28,芦屋,10,1-3-5,114.9
20260328_芦屋_10,2026-03-28,芦屋,10,2-3-5,349.1
20260328_芦屋_10,2026-03-28,芦屋,10,3-2-5,314.6
20260328_芦屋_10,2026-03-28,芦屋,10,4-2-5,322.6
20260328_芦屋_10,2026-03-28,芦屋,10,5-2-4,1530.0
20260328_芦屋_10,2026-03-28,芦屋,10,6-2-4,120.5
20260328_芦屋_10,2026-03-28,芦屋,10,1-3-6,19.3
20260328_芦屋_10,2026-03-28,芦屋,10,2-3-6,151.0
20260328_芦屋_10,2026-03-28,芦屋,10,3-2-6,138.1
20260328_芦屋_10,2026-03-28,芦屋,10,4-2-6,139.0
20260328_芦屋_10,2026-03-28,芦屋,10,5-2-6,2479.0
20260328_芦屋_10,2026-03-28,芦屋,10,6-2-5,612.7
20260328_芦屋_10,2026-03-28,芦屋,10,1-4-2,27.5
20260328_芦屋_10,2026-03-28,芦屋,10,2-4-1,137.7
20260328_芦屋_10,2026-03-28,芦屋,10,3-4-1,30.9
20260328_芦屋_10,2026-03-28,芦屋,10,4-3-1,46.4
20260328_芦屋_10,2026-03-28,芦屋,10,5-3-1,1632.0
20260328_芦屋_10,2026-03-28,芦屋,10,6-3-1,114.7
20260328_芦屋_10,2026-03-28,芦屋,10,1-4-3,14.5
20260328_芦屋_10,2026-03-28,芦屋,10,2-4-3,131.7
20260328_芦屋_10,2026-03-28,芦屋,10,3-4-2,62.0
20260328_芦屋_10,2026-03-28,芦屋,10,4-3-2,97.0
20260328_芦屋_10,2026-03-28,芦屋,10,5-3-2,2108.0
20260328_芦屋_10,2026-03-28,芦屋,10,6-3-2,203.4
20260328_芦屋_10,2026-03-28,芦屋,10,1-4-5,125.2
20260328_芦屋_10,2026-03-28,芦屋,10,2-4-5,333.8
20260328_芦屋_10,2026-03-28,芦屋,10,3-4-5,70.4
20260328_芦屋_10,2026-03-28,芦屋,10,4-3-5,106.0
20260328_芦屋_10,2026-03-28,芦屋,10,5-3-4,1211.0
20260328_芦屋_10,2026-03-28,芦屋,10,6-3-4,113.5
20260328_芦屋_10,2026-03-28,芦屋,10,1-4-6,26.5
20260328_芦屋_10,2026-03-28,芦屋,10,2-4-6,120.0
20260328_芦屋_10,2026-03-28,芦屋,10,3-4-6,36.9
20260328_芦屋_10,2026-03-28,芦屋,10,4-3-6,56.3
20260328_芦屋_10,2026-03-28,芦屋,10,5-3-6,2269.0
20260328_芦屋_10,2026-03-28,芦屋,10,6-3-5,515.9
20260328_芦屋_10,2026-03-28,芦屋,10,1-5-2,331.4
20260328_芦屋_10,2026-03-28,芦屋,10,2-5-1,1179.0
20260328_芦屋_10,2026-03-28,芦屋,10,3-5-1,455.4
20260328_芦屋_10,2026-03-28,芦屋,10,4-5-1,194.7
20260328_芦屋_10,2026-03-28,芦屋,10,5-4-1,789.9
20260328_芦屋_10,2026-03-28,芦屋,10,6-4-1,88.2
20260328_芦屋_10,2026-03-28,芦屋,10,1-5-3,353.2
20260328_芦屋_10,2026-03-28,芦屋,10,2-5-3,970.2
20260328_芦屋_10,2026-03-28,芦屋,10,3-5-2,508.1
20260328_芦屋_10,2026-03-28,芦屋,10,4-5-2,312.0
20260328_芦屋_10,2026-03-28,芦屋,10,5-4-2,1439.0
20260328_芦屋_10,2026-03-28,芦屋,10,6-4-2,142.3
20260328_芦屋_10,2026-03-28,芦屋,10,1-5-4,334.3
20260328_芦屋_10,2026-03-28,芦屋,10,2-5-4,1092.0
20260328_芦屋_10,2026-03-28,芦屋,10,3-5-4,264.3
20260328_芦屋_10,2026-03-28,芦屋,10,4-5-3,245.6
20260328_芦屋_10,2026-03-28,芦屋,10,5-4-3,1010.0
20260328_芦屋_10,2026-03-28,芦屋,10,6-4-3,120.5
20260328_芦屋_10,2026-03-28,芦屋,10,1-5-6,296.2
20260328_芦屋_10,2026-03-28,芦屋,10,2-5-6,1275.0
20260328_芦屋_10,2026-03-28,芦屋,10,3-5-6,453.0
20260328_芦屋_10,2026-03-28,芦屋,10,4-5-6,160.1
20260328_芦屋_10,2026-03-28,芦屋,10,5-4-6,607.2
20260328_芦屋_10,2026-03-28,芦屋,10,6-4-5,324.5
20260328_芦屋_10,2026-03-28,芦屋,10,1-6-2,26.1
20260328_芦屋_10,2026-03-28,芦屋,10,2-6-1,128.7
20260328_芦屋_10,2026-03-28,芦屋,10,3-6-1,78.4
20260328_芦屋_10,2026-03-28,芦屋,10,4-6-1,65.8
20260328_芦屋_10,2026-03-28,芦屋,10,5-6-1,1359.0
20260328_芦屋_10,2026-03-28,芦屋,10,6-5-1,883.7
20260328_芦屋_10,2026-03-28,芦屋,10,1-6-3,22.9
20260328_芦屋_10,2026-03-28,芦屋,10,2-6-3,167.5
20260328_芦屋_10,2026-03-28,芦屋,10,3-6-2,126.0
20260328_芦屋_10,2026-03-28,芦屋,10,4-6-2,117.8
20260328_芦屋_10,2026-03-28,芦屋,10,5-6-2,2704.0
20260328_芦屋_10,2026-03-28,芦屋,10,6-5-2,1538.0
20260328_芦屋_10,2026-03-28,芦屋,10,1-6-4,22.1
20260328_芦屋_10,2026-03-28,芦屋,10,2-6-4,117.4
20260328_芦屋_10,2026-03-28,芦屋,10,3-6-4,57.2
20260328_芦屋_10,2026-03-28,芦屋,10,4-6-3,82.9
20260328_芦屋_10,2026-03-28,芦屋,10,5-6-3,1983.0
20260328_芦屋_10,2026-03-28,芦屋,10,6-5-3,1200.0
20260328_芦屋_10,2026-03-28,芦屋,10,1-6-5,136.6
20260328_芦屋_10,2026-03-28,芦屋,10,2-6-5,591.1
20260328_芦屋_10,2026-03-28,芦屋,10,3-6-5,238.4
20260328_芦屋_10,2026-03-28,芦屋,10,4-6-5,178.5
20260328_芦屋_10,2026-03-28,芦屋,10,5-6-4,1387.0
20260328_芦屋_10,2026-03-28,芦屋,10,6-5-4,821.4
20260328_芦屋_11,2026-03-28,芦屋,11,1-2-3,13.6
20260328_芦屋_11,2026-03-28,芦屋,11,2-1-3,74.9
20260328_芦屋_11,2026-03-28,芦屋,11,3-1-2,72.0
20260328_芦屋_11,2026-03-28,芦屋,11,4-1-2,94.7
20260328_芦屋_11,2026-03-28,芦屋,11,5-1-2,368.0
20260328_芦屋_11,2026-03-28,芦屋,11,6-1-2,112.2
20260328_芦屋_11,2026-03-28,芦屋,11,1-2-4,23.5
20260328_芦屋_11,2026-03-28,芦屋,11,2-1-4,96.9
20260328_芦屋_11,2026-03-28,芦屋,11,3-1-4,57.1
20260328_芦屋_11,2026-03-28,芦屋,11,4-1-3,102.8
20260328_芦屋_11,2026-03-28,芦屋,11,5-1-3,528.5
20260328_芦屋_11,2026-03-28,芦屋,11,6-1-3,94.7
20260328_芦屋_11,2026-03-28,芦屋,11,1-2-5,57.2
20260328_芦屋_11,2026-03-28,芦屋,11,2-1-5,191.7
20260328_芦屋_11,2026-03-28,芦屋,11,3-1-5,130.8
20260328_芦屋_11,2026-03-28,芦屋,11,4-1-5,113.6
20260328_芦屋_11,2026-03-28,芦屋,11,5-1-4,429.9
20260328_芦屋_11,2026-03-28,芦屋,11,6-1-4,128.5
20260328_芦屋_11,2026-03-28,芦屋,11,1-2-6,17.7
20260328_芦屋_11,2026-03-28,芦屋,11,2-1-6,60.1
20260328_芦屋_11,2026-03-28,芦屋,11,3-1-6,42.5
20260328_芦屋_11,2026-03-28,芦屋,11,4-1-6,46.3
20260328_芦屋_11,2026-03-28,芦屋,11,5-1-6,237.4
20260328_芦屋_11,2026-03-28,芦屋,11,6-1-5,387.7
20260328_芦屋_11,2026-03-28,芦屋,11,1-3-2,11.7
20260328_芦屋_11,2026-03-28,芦屋,11,2-3-1,176.1
20260328_芦屋_11,2026-03-28,芦屋,11,3-2-1,164.8
20260328_芦屋_11,2026-03-28,芦屋,11,4-2-1,150.3
20260328_芦屋_11,2026-03-28,芦屋,11,5-2-1,626.6
20260328_芦屋_11,2026-03-28,芦屋,11,6-2-1,256.1
20260328_芦屋_11,2026-03-28,芦屋,11,1-3-4,11.7
20260328_芦屋_11,2026-03-28,芦屋,11,2-3-4,367.2
20260328_芦屋_11,2026-03-28,芦屋,11,3-2-4,272.7
20260328_芦屋_11,2026-03-28,芦屋,11,4-2-3,259.1
20260328_芦屋_11,2026-03-28,芦屋,11,5-2-3,942.5
20260328_芦屋_11,2026-03-28,芦屋,11,6-2-3,352.7
20260328_芦屋_11,2026-03-28,芦屋,11,1-3-5,36.0
20260328_芦屋_11,2026-03-28,芦屋,11,2-3-5,608.0
20260328_芦屋_11,2026-03-28,芦屋,11,3-2-5,512.2
20260328_芦屋_11,2026-03-28,芦屋,11,4-2-5,323.5
20260328_芦屋_11,2026-03-28,芦屋,11,5-2-4,979.7
20260328_芦屋_11,2026-03-28,芦屋,11,6-2-4,429.9
20260328_芦屋_11,2026-03-28,芦屋,11,1-3-6,9.5
20260328_芦屋_11,2026-03-28,芦屋,11,2-3-6,204.8
20260328_芦屋_11,2026-03-28,芦屋,11,3-2-6,147.4
20260328_芦屋_11,2026-03-28,芦屋,11,4-2-6,106.8
20260328_芦屋_11,2026-03-28,芦屋,11,5-2-6,508.4
20260328_芦屋_11,2026-03-28,芦屋,11,6-2-5,905.7
20260328_芦屋_11,2026-03-28,芦屋,11,1-4-2,25.9
20260328_芦屋_11,2026-03-28,芦屋,11,2-4-1,242.8
20260328_芦屋_11,2026-03-28,芦屋,11,3-4-1,134.5
20260328_芦屋_11,2026-03-28,芦屋,11,4-3-1,181.5
20260328_芦屋_11,2026-03-28,芦屋,11,5-3-1,876.0
20260328_芦屋_11,2026-03-28,芦屋,11,6-3-1,180.7
20260328_芦屋_11,2026-03-28,芦屋,11,1-4-3,21.1
20260328_芦屋_11,2026-03-28,芦屋,11,2-4-3,411.1
20260328_芦屋_11,2026-03-28,芦屋,11,3-4-2,246.8
20260328_芦屋_11,2026-03-28,芦屋,11,4-3-2,254.4
20260328_芦屋_11,2026-03-28,芦屋,11,5-3-2,1076.0
20260328_芦屋_11,2026-03-28,芦屋,11,6-3-2,335.0
20260328_芦屋_11,2026-03-28,芦屋,11,1-4-5,54.3
20260328_芦屋_11,2026-03-28,芦屋,11,2-4-5,721.5
20260328_芦屋_11,2026-03-28,芦屋,11,3-4-5,344.3
20260328_芦屋_11,2026-03-28,芦屋,11,4-3-5,345.3
20260328_芦屋_11,2026-03-28,芦屋,11,5-3-4,1374.0
20260328_芦屋_11,2026-03-28,芦屋,11,6-3-4,243.3
20260328_芦屋_11,2026-03-28,芦屋,11,1-4-6,17.3
20260328_芦屋_11,2026-03-28,芦屋,11,2-4-6,215.6
20260328_芦屋_11,2026-03-28,芦屋,11,3-4-6,103.5
20260328_芦屋_11,2026-03-28,芦屋,11,4-3-6,116.9
20260328_芦屋_11,2026-03-28,芦屋,11,5-3-6,646.4
20260328_芦屋_11,2026-03-28,芦屋,11,6-3-5,876.0
20260328_芦屋_11,2026-03-28,芦屋,11,1-5-2,111.2
20260328_芦屋_11,2026-03-28,芦屋,11,2-5-1,589.4
20260328_芦屋_11,2026-03-28,芦屋,11,3-5-1,437.4
20260328_芦屋_11,2026-03-28,芦屋,11,4-5-1,130.8
20260328_芦屋_11,2026-03-28,芦屋,11,5-4-1,424.6
20260328_芦屋_11,2026-03-28,芦屋,11,6-4-1,165.3
20260328_芦屋_11,2026-03-28,芦屋,11,1-5-3,113.3
20260328_芦屋_11,2026-03-28,芦屋,11,2-5-3,1016.0
20260328_芦屋_11,2026-03-28,芦屋,11,3-5-2,654.9
20260328_芦屋_11,2026-03-28,芦屋,11,4-5-2,209.2
20260328_芦屋_11,2026-03-28,芦屋,11,5-4-2,501.1
20260328_芦屋_11,2026-03-28,芦屋,11,6-4-2,284.8
20260328_芦屋_11,2026-03-28,芦屋,11,1-5-4,119.8
20260328_芦屋_11,2026-03-28,芦屋,11,2-5-4,1228.0
20260328_芦屋_11,2026-03-28,芦屋,11,3-5-4,650.0
20260328_芦屋_11,2026-03-28,芦屋,11,4-5-3,325.3
20260328_芦屋_11,2026-03-28,芦屋,11,5-4-3,896.3
20260328_芦屋_11,2026-03-28,芦屋,11,6-4-3,241.6
20260328_芦屋_11,2026-03-28,芦屋,11,1-5-6,78.1
20260328_芦屋_11,2026-03-28,芦屋,11,2-5-6,574.8
20260328_芦屋_11,2026-03-28,芦屋,11,3-5-6,332.1
20260328_芦屋_11,2026-03-28,芦屋,11,4-5-6,80.1
20260328_芦屋_11,2026-03-28,芦屋,11,5-4-6,199.4
20260328_芦屋_11,2026-03-28,芦屋,11,6-4-5,380.5
20260328_芦屋_11,2026-03-28,芦屋,11,1-6-2,32.2
20260328_芦屋_11,2026-03-28,芦屋,11,2-6-1,199.5
20260328_芦屋_11,2026-03-28,芦屋,11,3-6-1,91.7
20260328_芦屋_11,2026-03-28,芦屋,11,4-6-1,49.0
20260328_芦屋_11,2026-03-28,芦屋,11,5-6-1,395.6
20260328_芦屋_11,2026-03-28,芦屋,11,6-5-1,772.8
20260328_芦屋_11,2026-03-28,芦屋,11,1-6-3,23.2
20260328_芦屋_11,2026-03-28,芦屋,11,2-6-3,343.3
20260328_芦屋_11,2026-03-28,芦屋,11,3-6-2,165.9
20260328_芦屋_11,2026-03-28,芦屋,11,4-6-2,84.3
20260328_芦屋_11,2026-03-28,芦屋,11,5-6-2,481.7
20260328_芦屋_11,2026-03-28,芦屋,11,6-5-2,842.1
20260328_芦屋_11,2026-03-28,芦屋,11,1-6-4,32.5
20260328_芦屋_11,2026-03-28,芦屋,11,2-6-4,387.7
20260328_芦屋_11,2026-03-28,芦屋,11,3-6-4,124.3
20260328_芦屋_11,2026-03-28,芦屋,11,4-6-3,93.5
20260328_芦屋_11,2026-03-28,芦屋,11,5-6-3,661.2
20260328_芦屋_11,2026-03-28,芦屋,11,6-5-3,1100.0
20260328_芦屋_11,2026-03-28,芦屋,11,1-6-5,80.9
20260328_芦屋_11,2026-03-28,芦屋,11,2-6-5,639.3
20260328_芦屋_11,2026-03-28,芦屋,11,3-6-5,327.4
20260328_芦屋_11,2026-03-28,芦屋,11,4-6-5,86.3
20260328_芦屋_11,2026-03-28,芦屋,11,5-6-4,509.9
20260328_芦屋_11,2026-03-28,芦屋,11,6-5-4,692.8
20260328_芦屋_12,2026-03-28,芦屋,12,1-2-3,10.8
20260328_芦屋_12,2026-03-28,芦屋,12,2-1-3,42.0
20260328_芦屋_12,2026-03-28,芦屋,12,3-1-2,73.4
20260328_芦屋_12,2026-03-28,芦屋,12,4-1-2,67.2
20260328_芦屋_12,2026-03-28,芦屋,12,5-1-2,81.6
20260328_芦屋_12,2026-03-28,芦屋,12,6-1-2,581.4
20260328_芦屋_12,2026-03-28,芦屋,12,1-2-4,11.4
20260328_芦屋_12,2026-03-28,芦屋,12,2-1-4,43.7
20260328_芦屋_12,2026-03-28,芦屋,12,3-1-4,54.2
20260328_芦屋_12,2026-03-28,芦屋,12,4-1-3,114.8
20260328_芦屋_12,2026-03-28,芦屋,12,5-1-3,96.9
20260328_芦屋_12,2026-03-28,芦屋,12,6-1-3,828.7
20260328_芦屋_12,2026-03-28,芦屋,12,1-2-5,17.4
20260328_芦屋_12,2026-03-28,芦屋,12,2-1-5,57.5
20260328_芦屋_12,2026-03-28,芦屋,12,3-1-5,66.0
20260328_芦屋_12,2026-03-28,芦屋,12,4-1-5,83.9
20260328_芦屋_12,2026-03-28,芦屋,12,5-1-4,82.7
20260328_芦屋_12,2026-03-28,芦屋,12,6-1-4,528.8
20260328_芦屋_12,2026-03-28,芦屋,12,1-2-6,40.0
20260328_芦屋_12,2026-03-28,芦屋,12,2-1-6,123.2
20260328_芦屋_12,2026-03-28,芦屋,12,3-1-6,132.3
20260328_芦屋_12,2026-03-28,芦屋,12,4-1-6,114.6
20260328_芦屋_12,2026-03-28,芦屋,12,5-1-6,117.8
20260328_芦屋_12,2026-03-28,芦屋,12,6-1-5,904.2
20260328_芦屋_12,2026-03-28,芦屋,12,1-3-2,14.3
20260328_芦屋_12,2026-03-28,芦屋,12,2-3-1,108.2
20260328_芦屋_12,2026-03-28,芦屋,12,3-2-1,163.1
20260328_芦屋_12,2026-03-28,芦屋,12,4-2-1,172.9
20260328_芦屋_12,2026-03-28,芦屋,12,5-2-1,191.2
20260328_芦屋_12,2026-03-28,芦屋,12,6-2-1,822.4
20260328_芦屋_12,2026-03-28,芦屋,12,1-3-4,12.7
20260328_芦屋_12,2026-03-28,芦屋,12,2-3-4,137.4
20260328_芦屋_12,2026-03-28,芦屋,12,3-2-4,176.5
20260328_芦屋_12,2026-03-28,芦屋,12,4-2-3,238.4
20260328_芦屋_12,2026-03-28,芦屋,12,5-2-3,277.8
20260328_芦屋_12,2026-03-28,芦屋,12,6-2-3,1636.0
20260328_芦屋_12,2026-03-28,芦屋,12,1-3-5,18.2
20260328_芦屋_12,2026-03-28,芦屋,12,2-3-5,193.2
20260328_芦屋_12,2026-03-28,芦屋,12,3-2-5,220.1
20260328_芦屋_12,2026-03-28,芦屋,12,4-2-5,203.3
20260328_芦屋_12,2026-03-28,芦屋,12,5-2-4,249.4
20260328_芦屋_12,2026-03-28,芦屋,12,6-2-4,1203.0
20260328_芦屋_12,2026-03-28,芦屋,12,1-3-6,42.1
20260328_芦屋_12,2026-03-28,芦屋,12,2-3-6,382.8
20260328_芦屋_12,2026-03-28,芦屋,12,3-2-6,379.3
20260328_芦屋_12,2026-03-28,芦屋,12,4-2-6,298.1
20260328_芦屋_12,2026-03-28,芦屋,12,5-2-6,363.7
20260328_芦屋_12,2026-03-28,芦屋,12,6-2-5,1661.0
20260328_芦屋_12,2026-03-28,芦屋,12,1-4-2,17.0
20260328_芦屋_12,2026-03-28,芦屋,12,2-4-1,93.6
20260328_芦屋_12,2026-03-28,芦屋,12,3-4-1,114.4
20260328_芦屋_12,2026-03-28,芦屋,12,4-3-1,207.5
20260328_芦屋_12,2026-03-28,芦屋,12,5-3-1,216.2
20260328_芦屋_12,2026-03-28,芦屋,12,6-3-1,1221.0
20260328_芦屋_12,2026-03-28,芦屋,12,1-4-3,20.0
20260328_芦屋_12,2026-03-28,芦屋,12,2-4-3,190.0
20260328_芦屋_12,2026-03-28,芦屋,12,3-4-2,188.6
20260328_芦屋_12,2026-03-28,芦屋,12,4-3-2,294.3
20260328_芦屋_12,2026-03-28,芦屋,12,5-3-2,385.1
20260328_芦屋_12,2026-03-28,芦屋,12,6-3-2,1573.0
20260328_芦屋_12,2026-03-28,芦屋,12,1-4-5,25.3
20260328_芦屋_12,2026-03-28,芦屋,12,2-4-5,268.9
20260328_芦屋_12,2026-03-28,芦屋,12,3-4-5,147.9
20260328_芦屋_12,2026-03-28,芦屋,12,4-3-5,250.2
20260328_芦屋_12,2026-03-28,芦屋,12,5-3-4,243.3
20260328_芦屋_12,2026-03-28,芦屋,12,6-3-4,1494.0
20260328_芦屋_12,2026-03-28,芦屋,12,1-4-6,39.1
20260328_芦屋_12,2026-03-28,芦屋,12,2-4-6,422.3
20260328_芦屋_12,2026-03-28,芦屋,12,3-4-6,242.6
20260328_芦屋_12,2026-03-28,芦屋,12,4-3-6,369.8
20260328_芦屋_12,2026-03-28,芦屋,12,5-3-6,408.6
20260328_芦屋_12,2026-03-28,芦屋,12,6-3-5,1769.0
20260328_芦屋_12,2026-03-28,芦屋,12,1-5-2,22.8
20260328_芦屋_12,2026-03-28,芦屋,12,2-5-1,164.6
20260328_芦屋_12,2026-03-28,芦屋,12,3-5-1,133.3
20260328_芦屋_12,2026-03-28,芦屋,12,4-5-1,114.7
20260328_芦屋_12,2026-03-28,芦屋,12,5-4-1,118.6
20260328_芦屋_12,2026-03-28,芦屋,12,6-4-1,621.1
20260328_芦屋_12,2026-03-28,芦屋,12,1-5-3,26.3
20260328_芦屋_12,2026-03-28,芦屋,12,2-5-3,261.6
20260328_芦屋_12,2026-03-28,芦屋,12,3-5-2,220.5
20260328_芦屋_12,2026-03-28,芦屋,12,4-5-2,174.2
20260328_芦屋_12,2026-03-28,芦屋,12,5-4-2,203.5
20260328_芦屋_12,2026-03-28,芦屋,12,6-4-2,1032.0
20260328_芦屋_12,2026-03-28,芦屋,12,1-5-4,28.8
20260328_芦屋_12,2026-03-28,芦屋,12,2-5-4,274.8
20260328_芦屋_12,2026-03-28,芦屋,12,3-5-4,156.8
20260328_芦屋_12,2026-03-28,芦屋,12,4-5-3,213.2
20260328_芦屋_12,2026-03-28,芦屋,12,5-4-3,199.4
20260328_芦屋_12,2026-03-28,芦屋,12,6-4-3,1259.0
20260328_芦屋_12,2026-03-28,芦屋,12,1-5-6,55.6
20260328_芦屋_12,2026-03-28,芦屋,12,2-5-6,414.8
20260328_芦屋_12,2026-03-28,芦屋,12,3-5-6,283.1
20260328_芦屋_12,2026-03-28,芦屋,12,4-5-6,141.0
20260328_芦屋_12,2026-03-28,芦屋,12,5-4-6,136.9
20260328_芦屋_12,2026-03-28,芦屋,12,6-4-5,828.7
20260328_芦屋_12,2026-03-28,芦屋,12,1-6-2,138.4
20260328_芦屋_12,2026-03-28,芦屋,12,2-6-1,528.8
20260328_芦屋_12,2026-03-28,芦屋,12,3-6-1,513.8
20260328_芦屋_12,2026-03-28,芦屋,12,4-6-1,248.9
20260328_芦屋_12,2026-03-28,芦屋,12,5-6-1,309.3
20260328_芦屋_12,2026-03-28,芦屋,12,6-5-1,1259.0
20260328_芦屋_12,2026-03-28,芦屋,12,1-6-3,155.8
20260328_芦屋_12,2026-03-28,芦屋,12,2-6-3,856.9
20260328_芦屋_12,2026-03-28,芦屋,12,3-6-2,788.7
20260328_芦屋_12,2026-03-28,芦屋,12,4-6-2,403.1
20260328_芦屋_12,2026-03-28,芦屋,12,5-6-2,505.9
20260328_芦屋_12,2026-03-28,芦屋,12,6-5-2,1750.0
20260328_芦屋_12,2026-03-28,芦屋,12,1-6-4,136.9
20260328_芦屋_12,2026-03-28,芦屋,12,2-6-4,781.2
20260328_芦屋_12,2026-03-28,芦屋,12,3-6-4,622.3
20260328_芦屋_12,2026-03-28,芦屋,12,4-6-3,492.9
20260328_芦屋_12,2026-03-28,芦屋,12,5-6-3,561.4
20260328_芦屋_12,2026-03-28,芦屋,12,6-5-3,1971.0
20260328_芦屋_12,2026-03-28,芦屋,12,1-6-5,159.9
20260328_芦屋_12,2026-03-28,芦屋,12,2-6-5,985.9
20260328_芦屋_12,2026-03-28,芦屋,12,3-6-5,629.5
20260328_芦屋_12,2026-03-28,芦屋,12,4-6-5,279.5
20260328_芦屋_12,2026-03-28,芦屋,12,5-6-4,327.0
20260328_芦屋_12,2026-03-28,芦屋,12,6-5-4,965.6
20260328_唐津_1,2026-03-28,唐津,1,1-2-3,6.8
20260328_唐津_1,2026-03-28,唐津,1,2-1-3,123.7
20260328_唐津_1,2026-03-28,唐津,1,3-1-2,306.9
20260328_唐津_1,2026-03-28,唐津,1,4-1-2,167.6
20260328_唐津_1,2026-03-28,唐津,1,5-1-2,251.0
20260328_唐津_1,2026-03-28,唐津,1,6-1-2,172.6
20260328_唐津_1,2026-03-28,唐津,1,1-2-4,11.4
20260328_唐津_1,2026-03-28,唐津,1,2-1-4,156.3
20260328_唐津_1,2026-03-28,唐津,1,3-1-4,406.7
20260328_唐津_1,2026-03-28,唐津,1,4-1-3,336.3
20260328_唐津_1,2026-03-28,唐津,1,5-1-3,465.6
20260328_唐津_1,2026-03-28,唐津,1,6-1-3,326.2
20260328_唐津_1,2026-03-28,唐津,1,1-2-5,8.9
20260328_唐津_1,2026-03-28,唐津,1,2-1-5,153.3
20260328_唐津_1,2026-03-28,唐津,1,3-1-5,371.8
20260328_唐津_1,2026-03-28,唐津,1,4-1-5,129.3
20260328_唐津_1,2026-03-28,唐津,1,5-1-4,312.8
20260328_唐津_1,2026-03-28,唐津,1,6-1-4,367.6
20260328_唐津_1,2026-03-28,唐津,1,1-2-6,7.3
20260328_唐津_1,2026-03-28,唐津,1,2-1-6,113.8
20260328_唐津_1,2026-03-28,唐津,1,3-1-6,405.4
20260328_唐津_1,2026-03-28,唐津,1,4-1-6,163.6
20260328_唐津_1,2026-03-28,唐津,1,5-1-6,234.7
20260328_唐津_1,2026-03-28,唐津,1,6-1-5,342.9
20260328_唐津_1,2026-03-28,唐津,1,1-3-2,13.2
20260328_唐津_1,2026-03-28,唐津,1,2-3-1,331.6
20260328_唐津_1,2026-03-28,唐津,1,3-2-1,553.8
20260328_唐津_1,2026-03-28,唐津,1,4-2-1,430.9
20260328_唐津_1,2026-03-28,唐津,1,5-2-1,582.3
20260328_唐津_1,2026-03-28,唐津,1,6-2-1,311.0
20260328_唐津_1,2026-03-28,唐津,1,1-3-4,23.1
20260328_唐津_1,2026-03-28,唐津,1,2-3-4,686.8
20260328_唐津_1,2026-03-28,唐津,1,3-2-4,1103.0
20260328_唐津_1,2026-03-28,唐津,1,4-2-3,1321.0
20260328_唐津_1,2026-03-28,唐津,1,5-2-3,1341.0
20260328_唐津_1,2026-03-28,唐津,1,6-2-3,1103.0
20260328_唐津_1,2026-03-28,唐津,1,1-3-5,21.6
20260328_唐津_1,2026-03-28,唐津,1,2-3-5,1020.0
20260328_唐津_1,2026-03-28,唐津,1,3-2-5,1540.0
20260328_唐津_1,2026-03-28,唐津,1,4-2-5,701.6
20260328_唐津_1,2026-03-28,唐津,1,5-2-4,1522.0
20260328_唐津_1,2026-03-28,唐津,1,6-2-4,1188.0
20260328_唐津_1,2026-03-28,唐津,1,1-3-6,20.2
20260328_唐津_1,2026-03-28,唐津,1,2-3-6,683.2
20260328_唐津_1,2026-03-28,唐津,1,3-2-6,1392.0
20260328_唐津_1,2026-03-28,唐津,1,4-2-6,735.3
20260328_唐津_1,2026-03-28,唐津,1,5-2-6,919.8
20260328_唐津_1,2026-03-28,唐津,1,6-2-5,1210.0
20260328_唐津_1,2026-03-28,唐津,1,1-4-2,19.4
20260328_唐津_1,2026-03-28,唐津,1,2-4-1,559.8
20260328_唐津_1,2026-03-28,唐津,1,3-4-1,796.0
20260328_唐津_1,2026-03-28,唐津,1,4-3-1,796.0
20260328_唐津_1,2026-03-28,唐津,1,5-3-1,748.0
20260328_唐津_1,2026-03-28,唐津,1,6-3-1,859.1
20260328_唐津_1,2026-03-28,唐津,1,1-4-3,35.9
20260328_唐津_1,2026-03-28,唐津,1,2-4-3,1028.0
20260328_唐津_1,2026-03-28,唐津,1,3-4-2,1606.0
20260328_唐津_1,2026-03-28,唐津,1,4-3-2,1479.0
20260328_唐津_1,2026-03-28,唐津,1,5-3-2,1658.0
20260328_唐津_1,2026-03-28,唐津,1,6-3-2,1690.0
20260328_唐津_1,2026-03-28,唐津,1,1-4-5,25.0
20260328_唐津_1,2026-03-28,唐津,1,2-4-5,1438.0
20260328_唐津_1,2026-03-28,唐津,1,3-4-5,1859.0
20260328_唐津_1,2026-03-28,唐津,1,4-3-5,1723.0
20260328_唐津_1,2026-03-28,唐津,1,5-3-4,2187.0
20260328_唐津_1,2026-03-28,唐津,1,6-3-4,2345.0
20260328_唐津_1,2026-03-28,唐津,1,1-4-6,24.7
20260328_唐津_1,2026-03-28,唐津,1,2-4-6,1066.0
20260328_唐津_1,2026-03-28,唐津,1,3-4-6,1795.0
20260328_唐津_1,2026-03-28,唐津,1,4-3-6,1647.0
20260328_唐津_1,2026-03-28,唐津,1,5-3-6,1606.0
20260328_唐津_1,2026-03-28,唐津,1,6-3-5,2206.0
20260328_唐津_1,2026-03-28,唐津,1,1-5-2,16.5
20260328_唐津_1,2026-03-28,唐津,1,2-5-1,588.9
20260328_唐津_1,2026-03-28,唐津,1,3-5-1,791.2
20260328_唐津_1,2026-03-28,唐津,1,4-5-1,224.2
20260328_唐津_1,2026-03-28,唐津,1,5-4-1,444.9
20260328_唐津_1,2026-03-28,唐津,1,6-4-1,711.2
20260328_唐津_1,2026-03-28,唐津,1,1-5-3,40.3
20260328_唐津_1,2026-03-28,唐津,1,2-5-3,1384.0
20260328_唐津_1,2026-03-28,唐津,1,3-5-2,1747.0
20260328_唐津_1,2026-03-28,唐津,1,4-5-2,465.6
20260328_唐津_1,2026-03-28,唐津,1,5-4-2,1194.0
20260328_唐津_1,2026-03-28,唐津,1,6-4-2,1446.0
20260328_唐津_1,2026-03-28,唐津,1,1-5-4,36.9
20260328_唐津_1,2026-03-28,唐津,1,2-5-4,1540.0
20260328_唐津_1,2026-03-28,唐津,1,3-5-4,2099.0
20260328_唐津_1,2026-03-28,唐津,1,4-5-3,1005.0
20260328_唐津_1,2026-03-28,唐津,1,5-4-3,2002.0
20260328_唐津_1,2026-03-28,唐津,1,6-4-3,1616.0
20260328_唐津_1,2026-03-28,唐津,1,1-5-6,21.3
20260328_唐津_1,2026-03-28,唐津,1,2-5-6,1075.0
20260328_唐津_1,2026-03-28,唐津,1,3-5-6,1782.0
20260328_唐津_1,2026-03-28,唐津,1,4-5-6,314.3
20260328_唐津_1,2026-03-28,唐津,1,5-4-6,679.6
20260328_唐津_1,2026-03-28,唐津,1,6-4-5,1701.0
20260328_唐津_1,2026-03-28,唐津,1,1-6-2,16.8
20260328_唐津_1,2026-03-28,唐津,1,2-6-1,281.1
20260328_唐津_1,2026-03-28,唐津,1,3-6-1,1012.0
20260328_唐津_1,2026-03-28,唐津,1,4-6-1,322.9
20260328_唐津_1,2026-03-28,唐津,1,5-6-1,419.8
20260328_唐津_1,2026-03-28,唐津,1,6-5-1,608.1
20260328_唐津_1,2026-03-28,唐津,1,1-6-3,37.0
20260328_唐津_1,2026-03-28,唐津,1,2-6-3,750.1
20260328_唐津_1,2026-03-28,唐津,1,3-6-2,2017.0
20260328_唐津_1,2026-03-28,唐津,1,4-6-2,677.8
20260328_唐津_1,2026-03-28,唐津,1,5-6-2,839.7
20260328_唐津_1,2026-03-28,唐津,1,6-5-2,1308.0
20260328_唐津_1,2026-03-28,唐津,1,1-6-4,48.4
20260328_唐津_1,2026-03-28,唐津,1,2-6-4,1122.0
20260328_唐津_1,2026-03-28,唐津,1,3-6-4,2263.0
20260328_唐津_1,2026-03-28,唐津,1,4-6-3,1454.0
20260328_唐津_1,2026-03-28,唐津,1,5-6-3,1454.0
20260328_唐津_1,2026-03-28,唐津,1,6-5-3,2206.0
20260328_唐津_1,2026-03-28,唐津,1,1-6-5,36.7
20260328_唐津_1,2026-03-28,唐津,1,2-6-5,1089.0
20260328_唐津_1,2026-03-28,唐津,1,3-6-5,2169.0
20260328_唐津_1,2026-03-28,唐津,1,4-6-5,492.0
20260328_唐津_1,2026-03-28,唐津,1,5-6-4,888.4
20260328_唐津_1,2026-03-28,唐津,1,6-5-4,1928.0
20260328_唐津_2,2026-03-28,唐津,2,1-2-3,4.2
20260328_唐津_2,2026-03-28,唐津,2,2-1-3,16.0
20260328_唐津_2,2026-03-28,唐津,2,3-1-2,71.7
20260328_唐津_2,2026-03-28,唐津,2,4-1-2,127.2
20260328_唐津_2,2026-03-28,唐津,2,5-1-2,268.7
20260328_唐津_2,2026-03-28,唐津,2,6-1-2,1312.0
20260328_唐津_2,2026-03-28,唐津,2,1-2-4,6.0
20260328_唐津_2,2026-03-28,唐津,2,2-1-4,22.0
20260328_唐津_2,2026-03-28,唐津,2,3-1-4,100.3
20260328_唐津_2,2026-03-28,唐津,2,4-1-3,193.0
20260328_唐津_2,2026-03-28,唐津,2,5-1-3,262.0
20260328_唐津_2,2026-03-28,唐津,2,6-1-3,2377.0
20260328_唐津_2,2026-03-28,唐津,2,1-2-5,17.1
20260328_唐津_2,2026-03-28,唐津,2,2-1-5,51.7
20260328_唐津_2,2026-03-28,唐津,2,3-1-5,125.6
20260328_唐津_2,2026-03-28,唐津,2,4-1-5,209.5
20260328_唐津_2,2026-03-28,唐津,2,5-1-4,465.0
20260328_唐津_2,2026-03-28,唐津,2,6-1-4,2800.0
20260328_唐津_2,2026-03-28,唐津,2,1-2-6,44.9
20260328_唐津_2,2026-03-28,唐津,2,2-1-6,97.8
20260328_唐津_2,2026-03-28,唐津,2,3-1-6,302.5
20260328_唐津_2,2026-03-28,唐津,2,4-1-6,413.2
20260328_唐津_2,2026-03-28,唐津,2,5-1-6,690.5
20260328_唐津_2,2026-03-28,唐津,2,6-1-5,2546.0
20260328_唐津_2,2026-03-28,唐津,2,1-3-2,8.5
20260328_唐津_2,2026-03-28,唐津,2,2-3-1,39.4
20260328_唐津_2,2026-03-28,唐津,2,3-2-1,108.7
20260328_唐津_2,2026-03-28,唐津,2,4-2-1,163.0
20260328_唐津_2,2026-03-28,唐津,2,5-2-1,430.1
20260328_唐津_2,2026-03-28,唐津,2,6-2-1,1615.0
20260328_唐津_2,2026-03-28,唐津,2,1-3-4,14.2
20260328_唐津_2,2026-03-28,唐津,2,2-3-4,45.9
20260328_唐津_2,2026-03-28,唐津,2,3-2-4,145.1
20260328_唐津_2,2026-03-28,唐津,2,4-2-3,293.4
20260328_唐津_2,2026-03-28,唐津,2,5-2-3,625.4
20260328_唐津_2,2026-03-28,唐津,2,6-2-3,3406.0
20260328_唐津_2,2026-03-28,唐津,2,1-3-5,20.2
20260328_唐津_2,2026-03-28,唐津,2,2-3-5,89.8
20260328_唐津_2,2026-03-28,唐津,2,3-2-5,204.9
20260328_唐津_2,2026-03-28,唐津,2,4-2-5,380.7
20260328_唐津_2,2026-03-28,唐津,2,5-2-4,1050.0
20260328_唐津_2,2026-03-28,唐津,2,6-2-4,3600.0
20260328_唐津_2,2026-03-28,唐津,2,1-3-6,81.1
20260328_唐津_2,2026-03-28,唐津,2,2-3-6,165.2
20260328_唐津_2,2026-03-28,唐津,2,3-2-6,441.4
20260328_唐津_2,2026-03-28,唐津,2,4-2-6,560.1
20260328_唐津_2,2026-03-28,唐津,2,5-2-6,1615.0
20260328_唐津_2,2026-03-28,唐津,2,6-2-5,4272.0
20260328_唐津_2,2026-03-28,唐津,2,1-4-2,19.4
20260328_唐津_2,2026-03-28,唐津,2,2-4-1,70.2
20260328_唐津_2,2026-03-28,唐津,2,3-4-1,247.6
20260328_唐津_2,2026-03-28,唐津,2,4-3-1,381.3
20260328_唐津_2,2026-03-28,唐津,2,5-3-1,620.8
20260328_唐津_2,2026-03-28,唐津,2,6-3-1,3406.0
20260328_唐津_2,2026-03-28,唐津,2,1-4-3,27.5
20260328_唐津_2,2026-03-28,唐津,2,2-4-3,85.2
20260328_唐津_2,2026-03-28,唐津,2,3-4-2,232.9
20260328_唐津_2,2026-03-28,唐津,2,4-3-2,413.8
20260328_唐津_2,2026-03-28,唐津,2,5-3-2,759.2
20260328_唐津_2,2026-03-28,唐津,2,6-3-2,3762.0
20260328_唐津_2,2026-03-28,唐津,2,1-4-5,66.3
20260328_唐津_2,2026-03-28,唐津,2,2-4-5,175.8
20260328_唐津_2,2026-03-28,唐津,2,3-4-5,427.9
20260328_唐津_2,2026-03-28,唐津,2,4-3-5,834.6
20260328_唐津_2,2026-03-28,唐津,2,5-3-4,1595.0
20260328_唐津_2,2026-03-28,唐津,2,6-3-4,4200.0
20260328_唐津_2,2026-03-28,唐津,2,1-4-6,132.8
20260328_唐津_2,2026-03-28,唐津,2,2-4-6,259.0
20260328_唐津_2,2026-03-28,唐津,2,3-4-6,747.9
20260328_唐津_2,2026-03-28,唐津,2,4-3-6,1247.0
20260328_唐津_2,2026-03-28,唐津,2,5-3-6,2312.0
20260328_唐津_2,2026-03-28,唐津,2,6-3-5,6463.0
20260328_唐津_2,2026-03-28,唐津,2,1-5-2,47.8
20260328_唐津_2,2026-03-28,唐津,2,2-5-1,194.1
20260328_唐津_2,2026-03-28,唐津,2,3-5-1,442.2
20260328_唐津_2,2026-03-28,唐津,2,4-5-1,273.3
20260328_唐津_2,2026-03-28,唐津,2,5-4-1,603.0
20260328_唐津_2,2026-03-28,唐津,2,6-4-1,3073.0
20260328_唐津_2,2026-03-28,唐津,2,1-5-3,46.7
20260328_唐津_2,2026-03-28,唐津,2,2-5-3,242.1
20260328_唐津_2,2026-03-28,唐津,2,3-5-2,430.1
20260328_唐津_2,2026-03-28,唐津,2,4-5-2,486.5
20260328_唐津_2,2026-03-28,唐津,2,5-4-2,992.3
20260328_唐津_2,2026-03-28,唐津,2,6-4-2,4132.0
20260328_唐津_2,2026-03-28,唐津,2,1-5-4,87.0
20260328_唐津_2,2026-03-28,唐津,2,2-5-4,381.3
20260328_唐津_2,2026-03-28,唐津,2,3-5-4,790.1
20260328_唐津_2,2026-03-28,唐津,2,4-5-3,681.2
20260328_唐津_2,2026-03-28,唐津,2,5-4-3,1536.0
20260328_唐津_2,2026-03-28,唐津,2,6-4-3,5041.0
20260328_唐津_2,2026-03-28,唐津,2,1-5-6,182.7
20260328_唐津_2,2026-03-28,唐津,2,2-5-6,565.1
20260328_唐津_2,2026-03-28,唐津,2,3-5-6,1223.0
20260328_唐津_2,2026-03-28,唐津,2,4-5-6,636.5
20260328_唐津_2,2026-03-28,唐津,2,5-4-6,1448.0
20260328_唐津_2,2026-03-28,唐津,2,6-4-5,6812.0
20260328_唐津_2,2026-03-28,唐津,2,1-6-2,226.4
20260328_唐津_2,2026-03-28,唐津,2,2-6-1,535.1
20260328_唐津_2,2026-03-28,唐津,2,3-6-1,1424.0
20260328_唐津_2,2026-03-28,唐津,2,4-6-1,869.1
20260328_唐津_2,2026-03-28,唐津,2,5-6-1,1016.0
20260328_唐津_2,2026-03-28,唐津,2,6-5-1,2495.0
20260328_唐津_2,2026-03-28,唐津,2,1-6-3,451.7
20260328_唐津_2,2026-03-28,唐津,2,2-6-3,802.7
20260328_唐津_2,2026-03-28,唐津,2,3-6-2,1400.0
20260328_唐津_2,2026-03-28,唐津,2,4-6-2,1217.0
20260328_唐津_2,2026-03-28,唐津,2,5-6-2,1400.0
20260328_唐津_2,2026-03-28,唐津,2,6-5-2,5144.0
20260328_唐津_2,2026-03-28,唐津,2,1-6-4,456.6
20260328_唐津_2,2026-03-28,唐津,2,2-6-4,954.7
20260328_唐津_2,2026-03-28,唐津,2,3-6-4,1658.0
20260328_唐津_2,2026-03-28,唐津,2,4-6-3,1938.0
20260328_唐津_2,2026-03-28,唐津,2,5-6-3,1691.0
20260328_唐津_2,2026-03-28,唐津,2,6-5-3,5041.0
20260328_唐津_2,2026-03-28,唐津,2,1-6-5,500.1
20260328_唐津_2,2026-03-28,唐津,2,2-6-5,1054.0
20260328_唐津_2,2026-03-28,唐津,2,3-6-5,1895.0
20260328_唐津_2,2026-03-28,唐津,2,4-6-5,1166.0
20260328_唐津_2,2026-03-28,唐津,2,5-6-4,2447.0
20260328_唐津_2,2026-03-28,唐津,2,6-5-4,5861.0
20260328_唐津_3,2026-03-28,唐津,3,1-2-3,12.3
20260328_唐津_3,2026-03-28,唐津,3,2-1-3,33.5
20260328_唐津_3,2026-03-28,唐津,3,3-1-2,20.4
20260328_唐津_3,2026-03-28,唐津,3,4-1-2,108.6
20260328_唐津_3,2026-03-28,唐津,3,5-1-2,361.4
20260328_唐津_3,2026-03-28,唐津,3,6-1-2,1314.0
20260328_唐津_3,2026-03-28,唐津,3,1-2-4,20.1
20260328_唐津_3,2026-03-28,唐津,3,2-1-4,54.9
20260328_唐津_3,2026-03-28,唐津,3,3-1-4,16.8
20260328_唐津_3,2026-03-28,唐津,3,4-1-3,84.0
20260328_唐津_3,2026-03-28,唐津,3,5-1-3,228.5
20260328_唐津_3,2026-03-28,唐津,3,6-1-3,1090.0
20260328_唐津_3,2026-03-28,唐津,3,1-2-5,42.3
20260328_唐津_3,2026-03-28,唐津,3,2-1-5,99.6
20260328_唐津_3,2026-03-28,唐津,3,3-1-5,24.3
20260328_唐津_3,2026-03-28,唐津,3,4-1-5,130.3
20260328_唐津_3,2026-03-28,唐津,3,5-1-4,340.9
20260328_唐津_3,2026-03-28,唐津,3,6-1-4,1699.0
20260328_唐津_3,2026-03-28,唐津,3,1-2-6,101.8
20260328_唐津_3,2026-03-28,唐津,3,2-1-6,206.5
20260328_唐津_3,2026-03-28,唐津,3,3-1-6,62.6
20260328_唐津_3,2026-03-28,唐津,3,4-1-6,305.4
20260328_唐津_3,2026-03-28,唐津,3,5-1-6,589.2
20260328_唐津_3,2026-03-28,唐津,3,6-1-5,1898.0
20260328_唐津_3,2026-03-28,唐津,3,1-3-2,9.5
20260328_唐津_3,2026-03-28,唐津,3,2-3-1,48.9
20260328_唐津_3,2026-03-28,唐津,3,3-2-1,45.0
20260328_唐津_3,2026-03-28,唐津,3,4-2-1,179.2
20260328_唐津_3,2026-03-28,唐津,3,5-2-1,560.2
20260328_唐津_3,2026-03-28,唐津,3,6-2-1,1443.0
20260328_唐津_3,2026-03-28,唐津,3,1-3-4,10.0
20260328_唐津_3,2026-03-28,唐津,3,2-3-4,50.5
20260328_唐津_3,2026-03-28,唐津,3,3-2-4,43.0
20260328_唐津_3,2026-03-28,唐津,3,4-2-3,199.7
20260328_唐津_3,2026-03-28,唐津,3,5-2-3,374.6
20260328_唐津_3,2026-03-28,唐津,3,6-2-3,1585.0
20260328_唐津_3,2026-03-28,唐津,3,1-3-5,19.7
20260328_唐津_3,2026-03-28,唐津,3,2-3-5,67.9
20260328_唐津_3,2026-03-28,唐津,3,3-2-5,46.8
20260328_唐津_3,2026-03-28,唐津,3,4-2-5,345.1
20260328_唐津_3,2026-03-28,唐津,3,5-2-4,770.8
20260328_唐津_3,2026-03-28,唐津,3,6-2-4,2106.0
20260328_唐津_3,2026-03-28,唐津,3,1-3-6,49.2
20260328_唐津_3,2026-03-28,唐津,3,2-3-6,146.3
20260328_唐津_3,2026-03-28,唐津,3,3-2-6,114.5
20260328_唐津_3,2026-03-28,唐津,3,4-2-6,581.4
20260328_唐津_3,2026-03-28,唐津,3,5-2-6,955.1
20260328_唐津_3,2026-03-28,唐津,3,6-2-5,2106.0
20260328_唐津_3,2026-03-28,唐津,3,1-4-2,27.1
20260328_唐津_3,2026-03-28,唐津,3,2-4-1,102.2
20260328_唐津_3,2026-03-28,唐津,3,3-4-1,27.0
20260328_唐津_3,2026-03-28,唐津,3,4-3-1,91.1
20260328_唐津_3,2026-03-28,唐津,3,5-3-1,243.5
20260328_唐津_3,2026-03-28,唐津,3,6-3-1,1169.0
20260328_唐津_3,2026-03-28,唐津,3,1-4-3,20.3
20260328_唐津_3,2026-03-28,唐津,3,2-4-3,94.8
20260328_唐津_3,2026-03-28,唐津,3,3-4-2,40.6
20260328_唐津_3,2026-03-28,唐津,3,4-3-2,149.6
20260328_唐津_3,2026-03-28,唐津,3,5-3-2,277.0
20260328_唐津_3,2026-03-28,唐津,3,6-3-2,1718.0
20260328_唐津_3,2026-03-28,唐津,3,1-4-5,52.9
20260328_唐津_3,2026-03-28,唐津,3,2-4-5,187.6
20260328_唐津_3,2026-03-28,唐津,3,3-4-5,38.6
20260328_唐津_3,2026-03-28,唐津,3,4-3-5,142.4
20260328_唐津_3,2026-03-28,唐津,3,5-3-4,284.2
20260328_唐津_3,2026-03-28,唐津,3,6-3-4,1680.0
20260328_唐津_3,2026-03-28,唐津,3,1-4-6,135.7
20260328_唐津_3,2026-03-28,唐津,3,2-4-6,400.9
20260328_唐津_3,2026-03-28,唐津,3,3-4-6,86.3
20260328_唐津_3,2026-03-28,唐津,3,4-3-6,299.1
20260328_唐津_3,2026-03-28,唐津,3,5-3-6,496.8
20260328_唐津_3,2026-03-28,唐津,3,6-3-5,1457.0
20260328_唐津_3,2026-03-28,唐津,3,1-5-2,100.3
20260328_唐津_3,2026-03-28,唐津,3,2-5-1,292.9
20260328_唐津_3,2026-03-28,唐津,3,3-5-1,63.3
20260328_唐津_3,2026-03-28,唐津,3,4-5-1,176.3
20260328_唐津_3,2026-03-28,唐津,3,5-4-1,421.3
20260328_唐津_3,2026-03-28,唐津,3,6-4-1,1593.0
20260328_唐津_3,2026-03-28,唐津,3,1-5-3,71.3
20260328_唐津_3,2026-03-28,唐津,3,2-5-3,213.4
20260328_唐津_3,2026-03-28,唐津,3,3-5-2,60.7
20260328_唐津_3,2026-03-28,唐津,3,4-5-2,309.7
20260328_唐津_3,2026-03-28,唐津,3,5-4-2,737.5
20260328_唐津_3,2026-03-28,唐津,3,6-4-2,2330.0
20260328_唐津_3,2026-03-28,唐津,3,1-5-4,110.5
20260328_唐津_3,2026-03-28,唐津,3,2-5-4,370.5
20260328_唐津_3,2026-03-28,唐津,3,3-5-4,64.3
20260328_唐津_3,2026-03-28,唐津,3,4-5-3,232.2
20260328_唐津_3,2026-03-28,唐津,3,5-4-3,439.3
20260328_唐津_3,2026-03-28,唐津,3,6-4-3,2121.0
20260328_唐津_3,2026-03-28,唐津,3,1-5-6,261.3
20260328_唐津_3,2026-03-28,唐津,3,2-5-6,579.2
20260328_唐津_3,2026-03-28,唐津,3,3-5-6,105.2
20260328_唐津_3,2026-03-28,唐津,3,4-5-6,396.3
20260328_唐津_3,2026-03-28,唐津,3,5-4-6,876.2
20260328_唐津_3,2026-03-28,唐津,3,6-4-5,2460.0
20260328_唐津_3,2026-03-28,唐津,3,1-6-2,329.6
20260328_唐津_3,2026-03-28,唐津,3,2-6-1,835.7
20260328_唐津_3,2026-03-28,唐津,3,3-6-1,284.2
20260328_唐津_3,2026-03-28,唐津,3,4-6-1,768.9
20260328_唐津_3,2026-03-28,唐津,3,5-6-1,1035.0
20260328_唐津_3,2026-03-28,唐津,3,6-5-1,1922.0
20260328_唐津_3,2026-03-28,唐津,3,1-6-3,255.6
20260328_唐津_3,2026-03-28,唐津,3,2-6-3,720.2
20260328_唐津_3,2026-03-28,唐津,3,3-6-2,243.3
20260328_唐津_3,2026-03-28,唐津,3,4-6-2,1139.0
20260328_唐津_3,2026-03-28,唐津,3,5-6-2,1240.0
20260328_唐津_3,2026-03-28,唐津,3,6-5-2,2228.0
20260328_唐津_3,2026-03-28,唐津,3,1-6-4,429.5
20260328_唐津_3,2026-03-28,唐津,3,2-6-4,1049.0
20260328_唐津_3,2026-03-28,唐津,3,3-6-4,307.8
20260328_唐津_3,2026-03-28,唐津,3,4-6-3,866.3
20260328_唐津_3,2026-03-28,唐津,3,5-6-3,899.3
20260328_唐津_3,2026-03-28,唐津,3,6-5-3,1553.0
20260328_唐津_3,2026-03-28,唐津,3,1-6-5,424.8
20260328_唐津_3,2026-03-28,唐津,3,2-6-5,992.1
20260328_唐津_3,2026-03-28,唐津,3,3-6-5,189.0
20260328_唐津_3,2026-03-28,唐津,3,4-6-5,835.7
20260328_唐津_3,2026-03-28,唐津,3,5-6-4,1308.0
20260328_唐津_3,2026-03-28,唐津,3,6-5-4,2421.0
20260328_唐津_4,2026-03-28,唐津,4,1-2-3,55.8
20260328_唐津_4,2026-03-28,唐津,4,2-1-3,201.6
20260328_唐津_4,2026-03-28,唐津,4,3-1-2,86.9
20260328_唐津_4,2026-03-28,唐津,4,4-1-2,350.0
20260328_唐津_4,2026-03-28,唐津,4,5-1-2,125.3
20260328_唐津_4,2026-03-28,唐津,4,6-1-2,172.8
20260328_唐津_4,2026-03-28,唐津,4,1-2-4,98.7
20260328_唐津_4,2026-03-28,唐津,4,2-1-4,320.9
20260328_唐津_4,2026-03-28,唐津,4,3-1-4,66.6
20260328_唐津_4,2026-03-28,唐津,4,4-1-3,183.5
20260328_唐津_4,2026-03-28,唐津,4,5-1-3,30.9
20260328_唐津_4,2026-03-28,唐津,4,6-1-3,88.2
20260328_唐津_4,2026-03-28,唐津,4,1-2-5,60.5
20260328_唐津_4,2026-03-28,唐津,4,2-1-5,259.9
20260328_唐津_4,2026-03-28,唐津,4,3-1-5,29.4
20260328_唐津_4,2026-03-28,唐津,4,4-1-5,246.3
20260328_唐津_4,2026-03-28,唐津,4,5-1-4,95.6
20260328_唐津_4,2026-03-28,唐津,4,6-1-4,210.2
20260328_唐津_4,2026-03-28,唐津,4,1-2-6,66.5
20260328_唐津_4,2026-03-28,唐津,4,2-1-6,212.1
20260328_唐津_4,2026-03-28,唐津,4,3-1-6,36.2
20260328_唐津_4,2026-03-28,唐津,4,4-1-6,161.5
20260328_唐津_4,2026-03-28,唐津,4,5-1-6,44.8
20260328_唐津_4,2026-03-28,唐津,4,6-1-5,90.8
20260328_唐津_4,2026-03-28,唐津,4,1-3-2,46.8
20260328_唐津_4,2026-03-28,唐津,4,2-3-1,335.8
20260328_唐津_4,2026-03-28,唐津,4,3-2-1,184.0
20260328_唐津_4,2026-03-28,唐津,4,4-2-1,560.5
20260328_唐津_4,2026-03-28,唐津,4,5-2-1,289.0
20260328_唐津_4,2026-03-28,唐津,4,6-2-1,338.8
20260328_唐津_4,2026-03-28,唐津,4,1-3-4,46.0
20260328_唐津_4,2026-03-28,唐津,4,2-3-4,558.4
20260328_唐津_4,2026-03-28,唐津,4,3-2-4,207.9
20260328_唐津_4,2026-03-28,唐津,4,4-2-3,538.7
20260328_唐津_4,2026-03-28,唐津,4,5-2-3,239.5
20260328_唐津_4,2026-03-28,唐津,4,6-2-3,316.9
20260328_唐津_4,2026-03-28,唐津,4,1-3-5,16.2
20260328_唐津_4,2026-03-28,唐津,4,2-3-5,397.0
20260328_唐津_4,2026-03-28,唐津,4,3-2-5,175.5
20260328_唐津_4,2026-03-28,唐津,4,4-2-5,662.8
20260328_唐津_4,2026-03-28,唐津,4,5-2-4,398.5
20260328_唐津_4,2026-03-28,唐津,4,6-2-4,440.0
20260328_唐津_4,2026-03-28,唐津,4,1-3-6,25.2
20260328_唐津_4,2026-03-28,唐津,4,2-3-6,309.2
20260328_唐津_4,2026-03-28,唐津,4,3-2-6,132.6
20260328_唐津_4,2026-03-28,唐津,4,4-2-6,406.0
20260328_唐津_4,2026-03-28,唐津,4,5-2-6,240.4
20260328_唐津_4,2026-03-28,唐津,4,6-2-5,360.8
20260328_唐津_4,2026-03-28,唐津,4,1-4-2,110.7
20260328_唐津_4,2026-03-28,唐津,4,2-4-1,601.4
20260328_唐津_4,2026-03-28,唐津,4,3-4-1,58.5
20260328_唐津_4,2026-03-28,唐津,4,4-3-1,186.9
20260328_唐津_4,2026-03-28,唐津,4,5-3-1,37.0
20260328_唐津_4,2026-03-28,唐津,4,6-3-1,76.3
20260328_唐津_4,2026-03-28,唐津,4,1-4-3,78.6
20260328_唐津_4,2026-03-28,唐津,4,2-4-3,700.9
20260328_唐津_4,2026-03-28,唐津,4,3-4-2,99.7
20260328_唐津_4,2026-03-28,唐津,4,4-3-2,304.9
20260328_唐津_4,2026-03-28,唐津,4,5-3-2,115.4
20260328_唐津_4,2026-03-28,唐津,4,6-3-2,144.4
20260328_唐津_4,2026-03-28,唐津,4,1-4-5,93.2
20260328_唐津_4,2026-03-28,唐津,4,2-4-5,837.6
20260328_唐津_4,2026-03-28,唐津,4,3-4-5,55.3
20260328_唐津_4,2026-03-28,唐津,4,4-3-5,176.1
20260328_唐津_4,2026-03-28,唐津,4,5-3-4,61.9
20260328_唐津_4,2026-03-28,唐津,4,6-3-4,115.4
20260328_唐津_4,2026-03-28,唐津,4,1-4-6,70.5
20260328_唐津_4,2026-03-28,唐津,4,2-4-6,512.4
20260328_唐津_4,2026-03-28,唐津,4,3-4-6,34.7
20260328_唐津_4,2026-03-28,唐津,4,4-3-6,97.6
20260328_唐津_4,2026-03-28,唐津,4,5-3-6,30.5
20260328_唐津_4,2026-03-28,唐津,4,6-3-5,70.5
20260328_唐津_4,2026-03-28,唐津,4,1-5-2,44.8
20260328_唐津_4,2026-03-28,唐津,4,2-5-1,412.6
20260328_唐津_4,2026-03-28,唐津,4,3-5-1,29.5
20260328_唐津_4,2026-03-28,唐津,4,4-5-1,296.0
20260328_唐津_4,2026-03-28,唐津,4,5-4-1,178.8
20260328_唐津_4,2026-03-28,唐津,4,6-4-1,317.6
20260328_唐津_4,2026-03-28,唐津,4,1-5-3,15.5
20260328_唐津_4,2026-03-28,唐津,4,2-5-3,390.9
20260328_唐津_4,2026-03-28,唐津,4,3-5-2,108.4
20260328_唐津_4,2026-03-28,唐津,4,4-5-2,523.9
20260328_唐津_4,2026-03-28,唐津,4,5-4-2,328.9
20260328_唐津_4,2026-03-28,唐津,4,6-4-2,419.4
20260328_唐津_4,2026-03-28,唐津,4,1-5-4,50.5
20260328_唐津_4,2026-03-28,唐津,4,2-5-4,691.4
20260328_唐津_4,2026-03-28,唐津,4,3-5-4,55.7
20260328_唐津_4,2026-03-28,唐津,4,4-5-3,248.9
20260328_唐津_4,2026-03-28,唐津,4,5-4-3,145.1
20260328_唐津_4,2026-03-28,唐津,4,6-4-3,217.3
20260328_唐津_4,2026-03-28,唐津,4,1-5-6,23.3
20260328_唐津_4,2026-03-28,唐津,4,2-5-6,377.8
20260328_唐津_4,2026-03-28,唐津,4,3-5-6,23.7
20260328_唐津_4,2026-03-28,唐津,4,4-5-6,174.7
20260328_唐津_4,2026-03-28,唐津,4,5-4-6,109.9
20260328_唐津_4,2026-03-28,唐津,4,6-4-5,283.6
20260328_唐津_4,2026-03-28,唐津,4,1-6-2,95.1
20260328_唐津_4,2026-03-28,唐津,4,2-6-1,614.7
20260328_唐津_4,2026-03-28,唐津,4,3-6-1,41.3
20260328_唐津_4,2026-03-28,唐津,4,4-6-1,234.0
20260328_唐津_4,2026-03-28,唐津,4,5-6-1,71.2
20260328_唐津_4,2026-03-28,唐津,4,6-5-1,104.0
20260328_唐津_4,2026-03-28,唐津,4,1-6-3,56.3
20260328_唐津_4,2026-03-28,唐津,4,2-6-3,643.2
20260328_唐津_4,2026-03-28,唐津,4,3-6-2,93.1
20260328_唐津_4,2026-03-28,唐津,4,4-6-2,365.1
20260328_唐津_4,2026-03-28,唐津,4,5-6-2,192.8
20260328_唐津_4,2026-03-28,唐津,4,6-5-2,252.0
20260328_唐津_4,2026-03-28,唐津,4,1-6-4,106.4
20260328_唐津_4,2026-03-28,唐津,4,2-6-4,722.5
20260328_唐津_4,2026-03-28,唐津,4,3-6-4,49.2
20260328_唐津_4,2026-03-28,唐津,4,4-6-3,178.0
20260328_唐津_4,2026-03-28,唐津,4,5-6-3,54.9
20260328_唐津_4,2026-03-28,唐津,4,6-5-3,86.3
20260328_唐津_4,2026-03-28,唐津,4,1-6-5,51.2
20260328_唐津_4,2026-03-28,唐津,4,2-6-5,626.1
20260328_唐津_4,2026-03-28,唐津,4,3-6-5,36.1
20260328_唐津_4,2026-03-28,唐津,4,4-6-5,218.1
20260328_唐津_4,2026-03-28,唐津,4,5-6-4,111.8
20260328_唐津_4,2026-03-28,唐津,4,6-5-4,210.8
20260328_唐津_5,2026-03-28,唐津,5,1-2-3,10.5
20260328_唐津_5,2026-03-28,唐津,5,2-1-3,118.0
20260328_唐津_5,2026-03-28,唐津,5,3-1-2,246.3
20260328_唐津_5,2026-03-28,唐津,5,4-1-2,49.8
20260328_唐津_5,2026-03-28,唐津,5,5-1-2,92.4
20260328_唐津_5,2026-03-28,唐津,5,6-1-2,269.0
20260328_唐津_5,2026-03-28,唐津,5,1-2-4,5.0
20260328_唐津_5,2026-03-28,唐津,5,2-1-4,44.2
20260328_唐津_5,2026-03-28,唐津,5,3-1-4,282.8
20260328_唐津_5,2026-03-28,唐津,5,4-1-3,190.0
20260328_唐津_5,2026-03-28,唐津,5,5-1-3,331.9
20260328_唐津_5,2026-03-28,唐津,5,6-1-3,508.8
20260328_唐津_5,2026-03-28,唐津,5,1-2-5,7.5
20260328_唐津_5,2026-03-28,唐津,5,2-1-5,64.6
20260328_唐津_5,2026-03-28,唐津,5,3-1-5,299.1
20260328_唐津_5,2026-03-28,唐津,5,4-1-5,55.2
20260328_唐津_5,2026-03-28,唐津,5,5-1-4,102.7
20260328_唐津_5,2026-03-28,唐津,5,6-1-4,449.0
20260328_唐津_5,2026-03-28,唐津,5,1-2-6,24.8
20260328_唐津_5,2026-03-28,唐津,5,2-1-6,124.9
20260328_唐津_5,2026-03-28,唐津,5,3-1-6,558.9
20260328_唐津_5,2026-03-28,唐津,5,4-1-6,116.6
20260328_唐津_5,2026-03-28,唐津,5,5-1-6,280.3
20260328_唐津_5,2026-03-28,唐津,5,6-1-5,690.9
20260328_唐津_5,2026-03-28,唐津,5,1-3-2,23.4
20260328_唐津_5,2026-03-28,唐津,5,2-3-1,391.7
20260328_唐津_5,2026-03-28,唐津,5,3-2-1,481.3
20260328_唐津_5,2026-03-28,唐津,5,4-2-1,90.9
20260328_唐津_5,2026-03-28,唐津,5,5-2-1,164.9
20260328_唐津_5,2026-03-28,唐津,5,6-2-1,476.4
20260328_唐津_5,2026-03-28,唐津,5,1-3-4,33.7
20260328_唐津_5,2026-03-28,唐津,5,2-3-4,544.3
20260328_唐津_5,2026-03-28,唐津,5,3-2-4,636.8
20260328_唐津_5,2026-03-28,唐津,5,4-2-3,322.8
20260328_唐津_5,2026-03-28,唐津,5,5-2-3,533.4
20260328_唐津_5,2026-03-28,唐津,5,6-2-3,1177.0
20260328_唐津_5,2026-03-28,唐津,5,1-3-5,35.8
20260328_唐津_5,2026-03-28,唐津,5,2-3-5,487.6
20260328_唐津_5,2026-03-28,唐津,5,3-2-5,545.8
20260328_唐津_5,2026-03-28,唐津,5,4-2-5,127.9
20260328_唐津_5,2026-03-28,唐津,5,5-2-4,221.8
20260328_唐津_5,2026-03-28,唐津,5,6-2-4,628.3
20260328_唐津_5,2026-03-28,唐津,5,1-3-6,108.6
20260328_唐津_5,2026-03-28,唐津,5,2-3-6,780.1
20260328_唐津_5,2026-03-28,唐津,5,3-2-6,1628.0
20260328_唐津_5,2026-03-28,唐津,5,4-2-6,228.3
20260328_唐津_5,2026-03-28,唐津,5,5-2-6,550.7
20260328_唐津_5,2026-03-28,唐津,5,6-2-5,1162.0
20260328_唐津_5,2026-03-28,唐津,5,1-4-2,8.3
20260328_唐津_5,2026-03-28,唐津,5,2-4-1,102.8
20260328_唐津_5,2026-03-28,唐津,5,3-4-1,577.9
20260328_唐津_5,2026-03-28,唐津,5,4-3-1,583.3
20260328_唐津_5,2026-03-28,唐津,5,5-3-1,659.3
20260328_唐津_5,2026-03-28,唐津,5,6-3-1,803.6
20260328_唐津_5,2026-03-28,唐津,5,1-4-3,36.7
20260328_唐津_5,2026-03-28,唐津,5,2-4-3,299.1
20260328_唐津_5,2026-03-28,唐津,5,3-4-2,680.8
20260328_唐津_5,2026-03-28,唐津,5,4-3-2,900.2
20260328_唐津_5,2026-03-28,唐津,5,5-3-2,731.4
20260328_唐津_5,2026-03-28,唐津,5,6-3-2,1950.0
20260328_唐津_5,2026-03-28,唐津,5,1-4-5,13.6
20260328_唐津_5,2026-03-28,唐津,5,2-4-5,171.9
20260328_唐津_5,2026-03-28,唐津,5,3-4-5,634.7
20260328_唐津_5,2026-03-28,唐津,5,4-3-5,717.4
20260328_唐津_5,2026-03-28,唐津,5,5-3-4,1386.0
20260328_唐津_5,2026-03-28,唐津,5,6-3-4,2255.0
20260328_唐津_5,2026-03-28,唐津,5,1-4-6,33.9
20260328_唐津_5,2026-03-28,唐津,5,2-4-6,281.5
20260328_唐津_5,2026-03-28,唐津,5,3-4-6,1366.0
20260328_唐津_5,2026-03-28,唐津,5,4-3-6,1309.0
20260328_唐津_5,2026-03-28,唐津,5,5-3-6,1853.0
20260328_唐津_5,2026-03-28,唐津,5,6-3-5,2463.0
20260328_唐津_5,2026-03-28,唐津,5,1-5-2,17.8
20260328_唐津_5,2026-03-28,唐津,5,2-5-1,194.0
20260328_唐津_5,2026-03-28,唐津,5,3-5-1,628.3
20260328_唐津_5,2026-03-28,唐津,5,4-5-1,80.0
20260328_唐津_5,2026-03-28,唐津,5,5-4-1,135.7
20260328_唐津_5,2026-03-28,唐津,5,6-4-1,751.9
20260328_唐津_5,2026-03-28,唐津,5,1-5-3,51.6
20260328_唐津_5,2026-03-28,唐津,5,2-5-3,454.4
20260328_唐津_5,2026-03-28,唐津,5,3-5-2,613.9
20260328_唐津_5,2026-03-28,唐津,5,4-5-2,110.4
20260328_唐津_5,2026-03-28,唐津,5,5-4-2,211.5
20260328_唐津_5,2026-03-28,唐津,5,6-4-2,800.1
20260328_唐津_5,2026-03-28,唐津,5,1-5-4,26.3
20260328_唐津_5,2026-03-28,唐津,5,2-5-4,258.2
20260328_唐津_5,2026-03-28,唐津,5,3-5-4,960.2
20260328_唐津_5,2026-03-28,唐津,5,4-5-3,392.5
20260328_唐津_5,2026-03-28,唐津,5,5-4-3,908.9
20260328_唐津_5,2026-03-28,唐津,5,6-4-3,1891.0
20260328_唐津_5,2026-03-28,唐津,5,1-5-6,66.3
20260328_唐津_5,2026-03-28,唐津,5,2-5-6,668.7
20260328_唐津_5,2026-03-28,唐津,5,3-5-6,1835.0
20260328_唐津_5,2026-03-28,唐津,5,4-5-6,192.6
20260328_唐津_5,2026-03-28,唐津,5,5-4-6,452.2
20260328_唐津_5,2026-03-28,唐津,5,6-4-5,1347.0
20260328_唐津_5,2026-03-28,唐津,5,1-6-2,73.1
20260328_唐津_5,2026-03-28,唐津,5,2-6-1,592.5
20260328_唐津_5,2026-03-28,唐津,5,3-6-1,945.6
20260328_唐津_5,2026-03-28,唐津,5,4-6-1,318.4
20260328_唐津_5,2026-03-28,唐津,5,5-6-1,552.3
20260328_唐津_5,2026-03-28,唐津,5,6-5-1,1082.0
20260328_唐津_5,2026-03-28,唐津,5,1-6-3,176.3
20260328_唐津_5,2026-03-28,唐津,5,2-6-3,1891.0
20260328_唐津_5,2026-03-28,唐津,5,3-6-2,2463.0
20260328_唐津_5,2026-03-28,唐津,5,4-6-2,360.0
20260328_唐津_5,2026-03-28,唐津,5,5-6-2,814.0
20260328_唐津_5,2026-03-28,唐津,5,6-5-2,1356.0
20260328_唐津_5,2026-03-28,唐津,5,1-6-4,113.4
20260328_唐津_5,2026-03-28,唐津,5,2-6-4,683.3
20260328_唐津_5,2026-03-28,唐津,5,3-6-4,2340.0
20260328_唐津_5,2026-03-28,唐津,5,4-6-3,1642.0
20260328_唐津_5,2026-03-28,唐津,5,5-6-3,1642.0
20260328_唐津_5,2026-03-28,唐津,5,6-5-3,2431.0
20260328_唐津_5,2026-03-28,唐津,5,1-6-5,141.8
20260328_唐津_5,2026-03-28,唐津,5,2-6-5,1177.0
20260328_唐津_5,2026-03-28,唐津,5,3-6-5,2311.0
20260328_唐津_5,2026-03-28,唐津,5,4-6-5,465.7
20260328_唐津_5,2026-03-28,唐津,5,5-6-4,917.8
20260328_唐津_5,2026-03-28,唐津,5,6-5-4,1717.0
20260328_唐津_6,2026-03-28,唐津,6,1-2-3,14.0
20260328_唐津_6,2026-03-28,唐津,6,2-1-3,19.6
20260328_唐津_6,2026-03-28,唐津,6,3-1-2,39.5
20260328_唐津_6,2026-03-28,唐津,6,4-1-2,68.6
20260328_唐津_6,2026-03-28,唐津,6,5-1-2,119.1
20260328_唐津_6,2026-03-28,唐津,6,6-1-2,1404.0
20260328_唐津_6,2026-03-28,唐津,6,1-2-4,24.9
20260328_唐津_6,2026-03-28,唐津,6,2-1-4,36.2
20260328_唐津_6,2026-03-28,唐津,6,3-1-4,58.1
20260328_唐津_6,2026-03-28,唐津,6,4-1-3,139.0
20260328_唐津_6,2026-03-28,唐津,6,5-1-3,124.2
20260328_唐津_6,2026-03-28,唐津,6,6-1-3,1454.0
20260328_唐津_6,2026-03-28,唐津,6,1-2-5,21.9
20260328_唐津_6,2026-03-28,唐津,6,2-1-5,24.5
20260328_唐津_6,2026-03-28,唐津,6,3-1-5,38.4
20260328_唐津_6,2026-03-28,唐津,6,4-1-5,55.9
20260328_唐津_6,2026-03-28,唐津,6,5-1-4,138.8
20260328_唐津_6,2026-03-28,唐津,6,6-1-4,1714.0
20260328_唐津_6,2026-03-28,唐津,6,1-2-6,126.0
20260328_唐津_6,2026-03-28,唐津,6,2-1-6,110.6
20260328_唐津_6,2026-03-28,唐津,6,3-1-6,181.5
20260328_唐津_6,2026-03-28,唐津,6,4-1-6,106.7
20260328_唐津_6,2026-03-28,唐津,6,5-1-6,209.6
20260328_唐津_6,2026-03-28,唐津,6,6-1-5,1732.0
20260328_唐津_6,2026-03-28,唐津,6,1-3-2,15.5
20260328_唐津_6,2026-03-28,唐津,6,2-3-1,34.3
20260328_唐津_6,2026-03-28,唐津,6,3-2-1,50.2
20260328_唐津_6,2026-03-28,唐津,6,4-2-1,123.5
20260328_唐津_6,2026-03-28,唐津,6,5-2-1,159.0
20260328_唐津_6,2026-03-28,唐津,6,6-2-1,2010.0
20260328_唐津_6,2026-03-28,唐津,6,1-3-4,25.4
20260328_唐津_6,2026-03-28,唐津,6,2-3-4,44.0
20260328_唐津_6,2026-03-28,唐津,6,3-2-4,56.9
20260328_唐津_6,2026-03-28,唐津,6,4-2-3,165.5
20260328_唐津_6,2026-03-28,唐津,6,5-2-3,125.6
20260328_唐津_6,2026-03-28,唐津,6,6-2-3,1916.0
20260328_唐津_6,2026-03-28,唐津,6,1-3-5,14.9
20260328_唐津_6,2026-03-28,唐津,6,2-3-5,27.5
20260328_唐津_6,2026-03-28,唐津,6,3-2-5,34.4
20260328_唐津_6,2026-03-28,唐津,6,4-2-5,77.6
20260328_唐津_6,2026-03-28,唐津,6,5-2-4,194.5
20260328_唐津_6,2026-03-28,唐津,6,6-2-4,1850.0
20260328_唐津_6,2026-03-28,唐津,6,1-3-6,122.7
20260328_唐津_6,2026-03-28,唐津,6,2-3-6,163.0
20260328_唐津_6,2026-03-28,唐津,6,3-2-6,173.0
20260328_唐津_6,2026-03-28,唐津,6,4-2-6,164.0
20260328_唐津_6,2026-03-28,唐津,6,5-2-6,282.7
20260328_唐津_6,2026-03-28,唐津,6,6-2-5,2061.0
20260328_唐津_6,2026-03-28,唐津,6,1-4-2,41.5
20260328_唐津_6,2026-03-28,唐津,6,2-4-1,96.3
20260328_唐津_6,2026-03-28,唐津,6,3-4-1,130.7
20260328_唐津_6,2026-03-28,唐津,6,4-3-1,210.6
20260328_唐津_6,2026-03-28,唐津,6,5-3-1,155.4
20260328_唐津_6,2026-03-28,唐津,6,6-3-1,1751.0
20260328_唐津_6,2026-03-28,唐津,6,1-4-3,44.3
20260328_唐津_6,2026-03-28,唐津,6,2-4-3,94.2
20260328_唐津_6,2026-03-28,唐津,6,3-4-2,106.2
20260328_唐津_6,2026-03-28,唐津,6,4-3-2,143.3
20260328_唐津_6,2026-03-28,唐津,6,5-3-2,125.1
20260328_唐津_6,2026-03-28,唐津,6,6-3-2,2200.0
20260328_唐津_6,2026-03-28,唐津,6,1-4-5,41.1
20260328_唐津_6,2026-03-28,唐津,6,2-4-5,85.4
20260328_唐津_6,2026-03-28,唐津,6,3-4-5,100.4
20260328_唐津_6,2026-03-28,唐津,6,4-3-5,174.1
20260328_唐津_6,2026-03-28,唐津,6,5-3-4,227.7
20260328_唐津_6,2026-03-28,唐津,6,6-3-4,2360.0
20260328_唐津_6,2026-03-28,唐津,6,1-4-6,158.5
20260328_唐津_6,2026-03-28,唐津,6,2-4-6,226.8
20260328_唐津_6,2026-03-28,唐津,6,3-4-6,317.4
20260328_唐津_6,2026-03-28,唐津,6,4-3-6,410.2
20260328_唐津_6,2026-03-28,唐津,6,5-3-6,367.6
20260328_唐津_6,2026-03-28,唐津,6,6-3-5,2714.0
20260328_唐津_6,2026-03-28,唐津,6,1-5-2,46.3
20260328_唐津_6,2026-03-28,唐津,6,2-5-1,78.4
20260328_唐津_6,2026-03-28,唐津,6,3-5-1,62.8
20260328_唐津_6,2026-03-28,唐津,6,4-5-1,56.6
20260328_唐津_6,2026-03-28,唐津,6,5-4-1,151.3
20260328_唐津_6,2026-03-28,唐津,6,6-4-1,1938.0
20260328_唐津_6,2026-03-28,唐津,6,1-5-3,41.6
20260328_唐津_6,2026-03-28,唐津,6,2-5-3,61.2
20260328_唐津_6,2026-03-28,唐津,6,3-5-2,58.8
20260328_唐津_6,2026-03-28,唐津,6,4-5-2,48.7
20260328_唐津_6,2026-03-28,唐津,6,5-4-2,155.2
20260328_唐津_6,2026-03-28,唐津,6,6-4-2,1916.0
20260328_唐津_6,2026-03-28,唐津,6,1-5-4,59.0
20260328_唐津_6,2026-03-28,唐津,6,2-5-4,106.5
20260328_唐津_6,2026-03-28,唐津,6,3-5-4,105.2
20260328_唐津_6,2026-03-28,唐津,6,4-5-3,109.3
20260328_唐津_6,2026-03-28,唐津,6,5-4-3,224.6
20260328_唐津_6,2026-03-28,唐津,6,6-4-3,2467.0
20260328_唐津_6,2026-03-28,唐津,6,1-5-6,140.4
20260328_唐津_6,2026-03-28,唐津,6,2-5-6,220.9
20260328_唐津_6,2026-03-28,唐津,6,3-5-6,190.2
20260328_唐津_6,2026-03-28,唐津,6,4-5-6,54.4
20260328_唐津_6,2026-03-28,唐津,6,5-4-6,170.8
20260328_唐津_6,2026-03-28,唐津,6,6-4-5,1233.0
20260328_唐津_6,2026-03-28,唐津,6,1-6-2,472.0
20260328_唐津_6,2026-03-28,唐津,6,2-6-1,743.6
20260328_唐津_6,2026-03-28,唐津,6,3-6-1,794.4
20260328_唐津_6,2026-03-28,唐津,6,4-6-1,361.1
20260328_唐津_6,2026-03-28,唐津,6,5-6-1,590.0
20260328_唐津_6,2026-03-28,唐津,6,6-5-1,1938.0
20260328_唐津_6,2026-03-28,唐津,6,1-6-3,510.5
20260328_唐津_6,2026-03-28,唐津,6,2-6-3,525.3
20260328_唐津_6,2026-03-28,唐津,6,3-6-2,533.9
20260328_唐津_6,2026-03-28,唐津,6,4-6-2,221.8
20260328_唐津_6,2026-03-28,唐津,6,5-6-2,575.4
20260328_唐津_6,2026-03-28,唐津,6,6-5-2,2262.0
20260328_唐津_6,2026-03-28,唐津,6,1-6-4,518.6
20260328_唐津_6,2026-03-28,唐津,6,2-6-4,646.2
20260328_唐津_6,2026-03-28,唐津,6,3-6-4,730.3
20260328_唐津_6,2026-03-28,唐津,6,4-6-3,619.2
20260328_唐津_6,2026-03-28,唐津,6,5-6-3,889.9
20260328_唐津_6,2026-03-28,唐津,6,6-5-3,2395.0
20260328_唐津_6,2026-03-28,唐津,6,1-6-5,374.4
20260328_唐津_6,2026-03-28,唐津,6,2-6-5,573.4
20260328_唐津_6,2026-03-28,唐津,6,3-6-5,563.5
20260328_唐津_6,2026-03-28,唐津,6,4-6-5,225.5
20260328_唐津_6,2026-03-28,唐津,6,5-6-4,473.4
20260328_唐津_6,2026-03-28,唐津,6,6-5-4,1171.0
20260328_唐津_7,2026-03-28,唐津,7,1-2-3,25.1
20260328_唐津_7,2026-03-28,唐津,7,2-1-3,62.7
20260328_唐津_7,2026-03-28,唐津,7,3-1-2,305.4
20260328_唐津_7,2026-03-28,唐津,7,4-1-2,41.2
20260328_唐津_7,2026-03-28,唐津,7,5-1-2,71.0
20260328_唐津_7,2026-03-28,唐津,7,6-1-2,1849.0
20260328_唐津_7,2026-03-28,唐津,7,1-2-4,8.0
20260328_唐津_7,2026-03-28,唐津,7,2-1-4,15.3
20260328_唐津_7,2026-03-28,唐津,7,3-1-4,246.8
20260328_唐津_7,2026-03-28,唐津,7,4-1-3,154.9
20260328_唐津_7,2026-03-28,唐津,7,5-1-3,175.0
20260328_唐津_7,2026-03-28,唐津,7,6-1-3,2288.0
20260328_唐津_7,2026-03-28,唐津,7,1-2-5,10.7
20260328_唐津_7,2026-03-28,唐津,7,2-1-5,23.8
20260328_唐津_7,2026-03-28,唐津,7,3-1-5,277.2
20260328_唐津_7,2026-03-28,唐津,7,4-1-5,33.9
20260328_唐津_7,2026-03-28,唐津,7,5-1-4,70.5
20260328_唐津_7,2026-03-28,唐津,7,6-1-4,2142.0
20260328_唐津_7,2026-03-28,唐津,7,1-2-6,131.5
20260328_唐津_7,2026-03-28,唐津,7,2-1-6,208.3
20260328_唐津_7,2026-03-28,唐津,7,3-1-6,818.1
20260328_唐津_7,2026-03-28,唐津,7,4-1-6,149.1
20260328_唐津_7,2026-03-28,唐津,7,5-1-6,182.6
20260328_唐津_7,2026-03-28,唐津,7,6-1-5,2213.0
20260328_唐津_7,2026-03-28,唐津,7,1-3-2,46.0
20260328_唐津_7,2026-03-28,唐津,7,2-3-1,216.6
20260328_唐津_7,2026-03-28,唐津,7,3-2-1,451.5
20260328_唐津_7,2026-03-28,唐津,7,4-2-1,50.8
20260328_唐津_7,2026-03-28,唐津,7,5-2-1,111.9
20260328_唐津_7,2026-03-28,唐津,7,6-2-1,2368.0
20260328_唐津_7,2026-03-28,唐津,7,1-3-4,41.5
20260328_唐津_7,2026-03-28,唐津,7,2-3-4,161.4
20260328_唐津_7,2026-03-28,唐津,7,3-2-4,265.7
20260328_唐津_7,2026-03-28,唐津,7,4-2-3,143.4
20260328_唐津_7,2026-03-28,唐津,7,5-2-3,255.1
20260328_唐津_7,2026-03-28,唐津,7,6-2-3,3552.0
20260328_唐津_7,2026-03-28,唐津,7,1-3-5,52.3
20260328_唐津_7,2026-03-28,唐津,7,2-3-5,217.3
20260328_唐津_7,2026-03-28,唐津,7,3-2-5,336.6
20260328_唐津_7,2026-03-28,唐津,7,4-2-5,32.9
20260328_唐津_7,2026-03-28,唐津,7,5-2-4,81.4
20260328_唐津_7,2026-03-28,唐津,7,6-2-4,1687.0
20260328_唐津_7,2026-03-28,唐津,7,1-3-6,270.5
20260328_唐津_7,2026-03-28,唐津,7,2-3-6,771.4
20260328_唐津_7,2026-03-28,唐津,7,3-2-6,888.1
20260328_唐津_7,2026-03-28,唐津,7,4-2-6,142.8
20260328_唐津_7,2026-03-28,唐津,7,5-2-6,254.2
20260328_唐津_7,2026-03-28,唐津,7,6-2-5,2177.0
20260328_唐津_7,2026-03-28,唐津,7,1-4-2,12.3
20260328_唐津_7,2026-03-28,唐津,7,2-4-1,34.2
20260328_唐津_7,2026-03-28,唐津,7,3-4-1,397.0
20260328_唐津_7,2026-03-28,唐津,7,4-3-1,357.1
20260328_唐津_7,2026-03-28,唐津,7,5-3-1,421.8
20260328_唐津_7,2026-03-28,唐津,7,6-3-1,3970.0
20260328_唐津_7,2026-03-28,唐津,7,1-4-3,38.8
20260328_唐津_7,2026-03-28,唐津,7,2-4-3,116.3
20260328_唐津_7,2026-03-28,唐津,7,3-4-2,317.6
20260328_唐津_7,2026-03-28,唐津,7,4-3-2,352.4
20260328_唐津_7,2026-03-28,唐津,7,5-3-2,501.8
20260328_唐津_7,2026-03-28,唐津,7,6-3-2,5192.0
20260328_唐津_7,2026-03-28,唐津,7,1-4-5,14.4
20260328_唐津_7,2026-03-28,唐津,7,2-4-5,28.6
20260328_唐津_7,2026-03-28,唐津,7,3-4-5,298.0
20260328_唐津_7,2026-03-28,唐津,7,4-3-5,262.6
20260328_唐津_7,2026-03-28,唐津,7,5-3-4,375.0
20260328_唐津_7,2026-03-28,唐津,7,6-3-4,2700.0
20260328_唐津_7,2026-03-28,唐津,7,1-4-6,126.9
20260328_唐津_7,2026-03-28,唐津,7,2-4-6,211.9
20260328_唐津_7,2026-03-28,唐津,7,3-4-6,843.7
20260328_唐津_7,2026-03-28,唐津,7,4-3-6,692.3
20260328_唐津_7,2026-03-28,唐津,7,5-3-6,678.3
20260328_唐津_7,2026-03-28,唐津,7,6-3-5,3970.0
20260328_唐津_7,2026-03-28,唐津,7,1-5-2,21.2
20260328_唐津_7,2026-03-28,唐津,7,2-5-1,56.7
20260328_唐津_7,2026-03-28,唐津,7,3-5-1,465.5
20260328_唐津_7,2026-03-28,唐津,7,4-5-1,33.7
20260328_唐津_7,2026-03-28,唐津,7,5-4-1,78.6
20260328_唐津_7,2026-03-28,唐津,7,6-4-1,2596.0
20260328_唐津_7,2026-03-28,唐津,7,1-5-3,50.0
20260328_唐津_7,2026-03-28,唐津,7,2-5-3,173.7
20260328_唐津_7,2026-03-28,唐津,7,3-5-2,465.5
20260328_唐津_7,2026-03-28,唐津,7,4-5-2,29.7
20260328_唐津_7,2026-03-28,唐津,7,5-4-2,65.8
20260328_唐津_7,2026-03-28,唐津,7,6-4-2,1626.0
20260328_唐津_7,2026-03-28,唐津,7,1-5-4,24.6
20260328_唐津_7,2026-03-28,唐津,7,2-5-4,46.8
20260328_唐津_7,2026-03-28,唐津,7,3-5-4,420.5
20260328_唐津_7,2026-03-28,唐津,7,4-5-3,119.2
20260328_唐津_7,2026-03-28,唐津,7,5-4-3,208.3
20260328_唐津_7,2026-03-28,唐津,7,6-4-3,2213.0
20260328_唐津_7,2026-03-28,唐津,7,1-5-6,117.9
20260328_唐津_7,2026-03-28,唐津,7,2-5-6,270.0
20260328_唐津_7,2026-03-28,唐津,7,3-5-6,1097.0
20260328_唐津_7,2026-03-28,唐津,7,4-5-6,64.1
20260328_唐津_7,2026-03-28,唐津,7,5-4-6,132.2
20260328_唐津_7,2026-03-28,唐津,7,6-4-5,1451.0
20260328_唐津_7,2026-03-28,唐津,7,1-6-2,423.1
20260328_唐津_7,2026-03-28,唐津,7,2-6-1,900.0
20260328_唐津_7,2026-03-28,唐津,7,3-6-1,1928.0
20260328_唐津_7,2026-03-28,唐津,7,4-6-1,373.9
20260328_唐津_7,2026-03-28,唐津,7,5-6-1,467.1
20260328_唐津_7,2026-03-28,唐津,7,6-5-1,2410.0
20260328_唐津_7,2026-03-28,唐津,7,1-6-3,737.7
20260328_唐津_7,2026-03-28,唐津,7,2-6-3,1377.0
20260328_唐津_7,2026-03-28,唐津,7,3-6-2,2109.0
20260328_唐津_7,2026-03-28,唐津,7,4-6-2,345.2
20260328_唐津_7,2026-03-28,唐津,7,5-6-2,457.6
20260328_唐津_7,2026-03-28,唐津,7,6-5-2,2109.0
20260328_唐津_7,2026-03-28,唐津,7,1-6-4,523.2
20260328_唐津_7,2026-03-28,唐津,7,2-6-4,639.8
20260328_唐津_7,2026-03-28,唐津,7,3-6-4,1516.0
20260328_唐津_7,2026-03-28,唐津,7,4-6-3,741.7
20260328_唐津_7,2026-03-28,唐津,7,5-6-3,775.8
20260328_唐津_7,2026-03-28,唐津,7,6-5-3,2934.0
20260328_唐津_7,2026-03-28,唐津,7,1-6-5,467.1
20260328_唐津_7,2026-03-28,唐津,7,2-6-5,750.0
20260328_唐津_7,2026-03-28,唐津,7,3-6-5,1956.0
20260328_唐津_7,2026-03-28,唐津,7,4-6-5,243.2
20260328_唐津_7,2026-03-28,唐津,7,5-6-4,325.3
20260328_唐津_7,2026-03-28,唐津,7,6-5-4,1406.0
20260328_唐津_8,2026-03-28,唐津,8,1-2-3,30.0
20260328_唐津_8,2026-03-28,唐津,8,2-1-3,117.5
20260328_唐津_8,2026-03-28,唐津,8,3-1-2,206.6
20260328_唐津_8,2026-03-28,唐津,8,4-1-2,97.9
20260328_唐津_8,2026-03-28,唐津,8,5-1-2,20.6
20260328_唐津_8,2026-03-28,唐津,8,6-1-2,824.8
20260328_唐津_8,2026-03-28,唐津,8,1-2-4,17.0
20260328_唐津_8,2026-03-28,唐津,8,2-1-4,51.7
20260328_唐津_8,2026-03-28,唐津,8,3-1-4,183.1
20260328_唐津_8,2026-03-28,唐津,8,4-1-3,162.4
20260328_唐津_8,2026-03-28,唐津,8,5-1-3,31.2
20260328_唐津_8,2026-03-28,唐津,8,6-1-3,1137.0
20260328_唐津_8,2026-03-28,唐津,8,1-2-5,12.2
20260328_唐津_8,2026-03-28,唐津,8,2-1-5,47.5
20260328_唐津_8,2026-03-28,唐津,8,3-1-5,103.1
20260328_唐津_8,2026-03-28,唐津,8,4-1-5,46.2
20260328_唐津_8,2026-03-28,唐津,8,5-1-4,25.6
20260328_唐津_8,2026-03-28,唐津,8,6-1-4,1149.0
20260328_唐津_8,2026-03-28,唐津,8,1-2-6,123.3
20260328_唐津_8,2026-03-28,唐津,8,2-1-6,240.6
20260328_唐津_8,2026-03-28,唐津,8,3-1-6,486.7
20260328_唐津_8,2026-03-28,唐津,8,4-1-6,156.1
20260328_唐津_8,2026-03-28,唐津,8,5-1-6,65.8
20260328_唐津_8,2026-03-28,唐津,8,6-1-5,446.4
20260328_唐津_8,2026-03-28,唐津,8,1-3-2,41.0
20260328_唐津_8,2026-03-28,唐津,8,2-3-1,249.5
20260328_唐津_8,2026-03-28,唐津,8,3-2-1,301.8
20260328_唐津_8,2026-03-28,唐津,8,4-2-1,170.9
20260328_唐津_8,2026-03-28,唐津,8,5-2-1,53.8
20260328_唐津_8,2026-03-28,唐津,8,6-2-1,1256.0
20260328_唐津_8,2026-03-28,唐津,8,1-3-4,34.3
20260328_唐津_8,2026-03-28,唐津,8,2-3-4,268.1
20260328_唐津_8,2026-03-28,唐津,8,3-2-4,330.4
20260328_唐津_8,2026-03-28,唐津,8,4-2-3,320.6
20260328_唐津_8,2026-03-28,唐津,8,5-2-3,88.5
20260328_唐津_8,2026-03-28,唐津,8,6-2-3,2077.0
20260328_唐津_8,2026-03-28,唐津,8,1-3-5,20.5
20260328_唐津_8,2026-03-28,唐津,8,2-3-5,171.5
20260328_唐津_8,2026-03-28,唐津,8,3-2-5,210.2
20260328_唐津_8,2026-03-28,唐津,8,4-2-5,133.8
20260328_唐津_8,2026-03-28,唐津,8,5-2-4,79.0
20260328_唐津_8,2026-03-28,唐津,8,6-2-4,1662.0
20260328_唐津_8,2026-03-28,唐津,8,1-3-6,210.6
20260328_唐津_8,2026-03-28,唐津,8,2-3-6,750.3
20260328_唐津_8,2026-03-28,唐津,8,3-2-6,710.8
20260328_唐津_8,2026-03-28,唐津,8,4-2-6,384.5
20260328_唐津_8,2026-03-28,唐津,8,5-2-6,169.0
20260328_唐津_8,2026-03-28,唐津,8,6-2-5,1612.0
20260328_唐津_8,2026-03-28,唐津,8,1-4-2,27.4
20260328_唐津_8,2026-03-28,唐津,8,2-4-1,115.0
20260328_唐津_8,2026-03-28,唐津,8,3-4-1,264.1
20260328_唐津_8,2026-03-28,唐津,8,4-3-1,336.6
20260328_唐津_8,2026-03-28,唐津,8,5-3-1,76.6
20260328_唐津_8,2026-03-28,唐津,8,6-3-1,1895.0
20260328_唐津_8,2026-03-28,唐津,8,1-4-3,44.9
20260328_唐津_8,2026-03-28,唐津,8,2-4-3,346.3
20260328_唐津_8,2026-03-28,唐津,8,3-4-2,327.4
20260328_唐津_8,2026-03-28,唐津,8,4-3-2,524.5
20260328_唐津_8,2026-03-28,唐津,8,5-3-2,114.5
20260328_唐津_8,2026-03-28,唐津,8,6-3-2,2920.0
20260328_唐津_8,2026-03-28,唐津,8,1-4-5,17.8
20260328_唐津_8,2026-03-28,唐津,8,2-4-5,117.0
20260328_唐津_8,2026-03-28,唐津,8,3-4-5,145.4
20260328_唐津_8,2026-03-28,唐津,8,4-3-5,233.3
20260328_唐津_8,2026-03-28,唐津,8,5-3-4,128.3
20260328_唐津_8,2026-03-28,唐津,8,6-3-4,2000.0
20260328_唐津_8,2026-03-28,唐津,8,1-4-6,100.0
20260328_唐津_8,2026-03-28,唐津,8,2-4-6,444.6
20260328_唐津_8,2026-03-28,唐津,8,3-4-6,631.8
20260328_唐津_8,2026-03-28,唐津,8,4-3-6,565.7
20260328_唐津_8,2026-03-28,唐津,8,5-3-6,262.9
20260328_唐津_8,2026-03-28,唐津,8,6-3-5,2401.0
20260328_唐津_8,2026-03-28,唐津,8,1-5-2,10.3
20260328_唐津_8,2026-03-28,唐津,8,2-5-1,89.5
20260328_唐津_8,2026-03-28,唐津,8,3-5-1,111.7
20260328_唐津_8,2026-03-28,唐津,8,4-5-1,40.4
20260328_唐津_8,2026-03-28,唐津,8,5-4-1,37.9
20260328_唐津_8,2026-03-28,唐津,8,6-4-1,1161.0
20260328_唐津_8,2026-03-28,唐津,8,1-5-3,17.5
20260328_唐津_8,2026-03-28,唐津,8,2-5-3,146.0
20260328_唐津_8,2026-03-28,唐津,8,3-5-2,165.7
20260328_唐津_8,2026-03-28,唐津,8,4-5-2,67.0
20260328_唐津_8,2026-03-28,唐津,8,5-4-2,67.4
20260328_唐津_8,2026-03-28,唐津,8,6-4-2,1200.0
20260328_唐津_8,2026-03-28,唐津,8,1-5-4,13.4
20260328_唐津_8,2026-03-28,唐津,8,2-5-4,106.8
20260328_唐津_8,2026-03-28,唐津,8,3-5-4,157.7
20260328_唐津_8,2026-03-28,唐津,8,4-5-3,113.7
20260328_唐津_8,2026-03-28,唐津,8,5-4-3,95.2
20260328_唐津_8,2026-03-28,唐津,8,6-4-3,1895.0
20260328_唐津_8,2026-03-28,唐津,8,1-5-6,56.4
20260328_唐津_8,2026-03-28,唐津,8,2-5-6,279.9
20260328_唐津_8,2026-03-28,唐津,8,3-5-6,409.2
20260328_唐津_8,2026-03-28,唐津,8,4-5-6,82.8
20260328_唐津_8,2026-03-28,唐津,8,5-4-6,93.6
20260328_唐津_8,2026-03-28,唐津,8,6-4-5,1149.0
20260328_唐津_8,2026-03-28,唐津,8,1-6-2,336.6
20260328_唐津_8,2026-03-28,唐津,8,2-6-1,750.3
20260328_唐津_8,2026-03-28,唐津,8,3-6-1,1038.0
20260328_唐津_8,2026-03-28,唐津,8,4-6-1,452.1
20260328_唐津_8,2026-03-28,唐津,8,5-6-1,135.0
20260328_唐津_8,2026-03-28,唐津,8,6-5-1,387.2
20260328_唐津_8,2026-03-28,唐津,8,1-6-3,473.9
20260328_唐津_8,2026-03-28,唐津,8,2-6-3,1059.0
20260328_唐津_8,2026-03-28,唐津,8,3-6-2,1565.0
20260328_唐津_8,2026-03-28,唐津,8,4-6-2,574.7
20260328_唐津_8,2026-03-28,唐津,8,5-6-2,221.8
20260328_唐津_8,2026-03-28,唐津,8,6-5-2,1069.0
20260328_唐津_8,2026-03-28,唐津,8,1-6-4,277.0
20260328_唐津_8,2026-03-28,唐津,8,2-6-4,818.5
20260328_唐津_8,2026-03-28,唐津,8,3-6-4,1214.0
20260328_唐津_8,2026-03-28,唐津,8,4-6-3,908.0
20260328_唐津_8,2026-03-28,唐津,8,5-6-3,329.4
20260328_唐津_8,2026-03-28,唐津,8,6-5-3,1612.0
20260328_唐津_8,2026-03-28,唐津,8,1-6-5,200.8
20260328_唐津_8,2026-03-28,唐津,8,2-6-5,794.5
20260328_唐津_8,2026-03-28,唐津,8,3-6-5,1241.0
20260328_唐津_8,2026-03-28,唐津,8,4-6-5,457.8
20260328_唐津_8,2026-03-28,唐津,8,5-6-4,241.1
20260328_唐津_8,2026-03-28,唐津,8,6-5-4,837.6
20260328_唐津_9,2026-03-28,唐津,9,1-2-3,11.7
20260328_唐津_9,2026-03-28,唐津,9,2-1-3,38.7
20260328_唐津_9,2026-03-28,唐津,9,3-1-2,54.0
20260328_唐津_9,2026-03-28,唐津,9,4-1-2,74.5
20260328_唐津_9,2026-03-28,唐津,9,5-1-2,359.5
20260328_唐津_9,2026-03-28,唐津,9,6-1-2,562.4
20260328_唐津_9,2026-03-28,唐津,9,1-2-4,17.0
20260328_唐津_9,2026-03-28,唐津,9,2-1-4,56.6
20260328_唐津_9,2026-03-28,唐津,9,3-1-4,32.6
20260328_唐津_9,2026-03-28,唐津,9,4-1-3,41.2
20260328_唐津_9,2026-03-28,唐津,9,5-1-3,239.3
20260328_唐津_9,2026-03-28,唐津,9,6-1-3,311.8
20260328_唐津_9,2026-03-28,唐津,9,1-2-5,34.5
20260328_唐津_9,2026-03-28,唐津,9,2-1-5,126.6
20260328_唐津_9,2026-03-28,唐津,9,3-1-5,62.7
20260328_唐津_9,2026-03-28,唐津,9,4-1-5,59.6
20260328_唐津_9,2026-03-28,唐津,9,5-1-4,338.6
20260328_唐津_9,2026-03-28,唐津,9,6-1-4,537.4
20260328_唐津_9,2026-03-28,唐津,9,1-2-6,52.2
20260328_唐津_9,2026-03-28,唐津,9,2-1-6,147.0
20260328_唐津_9,2026-03-28,唐津,9,3-1-6,49.9
20260328_唐津_9,2026-03-28,唐津,9,4-1-6,64.6
20260328_唐津_9,2026-03-28,唐津,9,5-1-6,403.7
20260328_唐津_9,2026-03-28,唐津,9,6-1-5,884.6
20260328_唐津_9,2026-03-28,唐津,9,1-3-2,10.9
20260328_唐津_9,2026-03-28,唐津,9,2-3-1,87.4
20260328_唐津_9,2026-03-28,唐津,9,3-2-1,117.5
20260328_唐津_9,2026-03-28,唐津,9,4-2-1,120.3
20260328_唐津_9,2026-03-28,唐津,9,5-2-1,605.6
20260328_唐津_9,2026-03-28,唐津,9,6-2-1,972.0
20260328_唐津_9,2026-03-28,唐津,9,1-3-4,9.0
20260328_唐津_9,2026-03-28,唐津,9,2-3-4,130.4
20260328_唐津_9,2026-03-28,唐津,9,3-2-4,149.4
20260328_唐津_9,2026-03-28,唐津,9,4-2-3,126.0
20260328_唐津_9,2026-03-28,唐津,9,5-2-3,478.6
20260328_唐津_9,2026-03-28,唐津,9,6-2-3,996.6
20260328_唐津_9,2026-03-28,唐津,9,1-3-5,15.2
20260328_唐津_9,2026-03-28,唐津,9,2-3-5,227.2
20260328_唐津_9,2026-03-28,唐津,9,3-2-5,233.6
20260328_唐津_9,2026-03-28,唐津,9,4-2-5,218.7
20260328_唐津_9,2026-03-28,唐津,9,5-2-4,715.8
20260328_唐津_9,2026-03-28,唐津,9,6-2-4,1211.0
20260328_唐津_9,2026-03-28,唐津,9,1-3-6,22.3
20260328_唐津_9,2026-03-28,唐津,9,2-3-6,224.0
20260328_唐津_9,2026-03-28,唐津,9,3-2-6,222.4
20260328_唐津_9,2026-03-28,唐津,9,4-2-6,219.6
20260328_唐津_9,2026-03-28,唐津,9,5-2-6,622.4
20260328_唐津_9,2026-03-28,唐津,9,6-2-5,1693.0
20260328_唐津_9,2026-03-28,唐津,9,1-4-2,25.3
20260328_唐津_9,2026-03-28,唐津,9,2-4-1,136.2
20260328_唐津_9,2026-03-28,唐津,9,3-4-1,67.8
20260328_唐津_9,2026-03-28,唐津,9,4-3-1,89.3
20260328_唐津_9,2026-03-28,唐津,9,5-3-1,381.2
20260328_唐津_9,2026-03-28,唐津,9,6-3-1,229.8
20260328_唐津_9,2026-03-28,唐津,9,1-4-3,16.3
20260328_唐津_9,2026-03-28,唐津,9,2-4-3,141.9
20260328_唐津_9,2026-03-28,唐津,9,3-4-2,174.1
20260328_唐津_9,2026-03-28,唐津,9,4-3-2,136.6
20260328_唐津_9,2026-03-28,唐津,9,5-3-2,687.6
20260328_唐津_9,2026-03-28,唐津,9,6-3-2,874.8
20260328_唐津_9,2026-03-28,唐津,9,1-4-5,35.4
20260328_唐津_9,2026-03-28,唐津,9,2-4-5,277.7
20260328_唐津_9,2026-03-28,唐津,9,3-4-5,147.1
20260328_唐津_9,2026-03-28,唐津,9,4-3-5,132.6
20260328_唐津_9,2026-03-28,唐津,9,5-3-4,598.7
20260328_唐津_9,2026-03-28,唐津,9,6-3-4,246.4
20260328_唐津_9,2026-03-28,唐津,9,1-4-6,42.2
20260328_唐津_9,2026-03-28,唐津,9,2-4-6,242.6
20260328_唐津_9,2026-03-28,唐津,9,3-4-6,80.9
20260328_唐津_9,2026-03-28,唐津,9,4-3-6,125.5
20260328_唐津_9,2026-03-28,唐津,9,5-3-6,583.2
20260328_唐津_9,2026-03-28,唐津,9,6-3-5,865.2
20260328_唐津_9,2026-03-28,唐津,9,1-5-2,72.0
20260328_唐津_9,2026-03-28,唐津,9,2-5-1,362.8
20260328_唐津_9,2026-03-28,唐津,9,3-5-1,165.7
20260328_唐津_9,2026-03-28,唐津,9,4-5-1,71.3
20260328_唐津_9,2026-03-28,唐津,9,5-4-1,314.9
20260328_唐津_9,2026-03-28,唐津,9,6-4-1,640.1
20260328_唐津_9,2026-03-28,唐津,9,1-5-3,43.9
20260328_唐津_9,2026-03-28,唐津,9,2-5-3,407.9
20260328_唐津_9,2026-03-28,唐津,9,3-5-2,353.0
20260328_唐津_9,2026-03-28,唐津,9,4-5-2,154.8
20260328_唐津_9,2026-03-28,唐津,9,5-4-2,486.0
20260328_唐津_9,2026-03-28,唐津,9,6-4-2,1042.0
20260328_唐津_9,2026-03-28,唐津,9,1-5-4,82.1
20260328_唐津_9,2026-03-28,唐津,9,2-5-4,463.1
20260328_唐津_9,2026-03-28,唐津,9,3-5-4,252.7
20260328_唐津_9,2026-03-28,唐津,9,4-5-3,85.8
20260328_唐津_9,2026-03-28,唐津,9,5-4-3,397.6
20260328_唐津_9,2026-03-28,唐津,9,6-4-3,457.7
20260328_唐津_9,2026-03-28,唐津,9,1-5-6,118.6
20260328_唐津_9,2026-03-28,唐津,9,2-5-6,550.6
20260328_唐津_9,2026-03-28,唐津,9,3-5-6,260.7
20260328_唐津_9,2026-03-28,唐津,9,4-5-6,62.8
20260328_唐津_9,2026-03-28,唐津,9,5-4-6,262.8
20260328_唐津_9,2026-03-28,唐津,9,6-4-5,667.2
20260328_唐津_9,2026-03-28,唐津,9,1-6-2,151.1
20260328_唐津_9,2026-03-28,唐津,9,2-6-1,465.9
20260328_唐津_9,2026-03-28,唐津,9,3-6-1,109.6
20260328_唐津_9,2026-03-28,唐津,9,4-6-1,162.3
20260328_唐津_9,2026-03-28,唐津,9,5-6-1,587.5
20260328_唐津_9,2026-03-28,唐津,9,6-5-1,1009.0
20260328_唐津_9,2026-03-28,唐津,9,1-6-3,92.4
20260328_唐津_9,2026-03-28,唐津,9,2-6-3,490.5
20260328_唐津_9,2026-03-28,唐津,9,3-6-2,234.3
20260328_唐津_9,2026-03-28,唐津,9,4-6-2,243.7
20260328_唐津_9,2026-03-28,唐津,9,5-6-2,820.1
20260328_唐津_9,2026-03-28,唐津,9,6-5-2,1675.0
20260328_唐津_9,2026-03-28,唐津,9,1-6-4,137.2
20260328_唐津_9,2026-03-28,唐津,9,2-6-4,608.0
20260328_唐津_9,2026-03-28,唐津,9,3-6-4,145.8
20260328_唐津_9,2026-03-28,唐津,9,4-6-3,176.9
20260328_唐津_9,2026-03-28,唐津,9,5-6-3,612.7
20260328_唐津_9,2026-03-28,唐津,9,6-5-3,899.8
20260328_唐津_9,2026-03-28,唐津,9,1-6-5,208.8
20260328_唐津_9,2026-03-28,唐津,9,2-6-5,746.3
20260328_唐津_9,2026-03-28,唐津,9,3-6-5,337.9
20260328_唐津_9,2026-03-28,唐津,9,4-6-5,156.8
20260328_唐津_9,2026-03-28,唐津,9,5-6-4,475.7
20260328_唐津_9,2026-03-28,唐津,9,6-5-4,587.5
20260328_唐津_10,2026-03-28,唐津,10,1-2-3,9.6
20260328_唐津_10,2026-03-28,唐津,10,2-1-3,28.9
20260328_唐津_10,2026-03-28,唐津,10,3-1-2,92.4
20260328_唐津_10,2026-03-28,唐津,10,4-1-2,73.8
20260328_唐津_10,2026-03-28,唐津,10,5-1-2,185.9
20260328_唐津_10,2026-03-28,唐津,10,6-1-2,279.9
20260328_唐津_10,2026-03-28,唐津,10,1-2-4,7.3
20260328_唐津_10,2026-03-28,唐津,10,2-1-4,18.2
20260328_唐津_10,2026-03-28,唐津,10,3-1-4,102.4
20260328_唐津_10,2026-03-28,唐津,10,4-1-3,163.7
20260328_唐津_10,2026-03-28,唐津,10,5-1-3,329.5
20260328_唐津_10,2026-03-28,唐津,10,6-1-3,625.1
20260328_唐津_10,2026-03-28,唐津,10,1-2-5,16.9
20260328_唐津_10,2026-03-28,唐津,10,2-1-5,39.6
20260328_唐津_10,2026-03-28,唐津,10,3-1-5,130.8
20260328_唐津_10,2026-03-28,唐津,10,4-1-5,89.1
20260328_唐津_10,2026-03-28,唐津,10,5-1-4,278.0
20260328_唐津_10,2026-03-28,唐津,10,6-1-4,407.4
20260328_唐津_10,2026-03-28,唐津,10,1-2-6,16.5
20260328_唐津_10,2026-03-28,唐津,10,2-1-6,37.4
20260328_唐津_10,2026-03-28,唐津,10,3-1-6,123.8
20260328_唐津_10,2026-03-28,唐津,10,4-1-6,93.6
20260328_唐津_10,2026-03-28,唐津,10,5-1-6,215.2
20260328_唐津_10,2026-03-28,唐津,10,6-1-5,461.3
20260328_唐津_10,2026-03-28,唐津,10,1-3-2,15.9
20260328_唐津_10,2026-03-28,唐津,10,2-3-1,100.4
20260328_唐津_10,2026-03-28,唐津,10,3-2-1,142.2
20260328_唐津_10,2026-03-28,唐津,10,4-2-1,113.8
20260328_唐津_10,2026-03-28,唐津,10,5-2-1,309.6
20260328_唐津_10,2026-03-28,唐津,10,6-2-1,402.4
20260328_唐津_10,2026-03-28,唐津,10,1-3-4,21.1
20260328_唐津_10,2026-03-28,唐津,10,2-3-4,129.7
20260328_唐津_10,2026-03-28,唐津,10,3-2-4,177.6
20260328_唐津_10,2026-03-28,唐津,10,4-2-3,254.3
20260328_唐津_10,2026-03-28,唐津,10,5-2-3,448.7
20260328_唐津_10,2026-03-28,唐津,10,6-2-3,747.8
20260328_唐津_10,2026-03-28,唐津,10,1-3-5,36.8
20260328_唐津_10,2026-03-28,唐津,10,2-3-5,176.6
20260328_唐津_10,2026-03-28,唐津,10,3-2-5,229.7
20260328_唐津_10,2026-03-28,唐津,10,4-2-5,188.2
20260328_唐津_10,2026-03-28,唐津,10,5-2-4,423.2
20260328_唐津_10,2026-03-28,唐津,10,6-2-4,405.3
20260328_唐津_10,2026-03-28,唐津,10,1-3-6,44.9
20260328_唐津_10,2026-03-28,唐津,10,2-3-6,221.9
20260328_唐津_10,2026-03-28,唐津,10,3-2-6,254.7
20260328_唐津_10,2026-03-28,唐津,10,4-2-6,117.8
20260328_唐津_10,2026-03-28,唐津,10,5-2-6,388.1
20260328_唐津_10,2026-03-28,唐津,10,6-2-5,727.9
20260328_唐津_10,2026-03-28,唐津,10,1-4-2,15.3
20260328_唐津_10,2026-03-28,唐津,10,2-4-1,46.3
20260328_唐津_10,2026-03-28,唐津,10,3-4-1,217.7
20260328_唐津_10,2026-03-28,唐津,10,4-3-1,342.6
20260328_唐津_10,2026-03-28,唐津,10,5-3-1,513.4
20260328_唐津_10,2026-03-28,唐津,10,6-3-1,1091.0
20260328_唐津_10,2026-03-28,唐津,10,1-4-3,30.4
20260328_唐津_10,2026-03-28,唐津,10,2-4-3,137.0
20260328_唐津_10,2026-03-28,唐津,10,3-4-2,238.7
20260328_唐津_10,2026-03-28,唐津,10,4-3-2,383.5
20260328_唐津_10,2026-03-28,唐津,10,5-3-2,925.3
20260328_唐津_10,2026-03-28,唐津,10,6-3-2,1114.0
20260328_唐津_10,2026-03-28,唐津,10,1-4-5,31.5
20260328_唐津_10,2026-03-28,唐津,10,2-4-5,129.7
20260328_唐津_10,2026-03-28,唐津,10,3-4-5,308.4
20260328_唐津_10,2026-03-28,唐津,10,4-3-5,496.3
20260328_唐津_10,2026-03-28,唐津,10,5-3-4,747.8
20260328_唐津_10,2026-03-28,唐津,10,6-3-4,861.9
20260328_唐津_10,2026-03-28,唐津,10,1-4-6,35.1
20260328_唐津_10,2026-03-28,唐津,10,2-4-6,79.5
20260328_唐津_10,2026-03-28,唐津,10,3-4-6,260.3
20260328_唐津_10,2026-03-28,唐津,10,4-3-6,382.6
20260328_唐津_10,2026-03-28,唐津,10,5-3-6,998.6
20260328_唐津_10,2026-03-28,唐津,10,6-3-5,1488.0
20260328_唐津_10,2026-03-28,唐津,10,1-5-2,41.2
20260328_唐津_10,2026-03-28,唐津,10,2-5-1,167.1
20260328_唐津_10,2026-03-28,唐津,10,3-5-1,406.4
20260328_唐津_10,2026-03-28,唐津,10,4-5-1,154.9
20260328_唐津_10,2026-03-28,唐津,10,5-4-1,284.3
20260328_唐津_10,2026-03-28,唐津,10,6-4-1,497.8
20260328_唐津_10,2026-03-28,唐津,10,1-5-3,64.8
20260328_唐津_10,2026-03-28,唐津,10,2-5-3,343.3
20260328_唐津_10,2026-03-28,唐津,10,3-5-2,422.1
20260328_唐津_10,2026-03-28,唐津,10,4-5-2,193.3
20260328_唐津_10,2026-03-28,唐津,10,5-4-2,323.6
20260328_唐津_10,2026-03-28,唐津,10,6-4-2,391.8
20260328_唐津_10,2026-03-28,唐津,10,1-5-4,60.7
20260328_唐津_10,2026-03-28,唐津,10,2-5-4,250.4
20260328_唐津_10,2026-03-28,唐津,10,3-5-4,494.8
20260328_唐津_10,2026-03-28,唐津,10,4-5-3,432.1
20260328_唐津_10,2026-03-28,唐津,10,5-4-3,734.4
20260328_唐津_10,2026-03-28,唐津,10,6-4-3,806.7
20260328_唐津_10,2026-03-28,唐津,10,1-5-6,71.9
20260328_唐津_10,2026-03-28,唐津,10,2-5-6,320.5
20260328_唐津_10,2026-03-28,唐津,10,3-5-6,456.2
20260328_唐津_10,2026-03-28,唐津,10,4-5-6,122.9
20260328_唐津_10,2026-03-28,唐津,10,5-4-6,254.7
20260328_唐津_10,2026-03-28,唐津,10,6-4-5,551.4
20260328_唐津_10,2026-03-28,唐津,10,1-6-2,63.1
20260328_唐津_10,2026-03-28,唐津,10,2-6-1,203.4
20260328_唐津_10,2026-03-28,唐津,10,3-6-1,440.2
20260328_唐津_10,2026-03-28,唐津,10,4-6-1,203.7
20260328_唐津_10,2026-03-28,唐津,10,5-6-1,379.1
20260328_唐津_10,2026-03-28,唐津,10,6-5-1,682.4
20260328_唐津_10,2026-03-28,唐津,10,1-6-3,129.4
20260328_唐津_10,2026-03-28,唐津,10,2-6-3,406.4
20260328_唐津_10,2026-03-28,唐津,10,3-6-2,496.3
20260328_唐津_10,2026-03-28,唐津,10,4-6-2,180.5
20260328_唐津_10,2026-03-28,唐津,10,5-6-2,521.5
20260328_唐津_10,2026-03-28,唐津,10,6-5-2,827.1
20260328_唐津_10,2026-03-28,唐津,10,1-6-4,97.3
20260328_唐津_10,2026-03-28,唐津,10,2-6-4,194.7
20260328_唐津_10,2026-03-28,唐津,10,3-6-4,449.9
20260328_唐津_10,2026-03-28,唐津,10,4-6-3,414.6
20260328_唐津_10,2026-03-28,唐津,10,5-6-3,1077.0
20260328_唐津_10,2026-03-28,唐津,10,6-5-3,1545.0
20260328_唐津_10,2026-03-28,唐津,10,1-6-5,124.4
20260328_唐津_10,2026-03-28,唐津,10,2-6-5,404.3
20260328_唐津_10,2026-03-28,唐津,10,3-6-5,634.8
20260328_唐津_10,2026-03-28,唐津,10,4-6-5,185.4
20260328_唐津_10,2026-03-28,唐津,10,5-6-4,401.4
20260328_唐津_10,2026-03-28,唐津,10,6-5-4,634.8
20260328_唐津_11,2026-03-28,唐津,11,1-2-3,9.9
20260328_唐津_11,2026-03-28,唐津,11,2-1-3,47.5
20260328_唐津_11,2026-03-28,唐津,11,3-1-2,50.8
20260328_唐津_11,2026-03-28,唐津,11,4-1-2,91.5
20260328_唐津_11,2026-03-28,唐津,11,5-1-2,83.0
20260328_唐津_11,2026-03-28,唐津,11,6-1-2,285.8
20260328_唐津_11,2026-03-28,唐津,11,1-2-4,18.2
20260328_唐津_11,2026-03-28,唐津,11,2-1-4,55.5
20260328_唐津_11,2026-03-28,唐津,11,3-1-4,53.2
20260328_唐津_11,2026-03-28,唐津,11,4-1-3,149.7
20260328_唐津_11,2026-03-28,唐津,11,5-1-3,118.2
20260328_唐津_11,2026-03-28,唐津,11,6-1-3,250.8
20260328_唐津_11,2026-03-28,唐津,11,1-2-5,13.1
20260328_唐津_11,2026-03-28,唐津,11,2-1-5,44.0
20260328_唐津_11,2026-03-28,唐津,11,3-1-5,98.0
20260328_唐津_11,2026-03-28,唐津,11,4-1-5,149.9
20260328_唐津_11,2026-03-28,唐津,11,5-1-4,122.0
20260328_唐津_11,2026-03-28,唐津,11,6-1-4,366.0
20260328_唐津_11,2026-03-28,唐津,11,1-2-6,17.9
20260328_唐津_11,2026-03-28,唐津,11,2-1-6,47.3
20260328_唐津_11,2026-03-28,唐津,11,3-1-6,46.5
20260328_唐津_11,2026-03-28,唐津,11,4-1-6,78.3
20260328_唐津_11,2026-03-28,唐津,11,5-1-6,100.7
20260328_唐津_11,2026-03-28,唐津,11,6-1-5,470.4
20260328_唐津_11,2026-03-28,唐津,11,1-3-2,16.2
20260328_唐津_11,2026-03-28,唐津,11,2-3-1,123.9
20260328_唐津_11,2026-03-28,唐津,11,3-2-1,114.0
20260328_唐津_11,2026-03-28,唐津,11,4-2-1,130.8
20260328_唐津_11,2026-03-28,唐津,11,5-2-1,139.0
20260328_唐津_11,2026-03-28,唐津,11,6-2-1,437.4
20260328_唐津_11,2026-03-28,唐津,11,1-3-4,26.4
20260328_唐津_11,2026-03-28,唐津,11,2-3-4,271.7
20260328_唐津_11,2026-03-28,唐津,11,3-2-4,183.9
20260328_唐津_11,2026-03-28,唐津,11,4-2-3,311.2
20260328_唐津_11,2026-03-28,唐津,11,5-2-3,318.8
20260328_唐津_11,2026-03-28,唐津,11,6-2-3,649.2
20260328_唐津_11,2026-03-28,唐津,11,1-3-5,28.7
20260328_唐津_11,2026-03-28,唐津,11,2-3-5,263.7
20260328_唐津_11,2026-03-28,唐津,11,3-2-5,271.2
20260328_唐津_11,2026-03-28,唐津,11,4-2-5,359.6
20260328_唐津_11,2026-03-28,唐津,11,5-2-4,330.6
20260328_唐津_11,2026-03-28,唐津,11,6-2-4,703.3
20260328_唐津_11,2026-03-28,唐津,11,1-3-6,24.5
20260328_唐津_11,2026-03-28,唐津,11,2-3-6,187.5
20260328_唐津_11,2026-03-28,唐津,11,3-2-6,139.0
20260328_唐津_11,2026-03-28,唐津,11,4-2-6,176.9
20260328_唐津_11,2026-03-28,唐津,11,5-2-6,256.2
20260328_唐津_11,2026-03-28,唐津,11,6-2-5,925.7
20260328_唐津_11,2026-03-28,唐津,11,1-4-2,38.4
20260328_唐津_11,2026-03-28,唐津,11,2-4-1,192.0
20260328_唐津_11,2026-03-28,唐津,11,3-4-1,60.2
20260328_唐津_11,2026-03-28,唐津,11,4-3-1,152.6
20260328_唐津_11,2026-03-28,唐津,11,5-3-1,215.4
20260328_唐津_11,2026-03-28,唐津,11,6-3-1,310.5
20260328_唐津_11,2026-03-28,唐津,11,1-4-3,48.4
20260328_唐津_11,2026-03-28,唐津,11,2-4-3,425.7
20260328_唐津_11,2026-03-28,唐津,11,3-4-2,97.0
20260328_唐津_11,2026-03-28,唐津,11,4-3-2,207.3
20260328_唐津_11,2026-03-28,唐津,11,5-3-2,425.7
20260328_唐津_11,2026-03-28,唐津,11,6-3-2,464.3
20260328_唐津_11,2026-03-28,唐津,11,1-4-5,55.2
20260328_唐津_11,2026-03-28,唐津,11,2-4-5,365.1
20260328_唐津_11,2026-03-28,唐津,11,3-4-5,200.1
20260328_唐津_11,2026-03-28,唐津,11,4-3-5,336.8
20260328_唐津_11,2026-03-28,唐津,11,5-3-4,358.7
20260328_唐津_11,2026-03-28,唐津,11,6-3-4,365.1
20260328_唐津_11,2026-03-28,唐津,11,1-4-6,37.3
20260328_唐津_11,2026-03-28,唐津,11,2-4-6,269.7
20260328_唐津_11,2026-03-28,唐津,11,3-4-6,54.3
20260328_唐津_11,2026-03-28,唐津,11,4-3-6,114.1
20260328_唐津_11,2026-03-28,唐津,11,5-3-6,239.9
20260328_唐津_11,2026-03-28,唐津,11,6-3-5,664.3
20260328_唐津_11,2026-03-28,唐津,11,1-5-2,21.1
20260328_唐津_11,2026-03-28,唐津,11,2-5-1,113.8
20260328_唐津_11,2026-03-28,唐津,11,3-5-1,223.5
20260328_唐津_11,2026-03-28,唐津,11,4-5-1,183.9
20260328_唐津_11,2026-03-28,唐津,11,5-4-1,212.2
20260328_唐津_11,2026-03-28,唐津,11,6-4-1,304.0
20260328_唐津_11,2026-03-28,唐津,11,1-5-3,35.9
20260328_唐津_11,2026-03-28,唐津,11,2-5-3,304.6
20260328_唐津_11,2026-03-28,唐津,11,3-5-2,376.6
20260328_唐津_11,2026-03-28,唐津,11,4-5-2,332.9
20260328_唐津_11,2026-03-28,唐津,11,5-4-2,374.6
20260328_唐津_11,2026-03-28,唐津,11,6-4-2,430.9
20260328_唐津_11,2026-03-28,唐津,11,1-5-4,39.8
20260328_唐津_11,2026-03-28,唐津,11,2-5-4,284.1
20260328_唐津_11,2026-03-28,唐津,11,3-5-4,340.8
20260328_唐津_11,2026-03-28,唐津,11,4-5-3,547.6
20260328_唐津_11,2026-03-28,唐津,11,5-4-3,451.2
20260328_唐津_11,2026-03-28,唐津,11,6-4-3,377.6
20260328_唐津_11,2026-03-28,唐津,11,1-5-6,36.7
20260328_唐津_11,2026-03-28,唐津,11,2-5-6,196.2
20260328_唐津_11,2026-03-28,唐津,11,3-5-6,264.2
20260328_唐津_11,2026-03-28,唐津,11,4-5-6,262.8
20260328_唐津_11,2026-03-28,唐津,11,5-4-6,286.9
20260328_唐津_11,2026-03-28,唐津,11,6-4-5,634.9
20260328_唐津_11,2026-03-28,唐津,11,1-6-2,64.7
20260328_唐津_11,2026-03-28,唐津,11,2-6-1,223.8
20260328_唐津_11,2026-03-28,唐津,11,3-6-1,80.1
20260328_唐津_11,2026-03-28,唐津,11,4-6-1,105.1
20260328_唐津_11,2026-03-28,唐津,11,5-6-1,291.6
20260328_唐津_11,2026-03-28,唐津,11,6-5-1,643.4
20260328_唐津_11,2026-03-28,唐津,11,1-6-3,60.8
20260328_唐津_11,2026-03-28,唐津,11,2-6-3,386.7
20260328_唐津_11,2026-03-28,唐津,11,3-6-2,136.9
20260328_唐津_11,2026-03-28,唐津,11,4-6-2,155.4
20260328_唐津_11,2026-03-28,唐津,11,5-6-2,537.4
20260328_唐津_11,2026-03-28,唐津,11,6-5-2,1366.0
20260328_唐津_11,2026-03-28,唐津,11,1-6-4,88.0
20260328_唐津_11,2026-03-28,唐津,11,2-6-4,448.4
20260328_唐津_11,2026-03-28,唐津,11,3-6-4,89.9
20260328_唐津_11,2026-03-28,唐津,11,4-6-3,142.7
20260328_唐津_11,2026-03-28,唐津,11,5-6-3,493.1
20260328_唐津_11,2026-03-28,唐津,11,6-5-3,1205.0
20260328_唐津_11,2026-03-28,唐津,11,1-6-5,104.7
20260328_唐津_11,2026-03-28,唐津,11,2-6-5,465.8
20260328_唐津_11,2026-03-28,唐津,11,3-6-5,211.6
20260328_唐津_11,2026-03-28,唐津,11,4-6-5,251.7
20260328_唐津_11,2026-03-28,唐津,11,5-6-4,505.2
20260328_唐津_11,2026-03-28,唐津,11,6-5-4,1176.0
20260328_唐津_12,2026-03-28,唐津,12,1-2-3,12.2
20260328_唐津_12,2026-03-28,唐津,12,2-1-3,89.8
20260328_唐津_12,2026-03-28,唐津,12,3-1-2,146.1
20260328_唐津_12,2026-03-28,唐津,12,4-1-2,138.6
20260328_唐津_12,2026-03-28,唐津,12,5-1-2,68.6
20260328_唐津_12,2026-03-28,唐津,12,6-1-2,475.2
20260328_唐津_12,2026-03-28,唐津,12,1-2-4,14.6
20260328_唐津_12,2026-03-28,唐津,12,2-1-4,89.6
20260328_唐津_12,2026-03-28,唐津,12,3-1-4,126.9
20260328_唐津_12,2026-03-28,唐津,12,4-1-3,188.8
20260328_唐津_12,2026-03-28,唐津,12,5-1-3,97.5
20260328_唐津_12,2026-03-28,唐津,12,6-1-3,514.3
20260328_唐津_12,2026-03-28,唐津,12,1-2-5,10.7
20260328_唐津_12,2026-03-28,唐津,12,2-1-5,54.8
20260328_唐津_12,2026-03-28,唐津,12,3-1-5,100.2
20260328_唐津_12,2026-03-28,唐津,12,4-1-5,86.6
20260328_唐津_12,2026-03-28,唐津,12,5-1-4,65.2
20260328_唐津_12,2026-03-28,唐津,12,6-1-4,471.4
20260328_唐津_12,2026-03-28,唐津,12,1-2-6,24.9
20260328_唐津_12,2026-03-28,唐津,12,2-1-6,108.2
20260328_唐津_12,2026-03-28,唐津,12,3-1-6,158.7
20260328_唐津_12,2026-03-28,唐津,12,4-1-6,113.2
20260328_唐津_12,2026-03-28,唐津,12,5-1-6,51.4
20260328_唐津_12,2026-03-28,唐津,12,6-1-5,326.9
20260328_唐津_12,2026-03-28,唐津,12,1-3-2,19.5
20260328_唐津_12,2026-03-28,唐津,12,2-3-1,260.2
20260328_唐津_12,2026-03-28,唐津,12,3-2-1,272.0
20260328_唐津_12,2026-03-28,唐津,12,4-2-1,296.0
20260328_唐津_12,2026-03-28,唐津,12,5-2-1,158.9
20260328_唐津_12,2026-03-28,唐津,12,6-2-1,884.5
20260328_唐津_12,2026-03-28,唐津,12,1-3-4,17.6
20260328_唐津_12,2026-03-28,唐津,12,2-3-4,478.2
20260328_唐津_12,2026-03-28,唐津,12,3-2-4,503.1
20260328_唐津_12,2026-03-28,唐津,12,4-2-3,589.1
20260328_唐津_12,2026-03-28,唐津,12,5-2-3,349.8
20260328_唐津_12,2026-03-28,唐津,12,6-2-3,1369.0
20260328_唐津_12,2026-03-28,唐津,12,1-3-5,15.7
20260328_唐津_12,2026-03-28,唐津,12,2-3-5,332.0
20260328_唐津_12,2026-03-28,唐津,12,3-2-5,324.1
20260328_唐津_12,2026-03-28,唐津,12,4-2-5,270.1
20260328_唐津_12,2026-03-28,唐津,12,5-2-4,322.4
20260328_唐津_12,2026-03-28,唐津,12,6-2-4,1455.0
20260328_唐津_12,2026-03-28,唐津,12,1-3-6,29.4
20260328_唐津_12,2026-03-28,唐津,12,2-3-6,540.2
20260328_唐津_12,2026-03-28,唐津,12,3-2-6,432.0
20260328_唐津_12,2026-03-28,唐津,12,4-2-6,323.1
20260328_唐津_12,2026-03-28,唐津,12,5-2-6,205.5
20260328_唐津_12,2026-03-28,唐津,12,6-2-5,1223.0
20260328_唐津_12,2026-03-28,唐津,12,1-4-2,23.1
20260328_唐津_12,2026-03-28,唐津,12,2-4-1,280.7
20260328_唐津_12,2026-03-28,唐津,12,3-4-1,264.1
20260328_唐津_12,2026-03-28,唐津,12,4-3-1,339.9
20260328_唐津_12,2026-03-28,唐津,12,5-3-1,237.9
20260328_唐津_12,2026-03-28,唐津,12,6-3-1,881.9
20260328_唐津_12,2026-03-28,唐津,12,1-4-3,26.2
20260328_唐津_12,2026-03-28,唐津,12,2-4-3,584.5
20260328_唐津_12,2026-03-28,唐津,12,3-4-2,581.1
20260328_唐津_12,2026-03-28,唐津,12,4-3-2,778.8
20260328_唐津_12,2026-03-28,唐津,12,5-3-2,367.4
20260328_唐津_12,2026-03-28,唐津,12,6-3-2,1862.0
20260328_唐津_12,2026-03-28,唐津,12,1-4-5,20.3
20260328_唐津_12,2026-03-28,唐津,12,2-4-5,305.6
20260328_唐津_12,2026-03-28,唐津,12,3-4-5,334.6
20260328_唐津_12,2026-03-28,唐津,12,4-3-5,450.9
20260328_唐津_12,2026-03-28,唐津,12,5-3-4,464.1
20260328_唐津_12,2026-03-28,唐津,12,6-3-4,1733.0
20260328_唐津_12,2026-03-28,唐津,12,1-4-6,28.4
20260328_唐津_12,2026-03-28,唐津,12,2-4-6,477.4
20260328_唐津_12,2026-03-28,唐津,12,3-4-6,446.8
20260328_唐津_12,2026-03-28,唐津,12,4-3-6,509.9
20260328_唐津_12,2026-03-28,唐津,12,5-3-6,320.6
20260328_唐津_12,2026-03-28,唐津,12,6-3-5,1522.0
20260328_唐津_12,2026-03-28,唐津,12,1-5-2,16.4
20260328_唐津_12,2026-03-28,唐津,12,2-5-1,156.3
20260328_唐津_12,2026-03-28,唐津,12,3-5-1,215.4
20260328_唐津_12,2026-03-28,唐津,12,4-5-1,101.4
20260328_唐津_12,2026-03-28,唐津,12,5-4-1,102.2
20260328_唐津_12,2026-03-28,唐津,12,6-4-1,690.9
20260328_唐津_12,2026-03-28,唐津,12,1-5-3,21.7
20260328_唐津_12,2026-03-28,唐津,12,2-5-3,382.4
20260328_唐津_12,2026-03-28,唐津,12,3-5-2,336.9
20260328_唐津_12,2026-03-28,唐津,12,4-5-2,187.8
20260328_唐津_12,2026-03-28,唐津,12,5-4-2,237.7
20260328_唐津_12,2026-03-28,唐津,12,6-4-2,1298.0
20260328_唐津_12,2026-03-28,唐津,12,1-5-4,25.0
20260328_唐津_12,2026-03-28,唐津,12,2-5-4,318.6
20260328_唐津_12,2026-03-28,唐津,12,3-5-4,351.9
20260328_唐津_12,2026-03-28,唐津,12,4-5-3,320.0
20260328_唐津_12,2026-03-28,唐津,12,5-4-3,394.0
20260328_唐津_12,2026-03-28,唐津,12,6-4-3,1434.0
20260328_唐津_12,2026-03-28,唐津,12,1-5-6,20.0
20260328_唐津_12,2026-03-28,唐津,12,2-5-6,264.1
20260328_唐津_12,2026-03-28,唐津,12,3-5-6,303.1
20260328_唐津_12,2026-03-28,唐津,12,4-5-6,101.5
20260328_唐津_12,2026-03-28,唐津,12,5-4-6,106.7
20260328_唐津_12,2026-03-28,唐津,12,6-4-5,593.7
20260328_唐津_12,2026-03-28,唐津,12,1-6-2,69.5
20260328_唐津_12,2026-03-28,唐津,12,2-6-1,543.2
20260328_唐津_12,2026-03-28,唐津,12,3-6-1,543.2
20260328_唐津_12,2026-03-28,唐津,12,4-6-1,214.3
20260328_唐津_12,2026-03-28,唐津,12,5-6-1,123.3
20260328_唐津_12,2026-03-28,唐津,12,6-5-1,389.9
20260328_唐津_12,2026-03-28,唐津,12,1-6-3,76.6
20260328_唐津_12,2026-03-28,唐津,12,2-6-3,1026.0
20260328_唐津_12,2026-03-28,唐津,12,3-6-2,780.8
20260328_唐津_12,2026-03-28,唐津,12,4-6-2,399.2
20260328_唐津_12,2026-03-28,唐津,12,5-6-2,240.8
20260328_唐津_12,2026-03-28,唐津,12,6-5-2,911.4
20260328_唐津_12,2026-03-28,唐津,12,1-6-4,71.0
20260328_唐津_12,2026-03-28,唐津,12,2-6-4,1041.0
20260328_唐津_12,2026-03-28,唐津,12,3-6-4,854.2
20260328_唐津_12,2026-03-28,唐津,12,4-6-3,567.9
20260328_唐津_12,2026-03-28,唐津,12,5-6-3,339.9
20260328_唐津_12,2026-03-28,唐津,12,6-5-3,881.9
20260328_唐津_12,2026-03-28,唐津,12,1-6-5,53.8
20260328_唐津_12,2026-03-28,唐津,12,2-6-5,605.7
20260328_唐津_12,2026-03-28,唐津,12,3-6-5,616.9
20260328_唐津_12,2026-03-28,唐津,12,4-6-5,195.8
20260328_唐津_12,2026-03-28,唐津,12,5-6-4,187.4
20260328_唐津_12,2026-03-28,唐津,12,6-5-4,512.5
20260328_大村_1,2026-03-28,大村,1,1-2-3,11.5
20260328_大村_1,2026-03-28,大村,1,2-1-3,21.0
20260328_大村_1,2026-03-28,大村,1,3-1-2,36.3
20260328_大村_1,2026-03-28,大村,1,4-1-2,135.0
20260328_大村_1,2026-03-28,大村,1,5-1-2,754.6
20260328_大村_1,2026-03-28,大村,1,6-1-2,290.8
20260328_大村_1,2026-03-28,大村,1,1-2-4,21.0
20260328_大村_1,2026-03-28,大村,1,2-1-4,39.5
20260328_大村_1,2026-03-28,大村,1,3-1-4,40.2
20260328_大村_1,2026-03-28,大村,1,4-1-3,108.3
20260328_大村_1,2026-03-28,大村,1,5-1-3,736.5
20260328_大村_1,2026-03-28,大村,1,6-1-3,209.2
20260328_大村_1,2026-03-28,大村,1,1-2-5,75.0
20260328_大村_1,2026-03-28,大村,1,2-1-5,103.2
20260328_大村_1,2026-03-28,大村,1,3-1-5,114.3
20260328_大村_1,2026-03-28,大村,1,4-1-5,197.9
20260328_大村_1,2026-03-28,大村,1,5-1-4,868.5
20260328_大村_1,2026-03-28,大村,1,6-1-4,428.2
20260328_大村_1,2026-03-28,大村,1,1-2-6,30.2
20260328_大村_1,2026-03-28,大村,1,2-1-6,27.9
20260328_大村_1,2026-03-28,大村,1,3-1-6,24.0
20260328_大村_1,2026-03-28,大村,1,4-1-6,90.6
20260328_大村_1,2026-03-28,大村,1,5-1-6,659.9
20260328_大村_1,2026-03-28,大村,1,6-1-5,811.1
20260328_大村_1,2026-03-28,大村,1,1-3-2,13.7
20260328_大村_1,2026-03-28,大村,1,2-3-1,33.7
20260328_大村_1,2026-03-28,大村,1,3-2-1,46.7
20260328_大村_1,2026-03-28,大村,1,4-2-1,162.6
20260328_大村_1,2026-03-28,大村,1,5-2-1,1017.0
20260328_大村_1,2026-03-28,大村,1,6-2-1,285.9
20260328_大村_1,2026-03-28,大村,1,1-3-4,17.9
20260328_大村_1,2026-03-28,大村,1,2-3-4,45.2
20260328_大村_1,2026-03-28,大村,1,3-2-4,51.0
20260328_大村_1,2026-03-28,大村,1,4-2-3,119.9
20260328_大村_1,2026-03-28,大村,1,5-2-3,770.4
20260328_大村_1,2026-03-28,大村,1,6-2-3,272.7
20260328_大村_1,2026-03-28,大村,1,1-3-5,61.0
20260328_大村_1,2026-03-28,大村,1,2-3-5,133.5
20260328_大村_1,2026-03-28,大村,1,3-2-5,150.6
20260328_大村_1,2026-03-28,大村,1,4-2-5,236.6
20260328_大村_1,2026-03-28,大村,1,5-2-4,1076.0
20260328_大村_1,2026-03-28,大村,1,6-2-4,426.2
20260328_大村_1,2026-03-28,大村,1,1-3-6,19.5
20260328_大村_1,2026-03-28,大村,1,2-3-6,29.2
20260328_大村_1,2026-03-28,大村,1,3-2-6,35.3
20260328_大村_1,2026-03-28,大村,1,4-2-6,117.2
20260328_大村_1,2026-03-28,大村,1,5-2-6,754.6
20260328_大村_1,2026-03-28,大村,1,6-2-5,1136.0
20260328_大村_1,2026-03-28,大村,1,1-4-2,32.9
20260328_大村_1,2026-03-28,大村,1,2-4-1,94.4
20260328_大村_1,2026-03-28,大村,1,3-4-1,61.1
20260328_大村_1,2026-03-28,大村,1,4-3-1,120.0
20260328_大村_1,2026-03-28,大村,1,5-3-1,836.9
20260328_大村_1,2026-03-28,大村,1,6-3-1,288.6
20260328_大村_1,2026-03-28,大村,1,1-4-3,35.1
20260328_大村_1,2026-03-28,大村,1,2-4-3,74.4
20260328_大村_1,2026-03-28,大村,1,3-4-2,56.2
20260328_大村_1,2026-03-28,大村,1,4-3-2,96.3
20260328_大村_1,2026-03-28,大村,1,5-3-2,848.5
20260328_大村_1,2026-03-28,大村,1,6-3-2,329.9
20260328_大村_1,2026-03-28,大村,1,1-4-5,94.7
20260328_大村_1,2026-03-28,大村,1,2-4-5,217.1
20260328_大村_1,2026-03-28,大村,1,3-4-5,158.1
20260328_大村_1,2026-03-28,大村,1,4-3-5,217.9
20260328_大村_1,2026-03-28,大村,1,5-3-4,1040.0
20260328_大村_1,2026-03-28,大村,1,6-3-4,441.5
20260328_大村_1,2026-03-28,大村,1,1-4-6,47.3
20260328_大村_1,2026-03-28,大村,1,2-4-6,77.6
20260328_大村_1,2026-03-28,大村,1,3-4-6,47.9
20260328_大村_1,2026-03-28,大村,1,4-3-6,81.3
20260328_大村_1,2026-03-28,大村,1,5-3-6,776.9
20260328_大村_1,2026-03-28,大村,1,6-3-5,1017.0
20260328_大村_1,2026-03-28,大村,1,1-5-2,187.1
20260328_大村_1,2026-03-28,大村,1,2-5-1,434.2
20260328_大村_1,2026-03-28,大村,1,3-5-1,350.0
20260328_大村_1,2026-03-28,大村,1,4-5-1,249.5
20260328_大村_1,2026-03-28,大村,1,5-4-1,848.5
20260328_大村_1,2026-03-28,大村,1,6-4-1,487.1
20260328_大村_1,2026-03-28,大村,1,1-5-3,217.6
20260328_大村_1,2026-03-28,大村,1,2-5-3,303.3
20260328_大村_1,2026-03-28,大村,1,3-5-2,276.4
20260328_大村_1,2026-03-28,大村,1,4-5-2,244.2
20260328_大村_1,2026-03-28,大村,1,5-4-2,864.4
20260328_大村_1,2026-03-28,大村,1,6-4-2,554.6
20260328_大村_1,2026-03-28,大村,1,1-5-4,302.8
20260328_大村_1,2026-03-28,大村,1,2-5-4,475.8
20260328_大村_1,2026-03-28,大村,1,3-5-4,286.3
20260328_大村_1,2026-03-28,大村,1,4-5-3,259.7
20260328_大村_1,2026-03-28,大村,1,5-4-3,974.2
20260328_大村_1,2026-03-28,大村,1,6-4-3,503.1
20260328_大村_1,2026-03-28,大村,1,1-5-6,196.7
20260328_大村_1,2026-03-28,大村,1,2-5-6,315.3
20260328_大村_1,2026-03-28,大村,1,3-5-6,203.4
20260328_大村_1,2026-03-28,大村,1,4-5-6,168.0
20260328_大村_1,2026-03-28,大村,1,5-4-6,494.9
20260328_大村_1,2026-03-28,大村,1,6-4-5,822.0
20260328_大村_1,2026-03-28,大村,1,1-6-2,77.6
20260328_大村_1,2026-03-28,大村,1,2-6-1,92.9
20260328_大村_1,2026-03-28,大村,1,3-6-1,62.1
20260328_大村_1,2026-03-28,大村,1,4-6-1,131.1
20260328_大村_1,2026-03-28,大村,1,5-6-1,1070.0
20260328_大村_1,2026-03-28,大村,1,6-5-1,1143.0
20260328_大村_1,2026-03-28,大村,1,1-6-3,56.5
20260328_大村_1,2026-03-28,大村,1,2-6-3,73.0
20260328_大村_1,2026-03-28,大村,1,3-6-2,89.5
20260328_大村_1,2026-03-28,大村,1,4-6-2,170.9
20260328_大村_1,2026-03-28,大村,1,5-6-2,1235.0
20260328_大村_1,2026-03-28,大村,1,6-5-2,1427.0
20260328_大村_1,2026-03-28,大村,1,1-6-4,121.4
20260328_大村_1,2026-03-28,大村,1,2-6-4,153.1
20260328_大村_1,2026-03-28,大村,1,3-6-4,91.0
20260328_大村_1,2026-03-28,大村,1,4-6-3,118.3
20260328_大村_1,2026-03-28,大村,1,5-6-3,1261.0
20260328_大村_1,2026-03-28,大村,1,6-5-3,1509.0
20260328_大村_1,2026-03-28,大村,1,1-6-5,196.3
20260328_大村_1,2026-03-28,大村,1,2-6-5,331.1
20260328_大村_1,2026-03-28,大村,1,3-6-5,164.8
20260328_大村_1,2026-03-28,大村,1,4-6-5,184.6
20260328_大村_1,2026-03-28,大村,1,5-6-4,872.6
20260328_大村_1,2026-03-28,大村,1,6-5-4,1158.0
20260328_大村_2,2026-03-28,大村,2,1-2-3,22.6
20260328_大村_2,2026-03-28,大村,2,2-1-3,106.2
20260328_大村_2,2026-03-28,大村,2,3-1-2,39.2
20260328_大村_2,2026-03-28,大村,2,4-1-2,291.3
20260328_大村_2,2026-03-28,大村,2,5-1-2,1128.0
20260328_大村_2,2026-03-28,大村,2,6-1-2,47.5
20260328_大村_2,2026-03-28,大村,2,1-2-4,63.1
20260328_大村_2,2026-03-28,大村,2,2-1-4,211.9
20260328_大村_2,2026-03-28,大村,2,3-1-4,26.7
20260328_大村_2,2026-03-28,大村,2,4-1-3,147.8
20260328_大村_2,2026-03-28,大村,2,5-1-3,809.6
20260328_大村_2,2026-03-28,大村,2,6-1-3,22.2
20260328_大村_2,2026-03-28,大村,2,1-2-5,457.1
20260328_大村_2,2026-03-28,大村,2,2-1-5,986.6
20260328_大村_2,2026-03-28,大村,2,3-1-5,221.4
20260328_大村_2,2026-03-28,大村,2,4-1-5,719.1
20260328_大村_2,2026-03-28,大村,2,5-1-4,991.2
20260328_大村_2,2026-03-28,大村,2,6-1-4,49.2
20260328_大村_2,2026-03-28,大村,2,1-2-6,27.3
20260328_大村_2,2026-03-28,大村,2,2-1-6,152.2
20260328_大村_2,2026-03-28,大村,2,3-1-6,18.9
20260328_大村_2,2026-03-28,大村,2,4-1-6,175.3
20260328_大村_2,2026-03-28,大村,2,5-1-6,757.6
20260328_大村_2,2026-03-28,大村,2,6-1-5,334.5
20260328_大村_2,2026-03-28,大村,2,1-3-2,16.2
20260328_大村_2,2026-03-28,大村,2,2-3-1,100.4
20260328_大村_2,2026-03-28,大村,2,3-2-1,75.2
20260328_大村_2,2026-03-28,大村,2,4-2-1,458.1
20260328_大村_2,2026-03-28,大村,2,5-2-1,1583.0
20260328_大村_2,2026-03-28,大村,2,6-2-1,122.6
20260328_大村_2,2026-03-28,大村,2,1-3-4,14.1
20260328_大村_2,2026-03-28,大村,2,2-3-4,127.4
20260328_大村_2,2026-03-28,大村,2,3-2-4,89.0
20260328_大村_2,2026-03-28,大村,2,4-2-3,350.6
20260328_大村_2,2026-03-28,大村,2,5-2-3,1342.0
20260328_大村_2,2026-03-28,大村,2,6-2-3,109.4
20260328_大村_2,2026-03-28,大村,2,1-3-5,200.8
20260328_大村_2,2026-03-28,大村,2,2-3-5,620.2
20260328_大村_2,2026-03-28,大村,2,3-2-5,413.5
20260328_大村_2,2026-03-28,大村,2,4-2-5,1473.0
20260328_大村_2,2026-03-28,大村,2,5-2-4,1753.0
20260328_大村_2,2026-03-28,大村,2,6-2-4,237.5
20260328_大村_2,2026-03-28,大村,2,1-3-6,8.4
20260328_大村_2,2026-03-28,大村,2,2-3-6,106.8
20260328_大村_2,2026-03-28,大村,2,3-2-6,80.3
20260328_大村_2,2026-03-28,大村,2,4-2-6,546.7
20260328_大村_2,2026-03-28,大村,2,5-2-6,1894.0
20260328_大村_2,2026-03-28,大村,2,6-2-5,887.5
20260328_大村_2,2026-03-28,大村,2,1-4-2,82.8
20260328_大村_2,2026-03-28,大村,2,2-4-1,303.9
20260328_大村_2,2026-03-28,大村,2,3-4-1,35.2
20260328_大村_2,2026-03-28,大村,2,4-3-1,119.0
20260328_大村_2,2026-03-28,大村,2,5-3-1,1099.0
20260328_大村_2,2026-03-28,大村,2,6-3-1,36.3
20260328_大村_2,2026-03-28,大村,2,1-4-3,31.0
20260328_大村_2,2026-03-28,大村,2,2-4-3,194.7
20260328_大村_2,2026-03-28,大村,2,3-4-2,73.8
20260328_大村_2,2026-03-28,大村,2,4-3-2,210.6
20260328_大村_2,2026-03-28,大村,2,5-3-2,1483.0
20260328_大村_2,2026-03-28,大村,2,6-3-2,81.3
20260328_大村_2,2026-03-28,大村,2,1-4-5,533.0
20260328_大村_2,2026-03-28,大村,2,2-4-5,991.2
20260328_大村_2,2026-03-28,大村,2,3-4-5,229.3
20260328_大村_2,2026-03-28,大村,2,4-3-5,869.4
20260328_大村_2,2026-03-28,大村,2,5-3-4,1325.0
20260328_大村_2,2026-03-28,大村,2,6-3-4,68.0
20260328_大村_2,2026-03-28,大村,2,1-4-6,42.3
20260328_大村_2,2026-03-28,大村,2,2-4-6,295.0
20260328_大村_2,2026-03-28,大村,2,3-4-6,38.6
20260328_大村_2,2026-03-28,大村,2,4-3-6,127.0
20260328_大村_2,2026-03-28,大村,2,5-3-6,1277.0
20260328_大村_2,2026-03-28,大村,2,6-3-5,444.7
20260328_大村_2,2026-03-28,大村,2,1-5-2,656.7
20260328_大村_2,2026-03-28,大村,2,2-5-1,1738.0
20260328_大村_2,2026-03-28,大村,2,3-5-1,607.8
20260328_大村_2,2026-03-28,大村,2,4-5-1,1212.0
20260328_大村_2,2026-03-28,大村,2,5-4-1,2331.0
20260328_大村_2,2026-03-28,大村,2,6-4-1,127.2
20260328_大村_2,2026-03-28,大村,2,1-5-3,587.6
20260328_大村_2,2026-03-28,大村,2,2-5-3,1404.0
20260328_大村_2,2026-03-28,大村,2,3-5-2,754.9
20260328_大村_2,2026-03-28,大村,2,4-5-2,1877.0
20260328_大村_2,2026-03-28,大村,2,5-4-2,2495.0
20260328_大村_2,2026-03-28,大村,2,6-4-2,267.1
20260328_大村_2,2026-03-28,大村,2,1-5-4,1140.0
20260328_大村_2,2026-03-28,大村,2,2-5-4,1595.0
20260328_大村_2,2026-03-28,大村,2,3-5-4,618.4
20260328_大村_2,2026-03-28,大村,2,4-5-3,1767.0
20260328_大村_2,2026-03-28,大村,2,5-4-3,2059.0
20260328_大村_2,2026-03-28,大村,2,6-4-3,130.3
20260328_大村_2,2026-03-28,大村,2,1-5-6,613.1
20260328_大村_2,2026-03-28,大村,2,2-5-6,1928.0
20260328_大村_2,2026-03-28,大村,2,3-5-6,697.8
20260328_大村_2,2026-03-28,大村,2,4-5-6,1205.0
20260328_大村_2,2026-03-28,大村,2,5-4-6,1844.0
20260328_大村_2,2026-03-28,大村,2,6-4-5,613.1
20260328_大村_2,2026-03-28,大村,2,1-6-2,17.3
20260328_大村_2,2026-03-28,大村,2,2-6-1,196.2
20260328_大村_2,2026-03-28,大村,2,3-6-1,28.7
20260328_大村_2,2026-03-28,大村,2,4-6-1,205.3
20260328_大村_2,2026-03-28,大村,2,5-6-1,1019.0
20260328_大村_2,2026-03-28,大村,2,6-5-1,959.8
20260328_大村_2,2026-03-28,大村,2,1-6-3,7.5
20260328_大村_2,2026-03-28,大村,2,2-6-3,148.2
20260328_大村_2,2026-03-28,大村,2,3-6-2,61.7
20260328_大村_2,2026-03-28,大村,2,4-6-2,435.5
20260328_大村_2,2026-03-28,大村,2,5-6-2,1724.0
20260328_大村_2,2026-03-28,大村,2,6-5-2,1548.0
20260328_大村_2,2026-03-28,大村,2,1-6-4,22.5
20260328_大村_2,2026-03-28,大村,2,2-6-4,298.7
20260328_大村_2,2026-03-28,大村,2,3-6-4,43.6
20260328_大村_2,2026-03-28,大村,2,4-6-3,202.8
20260328_大村_2,2026-03-28,大村,2,5-6-3,1325.0
20260328_大村_2,2026-03-28,大村,2,6-5-3,1140.0
20260328_大村_2,2026-03-28,大村,2,1-6-5,256.2
20260328_大村_2,2026-03-28,大村,2,2-6-5,1277.0
20260328_大村_2,2026-03-28,大村,2,3-6-5,382.2
20260328_大村_2,2026-03-28,大村,2,4-6-5,1024.0
20260328_大村_2,2026-03-28,大村,2,5-6-4,1351.0
20260328_大村_2,2026-03-28,大村,2,6-5-4,1110.0
20260328_大村_9,2026-03-28,大村,9,1-2-3,4.1
20260328_大村_9,2026-03-28,大村,9,2-1-3,45.5
20260328_大村_9,2026-03-28,大村,9,3-1-2,35.2
20260328_大村_9,2026-03-28,大村,9,4-1-2,65.4
20260328_大村_9,2026-03-28,大村,9,5-1-2,1532.0
20260328_大村_9,2026-03-28,大村,9,6-1-2,843.2
20260328_大村_9,2026-03-28,大村,9,1-2-4,7.2
20260328_大村_9,2026-03-28,大村,9,2-1-4,58.8
20260328_大村_9,2026-03-28,大村,9,3-1-4,38.0
20260328_大村_9,2026-03-28,大村,9,4-1-3,69.6
20260328_大村_9,2026-03-28,大村,9,5-1-3,1476.0
20260328_大村_9,2026-03-28,大村,9,6-1-3,1027.0
20260328_大村_9,2026-03-28,大村,9,1-2-5,71.8
20260328_大村_9,2026-03-28,大村,9,2-1-5,306.5
20260328_大村_9,2026-03-28,大村,9,3-1-5,243.1
20260328_大村_9,2026-03-28,大村,9,4-1-5,234.1
20260328_大村_9,2026-03-28,大村,9,5-1-4,1722.0
20260328_大村_9,2026-03-28,大村,9,6-1-4,911.1
20260328_大村_9,2026-03-28,大村,9,1-2-6,94.9
20260328_大村_9,2026-03-28,大村,9,2-1-6,353.6
20260328_大村_9,2026-03-28,大村,9,3-1-6,284.3
20260328_大村_9,2026-03-28,大村,9,4-1-6,267.3
20260328_大村_9,2026-03-28,大村,9,5-1-6,2395.0
20260328_大村_9,2026-03-28,大村,9,6-1-5,1370.0
20260328_大村_9,2026-03-28,大村,9,1-3-2,3.6
20260328_大村_9,2026-03-28,大村,9,2-3-1,113.7
20260328_大村_9,2026-03-28,大村,9,3-2-1,107.4
20260328_大村_9,2026-03-28,大村,9,4-2-1,139.7
20260328_大村_9,2026-03-28,大村,9,5-2-1,2090.0
20260328_大村_9,2026-03-28,大村,9,6-2-1,1545.0
20260328_大村_9,2026-03-28,大村,9,1-3-4,6.7
20260328_大村_9,2026-03-28,大村,9,2-3-4,240.0
20260328_大村_9,2026-03-28,大村,9,3-2-4,214.8
20260328_大村_9,2026-03-28,大村,9,4-2-3,267.3
20260328_大村_9,2026-03-28,大村,9,5-2-3,2275.0
20260328_大村_9,2026-03-28,大村,9,6-2-3,3229.0
20260328_大村_9,2026-03-28,大村,9,1-3-5,64.4
20260328_大村_9,2026-03-28,大村,9,2-3-5,902.1
20260328_大村_9,2026-03-28,大村,9,3-2-5,768.0
20260328_大村_9,2026-03-28,大村,9,4-2-5,922.8
20260328_大村_9,2026-03-28,大村,9,5-2-4,2782.0
20260328_大村_9,2026-03-28,大村,9,6-2-4,1855.0
20260328_大村_9,2026-03-28,大村,9,1-3-6,75.5
20260328_大村_9,2026-03-28,大村,9,2-3-6,1036.0
20260328_大村_9,2026-03-28,大村,9,3-2-6,918.1
20260328_大村_9,2026-03-28,大村,9,4-2-6,793.2
20260328_大村_9,2026-03-28,大村,9,5-2-6,3445.0
20260328_大村_9,2026-03-28,大村,9,6-2-5,5167.0
20260328_大村_9,2026-03-28,大村,9,1-4-2,11.5
20260328_大村_9,2026-03-28,大村,9,2-4-1,137.4
20260328_大村_9,2026-03-28,大村,9,3-4-1,94.4
20260328_大村_9,2026-03-28,大村,9,4-3-1,138.6
20260328_大村_9,2026-03-28,大村,9,5-3-1,2275.0
20260328_大村_9,2026-03-28,大村,9,6-3-1,2103.0
20260328_大村_9,2026-03-28,大村,9,1-4-3,12.4
20260328_大村_9,2026-03-28,大村,9,2-4-3,269.7
20260328_大村_9,2026-03-28,大村,9,3-4-2,196.5
20260328_大村_9,2026-03-28,大村,9,4-3-2,289.3
20260328_大村_9,2026-03-28,大村,9,5-3-2,2893.0
20260328_大村_9,2026-03-28,大村,9,6-3-2,3318.0
20260328_大村_9,2026-03-28,大村,9,1-4-5,97.1
20260328_大村_9,2026-03-28,大村,9,2-4-5,882.2
20260328_大村_9,2026-03-28,大村,9,3-4-5,705.1
20260328_大村_9,2026-03-28,大村,9,4-3-5,1054.0
20260328_大村_9,2026-03-28,大村,9,5-3-4,4064.0
20260328_大村_9,2026-03-28,大村,9,6-3-4,2621.0
20260328_大村_9,2026-03-28,大村,9,1-4-6,93.7
20260328_大村_9,2026-03-28,大村,9,2-4-6,694.3
20260328_大村_9,2026-03-28,大村,9,3-4-6,726.3
20260328_大村_9,2026-03-28,大村,9,4-3-6,969.8
20260328_大村_9,2026-03-28,大村,9,5-3-6,4206.0
20260328_大村_9,2026-03-28,大村,9,6-3-5,4110.0
20260328_大村_9,2026-03-28,大村,9,1-5-2,161.2
20260328_大村_9,2026-03-28,大村,9,2-5-1,1756.0
20260328_大村_9,2026-03-28,大村,9,3-5-1,1045.0
20260328_大村_9,2026-03-28,大村,9,4-5-1,607.9
20260328_大村_9,2026-03-28,大村,9,5-4-1,2304.0
20260328_大村_9,2026-03-28,大村,9,6-4-1,1407.0
20260328_大村_9,2026-03-28,大村,9,1-5-3,348.1
20260328_大村_9,2026-03-28,大村,9,2-5-3,2494.0
20260328_大村_9,2026-03-28,大村,9,3-5-2,1385.0
20260328_大村_9,2026-03-28,大村,9,4-5-2,1526.0
20260328_大村_9,2026-03-28,大村,9,5-4-2,4019.0
20260328_大村_9,2026-03-28,大村,9,6-4-2,1764.0
20260328_大村_9,2026-03-28,大村,9,1-5-4,418.1
20260328_大村_9,2026-03-28,大村,9,2-5-4,2529.0
20260328_大村_9,2026-03-28,大村,9,3-5-4,1747.0
20260328_大村_9,2026-03-28,大村,9,4-5-3,1644.0
20260328_大村_9,2026-03-28,大村,9,5-4-3,3691.0
20260328_大村_9,2026-03-28,大村,9,6-4-3,2893.0
20260328_大村_9,2026-03-28,大村,9,1-5-6,559.1
20260328_大村_9,2026-03-28,大村,9,2-5-6,3546.0
20260328_大村_9,2026-03-28,大村,9,3-5-6,1884.0
20260328_大村_9,2026-03-28,大村,9,4-5-6,1273.0
20260328_大村_9,2026-03-28,大村,9,5-4-6,3014.0
20260328_大村_9,2026-03-28,大村,9,6-4-5,3349.0
20260328_大村_9,2026-03-28,大村,9,1-6-2,377.2
20260328_大村_9,2026-03-28,大村,9,2-6-1,1365.0
20260328_大村_9,2026-03-28,大村,9,3-6-1,1133.0
20260328_大村_9,2026-03-28,大村,9,4-6-1,590.1
20260328_大村_9,2026-03-28,大村,9,5-6-1,2848.0
20260328_大村_9,2026-03-28,大村,9,6-5-1,2740.0
20260328_大村_9,2026-03-28,大村,9,1-6-3,414.3
20260328_大村_9,2026-03-28,大村,9,2-6-3,2583.0
20260328_大村_9,2026-03-28,大村,9,3-6-2,1893.0
20260328_大村_9,2026-03-28,大村,9,4-6-2,1148.0
20260328_大村_9,2026-03-28,大村,9,5-6-2,4206.0
20260328_大村_9,2026-03-28,大村,9,6-5-2,5399.0
20260328_大村_9,2026-03-28,大村,9,1-6-4,395.7
20260328_大村_9,2026-03-28,大村,9,2-6-4,1513.0
20260328_大村_9,2026-03-28,大村,9,3-6-4,1464.0
20260328_大村_9,2026-03-28,大村,9,4-6-3,1532.0
20260328_大村_9,2026-03-28,大村,9,5-6-3,4019.0
20260328_大村_9,2026-03-28,大村,9,6-5-3,3975.0
20260328_大村_9,2026-03-28,大村,9,1-6-5,766.4
20260328_大村_9,2026-03-28,大村,9,2-6-5,3848.0
20260328_大村_9,2026-03-28,大村,9,3-6-5,2219.0
20260328_大村_9,2026-03-28,大村,9,4-6-5,1488.0
20260328_大村_9,2026-03-28,大村,9,5-6-4,3318.0
20260328_大村_9,2026-03-28,大村,9,6-5-4,3581.0
