tree
version=v4
num_class=6
num_tree_per_iteration=6
label_index=0
max_feature_idx=197
objective=multiclass num_class:6
feature_names=R WindSpeed Wave WaterTemp B1_Tilt B1_ExTime B2_Tilt B2_ExTime B3_Tilt B3_ExTime B4_Tilt B4_ExTime B5_Tilt B5_ExTime B6_Tilt B6_ExTime B1_WinRate B2_WinRate B3_WinRate B4_WinRate B5_WinRate B6_WinRate B1_Motor B2_Motor B3_Motor B4_Motor B5_Motor B6_Motor B1_Course_Win B2_Course_Win B3_Course_Win B4_Course_Win B5_Course_Win B6_Course_Win B1_Course_2in B2_Course_2in B3_Course_2in B4_Course_2in B5_Course_2in B6_Course_2in B1_Course_3in B2_Course_3in B3_Course_3in B4_Course_3in B5_Course_3in B6_Course_3in B1_VenueWinRate B2_VenueWinRate B3_VenueWinRate B4_VenueWinRate B5_VenueWinRate B6_VenueWinRate B1_VenueRaceCount B2_VenueRaceCount B3_VenueRaceCount B4_VenueRaceCount B5_VenueRaceCount B6_VenueRaceCount B1_Career2inRate B2_Career2inRate B3_Career2inRate B4_Career2inRate B5_Career2inRate B6_Career2inRate B1_Career3inRate B2_Career3inRate B3_Career3inRate B4_Career3inRate B5_Career3inRate B6_Career3inRate B1_VenueLanePWinRate B2_VenueLanePWinRate B3_VenueLanePWinRate B4_VenueLanePWinRate B5_VenueLanePWinRate B6_VenueLanePWinRate B1_VenueLanePRaceCount B2_VenueLanePRaceCount B3_VenueLanePRaceCount B4_VenueLanePRaceCount B5_VenueLanePRaceCount B6_VenueLanePRaceCount B1_RankScore B2_RankScore B3_RankScore B4_RankScore B5_RankScore B6_RankScore Diff_WinRate_1_2 Avg_WinRate B1_WinRate_Over_Avg VenueID Month Month_Sin Month_Cos ExTime_Min ExTime_Max ExTime_Spread B1_ExTime_vs_Min B1_ExTime_vs_Avg B1_ExTime_vs_AvgOuter B1_ExTime_Rank B2_ExTime_Rank B3_ExTime_Rank B4_ExTime_Rank B5_ExTime_Rank B6_ExTime_Rank B2_ExTime_vs_Min B2_ExTime_vs_Avg B3_ExTime_vs_Min B3_ExTime_vs_Avg B4_ExTime_vs_Min B4_ExTime_vs_Avg B5_ExTime_vs_Min B5_ExTime_vs_Avg B6_ExTime_vs_Min B6_ExTime_vs_Avg Max_WinRate Race_Min_WinRate WinRate_Spread Race_Max_Career2inRate Race_Min_Career2inRate Race_Median_Career2inRate B1_WinRate_Rank B2_WinRate_Rank B3_WinRate_Rank B4_WinRate_Rank B5_WinRate_Rank B6_WinRate_Rank B1_Is_Top_WinRate Max_Outer_WinRate Race_N_StrongFavorites Race_N_WeakBoats Race_N_VeryWeakBoats Race_N_BottomTier Race_N_OuterStrongerThanB1 Avg_RankScore B1_RankScore_Over_Avg B1_RankScore_vs_AvgOuter B1_Course_2in_Rank B2_Course_2in_Rank B3_Course_2in_Rank B4_Course_2in_Rank B5_Course_2in_Rank B6_Course_2in_Rank ExTimeMin_vs_VenueAvg B1_VenueLanePWR_Rank B2_VenueLanePWR_Rank B3_VenueLanePWR_Rank B4_VenueLanePWR_Rank B5_VenueLanePWR_Rank B6_VenueLanePWR_Rank B1_VenueLanePWR_x_ExAdv B2_VenueLanePWR_x_ExAdv B3_VenueLanePWR_x_ExAdv B4_VenueLanePWR_x_ExAdv B5_VenueLanePWR_x_ExAdv B6_VenueLanePWR_x_ExAdv B1_VenueLanePWR_x_WR B2_VenueLanePWR_x_WR B3_VenueLanePWR_x_WR B4_VenueLanePWR_x_WR B5_VenueLanePWR_x_WR B6_VenueLanePWR_x_WR B1_VenueLanePWR_Bayes B2_VenueLanePWR_Bayes B3_VenueLanePWR_Bayes B4_VenueLanePWR_Bayes B5_VenueLanePWR_Bayes B6_VenueLanePWR_Bayes B1_CourseWin_x_VLPBayes B2_CourseWin_x_VLPBayes B3_CourseWin_x_VLPBayes B4_CourseWin_x_VLPBayes B5_CourseWin_x_VLPBayes B6_CourseWin_x_VLPBayes B1_CourseWin_x_VenueWR B2_CourseWin_x_VenueWR B3_CourseWin_x_VenueWR B4_CourseWin_x_VenueWR B5_CourseWin_x_VenueWR B6_CourseWin_x_VenueWR Venue_AvgPayout WindDirCode IsHeadwind Headwind_x_Speed B1_MotorWinRate B1_Motor2inRate B2_MotorWinRate B2_Motor2inRate B3_MotorWinRate B3_Motor2inRate B4_MotorWinRate B4_Motor2inRate B5_MotorWinRate B5_Motor2inRate B6_MotorWinRate B6_Motor2inRate
feature_infos=[1:12] [0:14] [0:35] [1:34] [-0.5:3] [6.3899999999999997:8.2699999999999996] [-0.5:3] [6.3799999999999999:8.1099999999999994] [-0.5:3] [6.3600000000000003:7.9299999999999997] [-0.5:3] [6.3600000000000003:8.1999999999999993] [-0.5:3] [0:7.7599999999999998] [-0.5:3] [6.3099999999999996:8.1300000000000008] [1.0700000000000001:9.7599999999999998] [1.0700000000000001:9.7599999999999998] [1.0700000000000001:9.7599999999999998] [1:9.7599999999999998] [1:9.7599999999999998] [1:9.7599999999999998] [1:90] [1:90] [1:90] [1:90] [1:90] [1:90] [0:100] [0:100] [0:66.700000000000003] [0:100] [0:56.200000000000003] [0:53.799999999999997] [0:100] [0:60] [0:100] [0:58.799999999999997] [0:75] [0:57.100000000000001] [0:100] [0:66.700000000000003] [0:100] [0:100] [0:60.899999999999999] [0:43.799999999999997] [0:1] [0:1] [0:1] [0:1] [0:1] [0:1] [0:188] [0:183] [0:183] [0:190] [0:188] [0:191] [0:1] [0:1] [0:1] [0:1] [0:1] [0:1] [0:1] [0:1] [0:1] [0:1] [0:1] [0:1] [0:1] [0:1] [0:1] [0:1] [0:1] [0:1] [0:46] [0:31] [0:35] [0:32] [0:33] [0:51] [1:4] [1:4] [1:4] [1:4] [1:4] [1:4] [-6.1999999999999993:6.9499999999999993] [2.4900000000000002:7.9883333333333342] [-4.2199999999999998:4.6483333333333325] [0:23] [1:12] [-1:1] [-1:1] [0:7.5899999999999999] [6.4400000000000004:8.2699999999999996] [0.0099999999999997001:6.7699999999999996] [0:6.6399999999999997] [-0.38166666666666771:1.0516666666666661] [-0.45800000000000018:1.2620000000000005] [1:6] [1:6] [1:6] [1:6] [1:6] [1:6] [0:6.7599999999999998] [-0.36833333333333318:1.171666666666666] [0:6.71] [-0.2833333333333341:1.1216666666666659] [0:6.6500000000000004] [-0.55333333333333368:1.0616666666666663] [0:0.52000000000000046] [-5.5883333333333338:0.28166666666666718] [0:6.7699999999999996] [-0.37000000000000011:1.1816666666666658] [3.4100000000000001:9.7599999999999998] [1:7.5] [0.099999999999999603:8.6099999999999994] [0:1] [0:0.25925925925925919] [0:0.5] [1:6] [1:6] [1:6] [1:6] [1:6] [1:6] [0:1] [2.71:9.7599999999999998] [0:6] [0:6] [0:5] [0:6] [0:5] [1:4] [-2.5:2.333333333333333] [-3:2.7999999999999998] [1:6] [1:6] [1:6] [1:6] [1:6] [1:6] [-6.755497999110716:0.80186563670411992] [1:6] [1:6] [1:6] [1:6] [1:6] [1:6] [-5.3120000000000003:0] [-1.6899999999999999:0] [-6.71:0] [-6.6500000000000004:0] [-0.29999999999999982:0] [-0.3050000000000001:0] [0:9.7599999999999998] [0:8.9900000000000002] [0:8.9900000000000002] [0:8.8699999999999992] [0:8.3800000000000008] [0:8.5399999999999991] [0:1] [0:1] [0:1] [0:1] [0:1] [0:1] [0:93.299999999999997] [0:66.666666666666657] [0:52.899999999999999] [0:66.700000000000003] [0:50] [0:53.799999999999997] [0:93.299999999999997] [0:66.666666666666657] [0:52.899999999999999] [0:66.700000000000003] [0:50] [0:53.799999999999997] [6552.7566344373581:240018.31607735885] none none none none none none none none none none none none none none none
tree_sizes=3362 3426 3413 3394 3402 3385 3490 3533 3530 3490 3471 3449 3488 3542 3533 3489 3479 3450 3495 3540 3526 3495 3467 3484 3510 3536 3522 3524 3479 3472 3483 3542 3525 3515 3484 3467 3488 3515 3512 3501 3482 3456 3484 3517 3520 3523 3465 3452 3461 3542 3528 3481 3474 3456 3497 3547 3533 3515 3479 3496 3476 3518 3535 3495 3480 3449 3513 3544 3532 3502 3494 3479 3510 3525 3500 3528 3474 3490 3498 3535 3535 3511 3468 3467 3511 3510 3533 3497 3494 3476 3509 3529 3544 3525 3512 3441 3510 3547 3517 3490 3475 3477 3505 3532 3534 3504 3509 3469 3501 3516 3548 3521 3474 3463 3497 3540 3521 3520 3504 3488 3506 3550 3525 3515 3497 3459 3484 3534 3545 3467 3472 3466 3518 3552 3541 3485 3501 3474 3515 3526 3508 3468 3493 3448 3494 3534 3529 3514 3493 3437 3508 3513 3504 3502 3466 3457 3489 3523 3516 3505 3492 3483 3493 3516 3530 3519 3499 3466 3476 3485 3529 3502 3493 3435 3483 3531 3523 3490 3472 3461 3512 3535 3527 3491 3488 3473 3503 3521 3525 3523 3486 3487

Tree=0
num_leaves=31
num_cat=0
split_feature=34 16 123 34 94 98 79 92 20 128 93 64 49 123 37 61 55 92 170 115 40 100 71 120 176 69 171 90 25 119
split_gain=476.136 106.785 94.8394 62.8848 50.2943 46.4091 36.643 36.5507 27.1376 30.7875 22.7224 21.117 21.1012 20.5621 19.2126 18.4697 18.6966 18.3304 16.8092 19.3 16.7173 19.6778 18.7472 17.5815 16.2289 16.0454 15.8633 18.9635 20.2345 18.871
threshold=17.300000000000001 5.9150000000000009 1.5000000000000002 26.800000000000001 -0.5 0.055000000000000153 2.5000000000000004 4.5000000000000009 5.3550000000000013 1.5000000000000002 -0.6830127018922193 0.15117338077688822 0.062895569620253167 1.5000000000000002 13.150000000000002 0.18002169197396964 107.50000000000001 10.500000000000002 5.4175170068027221 0.21000000000000038 7.2500000000000009 0.045999999999999756 0.15894736842105264 0.20807767112114942 19.680384615384618 0.19541241703092119 1.3205715902659878 0.90999999999999959 32.500000000000007 5.6750000000000016
decision_type=2 8 8 2 2 10 2 2 10 8 2 2 2 10 2 2 2 2 2 8 2 10 2 2 2 2 2 10 2 2
left_child=1 7 20 8 6 13 14 -1 9 -4 11 -6 18 -3 -5 -11 -17 -14 -9 -20 -2 -22 -23 -24 -12 26 29 -28 -29 -8
right_child=2 5 3 4 10 -7 25 12 -10 15 24 -13 17 -15 -16 16 -18 -19 19 -21 21 22 23 -25 -26 -27 27 28 -30 -31
leaf_value=-1.7404734950284979 -1.7524488366497637 -1.7653283661120964 -1.7423155643467323 -1.7121574924443326 -1.7408991231769535 -1.7498644809606814 -1.7108260528481307 -1.7388960079719458 -1.740354386552756 -1.7235187443831137 -1.7332556966315056 -1.7114620303480717 -1.75691981473694 -1.7569103343131669 -1.7325734308262442 -1.7348008128997017 -1.6237427044185271 -1.7424191993816511 -1.7537053309859418 -1.6751128686484287 -1.7439711290662536 -1.7288837148484775 -1.5777949464128926 -1.7017671991450758 -1.7700675067992309 -1.7237291506267309 -1.6859718998059241 -1.5296591999307996 -1.6933207379699162 -1.5922356703575207
leaf_weight=1545.455737054348 624.44929355382919 1556.1892707943916 550.00704342126846 211.55448758602142 82.232718169689178 1242.6662126779556 107.68158042430878 550.35328644514084 1851.0152056217194 845.00609976053238 1053.963764667511 235.09901320934296 1160.4334945082664 1358.8307471871376 253.10365045070648 760.0034373998642 3.8086732625961295 268.338343501091 409.08613270521164 7.9635895490646353 822.84654623270035 57.995706498622894 4.154916286468505 9.1754401326179487 30.815629124641418 57.303220450878143 97.294289708137512 4.154916286468505 3.4624302387237549 3.462430238723754
leaf_count=8927 3607 8989 3177 1222 475 7178 622 3179 10692 4881 6088 1358 6703 7849 1462 4390 22 1550 2363 46 4753 335 24 53 178 331 562 24 20 20
internal_value=-1.74391 -1.75237 -1.73498 -1.73222 -1.7253 -1.75796 -1.71473 -1.74647 -1.73591 -1.7321 -1.73086 -1.71909 -1.75034 -1.7614 -1.72328 -1.72861 -1.73425 -1.7542 -1.74463 -1.7522 -1.74617 -1.74179 -1.71659 -1.66313 -1.7343 -1.70021 -1.69397 -1.68002 -1.60405 -1.70713
internal_weight=15767.9 8099.32 7668.59 6149.97 2140.13 4157.69 738.017 3941.63 4009.84 2158.83 1402.11 317.332 2396.17 2915.02 464.658 1608.82 763.812 1428.77 967.403 417.05 1518.62 894.173 71.3261 13.3304 1084.78 273.359 216.056 104.912 7.61735 111.144
internal_count=91080 46784 44296 35524 12362 24016 4263 22768 23162 12470 8099 1833 13841 16838 2684 9293 4412 8253 5588 2409 8772 5165 412 77 6266 1579 1248 606 44 642
is_linear=0
shrinkage=1


Tree=1
num_leaves=31
num_cat=0
split_feature=124 90 17 124 130 90 35 123 108 176 170 17 65 119 28 108 130 90 124 108 165 28 108 108 35 35 177 35 53 108
split_gain=1085.09 314.923 240.877 117.338 115.815 95.1345 56.9377 56.1892 44.2268 39.1784 37.5734 35.8472 29.2475 28.1135 28.0067 25.562 23.5697 23.2098 21.3395 21.03 20.2657 20.0617 19.5528 19.538 20.6997 19.5318 19.4688 19.3367 19.2785 18.8513
threshold=3.5000000000000004 -0.027500000000000246 4.6250000000000009 2.5000000000000004 5.6250000000000009 0.9533333333333337 27.100000000000005 1.5000000000000002 0.0033333333333333505 16.560405405405408 25.001098901098903 3.6950000000000007 0.096468964288894815 1.6899999999999999 62.000000000000007 1.332267629550188e-15 6.3150000000000004 -0.14666666666666711 1.5000000000000002 0.031666666666667558 0.75516528925619852 40.45000000000001 0.025000000000000754 -0.028333333333331944 13.150000000000002 27.550000000000004 1.6666666666666667 31.500000000000004 6.5000000000000009 -0.10999999999999983
decision_type=8 8 10 10 2 10 2 8 8 2 2 10 2 2 2 8 2 10 10 8 2 2 8 8 2 2 2 2 2 10
left_child=1 6 4 5 12 10 14 22 17 23 18 26 -2 -12 -1 27 -13 -9 29 20 -11 -8 -4 -5 -25 -15 -6 -7 -24 -3
right_child=2 3 7 9 11 15 21 8 -10 19 13 16 -14 25 -16 -17 -18 -19 -20 -21 -22 -23 28 24 -26 -27 -28 -29 -30 -31
leaf_value=-1.4071486806694042 -1.4226255751488173 -1.4302598056161375 -1.3927541607050971 -1.3865904779873981 -1.4362503950395413 -1.3641477457554207 -1.3983470669465283 -1.4115060868531637 -1.4145591596373612 -1.3791172358594579 -1.3858930275829358 -1.4163903252038594 -1.4025879446587188 -1.3753372732487721 -1.3920536049174597 -1.3734319615920916 -1.4253915647562025 -1.3992158656375315 -1.3919382578708275 -1.3990898323539063 -1.2746727775228714 -1.3880362809257549 -1.4242948077339677 -1.4126750719265864 -1.3959216187185726 -1.3557056398855065 -1.4127725754967293 -1.345381481907556 -1.3985903012500649 -1.3801786207931772
leaf_weight=2152.0895308256149 226.79370003938675 19.159389197826385 1014.1109259128571 406.35727787017822 765.93000072240829 431.08625695109367 1005.8679328858852 555.17671954631805 1531.1916506588459 638.27500060200691 276.02887460589409 1158.4746956825256 924.32913699746132 268.45423236489296 358.45880487561226 484.77710342407227 1953.8121309876442 1246.91978302598 848.35993099212646 151.04727762937546 4.6784555017948142 888.46097815036774 106.04499137401581 232.36328992247581 892.69386646151543 239.93793216347694 99.807050704956055 201.39637017250061 233.69999149441719 975.34658032655716
leaf_count=9660 1018 86 4552 1824 3438 1935 4515 2492 6873 2865 1239 5200 4149 1205 1609 2176 8770 5597 3808 678 21 3988 476 1043 4007 1077 448 904 1049 4378
internal_value=-1.40107 -1.38988 -1.41302 -1.38249 -1.4205 -1.37701 -1.40006 -1.40482 -1.40831 -1.39131 -1.38221 -1.42454 -1.40654 -1.37305 -1.40499 -1.36479 -1.42204 -1.403 -1.38611 -1.3823 -1.37836 -1.39351 -1.39623 -1.39599 -1.39938 -1.36607 -1.43354 -1.35817 -1.40661 -1.38114
internal_weight=20291.1 10474.8 9816.29 6069.96 5129.15 3744.55 4404.88 4687.14 3333.29 2325.42 2627.29 3978.02 1151.12 784.421 2510.55 1117.26 3112.29 1802.1 1842.87 794.001 642.953 1894.33 1353.86 1531.41 1125.06 508.392 865.737 632.483 339.745 994.506
internal_count=91080 47018 44062 27246 23023 16808 19772 21039 14962 10438 11793 17856 5167 3521 11269 5015 13970 8089 8272 3564 2886 8503 6077 6874 5050 2282 3886 2839 1525 4464
is_linear=0
shrinkage=1


Tree=2
num_leaves=31
num_cat=0
split_feature=125 88 18 130 18 36 125 18 110 110 110 28 110 170 90 30 90 18 110 137 88 131 30 67 52 57 98 100 66 40
split_gain=1023.09 216.553 144.884 79.7616 66.2029 52.365 51.7862 51.5524 42.317 37.4393 36.5351 34.0793 32.8206 29.9551 27.7196 26.0968 23.7869 22.9026 22.4269 23.6555 21.0859 20.7318 17.9813 17.4788 17.9558 17.3377 16.9001 16.7916 16.9833 18.9429
threshold=3.5000000000000004 1.1950000000000001 4.8450000000000006 5.745000000000001 5.3950000000000005 31.900000000000002 2.5000000000000004 3.6850000000000005 0.026666666666666752 0.0033333333333342503 0.0016666666666673503 65.100000000000009 0.0016666666666673503 15.133283995416351 -0.11333333333333299 27.700000000000006 0.17083333333333336 3.9050000000000007 0.063333333333333866 1.0000000180025095e-35 0.95499999999999974 3.5000000000000004 26.000000000000004 0.12922212618841833 41.500000000000007 40.500000000000007 0.095000000000000168 -0.011999999999999948 0.21139575489714627 10.400000000000002
decision_type=8 10 10 2 10 2 10 10 8 8 8 2 8 2 10 2 10 10 8 2 10 2 2 2 2 2 8 10 2 2
left_child=1 4 3 10 14 18 11 -5 -9 16 15 23 -8 -7 -1 -2 -4 -12 19 -6 -11 -21 -13 24 -3 27 -18 28 -24 -30
right_child=2 6 9 7 5 13 12 8 -10 20 17 22 -14 -15 -16 -17 26 -19 -20 21 -22 -23 25 -25 -26 -27 -28 -29 29 -31
leaf_value=-1.5420274042665703 -1.5338734045302922 -1.4926035816179988 -1.5394849792911611 -1.5651802614230534 -1.5281041398053938 -1.5208939659500695 -1.508463738604247 -1.5470759789058275 -1.5588391467836944 -1.5454083315926717 -1.5583269810891831 -1.4994665622885315 -1.5265505027206985 -1.5050666310634599 -1.5285862580433418 -1.4942094920248874 -1.5247332046636688 -1.5403919712645455 -1.5401600694438142 -1.5167134478587783 -1.5327459813104152 -1.5327482083064949 -1.4641525127434729 -1.5136735601862179 -1.5458404562595389 -1.4259947976959113 -1.5427692049109867 -1.5059679680241262 -1.5617701428426942 -1.4513834877224721
leaf_weight=773.19567096233368 613.1541188955307 191.92800343036652 638.54142093658447 775.63285195827484 2559.8524394035339 753.49512457847595 491.49816751480103 2337.6627719402313 1136.1325409412384 1317.702525138855 290.43073534965515 445.80102384090424 512.2142059803009 495.56013584136963 761.2128643989563 44.478553175926208 917.19244813919067 459.81481456756592 272.5580747127533 1044.1289583444595 438.08328402042389 249.81105208396912 87.535417437553406 631.22987794876099 17.263365387916565 13.40449547767639 151.30832016468048 60.929524898529053 10.154920816421511 6.2960509061813346
leaf_count=3807 3019 945 3144 3819 12604 3710 2420 11510 5594 6488 1430 2195 2522 2440 3748 219 4516 2264 1342 5141 2157 1230 431 3108 85 66 745 300 50 31
internal_value=-1.53325 -1.52166 -1.54518 -1.55011 -1.5262 -1.52358 -1.50895 -1.55353 -1.55092 -1.53712 -1.53979 -1.50295 -1.51769 -1.51461 -1.53536 -1.53119 -1.53185 -1.54733 -1.5263 -1.52532 -1.54225 -1.51981 -1.4941 -1.50952 -1.497 -1.48068 -1.52729 -1.48513 -1.47291 -1.51952
internal_weight=18498.2 9378.07 9120.13 5657.31 6909.81 5375.41 2468.26 4249.43 3473.8 3462.83 1407.88 1464.54 1003.71 1249.06 1534.41 657.633 1707.04 750.246 4126.35 3853.79 1755.79 1293.94 624.121 840.421 209.191 178.32 1068.5 164.916 103.986 16.451
internal_count=91080 46175 44905 27855 34022 26467 12153 20923 17104 17050 6932 7211 4942 6150 7555 3238 8405 3694 20317 18975 8645 6371 3073 4138 1030 878 5261 812 512 81
is_linear=0
shrinkage=1


Tree=3
num_leaves=31
num_cat=0
split_feature=126 126 19 142 85 123 119 112 126 88 119 112 79 19 142 89 85 34 85 110 176 89 56 152 96 15 5 118 7 85
split_gain=1545.15 223.037 159.809 94.5002 65.5791 51.9506 44.5016 38.9171 36.9005 34.0903 28.787 27.771 27.6609 27.4042 27.1272 23.7208 22.8146 22.5119 22.1432 21.7086 20.8462 20.1061 19.8552 23.5647 21.6304 19.9384 22.3867 16.2161 16.9715 16.185
threshold=3.5000000000000004 2.5000000000000004 3.7950000000000004 2.5000000000000004 2.5000000000000004 2.5000000000000004 2.5349999999999997 0.015000000000000053 5.5000000000000009 0.84000000000000019 1.9399999999999999 -0.024999999999998947 5.5000000000000009 6.7550000000000008 1.5000000000000002 5.0236666666666681 1.5000000000000002 22.400000000000002 2.5000000000000004 0.0050000000000002508 10.520273972602743 5.7008333333333336 43.500000000000007 -0.047687165775401094 6.7150000000000007 6.955000000000001 6.785000000000001 4.6650000000000009 6.9750000000000005 3.5000000000000004
decision_type=8 10 10 2 2 10 2 8 8 10 2 8 2 10 2 2 2 2 2 8 2 2 2 2 2 8 10 2 10 2
left_child=1 3 8 5 7 10 -5 15 -2 29 -1 -6 -7 19 -3 -4 -10 -15 -16 -12 -21 -20 23 -14 -25 26 -24 28 -26 -8
right_child=2 14 4 6 11 12 9 -9 16 -11 13 -13 22 17 18 -17 -18 -19 21 20 -22 -23 25 24 27 -27 -28 -29 -30 -31
leaf_value=-1.7875391423294629 -1.8280107511053147 -1.7930944111485427 -1.8137651445434799 -1.8003078547558675 -1.8005842118942499 -1.7873440381718604 -1.7992264832650793 -1.8296239964281342 -1.8515538176110848 -1.7761901015560755 -1.7810441425872094 -1.8162196432075242 -1.8202695716340542 -1.7372911823370538 -1.812775518252117 -1.8239444197114112 -1.8372864870050172 -1.7841011033781393 -1.7970740354633545 -1.743764521680093 -1.7733423773028363 -1.8108384801840729 -1.6913403441066954 -1.6524604280853599 -1.7671940207072419 -1.6212348474205207 -1.7869396035717056 -1.8117638141890313 -1.6917111233935667 -1.7851789794968964
leaf_weight=162.82358364760876 540.06167452037334 402.70494805276394 900.70523265004158 1166.0534542351961 365.57262726128101 1253.9551870822906 461.1965684145689 1993.4798591285944 522.80993255972862 475.32656659185886 231.00903996825218 1272.6856497824192 23.002322614192963 132.26335503160954 973.81975810229778 1569.7442161142826 603.81096862256527 31.874647051095963 678.73281942307949 111.56126467883587 127.82719281315804 435.56540893018246 11.008254393935209 4.1075576096773139 99.238591849803925 3.7789530009031287 13.801393568515776 18.894765004515648 8.0508129149675351 369.18727795779705
leaf_count=991 3287 2451 5482 7097 2225 7632 2807 12133 3182 2893 1406 7746 140 805 5927 9554 3675 194 4131 679 778 2651 67 25 604 23 84 115 49 2247
internal_value=-1.80957 -1.79288 -1.82503 -1.78647 -1.82129 -1.77902 -1.79321 -1.82443 -1.83876 -1.78687 -1.76878 -1.81273 -1.7847 -1.76397 -1.80498 -1.82023 -1.84391 -1.74638 -1.80727 -1.77011 -1.75956 -1.80245 -1.76648 -1.77361 -1.76538 -1.72822 -1.74452 -1.76905 -1.76153 -1.79298
internal_weight=14964.7 7195.78 7768.87 4704.96 6102.19 2233.2 2471.76 4463.93 1666.68 1305.71 797.359 1638.26 1435.84 634.535 2490.82 2470.45 1126.62 164.138 2088.12 470.397 239.388 1114.3 181.883 153.294 130.292 28.5886 24.8096 126.184 107.289 830.384
internal_count=91080 43796 47284 28636 37140 13592 15044 27169 10144 7947 4853 9971 8739 3862 15160 15036 6857 999 12709 2863 1457 6782 1107 933 793 174 151 768 653 5054
is_linear=0
shrinkage=1


Tree=4
num_leaves=31
num_cat=0
split_feature=127 127 20 119 86 20 114 18 114 114 59 11 20 18 136 50 89 180 28 46 119 122 60 62 181 152 130 107 44 88
split_gain=1786.13 296.028 215.638 105.255 102.586 58.9178 44.3592 42.9197 41.5483 33.6635 31.6248 31.601 31.4563 28.2588 27.8905 27.7395 26.9558 26.7108 31.6063 25.9687 25.5305 21.9276 21.7472 26.3939 22.8874 21.0835 20.9221 20.9029 20.813 20.7162
threshold=3.5000000000000004 2.5000000000000004 3.6150000000000007 2.3950000000000009 3.5000000000000004 4.7950000000000008 0.060000000000000907 4.9350000000000014 0.0033333333333315503 -0.016666666666666996 0.15287422377600049 6.5150000000000006 2.6750000000000003 5.5950000000000006 2.7500000000000004 0.2610654132393263 5.2708333333333348 2.7036240786240788 10.550000000000002 0.24152298850574713 5.2150000000000016 0.17222316256676448 0.10408080876045012 0.15169408981806792 7.0506410256410268 -0.14000000000000032 6.3650000000000011 0.11999999999999968 48.550000000000004 1.3400000000000007
decision_type=8 10 10 2 2 10 8 8 8 8 2 10 10 10 2 2 2 2 2 2 2 2 2 2 2 2 2 10 2 10
left_child=1 3 12 11 10 8 7 19 16 25 22 -1 -2 26 -9 -12 -4 -11 -19 29 -8 -22 -5 -24 -25 27 28 -3 -13 -6
right_child=2 9 5 4 6 -7 20 14 -10 17 15 13 -14 -15 -16 -17 -18 18 -20 -21 21 -23 23 24 -26 -27 -28 -29 -30 -31
leaf_value=-1.9647480716245891 -2.169894199072818 -2.1066969216973077 -2.1341811745838566 -2.0748128938093227 -2.0632157142747203 -2.1362333162761447 -2.1259530362691641 -2.0761972490679885 -2.1522329790360333 -2.1324521391085427 -2.1185952773712451 -2.1097534383680152 -2.1548273289516406 -2.1175865111424832 -2.1009160198486367 -2.0913455011719035 -2.1513604852043686 -2.0524195524723727 -2.1197042066985294 -2.0882425102002822 -2.0949978406473586 -1.9117122375314854 -2.1258444176823916 -2.0954510066326923 -2.0206251111155376 -2.1139405480746452 -2.0906618176008736 -1.9437166201738756 -1.9780070301478649 -2.0292278327957871
leaf_weight=3.7710352241992942 886.06757651269436 4.2738399207592002 736.35747811198235 118.53620721399784 259.95002812147141 2292.2866116166115 66.747323468327522 279.55941128730774 1607.9694195985794 938.35926495492458 354.22590872645378 474.39623120427132 568.79781298339367 610.40490162372589 192.82560113072395 126.83248470723629 330.97119151055813 18.478072598576546 314.75574004650116 86.859511330723763 4.2738399207592002 2.6397246569395065 75.420704483985901 318.02397057414055 10.558898627758024 471.00229950249195 233.67848272621632 3.6453340500593185 3.0168281793594351 54.177206054329872
leaf_count=30 7049 34 5858 943 2068 18236 531 2224 12792 7465 2818 3774 4525 4856 1534 1009 2633 147 2504 691 34 21 600 2530 84 3747 1859 29 24 431
internal_value=-2.1296 -2.10728 -2.14707 -2.09841 -2.09102 -2.14212 -2.07922 -2.07608 -2.14716 -2.12388 -2.10216 -2.10928 -2.164 -2.10969 -2.08629 -2.11141 -2.13951 -2.12813 -2.11597 -2.06404 -2.11648 -2.02502 -2.09364 -2.09917 -2.09305 -2.11258 -2.10292 -2.03167 -2.10892 -2.05735
internal_weight=11448.9 5026.41 6422.45 3275.9 1950.63 4967.58 947.033 873.372 2675.3 1750.51 1003.6 1325.27 1454.87 1321.5 472.385 481.058 1067.33 1271.59 333.234 400.987 73.6609 6.91356 522.54 404.004 328.583 478.921 711.092 7.91917 477.413 314.127
internal_count=91080 39987 51093 26061 15518 39519 7534 6948 21283 13926 7984 10543 11574 10513 3758 3827 8491 10116 2651 3190 586 55 4157 3214 2614 3810 5657 63 3798 2499
is_linear=0
shrinkage=1


Tree=5
num_leaves=31
num_cat=0
split_feature=128 119 128 128 119 21 128 20 116 116 23 59 121 116 169 21 173 145 62 37 41 35 62 31 15 116 110 66 27 58
split_gain=2265.06 411.2 347.734 132.41 72.58 69.3617 64.4897 47.7538 44.6885 42.4415 36.6949 32.742 39.623 32.5645 31.0997 37.5786 30.3832 38.0993 30.2868 32.9223 29.4475 31.7303 27.6927 28.2918 26.9716 26.2787 25.9319 26.7798 25.2099 33.1436
threshold=2.5000000000000004 2.805000000000001 4.5000000000000009 1.5000000000000002 1.8300000000000007 1.8750000000000002 1.5000000000000002 1.6650000000000003 0.0016666666666664504 -0.038333333333332643 3.5000000000000004 0.18255049522079494 0.15795971410006496 -0.0083333333333341485 0.23511018120393121 6.6250000000000009 5.6186931818181831 -0.0074076852114831988 0.019261686866188454 23.300000000000004 10.400000000000002 17.500000000000004 0.10011655011655012 21.550000000000001 6.745000000000001 -0.010000000000001048 -0.056666666666667045 0.14167522245037642 59.500000000000007 0.15054971608070553
decision_type=8 2 8 10 2 10 10 8 8 8 2 2 2 8 2 10 2 2 2 2 2 2 2 2 8 8 10 2 2 2
left_child=1 4 9 11 -1 -4 18 16 14 -2 -10 12 -3 -7 26 -16 28 -18 19 -6 -17 -22 23 24 -13 -20 27 -9 -5 -30
right_child=2 3 5 7 6 13 -8 8 10 -11 -12 22 -14 -15 15 20 17 -19 25 -21 21 -23 -24 -25 -26 -27 -28 -29 29 -31
leaf_value=-2.5133758488249529 -2.5071433417479083 -2.4333425240286344 -2.5627507688034608 -2.461475991628022 -2.4371446490702864 -2.5369383765689975 -2.5034026691990254 -2.2530471049384468 -2.3195844089266711 -2.5259734700150318 -2.5005880864765611 -2.3667325618884618 -2.2075028540801975 -2.5485684695416557 -2.4542783357713245 -2.213907514357139 -2.4388970318277554 -2.1603645544419097 -2.4628636896135925 -2.213907514357139 -2.2843587774034937 -2.4787070892555061 -2.4747283705965617 -2.4994205277555235 -2.4413291354190556 -2.4884840295990567 -2.4830259406299953 -2.4463966824101089 -2.4704564533749962 -2.288978532357353
leaf_weight=495.37791419029236 351.57282842695713 397.52658192813396 659.23232097923756 41.074493959546089 7.3632462173700315 906.74385045468807 403.11555194854736 2.3952728658914548 2.8388419151306143 2010.4323587715626 205.10632836818695 17.299192920327187 1.9517038166522969 1790.2446827292442 47.8167435079813 2.8388419151306143 2.7501281052827835 2.2178452461957923 176.18562635779381 2.1291314363479614 3.5485523939132673 5.1454009711742401 103.35158847272396 13.484499096870421 40.453497290611267 231.72047132253647 138.92582622170448 7.0971047878265381 4.7018319219350797 5.4115424007177353
leaf_count=5584 3963 4481 7431 463 83 10221 4544 27 32 22662 2312 195 22 20180 539 32 31 25 1986 24 40 58 1165 152 456 2612 1566 80 53 61
internal_value=-2.52085 -2.47966 -2.53787 -2.45626 -2.49826 -2.54821 -2.48914 -2.47588 -2.48173 -2.52317 -2.49812 -2.44013 -2.43224 -2.54466 -2.46533 -2.43474 -2.43261 -2.31455 -2.47536 -2.38707 -2.35373 -2.39938 -2.4582 -2.43421 -2.41898 -2.47742 -2.47756 -2.39761 -2.44406 -2.37335
internal_weight=8080.05 2361.83 5718.23 1045.94 1315.89 3356.22 820.514 471.869 415.713 2362.01 207.945 574.067 399.478 2696.99 207.768 59.3495 56.1558 4.96797 417.398 9.49238 11.5328 8.69395 174.589 71.2372 57.7527 407.906 148.418 9.49238 51.1879 10.1134
internal_count=91080 26623 64457 11790 14833 37832 9249 5319 4686 26625 2344 6471 4503 30401 2342 669 633 56 4705 107 130 98 1968 803 651 4598 1673 107 577 114
is_linear=0
shrinkage=1


Tree=6
num_leaves=31
num_cat=0
split_feature=34 16 123 34 94 98 92 79 21 125 58 93 90 170 115 62 64 123 99 55 62 120 10 116 56 32 28 56 145 90
split_gain=434.308 97.9787 85.2367 55.7755 44.2777 43.5468 35.235 31.6403 25.326 22.1343 21.7618 20.2187 19.8152 28.0481 20.8631 19.2677 18.6979 18.1934 18.1365 17.4676 17.1606 16.9753 16.9066 16.6164 16.9192 15.7873 15.7846 15.5402 19.3996 15.4639
threshold=17.300000000000001 5.9650000000000007 1.5000000000000002 26.800000000000001 -0.5 0.055000000000000153 4.5000000000000009 2.5000000000000004 4.0250000000000012 1.5000000000000002 0.24023185196369554 -0.6830127018922193 -1.5374999999999999 5.4175170068027221 0.18999999999999997 0.177689856113984 0.14980150916050977 1.5000000000000002 -0.08333333333333344 14.500000000000002 0.23830261100317493 0.22444167359379327 -1.0000000180025095e-35 -0.040000000000000445 43.500000000000007 20.950000000000006 8.0000000000000018 46.500000000000007 0.0048310317855868009 -1.6349999999999998
decision_type=2 8 8 2 2 10 2 2 10 8 2 2 10 2 8 2 2 10 10 2 2 2 10 8 2 2 2 2 2 10
left_child=1 6 -2 8 7 17 18 21 10 15 -4 16 -8 19 -15 -10 -6 -3 -1 -14 -12 -5 -16 -17 -25 -26 -23 -28 -29 -20
right_child=2 5 3 4 11 -7 12 -9 9 -11 20 -13 13 14 22 23 -18 -19 29 -21 -22 26 -24 24 25 -27 27 28 -30 -31
leaf_value=-0.017479124870287324 -0.0021456239796956659 -0.020789052614544192 0.013563147511192964 0.029544728530065248 0.0022860857673593655 -0.0056786487276389332 -0.025295729008023717 0.040615903287370241 0.020806984645001796 0.0035208637069175787 0.040411508509059578 0.0090895144884464915 0.0047438130034555019 -0.012070392185319329 -0.01377225646527919 0.036781524475673358 0.03021617565394526 -0.012708832723886994 -0.022065094266152791 -0.0082441977430828643 0.14956561047433467 0.10265390789124783 0.047762732757324344 -0.0057690748526914399 0.018722503534763003 0.14128794223270988 0.0065573683879040084 -0.0080997399408174759 0.15090976637959846 0.0055058816192352714
leaf_weight=99.832086130976677 1515.7665724158287 1515.3660169243813 788.65214851498604 220.56371764838696 79.515298545360565 1195.6939321309328 131.22799769043922 281.34780596196651 391.86748434603214 2567.8494359254837 36.262460023164749 1092.4625813215971 748.62802243232727 1134.7101529240608 19.053840547800064 31.485218584537506 243.1839154958725 1289.3895079493523 52.718105748295784 395.70740711688995 3.9976913481950751 4.5648910999298087 26.950688481330872 198.68557891249657 9.383681654930113 3.648994803428649 238.47059580683708 3.5193288773298255 4.2161067128181458 1441.0852433443069
leaf_count=575 8772 8891 4522 1255 458 6944 761 1579 2239 14772 208 6266 4326 6598 110 181 1375 7522 304 2294 23 26 155 1142 54 21 1359 20 24 8304
internal_value=5.93869e-06 -0.00811831 0.00848286 0.0110814 0.017549 -0.0136684 -0.00263605 0.0273472 0.0076039 0.00558794 0.0153936 0.0123377 -0.00639261 -0.0053257 -0.0107321 0.013946 0.023334 -0.0170745 0.00315394 0.000252602 0.0512501 0.0194269 0.0222766 0.00289094 -0.00214902 0.0530394 0.0105279 0.00881979 0.0785665 0.00453287
internal_weight=15765.8 8050.36 7715.44 6199.68 2167.84 4000.45 4049.91 752.682 4031.83 3202.92 828.912 1415.16 2456.28 2325.05 1180.71 635.071 322.699 2804.76 1593.64 1144.34 40.2602 471.335 46.0045 243.203 211.718 13.0327 250.771 246.206 7.73544 1493.8
internal_count=91080 46784 44296 35524 12362 23357 23427 4263 23162 18409 4753 8099 14244 13483 6863 3637 1833 16413 9183 6620 231 2684 265 1398 1217 75 1429 1403 44 8608
is_linear=0
shrinkage=0.05


Tree=7
num_leaves=31
num_cat=0
split_feature=124 90 17 130 124 90 35 123 108 176 176 17 35 65 28 108 130 90 108 177 108 59 162 28 108 53 165 177 171 30
split_gain=975.66 277.112 223.762 107.521 103.036 80.7667 51.9824 50.4386 40.9668 34.9531 34.1261 33.9795 27.868 27.1431 25.5608 21.9985 21.8374 21.0996 18.8087 18.6885 18.2551 19.9381 18.1253 18.0889 17.8098 17.9692 17.0558 16.8438 16.816 19.6959
threshold=3.5000000000000004 -0.027500000000000246 4.6250000000000009 5.6250000000000009 2.5000000000000004 0.9533333333333337 27.100000000000005 1.5000000000000002 0.0033333333333333505 16.560405405405408 7.6928205128205134 3.6950000000000007 37.250000000000007 0.096468964288894815 62.000000000000007 1.332267629550188e-15 6.3150000000000004 -0.14666666666666711 0.031666666666667558 1.6666666666666667 -0.0033333333333324497 0.15543281722456045 1.7787500000000003 40.45000000000001 0.025000000000000754 6.5000000000000009 0.75516528925619852 4.9271578947368431 3.4121323529411773 22.450000000000003
decision_type=8 8 10 2 10 10 2 8 8 2 2 10 2 2 2 8 2 10 8 2 8 2 2 2 8 2 2 2 2 2
left_child=1 6 3 13 5 10 14 24 17 20 -3 19 28 -2 -1 -7 27 -9 26 -5 22 -22 -6 -8 -4 -26 -11 -13 29 -12
right_child=2 4 7 11 9 15 23 8 -10 18 12 16 -14 -15 -16 -17 -18 -19 -20 -21 21 -23 -24 -25 25 -27 -28 -29 -30 -31
leaf_value=-0.005826882145920813 -0.02083163672440122 0.01202889260402476 0.007906697491031775 -0.03417677825816217 0.011638266818540299 0.039655075374235516 0.0026111167065226916 -0.0098800833117437536 -0.012886757236791445 0.020586710814870967 0.018909449309193183 -0.016089760275148593 0.037895253856625483 -0.0014329754963368971 0.0085669112620596136 0.025650138346057418 -0.023433671276592707 0.0018699919908685065 0.0017374843338291764 -0.011050690610809197 -0.011624548987451813 0.0052414842438945307 -0.029822211527606071 0.012380986932022 -0.022533027877116637 0.0023796761465563537 0.11346205943334918 0.012055665496100699 0.025376164544045718 -0.0040908767821715404
leaf_weight=2144.9956453740597 224.08771574497223 1325.3211675733328 1018.716021925211 749.48580339550972 743.82114669680595 649.10093182325363 1007.2050468623638 550.88514646887779 1517.791063785553 646.70384787023067 347.44724205136299 1092.2138448655605 264.36264228820801 923.36546470224857 360.23380567133427 493.63128452003002 1923.8269752264023 1246.6977507174015 151.48517607152462 98.885468691587448 271.21194165945053 495.10619948804379 27.329266175627708 894.58027100563049 104.80157220363617 233.97879354655743 4.9813121110200873 55.876901254057884 593.01906949281693 127.13735146820545
leaf_count=9660 1018 5894 4552 3438 3319 2839 4515 2492 6873 2865 1540 4947 1168 4149 1609 2176 8770 5597 678 448 1216 2217 122 3988 476 1049 21 253 2627 564
internal_value=3.82941e-06 0.0105407 -0.0114061 -0.0186831 0.0174064 0.0224895 0.000974168 -0.00351409 -0.00683811 0.00915393 0.0177093 -0.0226233 0.0233614 -0.00522137 -0.00375716 0.0336053 -0.020177 -0.00173092 0.0176076 -0.0314812 0.00473775 -0.000727668 0.0101689 0.00720676 0.00460405 -0.00532706 0.0212966 -0.0147199 0.0197625 0.0127478
internal_weight=20288.3 10547.7 9740.61 5067.74 6140.66 3800.02 4407.01 4672.87 3315.37 2340.64 2657.29 3920.29 1331.97 1147.45 2505.23 1142.73 3071.92 1797.58 803.17 848.371 1537.47 766.318 771.15 1901.79 1357.5 338.78 651.685 1148.09 1067.6 474.585
internal_count=91080 47018 44062 23023 27246 16808 19772 21039 14962 10438 11793 17856 5899 5167 11269 5015 13970 8089 3564 3886 6874 3433 3441 8503 6077 1525 2886 5200 4731 2104
is_linear=0
shrinkage=0.05


Tree=8
num_leaves=31
num_cat=0
split_feature=125 88 18 130 18 18 36 125 110 110 110 110 28 46 117 18 30 110 137 137 131 88 48 88 90 110 89 81 54 9
split_gain=920.259 187.674 135.634 76.9131 59.7804 54.7742 46.9392 44.1483 38.7866 36.3453 34.7236 29.1515 29.0574 28.0555 25.6463 23.7207 21.9642 20.3536 21.2465 18.9829 18.5638 18.4834 18.3417 17.4329 16.6011 15.9544 15.7795 15.6794 15.5984 15.5907
threshold=3.5000000000000004 1.1950000000000001 4.995000000000001 5.745000000000001 5.3950000000000005 3.6850000000000005 31.900000000000002 2.5000000000000004 0.026666666666666752 0.0033333333333342503 0.0016666666666673503 0.0016666666666673503 65.100000000000009 0.35751879699248118 6.2350000000000012 3.9050000000000007 28.350000000000005 0.063333333333333866 1.0000000180025095e-35 1.0833333333333333 3.5000000000000004 1.0000000000000004 0.46201923076923085 1.0500000000000005 0.17083333333333336 0.028333333333333755 4.2508333333333352 2.5000000000000004 72.500000000000014 6.6150000000000011
decision_type=8 10 10 2 10 10 2 10 8 8 8 8 2 2 2 10 2 8 2 2 2 10 2 8 10 8 2 2 2 10
left_child=1 4 3 10 14 -5 17 12 23 22 16 -9 -3 19 -1 -12 29 18 26 25 -20 -11 24 -7 -4 -8 -6 -14 -13 -2
right_child=2 7 9 5 6 8 13 11 -10 21 15 28 27 -15 -16 -17 -18 -19 20 -21 -22 -23 -24 -25 -26 -27 -28 -29 -30 -31
leaf_value=0.0030689806767210826 0.044952327318194867 0.022051566327125693 -0.005333997868222958 -0.031057883452041132 0.02907083074464983 -0.015257507045745747 0.016874779786552937 0.02318062811600791 -0.023568529258207797 -0.011127436219116814 -0.024320160472181995 0.0049810827236423097 0.030224446281723844 0.039234366588473103 -0.010225571925431559 -0.0061889455737614372 0.036022999940495799 -0.0066598807172613631 0.015598276003405465 0.047574743154859954 0.00044533450947757068 0.0022537523686234451 0.027581497249050797 -0.005836194809282034 0.006002104944510196 0.002065646989886006 0.0042273909399934253 0.046481047989455147 0.066806350924146093 -0.0011858120397056939
leaf_weight=943.74271534383297 18.865260735154152 855.10098166763783 514.79678031802177 759.37744244933128 65.590322211384773 1978.4999716579914 855.72867940366268 499.63909611105919 1266.6021733433008 1135.4683693498373 285.91021451354027 504.83497439324856 408.17592702805996 133.75840352475643 589.25931331515312 488.77668495476246 45.775638192892075 271.54707518219948 1055.1368998140097 43.065717503428459 250.01396284997463 333.97228807210922 72.481038644909859 653.08168125152588 866.67680245637894 230.95572355389595 2503.6678397655487 232.98617187142372 10.412466421723364 621.90636645257473
leaf_count=4645 93 4138 2549 3819 321 9839 4168 2420 6337 5640 1430 2471 1958 648 2910 2418 221 1342 5141 209 1230 1644 357 3238 4256 1125 12283 1115 51 3064
internal_value=3.82004e-06 0.0109113 -0.0114 -0.0156328 0.0066744 -0.0187727 0.00914434 0.022625 -0.0163795 -0.00254056 -0.00562459 0.0145752 0.0280851 0.0175813 -0.00204121 -0.0128806 0.0025629 0.00657314 0.0075006 0.0150176 0.0126956 -0.00808618 0.00306412 -0.0129194 0.00177778 0.0137274 0.00486162 0.0361318 0.00623049 0.000172563
internal_weight=18495.8 9453.62 9042.19 6118.8 6942.47 4657.56 5409.46 2511.15 3898.18 2923.4 1461.23 1014.89 1496.26 1263.51 1533 774.687 686.547 4145.96 3874.41 1129.75 1305.15 1469.44 1453.95 2631.58 1381.47 1086.68 2569.26 641.162 515.247 640.772
internal_count=91080 46175 44905 30459 34022 23233 26467 12153 19414 14446 7226 4942 7211 6150 7555 3848 3378 20317 18975 5502 6371 7284 7162 13077 6805 5293 12604 3073 2522 3157
is_linear=0
shrinkage=0.05


Tree=9
num_leaves=31
num_cat=0
split_feature=126 126 19 142 19 112 123 119 19 89 88 130 85 37 112 79 119 19 34 89 110 176 56 152 96 22 26 61 63 90
split_gain=1395.95 194.865 152.501 81.371 62.2233 45.875 43.2526 38.8087 36.2695 33.4967 28.8575 24.7186 24.6937 24.0058 28.3174 23.7809 23.7226 22.6521 18.9577 18.8182 17.9459 17.1157 16.3015 20.5157 16.7825 16.0648 15.899 15.403 22.558 19.3254
threshold=3.5000000000000004 2.5000000000000004 3.7950000000000004 2.5000000000000004 5.0550000000000006 0.0083333333333323514 2.5000000000000004 2.5349999999999997 2.2350000000000008 5.1641666666666683 0.84000000000000019 5.4250000000000007 2.5000000000000004 18.900000000000002 -0.028333333333333748 5.5000000000000009 1.9399999999999999 6.7550000000000008 25.350000000000005 5.7008333333333336 0.0050000000000002508 10.520273972602743 43.500000000000007 -0.047687165775401094 6.7150000000000007 82.500000000000014 19.500000000000004 0.18819706455491522 0.0066445916114789508 1.9100000000000008
decision_type=8 10 10 2 10 8 10 2 10 2 10 2 2 2 8 2 2 10 2 2 8 2 2 2 2 2 2 2 2 10
left_child=1 3 8 6 5 9 16 -5 -2 -4 -9 -10 -3 -6 26 -8 -1 20 -19 -14 -18 -22 23 -17 -25 -21 -15 -23 -29 -30
right_child=2 12 4 7 13 -7 15 10 11 -11 -12 -13 19 14 -16 22 17 18 -20 25 21 27 -24 24 -26 -27 -28 28 29 -31
leaf_value=0.020645481497219773 -0.041196164353750467 -0.0011074388599039305 -0.003209711298449565 0.0087251470662321681 -0.0098223766504482585 -0.020289392282698198 0.020790309132045853 0.015585566472325252 -0.010270095017813612 -0.016752640471434082 0.030868573258413162 -0.027774733646690388 0.01359828631815288 -0.009813530753528775 -0.0033152371941355461 -0.010389684646324142 0.026432524337352666 0.063366714063078713 0.011134311516035236 0.0008454756084379626 0.059561673989779566 0.011296604932104826 0.073487720260803815 0.13511081127637672 0.037531355864680004 0.10205204958544223 0.023506751550979234 0.11765368325164152 0.027184313228920332 0.1055293255819989
leaf_weight=165.5474462211132 416.17518480122089 1132.8946927189827 1005.336700424552 1174.9242603033781 1079.906953394413 2005.8827828913927 1275.6523390710354 841.10948872566223 255.42241883277893 836.46737091243267 488.12422402203083 958.46930949389935 829.40150491893291 44.994087412953377 895.20731592178345 22.864493876695633 236.45694063603878 152.40891873836517 19.606677770614624 533.71150448918343 117.24898552894592 49.598039746284485 30.226106345653534 4.5610206425189963 129.94492016732693 3.9500295519828788 175.21851477026939 9.8292574882507306 63.320333778858185 8.9886657148599607
leaf_count=991 2607 6891 6151 7097 6623 12385 7632 5054 1582 5149 2893 5955 5000 274 5492 140 1406 882 117 3245 679 293 174 25 768 24 1066 58 374 53
internal_value=-4.29193e-07 0.0156671 -0.0148865 0.0215724 -0.0112255 -0.0150579 0.0283924 0.0153458 -0.0284585 -0.00936032 0.0211978 -0.0240915 0.00435134 -0.00450858 0.000636032 0.0232347 0.0375624 0.0418221 0.0574132 0.00887508 0.0362975 0.045666 0.0398565 0.033397 0.0408402 0.00158901 0.0166987 0.0332985 0.0465841 0.0369233
internal_weight=14963.5 7290.37 7673.08 4790.41 6043.01 3847.69 2286.25 2504.16 1630.07 1841.8 1329.23 1213.89 2499.96 2195.33 1115.42 1463.25 823.005 657.458 172.016 1367.06 485.442 248.985 187.597 157.37 134.506 537.662 220.213 131.736 82.1383 72.309
internal_count=91080 43796 47284 28636 37140 23685 13592 15044 10144 11300 7947 7537 15160 13455 6832 8739 4853 3862 999 8269 2863 1457 1107 933 793 3269 1340 778 485 427
is_linear=0
shrinkage=0.05


Tree=10
num_leaves=31
num_cat=0
split_feature=127 127 20 119 86 20 177 114 20 114 122 59 114 110 89 11 50 109 19 179 108 66 40 49 102 49 5 69 114 18
split_gain=1612.56 255.512 208.146 88.1448 85.4696 55.8248 39.8202 39.6315 31.2231 30.4993 27.6488 26.7658 26.4238 26.1777 25.269 24.8857 24.0577 23.0143 21.7058 28.1467 21.105 21.0839 25.4716 33.1886 23.6671 23.9205 22.313 22.7463 21.8981 23.715
threshold=3.5000000000000004 2.5000000000000004 3.6150000000000007 2.3950000000000009 3.5000000000000004 4.7950000000000008 1.9013513513513518 0.0033333333333315503 2.6750000000000003 0.0033333333333333505 0.19178930872379316 0.15287422377600049 0.066666666666667776 0.10333333333333392 5.2708333333333348 6.5450000000000008 0.2610654132393263 0.06000000000000006 7.0950000000000006 15.20188679245283 0.013333333333334052 0.1722809359587644 17.750000000000004 0.18708333333333332 3.5000000000000004 0.14222503160556257 6.8050000000000006 0.15635771394729048 0.011666666666668003 6.4650000000000007
decision_type=8 10 10 2 2 10 2 8 10 8 2 2 8 10 2 10 2 8 10 2 10 2 2 2 10 2 10 2 8 8
left_child=1 3 8 10 11 7 13 14 -2 17 15 -5 -8 21 -4 -1 -13 -3 -12 -20 -15 22 28 24 25 -24 27 -26 29 -6
right_child=2 9 5 4 6 -7 12 -9 -10 -11 18 16 -14 20 -16 -17 -18 -19 19 -21 -22 -23 23 -25 26 -27 -28 -29 -30 -31
leaf_value=0.14247043035850612 -0.039802573075701848 0.0039500750060457402 -0.0043571440090404596 0.033125581534292133 0.071953373315900765 -0.0062977508108805064 0.037374316411452162 -0.022009190378035233 -0.024591889750767291 -0.00067536289409860666 0.0060397119338000656 0.010270463817576549 -0.016425908506162944 0.20536031421497511 -0.021114088934969001 0.024035270781027979 0.035312770552561899 0.020811069148232473 0.030026949536597649 0.19560925969714552 0.043292987085592823 0.043166488922833819 0.056894782454289188 0.030290611033141131 0.034824129060782659 0.2046788571441357 0.20528246840788095 0.16720968871731601 0.034179380715048363 -0.0033446163860225298
leaf_weight=4.4592908024787894 856.25626196712255 397.66205041855574 733.11489115655422 539.32743187248707 138.335912078619 2276.4889721348882 390.0892638489604 1577.2096058055758 556.74674829095602 950.09234130382538 451.90521747618914 358.23915077745914 24.240965038537979 5.1379695385694486 324.58512825518847 826.25989002734423 130.96804937720299 412.12497168034315 63.307654529809952 2.6749276667833319 3.2983454614877701 269.90773306787014 20.091558128595356 16.683675274252892 6.0621611028909701 3.1701836436986914 9.8838953822851163 6.9812391400337219 82.516949869692326 11.311807841062544
leaf_count=32 7049 3138 5858 4157 1046 18236 2978 12792 4525 7545 3542 2818 191 39 2633 6450 1009 3243 498 21 25 2061 153 127 46 24 75 53 629 87
internal_value=-6.57127e-06 0.0208391 -0.0168981 0.0289133 0.0355317 -0.0120327 0.0460368 -0.0169876 -0.0338093 0.00540145 0.0190183 0.0254436 0.0342267 0.0545709 -0.00949949 0.024671 0.0169747 0.0125311 0.0099511 0.0367396 0.141997 0.0532654 0.0625041 0.0907351 0.112568 0.0770353 0.148619 0.105681 0.0548588 0.0662616
internal_weight=11449.1 5124.73 6324.4 3364.85 2016.25 4911.4 987.712 2634.91 1413 1759.88 1348.61 1028.53 414.33 573.381 1057.7 830.719 489.207 809.787 517.888 65.9826 8.43632 564.945 295.037 62.8727 46.189 23.2617 22.9273 13.0434 232.165 149.648
internal_count=91080 39987 51093 26061 15518 39519 7534 21283 11574 13926 10543 7984 3169 4365 8491 6482 3827 6381 4061 519 64 4301 2240 478 351 177 174 99 1762 1133
is_linear=0
shrinkage=0.05


Tree=11
num_leaves=31
num_cat=0
split_feature=128 119 128 128 21 119 128 51 116 23 20 116 116 88 100 25 21 30 130 110 116 62 116 62 17 1 18 179 39 66
split_gain=2013.11 331.566 330.899 102.079 69.1683 62.3492 54.0325 41.7617 38.6662 34.2002 33.1009 35.3464 31.6981 27.1089 36.1498 36.3938 40.9501 32.4834 31.8342 31.0387 32.7723 27.4034 24.9702 25.5492 25.7706 24.9367 24.667 29.2948 24.3325 24.2
threshold=2.5000000000000004 2.805000000000001 4.5000000000000009 1.5000000000000002 1.8750000000000002 1.8300000000000007 1.5000000000000002 0.66025641025641035 -0.038333333333332643 3.5000000000000004 1.6650000000000003 0.0016666666666664504 -0.0083333333333341485 2.0850000000000013 -0.03400000000000019 58.500000000000007 6.9450000000000012 11.650000000000002 8.3150000000000031 -0.051666666666666243 -0.014999999999999148 0.20814965140892938 0.028333333333333755 0.010118072618072601 5.4750000000000005 4.5000000000000009 3.9050000000000007 1.2835585585585589 12.250000000000002 0.28721076527542261
decision_type=8 2 8 10 10 2 10 2 8 2 8 8 8 10 8 2 8 2 2 8 10 2 8 2 8 10 10 2 2 2
left_child=1 5 8 13 -4 -1 22 9 -2 -5 26 -12 -6 18 15 16 -15 -17 21 -16 -21 29 23 -7 -25 -23 27 -11 -9 -3
right_child=2 3 4 7 12 6 -8 28 -10 10 11 -13 -14 14 19 17 -18 -19 -20 20 -22 25 -24 24 -26 -27 -28 -29 -30 -31
leaf_value=0.0070596985478557309 0.012978686079815383 0.069657892235163624 -0.041603991448373144 0.14644433339112425 -0.015555696664976845 0.13468916431159503 0.016325097518751469 0.084002519606579992 -0.0049121162270350542 0.079404308819312888 0.046749375053996421 0.017599344067210563 -0.027140296318588737 0.053476540150168499 0.20830751013328147 0.42326250994739356 0.20448004291327906 0.17114266975773357 0.22765794318784538 0.10692415011848905 0.0063398935455168896 0.019071133797293902 0.019397116924920133 0.055792432433573895 0.026101248165892755 0.11623161578765338 0.057683760015568165 0.25724515360075262 0.24575398619271846 0.17315457081349628
leaf_weight=499.03653686493635 355.68132364749908 495.22397646307945 634.70573966950178 7.2816187366843215 892.66674573719501 8.3051621466875059 409.99162399023771 6.5601132214069349 2001.1370760500431 6.3967357054352743 209.6538385078311 206.34790284186602 1744.3574468791485 10.588782586157327 3.7405242919921875 2.0257688239216796 7.7947917729616156 3.4591092318296432 3.1088442578911772 16.054741151630878 16.340500518679619 45.612050846219063 97.924937643110752 219.1603619530797 109.64400967210531 7.7218865230679503 48.849017396569252 3.629500538110733 3.6014769077301025 5.7132687121629706
leaf_count=5584 3963 5192 7431 74 10221 83 4544 70 22662 67 2247 2278 20180 110 39 21 81 36 32 167 170 482 1070 2366 1186 81 509 37 37 60
internal_value=-1.98356e-05 0.0377737 -0.016496 0.0580013 -0.0267854 0.0210731 0.0293489 0.0410194 -0.00221211 0.0389053 0.0372563 0.0322902 -0.0232188 0.0715432 0.103476 0.151227 0.117503 0.26426 0.0681056 0.0719347 0.0561884 0.0672107 0.0416229 0.0480792 0.0458915 0.0331384 0.0723461 0.143783 0.141331 0.0708383
internal_weight=8082.32 2453.77 5628.55 1109.7 3271.73 1344.06 845.026 492.32 2356.82 482.159 474.877 416.002 2637.02 617.384 60.0042 23.8685 18.3836 5.48488 557.38 36.1358 32.3952 554.271 435.034 337.11 328.804 53.3339 58.8753 10.0262 10.1616 500.937
internal_count=91080 26623 64457 11790 37832 14833 9249 5319 26625 5212 5138 4525 30401 6471 624 248 191 57 5847 376 337 5815 4705 3635 3552 563 613 104 107 5252
is_linear=0
shrinkage=0.05


Tree=12
num_leaves=31
num_cat=0
split_feature=34 16 123 34 98 92 90 170 56 37 20 128 28 34 24 55 115 3 41 27 40 100 71 31 60 67 90 55 18 28
split_gain=396.248 89.6941 76.4818 49.5727 41.3345 39.4278 31.399 41.1203 24.7502 25.6012 23.0001 24.9679 19.123 18.4367 18.0231 18.0207 17.2901 16.1293 16.0451 15.9045 15.2724 17.8589 15.9772 15.2642 15.2573 15.1929 14.8475 14.7299 14.6701 14.4504
threshold=17.300000000000001 5.9150000000000009 1.5000000000000002 26.800000000000001 0.055000000000000153 4.5000000000000009 -1.6349999999999998 6.2564672459893069 38.500000000000007 14.550000000000002 5.2950000000000008 1.5000000000000002 73.800000000000026 41.900000000000013 51.500000000000007 14.500000000000002 0.18999999999999997 20.150000000000002 26.500000000000004 25.500000000000004 7.2500000000000009 0.045999999999999756 0.15894736842105264 25.450000000000003 0.15874652266404843 0.10641277787710826 -0.85999999999999999 11.500000000000002 6.3750000000000009 7.0000000000000009
decision_type=2 8 8 2 10 2 10 2 2 2 10 8 2 2 2 2 8 10 2 2 2 10 2 2 2 2 10 2 10 2
left_child=1 6 20 10 12 -5 -1 15 9 -7 11 -4 -3 14 23 26 17 -9 -18 -16 -2 -22 -23 24 -10 -13 -8 29 -27 -11
right_child=2 4 3 5 -6 8 7 16 13 27 -12 25 -14 -15 19 -17 18 -19 -20 -21 21 22 -24 -25 -26 28 -28 -29 -30 -31
leaf_value=-0.023796062392691903 -0.008059410855465134 -0.012350152195936576 0.0014922849445082587 0.0080585074905889943 -0.0053355786867779276 0.027402706934377102 -0.0037555777259142076 -0.0037784838596684857 0.043186070180552635 0.099915436877316452 0.0032875458819630293 0.02786270862503451 -0.020558525122155495 0.10664277874181155 0.1113733312191541 -0.0038455468772982215 0.0056748605726964531 -0.013694004345171644 0.06751429792940937 0.042528463977920913 5.9772220302703268e-05 0.014474929614662674 0.073985720916539016 0.079823903518980721 -0.0057728954164378288 0.0095590391245617985 0.0089784898611536042 0.020167365978676698 0.021914481334955029 0.003950027228860252
leaf_weight=164.40252684056759 619.08398528397083 1471.3051718324423 535.1816330999136 840.96166956424713 1229.5162189602852 574.0720237493515 286.45173990726471 934.50683827698231 27.047302559018135 3.9727767109870902 1934.2688726335764 175.36267049610615 1370.4678534120321 10.459970623254774 12.601432412862776 610.51014451682568 52.35612428188324 730.9131600856781 13.117489844560621 25.0969457924366 821.29105558991432 58.401972323656082 13.977804422378538 10.308385908603666 38.655689612030983 1100.6325664520264 1139.4665536433458 339.37704594433308 307.3293379098177 311.43879516422749
leaf_count=967 3607 8709 3080 4792 7178 3205 1650 5402 150 22 11103 989 8129 58 69 3540 299 4287 75 139 4753 335 77 57 215 6254 6548 1894 1736 1761
internal_value=1.29522e-05 -0.00779309 0.00806395 0.0105067 -0.0129949 0.0165605 -0.00240668 -0.00147326 0.0218448 0.0196952 0.00722953 0.0108287 -0.0163087 0.0431188 0.0372753 0.00334269 -0.00713933 -0.00813017 0.0180643 0.0655412 -0.00202335 0.00215808 0.0259675 0.0232566 0.0143816 0.0139845 0.00642035 0.0129377 0.012256 0.00515876
internal_weight=15762.5 8003.01 7759.52 6246.77 4071.29 2193.99 3931.72 3767.32 1353.03 1228.86 4052.78 2118.51 2841.77 124.17 113.71 2036.43 1730.89 1665.42 65.4736 37.6984 1512.75 893.671 72.3798 76.0114 65.703 1583.32 1425.92 654.789 1407.96 315.412
internal_count=91080 46784 44296 35524 24016 12362 22768 21801 7570 6882 23162 12059 16838 688 630 11738 10063 9689 374 208 8772 5165 412 422 365 8979 8198 3677 7990 1783
is_linear=0
shrinkage=0.05


Tree=13
num_leaves=31
num_cat=0
split_feature=124 90 17 130 124 90 108 35 90 17 176 170 17 59 119 28 35 93 130 130 108 124 177 35 108 19 177 130 112 47
split_gain=875.799 243.936 207.459 99.9275 90.284 68.8452 47.5812 47.4766 43.6885 32.2258 31.3353 30.3862 25.8881 25.6205 24.1601 23.3481 22.3857 20.7997 20.487 20.3255 19.0545 18.2839 17.8965 17.0951 17.0832 16.8981 16.8327 17.5894 16.3855 17.2298
threshold=3.5000000000000004 -0.027500000000000246 4.6250000000000009 5.6250000000000009 2.5000000000000004 0.9533333333333337 0.038333333333332657 27.100000000000005 -0.16816666666666588 3.6950000000000007 16.560405405405408 25.001098901098903 3.5750000000000006 0.15607701012325287 1.6899999999999999 62.000000000000007 29.300000000000001 0.68301270189221941 5.995000000000001 6.3150000000000004 1.332267629550188e-15 1.5000000000000002 1.6666666666666667 13.150000000000002 -0.10999999999999983 6.8550000000000013 4.6911111111111126 5.1950000000000012 1.0000000180025095e-35 0.19248412138320398
decision_type=8 8 10 2 10 10 8 2 10 10 2 2 8 2 2 2 2 2 2 2 8 10 2 2 10 8 2 2 10 2
left_child=1 7 3 12 5 11 8 15 -4 22 23 21 -2 -10 -13 -1 17 26 -18 -11 -7 24 -5 -6 -3 28 27 -15 -12 -30
right_child=2 4 6 9 10 20 -8 -9 13 19 25 14 -14 16 -16 -17 18 -19 -20 -21 -22 -23 -24 -25 -26 -27 -28 -29 29 -31
leaf_value=-0.0055931722974435468 -0.018630756895164181 -0.029125717597414832 -0.011352084403345078 -0.033194764256983061 -0.006071204329388351 0.036720410584354393 -0.01438091791131034 0.0068658545420405576 -0.0052414913180617445 -0.014116956826208628 0.010382734579063376 0.012930379449777821 -0.00082319516900335198 0.068892914213755166 0.031061378238608918 0.0081391032057574059 0.038762096095969305 0.010499698519022349 0.0094051288572619077 -0.022571822312099917 0.02381313097322571 0.0077683428847263175 -0.010448190227684853 0.0070543142485597499 0.018567754345367428 -0.0054963172173386615 0.007627815657025261 -0.0073857025804606501 0.015175079329720263 0.035563999248600209
leaf_weight=2138.3650276064873 265.94230024516582 19.135684967041016 804.58084841072559 733.23734103143215 310.5837359726429 664.4752913415432 800.61647495627403 1908.9618663936853 917.96954511106014 1137.6429137736559 318.52882254123688 282.45027150213718 877.60103970766068 7.6364498585462561 525.72473958134651 361.92092171311378 65.825720727443695 429.5557913929224 611.50948657095432 1894.6844703108072 501.92023965716362 861.08666276931763 98.033504754304886 1232.5486799329519 997.53231182694435 78.514728784561157 289.23323501646519 732.10665647685528 205.34327101707458 209.16183213889599
leaf_count=9660 1211 86 3672 3438 1392 2839 3646 8503 4128 5200 1401 1239 3956 34 2282 1609 294 1930 2747 8770 2176 3808 448 5482 4378 346 1298 3290 901 916
internal_value=6.47795e-06 0.00992059 -0.0108821 -0.0179479 0.0163086 0.0210231 -0.00328835 0.000928077 -0.000986656 -0.0217907 0.00859546 0.0166184 -0.00496452 0.00174428 0.0247247 -0.0036054 0.00474667 0.00125839 0.0122581 -0.0193998 0.0311662 0.0131294 -0.0305122 0.00441256 0.0176701 0.0165491 -0.00259948 -0.00659827 0.0189104 0.0254635
internal_weight=20282.4 10616.3 9666.18 5007.14 6207.01 3852.33 4659.03 4409.25 3858.42 3863.6 2354.68 2685.93 1143.54 3053.84 808.175 2500.29 2135.87 1458.53 677.335 3032.33 1166.4 1877.75 831.271 1543.13 1016.67 811.549 1028.98 739.743 733.034 414.505
internal_count=91080 47018 44062 23023 27246 16808 21039 19772 17393 17856 10438 11793 5167 13721 3521 11269 9593 6552 3041 13970 5015 8272 3886 6874 4464 3564 4622 3324 3218 1817
is_linear=0
shrinkage=0.05


Tree=14
num_leaves=31
num_cat=0
split_feature=125 88 18 130 125 18 18 110 138 110 110 110 90 110 88 123 48 137 18 30 18 36 130 88 60 98 54 40 86 147
split_gain=828.63 163.252 127.116 69.2638 54.7283 46.4126 38.313 37.6549 33.7418 33.2308 31.6207 29.5913 26.6644 21.1958 20.6582 20.3355 21.4427 20.1852 20.1693 19.6768 19.372 18.813 18.0892 17.7452 17.598 17.5241 17.424 17.403 17.1406 16.9669
threshold=3.5000000000000004 1.1950000000000001 4.8450000000000006 5.7550000000000008 2.5000000000000004 3.6850000000000005 6.1250000000000009 0.028333333333334602 0.20000000000000004 0.0016666666666673503 0.0033333333333342503 -0.013333333333333147 0.51666666666666716 0.073333333333331877 1.4700000000000006 3.5000000000000004 0.46201923076923085 0.33333333333333343 3.8750000000000004 27.700000000000006 4.9750000000000005 34.70000000000001 5.1150000000000011 0.95499999999999974 0.17046635796635798 0.095000000000000168 64.500000000000014 22.450000000000003 3.5000000000000004 2.5000000000000004
decision_type=8 10 10 2 10 10 10 8 2 8 8 8 10 8 10 10 2 2 10 2 10 2 2 10 2 8 2 2 2 2
left_child=1 4 3 9 8 -5 11 -7 21 19 15 -3 -6 -10 26 16 25 -8 -11 -2 -16 -1 -20 -12 -19 -4 -13 -18 -22 -23
right_child=2 6 10 5 12 7 17 -9 13 18 23 14 -14 -15 20 -17 27 24 22 -21 28 29 -24 -25 -26 -27 -28 -29 -30 -31
leaf_value=0.005007533114701041 -0.00033673711214914017 0.025498032825730706 0.0058719712962653154 -0.030224187213095589 -0.0032750970293212132 -0.012894430051432329 0.016857028371485658 -0.024372454353227276 0.017378285985277471 -0.024184704068969387 -0.01105054367039303 -0.0048451650294135708 0.0086893845395049612 -0.012207074886293797 0.0022966485724473982 -0.0074450016827307041 0.022799903662480969 0.012138374949508882 0.0079611996509497008 0.033196658056097547 0.022796465414093837 0.010132607907393962 -0.013405380587458271 0.00059742115026040102 0.035815913130845312 -0.011354424036844933 0.091257120429839356 0.09873739817933179 -0.0052567921848585362 0.030695759593354188
leaf_weight=2737.2414485365152 623.49449081718922 548.55723576247692 1008.7530080080032 739.43148736655712 1676.4314846694469 2344.8027160465717 264.39637716114521 1027.7222120761871 1313.6411221474409 271.63834746181965 1294.0532781332731 210.12428432703018 644.78278172016144 63.463944584131241 221.79726435244083 464.01486191153526 50.497150257229805 89.25775508582592 140.38549315929413 47.046998009085655 500.94366793334484 403.82114468514919 336.48960582911968 437.53722186386585 649.58874677121639 172.94561746716499 4.8247941881418219 8.870171904563902 61.090270221233368 133.47003561258316
leaf_count=13383 3075 2607 4949 3797 8241 11776 1258 5232 6347 1380 6488 1011 3143 312 1068 2310 245 423 698 223 2396 1953 1674 2157 3072 858 23 43 295 643
internal_value=7.37785e-06 0.0102784 -0.0109001 -0.0155925 0.00631907 -0.0188795 0.0211024 -0.0163922 0.00944822 -0.00606797 -0.00334812 0.016168 4.83754e-05 0.0160148 0.0110437 0.00148511 0.00482393 0.0287129 -0.0133099 0.00201606 0.0148093 0.00668662 -0.00711535 -0.00810734 0.0329555 0.00335083 -0.00268803 0.0341459 0.0197472 0.0152408
internal_weight=18491.1 9523.43 8967.68 5531.01 6972.85 4111.96 2550.58 3372.52 4651.64 1419.05 3436.67 1547.34 2321.21 1377.11 998.78 1705.08 1241.07 1003.24 748.513 670.541 783.831 3274.53 476.875 1731.59 738.847 1181.7 214.949 59.3673 562.034 537.291
internal_count=91080 46175 44905 27855 34022 20805 12153 17008 22638 7050 17050 7400 11384 6659 4793 8405 6095 4753 3752 3298 3759 15979 2372 8645 3495 5807 1034 288 2691 2596
is_linear=0
shrinkage=0.05


Tree=15
num_leaves=31
num_cat=0
split_feature=126 126 19 142 85 90 126 112 119 88 112 142 126 85 120 90 112 37 179 62 21 90 16 17 176 17 56 61 175 117
split_gain=1262.44 170.637 145.553 70.4207 58.7915 36.4494 35.6495 34.8557 33.8883 24.6213 24.3798 23.9147 23.0866 22.5474 21.8715 21.0522 20.9296 18.7953 16.4457 18.4093 20.1696 16.9231 16.7879 18.2041 16.1972 15.8527 15.7733 18.4258 18.1643 15.5376
threshold=3.5000000000000004 2.5000000000000004 3.7950000000000004 2.5000000000000004 2.5000000000000004 0.4033333333333336 5.5000000000000009 0.015000000000000053 2.5349999999999997 0.84000000000000019 0.021666666666667753 1.5000000000000002 1.5000000000000002 1.5000000000000002 0.20016286644951145 1.1416666666666673 0.023999999999999553 31.700000000000006 4.7719211822660101 0.21816426816426812 1.405 0.49833333333333335 5.9350000000000014 5.1150000000000011 12.966939890710384 4.6250000000000009 43.500000000000007 0.23591653746914654 0.38162944582299424 5.7550000000000008
decision_type=8 10 10 2 2 10 8 8 2 10 8 2 10 2 2 10 8 2 2 2 8 8 10 10 2 10 2 2 2 2
left_child=1 3 6 5 7 26 -2 14 -5 -10 29 -3 17 -8 -4 -14 18 -7 21 20 -20 -13 -21 -24 -19 -15 -1 -28 -29 -6
right_child=2 11 4 8 10 12 13 -9 9 -11 -12 16 15 25 -16 -17 -18 24 19 22 -22 -23 23 -25 -26 -27 27 28 -30 -31
leaf_value=0.019764916292704049 -0.017051458313662522 0.015181020672968743 0.00099905807503361923 0.0082285777348096219 0.061646827324442037 0.035584478577047239 -0.040833439408792478 -0.018784566908397513 0.014644963424106011 0.028623712219800385 -0.010901572195369864 -0.0029583646363893594 0.015520299716923387 -0.014465642614985785 -0.011875358977041122 0.035860584854804749 -0.0052893674047907796 0.043788436989869596 0.1044700476526545 0.0027910786374117096 0.0075292104006125342 0.0091987819734081263 0.14718309777181671 0.047212699587013955 0.079821797665365277 -0.032074847509905642 0.032776188303596153 0.15899593359580752 0.033369237906095132 0.0012875405381850271
leaf_weight=1274.8309491276741 523.13670858740807 409.4384787529707 393.70619751513004 1183.1789379715919 10.77264867722988 334.61022925376892 492.87487398087978 1934.1488358676434 851.33255042135715 500.01510459184647 575.33809752762318 607.40815255045891 236.11690904200077 190.45154914259911 2035.0586355179548 275.80294734239578 673.91774874925613 79.410526737570763 5.502421796321868 18.027226284146309 215.87949699163437 541.41260306537151 5.3254081010818473 31.425142556428909 51.355405747890472 388.58329547941685 71.970798507332802 6.2065485715866071 5.3642051815986633 1037.4734636992216
leaf_count=7485 3287 2451 2427 7097 66 1916 3182 12133 5054 2893 3550 3681 1381 1204 12609 1581 4084 454 33 109 1305 3274 32 191 294 2471 414 36 31 6355
internal_value=-9.49417e-07 0.0147223 -0.0143299 0.0201791 -0.0107539 0.0264422 -0.0277514 -0.0137765 0.0144074 0.0198173 -0.00263134 0.00412725 0.0338061 -0.0329734 -0.0097884 0.0264789 0.00197096 0.0418661 0.00540459 0.0163602 0.00993866 0.00277102 0.0423126 0.0616991 0.0579397 -0.026283 0.0211442 0.0421915 0.100755 0.00190784
internal_weight=14960.1 7378.53 7581.54 4870.2 5986.5 2335.67 1595.05 4362.91 2534.53 1351.35 1623.58 2508.34 977.296 1071.91 2428.76 511.92 2098.9 465.376 1424.98 276.16 221.382 1148.82 54.7778 36.7506 130.766 579.035 1358.37 83.5416 11.5708 1048.25
internal_count=91080 43796 47284 28636 37140 13592 10144 27169 15044 7947 9971 15160 5626 6857 15036 2962 12709 2664 8625 1670 1338 6955 332 223 748 3675 7966 481 67 6421
is_linear=0
shrinkage=0.05


Tree=16
num_leaves=31
num_cat=0
split_feature=127 127 20 119 86 20 114 136 180 59 110 114 11 177 114 66 127 1 105 9 63 89 99 21 40 29 96 130 31 19
split_gain=1457.9 221.313 201.725 75.4195 77.1925 72.8098 46.0363 43.7448 29.3455 27.1035 25.5195 33.7646 24.9688 24.6482 23.0653 22.118 20.9644 20.2627 20.1492 19.3232 22.0426 24.7036 21.7077 20.0634 20.4516 19.1822 18.3694 17.8006 17.7896 17.2499
threshold=3.5000000000000004 2.5000000000000004 2.6750000000000003 2.1050000000000009 3.5000000000000004 4.7950000000000008 0.0033333333333315503 2.7500000000000004 2.6008849557522127 0.14411122527613662 0.016666666666666153 0.040833333333333457 6.5150000000000006 1.9013513513513518 -0.021666666666665144 0.10011933174224343 5.5000000000000009 2.5000000000000004 3.5000000000000004 6.9650000000000007 0.10485837922895357 4.6158333333333355 -0.10499999999999902 4.2950000000000008 18.050000000000001 5.5000000000000009 6.6650000000000009 6.4150000000000009 21.550000000000001 1.7750000000000001
decision_type=8 10 10 2 2 10 8 2 2 2 8 8 10 2 8 2 10 10 8 10 2 2 10 8 2 2 2 2 2 8
left_child=1 3 -2 12 9 6 16 13 14 15 -9 28 -1 19 -3 17 -4 -5 -7 20 22 -22 -6 24 -21 -10 -15 -28 -12 -29
right_child=2 8 5 4 7 18 -8 10 25 -11 11 -13 -14 26 -16 -17 -18 -19 -20 23 21 -23 -24 -25 -26 -27 27 29 -30 -31
leaf_value=0.1477901708041047 -0.039324621189859105 0.013275959590823975 -0.0052918486953904241 0.080752056565220789 0.17372988069588946 -0.00071989382089636563 -0.022771913274778118 0.018506094223883555 0.042634821891587592 0.016110324993195438 0.042150289774901505 -0.01515564894536698 0.015038432628409143 0.16239728549514315 -0.0027466000511486757 0.027011148291974169 -0.018365504107436165 0.029870214710976718 -0.010214157856043418 0.040887491707137652 0.12957030007106582 0.063851509704300147 0.041273512931882729 0.0032400449031686068 0.15674717512884548 0.011779219418551767 0.010384257799689087 0.10524245852154762 0.082865190895162255 0.038364405672713341
leaf_weight=3.5543850511312476 827.78400908410549 292.9607155174017 775.98580246418715 39.666707292199135 3.1568464934825888 1009.1543883532286 1858.5759356692433 266.44020135700703 56.622608989477158 669.81714136898518 112.81978300213814 21.549443997442722 1022.144346319139 2.8530515283346167 962.77483247220516 485.00533340871334 506.97656651586294 38.613144844770432 1252.2756550684571 21.379244714975361 15.18600909411907 244.96095785498619 153.42215338349342 34.133781880140305 4.6346439421176902 456.12304443866014 58.40587529540062 10.117054387927054 35.198982626199722 205.27163965255022
leaf_count=23 7049 2272 6273 295 23 8133 15373 2003 442 5142 840 164 7883 21 7643 3646 4162 287 10103 156 108 1785 1115 248 33 3569 434 74 262 1519
internal_value=-1.28352e-05 0.0194876 -0.01634 0.0268627 0.0316741 -0.0128185 -0.0177431 0.0407613 0.00510712 0.0229081 0.0281562 0.0433192 0.0154985 0.0480549 0.000991433 0.0309916 -0.010458 0.0556535 -0.00597738 0.0549426 0.0587664 0.0676878 0.043944 0.0284501 0.0615291 0.0151866 0.0361821 0.0348669 0.0518323 0.0415057
internal_weight=11447.6 5216.81 6230.75 3448.33 2422.63 5402.97 3141.54 1189.53 1768.48 1233.1 436.008 169.568 1025.7 753.521 1255.74 563.285 1282.96 78.2799 2261.43 476.874 416.726 260.147 156.579 60.1477 26.0139 512.746 276.648 273.795 148.019 215.389
internal_count=91080 39987 51093 26061 18155 44044 25808 8785 13926 9370 3269 1266 7906 5516 9915 4228 10435 582 18236 3468 3031 1893 1138 437 189 4011 2048 2027 1102 1593
is_linear=0
shrinkage=0.05


Tree=17
num_leaves=31
num_cat=0
split_feature=128 128 119 21 21 119 89 128 21 64 116 20 34 116 116 65 63 169 130 11 59 110 55 19 64 79 172 48 26 182
split_gain=1794.17 314.484 270.12 85.0753 68.9549 53.7426 49.7648 45.699 45.622 40.0693 35.2765 33.5314 33.0238 30.8336 29.2977 34.7761 31.4235 25.7212 25.632 25.5935 29.0608 33.0009 36.4206 29.0616 24.3371 34.8747 22.9898 22.7094 22.4493 41.756
threshold=2.5000000000000004 4.5000000000000009 2.805000000000001 6.0650000000000004 1.8750000000000002 1.8300000000000007 4.9225000000000021 1.5000000000000002 6.9450000000000012 1.0000000180025095e-35 -0.038333333333332643 2.0950000000000002 17.750000000000004 -0.0083333333333341485 -0.038333333333332643 0.16413757637161894 0.25972087613878664 0.11114066193853427 6.1750000000000007 6.5950000000000006 0.18539879883872973 0.021666666666666053 25.500000000000004 4.5650000000000004 0.14608156680723397 1.5000000000000002 7.033333333333335 0.34630526953361601 66.500000000000014 9118.9381652560096
decision_type=8 8 2 10 10 2 2 10 10 2 8 8 2 8 8 2 2 2 2 10 2 10 2 10 2 2 2 2 2 2
left_child=2 10 5 11 -3 -1 9 26 14 -5 -2 -4 17 -6 15 -8 -17 18 -11 -10 21 -21 24 -24 25 -23 27 -7 -22 -30
right_child=1 4 3 6 13 7 8 -9 19 12 -12 -13 -14 -15 -16 16 -18 -19 -20 20 28 22 23 -25 -26 -27 -28 -29 29 -31
leaf_value=0.0066784167810243038 0.012298685546307923 -0.041315152480905129 0.058152703204177508 0.22996354823849008 -0.015032707280480884 0.039456531984598489 0.10935449868011429 0.015281022672937261 0.21403691054266863 0.1838205473995258 -0.0047169050189731013 0.023184059743863585 0.059419731118479008 -0.026566339607621482 0.033686006405174169 0.026349784512999665 0.19019925283119041 0.10988439077175666 0.044655442493830494 0.064413242217931752 0.033433083449994606 0.097712283152131582 0.055602895226371157 0.25553932596877316 0.072040971077326293 0.30532048220674013 -0.00090266064420065041 0.10832401199088718 0.30149186554824725 0.026598261899506856
leaf_weight=502.40626697987318 359.5728032886982 611.0923038944602 92.214436709880829 4.3492057472467414 879.08151710778475 404.64975839108229 31.239483818411827 416.55607863515615 3.0760869458317748 3.6978502124547949 1992.4184915572405 267.18632183969021 130.95490226149559 1700.2211190387607 264.25684201717377 37.398222215473652 3.1746003553271285 88.20236960798502 31.443999521434307 95.068969778716564 63.081603221595287 6.2611944004893285 2.4599476680159551 6.9593469277024269 30.066891729831696 2.9882832020521164 34.631010323762894 12.335575915873049 2.302849404513835 3.4525348842144012
leaf_count=5584 3963 7431 914 43 10221 4215 312 4544 30 36 22662 2785 1292 20180 2702 377 31 863 309 927 638 61 24 66 293 29 362 128 23 35
internal_value=-3.84567e-05 -0.0159871 0.0347565 0.0524041 -0.0262134 0.0196937 0.0613833 0.0272255 0.0529005 0.0794802 -0.00211556 0.0321563 0.0769065 -0.0226354 0.0413819 0.0697014 0.0391701 0.0954723 0.0592993 0.0708455 0.0687741 0.0815627 0.115016 0.203324 0.0938598 0.164785 0.0382428 0.0414938 0.0420578 0.136589
internal_weight=8082.8 5542.39 2540.41 1169.84 3190.39 1370.58 810.435 868.172 551.787 258.648 2351.99 359.401 254.299 2579.3 336.069 71.8123 40.5728 123.344 35.1418 215.718 212.642 143.805 48.7357 9.41929 39.3164 9.24948 451.616 416.985 68.837 5.75538
internal_count=91080 64457 26623 11790 37832 14833 8091 9249 5548 2543 26625 3699 2500 30401 3422 720 408 1208 345 2126 2096 1400 473 90 383 90 4705 4343 696 58
is_linear=0
shrinkage=0.05


Tree=18
num_leaves=31
num_cat=0
split_feature=34 16 123 34 98 94 92 79 21 58 125 78 123 99 90 176 3 168 36 80 116 38 111 88 100 41 3 34 113 27
split_gain=361.72 82.1254 68.9119 44.0743 38.7911 36.1512 31.3162 25.8548 21.8808 18.8621 18.3046 17.5963 17.4855 16.8654 16.8265 16.9019 16.6427 16.224 16.4867 21.0814 16.1392 16.0795 15.2365 15.0289 19.2087 23.7199 17.3783 21.0036 16.566 18.2317
threshold=17.300000000000001 5.9650000000000007 1.5000000000000002 26.800000000000001 0.055000000000000153 -0.5 4.5000000000000009 2.5000000000000004 4.0250000000000012 0.24023185196369554 1.5000000000000002 1.0000000180025095e-35 1.5000000000000002 -0.08333333333333344 -1.0266666666666664 6.4505813953488387 21.950000000000003 0.15152483918468571 31.700000000000006 8.5000000000000018 0.11166666666666676 31.900000000000002 0.14499999999999999 1.5700000000000005 0.045999999999999756 15.200000000000001 19.850000000000005 20.650000000000002 0.015000000000000053 51.500000000000007
decision_type=2 8 8 2 10 2 2 2 10 2 8 2 10 10 10 2 10 2 2 2 8 2 10 8 10 2 8 2 8 2
left_child=1 6 23 8 12 7 13 -5 9 -4 17 14 -3 -1 -8 -16 -7 18 19 22 -13 -18 -10 24 26 -26 -2 -28 29 -27
right_child=2 4 3 5 -6 16 11 -9 10 -11 -12 20 -14 -15 15 -17 21 -19 -20 -21 -22 -23 -24 -25 25 28 27 -29 -30 -31
leaf_value=-0.017035390835393748 -0.0069698617788930802 -0.019606824269830493 0.012349385254338681 0.017226509907785167 -0.005072877053951666 0.0081845586705276783 -0.018841859173919916 0.036028508163501616 0.016270937502453141 0.046777661964908519 0.0031293256307127395 -0.0091118955249339991 -0.011587066611645828 0.0042842928197750129 0.010832442907367368 -0.0090783076605603676 0.018740527416091932 -0.00095720665658252993 0.0014867893314237006 0.07501166510957423 0.024808604069631406 0.071758539726998194 0.051486281952105153 -0.008214158174262921 -0.0097093809688520195 0.14344807081478753 -0.009302618025727313 0.015126493734188166 0.031224688192091718 0.0061144482887958524
leaf_weight=98.881520599126816 444.56891632080078 1473.864297285676 801.0348269790411 483.82618397474289 1183.2897684127092 1138.2210451811552 87.436140730977058 293.91260102391243 304.39935505390167 41.862220391631126 2582.6495487987995 1808.1937949508429 1261.3192115277052 1499.1520096510649 357.71656596660614 151.82339899241924 287.56208880245686 165.67877461016178 124.08753155171871 18.236761406064034 35.760505095124245 15.049409806728361 34.16313199698925 582.49254265427589 29.277870610356331 7.724764943122862 129.11554495990276 276.21978098154068 37.217002481222153 3.5168797373771667
leaf_count=575 2590 8891 4522 2684 6944 6429 513 1579 1708 231 14772 10571 7522 8608 2062 894 1587 940 697 101 204 83 191 3378 167 44 754 1607 212 20
internal_value=2.10194e-05 -0.0074794 0.00767203 0.00997456 -0.0126364 0.0156446 -0.00247623 0.0243319 0.0068854 0.0140593 0.00501287 -0.00603857 -0.0159085 0.00296509 0.00142248 0.0048998 0.0109554 0.0125365 0.0171855 0.0226451 -0.00845406 0.0213772 0.0198244 -0.00191951 0.00203308 0.0258235 -0.00014291 0.00734484 0.0472918 0.100484
internal_weight=15758.3 7957.44 7800.82 6290.68 3918.47 2218.57 4038.96 777.739 4072.11 842.897 3229.22 2440.93 2735.18 1598.03 596.976 509.54 1440.83 646.566 480.887 356.799 1843.95 302.611 338.562 1510.13 927.641 77.7365 849.904 405.335 48.4586 11.2416
internal_count=91080 46784 44296 35524 23357 12362 23427 4263 23162 4753 18409 14244 16413 9183 3469 2956 8099 3637 2697 2000 10775 1670 1899 8772 5394 443 4951 2361 276 64
is_linear=0
shrinkage=0.05


Tree=19
num_leaves=31
num_cat=0
split_feature=124 90 17 130 124 90 35 108 17 140 28 123 65 171 176 35 107 90 28 130 67 164 35 18 24 90 177 35 89 114
split_gain=786.439 215.345 193.278 88.8853 79.4569 59.0828 43.304 40.6931 39.8191 29.2752 28.4051 25.8241 25.7024 25.3178 25.2022 23.9589 22.3034 21.6762 21.2569 19.827 19.4871 28.4029 18.4052 21.2256 20.4231 20.2466 18.0519 20.8222 19.5387 19.4403
threshold=3.5000000000000004 -0.027500000000000246 4.785000000000001 5.6250000000000009 2.5000000000000004 0.9533333333333337 27.100000000000005 0.0050000000000002508 3.6950000000000007 2.5000000000000004 41.050000000000004 1.5000000000000002 0.096468964288894815 4.4140882509303569 12.632456140350877 26.000000000000004 0.084999999999999923 -0.15833333333333272 62.000000000000007 6.1350000000000007 0.19665969316596929 0.33349617326168385 31.300000000000001 5.8850000000000007 57.500000000000007 1.9858333333333336 5.576696832579187 28.800000000000004 5.3108333333333357 -0.021666666666666896
decision_type=8 8 10 2 10 10 2 8 10 2 2 10 2 2 2 2 8 10 2 2 2 2 2 8 2 10 2 2 2 10
left_child=1 6 3 12 5 10 18 17 -5 14 -3 -9 -2 19 -6 -12 -16 -4 -1 -10 -13 -22 23 -7 25 -24 27 28 -19 -29
right_child=2 4 7 8 9 22 -8 11 13 -11 15 20 -14 -15 16 -17 -18 26 -20 -21 21 -23 24 -25 -26 -27 -28 29 -30 -31
leaf_value=-0.0053670600269042782 -0.019684360532581519 0.0066346585657115712 -0.0070641016229235623 -0.029572176439112165 0.0060590098704481985 0.027429235563385019 0.0065328842498256282 0.0016811711952487913 -0.011895952728302168 0.00085648519322666637 0.012802344732651089 -0.015544391219150392 -0.00094560132573789251 -0.0018768319241324874 0.024467072570235809 0.023637548199127029 0.0046529342140583007 0.010114952506717796 0.0077126844660710611 -0.020701069819367559 -0.014468244027670961 0.016219691254301439 0.027611669484267212 3.18678015560046e-05 0.060949526473057708 0.070706845486487688 0.014777483515824056 -0.010706417641412933 -0.006253604884898541 0.015891084562561136
leaf_weight=2131.9493133276701 223.91706743836403 664.99860316514969 462.9953844845295 814.63855569064617 767.82591572403908 742.38020700216293 1916.0059739500284 511.83429202437401 856.57951064407825 881.78904540836811 965.34746392071247 878.23920002579689 1001.2232886403799 246.73945315182209 523.26519697904587 1082.0697018355131 194.93182669579983 249.10206420719624 363.60648366808891 2520.8201736807823 170.35545381903648 135.26998394727707 258.61504289507866 78.134417593479156 78.237065926194191 30.464765965938568 377.99169157445431 83.808515459299088 679.9569933116436 381.11318336427212
leaf_count=9660 1036 2911 2127 3886 3399 3138 8503 2300 3937 3905 4199 4031 4513 1140 2277 4683 857 1117 1609 11762 783 620 1088 332 329 128 1686 374 3051 1699
internal_value=8.45651e-06 0.00934241 -0.0103811 -0.0162929 0.0152989 0.0196852 0.000879309 -0.00186236 -0.0195836 0.00807382 0.0156127 -0.00770297 -0.00437046 -0.0173383 0.0123565 0.0185288 0.0190892 0.00256899 -0.00346132 -0.0184679 -0.0117601 -0.000885747 0.0289846 0.0248203 0.0382868 0.0321533 0.005086 0.00245806 -0.00186482 0.0110965
internal_weight=20274.2 10679.6 9594.58 5663.92 6268.06 3900.25 4411.56 3930.67 4438.78 2367.81 2712.42 1695.7 1225.14 3624.14 1486.02 2047.42 718.197 2234.97 2495.56 3377.4 1183.86 305.625 1187.83 820.515 367.317 289.08 1771.97 1393.98 929.059 464.922
internal_count=91080 47018 44062 26274 27246 16808 19772 17788 20725 10438 11793 7734 5549 16839 6533 8882 3134 10054 11269 15699 5434 1403 5015 3470 1545 1216 7927 6241 4168 2073
is_linear=0
shrinkage=0.05


Tree=20
num_leaves=31
num_cat=0
split_feature=125 90 18 103 88 125 18 18 130 125 123 141 36 36 110 18 59 18 47 121 107 9 98 130 98 88 23 63 119 110
split_gain=746.435 144.227 120.643 63.1918 52.0071 45.4432 42.9942 42.5985 41.1228 34.5592 30.5026 27.0136 25.168 24.1661 23.3791 21.8697 25.654 19.5733 19.2721 18.6709 18.39 18.3841 18.145 17.3256 16.9535 16.8943 16.7183 16.3533 20.527 16.0316
threshold=3.5000000000000004 0.16166666666666638 4.2550000000000008 3.5000000000000004 1.4950000000000001 1.5000000000000002 2.8350000000000004 5.3050000000000006 5.3050000000000006 2.5000000000000004 3.5000000000000004 3.5000000000000004 27.150000000000002 31.700000000000006 0.0033333333333342503 5.1750000000000007 0.16506015701212431 4.7650000000000006 0.18441295546558703 0.12097769812823571 0.18999999999999997 6.6650000000000009 0.095000000000000168 7.1250000000000009 0.074999999999999664 1.1799999999999999 25.500000000000004 0.25499003984063751 2.555000000000001 0.083333333333332552
decision_type=8 10 10 8 8 10 10 10 2 10 8 2 2 2 8 10 2 10 2 2 8 8 8 2 8 10 2 2 2 8
left_child=1 7 6 10 5 -3 -2 -1 -8 24 15 23 21 -9 -10 16 -4 -11 -19 20 -17 -7 26 25 -6 -5 -21 -27 -29 -23
right_child=2 4 3 11 9 12 8 13 14 17 -12 -13 -14 -15 -16 19 -18 18 -20 22 -22 29 -24 -25 -26 27 -28 28 -30 -31
leaf_value=-0.0067919259011917157 -0.03699700198216934 0.020248681522562512 0.0059806667089686502 -0.0082589296623276371 0.031294868003493272 0.026300556475678822 -0.0029398514822317392 0.0033601492098671673 -0.013889732294247335 -0.00057849162874615073 -0.0092715154930633672 -0.01742852916252054 0.01508211056990892 0.012707882278384933 -0.024081394102918614 0.017350639755029575 -0.0086230824911462979 0.02266147380599394 0.00013135524789847504 -0.0072545671488440863 0.11312670968928616 0.0030317532201042173 -0.017071140310828986 -0.01669912299161775 0.015540157638930392 0.0019014936589591587 0.012819164203312902 0.11383195338803448 -0.0019182258302322284 -0.027441885013786829
leaf_weight=847.33062045276165 286.32770794630051 1026.542072057724 542.1013695448637 1079.2364955544472 848.88231495022774 82.646801501512527 456.62239544093609 2870.6353346407413 1043.0515410751104 172.06040509045124 801.36081255972385 1133.7167041748762 702.16277061402798 910.77262341976166 1221.8692207485437 265.62969477474689 675.37819364666939 509.31201599538326 116.65677404403687 145.57428696751595 5.1083556711673728 1243.1134061813354 92.170666798949242 411.66653430461884 213.75510831177235 360.18738405406475 360.79098996520042 7.4890787750482541 7.839795246720314 44.710986435413361
leaf_count=4190 1484 4904 2695 5466 3928 399 2281 13990 5305 823 4036 5748 3367 4374 6298 1302 3381 2419 555 712 25 6012 460 2079 994 1793 1764 37 39 220
internal_value=1.08206e-05 0.00968876 -0.0104204 -0.00625887 0.0156127 0.0116456 -0.0185672 0.00334103 -0.0166282 0.0222205 -0.000979637 -0.011341 0.00738462 0.0056116 -0.0193879 0.00220463 -0.00212054 0.0143573 0.0184627 0.00826234 0.0191578 0.0034408 0.00333397 -0.00764322 0.0281257 -0.00508058 0.00704819 0.00405402 0.0546327 0.00197376
internal_weight=18484.7 9588.58 8896.12 5888.25 4959.84 3099.18 3007.87 4628.74 2721.54 1860.67 2888.11 3000.14 2072.63 3781.41 2264.92 2086.75 1217.48 798.029 625.969 869.274 270.738 1370.47 598.536 1866.42 1062.64 1454.75 506.365 375.516 15.3289 1287.82
internal_count=91080 46175 44905 29537 23621 14902 15368 22554 13884 8719 14375 15162 9998 18364 11603 10339 6076 3797 2974 4263 1327 6631 2936 9414 4922 7335 2476 1869 76 6232
is_linear=0
shrinkage=0.05


Tree=21
num_leaves=31
num_cat=0
split_feature=126 126 19 142 19 112 19 123 89 119 89 9 85 37 112 79 61 17 20 79 26 176 111 118 37 29 158 85 70 119
split_gain=1141.43 149.691 138.658 61.0972 56.3534 41.5868 35.3568 30.9574 30.8081 29.7497 24.0448 22.3019 22.2101 22.1062 25.1658 20.016 18.3689 17.4925 17.1538 20.834 19.8817 18.4334 17.9103 16.9229 17.2114 16.8367 16.1672 15.8121 17.4243 16.0095
threshold=3.5000000000000004 2.5000000000000004 3.7950000000000004 2.5000000000000004 5.0550000000000006 0.0083333333333323514 2.2350000000000008 2.5000000000000004 5.1641666666666683 2.5349999999999997 4.8173333333333348 6.7150000000000007 2.5000000000000004 18.900000000000002 -0.028333333333333748 5.5000000000000009 0.17809688988182729 4.8250000000000011 5.5550000000000006 3.5000000000000004 4.5000000000000009 31.507575757575761 0.084999999999999923 4.3050000000000006 34.550000000000004 15.700000000000001 4.9781746031746037 3.5000000000000004 0.57793522267206487 3.1350000000000011
decision_type=8 10 10 2 10 8 10 10 2 2 2 8 2 2 8 2 2 10 10 2 2 2 10 2 2 2 2 2 2 2
left_child=1 3 6 7 5 8 -2 16 -4 -5 -8 17 -3 -6 -15 -9 -1 -11 20 21 -18 -20 -23 24 -14 -26 -27 -13 -29 -30
right_child=2 12 4 9 13 -7 10 15 -10 11 -12 27 23 14 -16 -17 18 -19 19 -21 -22 22 -24 -25 25 26 -28 28 29 -31
leaf_value=0.019205300475359233 -0.040041943740200446 -0.0012665592723322371 -0.0026456811586941186 0.0077528861094282604 -0.0090329084247088298 -0.019074008405959578 -0.016547092536913555 0.018119534546437849 -0.015742678226668017 0.048122565888784302 -0.031062771103559584 0.010635317431849244 0.011585556867191329 0.016119833108319419 -0.0027117252704882701 0.035235555172678311 -0.013985576122732017 0.019398327390649322 0.0007544470291355708 0.052020879093955232 0.042324546746563968 0.098079976792271928 -0.0097476709055213228 0.0024616402295019081 0.075532848057457525 -0.0070507233829035431 0.11242058631127039 0.015921203787020579 0.01751494742811574 0.048677207443159898
leaf_weight=207.59582610428333 391.96462669968605 1135.7949637025595 995.67899566888809 1191.1624510586262 1063.5659963190556 1947.5217256098986 674.28491878509521 1317.4711260795593 817.82449349761009 103.83644835650921 494.52398008108139 647.66318945586681 669.58007843792439 221.82952873408794 885.97456154227257 196.25330947339535 16.184602528810501 108.26489056646824 90.208945408463478 39.835384219884872 498.33078184723854 10.412135034799578 6.1115170866250983 668.73155675828457 21.476212918758392 17.393879026174549 3.382332354784011 343.291279733181 71.279268532991409 97.718495473265648
leaf_count=1168 2607 6891 6151 7097 6623 12385 4316 7632 5149 596 3221 3762 3989 1340 5492 1107 90 633 511 224 2766 59 35 4030 127 103 20 1984 411 561
internal_value=-1.78262e-06 0.0138404 -0.0137864 0.0188919 -0.0102977 -0.0140004 -0.0270467 0.0246563 -0.00855195 0.0135341 -0.0226887 0.0185531 0.00391234 -0.00388407 0.00105915 0.0203386 0.0321801 0.0334606 0.0362545 0.0211641 0.0405533 0.00964754 0.0581983 0.00817304 0.0135386 0.0444889 0.012399 0.0158272 0.0223911 0.0355337
internal_weight=14955.1 7461.98 7493.17 4945.62 5932.4 3761.03 1560.77 2382.4 1813.5 2563.22 1168.81 1372.05 2516.36 2171.37 1107.8 1513.72 868.679 212.101 661.083 146.568 514.515 106.733 16.5237 1380.56 711.833 42.2524 20.7762 1159.95 512.289 168.998
internal_count=91080 43796 47284 28636 37140 23685 10144 13592 11300 15044 7537 7947 15160 13455 6832 8739 4853 1229 3685 829 2856 605 94 8269 4239 250 123 6718 2956 972
is_linear=0
shrinkage=0.05


Tree=22
num_leaves=31
num_cat=0
split_feature=127 20 127 127 127 119 62 105 105 88 107 171 114 32 114 59 114 160 67 49 69 10 16 68 122 28 13 22 28 116
split_gain=1318.17 195.614 194.745 70.9011 64.4648 55.6234 33.6112 31.6561 31.2462 31.0849 27.6352 25.1361 25.2166 30.1353 25.1051 22.67 23.001 21.8848 21.7808 28.9219 24.5358 19.4656 19.2318 19.145 19.1256 20.6858 27.0369 18.4485 18.6664 18.0942
threshold=3.5000000000000004 2.6750000000000003 1.5000000000000002 4.5000000000000009 2.5000000000000004 2.3550000000000009 0.15477402773736784 3.5000000000000004 3.5000000000000004 0.63000000000000023 0.12500000000000003 4.6876893939393947 0.016666666666667003 3.1500000000000008 0.0033333333333333505 0.11872748521102151 -0.0033333333333315494 3.3623076923076929 0.17172620660992752 0.22745750184774574 0.13796551724137932 1.2500000000000002 3.0650000000000004 0.22476317126378387 0.19141390553860624 44.100000000000001 6.6150000000000011 33.500000000000007 49.550000000000004 0.051666666666667159
decision_type=8 10 10 10 10 2 2 8 8 8 8 2 8 2 8 2 10 2 2 2 2 8 10 2 2 2 8 2 2 10
left_child=2 -2 5 8 7 24 -5 15 -3 21 14 12 13 27 -6 16 23 -15 19 -14 -21 -7 -12 -4 25 -1 -27 -11 -29 -18
right_child=1 3 4 6 10 9 -8 -9 -10 11 22 -13 18 17 -16 -17 29 -19 -20 20 -22 -23 -24 -25 -26 26 -28 28 -30 -31
leaf_value=0.014531365865641285 -0.038847004841326305 0.0027041848959702378 0.025358195279434045 -0.020214275624401978 0.0094881326545553091 0.032019598546169016 -0.01004365641759624 0.011560187366077588 -0.0103892127899709 0.054195117046952235 0.14606609195213047 0.0050729693896631378 0.039145926625409513 0.056410552212257492 -0.0031617707397097704 0.020741168302451072 0.064666569405487484 0.15363115341299718 0.0064922163777183899 0.22298754046166402 0.057409229991595701 0.13072499037285457 0.020528722080784368 0.075309243778013624 0.0095907209635569222 0.15731407921227186 0.035116205662395455 0.24629987089378355 0.097307143362185947 0.17874221654428291
leaf_weight=174.22048030793667 800.07336381822824 843.05497600138187 136.99141773581505 2226.8297231346369 723.09214143455029 703.90336313843727 1278.8242248669267 892.2827088534832 991.57452481240034 4.3907207846641532 3.0996967405080786 28.243660688400269 57.822454333305359 222.49225069582462 857.15251842141151 717.26770512014627 27.959332108497623 5.9431322365999213 43.019521176815033 4.2396175712347013 4.737355649471283 5.0305944085121146 193.40154584497213 22.305978909134865 251.88363479077816 4.6274978518486014 207.56051555275917 4.7497328370809537 3.7713368982076645 3.9696380347013465
leaf_count=1308 7049 6815 998 18575 5604 5073 10493 6674 8161 31 24 205 413 1568 6793 5364 204 42 309 30 34 36 1505 163 1930 34 1557 33 26 29
internal_value=-1.92775e-05 -0.0157906 0.0182384 -0.0123364 0.0115826 0.0320291 -0.0165041 0.0182495 -0.00437249 0.0389018 0.00482552 0.0504525 0.0541023 0.0631404 0.0026266 0.0248194 0.0401162 0.0589399 0.0342396 0.0521092 0.135608 0.03272 0.022509 0.0323527 0.0203106 0.0272985 0.0377812 0.137455 0.180357 0.0788493
internal_weight=11444.5 6140.36 5304.16 5340.28 3577.52 1726.64 3505.65 1800.78 1834.63 1088.34 1776.75 379.41 351.166 241.347 1580.24 908.494 191.226 228.435 109.819 66.7994 8.97697 708.934 196.501 159.297 638.292 386.408 212.188 12.9118 8.52107 31.929
internal_count=91080 51093 39987 44044 27358 12629 29068 13432 14976 7800 13926 2691 2486 1700 12397 6758 1394 1610 786 477 64 5109 1529 1161 4829 2899 1591 90 59 233
is_linear=0
shrinkage=0.05


Tree=23
num_leaves=31
num_cat=0
split_feature=128 128 119 21 21 128 89 21 119 118 116 128 20 116 64 178 24 116 65 173 170 153 69 111 165 89 48 116 29 51
split_gain=1602.68 298.811 222.569 69.3515 68.6812 46.104 38.5677 35.593 34.6555 33.6532 29.9843 29.833 28.1965 27.3209 26.388 24.8373 22.7137 23.6998 31.594 23.408 22.0372 23.7323 24.1241 22.1099 24.5944 28.5889 21.3391 20.6836 20.6098 23.884
threshold=2.5000000000000004 4.5000000000000009 2.7750000000000008 6.0650000000000004 1.8750000000000002 1.5000000000000002 4.9225000000000021 6.9450000000000012 1.4100000000000008 2.3150000000000004 -0.0066666666666672491 3.5000000000000004 2.0950000000000002 -0.023333333333333848 0.052249747219413507 6.9349593495934974 63.500000000000007 -0.039999999999999543 0.16413757637161894 8.3334935897435916 3.252604166666667 -0.020000000000000299 0.18530909984584107 0.079999999999999558 0.089312526812526757 4.2708333333333348 0.34630526953361601 -0.036666666666667444 11.900000000000002 0.34641025641025641
decision_type=8 8 2 10 10 10 2 10 2 2 8 10 8 8 2 2 2 8 2 2 2 2 2 8 2 2 2 8 2 2
left_child=2 9 5 12 -3 8 14 16 -1 -2 -6 27 -4 28 -5 26 17 18 -8 -18 23 22 -22 24 25 -16 -15 -11 29 -10
right_child=1 4 3 6 10 -7 7 -9 13 11 -12 -13 -14 15 20 -17 19 -19 -20 -21 21 -23 -24 -25 -26 -27 -28 -29 -30 -31
leaf_value=0.0030338427227282003 0.014073980575533707 -0.041028759873920996 0.052657259400104017 0.14565645708654779 -0.014754305701851954 0.0087915747705359787 0.10823354553846064 0.063063241519106375 0.050631872074610708 0.018020646349071173 -0.026124361110690209 -0.010193377497421868 0.021404065313518874 0.026710519236377545 0.21358920287803557 -0.014841334464626833 -0.00094293904056635491 0.035958701653966176 0.038212763134065048 0.15722850431814772 0.22398718706982718 0.075516783936080883 0.055457313786690533 0.026123064917823919 0.035939244871639783 0.079693583479216748 0.098233126607797594 -0.0012972830274416076 0.034073416508528506 0.11298847600244216
leaf_weight=122.85102139413357 285.43423597514629 588.36111901700497 97.076271466910839 11.1753803640604 902.55628629773855 671.69062212109566 29.426180996000767 233.55762412399054 54.400474920868874 165.39510702341795 1621.6779276579618 1042.1371266320348 281.2687641531229 347.22813995927572 4.4223811700940123 35.763229452073574 47.736790537834167 246.04295873641968 35.599011763930321 2.459613397717475 5.5484571978449804 131.66210781037807 3.4398869499564171 49.681266210973263 32.826204992830753 40.458405576646328 10.751587323844431 854.08032287657261 105.76590617001057 21.395661108195782
leaf_count=1357 3219 7431 914 97 10663 7298 269 2168 546 1801 19738 11872 2868 3590 40 379 470 2441 346 24 51 1206 32 458 304 372 107 9733 1073 213
internal_value=-5.63499e-05 -0.0154872 0.0320717 0.0473065 -0.0256447 0.0181434 0.0550477 0.0478517 0.0271407 -0.00201664 -0.0220589 -0.00424442 0.0294231 0.0322884 0.0703777 0.0248894 0.0380174 0.0430537 0.0698996 0.00680743 0.0672391 0.0808831 0.15949 0.0521745 0.0688303 0.0928871 0.0288586 0.00183677 0.0483343 0.0682338
internal_weight=8081.87 5459.64 2622.23 1252.38 3112.6 1369.85 874.036 594.822 698.156 2347.05 2524.23 2061.61 378.345 575.305 279.214 393.743 361.265 311.068 65.0252 50.1964 268.039 140.65 8.98834 127.388 77.707 44.8808 357.98 1019.48 181.562 75.7961
internal_count=91080 64457 26623 12060 37832 14563 8278 5718 7265 26625 30401 23406 3782 5908 2560 4076 3550 3056 615 494 2463 1289 83 1174 716 412 3697 11534 1832 759
is_linear=0
shrinkage=0.05


Tree=24
num_leaves=31
num_cat=0
split_feature=34 28 123 34 164 90 98 56 125 124 98 28 88 30 80 182 23 15 48 90 110 98 51 63 59 124 66 167 112 9
split_gain=330.536 78.377 62.3948 41.0956 29.8766 29.9882 24.899 21.9424 20.892 25.8277 21.0975 19.0748 19.1946 19.7037 18.9015 17.4345 17.107 17.0352 16.8756 16.6929 16.0878 17.3822 16.0811 15.2581 15.0706 20.2077 17.7728 14.9876 14.9862 14.6524
threshold=17.300000000000001 73.800000000000026 1.5000000000000002 35.150000000000006 0.37982632677400124 -1.5374999999999999 0.079999999999999558 36.500000000000007 1.5000000000000002 2.5000000000000004 0.039999999999999557 42.600000000000001 -2.3249999999999988 4.4000000000000012 8.5000000000000018 182926.27954870698 30.500000000000004 7.0250000000000012 0.074350469872857858 0.48833333333333379 -0.010000000000000149 0.11499999999999977 0.14350064350064348 0.10485837922895357 0.24976370510396978 1.5000000000000002 0.12004140786749481 0.57242757242757258 -0.038333333333332643 6.5650000000000004
decision_type=2 2 8 2 2 10 10 2 10 10 10 2 8 2 2 2 2 10 2 8 10 10 2 2 2 10 2 2 10 10
left_child=1 4 -2 8 5 -1 19 -5 14 10 18 -7 13 -13 15 -4 -16 -12 27 28 21 23 -18 -9 -14 26 -26 -10 -3 -11
right_child=2 6 3 7 -6 11 -8 20 9 29 17 12 24 -15 16 -17 22 -19 -20 -21 -22 -23 -24 -25 25 -27 -28 -29 -30 -31
leaf_value=-0.021316905234569871 -0.0018332903229786016 0.012054383979370321 0.011183735696309115 0.017578933471952794 -0.0094851827546009338 0.0037597681282447179 -0.0042252986039893279 0.17400209617869553 0.012261950710104037 0.053418398319966788 0.014447973530946588 0.13041005932129698 -0.0052340765601490789 0.017073077089725979 0.081116749327918666 0.042438446332824918 -0.0030692265904763245 0.043497097168385873 -0.00079656217887033142 -0.021236510083335103 0.028711441069704691 -0.0034595034544817726 0.066355570380803142 0.074225605308367346 0.10982854455975895 -0.00086419628995760905 0.025540726272017523 0.10867937492601142 -0.013707953017443745 0.0028501343734424526
leaf_weight=186.33441135287285 1507.933684617281 64.402607470750809 1082.3697545528412 710.67256152629852 1809.130676433444 1440.0092971324921 405.25735591351986 5.0911420136690202 368.01002109050751 14.406207486987112 895.6600417047739 4.1462478786706916 2165.6585325300694 51.055397033691406 18.852071955800056 46.537152498960495 22.813938453793526 53.48220194876194 491.52259206771851 1203.2524380534887 44.853619694709778 5.1931845247745505 13.148451134562491 15.488180980086325 7.7955951839685431 88.051868855953217 31.628555491566658 4.0751639753580085 457.13604418933392 2539.2338358014822
leaf_count=1116 8772 385 6022 3924 10768 8314 2386 27 2065 82 5043 24 12705 295 102 259 125 300 2772 7303 242 28 71 83 45 518 185 23 2740 14356
internal_value=3.01243e-05 -0.00717831 0.00730708 0.00948401 -0.00415865 -0.0017342 -0.0153777 0.0202204 0.00797263 0.00637538 0.0109396 -0.000771006 -0.00354929 0.0255859 0.0138644 0.0124722 0.0425375 0.0160848 0.00528467 -0.0179981 0.0468005 0.078282 0.0223136 0.0989094 -0.00425065 0.0124565 0.0422075 0.0133179 -0.0105267 0.00313541
internal_weight=15753.2 7913.86 7839.34 6331.41 5783.81 3974.68 2130.05 781.299 5550.11 4366.39 1812.75 3788.35 2348.34 55.2016 1183.72 1128.91 54.8145 949.142 863.608 1724.79 70.6261 25.7725 35.9624 20.5793 2293.13 127.476 39.4242 372.085 521.539 2553.64
internal_count=91080 46784 44296 35524 33970 23202 12814 4304 31220 24641 10203 22086 13772 319 6579 6281 298 5343 4860 10428 380 138 196 110 13453 748 230 2088 3125 14438
is_linear=0
shrinkage=0.05


Tree=25
num_leaves=31
num_cat=0
split_feature=124 90 17 130 124 90 108 35 90 17 108 59 176 17 59 35 28 19 177 28 35 3 177 130 130 177 20 156 7 35
split_gain=706.203 190.291 179.394 85.8288 69.9233 50.6965 42.1618 39.5871 36.6769 28.8294 28.0391 26.5097 26.1565 23.1841 22.9776 22.9571 20.0142 21.1674 20.4044 19.3614 18.9569 19.2728 24.9702 18.4102 17.8465 17.4786 17.224 17.0837 16.2464 16.1515
threshold=3.5000000000000004 -0.027500000000000246 4.6250000000000009 5.6250000000000009 2.5000000000000004 0.9533333333333337 0.038333333333332657 27.100000000000005 -0.18999999999999903 3.6950000000000007 -0.0033333333333324497 0.15543281722456045 7.6928205128205134 3.5750000000000006 0.15607701012325287 37.250000000000007 61.000000000000007 6.4450000000000012 10.552777777777779 62.000000000000007 28.800000000000004 17.450000000000003 5.576696832579187 5.995000000000001 6.3150000000000004 1.6666666666666667 6.6850000000000014 -0.017999999999999846 7.3350000000000009 31.300000000000001
decision_type=8 8 10 2 10 10 8 2 10 10 8 2 2 8 2 2 2 10 2 2 2 8 2 2 2 2 10 2 8 2
left_child=1 7 3 13 5 12 8 19 -4 25 16 27 -3 -2 -10 -14 -6 18 -18 -1 21 -16 -23 -22 -11 -5 -13 -12 29 -7
right_child=2 4 6 9 10 28 -8 -9 14 24 11 26 15 -15 20 -17 17 -19 -20 -21 23 22 -24 -25 -26 -27 -28 -29 -30 -31
leaf_value=-0.0051541337089590356 -0.017604570512293301 0.0097500110912038009 -0.010484170941261098 -0.031375628228430381 0.0056081290907332047 0.023486667977731367 -0.013380349131205775 0.0062229989426041922 -0.004867927458439082 -0.012960128033763571 0.057502482206501199 0.0094002379738106993 0.016298263819750504 -0.00063852839617929019 0.0077667742336138754 0.032410761661479388 0.020432365682039214 0.00098039790011200407 0.0595008046555522 0.0073079881286373287 0.035778244421946569 -0.008664664557958314 0.012181696699849906 0.0086191348396670985 -0.020969903457062622 -0.0085678236008584069 -0.014681285442705569 -0.011282906547607295 -0.057229924788460985 0.036012474537857997
leaf_weight=2125.9099322855473 261.49820525944233 1357.1237445920706 765.14458763599396 703.02465042471886 526.04507549107075 828.75160902738571 788.4371534883976 1922.5691780596972 920.10328489542007 1117.6824658215046 9.2728298902511579 739.78234694898129 1103.6167271286249 875.53943802416325 640.67846921086311 276.44667455554008 509.89900302886963 136.53704862296581 35.764475300908089 365.20985881984234 69.137639448046684 621.28096808493137 186.85109743475914 640.06829123198986 1840.7459285855293 95.398609161376953 82.535878032445908 340.10270436108112 5.7009356617927542 373.27869239449501
leaf_count=9660 1211 5894 3548 3438 2312 3453 3646 8503 4165 5200 41 3252 4731 3956 2877 1168 2207 595 154 1609 302 2810 832 2859 8770 448 363 1514 24 1538
internal_value=9.37871e-06 0.00880049 -0.00990116 -0.0165765 0.0143606 0.018444 -0.00284799 0.000832834 -0.000687298 -0.0202193 0.00759209 0.00208097 0.0146789 -0.00454041 0.00174796 0.0195258 0.0129365 0.0185874 0.022993 -0.00332713 0.00456875 0.00129001 -0.0038447 0.0112668 -0.0179438 -0.0286505 0.00698318 -0.00945726 0.0269771 0.0273764
internal_weight=20264.1 10738.5 9525.59 4893.89 6324.86 3944.92 4631.7 4413.69 3843.26 3756.85 2379.94 1171.69 2737.19 1137.04 3078.12 1380.06 1208.25 682.201 545.663 2491.12 2158.02 1448.81 808.132 709.206 2958.43 798.423 822.318 349.376 1207.73 1202.03
internal_count=91080 47018 44062 23023 27246 16808 21039 19772 17393 17856 10438 5170 11793 5167 13845 5899 5268 2956 2361 11269 9680 6519 3642 3161 13970 3886 3615 1555 5015 4991
is_linear=0
shrinkage=0.05


Tree=26
num_leaves=31
num_cat=0
split_feature=125 90 18 130 110 18 18 110 141 18 84 86 110 110 36 88 100 170 30 90 9 145 145 100 88 30 77 48 110 166
split_gain=672.296 126.97 113.282 65.3646 47.8209 47.6743 38.8669 33.7182 30.8067 29.9166 29.0814 29.2886 28.3309 25.5311 21.7837 20.8564 20.6854 19.4985 19.1532 16.9366 16.5708 19.0479 16.2959 16.2446 15.913 15.7565 15.1218 14.9363 14.8037 14.5694
threshold=3.5000000000000004 0.16166666666666638 4.995000000000001 5.745000000000001 0.0033333333333342503 3.6850000000000005 5.3050000000000006 0.026666666666666752 1.5000000000000002 2.8350000000000004 3.5000000000000004 3.5000000000000004 0.0033333333333342503 0.0016666666666673503 33.95000000000001 1.9000000000000004 0.048000000000000459 31.146428571428572 28.350000000000005 1.9491666666666669 6.6150000000000011 -0.12592196957489091 0.08334008761190366 -0.011999999999999948 1.4700000000000006 31.900000000000002 2.5000000000000004 0.46201923076923085 0.041666666666666456 0.41678814382896018
decision_type=8 10 10 2 8 10 10 8 2 10 2 2 8 8 2 8 10 2 2 10 10 2 2 10 10 2 2 2 8 2
left_child=1 6 3 9 8 -5 -1 -7 16 -2 24 19 27 18 28 22 17 -3 20 -12 21 -11 25 -20 -6 -10 -19 -4 -8 -29
right_child=2 4 12 5 10 7 14 -9 15 13 11 -13 -14 -15 -16 -17 -18 26 23 -21 -22 -23 -24 -25 -26 -27 -28 29 -30 -31
leaf_value=-0.0065304448849435488 -0.032185884517608961 0.023784102144334022 0.0019001540686902144 -0.028713479683498012 0.00085101142579556942 -0.01139292046335179 0.0050342592197412167 -0.021509299333470483 0.012151619143921238 0.014922924833363891 0.021286546387805815 -0.00024242381232419683 -0.0068166497194908429 -0.0092995562441662346 0.013477380756538305 0.025547376281840992 0.0048033755064987244 0.029234769506630773 0.059762409918562881 0.078866577974110744 0.00063370560427858499 0.1262413984743079 -0.0005437681695915264 -0.0020650705294816773 0.011267029460731633 0.028661269844394106 0.053279042943294143 0.086212926783954882 -0.0045354120243657984 0.016914513057434934
leaf_weight=843.96902076900005 92.261094361543655 623.14419066905975 1378.9403040111065 716.00193510949612 868.39951540529728 2564.622402369976 2642.3941415995359 1213.3623126745224 983.50914646685123 12.417102560400965 581.80116935074329 184.7041217237711 1440.6031800210476 707.60112668573856 674.96277487277985 375.57348760962486 101.6768364906311 146.23988278210163 27.618410050868988 13.057570561766623 576.8246413320303 5.5651422142982474 210.73917649686337 17.265347898006439 634.66976407170296 169.41253191232681 118.28092643618584 8.5719874203205091 477.09281498193741 65.84891265630722
leaf_count=4190 477 2904 6805 3819 4182 13077 12816 6337 4669 60 2726 881 7284 3595 3213 1724 477 677 129 59 2857 27 1001 81 2970 803 548 41 2335 316
internal_value=1.3654e-05 0.00913579 -0.00995805 -0.0139137 0.0146538 -0.0168839 0.00317434 -0.014642 0.0191212 -0.00464144 0.00931356 0.0171501 -0.00184766 -0.00275523 0.0053329 0.0151142 0.0261654 0.0286123 0.00448385 0.0225505 0.00210722 0.0493737 0.0122407 0.0359794 0.00524917 0.0145776 0.0399862 0.00307771 0.00357068 0.0248965
internal_weight=18477.1 9649.63 8827.5 5933.54 5011.21 4493.99 4638.42 3777.98 2728.58 1439.55 2282.63 779.563 2893.96 1347.29 3794.45 1739.23 989.342 887.665 639.691 594.859 594.807 17.9822 1363.66 44.8838 1503.07 1152.92 264.521 1453.36 3119.49 74.4209
internal_count=91080 46175 44905 30459 23621 23233 22554 19414 12803 7226 10818 3666 14446 6749 18364 8197 4606 4129 3154 2785 2944 87 6473 210 7152 5472 1225 7162 15151 357
is_linear=0
shrinkage=0.05


Tree=27
num_leaves=31
num_cat=0
split_feature=126 19 126 19 142 37 89 112 90 119 85 104 112 29 100 49 90 112 13 167 112 88 112 179 163 69 121 126 36 61
split_gain=1032.12 132.364 131.611 60.2677 53.0885 40.662 35.0947 28.1617 26.9178 26.4714 23.1519 21.3121 20.6798 20.5627 22.3628 20.1383 19.1319 18.6817 18.6597 17.6534 17.1612 18.2562 16.8061 16.6985 15.8118 16.8102 17.2801 15.6544 15.1529 15.1234
threshold=3.5000000000000004 4.3450000000000006 2.5000000000000004 2.5150000000000001 2.5000000000000004 18.900000000000002 4.9141666666666675 -0.028333333333333748 0.4033333333333336 2.1550000000000011 3.5000000000000004 4.5000000000000009 0.031666666666666655 20.400000000000002 0.068000000000000074 0.22511261261261264 1.0000000000000004 0.035000000000000558 6.6150000000000011 0.048322151133527357 0.008333333333334152 -3.5349999999999997 0.023999999999999553 5.550862068965519 0.90267857142857155 0.15500472589792061 0.10449869297579896 1.5000000000000002 28.900000000000002 0.12512626262626261
decision_type=8 10 10 10 2 2 2 8 10 2 2 8 8 2 8 2 8 8 10 2 8 10 8 2 2 2 2 10 2 2
left_child=2 3 4 -2 8 20 17 -7 -1 22 18 16 27 14 15 -12 23 -5 -11 -9 21 -3 -6 -4 28 -26 -27 -10 -18 -13
right_child=1 5 11 6 9 7 -8 19 12 10 13 29 -14 -15 -16 -17 24 -19 -20 -21 -22 -23 -24 -25 25 26 -28 -29 -30 -31
leaf_value=0.018515725225029377 -0.037196121039403472 0.10589223280444889 0.0010610602328297856 -0.0094635327901307111 0.0099735960537334512 0.010971827149543596 -0.024349935216443228 -0.012636218929490822 0.039944668640095077 0.067554357023056275 0.017924287422567502 -0.02126324059307319 0.015277975260333193 0.010644645293994982 -0.016632121173802188 0.038361638931817731 0.018032732447295332 -0.022808692100291697 0.010194727756538815 -0.00079153766028090616 -0.015738227417912348 -0.0078471330684684575 -0.0055233866493044357 0.01723295981753278 0.16148964816972372 0.10159211553378243 -0.023911348825229686 0.026060622575447053 -0.005645915536364737 -0.0003546282703162227
leaf_weight=1401.4690737873316 490.38109876215458 3.5377084761857978 1015.0102734416723 1065.416949853301 609.37128087878227 351.11110454797745 1209.8840404599905 479.97180254757404 394.89110565185547 14.395348429679869 196.11993183195591 97.842766970396042 212.19608347117901 244.17391085624695 26.494141101837158 312.75362600386143 380.0622576624155 347.87193486094475 941.41091978549957 912.8560183942318 1260.7890049219131 1286.3427025824785 245.40377256274223 189.40949475765228 3.5435584038496009 5.2682363092899305 5.7211377024650574 417.84598588943481 82.173531219363213 745.01784464716911
leaf_count=7966 3339 22 6107 6788 3608 2138 7853 3029 2139 83 1121 593 1172 1403 152 1784 2262 2255 5437 5722 8070 8068 1456 1130 21 31 34 2315 491 4491
internal_value=-2.72651e-06 -0.0132577 0.0130195 -0.0211071 0.0177051 -0.00756701 -0.0180993 -0.00168312 0.0230194 0.0127267 0.0162742 0.00370702 0.0291776 0.0226691 0.0281534 0.0304851 0.00696016 -0.0127484 0.0110586 -0.00487324 -0.0115899 -0.00753518 0.00552445 0.00360429 0.0154378 0.0667903 0.0362542 0.0328066 0.0138233 -0.00278179
internal_weight=14948.7 7408.16 7540.57 3113.55 5016.53 4294.61 2623.17 1743.94 2426.4 2590.12 1735.35 2524.05 1024.93 779.542 535.368 508.874 1681.19 1413.29 955.806 1392.83 2550.67 1289.88 854.775 1204.42 476.769 14.5329 10.9894 812.737 462.236 842.861
internal_count=91080 47284 43796 20235 28636 27049 16896 10889 13592 15044 9980 15160 5626 4460 3057 2905 10076 9043 5520 8751 16160 8090 5064 7237 2839 86 65 4454 2753 5084
is_linear=0
shrinkage=0.05


Tree=28
num_leaves=31
num_cat=0
split_feature=127 20 127 20 127 119 114 105 32 180 171 117 119 18 114 35 127 68 26 72 112 109 66 90 159 28 88 39 25 166
split_gain=1193.01 189.453 168.666 66.9267 56.695 46.997 43.9573 27.6539 26.9249 26.3805 24.0735 23.7497 22.9851 21.2674 20.4495 19.5609 18.9519 18.6493 20.9116 19.3429 18.4904 23.622 18.2475 28.6047 18.4884 18.1934 18.5212 21.3737 20.1863 30.0305
threshold=3.5000000000000004 2.6750000000000003 1.5000000000000002 4.7950000000000008 2.5000000000000004 2.3550000000000009 0.0033333333333315503 3.5000000000000004 3.9000000000000004 2.6008849557522127 4.7720779220779237 6.8050000000000006 2.7849999999999997 5.1550000000000011 0.049999999999999357 10.800000000000002 5.5000000000000009 0.19776639088679168 52.500000000000007 0.23904761904761904 -0.043333333333332544 0.27499999999999991 0.15758165310694491 0.93166666666666698 2.2783333333333338 13.800000000000002 1.7450000000000001 5.7500000000000009 52.500000000000007 0.13168094655242757
decision_type=8 10 10 10 10 2 8 8 2 2 2 2 2 10 8 2 10 2 2 2 10 8 2 10 2 2 10 2 2 2
left_child=2 -2 5 6 7 -1 16 13 12 14 11 15 -7 17 20 -10 -3 -4 19 -19 -6 -22 24 -24 -13 -11 -27 -28 29 -29
right_child=1 3 4 -5 9 8 -8 -9 10 25 -12 22 -14 -15 -16 -17 -18 18 -20 -21 21 -23 23 -25 -26 26 27 28 -30 -31
leaf_value=0.019018976910782387 -0.038370488992852593 -0.0045843789585913982 0.024051520302815807 -0.0052853926099102992 0.020930476101841906 0.1091347326699753 -0.021699183126919163 0.01084722971712802 0.047663120932593492 0.049775455238673466 0.015427001182764806 0.057782546606013223 0.048467140893851395 0.015374052184943818 -0.01347323128924989 0.024783883199161624 -0.017175750166249112 0.064530779584378264 0.016089354964690123 -0.01664819700019643 0.00053944810338931012 0.14429579653385144 0.031247200900400424 0.086524639656632915 0.16034089214096844 0.0073112141420989818 0.018690762537353165 0.19293219438195863 0.016327050616338577 0.033976352334368534
leaf_weight=649.25431250035763 773.21294367313385 764.88595750927925 333.39635169506073 2229.4037010967731 133.11230286955833 20.312378630042076 1796.0502708852291 901.76760975271463 121.60222351551056 33.302606008946896 154.03434533625841 131.50685387849808 67.475953295826912 451.79696980118752 213.04812266677618 403.12164033949375 490.47726340591908 92.336794674396515 42.092737227678299 7.9714113473892203 914.30137751996517 2.8665660396218291 193.79206524044275 26.618076294660568 4.5462886691093436 409.4516701027751 58.835026994347572 6.4429754763841647 7.8238082975149146 5.5144004970788956
leaf_count=4829 7049 6273 2408 18236 1040 142 15373 6674 836 248 1098 893 463 3321 1700 2816 4162 666 305 58 7153 22 1341 180 31 3162 450 49 60 42
internal_value=-2.53235e-05 -0.0152552 0.0170925 -0.0118707 0.0108966 0.0297274 -0.016682 0.0170821 0.0359183 0.00455627 0.0336638 0.0368516 0.0625043 0.0231435 0.000651065 0.030086 -0.0095039 0.030521 0.0456675 0.0580796 0.00351616 0.000988752 0.0468108 0.0379228 0.0612096 0.014019 0.0115792 0.0338076 0.0787696 0.119626
internal_weight=11440.4 6054.03 5386.32 5280.82 3614.06 1772.26 3051.41 1829.36 1123.01 1784.7 1035.22 881.187 87.7883 927.594 1263.33 524.724 1255.36 475.797 142.401 100.308 1050.28 917.168 356.463 220.41 136.053 521.37 488.068 78.6162 19.7812 11.9574
internal_count=91080 51093 39987 44044 27358 12629 25808 13432 7800 13926 7195 6097 605 6758 9915 3652 10435 3437 1029 724 8215 7175 2445 1521 924 4011 3763 601 151 91
is_linear=0
shrinkage=0.05


Tree=29
num_leaves=31
num_cat=0
split_feature=128 128 119 128 21 51 17 87 116 21 122 62 93 166 116 62 31 112 19 32 59 145 130 145 145 32 32 67 145 144
split_gain=1435.25 285.13 185.751 70.1921 52.573 49.2438 41.0463 45.0692 38.7067 32.5619 31.6126 24.6705 26.5364 26.2778 24.102 22.7601 22.5038 29.4445 28.3323 22.0782 21.7028 21.4914 21.4799 20.9155 30.0346 29.6675 20.4019 20.3852 20.2732 20.066
threshold=2.5000000000000004 5.5000000000000009 2.8850000000000011 3.5000000000000004 6.0650000000000004 0.41213235294117651 5.7350000000000012 3.5000000000000004 0.011833333333333952 1.8750000000000002 0.18391489981144141 0.010118072618072601 -0.24999999999999994 0.081720567014684622 -0.036666666666667444 0.049114974937343306 21.550000000000001 -0.036666666666665647 5.995000000000001 6.0500000000000016 0.19357554034973393 -0.075168968214413184 4.6750000000000007 0.095795479999559466 0.13828706925898168 13.950000000000001 9.3000000000000025 0.25814618211514906 0.069141461065312257 3.5000000000000004
decision_type=8 8 2 10 10 2 8 2 8 10 2 2 2 2 8 2 2 10 10 2 2 2 2 2 2 2 2 2 2 2
left_child=2 3 5 14 19 6 7 -1 21 -3 20 12 13 -12 -2 -7 23 18 26 -4 -6 22 -5 -17 25 -25 -18 -19 -9 -13
right_child=1 9 4 8 10 15 -8 28 -10 -11 11 29 -14 -15 -16 16 17 27 -20 -21 -22 -23 -24 24 -26 -27 -28 -29 -30 -31
leaf_value=0.012049806795143038 0.019641196472229696 -0.040844646837032574 0.038266723914988754 0.14478691768110016 0.060874674564475456 0.12754965496941426 0.0027262969071325306 0.041920599136666722 -0.018446225334186991 -0.026428679693956743 0.30447327099947102 0.049792174522908537 0.045554406331641706 0.094105794647818902 0.00025789396764615312 0.021461765536860893 0.3563102318869934 0.041566049665038469 0.05899281244301792 0.012770423254828221 0.038042204206045357 -0.0083931089095963148 0.0075977569512860653 0.070850014111607157 0.0030698538235958521 0.26850205553357198 0.13244974269736332 0.20640292476251504 0.010781329123416174 0.012810527096556047
leaf_weight=523.20711825042963 191.77239499986172 555.53572377562523 218.46145159751177 2.8957196101546279 526.55412241071463 7.4770227223634711 468.83211145550013 261.94387885928154 1089.8606715276837 1328.270237326622 2.2784503027796772 57.161689281463623 14.105521000921724 4.2599241137504578 979.55732565373182 119.69563753902912 2.1130742579698554 34.909595213830471 3.8219532445073128 138.88941500335932 129.71485017985106 1038.2829302996397 194.31464409828186 4.7099888250231725 6.1416099220514297 3.1805865913629532 1.9635394215583799 1.9821172580122937 65.299334205687046 102.36820451170206
leaf_count=5471 2054 7290 2078 34 4665 71 4987 2630 13084 16363 20 524 125 37 11138 1224 21 357 40 1384 1194 12216 2278 47 63 32 20 20 656 957
internal_value=-7.25813e-05 -0.0149983 0.0296813 -0.00655002 0.0444103 0.0180002 0.0146046 0.0211528 -0.0115779 -0.03068 0.0512686 0.0327172 0.0841498 0.167413 0.00343137 0.0420857 0.0385062 0.0691806 0.156794 0.0283572 0.0563617 -0.00551909 0.00961216 0.0282322 0.0859845 0.150521 0.248486 0.0504224 0.035707 0.0260615
internal_weight=8079.56 5380.49 2699.07 3496.68 1193.79 1505.28 1319.28 850.45 2325.35 1883.81 836.443 180.174 20.6439 6.53837 1171.33 185.995 178.518 44.7903 7.89857 357.351 656.269 1235.49 197.21 133.728 14.0322 7.89058 4.07661 36.8917 327.243 159.53
internal_count=91080 64457 26623 40804 10984 15639 13744 8757 27612 23653 7522 1663 182 57 13192 1895 1824 458 81 3462 5859 14528 2312 1366 142 79 41 377 3286 1481
is_linear=0
shrinkage=0.05


Tree=30
num_leaves=31
num_cat=0
split_feature=34 123 34 3 98 94 123 167 34 170 120 41 100 88 62 18 136 28 54 53 41 34 37 125 154 177 93 64 120 3
split_gain=301.787 74.5191 55.7067 38.7602 38.2856 37.197 33.2836 24.4223 24.8665 22.6348 20.999 18.9504 20.726 21.6069 18.6915 18.5671 17.8828 17.6142 17.3516 17.2039 17.9561 18.991 16.6455 16.9117 16.2762 15.7903 15.3067 16.3427 18.2449 15.4486
threshold=17.450000000000003 1.5000000000000002 26.600000000000005 17.450000000000003 0.079999999999999558 -0.5 1.5000000000000002 0.03908796447196871 13.150000000000002 24.072069061542752 0.22517358048843064 16.400000000000002 0.045999999999999756 1.4399999999999999 0.17064169239937158 6.2550000000000008 1.7500000000000002 57.800000000000004 6.5000000000000009 17.500000000000004 11.450000000000001 34.900000000000006 12.950000000000001 4.5000000000000009 -0.027434210526315648 3.5714285714285721 -0.6830127018922193 0.15578418407828618 0.26902069047407012 18.450000000000003
decision_type=2 10 2 10 10 2 8 2 2 2 2 2 10 10 2 10 2 2 2 2 2 2 2 10 2 2 2 2 2 10
left_child=1 4 6 9 -1 10 11 -5 18 -3 19 -2 -13 -14 15 -8 -16 26 -9 -4 -21 24 23 -23 -22 -24 27 -7 29 -29
right_child=2 3 5 7 -6 17 14 8 -10 -11 -12 12 13 -15 16 -17 -18 -19 -20 20 21 22 25 -25 -26 -27 -28 28 -30 -31
leaf_value=-0.017411930639934747 -0.010800918287489466 0.0035935748007256186 0.020235598078092741 -0.0014395249065298642 -0.00093085648910045705 0.0022767921815585921 0.0069448404749361814 -0.0051736495733883869 -0.0028315154279041797 -0.0068083608742934608 0.012687945102564073 -0.00038439933369113061 0.059800492359456718 -0.012561041133028512 0.10640460949282192 0.018852305966505965 0.0022342554942733138 -0.0086402395961077769 -0.018198371793693709 0.014349103425221771 -0.037401404427256466 0.082464739839863618 0.018618102472263382 0.18933233605274133 0.041374533874885426 0.099551765010940541 0.007209445885990976 0.097114484152428016 -0.041252717427850229 0.025433221910296608
leaf_weight=1886.6112844794989 514.27574509382248 1910.9161316901445 335.37759807705879 1063.4623592346907 433.30536125600338 110.47378495335579 1541.589291587472 346.69773054122925 649.54990766942501 720.04952400922775 473.97731383144855 554.65050449967384 29.74550586938858 15.793503493070601 4.1291102766990653 415.64016218483448 1848.3925043195486 140.2079501003027 974.30237646400928 54.525384545326233 7.0601973980665198 14.499612376093866 16.299555584788326 4.9712145626544944 91.998076260089874 9.5620487928390485 1303.3916357308626 7.7413580864667884 10.007320761680601 258.82379761338234
leaf_count=11546 3000 11076 1817 6225 2560 611 8667 2055 3849 4301 2590 3246 165 91 23 2295 10484 798 5820 292 38 76 86 26 496 50 7297 42 55 1403
internal_value=3.91622e-05 -0.00678565 0.00705894 -0.0036946 -0.0143337 0.0126372 0.00384296 -0.00754595 -0.0108415 0.000746746 0.0203491 -0.00375736 0.00227796 0.0347046 0.00606628 0.00947353 0.00246644 0.00838967 -0.01478 0.0271453 0.0387953 0.0480268 0.0748317 0.10975 0.0357599 0.0485424 0.00980216 0.0185332 0.0250267 0.0275149
internal_weight=15748 7984.89 7763.13 5664.98 2319.92 2838.92 4924.22 3034.01 1970.55 2630.97 1008.27 1114.47 600.19 45.539 3809.75 1957.23 1852.52 1830.65 1321 534.294 198.916 144.391 45.3324 19.4708 99.0583 25.8616 1690.44 387.046 276.572 266.565
internal_count=91080 47432 43648 33326 14106 15677 27971 17949 11724 15377 5471 6502 3502 256 21469 10962 10507 10206 7875 2881 1064 772 238 102 534 136 9408 2111 1500 1445
is_linear=0
shrinkage=0.05


Tree=31
num_leaves=31
num_cat=0
split_feature=124 28 17 130 19 140 108 35 17 112 46 18 65 59 171 123 90 3 123 7 7 61 88 108 48 16 130 35 67 164
split_gain=636.086 171.499 166.923 77.4512 51.0593 39.7183 38.9503 36.8164 35.9884 26.5391 23.8049 22.525 22.5067 21.7559 21.1707 21.1645 21.1392 20.9728 20.0383 19.4101 18.0938 17.4798 17.4669 17.3727 17.0114 16.981 16.9293 16.8201 16.811 23.9243
threshold=3.5000000000000004 54.000000000000007 4.7650000000000006 5.6050000000000013 5.3150000000000004 1.5000000000000002 0.0049999999999994008 37.70000000000001 3.6950000000000007 -0.024999999999999845 0.21393897364771147 6.0950000000000006 0.096468964288894815 0.17583581672564721 4.4140882509303569 1.5000000000000002 -0.68666666666666598 17.750000000000004 2.5000000000000004 6.9250000000000007 7.1350000000000007 0.12512626262626261 0.77500000000000002 -0.023333333333333848 0.22517605633802817 5.8950000000000005 6.1350000000000007 16.950000000000003 0.19665969316596929 0.33349617326168385
decision_type=8 2 10 2 10 2 8 2 10 8 2 8 2 2 2 8 8 10 10 8 8 2 10 8 2 10 2 2 2 2
left_child=1 5 3 12 7 16 18 10 -5 -6 -3 20 -2 -11 26 -8 -1 25 24 -13 -12 -19 -20 -23 -4 -7 -10 -28 -17 -30
right_child=2 4 6 8 9 17 15 -9 14 13 11 19 -14 -15 -16 28 -18 21 22 -21 -22 23 -24 -25 -26 -27 27 -29 29 -31
leaf_value=5.2793205242301269e-06 -0.018459374047300348 0.012756819149483664 0.011472426653322976 -0.027862811879319761 0.0010321448965303207 0.0013251992108677065 0.0010727366651988553 0.035290681886633896 -0.011065566561367087 0.0024770851789562148 0.027573616401010033 0.014433261031679162 -0.00050070858598313451 0.015486267879453612 -0.0016532571601947555 -0.014340903303996171 0.010874535649777042 0.002682021845740535 -0.00020506501970216171 -0.030535950112463423 -0.045160212339858168 0.00025498083545668547 -0.021232592252759093 -0.011933803269530835 -0.00078438780375518426 0.017055298093394226 -0.023410363294870923 -0.01505021359083491 -0.013164662990906663 0.014484484252825414
leaf_weight=633.45142345130444 213.11125895380974 1146.5749231278896 776.41568577289581 792.95917184650898 617.2110274285078 1456.7352255135775 531.50496715307236 343.76412986218929 853.67207133769989 401.66343933343887 808.6456333398819 143.30682189762592 962.0116364210844 1607.8433336913586 237.51552340388298 907.09623369574547 1522.4745386987925 578.54873017966747 906.04474383592606 28.822004824876785 8.6419915407896024 444.22467386722565 110.84165379405022 855.01526254415512 445.5380292236805 194.47475565969944 1212.163051918149 1194.5437678098679 177.40242852270603 139.96482440829277
leaf_count=2816 1003 4923 3452 3931 2670 6512 2389 1440 3979 1738 3396 613 4346 6906 1111 4226 6626 2561 4142 124 37 1985 502 3831 1982 840 5818 5713 828 640
internal_value=1.0932e-05 0.00830785 -0.00945291 -0.0151307 0.0149585 0.00233393 -0.00168416 0.0201042 -0.0182454 0.0101006 0.0176602 0.0233423 -0.00375755 0.012886 -0.0160652 -0.00725898 0.00768094 -0.000932657 0.00268829 0.00690342 0.0268045 -0.00454718 -0.00249709 -0.00776632 0.00700345 0.00317784 -0.0171151 -0.0192609 -0.0108755 -0.000970878
internal_weight=20252.2 10791.4 9460.79 5465.98 5106.47 5684.92 3994.81 2479.76 4290.85 2626.72 2135.99 989.416 1175.12 2009.51 3497.89 1755.97 2155.93 3529 2238.84 172.129 817.288 1877.79 1016.89 1299.24 1221.95 1651.21 3260.38 2406.71 1224.46 317.367
internal_count=91080 47018 44062 25901 21847 25171 18161 10533 20552 11314 9093 4170 5349 8644 16621 8083 9442 15729 10078 737 3433 8377 4644 5816 5434 7352 15510 11531 5694 1468
is_linear=0
shrinkage=0.05


Tree=32
num_leaves=31
num_cat=0
split_feature=125 90 18 110 110 18 130 125 123 141 125 141 88 99 88 18 59 9 36 137 148 62 144 25 177 170 166 117 109 20
split_gain=605.208 111.895 108.08 55.5445 42.5238 40.0149 36.4605 35.8924 27.1775 26.8538 26.822 21.6058 19.0421 18.3922 17.9557 17.9472 26.0093 17.7776 17.7565 17.2933 17.0345 16.9342 17.9057 16.7104 16.6857 16.4589 16.4164 16.2648 16.0895 15.8206
threshold=3.5000000000000004 0.16166666666666638 4.2550000000000008 0.008333333333334152 0.0033333333333342503 2.8350000000000004 6.035000000000001 2.5000000000000004 3.5000000000000004 1.5000000000000002 1.5000000000000002 3.5000000000000004 1.5100000000000002 0.044999999999999457 1.9000000000000004 5.1750000000000007 0.16506015701212431 7.2150000000000007 30.350000000000005 0.33333333333333343 2.5000000000000004 0.016155131015763602 4.5000000000000009 7.5000000000000009 1.284731934731935 31.146428571428572 0.083369915130231162 7.5750000000000011 0.044999999999999908 4.6950000000000012
decision_type=8 10 10 8 8 10 2 10 8 2 10 2 10 10 8 10 2 8 2 2 2 2 2 2 2 2 2 2 8 10
left_child=1 7 5 8 9 -2 28 17 15 13 19 -5 -12 25 -11 16 -4 18 -1 21 -21 22 -6 -9 -24 -3 -8 -20 29 -7
right_child=2 4 3 11 10 6 26 23 -10 14 12 -13 -14 -15 -16 -17 -18 -19 27 20 -22 -23 24 -25 -26 -27 -28 -29 -30 -31
leaf_value=0.0038676629257665589 -0.03554104378233252 0.022187140225502319 0.005885487069800131 -0.0073450160958938226 0.098364435329801506 0.0074406525555105506 -0.02341391618230123 0.025907564988425807 -0.0086269910791434909 0.011545674224698458 0.0011161887240968588 -0.016583144052844646 0.01188638948297626 0.002502214277346843 0.023802281334164774 0.0070191997370929494 -0.0082624285037839716 -0.039393798289842068 0.010277646884248915 0.031075897186397763 0.0065167474510984483 0.0024338159589233715 -0.022611984973649205 -0.0046715074266315019 0.081433928077711257 0.03683258278629048 -0.011947791811073244 0.03650736461507794 -0.013324938657370236 -0.011986535725023388
leaf_weight=2306.1247674822807 273.62960368394852 645.47715710103512 584.75465860962868 1675.5954760164022 9.8277294337749499 245.29084004461765 1151.5721285045147 46.196707144379616 857.56005425751209 1374.3101442307234 1003.0067463666201 1017.0897193551064 694.61613158881664 87.126435741782188 381.83688142895699 959.19533668458462 730.8793178498745 21.515700876712799 852.72783906757832 269.21432782709599 95.706680372357368 208.34269028902054 11.080358237028124 1357.5804613828659 5.9078257083892813 272.965491771698 428.25603909790516 63.50342869758606 654.37596474587917 182.96255497634411
leaf_count=11173 1484 2964 2911 8581 46 1225 6102 228 4373 6473 4820 5275 3215 407 1724 4692 3705 105 4048 1237 442 978 52 6700 28 1235 2260 300 3374 923
internal_value=1.62334e-05 0.0086152 -0.00951113 -0.00556842 0.0137603 -0.0173333 -0.015462 0.00301421 -0.00104159 0.0179415 0.00873486 -0.0108345 0.00552303 0.0244571 0.0142106 0.00181794 -0.00197416 0.00590471 0.00620716 0.0178211 0.0246348 0.00724751 0.0446469 -0.00366518 0.0135711 0.0265398 -0.0203057 0.0120956 -0.0083939 -0.000859219
internal_weight=18468.2 9707.07 8761.16 5825.07 5059.42 2936.09 2662.46 4647.65 3132.39 2761.72 2297.7 2692.69 1697.62 1005.57 1756.15 2274.83 1315.63 3243.87 3222.36 600.08 364.921 235.159 26.8159 1403.78 16.9882 918.443 1579.83 916.231 1082.63 428.253
internal_count=91080 46175 44905 29537 23621 15368 13884 22554 15681 12803 10818 13856 8035 4606 8197 11308 6616 15626 15521 2783 1679 1104 126 6928 80 4199 8362 4348 5522 2148
is_linear=0
shrinkage=0.05


Tree=33
num_leaves=31
num_cat=0
split_feature=126 19 126 85 142 19 112 112 119 130 90 112 61 83 120 9 118 37 56 179 179 43 29 179 64 17 167 3 13 97
split_gain=933.236 127.541 115.922 50.7493 46.3753 33.8746 29.9065 23.6543 23.6323 23.3716 23.2797 21.3137 20.4733 22.3375 20.0242 19.243 18.2696 22.3004 17.9095 17.3411 17.2017 16.6942 17.3191 15.5653 15.3238 15.2032 14.9746 14.6521 14.5687 14.4861
threshold=3.5000000000000004 3.7950000000000004 2.5000000000000004 2.5000000000000004 2.5000000000000004 2.2350000000000008 0.015000000000000053 0.045000000000000359 2.5349999999999997 5.5650000000000004 0.4033333333333336 0.021666666666667753 0.15867711072320304 1.5000000000000002 0.20016286644951145 6.7150000000000007 4.3050000000000006 34.550000000000004 84.500000000000014 4.3478856462179882 2.0017241379310353 14.050000000000002 15.700000000000001 11.844129554655874 0.20090808827318923 5.9850000000000012 0.079388422035480813 29.250000000000004 6.6350000000000007 0.29499999999999998
decision_type=8 10 10 2 2 10 8 8 2 2 10 8 2 2 2 8 2 2 2 2 2 2 2 2 2 10 2 10 10 2
left_child=2 5 4 6 7 -2 14 10 -6 20 -1 25 13 -4 -3 -10 17 -14 24 -18 -7 -19 -23 -15 -9 -5 27 -16 -17 -28
right_child=1 3 12 11 8 9 -8 18 15 -11 -12 -13 16 23 26 28 19 21 -20 -21 -22 22 -24 -25 -26 -27 29 -29 -30 -31
leaf_value=0.01892606310528526 -0.038906671537460774 0.0018318368948448416 0.034313442404094362 0.011222595202558031 0.0068329434289647276 -0.012514851895169841 -0.017024171328350751 0.013114726264371766 0.029953509386863517 -0.025662192680923825 0.02945306182134292 -0.0096662650021510591 0.008930445466021111 -0.0063951894604445478 -0.016117168608685568 0.073923305719513235 -0.0049304983796321844 0.006689984539291309 0.10468432868932975 0.011771496889991748 0.035417307774080836 0.098947235598236954 0.027335361478859024 0.047082579055911733 -0.013820346250805854 -0.0017314178105903638 -0.005936482268576679 0.0022442563093204885 0.013343564379354411 0.074327334497003017
leaf_weight=1231.7620619982481 368.80184069275856 388.47348912060261 37.32914799451828 333.44166035950184 1206.7912866026163 268.25084994733334 1855.0839105248451 248.49364639818668 219.92015482485294 842.30996833741665 915.53094340860844 561.45444878935814 1001.0216424167156 702.52045050263405 1046.7552451789379 10.008662283420561 495.4183793514967 21.001645669341087 4.8019350767135611 226.4459660500288 20.121913254261017 17.038090795278549 16.736525878310204 13.875397250056265 67.053079336881638 706.21770447492599 808.80242331326008 121.23318341374397 1178.9977621734142 5.6608387231826773
leaf_count=6905 2607 2427 223 2060 7097 1750 12133 1381 1229 5656 4908 3550 5961 4235 6662 56 2988 122 26 1354 131 97 98 82 372 4361 5139 772 6662 36
internal_value=-4.02261e-06 -0.0127434 0.0122533 -0.00939689 0.0166067 -0.0257481 -0.012269 0.0215236 0.0119681 -0.021456 0.0234144 -0.00181614 0.00351105 -0.00339457 -0.00854844 0.0163666 0.00643901 0.0106303 0.00884947 0.000308851 -0.00917027 0.0416946 0.063461 -0.00535941 0.00739107 0.00242322 -0.0105825 -0.0142113 0.0138535 -0.00537862
internal_weight=14941.4 7326.61 7614.75 5827.12 5083.36 1499.48 4226.01 2467.64 2615.72 1130.68 2147.29 1601.11 2531.39 753.725 2370.93 1408.93 1777.66 1055.8 320.349 721.864 288.373 54.7763 33.7746 716.396 315.547 1039.66 1982.45 1167.99 1189.01 814.463
internal_count=91080 47284 43796 37140 28636 10144 27169 13592 15044 7537 11813 9971 15160 4540 15036 7947 10620 6278 1779 4342 1881 317 195 4317 1753 6421 12609 7434 6718 5175
is_linear=0
shrinkage=0.05


Tree=34
num_leaves=31
num_cat=0
split_feature=127 20 127 127 119 86 62 18 105 168 109 114 59 136 11 108 145 62 114 170 171 71 130 25 112 177 162 157 122 66
split_gain=1079.96 183.599 146.982 64.9568 51.2903 55.0075 31.2778 30.1991 28.0977 25.139 23.6048 22.2516 20.1527 19.6141 19.6036 19.3454 17.6695 17.5176 17.377 17.0429 21.007 19.0983 24.3418 17.274 24.0298 18.949 18.8321 17.0148 16.9962 16.9905
threshold=3.5000000000000004 2.6750000000000003 2.5000000000000004 4.5000000000000009 2.1050000000000009 3.5000000000000004 0.15477402773736784 4.9350000000000014 3.5000000000000004 0.18294892188052311 0.20500000000000004 0.076666666666667507 0.15356474050294272 2.7500000000000004 6.5150000000000006 0.024000000000000455 -0.027407685211483245 0.14824459223340417 0.0033333333333333505 6.5885464769416737 5.5959383753501415 0.24500000000000002 6.2650000000000006 29.500000000000004 -0.018333333333333045 2.0845238095238097 3.4775000000000005 -0.029999999999999746 0.15160720777603284 0.14599270072992701
decision_type=8 10 10 10 2 2 2 8 8 2 8 8 2 2 10 8 2 2 8 2 2 2 2 2 8 2 2 2 2 2
left_child=2 -2 4 8 14 12 18 11 -3 15 -11 19 17 29 -1 -4 -12 -6 -5 23 21 -21 -23 24 -7 -25 -26 -19 -27 -9
right_child=1 3 9 6 5 7 -8 13 -10 10 16 -13 -14 -15 -16 -17 -18 27 -20 20 -22 22 -24 25 26 28 -28 -29 -30 -31
leaf_value=0.12246062326924237 -0.037903891296369563 0.0029371707394616428 -0.0028615759018946977 -0.013892466118493464 0.0079326208002168854 0.029425837607730002 -0.0092007287997104125 0.056653959793039749 -0.0095480341054025586 0.012562826033445574 0.020720857957865404 -0.0087008860037781077 0.011831003056368238 0.016480290308924363 0.012128725531741396 0.010976390927449127 0.15941028994053918 0.10972577370929154 -0.022976422633967292 0.035237816190788356 0.0022419348353821598 0.19943823604168134 0.061081173330409459 0.056330024315465188 0.079548147183573906 -0.010386758279349987 0.20465873046956845 0.027231048869437564 0.040888111654877629 0.028693898045753792
leaf_weight=4.0412575900554648 747.71250060945749 839.60177083313465 974.06025961786509 913.12351780384779 132.54450564086437 26.790302917361259 1254.6331709101796 64.94209611415863 972.68517227470875 468.18008137494326 4.3822159990668297 21.468773260712624 624.69353324174881 309.8436212465167 1065.8745929524302 340.9781628549099 4.8253536149859411 6.3230166882276526 1243.2539134025574 220.26140458881855 42.411615177989006 3.6233431696891811 25.922686621546745 106.69235046207905 64.234243601560593 24.805083528161049 3.1555792391300193 545.0225717574358 46.380018144845963 332.62310457229614
leaf_count=23 7049 6815 7627 7734 937 177 10493 435 8161 3599 33 152 4573 2203 7883 2631 36 44 10841 1453 294 24 173 695 427 168 21 3816 317 2246
internal_value=-3.16243e-05 -0.0147307 0.0160311 -0.0114134 0.0217609 0.0255505 -0.0154777 0.032864 -0.00376385 0.0042942 0.014122 0.041261 0.0183233 0.0259112 0.0125455 0.00072649 0.093403 0.0242535 -0.0191298 0.0431619 0.0347775 0.0403013 0.0780484 0.0521676 0.0694824 0.043 0.0854065 0.0281771 0.0230209 0.0332612
internal_weight=11435.1 5971.01 5464.08 5223.3 3671.65 2601.74 3411.01 1293.15 1812.29 1792.43 477.388 585.745 1308.58 707.409 1069.92 1315.04 9.20757 683.89 2156.38 564.277 292.219 249.807 29.546 272.058 94.1801 177.877 67.3898 551.346 71.1851 397.565
internal_count=91080 51093 39987 44044 26061 18155 29068 8785 14976 13926 3668 3901 9370 4884 7906 10258 69 4797 18575 3749 1944 1650 197 1805 625 1180 448 3860 485 2681
is_linear=0
shrinkage=0.05


Tree=35
num_leaves=31
num_cat=0
split_feature=128 128 119 87 128 20 116 21 136 116 120 128 19 116 114 51 89 3 37 65 32 114 11 73 119 161 13 52 145 11
split_gain=1287.75 273.372 157.446 65.969 64.3907 40.1272 36.5616 32.7585 29.288 28.3436 25.5196 22.2193 21.9078 21.6005 20.7401 23.6564 26.3165 24.331 20.3121 23.4096 27.3375 22.3911 23.7888 19.9996 26.4196 31.9644 22.1558 21.5326 19.838 19.5473
threshold=2.5000000000000004 5.5000000000000009 2.3550000000000009 3.5000000000000004 3.5000000000000004 2.1950000000000007 0.011833333333333952 1.8750000000000002 2.916666666666667 -0.023333333333332047 0.30021459227467812 1.5000000000000002 6.5750000000000011 -0.036666666666667444 -0.080000000000000446 0.30315449577744663 4.2308333333333348 31.050000000000004 11.900000000000002 0.17606428639557434 11.650000000000002 1.0000000180025095e-35 6.705000000000001 0.21583850931677012 3.3350000000000013 2.2504545454545459 6.8850000000000007 43.500000000000007 -0.075168968214413184 6.5750000000000011
decision_type=8 8 2 2 10 8 8 10 2 8 2 10 10 8 8 2 2 10 2 2 2 8 8 2 2 2 10 2 2 10
left_child=2 4 9 5 13 10 28 -3 14 11 -4 12 -1 -2 -5 23 -17 18 19 -18 -21 -22 -23 -16 27 26 -26 -25 -6 -7
right_child=1 7 3 8 6 29 -8 -9 -10 -11 -12 -13 -14 -15 15 16 17 -19 -20 20 21 22 -24 24 25 -27 -28 -29 -30 -31
leaf_value=0.044895866214394974 0.018427200911356325 -0.040567225131831294 0.045223334790015786 0.099736896824893742 0.0092077319370486056 0.11266824750604057 -0.017902842248198086 -0.025860041073442464 0.023241831227927712 0.0061864991493343702 0.14977040125410918 0.0099253337361651234 -0.011995467024673634 0.00021226110400734413 0.035875179435185527 0.16263294133156703 0.08068954886509383 0.12710417992980921 0.041983341287600499 0.018969579326043706 0.14611671677142507 0.19361584281943833 0.017374857543603548 0.021584671634593759 0.21504399973712768 0.041067536906430252 0.072549082396086026 0.18750505272567231 -0.0080528918240409236 0.019307316655822013
leaf_weight=134.73071168363094 195.15813750773668 535.03108035773039 132.60304175317287 19.132623620331287 198.56804154068232 5.6569587588310233 1070.7759111300111 1295.1502677500248 135.23122727870941 705.02979459613562 6.1057646796107283 134.26223295927048 19.352446861565113 980.44602124392986 411.62567488849163 5.7124984934926024 99.964695915579796 11.213025294244288 209.1359121799469 43.381612651050091 9.3249436095356923 2.2881207764148721 11.731888607144356 22.82261706888676 7.8209592774510401 9.0905441194772703 4.1890024617314339 2.1386376917362204 1029.6850176528096 629.12896006554365
leaf_count=1321 2054 7290 1145 170 2312 52 13084 16363 1276 7397 53 1432 206 11138 3663 45 856 97 1830 378 80 20 105 212 65 77 36 20 12216 6087
internal_value=-8.86765e-05 -0.0145201 0.0275322 0.036439 -0.00628244 0.0254628 -0.0111497 -0.0301595 0.0448884 0.0115877 0.0498253 0.0247943 0.0377505 0.00323606 0.0482547 0.0470965 0.0560987 0.0545263 0.0523609 0.0653809 0.0424466 0.0860737 0.0461381 0.0393715 0.0706163 0.111802 0.165343 0.0358004 -0.00526242 0.0201393
internal_weight=8076.49 5304.81 2771.67 1778.3 3474.63 773.495 2299.03 1830.18 1004.8 993.375 138.709 288.345 154.083 1175.6 869.573 850.44 392.753 387.04 375.827 166.691 66.7266 23.345 14.02 457.687 46.0618 21.1005 12.01 24.9613 1228.25 634.786
internal_count=91080 64457 26623 16267 40804 7337 27612 23653 8930 10356 1198 2959 1527 13192 7654 7484 3411 3366 3269 1439 583 205 125 4073 410 178 101 232 14528 6139
is_linear=0
shrinkage=0.05


Tree=36
num_leaves=31
num_cat=0
split_feature=34 28 28 34 171 94 123 98 92 1 125 52 165 80 98 3 181 64 112 88 98 90 60 121 114 90 21 28 90 111
split_gain=275.465 69.6183 52.2298 30.9798 28.5016 26.8266 25.653 23.1839 22.1737 21.6718 21.2743 21.2627 20.3384 19.609 19.3272 19.1155 18.8151 19.0082 18.5075 18.2393 18.0729 18.0325 16.7232 16.6554 18.5493 16.653 16.5944 16.4555 16.3124 16.1588
threshold=17.300000000000001 73.800000000000026 56.600000000000009 34.400000000000006 7.2386128364389224 -0.5 1.5000000000000002 0.044999999999999908 3.5000000000000004 6.5000000000000009 1.5000000000000002 26.500000000000004 0.039100721624266109 8.5000000000000018 0.019999999999999952 28.150000000000002 5.5490740740740749 0.20756822776280323 -0.048333333333333242 0.05000000000000001 0.079999999999999558 0.25666666666666643 0.20465718761296539 0.020147759255250003 0.028333333333333755 1.2633333333333343 4.7350000000000012 7.0000000000000009 0.34999999999999992 0.074999999999999664
decision_type=2 2 2 2 2 2 10 10 2 8 10 2 2 2 10 10 2 2 10 8 10 10 2 2 10 10 10 2 8 8
left_child=1 5 3 4 10 -1 20 28 -5 14 13 27 22 -2 -4 19 18 -18 -17 -16 -7 -15 -13 24 -14 26 -12 29 -3 -10
right_child=2 7 9 8 -6 6 -8 -9 11 -11 25 12 23 21 15 16 17 -19 -20 -21 -22 -23 -24 -25 -26 -27 -28 -29 -30 -31
leaf_value=-0.0085115270999469948 0.011582713659053145 -0.0085088526739120207 -0.0065829149628585581 0.005186970862067917 0.018655987586407029 -0.013116409104817284 0.00080845963100220706 -0.0073433526087709356 0.11102717290751658 0.025538601061455869 0.010252793403175383 -0.003263047218250781 0.063151063659751427 0.073432918851327453 0.010819113280687789 0.055090063521510337 0.035313130445023606 0.16342845551851454 0.0067289835106953038 -0.0037596229051005334 0.0057956804115886634 0.0051801976391538593 0.086232064104614148 0.041187055985771756 0.16664180572315737 -0.0060924669279179408 0.0027256904571886847 0.016493213957353797 -0.021433194324946597 -0.012319736550812191
leaf_weight=1956.9618324935436 794.68693333864212 320.78817780315876 883.78382398188114 267.59314347803593 510.68742710351944 630.46891033649445 2998.4965022802353 744.32742580771446 8.8808420747518504 80.056712538003922 1177.9678945839405 34.055533409118652 16.07830569148064 25.08919583261013 305.1363263130188 23.132653504610062 9.301060274243353 4.2037353068590155 136.62942858040333 722.59350916743279 157.97881054878235 15.75391826033592 6.1648077666759482 70.450759708881378 5.9254542291164389 339.21658532321453 1935.0803708136082 535.19154661893845 1021.788840547204 3.7875729352235803
leaf_count=11662 4338 1956 5075 1487 2842 3864 17512 4471 46 458 6560 182 85 131 1727 131 53 24 778 4149 932 83 33 375 30 1947 10866 2876 6387 20
internal_value=4.82122e-05 -0.00659984 0.0066285 0.00912199 0.00749012 -0.00375815 -0.00130177 -0.0144212 0.0173809 9.47143e-06 0.00616024 0.0221757 0.0401352 0.0133192 -0.000970861 0.00315891 0.0185218 0.0751925 0.0137314 0.000568851 -0.00932705 0.0471066 0.0104544 0.0530472 0.0910204 0.00442759 0.00557392 0.0178264 -0.0183451 0.0741492
internal_weight=15742.3 7830.81 7911.45 5746.61 4798.48 5743.91 3786.94 2086.9 948.128 2164.84 4287.79 680.535 132.675 835.53 2084.78 1201 173.267 13.5048 159.762 1027.73 788.448 40.8431 40.2203 92.4545 22.0038 3452.26 3113.05 547.86 1342.58 12.6684
internal_count=91080 46784 44296 31901 26767 33970 22308 12814 5134 12395 23925 3647 705 4552 11937 6862 986 77 909 5876 4796 214 215 490 115 19373 17426 2942 8343 66
is_linear=0
shrinkage=0.05


Tree=37
num_leaves=31
num_cat=0
split_feature=124 17 90 130 124 170 108 119 35 90 35 59 108 59 17 59 65 61 176 41 35 34 35 130 60 93 171 108 137 11
split_gain=571.885 155.815 153.67 73.9081 60.409 42.1197 37.1423 35.9936 35.2806 31.6406 28.1942 27.7006 24.5603 23.9562 20.926 19.8387 19.3228 18.3427 22.5217 18.2019 18.1698 17.4879 17.1532 18.5998 17.891 17.8235 17.0542 16.967 16.9258 16.5448
threshold=3.5000000000000004 4.6250000000000009 -0.027500000000000246 5.6250000000000009 2.5000000000000004 12.500549450549451 0.038333333333332657 1.6899999999999999 33.900000000000006 -0.16816666666666588 31.500000000000004 0.11543186543186536 -0.0033333333333324497 0.15543281722456045 3.0850000000000004 0.15607701012325287 0.15958349889824083 0.13678528416585417 31.102000000000004 26.500000000000004 38.800000000000004 26.400000000000002 29.300000000000001 5.3450000000000006 0.24726874875671373 0.68301270189221941 7.0369395711500982 0.011666666666666251 0.24999999999999997 6.6850000000000014
decision_type=8 10 8 2 10 2 8 2 2 10 2 2 8 2 8 2 2 2 2 2 2 2 2 2 2 2 2 8 2 10
left_child=2 3 8 14 5 -4 9 -7 -1 -3 17 16 21 -14 -2 -11 -5 18 29 -12 -13 -6 23 -17 -24 -25 -19 -16 -21 -9
right_child=1 6 4 11 12 7 -8 10 -10 15 19 20 13 -15 27 22 -18 26 -20 28 -22 -23 24 25 -26 -27 -28 -29 -30 -31
leaf_value=-0.0017374150357471415 -0.025370666507274056 -0.00940168076055772 0.010462969310669777 -0.02681730367943801 0.013753772659018747 0.0077105278904858691 -0.012419599820405889 0.056654411350992064 0.0089725818547201422 -0.0043255570958805325 0.035702169766421391 -0.015364769510670763 -0.0096057709982160736 0.00598844402993042 0.0031904636294129221 0.046634992354327158 -0.014990096484170615 0.010176848827837641 0.062082994950434414 -0.024622716748994689 0.022031609568624072 -0.004148323351577725 0.01354703251154063 -0.0029024127245967459 -0.014741779318989269 0.0093076872260554125 0.026156152687771834 -0.0099794625174468854 0.024659888395963305 0.020950037622457836
leaf_weight=3430.7410351336002 105.43106965720654 781.85150462388992 1669.7529434561729 1215.6704894304276 1069.5702394843102 426.13858525454998 776.77464391291142 35.337405294179916 991.08603286743164 906.7348059117794 552.25799539685249 1928.8313771188259 349.99334172904491 831.10987924039364 623.13656565546989 22.400136053562164 482.36535973846912 566.91039176285267 42.342786818742752 23.98337085545063 33.037530139088631 156.35976548492908 624.67101246118546 1007.8218531310558 61.38362480700016 424.88148593902588 236.69191624224186 402.53413231670856 63.684084415435791 396.5082338899374
leaf_count=15419 503 3672 7091 6009 4582 1804 3646 146 4353 4128 2253 9345 1555 3615 2832 98 2343 2362 173 99 159 686 2767 4554 274 1900 984 1832 259 1637
internal_value=1.12641e-05 -0.00901643 0.00783586 -0.0153295 0.0127757 0.0165315 -0.00245052 0.0208547 0.00066307 -0.000428524 0.0237755 -0.0187819 0.00651304 0.00136745 -0.00415863 0.00187329 -0.0234575 0.0194852 0.0272838 0.0323424 -0.014735 0.0114705 0.00449837 0.00142545 0.0110159 0.000718606 0.0148834 -0.0019782 0.0111775 0.0238717
internal_weight=20240 9397.53 10842.5 4791.01 6420.64 4013.61 4606.52 2343.85 4421.83 3829.74 1917.72 3659.9 2407.03 1181.1 1131.1 3047.89 1698.04 1277.79 474.188 639.925 1961.87 1225.93 2141.16 1455.1 686.055 1432.7 803.602 1025.67 87.6675 431.846
internal_count=91080 44062 47018 23023 27246 16808 21039 9717 19772 17393 7913 17856 10438 5170 5167 13721 8352 5302 1956 2611 9504 5268 9593 6552 3041 6454 3346 4664 358 1783
is_linear=0
shrinkage=0.05


Tree=38
num_leaves=31
num_cat=0
split_feature=125 18 138 103 18 18 130 90 88 36 125 110 123 89 141 172 34 9 108 88 18 140 180 36 98 53 30 127 18 131
split_gain=545.394 101.077 99.4418 51.8162 41.8335 38.416 34.3379 29.9461 29.6541 30.6627 28.905 26.2901 24.6917 24.2608 23.4503 21.6545 21.5352 20.4999 22.6406 18.3522 22.6549 18.0274 17.9355 19.6981 17.9265 17.7101 17.6451 18.485 17.0242 16.7536
threshold=3.5000000000000004 4.2550000000000008 0.20000000000000004 3.5000000000000004 6.1250000000000009 2.8350000000000004 5.3050000000000006 1.5373333333333339 1.1300000000000003 31.900000000000002 2.5000000000000004 -0.023333333333332946 3.5000000000000004 5.7536666666666676 3.5000000000000004 0.35903110047846892 6.1500000000000012 7.1050000000000013 0.12666666666666648 1.6800000000000006 4.9750000000000005 3.5000000000000004 5.1339743589743607 22.900000000000002 0.010000000000000153 16.500000000000004 4.6500000000000012 1.5000000000000002 5.1750000000000007 4.5000000000000009
decision_type=8 10 2 8 10 10 2 10 10 2 10 8 8 2 2 2 2 8 10 10 10 2 2 2 10 2 2 8 10 2
left_child=2 5 7 12 11 -2 -7 10 9 13 17 -4 21 16 -5 -8 -6 18 22 -13 -21 28 23 -1 -9 -11 27 -23 -3 -27
right_child=1 3 4 14 8 6 15 24 -10 25 -12 19 -14 -15 -16 -17 -18 -19 -20 20 -22 26 -24 -25 -26 29 -28 -29 -30 -31
leaf_value=0.0030094775282073741 -0.034777232323028685 -0.0048426467268888754 0.017773357751374171 -0.0064870247250010437 0.057893538144826007 -0.0023406270537931046 -0.021425352505500726 0.096413914035041487 0.025740175748438666 0.01761887103540245 -0.0023371088386269609 0.002193366280269048 -0.0080478071612222687 1.0718991985919739e-05 -0.015727256448881708 -0.011190222782701372 0.013967603507660607 -0.022316918517048978 0.069113885914415515 -0.0015530524132377609 0.018518763551913106 0.13956703360842587 -0.0046415069265000278 0.010867096792488595 0.020252471770001255 0.052128686169033558 0.0078238188683389508 0.030603626365755893 0.005742336098602527 0.0043841974298623699
leaf_weight=1522.5858711600304 267.02692987024784 895.505491361022 662.39342844486237 1832.5385982394218 30.244283974170685 452.55867454409599 1339.0028766542673 13.204679250717165 897.87386208772659 186.94873607158661 1626.0295811146498 1120.5631702840328 785.6858044564724 415.34150668978691 1098.0591638982296 841.5686136931181 360.40843194723129 64.218206539750099 14.236509919166563 199.11490581929684 478.22604787349701 4.4148901402950278 360.31510603427887 1675.0717746913433 18.62236413359642 91.789389953017235 489.38574743270874 32.87784643471241 659.6966261267662 22.972399055957794
leaf_count=7327 1484 4518 3041 9414 140 2281 7145 60 4006 863 7993 5323 4036 1984 5748 4458 1685 312 68 922 2167 22 1724 7945 85 423 2422 163 3214 107
internal_value=1.8563e-05 -0.00908556 0.00813222 -0.00527364 0.0136273 -0.0167066 -0.014874 0.00349694 0.0189872 0.0135134 0.0032045 0.0092581 -0.000495279 0.00842369 -0.00994923 -0.0174752 0.0173683 0.00568243 0.00618578 0.00612086 0.0126183 0.00235499 0.00593398 0.00712564 0.051851 0.0271101 0.0103502 0.0435032 -0.000352634 0.0425715
internal_weight=18458.5 8698.32 9760.16 5798.16 4465.88 2900.16 2633.13 5294.28 2005.58 1107.7 5262.46 2460.3 2867.57 805.994 2930.6 2180.57 390.653 3636.43 3572.21 1797.9 677.341 2081.88 3557.97 3197.66 31.827 301.711 526.678 37.2927 1555.2 114.762
internal_count=91080 44905 46175 29537 20661 15368 13884 25514 9208 5202 25369 11453 14375 3809 15162 11603 1825 17376 17064 8412 3089 10339 16996 15272 145 1393 2607 185 7732 530
is_linear=0
shrinkage=0.05


Tree=39
num_leaves=31
num_cat=0
split_feature=126 126 126 119 37 119 37 112 112 49 19 16 85 90 112 96 62 9 37 33 13 97 88 112 120 89 54 40 16 64
split_gain=843.159 122.565 102.428 68.0301 45.2782 41.3415 30.9748 27.5899 22.7875 22.3213 21.8613 20.682 19.6131 19.4926 18.8089 18.3819 15.9507 15.533 15.479 19.0844 16.755 17.4778 15.355 15.2414 14.7066 14.6268 14.3857 16.9817 16.1791 19.5452
threshold=3.5000000000000004 5.5000000000000009 2.5000000000000004 3.370000000000001 13.150000000000002 2.5450000000000013 16.950000000000003 0.029999999999999753 0.0099999999999992508 0.17407773386034253 6.5450000000000008 6.5950000000000006 2.5000000000000004 -2.2199999999999998 0.048333333333334158 6.8650000000000011 0.18675410863311401 7.3150000000000004 20.650000000000002 24.400000000000002 6.7250000000000005 0.044999999999999908 0.38999999999999996 -0.029999999999999746 0.19673793768496659 5.7008333333333336 10.500000000000002 2.7500000000000004 4.9850000000000012 0.17583581672564721
decision_type=8 8 10 2 2 2 2 8 8 2 10 10 2 8 8 2 2 8 2 2 10 2 10 8 2 2 2 2 10 2
left_child=2 4 5 9 8 14 22 -6 13 23 -8 -12 -4 15 18 -2 -13 -10 20 -20 21 -1 -7 -3 -15 -14 27 -24 29 -28
right_child=1 3 12 -5 7 6 10 -9 17 -11 11 16 25 24 -16 -17 -18 -19 19 -21 -22 -23 26 -25 -26 -27 28 -29 -30 -31
leaf_value=0.11290434157824281 0.00056452767401596836 -0.0079891520371521557 -0.0015512599499892222 -0.03585807330605096 -0.00012307429360881609 0.0066001939702062945 0.019071732422288119 -0.011232326113468007 -0.018585448151676242 -0.0064409475319138062 0.027038968338671782 0.066707450518562028 0.011363984121439684 0.0035607975927685574 -0.0016942488507499668 0.15938543562512919 0.022465007280925972 0.091794563274666299 0.018504158674193968 -0.0064751953995509579 0.0047886105587320671 0.019650763048953756 0.076368994162870185 -0.022316869151763379 -0.011282349902975235 0.00087251020488899862 0.013111594839710444 0.023414401041271394 0.0049950284487149214 0.085562645886509039
leaf_weight=5.2007701992988578 3.993064671754837 225.24763612449169 1140.9662985950708 622.70587900280952 1892.8815433532 515.525131508708 1089.9342447072268 793.02862112224102 1076.2866698354483 414.09090109169483 629.38344788551331 62.644641190767288 854.15715229511261 202.17614588141441 276.07086215913296 3.3506015092134476 30.190610066056252 3.1967129856348029 947.46692533791065 83.176661759614944 807.49982683360577 148.27408717572689 16.039330258965492 1054.8866497129202 955.8541674464941 543.66033843159676 25.643685817718506 269.88964414596558 225.00320473313332 14.613464146852492
leaf_count=30 25 1472 6891 4427 11955 2913 5956 5168 7108 2671 3403 325 5000 1283 1587 21 158 21 5279 466 4668 858 87 7015 6118 3269 141 1465 1220 80
internal_value=-6.17644e-06 -0.0122406 0.0115315 -0.0217259 -0.00778346 0.0155857 0.019563 -0.00340314 -0.0130244 -0.0165317 0.0235421 0.0302886 0.00331302 -0.00817599 0.0105365 0.0730277 0.0523195 -0.0182586 0.0122319 0.0164882 0.00766689 0.0228108 0.0128031 -0.0197958 -0.00869094 0.00728348 0.0186047 0.0263849 0.0102182 0.0394115
internal_weight=14933 7247.7 7685.34 2316.93 4930.77 5146.56 2878.87 2685.91 2244.86 1694.23 1812.15 722.219 2538.78 1165.37 2267.69 7.34367 92.8353 1079.48 1991.62 1030.64 960.975 153.475 1066.71 1280.13 1158.03 1397.82 551.189 285.929 265.26 40.2571
internal_count=91080 47284 43796 15585 31699 28636 15748 17123 14576 11158 9842 3886 15160 7447 12888 46 483 7129 11301 5745 5556 888 5906 8487 7401 8269 2993 1552 1441 221
is_linear=0
shrinkage=0.05


Tree=40
num_leaves=31
num_cat=0
split_feature=127 20 127 20 105 114 119 32 127 114 66 127 143 18 119 10 127 13 7 88 112 40 88 165 53 38 122 28 13 44
split_gain=978.959 177.68 131.434 61.5466 45.3176 40.6158 34.0094 21.8364 21.66 20.1836 20.0599 18.8802 18.7054 23.3438 17.8714 17.6568 17.1501 16.7187 15.7206 15.5492 19.524 15.9588 19.7564 17.5334 19.6382 17.3038 15.4859 17.3554 20.194 15.3231
threshold=3.5000000000000004 2.6750000000000003 1.5000000000000002 4.7950000000000008 3.5000000000000004 0.0033333333333315503 2.3550000000000009 3.9000000000000004 2.5000000000000004 0.06666666666666686 0.16618493488267189 2.5000000000000004 3.5000000000000004 2.3950000000000005 2.7849999999999997 1.7500000000000002 5.5000000000000009 6.8550000000000013 6.6850000000000014 1.0850000000000002 0.065000000000000765 13.250000000000002 -2.6649999999999991 0.10989832597309231 8.5000000000000018 28.300000000000004 0.19141390553860624 44.100000000000001 6.6150000000000011 5.4500000000000002
decision_type=8 10 10 10 8 8 2 2 10 8 2 10 2 10 2 8 10 8 10 10 8 2 8 2 2 2 2 2 8 2
left_child=2 -2 6 5 8 16 26 14 12 10 29 -6 13 -4 -8 17 -3 -5 -16 21 -21 -12 -23 24 -24 -26 27 -1 -29 -9
right_child=1 3 4 15 11 -7 7 9 -10 -11 19 -13 -14 -15 18 -17 -18 -19 -20 20 -22 22 23 -25 25 -27 -28 28 -30 -31
leaf_value=0.011508673944325306 -0.037437576859075811 -0.004055496740340417 0.12148757169394329 -0.0013967291490939496 0.0091992151653789503 -0.02060259644675503 0.093026253298742617 0.012082245380882435 0.009440792344258828 0.00020190797949689047 0.0092957943929081795 -0.00086064693838806101 0.013041760800019085 0.025787102498960809 -0.020629522124236223 0.055308579845778971 -0.016160734145748312 -0.010315772188613286 0.050672957619799799 0.032411140949149479 0.10012369203472016 0.14587538523756691 0.017163016449603524 0.011123249367488097 0.049671740106904144 0.12491516487772961 0.0073870665665847993 0.12829621644710751 0.029936651455695341 0.040373949957268181
leaf_weight=181.95093423128128 723.05372227728367 756.73550379276276 6.4547769576311103 1310.9322880655527 924.24932336062193 1735.2237738966942 22.460227847099304 53.282368630170822 858.15260987728834 57.561622954905033 211.02261343598366 941.52542898058891 456.68416851758957 497.49392355978489 8.8113422691822034 12.215818382799624 477.03490513563156 876.86777009814978 63.012783095240593 117.04250504076481 11.710777997970579 3.5949800610542297 37.8378054946661 82.728829950094223 35.027170896530151 9.7727526873350126 260.65094834566116 5.3451059013605109 219.96324944496155 470.25388848781586
leaf_count=1308 7049 6273 43 10846 6674 15373 142 354 6517 401 1420 7409 3234 3481 58 101 4162 7289 405 757 75 24 251 559 234 64 1930 34 1557 3056
internal_value=-3.6865e-05 -0.0142223 0.0150593 -0.0109749 0.00959755 -0.0156714 0.0259254 0.0310141 0.0152138 0.029017 0.0306237 0.00412271 0.020371 0.0270129 0.0540987 -0.00463676 -0.00873596 -0.00497147 0.0419256 0.023553 0.0385699 0.0184647 0.0299161 0.0273952 0.0436851 0.0660855 0.0169037 0.0229945 0.0322701 0.0374946
internal_weight=11428.7 5892.06 5536.59 5169.01 3684.56 2968.99 1852.03 1184.12 1818.79 1089.84 1032.27 1865.77 960.633 503.949 94.2844 2200.02 1233.77 2187.8 71.8241 508.737 128.753 379.984 168.962 165.367 82.6377 44.7999 667.91 407.259 225.308 523.536
internal_count=91080 51093 39987 44044 27358 25808 12629 7800 13275 7195 6794 14083 6758 3524 605 18236 10435 18135 463 3384 832 2552 1132 1108 549 298 4829 2899 1591 3410
is_linear=0
shrinkage=0.05


Tree=41
num_leaves=31
num_cat=0
split_feature=128 128 128 119 119 21 116 21 21 163 20 109 30 47 116 0 38 27 89 92 35 145 7 23 181 112 62 181 182 32
split_gain=1167.87 216.782 142.713 74.4419 59.8927 47.968 34.5616 32.9204 27.554 26.2775 24.6659 24.8093 24.0458 22.6484 21.5511 21.163 20.4999 19.1508 19.2023 18.9 19.198 18.3219 17.9383 22.4925 17.4235 30.353 17.2577 20.8868 21.266 16.9669
threshold=3.5000000000000004 1.5000000000000002 5.5000000000000009 2.2150000000000003 3.1050000000000009 6.0950000000000006 0.011833333333333952 1.8750000000000002 7.2150000000000007 0.33840336134453791 1.6650000000000003 0.25499999999999995 19.700000000000003 0.20705187946567258 -0.0083333333333323479 7.5000000000000009 4.6500000000000012 4.5000000000000009 5.4373333333333349 9.5000000000000018 28.300000000000004 -0.075168968214413184 7.3750000000000009 40.500000000000007 5.9085454545454565 0.023999999999999553 0.17064169239937158 10.523157894736842 9118.9381652560096 10.400000000000002
decision_type=8 10 8 2 2 10 8 10 10 2 8 8 2 2 8 2 2 2 2 2 2 2 8 2 2 10 2 2 2 2
left_child=1 3 6 12 9 10 21 -4 13 14 24 -12 -1 -5 26 -10 19 -7 29 -11 -21 -2 -8 -24 -6 -26 27 -3 -29 -19
right_child=2 4 7 8 5 17 22 -9 15 16 11 -13 -14 -15 -16 -17 -18 18 -20 20 -22 -23 23 -25 25 -27 -28 28 -30 -31
leaf_value=0.025129054664423396 0.008828957559296453 0.016445979136329638 -0.040293047767708368 0.041093012404148879 0.030427811020448295 0.13930367783028275 -0.01775958987773819 -0.025300370400182178 0.069275365700891142 0.042493920050595248 0.0079067935263041258 0.16109429852398954 0.00075633619343459238 0.022233494391265041 -0.0023486090955082543 0.032575826330191023 0.015369487868270372 0.061205492984827074 0.017293688775309606 0.22068443895612858 0.03653426829920009 -0.0077247876089015875 0.23171132259654717 -0.019584830250820643 0.23498165424584683 -0.0056090131943628907 0.0014708195957771428 0.19611712300123685 0.021626749260178102 0.024430306156436869
leaf_weight=271.6993211209774 199.85852804034948 284.24220943450928 515.4755182787776 728.42147526890039 105.61268120259047 4.8397872522473326 1049.2696594446898 1263.8405403494835 128.78701031953096 22.688456654548649 486.6980278044939 2.6574916914105406 161.26160646229982 203.70869521051645 923.02883797883987 56.522740110754967 106.64174414426088 96.379369787871838 70.138936966657639 3.3782709762454024 2.4357610121369362 1021.5122746452689 1.6264623850584023 1.9677166268229482 2.8307448253035536 2.4417253881692886 300.63590282201767 3.30124807357788 3.7068461924791336 46.49447713047266
leaf_count=2723 2312 2992 7290 6191 1014 43 13040 16363 1052 239 5070 27 1664 1776 10084 473 1141 851 681 35 26 12216 20 24 23 22 3199 32 38 419
internal_value=-0.000101095 0.019 -0.0190372 0.0336524 0.00979583 0.0208575 -0.0107389 -0.0296438 0.0404722 0.00431152 0.0135635 0.00873869 0.0160511 0.0369714 0.00242693 0.0580814 0.0254371 0.0409542 0.0387197 0.0631047 0.143536 -0.00501602 -0.0173776 0.0941334 0.0348562 0.123562 0.00987423 0.0185484 0.103823 0.049238
internal_weight=8072.1 4018.55 4053.55 1550.4 2468.15 818.093 2274.23 1779.32 1117.44 1650.06 600.241 489.356 432.961 932.13 1514.92 185.31 135.144 217.853 213.013 28.5025 5.81403 1221.37 1052.86 3.59418 110.885 5.27247 591.886 291.25 7.00809 142.874
internal_count=91080 39815 51265 13879 25936 8150 27612 23653 9492 17786 6156 5097 4387 7967 16345 1525 1441 1994 1951 300 61 14528 13084 44 1059 45 6261 3062 70 1270
is_linear=0
shrinkage=0.05


Tree=42
num_leaves=31
num_cat=0
split_feature=34 123 123 98 3 34 94 49 34 55 170 21 58 28 54 54 175 19 34 122 29 28 99 167 136 130 21 62 125 107
split_gain=252.038 64.9659 48.5696 33.9599 31.4387 30.6485 27.0109 23.7987 23.9298 21.1936 20.2132 18.0247 16.809 16.318 16.017 14.5019 14.2758 17.0155 14.788 16.6822 14.157 15.909 24.0663 15.1903 20.1531 14.4842 14.2573 13.9478 16.4097 15.6375
threshold=17.300000000000001 1.5000000000000002 1.5000000000000002 0.079999999999999558 17.450000000000003 26.800000000000001 -0.5 0.080322580645161262 13.150000000000002 11.500000000000002 24.072069061542752 4.0250000000000012 0.24023185196369554 8.9000000000000004 8.5000000000000018 6.5000000000000009 2.3333333333333339 4.9450000000000012 36.20000000000001 0.13486618060920708 5.5000000000000009 36.600000000000001 -0.016666666666666996 0.26893654013329477 2.2500000000000004 4.8650000000000011 3.4850000000000008 0.17064169239937158 1.5000000000000002 0.16500000000000001
decision_type=2 10 8 10 10 2 2 2 2 2 2 10 2 2 2 2 2 10 2 2 2 2 10 2 2 2 8 2 8 10
left_child=1 3 20 -1 10 11 9 14 15 13 -3 12 -4 -7 -6 -9 18 -18 -11 -20 23 22 -22 -2 -25 26 -24 28 29 -13
right_child=2 4 5 -5 7 6 -8 8 -10 16 -12 27 -14 -15 -16 -17 17 -19 19 -21 21 -23 25 24 -26 -27 -28 -29 -30 -31
leaf_value=-0.016492016412890009 -0.018309251718490373 0.0032726933153716139 0.010465603327584198 -0.00079943115484535959 0.0056880355577192615 0.075957205301135089 0.0088301176904296719 -0.0054278833203455258 -0.0021528488424809936 0.025261389825844888 -0.0066800742619568731 0.014108783793054511 0.042341303875237823 0.010340842432431892 -0.0063782532511739631 -0.017633715603314858 0.034359571577675142 -0.021490255495571819 0.00047994185286667995 0.05618697568539599 -0.0038770388748251661 -0.0011608793299682479 0.032953406573383491 0.11381468541850943 0.0014680262133144458 0.028777028611836189 0.14027249853893375 0.00062350085923106632 0.004456582393556373 0.063967399905239128
leaf_weight=1816.4714616239071 194.58621895313263 1893.6993904858828 820.73206363618374 425.52309583127499 480.3159726113081 9.7114191949367505 1481.3957537710667 331.59188817441463 588.66421569883823 256.786705955863 698.23117585480213 365.39495873451233 43.553028166294098 389.28727529942989 643.47507834434509 914.4502297192812 25.351602181792259 29.515133038163185 15.87279726564884 87.655145466327667 41.634222507476807 1205.986392468214 5.3611685484647724 4.8667341768741634 22.201903343200684 23.863915055990219 7.3205138444900522 1604.2273105531931 1291.9795616418123 16.433550670742989
leaf_count=11386 1131 10963 4522 2525 2817 49 8099 1983 3520 1329 4218 1965 231 2079 3806 5566 130 155 79 442 237 7040 30 28 130 135 41 9092 7264 88
internal_value=5.86163e-05 -0.00633034 0.00632589 -0.0135136 -0.00342879 0.00821673 0.012851 -0.00695099 -0.0104607 0.0201669 0.000591552 0.00564855 0.0120719 0.0119379 -0.00122104 -0.0143855 0.0280751 0.00431559 0.0316931 0.047646 -0.0017581 0.000256077 0.0221138 -0.0134273 0.0216671 0.0517236 0.0949035 0.00395497 0.00714795 0.0162547
internal_weight=15736.1 7792.42 7943.72 2241.99 5550.43 6437.9 2295.58 2958.5 1834.71 814.18 2591.93 4142.32 864.285 398.999 1123.79 1246.04 415.181 54.8667 360.315 103.528 1505.82 1284.17 78.1798 221.655 27.0686 36.5456 12.6817 3278.04 1673.81 381.829
internal_count=91080 46784 44296 13911 32873 35524 12362 17692 11069 4263 15181 23162 4753 2128 6623 7549 2135 285 1850 521 8772 7483 443 1289 158 206 71 18409 9317 2053
is_linear=0
shrinkage=0.05


Tree=43
num_leaves=31
num_cat=0
split_feature=17 90 130 124 124 35 17 108 108 140 65 137 130 28 29 170 7 177 165 28 59 130 177 176 170 108 89 19 3 122
split_gain=518.817 122.893 111.473 100.788 57.3695 43.2325 38.6901 37.3039 34.4765 26.6602 25.1141 24.963 24.522 23.3521 22.0875 21.7374 20.6799 20.5999 20.2438 19.6239 19.2179 19.0146 18.5103 17.8984 17.8617 17.6923 17.0708 16.8267 16.1104 15.95
threshold=4.7650000000000006 0.46833333333333421 5.6050000000000013 2.5000000000000004 2.5000000000000004 26.200000000000006 3.6950000000000007 0.0049999999999994008 0.026666666666665905 1.5000000000000002 0.096468964288894815 0.33333333333333343 6.1750000000000007 22.650000000000002 24.750000000000004 7.9936190476190481 7.3150000000000004 5.3511006289308183 0.10420246277205036 56.350000000000009 0.12038174538174531 5.5650000000000004 2.0010000000000003 16.160188679245287 18.751136363636366 0.035000000000000558 6.8241666666666676 3.3750000000000004 18.750000000000004 0.14567651671947265
decision_type=10 10 2 10 10 2 10 8 8 2 2 2 2 2 2 2 8 2 2 2 2 2 2 2 2 8 2 10 10 2
left_child=2 4 10 11 5 13 22 24 9 20 -1 -3 -10 -2 25 26 19 28 -19 -13 -5 -17 -4 27 -6 -8 -7 -12 -11 -21
right_child=1 3 6 8 7 15 14 -9 12 17 23 16 -14 -15 -16 21 -18 18 -20 29 -22 -23 -24 -25 -26 -27 -28 -29 -30 -31
leaf_value=-0.015727441068693445 -0.011010909563303587 0.0097534245177856513 -0.028874404138585958 -0.012404771658664372 -0.0020853789362172029 0.0048017636268724521 -0.013606967214102454 -0.0089813759288301324 0.009056065689607434 0.0070569484857680833 0.012624276504532711 0.013478619464606493 -0.0097974481412033895 0.0025784411949515392 -0.0042918079844144431 0.062006387158580673 -0.056929263132337038 0.071476846297087518 0.012061247285250196 0.037417455616225143 0.016584789711511738 0.014462096522543204 -0.003133526408408872 0.01359008911817167 0.0076150356803812982 -0.022688239072740951 0.040736751004568313 -0.003636482455463377 -0.0044019217981107238 0.023022159248175661
leaf_weight=249.57675641775131 378.77653835713863 530.03926683962345 692.58426493406296 60.896303564310074 1412.2424005270004 1274.965836584568 2582.3848657011986 1572.962404936552 256.9035682529211 601.07094265520573 188.62929168343544 443.38124112784863 524.75915139913559 1911.4962669461966 508.80941511690617 21.48024994134903 8.2258953750133497 14.890032216906546 385.37281841039658 236.23689699172974 934.07698103785515 1002.2199257165194 77.673169851303101 250.84704679250717 714.70935027301311 676.91765870153904 33.928486034274101 1016.127642095089 626.389757335186 1037.5608035624027
leaf_count=1176 1706 2207 3575 268 6417 5566 12438 7263 1145 2644 828 1830 2384 8437 2434 92 35 65 1673 944 4033 4280 379 1104 3192 3285 146 4553 2775 4206
internal_value=1.13133e-05 0.00536241 -0.0119726 0.0110467 0.00149691 0.00521069 -0.0160678 -0.00314329 0.00561576 0.00836271 -0.0010732 0.019244 -0.003601 0.000330968 -0.0139805 0.0100019 0.0221595 0.00442138 0.0142715 0.0225384 0.0148105 0.0154597 -0.0262787 0.00143941 0.0011742 -0.015493 0.00573325 -0.00109053 0.00120933 0.0256919
internal_weight=20226.1 13982.6 6243.55 5659.8 8322.78 4622.87 4538.37 3699.91 3404.36 2622.7 1705.18 2255.44 781.663 2290.27 3768.11 2332.59 1725.4 1627.72 400.263 1717.18 994.973 1023.7 770.257 1455.6 2126.95 3259.3 1308.89 1204.76 1227.46 1273.8
internal_count=91080 61308 29772 24209 37099 20227 22111 16872 14987 11458 7661 9222 3529 10143 18157 10084 7015 7157 1738 6980 4301 4372 3954 6485 9609 15723 5712 5381 5419 5150
is_linear=0
shrinkage=0.05


Tree=44
num_leaves=31
num_cat=0
split_feature=125 18 88 130 18 110 36 110 30 18 172 125 179 90 123 47 141 130 145 66 3 61 50 46 18 90 107 21 34 168
split_gain=493.989 136.869 90.4495 64.1803 58.0822 39.2754 35.14 23.8116 23.2858 22.6357 21.7025 20.2784 18.5729 18.544 18.2302 18.0775 17.5382 17.4995 20.8589 16.7515 16.0007 20.9848 17.5452 15.9687 14.996 14.9915 15.5949 14.8704 15.8831 14.8344
threshold=4.5000000000000009 5.3250000000000011 1.1300000000000003 6.035000000000001 3.6050000000000004 0.0016666666666664504 33.95000000000001 0.011666666666666251 29.300000000000001 4.9350000000000014 0.70032894736842122 2.5000000000000004 4.8302542372881367 1.2916666666666667 2.5000000000000004 0.077524038461538464 3.5000000000000004 5.6250000000000009 0.13538999174936348 0.32173123486682814 24.950000000000003 0.13340874811463047 0.12318229715489987 0.3532382650029709 6.1350000000000007 0.021666666666666903 0.25499999999999995 7.2350000000000012 8.9500000000000011 0.11910148674854552
decision_type=8 10 10 2 10 8 2 8 2 10 2 10 2 10 8 2 2 2 2 2 10 2 2 2 10 10 8 10 2 2
left_child=1 3 6 8 -2 14 7 12 19 16 -5 -9 25 24 15 -6 -7 20 -19 -1 -10 -22 -23 -8 -4 -3 -27 28 -26 -30
right_child=4 2 13 10 5 9 23 11 17 -11 -12 -13 -14 -15 -16 -17 -18 18 -20 -21 21 22 -24 -25 27 26 -28 -29 29 -31
leaf_value=0.0017931991911359581 -0.024921421853706806 0.0050963409590648046 0.0091485196439815529 -0.013049618709600145 0.0082931971897986477 -0.012930630744668204 0.011503142482001761 0.0037200619182561263 0.019303676001846914 -0.0072898549606272914 -0.0028511758870428637 -0.0066134670712120359 -0.0012410586085918338 0.02415567387472287 -0.010228416051739053 -0.0054633061431458583 -0.022830584509204666 -0.0062544090646766588 0.11178698132938739 0.047425210842847759 0.022847776539275434 0.13086969523363062 0.029657036441958114 0.029258439870927605 0.033865800108711652 0.012193638818225078 0.084198432631589104 -0.019757691615261159 0.022345418115407412 0.0075569770382166689
leaf_weight=1948.0423652678728 820.57411329448223 1446.1293438524008 743.18994803726673 1116.1197341531515 359.99611993134022 929.91916246712208 998.80252407491207 1259.849341660738 99.629582285881042 738.25536401569843 979.41237257421017 761.86503091454506 595.61449785530567 693.46585585176945 998.03601156175137 709.45601657032967 862.09878820180893 70.379240572452545 3.9527038037776938 20.32173889875412 21.415761530399323 12.170585393905641 6.605889603495597 145.02147144079208 163.57530595362186 1198.6701644510031 7.5671511590480796 24.402094781398773 435.82079580426216 277.58295035362244
leaf_count=9478 4536 6990 3445 5700 1807 4932 4689 6034 474 3811 4957 3821 2870 3076 5186 3573 4646 348 20 99 101 58 32 674 726 5658 35 113 1942 1249
internal_value=2.0275e-05 0.00529649 0.00887941 -0.00203306 -0.0126676 -0.0104806 0.00581033 0.00408605 0.00396783 -0.0146579 -0.00828306 -0.000174036 0.00673775 0.0172983 -0.00536825 -0.000832629 -0.0176933 0.0196255 2.26049e-05 0.00226431 0.0300468 0.056677 0.0952613 0.0137543 0.0144067 0.00852946 0.0126454 0.0187421 0.0198134 0.0165913
internal_weight=18447.9 13029.6 8751.56 4278.05 5418.34 4597.76 6413.52 5269.7 2182.52 2530.27 2095.53 2021.71 3247.98 2338.04 2067.49 1069.45 1792.02 214.154 74.3319 1968.36 139.822 40.1922 18.7765 1143.82 1644.57 2652.37 1206.24 901.381 876.979 713.404
internal_count=91080 62589 41322 21267 28491 23955 30771 25408 10610 13389 10657 9855 15553 10551 10566 5380 9578 1033 368 9577 665 191 90 5363 7475 12683 5693 4030 3917 3191
is_linear=0
shrinkage=0.05


Tree=45
num_leaves=31
num_cat=0
split_feature=126 19 126 19 112 142 85 89 89 56 112 119 85 112 37 112 112 90 18 3 85 37 112 108 28 53 13 7 49 112
split_gain=762.914 116.869 90.6042 47.4687 37.5458 36.6055 33.0644 25.7223 22.2437 19.8284 20.1777 19.3964 19.6768 19.1713 18.1538 18.3304 18.0899 17.2345 16.8326 20.6621 16.4083 15.5356 16.5524 15.1157 18.1137 16.2585 15.0248 14.9903 14.8123 14.4812
threshold=3.5000000000000004 3.7950000000000004 2.5000000000000004 5.0750000000000011 0.0083333333333323514 2.5000000000000004 1.5000000000000002 5.1641666666666683 4.8836666666666675 45.500000000000007 0.0099999999999992508 2.1550000000000011 3.5000000000000004 0.023999999999999553 18.900000000000002 -0.028333333333333748 -0.005000000000000249 1.0000000000000004 5.8550000000000013 6.3500000000000005 2.5000000000000004 31.700000000000006 0.043333333333334258 -0.031666666666666642 65.800000000000026 39.500000000000007 6.6150000000000011 7.0450000000000008 0.17262664963814392 0.023999999999999553
decision_type=8 10 10 10 8 2 2 2 2 2 8 2 2 8 2 8 10 8 10 8 2 2 8 8 2 2 10 8 2 8
left_child=2 6 5 4 7 9 -2 -3 -8 10 18 29 26 17 27 -16 -14 -4 19 -1 -21 -15 -23 -22 25 -25 -13 -5 -9 -7
right_child=1 3 13 14 -6 11 8 28 -10 -11 -12 12 16 21 15 -17 -18 -19 -20 20 23 22 -24 24 -26 -27 -28 -29 -30 -31
leaf_value=-0.0069730757492026257 -0.034244429152246257 -0.0013677004670881276 0.0029507122144121758 -0.0085444015015432775 -0.01694486270234654 0.0084854310043498814 -0.012590266662508785 -0.017323794525945339 -0.028867995649855045 0.036536306224273951 0.012000261185039038 0.057514888978055158 0.011897190382976885 -0.0054287361705853913 0.014814021006882531 -0.0013358328389057421 0.026838437046452612 0.013984501859538482 0.01167729703947501 0.011860261736818308 0.015531174678813667 0.042988776491311498 -0.0031352004802575849 0.024926761815490094 0.045185162666283571 0.061280858182327563 0.0079913822294886815 0.024310563488217661 -0.0015586331833096663 -0.0058307182057587221
leaf_weight=50.257062420248985 541.58252073824406 980.33486640453339 1233.0200288146734 967.64258962869644 1868.3624580949545 621.94624312222004 567.47063799202442 604.74585302174091 333.0496267080307 150.6308396011591 915.18304568529129 15.561077684164045 409.34980158507824 737.63983698189259 221.14045415818691 855.08510746061802 401.06661792099476 496.38010996580124 339.24086272716522 176.31289313733578 179.58124603331089 35.884498924016953 42.475020110607147 510.98169822990894 186.16453923285007 32.724393397569656 969.71580603718758 36.009363204240799 197.70130136609077 246.70961457490921
leaf_count=268 3954 6187 7356 6220 12531 3608 3828 3968 2362 788 4941 83 2249 4445 1320 5401 2211 2898 1845 944 952 210 251 2718 962 174 5437 230 1283 1456
internal_value=-7.68922e-06 -0.011759 0.0108677 -0.00855753 -0.011992 0.014648 -0.0244818 -0.00680142 -0.0186104 0.0189414 0.0178327 0.0105532 0.0135204 0.003137 -0.00252841 0.0019826 0.0192915 0.00611768 0.0214508 0.0243694 0.0258201 -0.00318014 0.0179871 0.0285265 0.0317239 0.0271148 0.00877354 -0.00736562 -0.0134397 0.00441946
internal_weight=14924 7173.12 7750.83 5731.02 3651.14 5205.43 1442.1 1782.78 900.52 2541.08 2390.45 2664.35 1795.69 2545.4 2079.88 1076.23 810.416 1729.4 1475.26 1136.02 1085.76 815.999 78.3595 909.452 729.871 543.706 985.277 1003.65 802.447 868.656
internal_count=91080 47284 43796 37140 23969 28636 10144 11438 6190 13592 12804 15044 9980 15160 13171 6721 4460 10254 7863 6018 5750 4906 461 4806 3854 2892 5520 6450 5251 5064
is_linear=0
shrinkage=0.05


Tree=46
num_leaves=31
num_cat=0
split_feature=127 20 127 127 105 119 62 105 171 117 20 18 17 66 112 112 168 54 35 109 110 176 122 118 20 162 114 169 67 48
split_gain=887.487 171.866 114.919 59.3953 40.4882 29.2154 28.8378 25.0415 19.9395 19.4417 19.4053 29.3099 22.2315 22.0264 22.2715 18.7291 18.5927 20.0065 16.8862 16.637 16.5521 23.0665 25.4902 16.4995 19.7462 16.4564 16.2053 16.0596 15.8201 23.5491
threshold=3.5000000000000004 2.6750000000000003 1.5000000000000002 4.5000000000000009 3.5000000000000004 2.3550000000000009 0.15477402773736784 3.5000000000000004 5.2085622710622728 6.8050000000000006 5.2950000000000008 4.9350000000000014 3.9350000000000005 0.12736488213938743 -0.046000000000000645 -0.064999999999999045 0.18756044487427467 87.500000000000014 6.9000000000000012 0.315 0.021666666666666053 19.375500000000006 0.19251098867120803 3.4950000000000006 5.2950000000000008 1.0304545454545457 -0.010000000000001048 0.20827223851417395 0.25024084778420047 0.17574992574992573
decision_type=8 10 10 10 8 2 2 8 2 2 10 8 10 2 10 10 2 2 2 8 10 2 2 2 10 2 8 2 2 2
left_child=2 -2 5 7 10 -1 26 -3 9 18 -4 -12 13 -13 15 -15 23 -18 27 -9 28 25 -23 24 -6 -22 -5 -7 -11 -30
right_child=1 3 4 6 16 8 -8 19 -10 20 11 12 -14 14 -16 -17 17 -19 -20 -21 21 22 -24 -25 -26 -27 -28 -29 29 -31
leaf_value=0.015872800910724238 -0.03697360762859396 0.0031021761029609708 0.0057300540555433512 -0.011383517284840222 -0.0014111256286892457 0.038072348123832367 -0.008439182999590256 -0.0091031963939022312 0.012193113667801528 0.030046952036699111 0.027421850501274561 0.14944224736182735 0.0097431298464677879 0.028660705436937037 0.021593293604048987 0.19287387664579034 0.010909000918857693 0.12123599662964216 0.022154742385673498 0.11239375021801759 0.035975805111403879 0.15380145263493597 0.025483847075882183 -0.0035441846130943866 0.018524749299812567 0.07664247326853571 -0.020972604454952453 0.10519447891766887 0.1652713751074073 0.0084513243537239317
leaf_weight=677.28605134785175 699.35702477395535 837.15769736468792 485.10401708632708 631.00022845715284 264.97362650930882 82.201600939035416 1233.3738724589348 952.31716229766607 156.71156075596809 274.88323090970516 473.30890422314405 4.2888304591178885 816.99514448642731 3.2491786777973175 54.972931616008282 3.72932544350624 529.52100756019354 4.1412517726421347 527.12058681249619 2.8259943649172774 102.74091427028179 10.811957284808161 6.0280835330486289 840.95680230110884 233.80846379697323 32.825043216347694 1460.1664249375463 9.9949064403772336 5.3481875807046872 4.3338189870119095
leaf_count=4829 7049 6815 3558 5456 2023 517 10493 8137 1056 1741 3309 29 5947 23 383 26 3909 31 3418 24 638 67 39 6403 1717 202 13119 61 33 28
internal_value=-4.2369e-05 -0.013725 0.014155 -0.0105475 0.00904822 0.0241915 -0.0145028 -0.00321067 0.0288363 0.0313055 0.0143128 0.017382 0.0120019 0.0398608 0.0322746 0.116417 0.00387287 0.0117651 0.0256076 -0.00874372 0.0393811 0.0526783 0.107869 0.000729117 0.00793399 0.0458226 -0.0180791 0.045349 0.0322595 0.0950762
internal_weight=11421.5 5816.2 5605.34 5116.84 3715.05 1890.29 3324.54 1792.3 1213 1056.29 1841.65 1356.54 883.235 66.2403 61.9514 6.9785 1873.4 533.662 619.317 955.143 436.971 152.406 16.84 1339.74 498.782 135.566 2091.17 92.1965 284.565 9.68201
internal_count=91080 51093 39987 44044 27358 12629 29068 14976 7800 6744 13275 9717 6408 461 432 49 14083 3940 3996 8161 2748 946 106 10143 3740 840 18575 578 1802 61
is_linear=0
shrinkage=0.05


Tree=47
num_leaves=31
num_cat=0
split_feature=128 128 128 119 119 21 21 116 51 178 42 51 38 20 75 92 19 116 24 116 172 31 112 47 62 68 182 30 105 36
split_gain=1062.34 187.477 138.045 63.5732 52.67 41.4388 33.0692 32.6103 25.6523 26.7819 25.0557 24.3657 37.4457 21.4328 20.4341 20.3414 20.2903 19.9418 31.6492 19.8841 19.6816 17.3405 18.2157 16.9326 16.9307 16.7379 25.9115 17.561 16.5802 16.4494
threshold=3.5000000000000004 1.5000000000000002 5.5000000000000009 2.8850000000000011 3.1050000000000009 6.0950000000000006 1.8750000000000002 0.011833333333333952 0.40138888888888896 5.350892857142858 8.1500000000000021 0.17257053291536054 4.4000000000000012 1.6650000000000003 0.11437908496732026 6.5000000000000009 6.0950000000000006 -0.10166666666666518 55.500000000000007 0.025000000000000754 0.41944875776397517 21.550000000000001 -0.041666666666666442 0.24025316455696202 0.033426443202979501 0.23173754350224937 7440.341590036337 14.050000000000002 3.5000000000000004 18.050000000000001
decision_type=8 10 8 2 2 10 10 8 2 2 2 2 2 8 2 2 10 8 2 8 2 2 8 2 2 2 2 2 10 2
left_child=1 3 7 8 11 13 -4 24 9 10 25 -3 14 -6 -13 20 29 18 -15 -12 28 -10 -23 -14 -2 -1 -27 -28 -16 -17
right_child=2 4 6 -5 5 -7 -8 -9 21 -11 19 12 23 17 15 16 -18 -19 -20 -21 -22 22 -24 -25 -26 26 27 -29 -30 -31
leaf_value=0.036201626234599181 0.013017663988598181 -0.0020815551555780354 -0.040016849154459883 0.041546669629680372 0.032192119347105141 0.037781124211991174 -0.024734868895054305 -0.016855624739107868 0.031117862156761794 -0.005261113640891951 0.022585196714581753 0.02434550754184547 0.010118043154321299 0.029333143563237535 0.021653070280170404 0.0030338787052295972 0.2696225669708851 0.0067620888708898848 0.2443684994138017 -0.001141510985449404 -0.018218880965705581 0.15409322062641106 0.0561535992776565 -0.0069753096719126634 -0.0067370875293918248 0.24790335526039106 -0.0189577967702091 0.13702384838562429 0.2180671519816868 0.15325930970913704
leaf_weight=121.18848127126694 120.39141596108675 817.44175291061401 496.49708733707666 766.89171300828457 114.34784063696861 225.44262690097094 1233.4390169382095 1035.5501684695482 97.331359356641769 106.9980354309082 340.53561964631081 152.06066612154245 453.99623400717974 7.2882714942097646 2.2187442332506198 3.0568481385707837 2.0586801841855049 484.53371930867434 2.2361216247081757 119.21462684869766 7.2527514770627022 5.7073547914624214 28.230782724916935 212.78359127044678 1094.423183336854 2.3789909407496435 3.6746810898184776 3.5453789904713631 2.0833039283752441 4.511776015162468
leaf_count=1129 1423 8851 7290 6032 1059 1994 16363 13084 891 1073 3196 1593 4828 70 22 30 20 5006 21 1168 74 46 254 2304 13105 22 35 33 21 43
internal_value=-0.000114856 0.0177909 -0.0185006 0.0311716 0.00922046 0.0194703 -0.0291208 -0.0103365 0.0215716 0.0177556 0.0219259 0.00406391 0.0100442 0.0126853 0.0307546 0.0767638 0.130443 0.00817047 0.0798188 0.0164328 0.0320391 0.0418488 0.072624 0.00466319 -0.00477934 0.0412357 0.104791 0.0576363 0.116768 0.0925856
internal_weight=8067.31 4087.01 3980.3 1595.7 2491.31 833.849 1729.94 2250.36 828.805 697.536 590.538 1657.46 840.023 608.406 173.243 21.1821 9.6273 494.058 9.52439 459.75 11.5548 131.269 33.9381 666.78 1214.81 130.788 9.59905 7.22006 4.30205 7.56862
internal_count=91080 39815 51265 13879 25936 8150 23653 27612 7847 6656 5583 17786 8935 6156 1803 210 93 5097 91 4364 117 1191 300 7132 14528 1219 90 68 43 73
is_linear=0
shrinkage=0.05


Tree=48
num_leaves=31
num_cat=0
split_feature=34 28 123 34 94 98 123 56 98 28 15 98 177 27 25 27 24 90 76 88 113 65 20 172 93 65 90 26 27 149
split_gain=229.981 61.7478 44.1566 27.6241 23.9627 21.646 21.4466 17.1103 17.088 22.4206 19.0937 15.8509 15.5855 18.7005 17.4684 18.403 20.3334 15.5027 18.7073 15.9685 15.3689 18.4191 18.0713 15.3674 15.815 15.0664 14.8237 14.5615 17.1956 13.9919
threshold=17.300000000000001 73.800000000000026 1.5000000000000002 35.150000000000006 -0.5 0.084999999999999923 1.5000000000000002 36.500000000000007 0.015000000000000053 21.800000000000001 6.9450000000000012 0.079999999999999558 4.7942789968652049 53.500000000000007 30.500000000000004 34.500000000000007 36.500000000000007 -0.97416666666666696 1.0000000180025095e-35 -1.73 0.055000000000000153 0.18325199592523275 3.9650000000000003 2.5975294237012991 0.68301270189221941 0.25813061872025383 0.48833333333333379 23.500000000000004 38.500000000000007 1.5000000000000002
decision_type=2 2 8 2 2 10 10 2 10 2 10 10 2 2 2 2 2 10 2 10 10 2 10 2 2 2 8 2 2 2
left_child=1 4 -2 8 25 26 11 -5 9 20 -10 -6 -12 14 15 -14 -17 -8 19 -19 -4 22 -22 24 -16 -1 -3 -25 -29 -24
right_child=2 5 3 7 6 -7 17 -9 10 -11 12 -13 13 -15 23 16 -18 18 -20 -21 21 -23 29 27 -26 -27 -28 28 -30 -31
leaf_value=-0.0085341918015573656 -0.0016881179970930694 -0.0087888837966113281 0.0036034526174596724 0.014110086560391958 -0.012100145392511837 -0.0015948087331589295 -0.008696846696247363 0.039091339159050165 0.0070181347736613777 0.0012009392043100607 0.012487272332219339 0.0056323384033882349 -0.014563733329721096 0.0056805559846670253 0.065311658340595297 -6.6863870998971271e-05 0.12152326665152634 0.029252215566119722 -0.00054241191460856978 0.006204968452222178 0.10335235508183693 0.0028464416867220294 0.08002751431481038 0.034876640457211144 -0.010044492091477154 0.023506812454948917 -0.018825055459247866 0.16856315521896814 0.041294431406975446 0.014400772812252868
leaf_weight=1897.9231289327145 1503.9987262636423 531.81402990221977 61.873990297317505 740.55408914387226 617.41665656864643 321.1388341486454 372.58017982542515 75.535531163215637 3176.3674175292253 1763.5148557275534 447.68436869978905 158.34553353488445 19.08807036280632 43.937553465366364 24.396976217627525 6.8128194063901883 6.9419175386428833 84.265174344182014 1844.2824984639883 695.26627521216869 13.862947717308996 25.869678422808647 12.189881250262259 5.80829690396786 9.7431898862123472 37.412260890007019 1193.923812776804 8.8732942044734937 3.7867294847965232 24.337066769599915
leaf_count=11437 8772 3279 338 3924 3864 1926 2188 380 17537 9764 2455 932 105 242 132 37 38 475 10839 4010 74 142 67 32 54 225 7609 49 21 133
internal_value=6.76182e-05 -0.00606371 0.00602919 0.00782281 -0.00339175 -0.0135142 -0.00107115 0.0164223 0.00658181 0.0027204 0.00853816 -0.00848066 0.0169048 0.0321893 0.0458197 0.0172079 0.0612988 0.000847157 0.0022024 0.00869631 0.0221189 0.0371416 0.0547484 0.0636817 0.0438059 -0.0079148 -0.0157322 0.100424 0.130496 0.0363019
internal_weight=15729.5 7754.37 7975.18 6471.18 5707.49 2046.88 3772.16 816.09 5655.09 1901.65 3753.44 775.762 577.073 129.389 85.4513 32.8428 13.7547 2996.39 2623.81 779.531 138.134 76.2596 50.3899 52.6085 34.1402 1935.34 1725.74 18.4683 12.66 36.5269
internal_count=91080 46784 44296 35524 33970 12814 22308 4304 31220 10518 20702 4796 3165 710 468 180 75 17512 15324 4485 754 416 274 288 186 11662 10888 102 70 200
is_linear=0
shrinkage=0.05


Tree=49
num_leaves=31
num_cat=0
split_feature=17 90 130 124 35 108 17 107 29 158 124 130 65 140 171 171 130 3 109 108 124 33 177 85 28 35 66 152 176 53
split_gain=472.589 109.365 101.441 97.3215 51.4336 37.7976 36.5266 35.5983 30.0117 25.5193 25.3288 24.6405 23.1202 22.6405 21.4297 20.509 18.907 18.7532 18.621 18.485 17.7164 17.7339 17.656 16.8879 16.7919 16.7264 16.1672 16.3275 16.0926 15.9864
threshold=4.7650000000000006 0.38500000000000117 5.6050000000000013 2.5000000000000004 26.500000000000004 0.026666666666665905 3.6950000000000007 0.06000000000000006 17.050000000000001 4.1804545454545456 2.5000000000000004 6.1750000000000007 0.096468964288894815 2.5000000000000004 4.7720779220779237 13.998550275482096 6.1550000000000011 18.650000000000002 0.079999999999999558 -0.028333333333331944 4.5000000000000009 37.150000000000006 2.0010000000000003 2.5000000000000004 40.45000000000001 16.950000000000003 0.10470259133952027 -0.028000000000000146 16.160188679245287 4.5000000000000009
decision_type=10 10 2 10 2 8 10 8 2 2 10 2 2 2 2 2 2 10 8 10 10 2 2 2 2 2 2 2 2 2
left_child=2 4 12 9 7 13 22 -2 -9 18 24 -7 -1 20 16 17 -8 -15 23 -19 -5 -22 -4 -3 -6 -18 -11 -28 29 -14
right_child=1 3 6 5 10 11 14 8 -10 26 -12 -13 28 15 -16 -17 25 19 -20 -21 21 -23 -24 -25 -26 -27 27 -29 -30 -31
leaf_value=-0.015237584954343578 0.0011772191453113233 0.013083403146330691 -0.028037893209711753 0.013653947493328621 0.0040387749928582142 0.0081572751721171368 -0.0086079816711467534 -0.01595444528336452 -0.0025065294176165546 0.043906093886898201 0.00043825248727897854 -0.010148418737387021 -0.011903267592155316 0.0073182003817576242 0.0015638390652481687 0.035073300216458415 -0.020810411745431412 0.0077992736462152365 0.020134045003371705 -0.012437273940180148 -6.0543030750562744e-06 0.090844588639588233 -0.0028215720320097001 -0.0023398416427826119 0.013009682603606861 -0.012620290401537303 0.014691377735950415 0.02757650497923736 0.012753832046517208 0.0019570764465442398
leaf_weight=247.56953397393227 2541.4744025915861 606.61295919120312 678.54148085415363 1409.8212033808231 931.94741447269917 268.61697623133659 1014.1673138737679 716.37975126504898 985.77003575861454 88.523357167840004 1425.5141489505768 582.39903405308723 267.35616283118725 511.40660154819489 224.70157298445702 44.746410310268402 1243.6630610078573 163.96040013432503 586.15171736478806 361.98044016957283 362.87704373896122 5.45212098956108 77.328629314899445 250.89443907141685 1184.8008838146925 1249.9276317358017 458.39299403131008 530.25983092188835 252.95689523220062 937.64984241127968
leaf_count=1176 11427 2478 3575 6053 4075 1192 4805 3285 4464 353 6459 2665 1195 2248 1063 193 6165 721 2391 1615 1609 24 379 1038 5037 6124 1854 2127 1104 4186
internal_value=1.14051e-05 0.00509355 -0.0114905 0.0100299 0.00114234 0.00488033 -0.015435 -0.00257055 -0.00816632 0.0176112 0.00559037 -0.00437036 -0.00111024 0.00763271 -0.0134051 0.00193024 -0.014364 0.000500602 0.0132657 -0.00612859 0.011103 0.00133874 -0.0254582 0.00857078 0.00906003 -0.0167051 0.0234352 0.0216023 0.00128865 -0.00111814
internal_weight=20211.8 14018 6193.86 6232.1 7785.89 3711.26 4488.33 4243.62 1702.15 2520.84 3542.26 851.016 1705.53 2860.24 3732.46 1082.09 3507.76 1037.35 1443.66 525.941 1778.15 368.329 755.87 857.507 2116.75 2493.59 1077.18 988.653 1457.96 1205.01
internal_count=91080 61308 29772 26561 34747 16320 22111 19176 7749 10241 15571 3857 7661 12463 18157 4777 17094 4584 5907 2336 7686 1633 3954 3516 9112 12289 4334 3981 6485 5381
is_linear=0
shrinkage=0.05


Tree=50
num_leaves=31
num_cat=0
split_feature=125 18 88 130 18 110 36 110 18 30 172 99 137 165 123 177 141 109 30 175 20 130 57 127 52 66 18 61 65 110
split_gain=448.548 123.651 79.3641 57.8843 55.0653 36.6283 31.7853 21.893 21.2497 21.0235 20.2019 18.0133 17.1654 17.785 16.6398 16.6725 16.5816 15.8874 15.6333 19.043 15.8744 15.5721 19.5472 16.1892 15.1212 14.8943 14.8696 14.3335 14.333 20.3094
threshold=4.5000000000000009 5.3250000000000011 1.1300000000000003 6.035000000000001 3.6050000000000004 0.0016666666666664504 33.95000000000001 0.023333333333333855 4.9350000000000014 29.300000000000001 0.70032894736842122 0.019999999999999952 1.0000000180025095e-35 0.087736216143057724 2.5000000000000004 0.62526595744680857 3.5000000000000004 0.26000000000000029 21.500000000000004 0.66437097385373256 3.9450000000000007 5.6250000000000009 16.500000000000004 5.5000000000000009 8.5000000000000018 0.32173123486682814 6.4850000000000012 0.071523304281924965 0.15755964765327354 -0.029999999999999746
decision_type=8 10 10 2 10 8 2 8 10 2 2 8 2 2 8 2 2 8 2 2 8 2 2 8 2 2 10 2 2 8
left_child=1 3 6 9 -2 14 7 11 16 25 -5 18 -4 -14 15 -6 -7 -9 -3 20 24 -11 -23 -24 -20 28 -15 -13 29 -1
right_child=4 2 12 10 5 8 -8 17 -10 21 -12 27 13 26 -16 -17 -18 -19 19 -21 -22 22 23 -25 -26 -27 -28 -29 -30 -31
leaf_value=0.019985967302839202 -0.024194042629611435 0.0043504396082392144 0.0070044408432665631 -0.012550821267394915 0.0080055698104576252 -0.012404486798737881 0.013054655838014351 -0.00067914195958042312 -0.0069294591137027631 0.028198555753341226 -0.0026846659673496458 0.020356778488165278 0.02230557623429814 0.0083690591004403955 -0.0097472538401469286 -0.0052064296806046319 -0.022094313231426212 -0.040825606978605267 0.013313214774711668 0.0034236675390353906 0.013051113349576864 -0.015917743828782905 0.01802607794100651 0.12548667841639524 0.046668132549394163 0.044094435281193174 0.023198083749692032 -0.002468024370537684 -0.0025626076345364526 0.0022175036808692755
leaf_weight=204.43776726722717 806.17225112020969 1605.3144655674696 414.27207580208778 1106.4481505602598 360.3587452173233 921.10173177719116 1152.5272319614887 1409.8009636998177 734.00551703572273 142.24317894876003 976.97301681339741 75.324369221925735 1123.4193693846464 587.40687565505505 989.95764636993408 707.77562007308006 847.94186702370644 25.081611484289169 62.24893282353878 467.94529244303703 769.5842762440443 53.742923766374588 16.162472084164623 4.475304663181304 74.818962380290031 20.885789722204208 237.35883335769176 792.00636239349842 993.44759596884251 753.75181046128273
leaf_count=967 4536 7667 1894 5700 1801 4932 5363 6891 3811 665 4957 357 4965 2658 5186 3579 4646 126 293 2244 3669 266 80 22 351 99 1034 3810 4866 3645
internal_value=2.20438e-05 0.0050198 0.00840911 -0.0019587 -0.0121478 -0.0100186 0.00553151 0.00389 -0.0140815 0.00371879 -0.00792431 0.00585586 0.0162469 0.0182122 -0.00507726 -0.00074907 -0.017049 -0.0013809 0.00770165 0.0116153 0.0158433 0.0185045 -3.40007e-05 0.0413289 0.0315201 0.00209501 0.0126367 -0.000485777 0.00164555 0.00600855
internal_weight=18437 13069.7 8797.11 4272.57 5367.31 4561.14 6434.65 5282.13 2503.05 2189.15 2083.42 3847.24 2362.46 1948.19 2058.09 1068.13 1769.04 1434.88 2979.91 1374.6 906.652 216.624 74.3807 20.6378 137.068 1972.52 824.766 867.331 1951.64 958.19
internal_count=91080 62589 41322 21267 28491 23955 30771 25408 13389 10610 10657 18391 10551 8657 10566 5380 9578 7017 14224 6557 4313 1033 368 102 644 9577 3692 4167 9478 4612
is_linear=0
shrinkage=0.05


Tree=51
num_leaves=31
num_cat=0
split_feature=126 19 126 19 90 37 37 179 89 119 112 85 18 99 95 41 37 37 112 118 24 167 94 13 170 170 112 122 17 120
split_gain=691.427 111.486 80.9988 54.2661 36.9815 34.3238 34.3013 33.2051 31.2161 24.9354 22.5836 19.143 20.9875 17.5572 19.5907 19.0556 17.5494 16.829 16.755 16.6066 15.9945 15.8089 15.7573 18.6097 20.7887 15.2244 15.0467 15.02 14.9517 15.1767
threshold=3.5000000000000004 4.3450000000000006 1.5000000000000002 2.5150000000000001 1.0216666666666672 27.900000000000002 18.900000000000002 4.7609523809523822 4.9141666666666675 1.1899999999999999 -0.028333333333333748 2.5000000000000004 4.6750000000000007 -0.018333333333333948 6.7550000000000008 4.1000000000000005 31.400000000000002 14.900000000000002 0.036666666666667458 4.1250000000000009 56.500000000000007 0.048322151133527357 -0.5 6.8350000000000009 16.485989010989012 20.407403217697343 0.065000000000000765 0.11563586357487142 7.8550000000000013 0.19494998840790909
decision_type=8 10 10 10 10 2 2 2 2 2 8 2 10 10 2 2 2 2 8 2 2 2 2 8 2 2 8 2 8 2
left_child=2 3 5 -2 7 9 -3 17 18 -1 -8 -6 13 14 15 -13 -14 -4 -5 -19 -16 -12 23 24 -7 -26 28 -17 29 -9
right_child=1 6 4 8 11 22 10 26 -10 -11 21 12 16 -15 20 27 -18 19 -20 -21 -22 -23 -24 -25 25 -27 -28 -29 -30 -31
leaf_value=-0.0081061212968942115 -0.034957377133943562 -0.0098320061980429075 -0.0036600811533983105 -0.0077572237843459421 0.0069418408951475085 0.037258211672072987 0.010661471271700605 0.041383042631789463 -0.022038692864421269 0.01555130127950035 -0.011028964580206002 0.11388385895685055 0.0076572097684726075 0.015653902874190811 0.066188801011804688 0.082007433372833297 0.037186897311082344 0.0085282305229082214 -0.020962163061276899 -0.00065518055000450971 0.016625319337707677 0.00034094069982623524 0.021586668061423835 0.024425633597989941 0.16080826320127453 0.069914445143217555 -0.012894664689324592 0.011161576597160531 0.085546748118268817 0.012130345402509075
leaf_weight=118.77854016423225 440.23488606512547 2460.4805710762739 994.77920608222485 1044.1084759533405 602.8808523863554 73.942496418952942 352.52205336093903 47.121436685323715 1133.2149014100432 1789.1180992871523 464.14132449030876 5.4140135943889609 383.95109294354916 158.91586863994598 70.70682792365551 8.2030656933784467 57.900842115283012 1071.6686494350433 312.00589707493782 910.54519678652287 21.145338848233223 895.71610191464424 437.31101649999619 125.46009910106659 5.397795855998992 31.442465916275978 53.405264407396317 85.033354461193085 7.3400840759277335 750.91736710071564
leaf_count=681 3339 16160 5848 6898 3436 389 2138 265 7853 9708 3029 28 2127 854 375 43 310 6098 2145 5275 112 5722 2310 657 28 161 313 455 42 4281
internal_value=-8.61002e-06 -0.011299 0.0102571 -0.0187754 0.00668 0.0175041 -0.00605021 0.00414521 -0.0159136 0.0140785 -0.000616223 0.0136541 0.0187682 0.0279252 0.0381619 0.0226901 0.0115268 0.00164659 -0.0107953 0.00430976 0.0547788 -0.00353979 0.0272076 0.0376126 0.0525466 0.0832321 0.0128067 0.0173947 0.014511 0.0138576
internal_weight=14913.8 7102.42 7811.38 2929.56 5229.93 2581.45 4172.86 3835.78 2489.33 1907.9 1712.38 1394.15 791.27 349.418 190.503 98.6504 441.852 2976.99 1356.11 1982.21 91.8522 1359.86 673.554 236.243 110.783 36.8403 858.784 93.2364 805.379 798.039
internal_count=91080 47284 43796 20235 29862 13934 27049 22122 16896 10389 10889 7740 4304 1867 1013 526 2437 17221 9043 11373 487 8751 3545 1235 578 189 4901 498 4588 4546
is_linear=0
shrinkage=0.05


Tree=52
num_leaves=31
num_cat=0
split_feature=127 20 127 20 114 114 84 86 59 107 10 114 6 62 44 54 29 33 167 63 99 89 174 35 5 70 13 66 139 176
split_gain=805.475 166.118 103.341 56.2419 39.4017 37.6256 32.7453 37.3377 29.6518 22.5648 19.5472 18.6351 17.6634 24.8395 17.0784 18.5938 20.6246 16.8766 20.6551 16.6349 16.4189 16.0641 17.3126 22.4474 16.149 16.0106 15.9279 15.1793 15.7495 16.9597
threshold=3.5000000000000004 2.6750000000000003 2.5000000000000004 4.7950000000000008 0.018333333333333052 0.0033333333333315503 3.5000000000000004 3.5000000000000004 0.11722874826323101 0.12500000000000003 1.0000000180025095e-35 0.0033333333333333505 2.2500000000000004 0.18015930064164229 32.70000000000001 12.500000000000002 11.650000000000002 24.400000000000002 0.042619691157095206 0.2150286109879174 -0.0033333333333342495 4.9008333333333356 5.948214285714287 14.950000000000001 6.5550000000000006 0.42481203007518792 6.8550000000000013 0.14875087467140721 1.5000000000000002 13.340103092783508
decision_type=8 10 10 10 8 8 2 2 2 8 8 8 8 2 2 2 2 2 2 2 8 2 2 2 10 2 8 2 2 2
left_child=2 -2 4 5 6 21 7 -1 27 11 -6 -4 26 -14 20 16 -16 18 25 -20 -11 22 -3 -24 -23 -12 -5 28 -9 -30
right_child=1 3 9 12 10 -7 -8 8 -10 14 17 -13 13 -15 15 -17 -18 -19 19 -21 -22 24 23 -25 -26 -27 -28 -29 29 -31
leaf_value=0.017713059408478841 -0.036512632004195973 -0.0023120184765551689 0.0072743483356605704 -0.00084026949793806224 0.0092459457971846345 -0.019549688838969195 0.0094232055101931139 0.019453061586912467 0.027089889134158912 0.0048788550418443341 0.093452735113023988 -0.0035074029740262678 0.16146923622176645 -0.019980122447929016 0.24122933126785695 0.015346411721836734 0.046216318242263889 0.12813071312492025 -0.0013213446326378392 0.07720476157773104 0.035226640413827635 0.093142094492854266 0.18713052129086993 0.0071695051411835983 -0.013392674947203326 0.013126406042712167 -0.0095977879499094653 0.038632822876751551 0.096173875473529624 0.026440983316036379
leaf_weight=1078.8858639597893 676.658053137362 497.97494979947805 748.43117831647396 1304.2382955700159 1213.3490493968129 1679.6494057327509 456.56226262450218 12.916955426335333 838.96226964890957 125.28663510084152 17.193502649664882 862.74887065589428 3.8380868285894385 3.708649605512619 2.7649405598640424 5.5347263291478157 2.6603071466088295 4.5244611054658881 44.500025570392609 7.9489222913980475 69.177305914461613 3.5751984640955916 2.7760320454835883 4.6109896600246429 704.49117263406515 9.7050137519836408 862.5881500095129 116.94001054763794 40.554542258381844 11.107480525970457
leaf_count=7381 7049 4202 5604 10881 8395 15373 3195 77 5419 936 114 6793 32 31 20 41 20 31 309 55 512 31 23 38 6141 66 7292 716 236 67
internal_value=-4.74415e-05 -0.0132437 0.0133219 -0.0101366 0.0179568 -0.0147032 0.0215589 0.0241981 0.0310543 0.00349077 0.0108596 0.00150098 -0.00406058 0.0723006 0.0190972 0.0798243 0.145603 0.0342044 0.0288486 0.0105797 0.0156746 -0.00799455 -0.00118487 0.0747986 -0.0128548 0.0644709 -0.00432653 0.0493776 0.0688344 0.0811811
internal_weight=11413.9 5744.11 5669.75 5067.45 3853.15 2893.08 2555.93 2099.37 1020.48 1816.6 1297.22 1611.18 2174.37 7.54674 205.424 10.96 5.42525 83.8719 79.3475 52.4489 194.464 1213.43 505.362 7.38702 708.066 26.8985 2166.83 181.519 64.579 51.662
internal_count=91080 51093 39987 44044 26061 25808 17091 13896 6515 13926 8970 12397 18236 63 1529 81 40 575 544 364 1448 10435 4263 61 6172 180 18173 1096 380 303
is_linear=0
shrinkage=0.05


Tree=53
num_leaves=31
num_cat=0
split_feature=128 128 128 119 119 21 21 116 51 38 21 178 62 31 109 20 69 121 174 91 31 153 21 57 11 51 109 171 98 168
split_gain=967.559 162.362 133.357 55.1627 46.4431 35.9127 33.1982 30.75 22.1429 32.8682 21.5157 20.3509 19.275 19.5536 19.0813 19.2166 19.0022 26.0333 28.1226 22.0382 20.6131 18.5409 26.1245 19.8033 21.6346 19.3427 18.3183 21.5927 18.2044 25.9047
threshold=3.5000000000000004 1.5000000000000002 5.5000000000000009 2.2150000000000003 3.1050000000000009 6.0950000000000006 1.8750000000000002 0.011833333333333952 0.17257053291536054 4.4000000000000012 7.2150000000000007 5.9506410256410271 0.019261686866188454 4.4000000000000012 0.29499999999999998 1.6650000000000003 0.16066027882475817 0.14967069630399929 1.7622023809523812 14.500000000000002 14.900000000000002 -0.024999999999999949 6.4750000000000005 64.500000000000014 6.8650000000000011 0.37436868686868691 0.079999999999999558 3.2500783699059572 0.12500000000000003 0.17867965367965363
decision_type=8 10 8 2 2 10 10 8 2 2 10 2 2 2 8 8 2 2 2 2 2 2 10 2 8 2 10 2 8 2
left_child=1 3 7 11 8 14 -4 -2 -3 -10 12 -1 13 -5 15 -6 -12 20 19 -19 -18 22 -15 25 -25 -23 -22 -28 -17 -30
right_child=2 4 6 10 5 -7 -8 -9 9 -11 16 -13 -14 21 -16 28 17 18 -20 -21 26 23 -24 24 -26 -27 27 -29 29 -31
leaf_value=0.018512598348390856 -0.0045559188002351828 -0.0020311836953456476 -0.039742189611572915 0.085566406797351974 0.029567991766441745 0.034954840263494866 -0.024172599183805082 -0.016347090128767474 0.028610640683025837 0.0044310040965307058 0.031746604827763279 -0.010993045967527976 0.028235077799192848 0.016395245091224989 0.15976311169842383 0.0041864679409540596 0.07253103003472737 0.13006325524712703 0.023389256816916362 0.31562579107448452 -0.0019708639871768123 0.019634156751459565 0.19253027862049127 0.15751561284791044 -0.011146244101679595 0.063332042871049377 0.034657269733771007 0.16997101367479719 0.02040650361443103 0.12385633616276709
leaf_weight=377.72433100640774 1208.6906582415104 816.56978484988213 478.35558402910829 26.969399139285088 117.36265890300274 232.64715705811977 1204.3932373225689 1019.1603467687964 177.88260766118765 669.58251331746578 86.133331470191479 69.136935889720917 810.70396146178246 3.9069776609539968 2.1740616038441649 455.08442748337984 64.790392458438873 4.503886938095091 3.5642634481191635 2.4817233085632324 23.061895534396172 102.38778392970562 4.5649853050708771 6.3282258510589573 2.7179120779037484 33.646046347916126 12.079724133014677 3.9001395776867858 33.925188720226288 7.3652344048023215
leaf_count=3667 14528 8851 7290 200 1057 1994 16363 13084 1803 7132 654 720 6621 30 18 4665 486 36 31 21 180 773 32 47 20 244 88 29 341 75
internal_value=-0.000127843 0.0166845 -0.0179745 0.0289293 0.00869899 0.0182184 -0.0285986 -0.00994995 0.00384466 0.0095063 0.0345469 0.0139476 0.0315252 0.0463009 0.0118966 0.0113728 0.0494841 0.0628409 0.137675 0.195987 0.0552374 0.0394044 0.111303 0.0352059 0.106841 0.0304422 0.0265385 0.0676827 0.00707071 0.0388595
internal_weight=8061.8 4151.2 3910.6 1638.6 2512.59 848.559 1682.75 2227.85 1664.03 847.465 1191.74 446.861 991.225 180.521 615.912 613.738 200.515 114.382 10.5499 6.98561 103.832 153.552 8.47196 145.08 9.04614 136.034 39.0418 15.9799 496.375 41.2904
internal_count=91080 39815 51265 13879 25936 8150 23653 27612 17786 8935 9492 4387 7967 1346 6156 6138 1525 871 88 57 783 1146 62 1084 67 1017 297 117 5081 416
is_linear=0
shrinkage=0.05


Tree=54
num_leaves=31
num_cat=0
split_feature=34 28 28 92 34 93 100 98 34 98 109 90 1 18 20 108 164 90 28 66 91 15 38 118 62 112 165 53 120 69
split_gain=210.164 57.6879 39.7793 25.3914 23.6763 22.9604 22.4571 22.3415 18.8282 17.0579 15.5793 15.5302 15.3648 15.2671 17.7578 15.145 14.9058 17.3799 15.3102 14.3674 14.0962 14.0309 14.0207 20.583 13.8543 13.5959 13.5879 13.9634 13.2703 14.12
threshold=17.450000000000003 73.800000000000026 56.600000000000009 4.5000000000000009 26.600000000000005 0.68301270189221941 -0.097999999999999324 0.044999999999999908 40.600000000000009 0.084999999999999923 0.05000000000000026 0.35916666666666691 6.5000000000000009 6.5750000000000011 4.7350000000000012 0.070000000000001575 0.37509512937595135 -1.0266666666666664 36.20000000000001 0.13497777552434553 1.5000000000000002 6.785000000000001 35.150000000000006 2.8250000000000006 0.1574209048698845 0.078333333333333574 0.22428353492426717 14.500000000000002 0.21970474768216045 0.20213909860443832
decision_type=2 2 2 2 2 2 10 10 2 10 10 8 10 10 8 8 2 10 2 2 2 8 2 2 2 8 2 2 2 2
left_child=1 3 4 6 13 8 -1 11 28 12 21 24 -4 -2 15 19 17 -5 22 -15 -11 -10 -19 -24 -3 -12 -16 -28 29 -6
right_child=2 7 9 16 5 -7 -8 -9 10 20 25 -13 -14 14 26 -17 -18 18 -20 -21 -22 -23 23 -25 -26 -27 27 -29 -30 -31
leaf_value=-0.01623824131635529 0.0037683700095021929 0.018180253774778676 -0.0029667614921764303 -0.014375166132159632 0.020295642394562077 0.004245012970557422 0.0023441109360918238 -0.0059637130898954234 0.01547388585466261 0.038308316523866327 0.011009169239815243 -0.019954983262073442 0.02374053212569685 0.070381667618057225 -0.00079255264398962223 0.1225778624369932 -0.01052879583834152 0.0036808291708941617 -0.0046031478369393999 0.019859778682801726 0.0063868211592485527 0.055342046115227285 0.13287831357777416 0.01330316350866439 -0.011528090660226899 0.08054781221486039 0.0057419081853483716 0.052313413819260648 0.0085864929882866967 0.00045844201022097005
leaf_weight=176.11058676242828 2765.135799407959 45.608298495411873 1684.2945923060179 320.93296200037003 648.82854041457176 782.830511033535 2117.7293277531862 738.45585970580578 32.437554925680161 38.654817074537277 105.83579024672508 988.52251933515072 55.631384268403053 16.34771554172039 168.54983180761337 4.286350116133689 1145.8457890450954 559.4179208278656 1440.9416557699442 101.09181164205074 328.39336195588112 69.037048146128654 5.1809983104467419 11.785321310162542 281.21289783716202 7.5290937274694434 36.90849195420742 28.541164800524712 913.02462439239025 104.09643451869488
leaf_count=1058 15425 279 9652 1946 3416 4295 12405 4523 168 217 548 6430 314 86 928 22 7054 3262 8626 535 1854 353 30 69 1750 39 204 159 4883 550
internal_value=7.66893e-05 -0.00572599 0.00583546 -0.00316754 0.00797794 0.0114405 0.000917443 -0.0129236 0.0144354 -4.65079e-05 0.0283663 -0.0168311 -0.00211284 0.00502269 0.0147729 0.0302619 -0.00585699 -0.00356761 -0.00184825 0.0268925 0.00974856 0.0425977 0.00503891 0.0498178 -0.00738225 0.0156276 0.00671551 0.0260507 0.0126389 0.017553
internal_weight=15723.2 7831.74 7891.45 5777.94 5784.48 2663.62 2293.84 2053.8 1880.79 2106.97 214.839 1315.34 1739.93 3120.86 355.725 121.726 3484.1 2338.26 2017.33 117.44 367.048 101.475 576.384 16.9663 326.821 113.365 233.999 65.4497 1665.95 752.925
internal_count=91080 47432 43648 34450 31611 14252 13463 12982 9957 12037 1108 8459 9966 17359 1934 643 20987 13933 11987 621 2071 521 3361 99 2029 587 1291 363 8849 3966
is_linear=0
shrinkage=0.05


Tree=55
num_leaves=31
num_cat=0
split_feature=17 90 130 83 124 59 130 35 28 17 35 124 28 108 65 19 29 108 108 29 177 140 113 67 9 14 70 85 179 112
split_gain=430.778 96.5339 92.5695 71.785 46.0707 35.3425 35.2709 35.2624 25.1166 21.573 21.4644 21.1089 32.3543 19.9459 19.7688 19.5183 19.1137 19.6492 18.0794 18.0148 17.7649 17.5441 17.2524 16.4304 15.5894 15.4104 15.3403 15.2966 15.2262 14.9842
threshold=4.7650000000000006 0.92000000000000026 5.6050000000000013 2.5000000000000004 2.5000000000000004 0.11543186543186536 5.955000000000001 27.100000000000005 62.300000000000004 3.5750000000000006 38.000000000000007 1.5000000000000002 40.45000000000001 -0.033333333333332743 0.15884072719049583 4.9450000000000012 28.350000000000005 -0.013333333333334049 0.0033333333333333505 26.000000000000004 7.3060661764705888 1.5000000000000002 0.20500000000000004 0.15888840487882147 6.9350000000000014 -1.0000000180025095e-35 0.66025641025641035 3.5000000000000004 4.1604347826086965 0.0083333333333332517
decision_type=10 10 2 2 10 2 2 2 2 8 2 10 2 8 2 10 2 8 8 2 2 2 10 2 10 10 2 2 2 8
left_child=2 3 9 6 -3 14 23 8 -5 -1 20 12 -9 22 -4 29 17 24 -13 -17 -6 -8 -10 -2 -7 -26 -12 -20 -23 -15
right_child=1 4 5 7 10 16 21 11 13 -11 26 18 -14 15 -16 19 -18 -19 27 -21 -22 28 -24 -25 25 -27 -28 -29 -30 -31
leaf_value=-0.014543681183498792 0.013404052679522847 0.02000255263661067 -0.023737993586374614 -0.0012253966198986462 0.0037184682831826708 -0.0094117718429746963 -0.00042745569287540606 0.0030074197353034378 0.018293076830686383 0.0012293522377619165 0.008167327348509874 0.0093613209254151362 0.019138786426174823 0.0044387683313210653 -0.012620786328121992 -0.0050241048073544937 0.003866781263738666 -0.015547226882584697 0.0062748495128562764 0.0081713157932381871 0.020073447815182482 -0.0074551506028466483 -0.038449758641516812 -0.0016580587372261608 0.025734796909150273 -0.0056336062096254804 0.035384340745853331 -0.0059244919768064027 -0.019334175344233026 0.032767849041919143
leaf_weight=254.86814579367638 344.54863658547401 1261.4275490343571 1241.3637116700411 2534.1846072077751 1425.8268879204988 657.15863232314587 663.45876695215702 477.32496027648449 390.97009290754795 1450.5932127535343 97.039350211620331 1466.7837609499693 891.16175915300846 94.396718129515648 589.90425074100494 576.35864245891571 197.30865532159805 1595.7216960340738 565.81393897533417 469.24181473255157 187.91915909945965 1185.4790973961353 13.871024087071417 381.56652025878429 69.346096068620682 89.927367061376572 110.98149673640728 470.73853084445 349.21937625110149 92.336921229958534
leaf_count=1212 1502 4958 6381 11364 6216 3212 2976 2065 1675 6449 416 6358 3698 402 2918 2548 952 7874 2486 2051 804 5448 60 1683 336 438 473 2114 1619 392
internal_value=1.13417e-05 0.00484093 -0.0110294 0.00264353 0.0126575 -0.0148322 -0.00406518 0.00508262 0.00189306 -0.00112781 0.00757157 0.00851894 0.0135122 0.00672013 -0.0201568 0.00355693 -0.0110954 -0.0123193 0.00578929 0.000897701 0.00562299 -0.00722123 0.0163489 0.00548906 -0.00601034 0.00802389 0.0226879 0.000734657 -0.0101582 0.0184471
internal_weight=20196.8 14050.6 6146.19 10967.5 3083.19 4440.73 2924.27 8043.18 4171.36 1705.46 1821.77 3871.82 1368.49 1637.18 1831.27 1232.33 2609.46 2412.15 2503.34 1045.6 1613.75 2198.16 404.841 726.115 816.432 159.273 208.021 1036.55 1534.7 186.734
internal_count=91080 61308 29772 48441 12867 22111 13228 35213 18492 7661 7909 16721 5763 7128 9299 5393 12812 11860 10958 4599 7020 10043 1735 3185 3986 774 889 4600 7067 794
is_linear=0
shrinkage=0.05


Tree=56
num_leaves=31
num_cat=0
split_feature=18 130 88 18 110 125 110 18 85 9 137 109 36 158 171 108 141 172 20 19 182 60 178 43 32 19 180 62 56 119
split_gain=409.918 97.0512 89.8854 57.3533 48.141 44.912 25.9567 24.1028 22.4746 21.988 20.5856 19.9848 18.8905 18.8874 18.397 18.2046 17.6867 17.6258 16.5178 16.7415 15.9326 15.6914 15.0787 16.8475 20.1231 15.0459 16.0434 15.3862 15.6203 14.3562
threshold=5.1050000000000013 5.3450000000000006 1.1600000000000004 3.6850000000000005 0.0016666666666664504 2.5000000000000004 0.013333333333334052 4.2150000000000007 3.5000000000000004 7.1050000000000013 1.0000000180025095e-35 0.11999999999999968 20.400000000000002 5.3205263157894747 0.10183873144399457 0.12666666666666648 3.5000000000000004 0.34492841298648924 6.035000000000001 5.7950000000000008 6865.6803684945889 0.13209991201485974 13.151315789473687 18.350000000000005 19.600000000000005 3.8850000000000002 5.1339743589743607 0.16461410905855353 2.5000000000000004 1.2100000000000004
decision_type=10 2 10 10 8 10 8 10 2 8 2 8 2 2 2 10 2 2 10 10 2 2 2 2 2 8 2 2 2 2
left_child=1 7 5 17 18 9 12 29 11 10 15 13 -7 -4 -9 25 21 -3 19 -5 -10 -6 -14 24 -24 27 -27 28 -2 -1
right_child=2 3 8 4 16 6 -8 14 20 -11 -12 -13 22 -15 -16 -17 -18 -19 -20 -21 -22 -23 23 -25 -26 26 -28 -29 -30 -31
leaf_value=0.028541521654644648 0.047445880191392231 -0.028861791598539872 0.014818769942461327 0.0010763747681115463 -0.016784678852600612 -0.0026040228727274625 -0.0057526657932527973 0.016405954787772084 0.032368619505171517 -0.020762936728516635 0.012379683147666271 0.0043299494362618231 0.0056930855339564395 0.025617465490188257 0.0012663055012172852 0.068161232771249775 -0.018779954886392454 -0.011710835050834402 -0.012455691890866576 -0.0088147903420250848 0.0018354866991716916 -0.0068772760796230979 0.040210011517508783 0.001810974285766984 0.15494167996908881 0.0047606807223782525 -0.0078802079679591002 0.0032217217667203351 0.015524703897559925 -0.0065273695232164215
leaf_weight=30.753125801682472 49.14900803565979 577.33299024403095 1352.8863943368196 1204.4862128198147 669.04461601376534 947.46878631412983 1438.9622228890657 383.7196479588747 46.989086374640465 70.471482917666435 1405.0286846011877 307.67419415712357 1313.1839594990015 577.88261702656746 420.6020665615797 11.37905217707157 1227.8696073442698 202.28795264661312 527.56862817704678 663.42788180708885 470.83814856410027 992.54099479317665 15.939630910754206 18.037857905030251 5.0271526724100104 2276.1411602348089 282.11433227360249 190.97808092832565 174.00527684390545 571.71161033213139
leaf_count=155 230 3342 5979 6116 3567 4685 7337 1819 216 344 6467 1390 6430 2549 2021 52 6696 1150 2760 3441 2180 5198 76 87 24 10791 1349 900 814 2915
internal_value=2.30575e-05 -0.00900717 0.00618218 -0.0117518 -0.00988427 0.00355593 -0.000485879 0.00282478 0.0139933 0.00694456 0.00738947 0.0161649 0.0028097 0.0180508 0.00848901 0.00503962 -0.0142293 -0.0244116 -0.00464321 -0.00243667 0.00460615 -0.0108665 0.00660306 0.0372395 0.0677189 0.00479797 0.00336669 0.0136395 0.0225552 -0.00473726
internal_weight=18425.5 7471.35 10954.2 6064.56 5284.94 8197.89 3738.62 1406.79 2756.27 4459.27 4388.8 2238.44 2299.66 1930.77 804.322 2983.77 2889.46 779.621 2395.48 1867.91 517.827 1661.59 1352.19 39.0046 20.9668 2972.39 2558.26 414.132 223.154 602.465
internal_count=91080 39180 51900 32270 27778 39586 18639 6910 12314 20947 20603 9918 11302 8528 3840 14136 15461 4492 12317 9557 2396 8765 6617 187 100 14084 12140 1944 1044 3070
is_linear=0
shrinkage=0.05


Tree=57
num_leaves=31
num_cat=0
split_feature=126 126 126 119 37 119 112 37 112 49 61 83 19 16 19 112 9 118 37 179 120 23 29 168 155 168 71 167 108 179
split_gain=626.716 107.614 73.3355 63.3389 39.4106 30.9008 23.9623 23.9494 20.4858 20.4809 18.3189 19.5362 16.8443 16.5898 16.3263 15.5563 15.3928 14.8162 18.2079 14.8693 14.5626 14.0225 14.0153 15.2083 13.613 13.5939 13.58 16.0236 13.5423 13.5231
threshold=3.5000000000000004 5.5000000000000009 2.5000000000000004 3.370000000000001 13.150000000000002 2.5450000000000013 0.029999999999999753 16.950000000000003 0.013333333333334052 0.074350469872857858 0.15867711072320304 1.5000000000000002 6.5450000000000008 6.5950000000000006 5.995000000000001 0.048333333333334158 7.3150000000000004 4.3050000000000006 34.550000000000004 4.3478856462179882 0.19673793768496659 67.500000000000014 15.700000000000001 0.086998570347321461 -0.010741758241758199 0.029256885382856004 0.13961038961038957 0.10420597484276727 0.1566666666666667 11.844129554655874
decision_type=8 8 10 2 2 2 8 2 8 2 2 2 10 10 10 8 8 2 2 2 2 2 2 2 2 2 2 2 8 2
left_child=2 4 5 9 8 15 25 -7 20 -3 11 -4 -9 -14 -11 -1 -10 18 -12 -19 -2 -15 23 -20 -8 -6 -21 -28 -27 -13
right_child=1 3 10 -5 6 7 24 12 16 14 17 29 13 21 -16 -17 -18 19 22 26 -22 -23 -24 -25 -26 28 27 -29 -30 -31
leaf_value=0.01022432328304642 0.0043011258022164784 -0.020543145006205799 0.030821545292509724 -0.034237491247088546 -0.0053321630673010822 0.010529502226789115 0.0050659065252316032 0.015949981719987717 -0.017554059262638404 -0.012131728425749784 0.0076571611193096056 -0.0066275630774611655 0.022719211996114392 0.038490199759889078 0.0086442686294316874 -0.0023635669252335761 0.09296229898217695 -0.0049240752525821965 0.027596518882843282 0.0011871895031844064 -0.0099248166524140268 0.1019332696263118 0.0097955746559184355 0.097872724438995806 -0.012904881747925735 0.0032950642167778408 0.1107094844385737 0.020754513664415136 0.093249403163851829 0.042116645712316471
leaf_weight=2043.6300572156906 218.64427596330643 819.03179600089788 38.70417845249176 576.66608813405037 653.42580969631672 1097.6397085487843 125.89217582345009 1130.1489546298981 942.53290922194719 704.53430412709713 1018.7531800568104 705.26965494453907 658.88270415365696 89.216882929205894 109.21771419048309 278.93666864931583 3.1612438261508933 495.2801924943924 17.048001855611805 145.65810392796993 1015.039953880012 9.6517851203680021 26.41063879430294 14.03750306367874 646.78416715562344 1215.8243461549282 5.2790185809135428 79.55063234269619 4.1984000504016867 14.521823301911352
leaf_count=11301 1409 5695 223 4427 4192 5906 830 5956 6476 4778 5961 4235 3403 436 685 1587 20 2988 92 855 6671 47 150 75 4338 7737 31 468 26 82
internal_value=-9.58812e-06 -0.0108533 0.00968527 -0.0199924 -0.00666883 0.0130378 -0.00256805 0.0164026 -0.0116478 -0.0149613 0.00273528 -0.00378339 0.0198172 0.0255851 -0.00934328 0.00871254 -0.0171846 0.00547909 0.00920216 -4.18881e-05 -0.00740357 0.0446837 0.0365774 0.0593316 -0.0099769 0.000487627 0.0104491 0.0263525 0.00360462 -0.00564415
internal_weight=14903.6 7034.95 7868.62 2209.45 4825.5 5308.11 2646.12 2985.54 2179.38 1632.78 2560.51 758.496 1887.9 757.751 813.752 2322.57 945.694 1802.02 1076.25 725.768 1233.68 98.8687 57.4961 31.0855 772.676 1873.45 230.488 84.8297 1220.02 719.791
internal_count=91080 47284 43796 15585 31699 28636 17123 15748 14576 11158 15160 4540 9842 3886 5463 12888 6496 10620 6278 4342 8080 483 317 167 5168 11955 1354 499 7763 4317
is_linear=0
shrinkage=0.05


Tree=58
num_leaves=31
num_cat=0
split_feature=127 20 127 127 114 84 86 62 59 105 180 10 114 112 109 130 35 63 114 59 109 37 29 177 11 88 20 13 90 38
split_gain=731.719 160.405 91.2783 53.9572 34.6502 28.4822 32.4426 26.7985 24.9397 22.2354 21.9908 17.1758 16.8541 15.8224 17.7754 15.7427 15.7046 35.6895 14.836 14.5141 14.3315 14.187 15.1583 14.128 15.7657 14.2263 20.7954 14.0018 13.8788 18.2616
threshold=3.5000000000000004 2.6750000000000003 2.5000000000000004 4.5000000000000009 0.018333333333333052 3.5000000000000004 3.5000000000000004 0.15477402773736784 0.11722874826323101 3.5000000000000004 2.6008849557522127 1.0000000180025095e-35 0.049999999999999357 -0.043333333333332544 0.27499999999999991 4.9150000000000009 7.8500000000000005 0.20773438806733766 -0.010000000000001048 0.16682301438398997 0.315 12.950000000000001 14.100000000000003 1.7861407249466954 7.1250000000000009 -2.7999999999999989 6.6850000000000014 7.0650000000000004 1.1158333333333335 5.4500000000000002
decision_type=8 10 10 10 8 2 2 2 2 8 2 8 8 10 8 2 2 2 8 2 8 2 2 2 8 8 10 8 10 2
left_child=2 -2 4 9 5 6 19 18 28 -3 12 23 13 -4 -15 -9 17 -12 -5 -1 -11 -19 -23 27 25 26 -25 -6 29 -8
right_child=1 3 10 7 11 -7 8 15 -10 20 16 -13 -14 14 -16 -17 -18 21 -20 -21 -22 22 -24 24 -26 -27 -28 -29 -30 -31
leaf_value=0.021460278443916805 -0.036052361493297526 0.003200305556397966 0.018084470175750999 -0.010636860364135359 0.01509909445518097 0.0089152261731276113 0.089894866938906484 0.063514686493475428 0.025312244128574454 -0.0083628416583707323 0.015238584224481136 0.03181899937883325 -0.013152641106057612 -0.00045507209381581411 0.11481464138061777 -0.0081501438669871855 0.0089022104283208586 0.19718103149808303 -0.019915809824323505 0.0097738629476068189 0.10022214743722616 0.12869854251489216 -0.0042650427526556419 0.014262606985862078 0.1162159691883643 0.00062199110485056629 0.15410493083916257 -0.016867657114603595 0.075389130463959619 0.033485236756652471
leaf_weight=640.74253316223621 654.83426180481911 835.68164005130529 138.22144574671984 619.83728249371052 654.50227007269859 460.0280988663435 15.984958276152609 7.7121804952621451 856.30558869242668 936.52116964012384 42.715384475886822 86.047345519065857 211.3603011071682 930.6845371350646 3.3565392941236487 1205.4206330627203 483.12050807476044 3.4653936177492133 1412.3739930465817 453.89038369059563 3.0486205741763106 5.6569506078958494 3.4512500762939453 9.5780190229415876 3.0352455377578726 516.11845045536757 3.6798226237297049 36.147189602255821 32.048540502786636 140.04707005620003
leaf_count=4248 7049 6815 1040 5456 4426 3195 92 67 5419 8137 313 575 1700 7153 22 10426 3606 25 13119 3133 24 41 26 67 21 3612 23 246 181 823
internal_value=-5.19809e-05 -0.0127773 0.0125517 -0.00974152 0.0168606 0.0202019 0.0226292 -0.0135752 0.0289334 -0.00273314 0.00330947 0.0102269 -0.000248074 0.00229563 -4.08426e-05 -0.00769455 0.011791 0.0370337 -0.0170857 0.0166145 -0.00801052 0.111077 0.0783164 0.00870776 0.00258719 0.00193569 0.053077 0.013426 0.0454198 0.0392642
internal_weight=11405.6 5675.43 5730.19 5020.6 3908.16 2599.05 2139.02 3245.34 1044.39 1775.25 1822.03 1309.11 1283.62 1072.26 934.041 1213.13 538.409 55.289 2032.21 1094.63 939.57 12.5736 9.1082 1223.06 532.412 529.376 13.2578 690.649 188.081 156.032
internal_count=91080 51093 39987 44044 26061 17091 13896 29068 6515 14976 13926 8970 9915 8215 7175 10493 4011 405 18575 7381 8161 92 67 8395 3723 3702 90 4672 1096 915
is_linear=0
shrinkage=0.05


Tree=59
num_leaves=31
num_cat=0
split_feature=128 128 128 119 119 21 21 116 163 116 30 21 47 145 130 4 20 98 5 65 7 103 91 48 116 169 119 107 96 157
split_gain=882.095 141.001 128.791 46.8248 40.9132 33.3021 31.278 28.9516 21.3024 18.9478 18.9428 18.0713 17.5269 17.0544 16.5404 16.4211 16.4058 16.7845 22.1179 16.4026 15.9678 17.2585 15.929 16.1035 15.5493 15.3052 15.2414 20.8047 19.6448 18.3754
threshold=3.5000000000000004 1.5000000000000002 5.5000000000000009 2.2150000000000003 3.1050000000000009 1.8750000000000002 6.0950000000000006 0.011833333333333952 0.33840336134453791 -0.0083333333333323479 22.900000000000002 7.2150000000000007 0.20705187946567258 -0.075168968214413184 4.6750000000000007 2.2500000000000004 1.6650000000000003 0.12500000000000003 6.6650000000000009 0.17538864277084174 7.3750000000000009 2.5000000000000004 1.0000000180025095e-35 0.46201923076923085 -0.016666666666666996 0.23018466645917621 2.7600000000000007 0.064999999999999961 6.7650000000000006 -0.004444444444444349
decision_type=8 10 8 2 2 10 10 8 2 8 2 10 2 2 2 8 8 8 10 2 8 10 2 2 8 2 2 10 2 2
left_child=1 3 7 10 8 -4 16 13 9 25 24 12 -5 14 -2 -7 -6 -18 -19 22 -9 -22 -13 -24 -1 -3 -10 28 -28 -29
right_child=2 4 5 11 6 15 -8 20 26 -11 -12 19 -14 -15 -16 -17 17 18 -20 -21 21 -23 23 -25 -26 -27 27 29 -30 -31
leaf_value=0.034225082976385095 0.11959574403364007 0.0047921546611210883 -0.039469630305630943 0.032666890707230924 0.027712046267872648 -0.023874783292850685 0.032419418585672856 -0.016231984842221124 0.014505342580252961 -0.0025501429441430823 -0.0037627049781523351 -0.017810500183483575 0.016715386234144876 -0.0069930914650330649 0.0071460169045173549 0.11157169392503803 0.0043731589473407547 0.18534494925443534 0.028326822979491836 0.029380077798147504 -0.01902322173075198 0.19427930339514524 0.058734466348297355 0.1682571883977475 0.011454850053766615 0.024533835849020094 0.16036924965784494 0.16431411608659557 -0.0014984309851166925 0.022973595967505561
leaf_weight=114.71002557873726 3.3256930708885184 478.5624293461442 461.07867148146033 798.59562880545855 120.68407533317804 1174.5450078807771 239.47091899067163 999.5730592533946 115.38635185360909 926.84019906073809 121.1681282967329 6.5989629775285712 219.54370533674955 1003.671608261764 195.85921160131693 2.2419947907328597 459.03252688795328 2.3726116865873328 40.981510810554028 90.585735492408276 1.9161237254738801 1.8775212466716764 107.91836485266685 3.4639668092131606 216.44434040039778 123.51686398684978 2.1784829795360592 6.3972332552075386 13.429420672357081 3.5900374129414541
leaf_count=1054 34 5015 7290 6191 1059 16332 1994 13040 1200 10084 1229 48 1776 12216 2278 31 4676 22 399 678 23 21 774 25 2104 1246 21 58 130 32
internal_value=-0.000139524 0.0156678 -0.0174576 0.0269037 0.00821841 -0.0280795 0.0170612 -0.00957209 0.00365094 0.00193608 0.013153 0.0319739 0.0292272 -0.00434085 0.00902354 -0.0236167 0.0111584 0.00718182 0.0369198 0.0453823 -0.0158434 0.0865428 0.0576688 0.0621406 0.0193423 0.00884217 0.0222482 0.0571541 0.0210944 0.113508
internal_weight=8055.56 4211.47 3844.09 1679.03 2532.44 1637.87 862.542 2206.22 1669.9 1528.92 452.322 1226.71 1018.14 1202.86 199.185 1176.79 623.071 502.387 43.3541 208.567 1003.37 3.79364 117.981 111.382 331.154 602.079 140.982 25.5952 15.6079 9.98727
internal_count=91080 39815 51265 13879 25936 23653 8150 27612 17786 16345 4387 9492 7967 14528 2312 16363 6156 5097 421 1525 13084 44 847 799 3158 6261 1441 241 151 90
is_linear=0
shrinkage=0.05


Tree=60
num_leaves=31
num_cat=0
split_feature=34 123 123 98 55 34 3 116 94 164 61 173 50 21 58 52 34 180 38 114 113 88 28 94 15 34 98 38 176 18
split_gain=192.151 54.3577 38.4671 29.6131 27.0917 22.9662 23.3203 19.8679 19.8191 18.0331 16.138 16.0312 17.5911 15.5872 14.8324 14.5401 17.6896 19.788 15.8433 16.0027 15.0248 13.8401 15.1539 14.5618 18.9482 15.5199 13.9495 13.5171 14.5318 18.9036
threshold=17.300000000000001 1.5000000000000002 1.5000000000000002 0.079999999999999558 4.5000000000000009 26.800000000000001 19.050000000000004 0.12833333333333338 -0.5 0.71443030653556983 0.12330603400785926 20.841666666666672 0.19744964262508116 4.0250000000000012 0.24023185196369554 26.500000000000004 36.600000000000001 8.9961538461538471 34.900000000000006 -0.074999999999999636 0.25499999999999995 1.5700000000000005 61.650000000000006 -0.5 7.1650000000000009 20.650000000000002 0.10499999999999997 31.700000000000006 20.001923076923081 6.2550000000000008
decision_type=2 10 8 10 2 2 8 8 2 2 2 2 2 10 2 2 2 2 2 8 10 8 2 2 8 2 10 2 2 10
left_child=1 3 21 -1 7 13 -7 -3 10 11 -6 -10 -13 14 -4 20 17 18 19 -17 -8 22 23 24 25 -2 -25 28 29 -15
right_child=2 4 5 -5 8 6 15 -9 9 -11 -12 12 -14 27 -16 16 -18 -19 -20 -21 -22 -23 -24 26 -26 -27 -28 -29 -30 -31
leaf_value=-0.015097008438190755 -0.013593173427875173 0.0023565954519725813 0.0093463007112955295 -0.00035555207423608329 0.00082451547677808332 0.0062741200852054549 0.013126051226242792 0.056235573269347153 -0.0019878682294369159 -0.026492004991441439 -0.012523344758135789 0.13118645477461469 -0.019546310218684193 0.0029354686090175726 0.038829081893633682 0.084105569517977222 0.053316957766462274 0.12694918562020338 0.10319208580522998 0.009976764903040539 0.10564798219372123 -0.0077874949507852446 -0.006987035623080045 -0.0022062733801641609 0.13156525880954717 0.021709860126539811 0.027423370701143143 -0.0091218757141554013 -0.0067240550468642317 0.012472276342464492
leaf_weight=1760.0964358747005 38.096096768975258 1409.7431397289038 832.70703309774399 422.444560572505 284.10189804434776 1207.1672146618366 923.84724721312523 17.320328176021576 2590.435231372714 75.917970836162567 1115.8594847023487 4.6890961676836005 3.2962728440761566 2137.4506209641695 44.962864905595779 7.6793423444032669 52.364089071750641 4.1909878551959983 5.1318471729755393 140.15935251116753 4.4088804572820655 577.85873611271381 308.11027719080448 361.92133365571499 3.5615639686584464 170.29926517605782 44.620838731527328 203.52038359642029 278.16217446327209 686.49815426766872
leaf_count=11386 223 8283 4522 2525 1704 6510 4771 100 15393 474 6871 28 20 11926 231 39 254 22 26 718 22 3378 1830 2106 20 965 250 1145 1579 3759
internal_value=8.56588e-05 -0.00556698 0.00549284 -0.0122437 -0.00291815 0.00715387 0.0111149 0.00301053 -0.00499472 -0.00247162 -0.00981459 -0.00176982 0.0689656 0.00493351 0.0108567 0.0162509 0.0281479 0.019762 0.0168253 0.0138273 0.0135655 -0.00171475 0.00207238 0.00658539 0.0172106 0.0152562 0.00104579 0.00336086 0.00417981 0.00525385
internal_weight=15716.6 7683.9 8032.72 2182.54 5501.36 6528.25 2344.95 1427.06 4074.3 2674.34 1399.96 2598.42 7.98537 4183.3 877.67 1137.78 209.526 157.162 152.971 147.839 928.256 1504.47 926.609 618.499 211.957 208.395 406.542 3305.63 3102.11 2823.95
internal_count=91080 46784 44296 13911 32873 35524 12362 8383 24490 15915 8575 15441 48 23162 4753 5852 1059 805 783 757 4793 8772 5394 3564 1208 1188 2356 18409 17264 15685
is_linear=0
shrinkage=0.05


Tree=61
num_leaves=31
num_cat=0
split_feature=124 17 28 130 19 108 35 140 90 65 112 177 3 88 108 59 17 108 17 59 19 48 20 108 163 161 60 35 3 177
split_gain=393.212 115.036 108.172 53.7768 34.6067 30.9887 27.3019 26.9297 25.6581 22.7295 22.1684 21.7112 18.7212 17.7072 20.8638 17.6669 17.2904 17.0036 18.6707 17.0004 15.5973 15.2321 15.1948 15.1849 14.9505 14.5347 17.0036 14.2721 16.8362 23.09
threshold=3.5000000000000004 4.6050000000000013 54.000000000000007 5.6250000000000009 5.3150000000000004 0.038333333333332657 37.70000000000001 1.5000000000000002 -0.18999999999999903 0.16218625042154453 -0.024999999999999845 1.4301515151515154 17.750000000000004 -2.395 0.065000000000000765 0.17583581672564721 3.0850000000000004 -0.026666666666666745 5.1850000000000014 0.15607701012325287 2.3850000000000002 0.23345498783454988 5.5150000000000006 0.010000000000001051 5.8250000000000011 1.1121538461538465 0.2745788456227562 28.800000000000004 27.650000000000002 5.576696832579187
decision_type=8 10 2 2 10 8 2 2 10 2 8 2 10 8 8 2 8 8 10 2 10 2 8 8 2 2 2 2 8 2
left_child=2 3 7 16 6 8 17 13 -3 11 -6 -5 -9 -1 21 -12 -2 -4 -19 20 22 24 -10 -18 -15 26 -14 28 -21 -30
right_child=1 5 4 9 10 -7 -8 12 19 -11 15 -13 25 14 -16 -17 23 18 -20 27 -22 -23 -24 -25 -26 -27 -28 -29 29 -31
leaf_value=-0.0056886356404917517 -0.023432615118274925 -0.0085476051851066763 0.02025801872871218 -0.021909159261249492 -0.00062472681585014128 -0.011241124734378431 0.028439419051526915 0.0028050895936765057 -0.0088756823448135642 -0.010658574228790229 0.00079495962229479602 -0.01019992906683854 -0.0032940178992145078 0.010729467932415462 -0.016881152761603156 0.012403790290014052 0.003156157848753339 0.0012611752905078953 0.013930290292994547 0.0039927980542551877 -0.0048421981165990818 -0.00040310294271760094 0.080246064065487385 -0.0093739221211977548 0.083131103264582701 -0.01626842599918038 0.054633994925413799 0.0098762012896616153 -0.016912012916969088 0.01662906932638003
leaf_weight=282.87291859090328 101.35846622288227 754.69281777739525 672.74952964484692 1764.9273764491081 628.07940790057182 772.29901239275932 361.93132418394089 1656.6137175858021 8.6308073550462741 1150.2450398653746 408.70710128545761 510.35859893262386 1631.8304741382599 1461.5434522479773 82.493315503001213 1654.2636556774378 614.61230298876762 389.1006785184145 1151.2143956720829 1166.6417240798473 918.57033076882362 359.2635400891304 10.72671367228031 398.60776636004448 7.1651033610105506 229.81729210913181 12.76701697707176 724.98461827635765 228.5616982281208 66.16451495885849
leaf_count=1237 503 3617 2731 9174 2670 3709 1440 7352 39 5795 1738 2561 7280 6262 359 6906 2794 1639 4723 5246 4222 1553 49 1828 31 1039 58 3184 1050 291
internal_value=1.05772e-05 -0.0076211 0.00639302 -0.0132828 0.0115648 -0.00209469 0.0157084 0.0016353 -0.000273647 -0.0163869 0.00759988 -0.0192827 -0.00106756 0.00598661 0.00771531 0.0101039 -0.00374294 0.0136264 0.0107299 0.00172499 -0.00390619 0.0088253 0.04051 -0.00177326 0.0110827 -0.00449022 -0.00284432 0.00414072 0.00129535 -0.00938221
internal_weight=20181.8 9191.38 10990.4 4540.11 5266.05 4651.27 2575 5724.37 3878.97 3425.53 2691.05 2275.29 3531.03 2193.34 1910.47 2062.97 1114.58 2213.06 1540.32 3124.28 937.928 1827.97 19.3575 1013.22 1468.71 1874.41 1644.6 2186.35 1461.37 294.726
internal_count=91080 44062 47018 22655 21847 21407 10533 25171 17698 17530 11314 11735 15729 9442 8205 8644 5125 9093 6362 14081 4310 7846 88 4622 6293 8377 7338 9771 6587 1341
is_linear=0
shrinkage=0.05


Tree=62
num_leaves=31
num_cat=0
split_feature=125 18 137 130 18 103 141 109 107 30 59 123 177 172 177 9 19 20 172 167 108 13 18 28 130 145 60 136 30 36
split_gain=375.956 101.575 63.9709 54.5903 49.414 32.5285 31.7295 26.7876 26.4531 24.4107 24.2372 19.6528 21.0965 19.2844 18.0461 17.0481 16.5888 15.8063 15.6561 15.1722 15.031 14.8444 14.68 14.6589 14.703 15.7933 14.6586 14.4363 14.3781 16.8183
threshold=4.5000000000000009 5.3950000000000005 1.0000000180025095e-35 6.035000000000001 3.6050000000000004 4.5000000000000009 1.5000000000000002 0.084999999999999923 0.019999999999999952 29.300000000000001 0.1714580873671783 2.5000000000000004 0.59023809523809534 0.70032894736842122 5.5513157894736853 7.1250000000000009 3.8850000000000002 5.3150000000000004 2.3419498381877029 0.28183573183573185 0.13833333333333317 7.3950000000000005 2.8350000000000004 21.250000000000004 5.6650000000000009 0.13538999174936348 0.12884294822223363 2.5833333333333335 34.050000000000004 33.95000000000001
decision_type=8 10 2 2 10 8 2 8 8 2 2 8 2 2 2 8 8 10 2 2 10 8 10 2 2 2 2 2 2 2
left_child=1 3 15 9 22 11 8 14 19 -1 -9 12 26 -5 -8 16 17 -3 -13 -4 28 -15 -2 -11 -25 -26 -6 -24 29 -18
right_child=4 2 6 13 5 -7 7 10 -10 23 -12 18 -14 21 -16 -17 20 -19 -20 -21 -22 -23 27 24 25 -27 -28 -29 -30 -31
leaf_value=0.0021967674469970206 -0.033211492994675663 0.020155972820022051 0.0029853429247497527 -0.011428761949215787 -0.0034311742655662733 -0.015146123465043376 0.014565673231187917 0.010283245529763362 0.02187441870878103 -0.011318505929673239 -0.0075297585205852773 -0.013444818022771914 -0.0063960544056134751 -0.0025659438549430792 0.0018909482418747556 -0.024302288630188535 -0.00022280975574870171 0.0025261117623565196 -0.0011718845432073461 0.031453958553348503 0.065573919734802658 0.087090326846879743 -0.013822687039826313 0.033575352359710174 -0.0011996958002706837 0.098240416770795397 0.013534507458752884 -0.033130881282493162 0.010883368110158022 0.0086673121682096354
leaf_weight=2091.8660756498575 238.04647281765938 287.71600939333439 342.83692510426044 1173.0354331284761 229.71339285373688 1532.1916509866714 1487.0695151090622 367.74373698234558 1130.1280705332756 33.988267928361893 397.24265274405479 1065.7200270742178 1041.8079959005117 1081.7021150141954 346.21375568211079 54.086114555597305 2711.8972061872482 227.79769423604012 343.64219500124454 54.199885219335556 9.5169432610273343 4.6365858167409888 415.96789675951004 136.72100360691547 63.33808371424675 4.2615559250116339 285.62271422147751 126.17298981547356 466.84491738677025 661.82215401530266
leaf_count=10107 1431 1324 1531 6101 1181 8417 6710 1676 4998 162 1906 5734 5377 5499 1625 270 13045 1076 1809 245 43 23 2357 627 312 20 1437 748 2224 3065
internal_value=2.48498e-05 0.00455415 0.00777656 -0.00144554 -0.0112447 -0.00923017 0.0122543 0.00889257 0.0179739 0.00392407 0.0010333 -0.00617461 -0.00230286 -0.00698341 0.0121721 0.00359689 0.00394254 0.0123656 -0.0104523 0.00687162 0.00281472 -0.00218328 -0.022861 0.0190863 0.024144 0.00506912 0.00597198 -0.0183163 0.0026592 0.00152116
internal_weight=18413.6 13134.7 8545.12 4589.55 5278.89 4498.7 4125.43 2598.27 1527.16 2330.17 764.986 2966.51 1557.14 2259.37 1833.28 4419.68 4365.59 515.514 1409.36 397.037 3850.08 1086.34 780.187 238.309 204.321 67.5996 515.336 542.141 3840.56 3373.72
internal_count=91080 62589 39738 22851 28491 23955 18691 11917 6774 11228 3582 15538 7995 11623 8335 21047 20777 2400 7543 1776 18377 5522 4536 1121 959 332 2618 3105 18334 16110
is_linear=0
shrinkage=0.05


Tree=63
num_leaves=31
num_cat=0
split_feature=126 19 126 19 112 112 90 179 37 136 167 119 37 61 20 19 37 112 33 130 56 182 85 26 158 175 61 88 97 36
split_gain=567.155 103.74 65.1649 57.0144 33.5265 32.9328 31.5341 31.6465 29.0998 23.6368 22.5341 21.4344 15.9843 14.5661 14.8608 14.784 14.4775 16.6362 14.4094 14.1314 14.0529 14.1644 13.8903 13.8222 13.6303 18.4633 14.5301 17.0821 19.6838 13.6557
threshold=3.5000000000000004 2.7850000000000006 1.5000000000000002 5.0550000000000006 0.0083333333333323514 0.043333333333334258 1.0100000000000013 4.7609523809523822 27.900000000000002 2.416666666666667 0.07817592894393742 1.1899999999999999 14.900000000000002 0.14071104023109562 4.455000000000001 6.5950000000000006 18.900000000000002 -0.028333333333333748 13.450000000000001 6.4050000000000011 53.500000000000007 7440.341590036337 3.5000000000000004 19.500000000000004 4.6058333333333339 0.38162944582299424 0.21743171165346695 0.099999999999999825 0.095000000000000168 21.250000000000004
decision_type=8 10 10 10 8 8 8 2 2 2 2 2 2 2 10 10 2 8 2 2 2 2 2 2 2 2 2 10 2 2
left_child=2 -2 8 4 9 6 7 12 11 -3 -11 -1 -4 -8 15 -15 -5 23 -12 -6 24 -22 -16 -18 -10 26 29 28 -28 -26
right_child=1 3 5 16 19 -7 13 -9 20 10 18 -13 -14 14 22 -17 17 -19 -20 -21 21 -23 -24 -25 25 -27 27 -29 -30 -31
leaf_value=-0.0081543019323049876 -0.031763243194536654 -0.001237346543654349 -0.003383725548092434 -0.00622057311354836 -0.012424456976292613 -0.0031584532212271701 0.0026359174183683549 0.014048288454740175 0.019055849877206234 -0.017249741195386574 0.0011624156844741611 0.013756674273863373 0.0051555919570292902 0.021498917126784041 0.0059050555615823355 0.065680165802440016 -0.010503556448776421 -0.0010812873958618004 -0.019388533614491592 -0.020434669582725815 0.11493714152299189 0.036861604380983438 0.023704116660312507 0.020285474474284942 0.0086636974668506186 0.013218897319363279 0.03606608557643632 0.049402101555059544 0.1582166983343633 0.065954273010871242
leaf_weight=118.8745251595974 526.1611400693655 887.26685532927513 820.86206620931625 1007.8946458250284 1148.2857807129622 838.10939303040504 214.46793012320995 749.33102647960186 518.65269188582897 765.95315882563591 376.57415740936995 1828.0464859008789 1648.658348441124 465.1117237508297 370.8933297842741 19.738136351108551 45.582378461956978 861.58915559947491 110.2713605388999 1057.8220676854253 8.0124650597572344 21.124632641673088 155.59541460871696 181.98782035708427 28.393736496567726 54.225214272737503 5.1162932515144339 32.564852833747864 9.2802746742963773 16.414219364523888
leaf_count=681 4127 5788 4813 6623 7978 4844 1208 4192 2659 5219 2501 9708 9354 2501 2034 97 274 5492 735 7481 39 105 819 1066 142 282 27 159 49 83
internal_value=-1.24047e-05 -0.0104162 0.00913866 -0.00867299 -0.0119401 0.00593277 0.00764706 0.00504809 0.0155521 -0.00748137 -0.0119036 0.0124188 0.00231715 0.0144717 0.0169817 0.0232975 -0.00190189 0.00209456 -0.00349241 -0.0162653 0.0243447 0.0583317 0.0111653 0.0141184 0.0228547 0.0363505 0.0500186 0.0694526 0.114806 0.0296506
internal_weight=14892.9 6969.39 7923.47 6443.23 4346.17 5282.77 4444.66 3218.85 2640.71 2140.07 1252.8 1946.92 2469.52 1225.81 1011.34 484.85 2097.05 1089.16 486.846 2206.11 693.784 29.1371 526.489 227.57 664.647 145.995 91.7694 46.9614 14.3966 44.808
internal_count=91080 47284 43796 43157 29702 29862 25018 18359 13934 14243 8455 10389 14167 6659 5451 2598 13455 6832 3236 15459 3545 144 2853 1340 3401 742 460 235 76 225
is_linear=0
shrinkage=0.05


Tree=64
num_leaves=31
num_cat=0
split_feature=127 20 127 20 114 105 171 114 30 143 20 6 50 66 9 77 18 168 54 103 158 161 10 42 130 99 124 119 89 180
split_gain=665.175 154.823 82.1553 51.4725 34.7278 30.9379 21.7198 17.8334 16.4778 16.362 19.5918 17.6315 16.1927 18.3291 20.4783 18.024 16.5332 16.1177 16.4953 16.0724 17.0137 16.1576 15.8758 15.5398 16.9449 15.7864 26.1594 15.0806 15.0526 15.6229
threshold=3.5000000000000004 2.6750000000000003 1.5000000000000002 4.7950000000000008 0.0033333333333315503 3.5000000000000004 7.7314415322580645 0.063333333333332964 19.300000000000001 2.5000000000000004 6.9850000000000012 1.2500000000000002 0.16405676535356004 0.13340627279358133 6.8650000000000011 4.5000000000000009 5.1550000000000011 0.18756044487427467 87.500000000000014 5.5000000000000009 6.1107142857142867 4.7312500000000011 1.7500000000000002 27.700000000000006 5.6250000000000009 -0.056666666666665241 3.5000000000000004 4.1350000000000016 5.2708333333333348 6.6700000000000008
decision_type=8 10 10 10 8 8 2 8 2 2 10 8 2 2 8 2 10 2 2 10 2 2 8 2 2 10 8 2 2 2
left_child=2 -2 6 4 28 12 7 9 -8 10 -1 -11 15 14 -14 16 -4 -7 -19 21 -21 -12 -5 -18 -25 26 -26 -9 29 -3
right_child=1 3 5 22 -6 17 8 27 -10 11 19 -13 13 -15 -16 -17 23 18 -20 20 -22 -23 -24 24 25 -27 -28 -29 -30 -31
leaf_value=0.02348882732077831 -0.035595067304917641 -0.0047806168112808425 0.016790267793550123 -0.003861122800041682 -0.018546664355955204 9.5080554583183106e-05 0.014465099600803886 -0.005149042474051198 -0.018658172590314989 0.018644520213150283 0.033261206127900601 0.13553018768228042 0.043465116336945053 0.01322431779436793 0.0087211785692964117 -0.0099794729112068058 -0.0027920341003129768 0.0094773072564898822 0.10503207073062085 0.060119702003025667 0.16810064576421035 0.14420966579167224 0.052595579560878375 0.14294454471940951 0.18184684841086496 0.0075759204634805099 0.014598042223657116 0.042321070349931607 -0.016790390383976707 0.052544712010919273
leaf_weight=470.72451105713844 633.98819246888161 872.59338919818401 421.37979435920715 2138.7195480391383 1629.1894538775086 1354.2403556928039 104.962651014328 98.576099693775177 58.458063170313835 1031.6442327648401 159.25478473305702 3.2364304810762397 115.87954629957676 812.29567156732082 66.89308051019907 130.60725267231464 289.92239096015692 540.82703609019518 4.5544661283493033 31.64808152616024 4.1231615245342246 3.3505460470914832 12.525056079030035 2.8799345046281806 3.6981241255998585 51.122455857694149 6.356814146041871 20.15103779733181 310.85013174265623 12.049382373690603
leaf_count=2934 7049 7495 2938 18135 15373 10143 700 665 401 6572 976 20 780 5631 450 929 2087 3909 31 187 25 21 101 21 27 367 45 128 2840 100
internal_value=-5.61247e-05 -0.0123245 0.0118373 -0.00935963 -0.0137976 0.00753063 0.0200786 0.0216442 0.0026164 0.0229497 0.029043 0.0190101 0.0120401 0.0164433 0.0307492 0.00720388 0.0100984 0.00301782 0.0102753 0.0422226 0.0725661 0.0355473 -0.00353242 0.00213229 0.0244197 0.0188401 0.0761108 0.00290785 -0.0073256 -0.00399981
internal_weight=11396.7 5609.92 5786.79 4975.93 2824.68 3800.66 1986.13 1822.71 163.421 1703.98 669.101 1034.88 1901.04 995.068 182.773 905.967 775.36 1899.62 545.382 198.377 35.7712 162.605 2151.24 353.98 64.0573 61.1774 10.0549 118.727 1195.49 884.643
internal_count=91080 51093 39987 44044 25808 27358 12629 11528 1101 10735 4143 6592 13275 6861 1230 6414 5485 14083 3940 1209 212 997 18236 2547 460 439 72 793 10435 7595
is_linear=0
shrinkage=0.05


Tree=65
num_leaves=31
num_cat=0
split_feature=128 128 128 119 118 21 116 21 169 31 51 17 145 1 168 51 2 26 40 34 15 36 145 145 130 43 110 31 155 30
split_gain=805.628 124.15 123.045 41.1711 37.2451 33.3577 27.2483 24.8952 22.7409 21.307 20.576 20.5427 16.5345 16.5173 18.5641 17.9274 16.2326 26.0892 16.2316 20.8087 21.7876 19.2445 16.2316 15.9303 15.7845 17.3426 18.3092 18.9778 15.5379 15.5713
threshold=3.5000000000000004 5.5000000000000009 1.5000000000000002 2.8850000000000011 3.3750000000000004 1.8750000000000002 0.011833333333333952 6.0650000000000004 0.24499799919967988 39.000000000000007 0.40138888888888896 6.035000000000001 0.037157350560031256 5.5000000000000009 0.26200076804915523 0.27320574162679429 8.5000000000000018 15.500000000000002 8.2000000000000011 30.200000000000003 6.705000000000001 14.550000000000002 -0.0093906601257706997 -0.079390660125770535 4.7750000000000012 14.050000000000002 0.041666666666666456 15.600000000000003 -0.021428571428571245 7.5500000000000016
decision_type=8 8 10 2 2 10 8 10 2 2 2 8 2 10 2 2 10 2 2 2 10 2 2 2 2 2 10 2 2 2
left_child=2 6 3 10 7 -3 24 -4 16 28 11 -1 -11 14 15 18 -6 -18 -9 20 -20 -22 23 -15 25 -2 27 -27 29 -10
right_child=1 5 4 -5 8 -7 -8 13 9 12 -12 -13 -14 22 -16 -17 17 -19 19 -21 21 -23 -24 -25 -26 26 -28 -29 -30 -31
leaf_value=0.018576988929918072 0.010116139771870557 -0.039195553359230959 0.012426441635956468 0.032999338576328544 0.00032800679882240622 -0.023067090577009827 -0.015359166636899249 -0.010450360441124934 0.14051271526058959 0.04965554444448067 0.034975961260902994 -0.0016305473038596228 0.22326341988144352 0.054767151438312671 -0.023158217315087926 0.058178464437658117 0.18354861278798343 0.022689970000623456 0.14831197463087253 -0.035077441989448475 0.086376936827081544 0.01187619734965749 0.034489241154756919 0.22271825418760005 -0.0050617023389383725 -0.016986870415515744 0.22672313814921752 0.18492182295322868 0.01042354047567519 0.033922733046166262
leaf_weight=574.0269578769803 22.60193041712046 444.4302835278213 579.81252288073301 840.22811387479305 1408.7003060430288 1150.5189019963145 988.55445075035095 27.167311988770962 4.0210773870348957 4.1818010061979285 141.41115249693394 161.05544877052307 2.0407963171601295 2.4515022188425064 14.689370058476923 54.256823427975178 2.8359888270497349 22.668730936944485 5.1054978445172301 8.3108134195208532 13.427329540252684 24.455856435000896 6.0832154452800733 3.3293273150920868 1167.6155844554305 3.5239654704928389 2.021783635020256 1.7376595884561536 344.09546291083097 23.166759878396988
leaf_count=5069 265 7290 5665 6032 14940 16363 13084 221 40 42 1191 1587 20 20 124 416 30 238 40 69 104 196 47 26 14180 40 23 20 3464 234
internal_value=-0.000148217 -0.0169542 0.0147418 0.0250909 0.00777671 -0.0275613 -0.00921523 0.0172361 0.00391775 0.0148365 0.0175096 0.0141495 0.106593 0.0347445 0.0301766 0.0360796 0.00104375 0.0405766 0.020799 0.0373481 0.0513498 0.0382823 0.0915008 0.151494 -0.00414331 0.031738 0.0988349 0.0496938 0.0132987 0.0496874
internal_weight=8048.53 3781 4267.52 1716.72 2550.8 1594.95 2186.06 739.09 1811.71 377.506 876.494 735.082 6.2226 159.277 147.413 132.724 1434.21 25.5047 78.4668 51.2995 42.9887 37.8832 11.864 5.78083 1197.5 29.8853 7.28341 5.26163 371.283 27.1878
internal_count=91080 51265 39815 13879 25936 23653 27612 6928 19008 3800 7847 6656 62 1263 1170 1046 15208 268 630 409 340 300 93 46 14528 348 83 60 3738 274
is_linear=0
shrinkage=0.05


Tree=66
num_leaves=31
num_cat=0
split_feature=34 170 123 98 90 3 123 34 130 99 119 24 108 119 61 128 57 64 98 40 22 16 111 7 91 167 56 2 108 171
split_gain=175.166 51.1479 35.0533 24.692 23.8192 20.5374 21.8211 20.5116 18.4291 17.5877 16.7869 16.6501 16.0549 15.2529 17.7382 18.1741 19.7141 16.1693 21.3192 15.4533 15.2013 16.7297 14.8105 14.3732 15.2248 18.9458 14.3515 13.9296 13.8065 13.6675
threshold=17.300000000000001 24.072069061542752 1.5000000000000002 0.079999999999999558 -1.925 21.050000000000004 1.5000000000000002 35.150000000000006 5.8050000000000006 0.008333333333334152 4.0550000000000015 40.500000000000007 0.096666666666666165 2.620000000000001 0.17860270202651987 1.5000000000000002 32.500000000000007 0.13188498617946467 0.039999999999999557 23.650000000000002 47.500000000000007 5.9150000000000009 0.1400000000000001 6.8450000000000006 4.5000000000000009 0.42324058919803603 36.500000000000007 1.5000000000000002 -1.0000000180025095e-35 9.3471653231135203
decision_type=2 2 8 10 10 10 10 2 2 10 2 2 10 2 2 8 2 2 10 2 2 10 10 8 2 2 2 10 10 2
left_child=1 4 -2 8 -1 6 9 13 -3 -6 -8 20 -13 17 15 29 -17 -4 -19 22 -12 -22 -18 -20 25 -25 -9 -10 -26 -15
right_child=2 3 7 -5 5 -7 10 26 27 -11 11 12 -14 14 -16 16 19 18 23 -21 21 -23 -24 24 28 -27 -28 -29 -30 -31
leaf_value=-0.02816397875826572 -0.0016506506170866993 -0.023526220223136073 -0.0071485963279077766 -0.0013167872777801312 -0.013033461587938888 -0.0060159814178249909 0.00074525792145552455 0.012014087718632681 -0.016539731474408091 0.0080120516251172055 -0.006984820191311936 0.0190758569796661 0.11837809809706049 0.00036921799690505994 0.0034136403199140652 0.011963869245077675 0.030709628402310559 -0.00051274545393467771 0.0049119738821317826 -0.022409963567717142 0.0095571561487611551 0.068930316076158529 0.083466460154590805 0.029226080690984688 0.023250054290613359 0.13331265561274419 0.034440745307499784 -0.0077100101989416685 0.0028085670747052672 0.043060105341427429
leaf_weight=86.843176558613777 1502.7200803160667 353.22725291550159 345.72112628817558 561.22367778420448 427.46180325746536 1765.8841424882412 1945.5915422290564 759.38669911026955 722.99951885640621 129.30183288455009 161.70853224396706 226.89096494019032 4.1446872949600211 422.35427705943584 1223.0254855901003 1312.9218719005585 109.74745950102806 1102.2343344092369 725.70629167556763 11.951074495911596 82.190550476312637 13.866064846515654 15.137992158532141 88.128560990095139 143.91658300161362 4.6000155955553046 78.732106655836105 1168.6594495773315 193.89189238846302 19.619111657142639
leaf_count=546 8772 2289 1899 3408 2734 10717 11352 3924 4641 779 931 1308 24 2341 6677 7034 586 6090 3992 64 470 83 80 482 782 25 380 7502 1060 108
internal_value=9.35407e-05 -0.00532574 0.00523728 -0.0106973 -0.00221396 -0.00174022 0.000784048 0.00681582 -0.0130424 -0.00814589 0.00282639 0.01111 0.0208573 0.00574526 0.00810636 0.0111402 0.0138462 0.00292128 0.00446274 0.0319067 0.00237346 0.0181279 0.0371045 0.00920582 0.0164435 0.0343895 0.0141208 -0.0110848 0.0115173 0.00226426
internal_weight=15709.8 7649.99 8059.79 2806.11 4843.88 4757.04 2991.16 6557.07 2244.89 556.764 2434.39 488.801 231.036 5718.96 3114.76 1891.73 1449.76 2604.2 2258.48 136.837 257.765 96.0566 124.885 1156.24 430.537 92.7286 838.119 1891.66 337.808 441.973
internal_count=91080 46784 44296 17840 28944 28398 17681 35524 14432 3513 14168 2816 1332 31220 16890 10213 7764 14330 12431 730 1484 553 666 6341 2349 507 4304 12143 1842 2449
is_linear=0
shrinkage=0.05


Tree=67
num_leaves=31
num_cat=0
split_feature=17 90 130 124 35 108 107 59 29 65 130 158 124 114 140 108 171 3 108 109 53 29 9 35 65 85 124 33 63 88
split_gain=358.965 81.8396 79.549 70.1932 41.1055 31.6835 31.4323 30.9857 27.1316 24.4803 21.5953 21.4133 18.6334 18.3032 18.1835 18.1246 17.6723 16.9062 16.6604 16.2045 16.1518 15.6584 14.5502 14.521 15.2316 14.2304 14.1583 15.3638 14.08 14.0529
threshold=4.7650000000000006 0.38500000000000117 5.7950000000000008 2.5000000000000004 26.500000000000004 0.026666666666665905 0.06000000000000006 0.11543186543186536 15.100000000000001 0.10813793926376707 6.1750000000000007 4.1804545454545456 2.5000000000000004 0.088333333333333361 2.5000000000000004 -0.013333333333334049 13.998550275482096 18.650000000000002 -0.028333333333331944 0.079999999999999558 4.5000000000000009 27.100000000000005 6.9350000000000014 14.950000000000001 0.30053763440860221 2.5000000000000004 4.5000000000000009 37.150000000000006 0.17623356597954878 1.3100000000000001
decision_type=10 10 2 10 2 8 8 2 2 2 2 2 10 8 2 8 2 10 10 8 2 2 10 2 2 2 10 2 2 10
left_child=2 4 9 11 6 14 -2 23 -8 -1 -7 19 -6 20 26 22 17 -16 -19 25 -11 -17 28 24 -4 -3 -5 -28 -9 -18
right_child=1 3 7 5 12 10 8 15 -10 13 -12 -13 -14 -15 16 21 29 18 -20 -21 -22 -23 -24 -25 -26 -27 27 -29 -30 -31
leaf_value=-0.013550822287767595 0.0011373809090950485 0.010753113757964743 -0.025222349956315022 0.012068017061424885 0.0078577565765170308 0.0074019431036345231 -0.016267584790044174 -0.0008597310283224134 -0.0029964745591817884 -0.010199647360724816 -0.0097090789331196053 0.020227713666203899 0.00047841232963183913 0.025716879310246452 0.0067229918066395097 -0.015356926443669185 0.01793947985122657 0.0071212057926613882 -0.012063839356083517 0.01734408756940321 0.0018143399363838204 0.0028318930775990056 0.0092662783851566993 -0.014933830537437904 0.034251500576164849 -0.0033136206315573591 -0.00019212369762522873 0.082388841610602989 -0.015732109474435835 0.086491498288030766
leaf_weight=395.03956584632397 2541.5062381476164 618.96521089971066 797.29429386556149 1431.1646212935448 2142.2173096686602 270.69659069180489 593.93921492993832 338.30087997019291 1095.4171819984913 357.28657437860966 578.37212628126144 1104.2689237296581 1424.1733183264732 67.79362590610981 514.50578053295612 1412.4945977479219 36.452385634183884 165.06874157488346 359.86484540998936 599.64197792112827 1289.298047542572 129.1443657875061 153.9855632185936 805.70007346570492 10.912831097841261 253.39781627058983 363.57264485955238 5.720846250653266 300.50154732167721 9.404755696654318
leaf_count=1905 11427 2478 4216 6053 9112 1192 2766 1673 4983 1625 2665 4334 6459 305 2248 7134 153 721 1615 2391 5812 634 753 4162 55 1038 1609 24 1498 40
internal_value=1.16733e-05 0.0043829 -0.0101688 0.00861574 0.000956834 0.00423622 -0.00237627 -0.0143568 -0.00766229 -0.00232986 -0.00425381 0.0149647 0.00491095 0.000255759 0.00673423 -0.0106739 0.00162216 0.000282032 -0.00603098 0.0110165 -0.000792533 -0.0138332 -0.00453021 -0.0196839 -0.0244193 0.00666711 0.00981573 0.00108717 -0.0078559 0.0319987
internal_weight=20166.1 14108.4 6057.75 6311.1 7797.25 3734.82 4230.86 3948.33 1689.36 2109.42 849.069 2576.27 3566.39 1714.38 2885.75 2334.43 1085.3 1039.44 524.934 1472.01 1646.58 1541.64 792.788 1613.91 808.207 872.363 1800.46 369.293 638.802 45.8571
internal_count=91080 61308 29772 26561 34747 16320 19176 20125 7749 9647 3857 10241 15571 7742 12463 11692 4777 4584 2336 5907 7437 7768 3924 8433 4271 3516 7686 1633 3171 193
is_linear=0
shrinkage=0.05


Tree=68
num_leaves=31
num_cat=0
split_feature=18 130 88 18 125 110 30 110 18 9 85 108 109 36 158 116 141 33 172 90 179 182 30 62 91 82 24 43 60 109
split_gain=344.127 84.4552 71.9029 42.2935 35.7115 32.7582 27.1659 22.7154 20.1362 19.2731 18.3836 17.9919 17.1881 16.8604 16.6186 16.585 15.8659 14.5638 14.5445 14.4824 14.3416 14.2131 14.1534 13.6509 19.8567 15.9588 14.3899 13.8676 13.4722 13.392
threshold=5.1050000000000013 5.745000000000001 1.1600000000000004 3.6850000000000005 2.5000000000000004 0.0016666666666664504 17.500000000000004 0.013333333333334052 2.8350000000000004 7.1050000000000013 3.5000000000000004 -0.050000000000000246 0.11999999999999968 20.400000000000002 5.3205263157894747 -0.040000000000000445 3.5000000000000004 31.000000000000004 0.34492841298648924 0.043333333333334056 2.7113247863247865 6865.6803684945889 27.900000000000002 0.14627262623054937 9.5000000000000018 2.5000000000000004 17.500000000000004 12.250000000000002 0.13209991201485974 0.074999999999999664
decision_type=10 2 10 10 10 8 2 8 10 8 2 10 8 2 2 8 2 2 2 10 2 2 2 2 2 2 2 2 2 8
left_child=1 6 4 18 9 20 8 13 -1 15 12 -8 14 -6 -4 -2 28 22 -3 -17 -5 -12 23 24 25 -15 27 -27 -7 -10
right_child=2 3 10 5 7 16 11 -9 29 -11 21 -13 -14 17 -16 19 -18 -19 -20 -21 -22 -23 -24 -25 -26 26 -28 -29 -30 -31
leaf_value=-0.029922259581030147 -0.00088646099203459796 -0.028537073140661263 0.013202955157284639 -0.0025386830243968733 -0.0024041611115181898 -0.016620564102520972 -0.012927237621424109 -0.0053012466428539375 0.00097604882943293182 -0.019895900375247019 0.03001014673685122 0.011166645843066829 0.0035533841270308144 0.0070392900260140504 0.023233919433053855 0.0053491244826295798 -0.018684542204933138 -0.020197499817042892 -0.011444911398283361 0.011625155229675934 -0.01157532525457894 0.0014455138824341933 0.020047216512412095 0.0021908669015405966 0.0030512134609797063 0.030648434509887364 0.035774255869322057 0.14201404216739369 -0.0065620467636008598 -0.0086324781230150277
leaf_weight=71.042028278112411 622.49353629350662 466.29509344696999 1374.4553250819445 1359.0855349749327 944.59700447320938 552.58670879900455 89.14300437271595 1428.6905082315207 949.3814542144537 69.294103369116783 47.965243130922318 592.34959484636784 310.30041860044003 42.31782440841198 590.20987579226494 2245.9999138265848 1058.990146741271 49.963985323905945 169.78341449797153 1556.0246081054211 648.59023840725422 472.91068851947784 186.86700713634491 865.72183725237846 143.17116239666939 4.702612489461897 57.349211677908897 6.8923957198858261 837.34153118729591 586.76193468272686
leaf_count=417 2915 2834 5979 7096 4685 3021 440 7337 4671 344 216 2901 1390 208 2549 10591 5938 246 997 7097 3416 2180 907 4234 695 22 272 33 4465 2984
internal_value=2.61213e-05 -0.00832851 0.00562221 -0.0119139 0.00326734 -0.0101925 -0.000350473 -0.000348983 -0.00389769 0.00626922 0.0125491 0.00801503 0.0144892 0.0027251 0.0162164 0.006679 -0.0140739 0.00629557 -0.0239748 0.00791767 -0.00545802 0.00407591 0.00730833 0.0051832 0.0153648 0.0312097 0.0460455 0.0968473 -0.010561 -0.00269413
internal_weight=18401.3 7381.35 11019.9 5092.67 8224.09 4456.59 2288.68 3730.27 1607.19 4493.81 2795.84 681.493 2274.97 2301.58 1964.67 4424.52 2448.92 1356.99 636.079 3802.02 2007.68 520.876 1307.02 1120.16 254.433 111.262 68.9442 11.595 1389.93 1536.14
internal_count=91080 39180 51900 27767 39586 23936 11413 18639 8072 20947 12314 3341 9918 11302 8528 20603 13424 6617 3831 17688 10512 2396 6371 5464 1230 535 327 55 7486 7655
is_linear=0
shrinkage=0.05


Tree=69
num_leaves=31
num_cat=0
split_feature=126 19 126 19 112 37 119 136 167 177 85 49 30 128 59 56 108 130 33 16 119 112 64 167 179 165 62 20 121 88
split_gain=512.704 99.042 59.6518 53.2992 31.5673 25.9886 23.6306 21.7838 21.2397 17.4765 16.8548 14.2746 14.221 15.3502 15.9734 13.4272 13.3703 13.3313 12.7654 13.2541 12.5684 12.4552 12.3797 14.0812 16.3242 13.1086 20.5439 17.6986 18.3123 12.4075
threshold=3.5000000000000004 2.7850000000000006 2.5000000000000004 5.0550000000000006 0.0083333333333323514 16.350000000000005 2.5950000000000011 2.416666666666667 0.07817592894393742 2.6673913043478268 2.5000000000000004 0.083771929824561372 42.500000000000007 4.5000000000000009 0.16938443129694872 49.500000000000007 -0.066666666666666832 6.4050000000000011 13.450000000000001 3.2450000000000006 3.6100000000000008 0.06000000000000006 0.18008068705760114 0.069481580510992264 4.8302542372881367 0.20694289951798292 0.19956610947970785 5.9350000000000014 0.14224595504795373 2.0250000000000008
decision_type=8 10 10 10 8 2 2 2 2 2 2 2 2 8 2 2 8 2 2 10 2 8 2 2 2 2 2 10 2 10
left_child=2 -2 5 4 7 9 16 -3 -9 21 -4 20 18 14 -14 -8 -7 -6 19 -10 -5 -1 23 24 25 -13 27 28 -27 -24
right_child=1 3 10 11 17 6 15 8 12 -11 -12 22 13 -15 -16 -17 -18 -19 -20 -21 -22 -23 29 -25 -26 26 -28 -29 -30 -31
leaf_value=0.011553973219248542 -0.031142598675648659 -0.0011560366726940938 -0.0021398980687628729 -0.010595247763285383 -0.011967159295099479 -0.0070648360036097441 0.016842489575898519 -0.01666514758058708 0.098636575806446247 -0.00049556468109371516 0.0059964085722887068 0.0019403561169565914 0.027031567505642867 -0.03279702352301999 0.18691634627721351 0.036160133205663601 0.010860984008073234 -0.019801057354274385 -0.019679435064117311 -0.00095831144668651405 0.014873749416202601 -0.0070713812232022074 -0.006006650613873888 0.0031536369312171702 0.13224248072124839 0.10888938676407423 -0.015097885627753539 0.16483272051599718 -0.036010551451136012 0.022057281536689101
leaf_weight=1128.5573274046183 512.30480943620205 886.00506665557623 1151.6730616688728 540.01179119944572 1136.7639557570219 111.57942478358746 1859.0348255932331 755.14197436720133 3.3713666945695868 574.49721978604794 1422.9792215228081 32.282536119222641 3.2951440364122364 3.1277100890874872 2.9703114181756973 94.527300626039505 1535.6364070028067 1039.831830188632 106.79392153024673 365.18396908044815 53.212256744503975 97.515556812286377 623.10600703954697 775.85408608615398 3.5815691053867331 5.0636078119277972 7.3195036053657523 4.9006282687187186 3.8294643461704254 42.042189881205559
leaf_count=6094 4127 5788 6891 3512 7978 608 9488 5219 21 3183 8269 209 22 21 20 468 8254 7481 723 2429 349 541 3999 4958 23 33 47 31 25 269
internal_value=-1.56941e-05 -0.0099893 0.00861992 -0.00829436 -0.011477 0.0116053 0.0140578 -0.00714345 -0.011422 0.00670068 0.00235694 -0.00174624 -0.00325404 0.0576689 0.102829 0.0177772 0.00964672 -0.0157097 -0.00445791 -4.72654e-05 -0.00831068 0.0100726 0.000853376 0.0049155 0.0289066 0.0219753 0.0526091 0.0885372 0.0464937 -0.00423281
internal_weight=14882 6905.99 7976 6393.69 4302.49 5401.35 3600.78 2125.89 1239.88 1800.57 2574.65 2091.2 484.742 9.39317 6.26546 1953.56 1647.22 2176.6 475.349 368.555 593.224 1226.07 1497.98 832.831 56.9773 53.3957 21.1132 13.7937 8.89307 665.148
internal_count=91080 47284 43796 43157 29702 28636 18818 14243 8455 9818 15160 13455 3236 63 42 9956 8862 15459 3173 2450 3861 6635 9594 5326 368 345 136 89 58 4268
is_linear=0
shrinkage=0.05


Tree=70
num_leaves=31
num_cat=0
split_feature=127 20 127 114 119 20 20 20 107 127 5 35 0 59 9 114 18 105 112 38 68 180 20 44 116 21 29 94 59 11
split_gain=604.329 149.487 74.725 35.5303 30.3925 33.6121 28.6625 28.3877 19.5818 19.4606 18.6534 17.3423 17.2364 16.8445 16.5322 15.8357 15.6254 15.4169 16.0743 22.0322 17.6838 22.72 18.7463 18.7138 16.2305 16.0045 18.7955 15.5136 15.1275 17.7999
threshold=3.5000000000000004 3.6150000000000007 2.5000000000000004 -0.004999999999998549 1.9700000000000006 6.3050000000000006 4.6550000000000011 2.0950000000000002 0.12500000000000003 5.5000000000000009 6.5050000000000008 11.300000000000002 8.5000000000000018 0.096077639124151057 7.0050000000000008 0.049999999999999357 2.6150000000000007 3.5000000000000004 -0.0083333333333332482 1.0000000180025095e-35 0.22075263442875584 1.8203448275862071 5.7750000000000012 6.0500000000000016 0.10916666666666637 4.1550000000000011 6.0500000000000016 0.25000000000000017 0.20098647399406414 6.6250000000000009
decision_type=8 10 10 8 2 10 10 10 8 10 10 2 2 2 8 8 10 8 8 2 2 2 10 2 8 8 2 2 2 10
left_child=2 7 4 9 -1 11 13 -2 15 10 -3 16 -7 -5 -14 -4 -6 18 20 25 -13 23 -23 -22 -21 27 -27 -20 29 -8
right_child=1 3 8 6 5 12 28 -9 -10 -11 -12 17 14 -15 -16 -17 -18 -19 19 24 21 22 -24 -25 -26 26 -28 -29 -30 -31
leaf_value=0.0073362833657145471 -0.038163908832359629 0.14048352678991791 0.0030809751106497113 -3.59777120229423e-05 0.086113526103753099 0.025891890531623319 0.040480131299674232 -0.021759612228624364 0.017154656063559388 -0.01162920784396719 0.00096468632300732442 0.020111128524653434 0.011225150006848254 -0.0186274613187099 0.048202255134450339 -0.010503519871057144 0.019944789290171776 0.0029718594625431976 -0.0098754506679839052 0.0036336460010664741 0.19073017996028563 0.094549860153620505 -0.036618958220861128 0.06980650284233092 0.091642529953507329 0.17916786422274131 0.052585844584324026 0.082849724825515128 -0.012505284979641299 -0.0036162566571840736
leaf_weight=978.73110295832157 446.1081303730607 2.4004360511898986 1371.9730641469359 136.173952460289 9.1543010622262937 1118.7242082059383 23.485518537461758 645.0815263018012 210.7678233012557 387.21397379785776 1214.9153960123658 147.11725048720837 392.89121435582638 1156.9850394502282 32.747136309742928 254.29398185014725 351.72377552092075 542.94594006240368 17.78522647917271 349.23882491886616 4.1603212505579057 4.1744150519371015 7.8392302095890045 13.853347152471541 5.3184088617563239 3.4973575621843365 18.159729674458504 6.0436769872903815 639.3018569201231 894.99930641800165
leaf_count=6801 5135 20 10363 1265 54 6789 201 6439 1529 3479 10179 951 2524 11013 207 2034 2267 3689 115 2261 26 27 50 89 34 22 117 38 5569 7793
internal_value=-5.96607e-05 -0.0118797 0.0111645 -0.00781754 0.014995 0.0174727 -0.0111672 -0.0284661 0.00281523 -0.00186582 0.0012398 0.0120909 0.0226337 -0.0166697 0.01407 0.000956813 0.0216233 0.00901988 0.0147091 0.00915661 0.0272482 0.062216 0.00895864 0.0977343 0.00495379 0.0419171 0.0730273 0.0136422 -0.00659943 -0.00248872
internal_weight=11387.8 5546.67 5841.14 4455.48 4004.11 3025.37 2850.95 1091.19 1837.03 1604.53 1217.32 1481.01 1544.36 1293.16 425.638 1626.27 360.878 1120.13 577.188 400.043 177.145 30.0273 12.0136 18.0137 354.557 45.486 21.6571 23.8289 1557.79 918.485
internal_count=91080 51093 39987 39519 26061 19260 25841 11574 13926 13678 10199 9740 9520 12278 2731 12397 2321 7419 3730 2587 1143 192 77 115 2295 292 139 153 13563 7994
is_linear=0
shrinkage=0.05


Tree=71
num_leaves=31
num_cat=0
split_feature=128 128 128 119 20 21 116 116 175 182 38 21 4 166 3 49 181 116 119 59 20 12 65 51 63 107 119 178 100 182
split_gain=735.141 119.633 107.88 36.8907 34.3386 33.4128 30.5652 25.6042 23.1364 22.1904 19.5584 23.7428 18.4938 19.6764 18.6193 18.1852 17.5762 17.1465 24.6708 20.7751 26.5547 18.0424 18.9338 19.1497 18.7421 17.6311 33.7574 22.8353 20.3359 19.7625
threshold=3.5000000000000004 5.5000000000000009 1.5000000000000002 1.8300000000000007 1.6650000000000003 1.8750000000000002 0.0016666666666664504 0.011833333333333952 4.5246074646074659 9118.9381652560096 8.1500000000000021 6.0650000000000004 1.0000000180025095e-35 0.14143536202359733 30.050000000000004 0.43498389694041867 5.9085454545454565 -0.010000000000001048 4.4650000000000016 0.1811124055921581 6.9650000000000007 0.75000000000000011 0.17700132234767565 0.25108695652173912 0.25733144134846925 0.079999999999999558 2.5050000000000003 3.9449137931034488 -0.035999999999999942 7632.4933571143838
decision_type=8 8 10 2 10 10 8 8 2 2 2 10 8 2 8 2 2 8 2 2 8 10 2 2 2 10 2 2 8 2
left_child=2 7 3 -1 16 -3 8 -2 10 -10 11 -6 13 14 -13 -15 -4 19 -19 21 -21 22 23 -5 -24 28 27 29 -25 -27
right_child=1 5 4 17 6 -7 -8 -9 9 -11 -12 12 -14 15 -16 -17 -18 18 -20 20 -22 -23 24 25 -26 26 -28 -29 -30 -31
leaf_value=0.0064717892683054407 -0.0039455402255160407 -0.038921862384654123 0.025167581822168095 0.030583371147162842 0.0098342620793447078 -0.022515397660666542 0.00041161846209425244 -0.014872807872337185 0.054817951919925736 0.012070202119321321 0.003378161999278457 0.04234286851016994 0.15325912487726012 0.00081244304060277758 0.14914233019278184 0.13170235176209141 0.089102736740719807 0.017555998159422808 0.040259788843253645 0.01721676527094498 0.15836138283802373 0.12987986360434053 0.017361446955019889 0.082648247367182417 0.07557147693576817 0.22531053388631178 0.058706949835088652 0.26954600275893975 0.029305439053532525 0.067013201068392411
leaf_weight=271.01859918981791 1192.1896306797862 428.52067765966058 147.83518310636282 133.45365406572819 314.82728841900826 1125.1449587568641 1245.4395155310631 974.08430375531316 57.638999611139297 64.141526490449905 598.96593698114157 70.715580306947231 3.2405331805348387 47.580532856285572 4.3309325128793708 2.8104091808199874 11.592330075800417 664.7743457108736 145.9178794324398 208.01555947959423 3.3866143003106108 5.3295371234416953 139.31196440011263 23.614963725209236 15.351898163557051 2.7475636526942235 56.175000675022602 2.9978453144431105 73.404602468013763 6.9820106476545334
leaf_count=2703 14528 7290 1238 977 3165 16363 13058 13084 526 604 6099 631 27 443 37 27 81 5249 984 1598 25 38 1035 163 111 21 375 24 522 54
internal_value=-0.000158255 -0.0164527 0.0138677 0.0234326 0.00734307 -0.0270405 0.00585621 -0.00885908 0.0116805 0.0323028 0.00927139 0.0172304 0.0353259 0.0322792 0.0485063 0.00811245 0.0298164 0.0265355 0.0216425 0.0324491 0.0194779 0.0384184 0.0373448 0.0446837 0.0231394 0.0560248 0.0753655 0.148891 0.0422893 0.111715
internal_weight=8041.54 3719.94 4321.6 1752.48 2569.12 1553.67 2409.69 2166.27 1164.25 121.781 1042.47 443.505 128.678 125.437 75.0465 50.3909 159.428 1481.46 810.692 670.771 211.402 459.369 454.04 299.376 154.664 165.922 68.9024 12.7274 97.0196 9.72957
internal_count=91080 51265 39815 13879 25936 23653 24617 27612 11559 1130 10429 4330 1165 1138 668 470 1319 11176 6233 4943 1623 3320 3282 2136 1146 1159 474 99 685 75
is_linear=0
shrinkage=0.05


Tree=72
num_leaves=31
num_cat=0
split_feature=34 28 123 90 176 34 92 98 94 34 16 38 99 18 168 45 120 77 180 38 21 17 90 28 100 115 117 96 62 17
split_gain=160.288 48.8342 33.7424 21.4823 26.5714 18.9718 20.5944 18.6897 16.2601 18.4022 15.6438 15.4583 18.5102 15.998 17.3998 15.6928 15.1123 14.9898 14.5804 14.4064 14.3365 14.2179 14.1959 14.0452 14.6478 13.8304 14.036 14.5861 13.9435 13.6206
threshold=17.150000000000002 73.800000000000026 1.5000000000000002 -1.5374999999999999 2.5617216117216119 26.800000000000001 4.5000000000000009 0.044999999999999908 -0.68301270189221952 8.2000000000000011 5.7250000000000005 30.600000000000005 0.046666666666667259 6.2550000000000008 0.036803405572755361 1.0000000180025095e-35 0.22517358048843064 1.5000000000000002 0.59062271062271077 5.7500000000000009 1.1450000000000002 7.785000000000001 1.4600000000000006 73.40000000000002 0.029999999999999753 0.18000000000000019 7.1250000000000009 6.745000000000001 0.20699316592996644 6.8150000000000004
decision_type=2 2 8 10 2 2 2 10 2 2 10 2 10 8 2 2 2 2 2 2 10 10 8 2 10 10 2 2 2 10
left_child=1 3 -2 -1 10 11 -7 22 9 -6 29 13 -13 -4 18 -16 25 21 20 -20 -15 -10 -3 24 -12 26 -8 -28 -29 -5
right_child=2 7 5 4 8 6 16 -9 17 -11 23 12 -14 14 15 -17 -18 -19 19 -21 -22 -23 -24 -25 -26 -27 27 28 -30 -31
leaf_value=-0.019669907291229399 -0.0017443556520541287 -0.012561532805036675 0.0035181487851114351 0.0033061776899377749 -0.027095554159220239 0.0040801685448161335 0.014925541689032396 -0.0054540921770558611 0.0011270972819651377 -0.0076449480524314068 -0.0091667999940421539 -0.010187523340815812 0.036061375576653808 0.10308020829176677 0.0024938151713097441 0.026437246919509213 0.0082174090633282681 -0.0064508171302451039 -0.011526043082371767 0.10491849410816506 0.01633795513375063 0.076172706530936857 -0.024969884619552574 0.069247761332535365 0.012300415299714486 0.051627295472157414 -0.052038530411367127 0.034228723902117543 0.097540328727084291 0.022631452367223866
leaf_weight=181.38807016611099 1516.7274495363235 954.06314806640148 2962.5508412122726 1577.2330391556025 151.41346350312233 888.37553533911705 705.12377122044563 719.11064900457859 978.22106602787971 617.6381426602602 501.04906763136387 272.05874393880367 23.503594011068344 4.8280268460512152 522.09780848026276 78.756370946764946 680.45107889175415 1391.2529102265835 3.7273271828889838 9.2427597939968091 356.20758561789989 6.3523860573768607 303.93085032701492 6.3067483752965918 94.439444497227669 30.037664011120796 4.1953193247318259 55.733226761221886 10.304395988583563 96.771005034446716
leaf_count=1144 8874 6280 16354 9094 946 4792 3553 4471 5928 3849 3073 1522 130 25 2860 440 3513 8504 20 49 1903 39 2063 39 560 149 22 281 52 551
internal_value=0.00010194 -0.00512804 0.00498122 -0.00274373 -0.00217735 0.00652513 0.0101026 -0.0118839 -0.00515528 -0.0114744 0.0019378 0.00451856 -0.00650974 0.0053464 0.0109024 0.00563218 0.0137034 -0.00310978 0.0193691 0.0714548 0.0174979 0.00161129 -0.0155594 -0.00497618 -0.00576228 0.0183383 0.0170487 0.0383645 0.0441078 0.00442334
internal_weight=15703.1 7579.17 8123.92 5602.07 5420.68 6607.19 2374.22 1977.1 3144.88 769.052 2275.8 4232.97 295.562 3937.41 974.86 600.854 1485.85 2375.83 374.006 12.9701 361.036 984.573 1257.99 601.795 595.489 805.394 775.357 70.2329 66.0376 1674
internal_count=91080 46541 44539 33727 32583 35665 12362 12814 19266 4795 13317 23303 1652 21651 5297 3300 7570 14471 1997 69 1928 5967 8343 3672 3633 4057 3908 355 333 9645
is_linear=0
shrinkage=0.05


Tree=73
num_leaves=31
num_cat=0
split_feature=17 124 90 130 35 164 108 177 35 17 90 61 171 65 118 65 107 23 59 130 90 93 29 17 130 16 169 62 19 117
split_gain=328.779 82.2655 90.6829 62.0785 31.0476 27.2773 26.9746 24.9805 24.5499 22.6524 22.2136 20.8816 20.7384 17.9256 17.8051 15.4605 15.3311 14.8474 14.5629 14.3485 14.3243 14.1847 18.4951 15.3035 19.6904 14.4156 14.1067 14.0368 13.9358 13.8578
threshold=4.6050000000000013 3.5000000000000004 -0.027500000000000246 5.6250000000000009 31.300000000000001 0.2710375816993465 0.038333333333332657 3.4096736596736599 33.900000000000006 3.6950000000000007 -0.16816666666666588 0.13678528416585417 7.4194770283479974 0.10813793926376707 5.3250000000000011 0.14378383685376869 0.074999999999999664 57.500000000000007 0.15607701012325287 6.1350000000000007 2.2016666666666667 -0.6830127018922193 41.050000000000004 6.0750000000000011 5.8450000000000006 6.3250000000000011 0.3638034759358289 0.1950056689342404 2.3850000000000002 5.8650000000000011
decision_type=10 10 8 2 2 2 8 2 2 10 10 2 2 2 2 2 8 2 2 2 10 2 2 10 2 10 2 2 10 2
left_child=3 2 8 13 11 20 10 9 -2 -5 -3 15 16 -1 -7 -4 -13 21 28 -11 -6 22 -17 24 25 -23 -15 -9 -12 -20
right_child=1 6 4 7 5 14 -8 27 -10 19 18 12 -14 26 -16 17 -18 -19 29 -21 -22 23 -24 -25 -26 -27 -28 -29 -30 -31
leaf_value=-0.013168096798480794 -0.0015541397457416633 -0.0077290108131620105 0.0016144378705618045 -0.024092746540571218 0.0069723899240364531 0.022466634674330237 -0.010439589003685915 0.0060693755155407586 0.0074003947942842575 -0.0077040488161336171 0.038047001156823718 0.0056368409774138553 0.013094827134565227 0.0010402091047131393 0.0052076497395838377 0.0034792813538040198 -0.0034171796299171547 0.0046768839389362644 0.024840476197198709 -0.016052603674043386 0.07185580302116909 0.018435094448400632 0.070682542735968176 0.031537903630857796 0.0056646468019459235 0.045012059811931661 -0.044072844957359955 -0.017780783728486071 -0.0044129560810826328 0.00321622673990949
leaf_weight=308.94426175951958 3265.089564293623 773.73714999854565 274.55025595426559 668.90728062391281 731.83050574362278 1020.3597280085087 762.53287179768085 213.57975064218044 999.80948543548584 708.03016471862793 19.745720535516739 1443.3177910298109 619.51967975497246 1158.5640452504158 175.07584902644157 213.45638220012188 691.58877512812614 283.44281809031963 76.805343613028526 1884.4937602728605 8.6064280122518522 188.80611738562584 10.753816485404966 236.59605556726456 236.84676624834538 69.91665905714035 17.591605857014656 86.748140752315521 906.31439331173897 2094.5594900548458
leaf_count=1487 14676 3742 1132 3741 3006 4052 3709 1056 4310 3478 88 5990 2540 5170 715 874 2916 1163 339 9780 33 771 43 954 998 276 79 433 4184 9345
internal_value=1.08459e-05 0.00370282 0.00615777 -0.0110378 0.0100158 0.015268 -0.001844 -0.0146185 0.000545049 -0.0158892 -0.000150865 0.00763395 0.00504097 -0.00244992 0.019939 0.0123502 0.00270385 0.0147276 0.00174216 -0.0137726 0.00772656 0.0177064 0.00670256 0.021076 0.0160813 0.0256172 0.000365459 -0.000819618 -0.00350761 0.00398112
internal_weight=20150.1 15103.3 10469.6 5046.86 6204.67 1935.87 4633.69 3561.76 4264.9 3261.43 3871.16 4268.8 2754.43 1485.1 1195.44 1514.37 2134.91 1239.82 3097.42 2592.52 740.437 956.376 224.21 732.166 495.57 258.723 1176.16 300.328 926.06 2171.36
internal_count=91080 65856 44449 25224 25463 7806 21407 18488 18986 16999 17698 17657 11446 6736 4767 6211 8906 5079 13956 13258 3039 3916 917 2999 2045 1047 5249 1489 4272 9684
is_linear=0
shrinkage=0.05


Tree=74
num_leaves=31
num_cat=0
split_feature=125 18 137 130 18 109 110 141 107 30 172 122 9 130 60 178 9 36 30 92 61 90 34 18 163 22 175 164 108 136
split_gain=316.472 83.7253 53.026 45.685 44.4541 29.5898 27.0554 25.5296 24.746 21.3292 17.5671 17.087 16.7643 15.89 20.9835 15.1032 15.0546 14.8422 14.7662 14.567 14.1635 14.1473 14.0857 13.9016 13.794 13.7227 16.1221 13.7181 13.6019 13.59
threshold=4.5000000000000009 5.3950000000000005 1.0000000180025095e-35 6.035000000000001 3.6050000000000004 0.069999999999999812 0.069999999999999812 1.5000000000000002 0.019999999999999952 29.300000000000001 0.70032894736842122 0.18354814885843682 6.785000000000001 5.3450000000000006 0.1741772510215133 0.68912529550827439 7.1250000000000009 38.800000000000004 34.900000000000006 10.500000000000002 0.19570725652165569 1.781666666666667 7.5500000000000016 2.8350000000000004 1.8112500000000002 25.500000000000004 3.2919238683127579 0.77505980861244028 0.13833333333333317 2.5833333333333335
decision_type=8 10 2 2 10 8 8 2 8 2 2 2 10 2 2 2 8 2 2 2 2 10 2 10 2 2 2 2 10 2
left_child=1 3 16 9 23 13 7 8 20 -1 -5 12 19 -6 -15 -7 17 18 28 25 -4 -8 -17 -2 27 26 -9 -10 -3 -25
right_child=4 2 6 10 5 15 21 11 24 -11 -12 -13 -14 14 -16 22 -18 -19 -20 -21 -22 -23 -24 29 -26 -27 -28 -29 -30 -31
leaf_value=0.001947530843178117 -0.031948064576077871 0.0013260735524397585 0.00037557904855363162 -0.010702111649309308 0.010636938552537578 -0.017377144126401695 -0.010361375915563577 0.026240202723146602 0.020938611443468393 0.017632250899200275 -0.0018383412930277597 0.0046059231891870719 0.0082571506572318345 -0.0089819552851522124 0.0015197341903315372 0.004318560420045723 -0.023265405928669065 0.012274181283445779 0.011055955788843773 0.040002381938314013 0.021898094468544876 0.055947222012024206 -0.011374658730067913 -0.012806387853361243 -0.015275280651052334 0.011101408455905827 0.10164830100060954 0.056768275686056559 0.061759125815990516 -0.031889971973767743
leaf_weight=2097.8191007375717 227.86873354017735 3479.5190748125315 279.72578622400761 1158.0895738750696 155.9218198210001 995.66840673983097 180.29513520002365 106.9804735481739 1046.0594890862703 241.72675977647305 1080.5495985001326 1205.7728683054447 780.5825297087431 1601.0755691677332 676.70450967550278 172.28826422989368 52.911974355578423 440.12485094368458 455.92097818851471 76.566301003098488 105.18405438959599 8.4196921736001951 840.71297220885754 407.6024516671896 25.612155482172966 323.70603674650192 7.5909866392612448 27.414685532450676 9.3358685970306379 120.98053406178951
leaf_count=10107 1431 16573 1230 6101 782 5572 856 472 4533 1121 5522 5571 3487 8577 3478 923 270 2016 2147 338 471 36 4623 2357 112 1432 33 120 41 748
internal_value=2.77935e-05 0.00414586 0.00705041 -0.0013177 -0.0104201 -0.00851223 0.011096 0.011972 0.0171675 0.00356811 -0.00642373 0.00888946 0.0128765 -0.00480496 -0.00586201 -0.013004 0.0032454 0.0035653 0.00259364 0.0198803 0.00625702 -0.00740295 -0.0087056 -0.0216246 0.0209884 0.016365 0.0312364 0.0218536 0.00148779 -0.0171742
internal_weight=18388.7 13189.9 8611.72 4578.19 5198.82 4442.37 4173.91 3985.2 1484 2339.55 2238.64 2501.2 1295.43 2433.7 2277.78 2008.67 4437.81 4384.9 3944.78 514.844 384.91 188.715 1013 756.452 1099.09 438.277 114.571 1073.47 3488.85 528.583
internal_count=91080 62589 39738 22851 28491 23955 18691 17799 6466 11228 11623 11333 5762 12837 12055 11118 21047 20777 18761 2275 1701 892 5546 4536 4765 1937 505 4653 16614 3105
is_linear=0
shrinkage=0.05


Tree=75
num_leaves=31
num_cat=0
split_feature=126 19 85 85 89 85 104 37 130 112 130 61 89 19 18 170 21 112 90 34 35 134 25 160 179 65 19 17 68 59
split_gain=464.263 95.1605 55.3692 39.852 32.4644 29.3572 25.0997 23.4582 20.4443 19.6743 19.2812 19.0718 18.5695 19.0382 18.3795 18.1904 16.6436 15.9824 15.9618 17.1162 15.7686 15.121 16.1657 15.0861 15.0613 16.3479 15.028 15.0729 20.9311 14.4412
threshold=3.5000000000000004 3.6750000000000003 2.5000000000000004 2.5000000000000004 5.2173333333333343 1.5000000000000002 5.5000000000000009 34.900000000000006 5.745000000000001 -1.3322676295501877e-15 5.4250000000000007 0.20254319504758381 5.0375000000000023 5.0950000000000006 6.4350000000000014 6.7347985347985349 6.0750000000000011 0.021666666666667753 -1.4666666666666659 20.550000000000004 28.800000000000004 1.5000000000000002 52.500000000000007 3.5620000000000007 1.2403703703703706 0.1571551936836911 6.8050000000000006 5.245000000000001 0.28603896103896109 0.24211562370493164
decision_type=8 10 2 2 2 2 8 2 2 8 2 2 2 10 8 2 10 8 10 2 2 2 2 2 2 2 10 8 2 2
left_child=2 5 9 6 11 -2 12 14 -8 20 -7 -4 24 -14 26 -13 18 23 -9 -20 21 -1 -23 29 25 -3 27 28 -6 -5
right_child=1 3 4 17 7 10 8 16 -10 -11 -12 15 13 -15 -16 -17 -18 -19 19 -21 -22 22 -24 -25 -26 -27 -28 -29 -30 -31
leaf_value=0.007086815319226095 -0.032426893864404366 0.0013982809422136188 0.010859068902911077 0.0077205915818767713 0.010979193188625993 -0.00042779828425532898 -0.00038398419974757024 0.11736669151916033 -0.021685217325096609 -0.0034491797778054851 -0.020697128232244816 0.013815888717029724 -0.013372545277396434 -0.0021905322787938789 -0.00059266766218622237 0.026366268863331311 0.0070570885172743826 -0.0071290093432489271 0.038040168399642693 0.0069286985968990454 -0.0060983913563135471 0.013350410689548845 0.058245003797614263 -0.017391918949477597 0.0052190189527989315 -0.011964932850444251 0.015520091086283785 0.0026134143373764871 0.080765747497615614 -0.010480440991479725
leaf_weight=666.47277788817883 466.98701350390911 387.92258508503437 1337.9927299916744 817.04326502978802 638.47347413003445 151.92130286991596 137.93659296631813 5.0127433091402045 614.27683810889721 1108.2625207751989 515.23217317461967 624.72145940363407 1564.9882530719042 502.99094249308109 774.98358714580536 536.79336431622505 146.60299925506115 536.20687812566757 124.50894819200039 68.546996206045151 201.12421904504299 56.985783576965332 30.937372148036957 79.468289032578468 387.3685264736414 558.17832565307617 549.99175372719765 1142.2642834484577 10.928492456674574 125.75508464872837
leaf_count=3754 3849 2585 7055 5133 3471 1053 979 26 4411 6377 3875 3241 10947 3303 4391 2718 793 3552 635 359 1162 309 167 500 2551 3752 2889 6391 58 794
internal_value=-1.78334e-05 -0.00958247 0.00814234 -0.0069558 0.0105862 -0.0228118 -0.00951398 0.00745052 -0.0177791 0.00108382 -0.0160815 0.0149284 -0.00768618 -0.0106528 0.00608167 0.019616 0.0198282 -0.000137725 0.0292808 0.0269936 0.00634143 0.00965793 0.0291474 0.00352939 -0.00308553 -0.00648572 0.00829058 0.00607132 0.0121536 0.00529285
internal_weight=14870.9 6846.28 8024.6 5712.14 5960.82 1134.14 4153.66 3461.31 752.213 2063.78 667.153 2499.51 3401.45 2067.98 3116.64 1161.51 344.672 1558.47 198.069 193.056 955.52 754.396 87.9232 1022.27 1333.47 946.101 2341.66 1791.67 649.402 942.798
internal_count=91080 47284 43796 38507 32027 8777 28528 19013 5390 11769 4928 13014 23138 14250 17200 5959 1813 9979 1020 994 5392 4230 476 6427 8888 6337 12809 9920 3529 5927
is_linear=0
shrinkage=0.05


Tree=76
num_leaves=31
num_cat=0
split_feature=127 127 20 114 13 62 174 66 24 32 164 171 168 64 103 58 112 76 21 86 165 110 119 109 67 53 41 146 126 123
split_gain=554.034 144.345 100.51 32.2222 28.4729 24.159 22.3433 21.4676 18.8216 18.6605 18.5449 18.1404 17.2074 18.0695 16.7831 16.0438 24.6941 16.9329 15.5825 18.9851 18.8375 16.0501 14.7444 14.5617 23.3733 19.7062 15.5642 14.5524 16.6933 15.0771
threshold=4.5000000000000009 2.5000000000000004 2.6750000000000003 -0.023333333333332946 6.9050000000000011 0.15477402773736784 2.6255252100840343 0.14445486762559931 6.5000000000000009 31.000000000000004 0.083235753317720512 5.3345238095238106 0.047543701024713662 0.25719461697722573 2.5000000000000004 0.19052111410601971 0.0050000000000002508 1.5000000000000002 6.5150000000000006 3.5000000000000004 0.13400689223057641 0.09333333333333417 5.1050000000000013 0.079999999999999558 0.058910289779628651 15.500000000000002 24.700000000000003 2.5000000000000004 5.5000000000000009 5.5000000000000009
decision_type=8 10 10 8 8 2 2 2 2 2 2 2 2 2 8 2 8 2 8 2 2 8 2 8 2 2 2 2 8 8
left_child=1 4 -2 14 7 -4 -5 8 -1 22 -10 15 13 -12 -3 -11 -17 -18 19 -9 21 -21 -6 24 25 26 -8 -25 29 -29
right_child=2 3 5 6 9 -7 23 18 10 11 12 -13 -14 -15 -16 16 17 -19 -20 20 -22 -23 -24 27 -26 -27 -28 28 -30 -31
leaf_value=0.062651416668618343 -0.034735107334989711 -0.0052055426461587841 -0.01570371314628945 -0.0044484311312148654 0.0033757326229704961 -0.0066572023804246545 -0.0059363449221864519 0.010233782025217034 0.030333458685667843 0.026482368851973855 -0.0069499596860299433 -0.048492421854682478 0.020258521914983049 0.090354157899680515 0.012423971835075036 0.02521991367256874 0.2321014518088266 0.075460941661730202 0.0026435903715460885 0.02454039142967035 0.012235987797872614 0.072763426489077243 0.031565869411579822 0.013563263739907391 -0.0019765427113415629 0.1588928922968941 0.12978312177003243 0.014901916348075504 0.16751053665445195 0.13489184197192536
leaf_weight=28.93949967622757 592.80410715937614 168.72471997141838 1954.3066803365946 2228.8498412519693 846.45059897750616 1185.7884716019034 8.4176677241921407 935.16395010054111 358.834557518363 25.756148874759674 101.59748543798923 5.3389120995998374 394.7187372893095 5.0062606781721106 675.3823276758194 6.7239257395267469 3.7310646772384644 3.2093493789434433 274.49175363779068 560.21510760486126 433.3211802393198 17.803137004375458 49.073759078979492 165.32295718044043 322.53031574934721 3.8740083873271933 2.8201653361320487 12.820006288588052 3.0196771472692481 3.2898161038756362
leaf_count=182 7019 1300 18575 18376 5545 10493 66 6223 2232 167 657 37 2455 32 5143 44 24 21 1863 3397 2777 103 302 1290 2556 30 22 100 23 26
internal_value=-6.24924e-05 0.00764692 -0.0158523 0.000354598 0.0141195 -0.0122875 -0.00226752 0.0164245 0.0229901 0.00649525 0.0216558 0.0380016 0.0154445 -0.00238042 0.00890009 0.0497159 0.0935093 0.159669 0.0137962 0.0153689 0.0201173 0.0260257 0.00492052 0.00704289 0.000871032 0.0616465 0.0281228 0.0183405 0.0596273 0.0394053
internal_weight=11378.3 7645.43 3732.9 3595.05 4050.38 3140.1 2750.94 3110.09 889.097 940.284 860.157 44.7594 501.322 106.604 844.107 39.4205 13.6643 6.94041 2221 1946.5 1011.34 578.018 895.524 522.095 337.642 15.1118 11.2378 184.452 19.1295 16.1098
internal_count=91080 54993 36087 28932 26061 29068 22489 19921 5558 6140 5376 293 3144 689 6443 256 89 45 14363 12500 6277 3500 5847 4113 2674 118 88 1439 149 126
is_linear=0
shrinkage=0.05


Tree=77
num_leaves=31
num_cat=0
split_feature=128 128 128 21 119 119 87 116 18 118 116 122 25 161 33 32 172 30 13 102 65 145 110 28 52 111 130 4 116 35
split_gain=671.126 115.14 94.4916 33.401 31.9326 31.8546 37.0709 27.9032 24.8336 24.5028 24.0465 22.1956 19.7106 19.4825 19.535 19.405 16.2771 22.3879 19.1813 19.0168 19.7077 15.7671 15.6845 17.8463 17.8307 15.9768 15.4153 14.9159 15.4739 14.725
threshold=3.5000000000000004 5.5000000000000009 1.5000000000000002 1.8750000000000002 1.8300000000000007 2.3550000000000009 3.5000000000000004 -0.031666666666665795 5.1050000000000013 2.0250000000000004 0.011833333333333952 0.17931516095893832 2.5000000000000004 3.6625000000000005 13.950000000000001 4.6500000000000012 0.31209969367864104 45.850000000000009 6.8350000000000009 4.5000000000000009 0.16448227291466264 -0.075168968214413184 0.020000000000000854 81.700000000000003 17.500000000000004 0.23499999999999988 7.6750000000000007 2.2500000000000004 -0.023333333333332047 53.100000000000001
decision_type=8 8 10 10 2 2 2 8 8 2 8 2 2 2 2 2 2 2 10 8 2 2 10 2 2 8 2 8 8 2
left_child=2 10 4 -3 -1 -4 7 22 9 -9 21 13 -11 -8 -15 -13 17 18 19 -6 -21 -2 26 25 -25 -24 -7 28 -5 -12
right_child=1 3 5 27 16 6 11 8 -10 12 29 15 -14 14 -16 -17 -18 -19 -20 20 -22 -23 23 24 -26 -27 -28 -29 -30 -31
leaf_value=0.006144332097581382 0.0090856012109289987 -0.038643826101883716 1.6768275890802153e-05 -0.011853462354463254 0.03076964424812699 0.030744311659073671 0.034335191252959994 0.030020664021488182 -0.0060399293058892673 0.11454930183669026 -0.01485940882361182 0.041049009162109219 0.003743961643672699 0.049994406900834905 0.24437824626150273 0.00041875130147646372 0.020239005820406553 0.15303028093851051 0.02134503572937933 0.079134885733697535 0.033675108680600238 -0.0063422697187012662 0.00078214103988291292 0.02846399096407469 0.20615525043879163 0.12637954190335779 0.14914128422561729 0.10359905451795998 -0.025630448329606911 0.068722768007770857
leaf_weight=272.56275723129511 198.94557236880064 413.08029732853174 1010.4144266322255 270.32685701549053 229.42590370774269 139.22768406569958 190.09167908877134 122.16826962679625 403.4753192961216 4.0502020418643943 955.0220205001533 40.227091744542122 442.34238418191671 3.0846828296780577 2.2246646210551262 109.05404945462942 864.0704655200243 3.7195203974843016 321.23920505493879 49.682787790894508 45.835563749074936 988.24503855407238 108.03751308470964 4.0146395191550246 2.1775956004858017 2.5927979573607436 2.8046040162444106 2.3598623722791663 828.34357053041458 5.2987283319234839
leaf_count=2703 2312 7290 10839 3895 1681 1288 1597 1070 4081 41 13010 343 4498 26 18 1031 6457 26 2331 346 335 12216 1000 38 20 22 24 31 12437 74
internal_value=-0.000168548 -0.0159603 0.0130558 -0.0265196 0.0218989 0.00694643 0.0113904 0.00733191 0.00344706 0.0101794 -0.00851548 0.0258837 0.00474932 0.0369738 0.131443 0.0113675 0.0247352 0.0307132 0.0300091 0.0385743 0.0573205 -0.00375692 0.0219201 0.00834918 0.0909519 0.00372572 0.0330822 -0.0219709 -0.0222406 -0.0143982
internal_weight=8034.15 3661.62 4372.52 1514.11 1786.54 2585.99 1575.57 1230.89 972.036 568.561 2147.51 344.682 446.393 195.401 5.30935 149.281 1513.97 649.903 646.183 324.944 95.5184 1187.19 258.855 116.823 6.19224 110.63 142.032 1101.03 1098.67 960.321
internal_count=91080 51265 39815 23653 13879 25936 15097 12082 9690 5609 27612 3015 4539 1641 44 1374 11176 4719 4693 2362 681 14528 2392 1080 58 1022 1312 16363 16332 13084
is_linear=0
shrinkage=0.05


Tree=78
num_leaves=31
num_cat=0
split_feature=28 98 34 130 90 28 65 94 151 116 34 95 55 98 28 10 161 29 87 94 10 23 145 122 118 115 166 182 30 139
split_gain=147.966 52.2978 51.2692 35.3523 25.0751 23.7686 22.8801 19.5133 22.7686 19.3555 16.9793 16.6057 17.1016 15.6665 15.519 16.7431 19.0247 15.4887 18.6308 14.9433 16.5954 16.8697 23.9564 17.7833 16.3814 15.6654 14.8853 16.8188 29.3056 14.5184
threshold=59.20000000000001 0.074999999999999664 20.650000000000002 6.2350000000000012 -1.925 75.40000000000002 0.25468768311262163 -0.68301270189221952 2.5000000000000004 0.083333333333333467 46.45000000000001 6.9350000000000014 2.5000000000000004 0.015000000000000053 41.050000000000004 0.75000000000000011 1.1525657894736845 12.150000000000002 2.5000000000000004 1.0000000180025095e-35 -1.0000000180025095e-35 68.500000000000014 -0.081268919576676632 0.16114813625556798 2.6350000000000002 0.19999999999999971 0.092592592592592574 11957.569304261644 15.900000000000002 3.5000000000000004
decision_type=2 10 2 2 10 2 2 2 2 8 2 2 2 10 2 10 2 2 2 2 10 2 2 2 2 10 2 2 2 2
left_child=2 3 4 9 -1 13 19 8 10 -2 -4 12 26 -5 17 -16 -17 18 -9 24 -21 25 -23 -24 -6 -22 27 28 -8 -10
right_child=1 -3 7 5 6 -7 11 14 29 -11 -12 -13 -14 -15 15 16 -18 -19 -20 20 21 22 23 -25 -26 -27 -28 -29 -30 -31
leaf_value=-0.025443629487670406 -0.015728886606704861 0.0029119792524350532 0.0068770561853327668 -0.0066914089514856813 0.0037922044587232421 -0.01171114237306785 0.14361490462602794 0.0092058135863339868 0.023866704386291425 0.0095917553019507027 0.052717316113395779 0.08827719037068868 0.0055599396777081395 0.001527153890299783 0.0017627378854594951 0.024150880718828371 0.15112571025850363 0.012432323700377994 -0.0067310689329005344 -0.00081957789389095002 0.0050403897503173553 -0.02713454515508848 0.022030420582476715 0.083006336072538767 -0.0058009701502141874 0.042635821937572642 -0.026672443556144246 0.012812548095194581 0.020932411696476728 -0.010859614778765328
leaf_weight=94.291837453842163 1488.5446476489305 1334.2088417410851 890.10384541749954 1150.0909438878298 630.64012551307678 1018.3520761877298 10.535325914621355 495.21430940926075 436.93799664080143 79.504676282405853 20.669814273715019 8.2705985158681852 111.12149386107922 1169.5014854371548 1792.7062683701515 14.546464994549753 3.7004579305648795 1135.9529389441013 291.23428981006145 1138.0401577800512 720.30574023723602 12.735458627343176 26.08950075507164 22.0745570063591 1511.779409095645 28.816884964704514 6.1963482648134223 12.564428895711897 9.048465281724928 32.325057089328766
leaf_count=604 9380 7903 4712 7007 3640 6691 59 2625 2284 501 100 47 636 7032 9841 79 20 6022 1559 6513 4120 73 148 127 8859 161 35 71 51 180
internal_value=0.000110566 -0.00586538 0.00405425 -0.00825243 5.91233e-05 -0.00534334 0.000625173 0.00744709 0.0125273 -0.0144451 0.00791739 0.0193112 0.015495 -0.00254774 0.00556917 0.00224778 0.0499013 0.00869801 0.00330414 -9.53947e-05 0.00307385 0.00854393 0.0338512 0.0499769 -0.00297713 0.00648659 0.0442865 0.0579633 0.0869309 0.0214746
internal_weight=15696.1 6240.2 9455.9 4905.99 4342.51 3337.94 4248.22 5113.39 1380.04 1568.05 910.774 157.737 149.466 2319.59 3733.35 1810.95 18.2469 1922.4 786.449 4090.48 1948.06 810.022 60.8995 48.1641 2142.42 749.123 38.3446 32.1482 19.5838 469.263
internal_count=91080 38514 52566 30611 25144 20730 24540 27422 7276 9881 4812 899 852 14039 20146 9940 99 10206 4184 23641 11142 4629 348 275 12499 4281 216 181 110 2464
is_linear=0
shrinkage=0.05


Tree=79
num_leaves=31
num_cat=0
split_feature=17 124 90 130 107 65 176 107 130 171 59 162 35 170 119 90 108 35 166 59 35 177 107 177 167 130 83 35 12 110
split_gain=300.161 74.7734 77.1751 57.0444 41.287 30.0451 29.5416 25.8086 24.1749 23.5866 22.648 21.7463 21.3469 21.0453 24.6324 20.5585 19.9839 19.516 21.2026 19.4009 19.2707 18.6287 18.2538 17.1828 17.0352 15.9504 20.8433 15.8232 16.0919 15.7355
threshold=4.6050000000000013 2.5000000000000004 -0.027500000000000246 6.1350000000000007 0.069999999999999812 0.10813793926376707 12.966939890710384 0.26500000000000018 7.2750000000000012 13.998550275482096 0.15356474050294272 0.63690476190476197 43.20000000000001 11.54281914893617 1.6899999999999999 2.2758333333333343 0.1566666666666667 38.800000000000004 0.20411530949013268 0.1830400151390035 31.500000000000004 1.7861407249466954 0.010000000000000153 13.661414392059557 0.13888888888888887 5.3250000000000011 2.5000000000000004 31.700000000000006 0.75000000000000011 -1.0000000180025095e-35
decision_type=10 10 10 2 8 2 2 8 2 2 2 2 2 2 2 10 8 2 2 2 2 2 8 2 2 2 2 2 8 10
left_child=3 2 12 5 6 -1 10 13 16 17 15 29 -2 -4 -15 24 19 25 -19 -6 -16 -5 -7 -11 -3 -8 -27 28 -21 -12
right_child=1 4 7 21 8 22 9 -9 -10 23 11 -13 -14 14 20 -17 -18 18 -20 27 -22 -23 -24 -25 -26 26 -28 -29 -30 -31
leaf_value=-0.016100875558025984 1.5565118929955583e-05 -0.0024643099945562412 0.0074982212912788884 -0.017936550246375221 -0.0061453010452821831 0.0069607805522353752 0.03446019018906471 -0.046953714476365149 -0.015536901223960179 0.073661102344813226 -0.00057048851967362799 -0.011866807603374019 0.015654845297883344 0.004222394476637136 0.013718355895146934 0.10036148631314093 -0.047859475748456948 0.034836274854117451 0.001676587553428154 -0.0022504427449481614 0.02398820492120441 -0.0072717529615240022 -0.0048539393546437049 0.020662088095636522 -0.017216172684219083 -0.003176480730422471 0.0084521773333824188 0.0120180552971366 0.038984166124167191 0.008578687258535703
leaf_weight=497.39032274484634 2820.1812659054995 585.65548938512802 1588.1619650572538 2052.392078012228 1401.5756493806839 415.66244600713253 44.371112629771233 18.652946978807449 421.68891933560371 20.656201332807541 859.77504479885101 229.45731872320175 236.49011285603046 446.04927432537079 1350.0558713376522 4.4488328248262397 24.185015112161636 118.94947923719883 81.05677855014801 805.13820247352123 690.36250986158848 511.51573713123798 1531.3356239646673 58.903928026556969 293.91613638401031 617.54352776706219 1024.8322778344154 322.15927220880985 24.376766800880432 1036.5136501193047
leaf_count=2498 12479 2680 6519 11020 6526 1918 184 78 1983 88 3876 1039 1008 1821 5337 19 115 499 347 3672 2648 2625 7163 249 1371 2738 4424 1425 110 4621
internal_value=1.092e-05 0.00352396 0.00723685 -0.0105985 0.000195258 -0.00513343 0.00298818 0.0117258 -0.0044387 0.0077545 -0.000125707 0.0026713 0.00122555 0.0119944 0.0148663 -0.00685149 -0.00262294 0.00662998 0.0213976 -0.00219445 0.0171931 -0.0158089 -0.00233163 0.0344222 -0.00739377 0.00487891 0.00407973 0.00261369 -0.00103869 0.00443046
internal_weight=20133.5 15125.2 7149.95 5008.3 7975.2 2444.39 4976.08 4093.28 2999.12 1966.31 3009.77 2125.75 3056.67 4074.63 2486.47 884.02 2577.43 1886.75 200.006 2553.25 2040.42 2563.91 1947 79.5601 879.572 1686.75 1642.38 1151.67 829.515 1896.29
internal_count=91080 65856 29890 25224 35966 11579 22135 16403 13831 8529 13606 9536 13487 16325 9806 4070 11848 8192 846 11733 7985 13645 9081 337 4051 7346 7162 5207 3782 8497
is_linear=0
shrinkage=0.05


Tree=80
num_leaves=31
num_cat=0
split_feature=18 130 88 18 110 141 109 137 18 89 19 172 21 171 18 9 18 51 18 20 104 122 60 90 66 3 30 65 5 61
split_gain=287.634 72.9973 58.1871 45.954 40.2522 30.2916 20.3248 20.1454 18.7657 17.8573 17.604 16.3951 16.2357 16.1217 15.7178 15.6979 15.392 15.011 14.9905 14.2249 14.5323 14.2643 17.5248 14.0838 14.05 26.2003 15.4688 14.1017 15.3805 13.88
threshold=5.1050000000000013 5.3450000000000006 1.1600000000000004 3.6850000000000005 0.0016666666666664504 2.5000000000000004 0.1400000000000001 1.0000000180025095e-35 4.2150000000000007 5.0908333333333351 6.3650000000000011 0.34492841298648924 7.2550000000000008 0.10183873144399457 4.4750000000000005 7.1050000000000013 7.5450000000000008 0.21672494172494167 6.1350000000000007 6.035000000000001 2.5000000000000004 0.19940023420716313 0.16198280022816022 1.8450000000000006 0.20611465960429973 8.9500000000000011 29.500000000000004 0.20243408709390737 6.7350000000000012 0.21556220891550235
decision_type=10 2 10 10 8 2 8 2 10 2 8 2 10 2 10 8 10 2 10 10 10 2 2 10 2 10 2 2 10 2
left_child=1 8 5 11 19 6 7 16 -1 24 -9 -3 15 -10 -6 18 17 -2 23 20 -5 22 -22 -4 26 -26 27 28 -7 -29
right_child=2 3 12 4 14 9 -8 10 13 -11 -12 -13 -14 -15 -16 -17 -18 -19 -20 -21 21 -23 -24 -25 25 -27 -28 29 -30 -31
leaf_value=-0.0041972677191160013 0.0059345201122715831 -0.026362225078711776 0.0073068312459894803 -0.0085994465703118535 -0.016467885230851662 0.0091991548475697273 -0.0058198274892798836 0.013512649686641218 0.014809582652732673 -0.0024303830659306042 -0.00016177722933848092 -0.0093890836821010053 -0.015346814360595484 0.00071985965526852715 -0.0089616177747425824 -0.018903755247891323 0.025608970494320121 -0.0022370539315261706 0.016584047692734839 -0.011008817112923909 -0.00091587662589514727 -0.020671319042828814 0.012906412059527092 0.021644888823270425 0.062761642063204462 0.010207389763828748 0.016663952047071169 0.0073668490486924355 -0.012030863507380857 0.061293873765577191
leaf_weight=596.76843427121639 1735.9320789426565 536.97693555057049 1371.9992150366306 529.27383035421371 1326.8316444605589 118.81640988588333 354.67414425313473 1314.9690836369991 390.1109244376421 2742.794350206852 286.66915267705917 193.5604704618454 56.070442259311676 423.33915451169014 1470.1114815622568 40.937202513217926 79.637166142463684 831.05644565820694 1165.4725870937109 514.09735217690468 941.1967271566391 70.472719565033913 303.18357302248478 195.69862474501133 26.967877715826035 196.63673883676529 143.79888190329075 102.01523019373417 302.53964479267597 13.512569323182104
leaf_count=3070 8221 3342 6126 2751 7524 567 1733 6046 1819 13530 1376 1150 261 2021 7937 184 366 4002 4914 2760 4896 373 1537 829 128 940 676 487 1448 66
internal_value=2.83288e-05 -0.00768065 0.00510442 -0.0101287 -0.00846559 0.00298221 0.00567907 0.00663908 0.00253672 -0.000421466 0.0110651 -0.0218651 0.0112907 0.00747695 -0.0125225 0.0118291 0.0039606 0.00328899 0.0122894 -0.00365395 -0.0016036 0.00121248 0.00245182 0.00909668 0.00567178 0.0165457 0.00209969 -0.0018012 -0.0060443 0.0136744
internal_weight=18376.1 7295.92 11080.2 5885.7 5155.17 8250.02 4602.94 4248.26 1410.22 3647.08 1601.64 730.537 2830.18 813.45 2796.94 2774.11 2646.63 2566.99 2733.17 2358.22 1844.13 1314.85 1244.38 1567.7 904.287 223.605 680.683 536.884 421.356 115.528
internal_count=91080 39180 51900 32270 27778 39586 21744 20011 6910 17842 7422 4492 12314 3840 15461 12053 12589 12223 11869 12317 9557 6806 6433 6955 4312 1068 3244 2568 2015 553
is_linear=0
shrinkage=0.05


Tree=81
num_leaves=31
num_cat=0
split_feature=126 126 119 85 37 37 17 3 21 112 112 112 112 114 179 113 117 90 96 30 44 85 35 108 98 35 98 9 15 179
split_gain=420.531 91.1278 57.2899 50.0196 34.2273 29.095 28.528 24.3188 20.2489 19.5428 19.1708 17.9727 17.4023 17.1741 15.3038 14.8387 14.6598 14.2165 14.178 15.5411 14.3097 13.9865 17.3589 15.5784 16.4052 14.2992 22.8194 13.6663 13.9177 13.6406
threshold=3.5000000000000004 5.5000000000000009 3.370000000000001 2.5000000000000004 13.150000000000002 27.450000000000006 5.4050000000000011 18.250000000000004 6.455000000000001 0.029999999999999753 -0.024999999999999845 -0.018333333333332147 0.013333333333334052 0.044999999999999457 5.7586386250565367 0.19499999999999987 7.3550000000000013 -2.2199999999999998 6.6550000000000011 11.650000000000002 5.7500000000000009 3.5000000000000004 24.050000000000004 -0.096666666666666137 0.22500000000000009 14.950000000000001 0.069999999999999812 7.3150000000000004 7.1850000000000014 4.501351351351353
decision_type=8 8 2 2 2 2 8 8 10 8 8 8 8 8 2 8 2 8 2 2 2 2 2 8 8 2 10 8 8 2
left_child=3 4 10 11 12 6 21 -7 13 -6 -3 -1 17 -9 -13 -16 -12 -2 19 -8 29 23 25 -5 -25 26 -23 28 -14 -20
right_child=1 2 -4 5 9 7 18 8 -10 -11 16 14 27 -15 15 -17 -18 -19 20 -21 -22 22 -24 24 -26 -27 -28 -29 -30 -31
leaf_value=0.0079647286055048398 0.059286733008719908 -0.002540371763632681 -0.032201232891300099 -0.036035016687004394 0.0012692901453317579 0.0094631782506458158 -0.01126916575482779 0.030042323899362261 0.0058985971505649435 -0.0083146827088359538 -0.017885488000042745 -0.0035129980393126176 -0.01619310075514763 0.0095205394852233855 0.013337427560374027 0.11731345105337465 -0.00016163653250500661 -0.0065804901417862707 0.0037250331023622263 0.10238911775803237 0.00016233987402747329 0.02587442799696877 0.02581773215021714 0.0085316024594616017 0.083084787914269473 0.0043034062152647497 -0.001204714966141058 0.086147514727611771 0.060229045118699975 0.017201190192240114
leaf_weight=637.82879087328911 8.2486133426427841 337.54712343215942 523.56022442877293 19.526757955551147 1848.7821843326092 751.8871742784977 5.0222273021936399 511.69991685450077 156.73163542151451 746.75289361178875 1095.1101271063089 1333.4282858222723 894.0570171251893 127.31462000310421 91.74426856637001 3.5647019892930976 130.57909132540226 1195.2293486222625 515.20096395909786 7.4975367188453674 1292.1651731729507 280.3070745319128 317.42153880000114 1269.2349176108837 7.4219942092895499 339.12138460576534 107.68768861889839 3.3069070726633063 5.9975163340568534 295.46522541344166
leaf_count=3576 51 2323 4427 107 11955 3901 28 2595 851 5168 7957 7656 6433 642 517 20 878 8029 2837 42 7239 1406 1647 6826 40 1731 546 20 43 1589
internal_value=-1.95731e-05 -0.00919029 -0.017886 0.00769535 -0.00533135 0.0100048 0.00795352 0.0159111 0.0220036 -0.00148808 -0.0130915 0.000985994 -0.0100661 0.0259536 -0.00212951 0.0172263 -0.0159973 -0.00612904 0.00374516 0.0567958 0.00342931 0.0117567 0.0160622 0.00828711 0.00896503 0.0118034 0.0183586 -0.0153111 -0.0156839 0.00863672
internal_weight=14859.4 6789.17 2086.8 8070.27 4702.37 6003.71 4456.07 1547.63 795.746 2595.54 1563.24 2066.57 2106.84 639.015 1428.74 95.309 1225.69 1203.48 2115.35 12.5198 2102.83 2340.72 1044.54 1296.18 1276.66 727.116 387.995 903.361 900.055 810.666
internal_count=91080 47284 15585 43796 31699 32027 24038 7989 4088 17123 11158 11769 14576 3237 8193 537 8835 8080 11735 70 11665 12303 5330 6973 6866 3683 1952 6496 6476 4426
is_linear=0
shrinkage=0.05


Tree=82
num_leaves=31
num_cat=0
split_feature=127 127 20 114 13 62 180 28 119 20 32 32 171 52 103 74 119 99 145 115 66 109 41 130 112 55 116 68 15 11
split_gain=507.468 128.624 97.6264 29.3999 25.4873 22.8562 20.9474 19.3728 19.266 19.9113 18.5304 16.4731 16.1698 15.3064 15.167 15.1199 18.6875 17.41 14.9049 14.3516 15.1533 14.2034 21.391 14.1675 14.1127 13.8433 14.8161 13.923 18.8554 13.8035
threshold=4.5000000000000009 2.5000000000000004 2.6750000000000003 -0.023333333333332946 6.9050000000000011 0.15477402773736784 2.6008849557522127 13.800000000000002 2.3550000000000009 6.0950000000000006 3.7500000000000004 31.000000000000004 5.3345238095238106 48.500000000000007 2.5000000000000004 0.1188235294117647 2.7849999999999997 -0.030000000000000648 -0.10792986624128349 0.11999999999999968 0.14599270072992701 0.2799999999999998 11.650000000000002 4.9150000000000009 0.026666666666666752 40.500000000000007 0.028333333333332853 0.13932236407277285 6.8550000000000013 6.6450000000000005
decision_type=8 10 10 8 8 2 2 2 2 10 2 2 2 2 8 2 2 8 2 8 2 8 2 2 8 2 8 2 10 10
left_child=1 4 -2 14 8 -4 21 13 -1 29 15 -6 -13 18 -3 -11 -17 -18 -8 20 -12 -5 -23 -7 -19 26 -16 28 -27 -10
right_child=2 3 5 6 11 23 7 -9 9 10 19 12 -14 -15 25 16 17 24 -20 -21 -22 22 -24 -25 -26 27 -28 -29 -30 -31
leaf_value=0.010322210902135857 -0.034276225328463861 -0.0049896894747345696 -0.015190137609101692 -0.0049974335560891425 0.0046096912287461435 0.060241653703816372 0.13141163904902853 0.0032135755103176325 0.041763489008101617 0.031632404665501261 0.032678154581066259 0.045814949544844968 -0.048171559309434647 0.15289051966882033 0.019712132585388346 0.14784502989888174 0.12956040984243353 -0.013091999285432147 0.020817416461573545 0.0098428835693488842 0.018992075792227506 0.1773568953866034 0.0053427614589123366 -0.0068004724406183908 0.10433078190864847 -0.013524058527243747 0.0035729037424981343 -0.020221198886951355 0.14800324791935901 0.01007436487238678
leaf_weight=1154.7022675573826 574.3274497911334 167.99658829718828 1926.7507241144776 2036.9031663835049 899.73972351849079 7.9336648359894744 3.3378649950027457 659.69291049987078 36.219635829329491 70.9619480073452 294.64619453251362 40.848468571901321 5.153654918074607 2.7360057309269896 401.56300355494022 6.7709720730781582 4.9788663685321808 9.2584040462970698 34.904022425413132 251.82973912358284 644.9641824811697 2.6622728034853917 5.6282401829957962 1169.9609192609787 3.5361911058425948 4.4040089398622504 220.16935682296753 52.566061846911907 3.0634162202477455 670.88536835461855
leaf_count=7770 7019 1300 18575 16905 5847 67 24 5217 232 410 1693 256 37 20 3027 37 28 53 261 1496 3878 20 42 10426 20 34 1664 395 23 4304
internal_value=-6.63309e-05 0.00724015 -0.015339 0.000339698 0.0132999 -0.0118358 -0.00217546 0.00528569 0.0154618 0.018438 0.0221415 0.00610181 0.0352856 0.0386441 0.00846701 0.0433326 0.0771597 0.0502314 0.0304704 0.0204429 0.0232838 -0.0047316 0.0605804 -0.00634891 0.0193615 0.0117829 0.0139969 -0.0111457 0.0527405 0.0116976
internal_weight=11369.1 7690.12 3678.97 3595.63 4094.5 3104.65 2745.86 700.671 3148.75 1994.05 1286.95 945.742 46.0021 40.9779 849.762 95.5064 24.5444 17.7735 38.2419 1191.44 939.61 2045.19 8.29051 1177.89 12.7946 681.766 621.732 60.0335 7.46743 707.105
internal_count=91080 54993 36087 28932 26061 29068 22489 5522 19921 12151 7615 6140 293 305 6443 548 138 101 285 7067 5571 16967 62 10493 73 5143 4691 452 57 4536
is_linear=0
shrinkage=0.05


Tree=83
num_leaves=31
num_cat=0
split_feature=128 128 128 119 21 87 116 20 130 11 107 14 15 22 59 121 58 20 64 116 19 51 95 119 27 99 35 37 116 81
split_gain=612.666 110.66 84.8306 60.185 33.3653 26.2002 22.6398 20.8247 16.6836 16.6234 16.8996 15.7283 15.6875 18.5339 16.3215 15.513 15.4182 16.1765 17.0834 15.1425 15.1405 14.8805 19.1159 31.7104 16.9535 14.8371 14.6251 16.837 14.5256 13.9981
threshold=3.5000000000000004 5.5000000000000009 2.5000000000000004 2.2750000000000008 1.8750000000000002 3.5000000000000004 0.0083333333333332517 3.6950000000000007 4.7750000000000012 6.6650000000000009 0.1400000000000001 1.0000000180025095e-35 6.955000000000001 16.500000000000004 0.18255049522079494 0.177689856113984 0.20653109331736882 5.455000000000001 0.18242500742500742 -0.03833333333333349 4.7650000000000006 0.17623529411764707 6.5550000000000006 2.0450000000000013 1.5000000000000002 -0.073333333333333625 5.1500000000000012 12.250000000000002 -0.0099999999999992473 15.500000000000002
decision_type=8 8 10 2 10 2 8 8 2 10 8 10 8 2 2 2 2 10 2 8 10 2 2 2 2 8 2 2 8 2
left_child=2 6 3 15 -3 7 8 -5 11 10 -9 26 13 16 -15 -1 25 -18 20 -4 -19 -10 23 -23 -24 -7 27 -2 -6 -8
right_child=1 4 19 5 28 12 29 9 21 -11 -12 -13 -14 14 -16 -17 17 18 -20 -21 -22 22 24 -25 -26 -27 -28 -29 -30 -31
leaf_value=0.0084581334528463156 0.21810297561174044 -0.038363456375956395 0.013649123302015675 0.025082101663053975 -0.013559181609615138 0.10539268429354348 -0.013981331781198739 0.028178484371152668 -0.0083098138820940689 0.0072447097458384129 0.12551863639303978 0.14523347111664062 0.011002303502982969 0.029716709105357439 0.015854391307250883 -0.011786958449729042 0.052788335129787756 0.15504299590949305 0.21974393986023788 -0.0013621473266986791 -0.0097062868036104644 -0.022099415852884486 0.16024560899880014 0.25392303852448123 0.002212452768753636 0.031351234282360585 0.0065452846173678515 0.0073524871056208051 -0.02570933911535795 0.054140731676383252
leaf_weight=874.34974443912506 1.8970165997743671 398.23351995274425 201.0072038769722 319.76358020305634 379.88471995666623 7.1540636420249939 1027.8756065815687 31.282689921557903 716.02724498510361 573.2036060988903 5.2001722976565352 2.8791060447692862 157.89825364202261 645.87489049136639 316.33880843222141 106.10585217922926 26.149422682821751 2.9485506042838079 3.3610730320215225 1022.9735055118799 2.6460074484348297 2.1624468341469756 1.7055169269442547 2.0055660679936409 343.32664316147566 124.77371673285961 22.174977250397205 1.8937476649880407 697.88097290322185 7.5968156307935706
leaf_count=8453 21 7290 1957 2423 5562 51 14094 270 8802 5008 42 30 1159 4558 2410 1102 185 21 25 11235 21 25 21 23 4217 895 254 21 10801 104
internal_value=-0.000178272 -0.0154748 0.0122967 0.0165822 -0.0259964 0.0211448 -0.00818227 0.0147477 -0.00316682 0.0093276 0.0420531 0.0343546 0.0257641 0.0278282 0.0251593 0.00626719 0.0432024 0.0726513 0.130649 0.00110307 0.077123 -0.00418285 0.0042794 0.110717 0.00299362 0.0353663 0.0220602 0.112819 -0.0214267 -0.0134815
internal_weight=8026.58 3605.54 4421.03 3197.05 1476 2216.59 2129.54 929.45 1094.07 609.686 36.4829 28.8448 1287.14 1129.25 962.214 980.456 167.033 35.1051 8.95563 1223.98 5.59456 1065.23 349.2 4.16801 345.032 131.928 25.9657 3.79076 1077.77 1035.47
internal_count=91080 51265 39815 26623 23653 17068 27612 7743 13414 5320 312 326 9325 8166 6968 9555 1198 252 67 13192 42 13088 4286 48 4238 946 296 42 16363 14198
is_linear=0
shrinkage=0.05


Tree=84
num_leaves=31
num_cat=0
split_feature=34 28 123 65 94 145 34 98 28 55 99 63 98 114 90 29 34 49 136 16 175 93 88 28 137 171 172 117 62 152
split_gain=136.956 42.4297 29.0186 19.5503 18.1891 17.3404 17.3141 16.6931 15.5599 16.6548 15.0083 14.5945 14.106 14.4803 13.6893 13.6529 13.9995 13.7574 19.4281 13.5501 15.3353 13.4952 19.6762 13.2553 18.9976 17.4312 14.3517 13.4218 15.8174 16.302
threshold=17.150000000000002 73.800000000000026 1.5000000000000002 0.25468768311262163 -0.5 0.069141461065312257 39.550000000000004 0.044999999999999908 58.20000000000001 2.5000000000000004 -0.058333333333333945 0.11671505911688657 0.010000000000000153 1.332267629550188e-15 1.4600000000000006 5.5000000000000009 22.050000000000001 0.26483157365510307 2.2500000000000004 6.9650000000000007 0.92035002035002045 0.68301270189221941 1.3100000000000001 56.95000000000001 -0.41666666666666669 2.5122023809523815 13.40691840277778 6.2350000000000012 0.14696945981530413 -0.030571895424836498
decision_type=2 2 8 2 2 2 2 10 2 2 10 2 10 8 8 2 2 2 2 10 2 2 10 2 2 2 2 2 2 2
left_child=1 3 15 4 -1 23 12 14 9 -5 -6 -8 13 -7 -3 17 -17 -2 -19 -10 -21 22 -18 24 25 -4 -27 -26 -29 -30
right_child=2 7 5 8 10 6 11 -9 19 -11 -12 -13 -14 -15 -16 16 21 18 -20 20 -22 -23 -24 -25 27 26 -28 28 29 -31
leaf_value=-0.0071438802390969671 -0.017910995992912446 -0.01167151313021701 -0.0025017465981715982 0.057194860839672096 -0.0083593490867474429 -0.010429875636346158 0.068032035633370777 -0.0050212861480980068 -0.011675600419071187 0.013527168067604066 0.00042567506693862064 0.020755467034931988 0.013445963011940657 0.0096045913864880612 -0.024017301867437453 -0.0054415402485492341 0.018944745402378508 0.11445418703209925 0.0014320308519464257 0.0060584712079499838 0.1255873953888329 -0.0054790996366323903 -0.00096378753375316907 -1.6956391145510192e-05 0.0040942229560643395 0.0071420896728753543 0.060434740567891457 0.017258621635630793 0.019175182162238076 0.0037958514479766582
leaf_weight=1828.9540073275566 193.02774491906166 936.10046151280403 959.12171790003777 29.982056692242622 581.03442615270615 148.32757474482059 22.138239115476608 713.46534667909145 70.617315709590912 80.358960434794426 2977.6514060944319 62.161667212843895 809.56892019510269 230.10907270014286 295.38736917078495 580.32498598098755 262.5624752342701 4.5100968927145031 24.227154791355133 8.1277373582124692 4.0060205310583106 214.0113667100668 235.35851866006851 1134.5930684804916 1007.3978600651026 608.44798590242863 12.900880590081213 681.21609745919704 223.65741142630577 750.50030942261219
leaf_count=11321 1136 6280 5151 166 3532 803 107 4471 429 464 17737 307 4307 1237 2063 3451 1497 24 144 52 26 1255 1367 6345 5303 3231 68 3583 1200 4023
internal_value=0.000118058 -0.00474752 0.00460312 -0.00253115 -0.00309141 0.00602546 0.0112747 -0.011107 0.013101 0.0253926 -0.00100868 0.0331709 0.00972091 0.00175212 -0.0146328 -0.00164432 0.000322608 -0.0131059 0.01917 -0.00328881 0.0455215 0.0050212 0.00953433 0.00478359 0.0060672 0.00172466 0.00824859 0.00864468 0.0114139 0.0073268
internal_weight=15689.8 7525.69 8164.16 5580.73 5387.64 6650.14 1272.31 1944.95 193.092 110.341 3558.69 84.2999 1188.01 378.437 1231.49 1514.02 1292.26 221.765 28.7373 82.7511 12.1338 711.932 497.921 5377.84 4243.24 1580.47 621.349 2662.77 1655.37 974.158
internal_count=91080 46541 44539 33727 32590 35665 6761 12814 1137 630 21269 414 6347 2040 8343 8874 7570 1304 168 507 78 4119 2864 28904 22559 8450 3299 14109 8806 5223
is_linear=0
shrinkage=0.05


Tree=85
num_leaves=31
num_cat=0
split_feature=17 124 28 130 19 108 112 177 17 35 165 40 29 130 35 66 98 83 30 68 17 130 64 35 109 69 20 89 158 3
split_gain=273.889 66.4326 77.2529 53.5262 30.8797 24.4105 22.7901 22.7474 21.3675 19.7881 19.4285 17.9273 17.6102 16.8268 16.4241 16.2729 16.1818 16.169 16.5671 15.8583 15.7121 19.0115 15.3987 15.3003 16.6506 14.9818 14.7133 14.5358 18.656 16.2129
threshold=4.6050000000000013 3.5000000000000004 51.45000000000001 5.6250000000000009 4.9050000000000011 -0.013333333333333147 0.018333333333333052 3.4096736596736599 3.6950000000000007 32.650000000000006 0.35228812515397889 6.3500000000000005 22.900000000000002 5.955000000000001 7.5500000000000016 0.32173123486682814 0.074999999999999664 2.5000000000000004 10.400000000000002 0.21528761410135347 5.0750000000000011 7.1450000000000005 0.097597055852215314 33.900000000000006 0.095000000000000168 0.22690184253120774 6.7550000000000008 6.0408333333333335 4.9781746031746037 28.950000000000003
decision_type=10 10 2 2 8 8 8 2 10 2 2 2 2 2 2 2 8 2 2 2 10 2 2 2 10 2 8 2 2 10
left_child=3 2 9 14 11 12 10 8 -5 -2 23 16 -3 -7 -1 20 19 -8 27 22 -15 -22 -4 -6 25 -25 -13 28 -19 -30
right_child=1 5 4 7 6 13 17 -9 -10 -11 -12 26 -14 15 -16 -17 -18 18 -20 -21 21 -23 -24 24 -26 -27 -28 -29 29 -31
leaf_value=-0.012407817993750299 -0.0010281866508770295 -0.00025980788847321739 0.08241994239137039 -0.022877681881035901 -0.0013256056125633129 0.0054429119051182797 -0.0032795335232958115 -0.00034512867144578525 -0.012716546571307871 0.0061377415114271007 0.013083088451883149 0.012219123332363135 0.010659980488298075 -0.011864260236757176 0.0005162488551358666 0.039903992148524317 0.005980799144775728 0.020953546609372417 0.010452223898416808 0.0025589072242606405 0.00034642776276360402 -0.011271042167258084 0.026493658057670434 0.0064529352465202139 0.024662354977802427 -0.033323180135395647 -0.011709924261461988 0.0063120231166501443 0.062089455963018306 -0.012345421943142566
leaf_weight=311.31897568702698 3537.6036551296711 1259.3474235385656 12.636361122131346 649.46004477143288 1355.0660682618618 368.39103804528713 155.79669950902462 298.2952077537775 2544.0306603610516 1323.9259280264378 436.48945726454258 1314.5623228102922 522.35254493355751 850.15280377864838 1168.4667811244726 19.146393626928329 144.93955102562904 144.5245116353035 888.65061511099339 70.41566090285778 1076.828683257103 523.28221069276333 473.79116693139076 297.84365354478359 126.8850187510252 25.717320710420609 67.539319604635239 82.295151039958 58.859570071101189 8.3538395613431913
leaf_count=1448 15676 5726 50 3741 5686 1670 651 1489 13258 5623 1796 5270 2334 4139 5288 91 581 592 3656 280 4985 2462 1872 1211 511 105 284 340 232 33
internal_value=1.06218e-05 0.00335321 0.00554696 -0.0101722 0.0095153 -0.00164544 0.00669888 -0.0135496 -0.014783 0.000923289 0.00361669 0.0143544 0.00294162 -0.0045254 -0.00220273 -0.00601249 0.0208626 0.0118617 0.0138562 0.0247361 -0.00637128 -0.00345282 0.0279465 0.00132815 0.00931136 0.00329144 0.0110498 0.0241441 0.0310749 0.0528381
internal_weight=20117 15145.4 10525.9 4971.57 5664.37 4619.5 3580.48 3491.79 3193.49 4861.53 2242 2083.88 1781.7 2837.8 1479.79 2469.41 701.783 1338.48 1182.68 556.843 2450.26 1600.11 486.428 1805.51 450.446 323.561 1382.1 294.033 211.738 67.2134
internal_count=91080 65856 44449 25224 23150 21407 14813 18488 16999 21299 9309 8337 8060 13347 6736 11677 2783 5504 4853 2202 11586 7447 1922 7513 1827 1316 5554 1197 857 265
is_linear=0
shrinkage=0.05


Tree=86
num_leaves=31
num_cat=0
split_feature=125 18 137 18 130 110 141 107 109 59 18 19 110 166 130 34 30 30 61 17 177 49 178 23 109 62 77 66 48 65
split_gain=264.444 69.6001 41.4471 41.0593 33.9511 31.4366 22.1771 23.1693 20.4398 22.4203 19.3984 16.9398 16.7081 16.0849 20.142 14.6181 14.4513 14.1396 13.6793 13.5027 13.4248 13.3407 13.3518 14.1351 13.2491 13.2021 13.2329 13.0789 13.067 13.0637
threshold=4.5000000000000009 5.3250000000000011 1.0000000180025095e-35 2.8350000000000004 6.035000000000001 0.0033333333333342503 1.5000000000000002 0.019999999999999952 0.084999999999999923 0.1714580873671783 4.5950000000000006 3.8850000000000002 0.038333333333334357 0.18270417853751184 5.7550000000000008 19.800000000000004 29.300000000000001 39.000000000000007 0.18967104845367372 3.2050000000000005 5.5513157894736853 0.40758719884933481 2.9381944444444446 31.500000000000004 0.05000000000000026 0.18729627860062645 4.5000000000000009 0.32173123486682814 0.21076774505070012 0.15842602778796397
decision_type=8 10 2 10 2 8 2 8 8 2 10 8 8 2 2 2 2 2 2 10 2 2 2 2 10 2 2 2 2 2
left_child=1 4 11 -2 16 13 7 18 20 -10 -7 -3 21 14 -5 24 27 -13 25 -12 -8 22 23 -6 -16 26 -4 -1 -28 -30
right_child=3 2 6 5 12 10 8 -9 9 -11 19 17 -14 -15 15 -17 -18 -19 -20 -21 -22 -23 -24 -25 -26 -27 28 -29 29 -31
leaf_value=0.00097432702367048786 -0.030804114700596481 0.011131160791137273 -0.0010945156006723375 0.0039906274007376567 0.001619989569097682 -0.016109869460332601 0.011733006823873239 0.01785790594580814 0.0088325391590043569 -0.0077904943466968503 0.078043823620015593 0.0011096038650599269 -0.015181113326321355 0.0028381462459533282 -0.0020243787835770868 -0.015449693840188752 0.01477157290763691 0.014289579756333402 0.01739512431223934 -0.007568924339364555 0.0010601392153206026 -0.021580295595389491 0.0063170600375843967 -0.0095392143633190839 -0.017106830760387205 -0.018380365490590161 0.0045708675260216622 0.040124314002625623 0.13478089804555482 0.037250250207448203
leaf_weight=1966.4766811579466 218.92344222962856 554.00104932487011 164.27231815457344 347.06727389991283 466.19762922823429 1522.3246538341045 1593.6598838269711 1210.3262782841921 396.18362307548523 415.65741439163685 4.6267405003309241 3834.3846981674433 412.49411618709564 564.06510220468044 678.62136925756931 594.02337393164635 224.88453152775764 214.8961920440197 134.94829973578453 1007.1360163092613 361.46201701462269 100.11820700764656 320.97259737551212 725.20456027984619 185.38407836854458 85.43148447573185 20.541009187698364 21.566700398921967 4.6880484819412258 12.828955069184302
leaf_count=9478 1431 2546 714 1764 2444 8909 7037 5181 1776 1999 25 18237 2238 2925 3638 3291 1033 1007 597 5507 1682 527 1639 3809 1001 380 90 99 20 56
internal_value=2.87816e-05 0.00376063 0.0062477 -0.00961833 -0.00152304 -0.00867241 0.00971765 0.0143383 0.00699061 0.000321652 -0.0125435 0.00293097 -0.00620139 -0.00453185 -0.00683486 -0.00941175 0.00275799 0.00180907 0.00426063 -0.00717742 0.00975981 -0.00390428 -0.00273414 -0.0051726 -0.00526052 -0.00189889 0.0050602 0.00139903 0.0316262 0.0633522
internal_weight=18363.4 13241.2 9003.28 5122.17 4237.92 4903.25 4400 1633.04 2766.96 811.841 2534.09 4603.28 2024.99 2369.16 1805.1 1458.03 2212.93 4049.28 422.71 1011.76 1955.12 1612.49 1512.37 1191.4 864.005 287.762 202.33 1988.04 38.058 17.517
internal_count=91080 62589 41322 28491 21267 27060 19532 7038 12494 3775 14441 21790 10657 12619 9694 7930 10610 19244 1857 5532 8719 8419 7892 6253 4639 1260 880 9577 166 76
is_linear=0
shrinkage=0.05


Tree=87
num_leaves=31
num_cat=0
split_feature=126 19 19 126 136 112 90 179 37 37 167 111 119 7 110 54 18 28 65 95 58 153 37 25 37 27 167 38 3 33
split_gain=381.292 87.6276 45.9543 45.5518 28.384 27.575 24.4074 26.9979 22.2349 17.5509 17.2046 17.1573 16.8931 14.6502 13.5438 13.2034 13.9798 17.1008 14.2835 14.1793 17.2663 14.063 13.0131 12.9375 17.2177 14.6898 13.9047 13.2715 15.8272 12.8081
threshold=3.5000000000000004 2.7850000000000006 4.8450000000000006 1.5000000000000002 2.416666666666667 0.043333333333334258 1.0100000000000013 4.7609523809523822 27.900000000000002 20.300000000000004 0.10420597484276727 0.015000000000000053 1.1899999999999999 7.0450000000000008 -0.13750000000000012 9.5000000000000018 4.8050000000000006 75.950000000000017 0.19797467056350301 6.745000000000001 0.2138193418210754 -0.030000000000000297 14.900000000000002 58.500000000000007 34.70000000000001 47.500000000000007 0.13892335263303007 1.0000000180025095e-35 21.550000000000004 13.450000000000001
decision_type=8 10 10 10 2 8 8 2 2 2 2 8 2 8 8 2 10 2 2 2 2 2 2 2 2 2 2 2 8 2
left_child=3 -2 4 8 11 6 7 22 12 13 -6 -3 -1 -4 -11 16 17 21 19 -19 -21 -8 -5 27 26 -26 -25 -17 -29 -12
right_child=1 2 9 5 10 -7 15 -9 -10 14 29 -13 -14 -15 -16 23 -18 18 -20 20 -22 -23 -24 24 25 -27 -28 28 -30 -31
leaf_value=-0.0084146357394646962 -0.02947442811145716 0.0044936964373338941 -0.0066658016487898264 -0.0037770864293116008 -0.017504251155109687 -0.0036852309286883101 0.077175603688043909 0.012077342912564492 0.020036219770546822 0.10449110643333642 -0.0033154035613840874 -0.0084146086791388828 0.010976956840735698 0.020637747790164779 0.0023173141318394951 0.013242020940442696 0.0078738998114797516 0.031603815658182766 0.0087067711122383231 0.050836012415689559 0.12941395363658301 0.015879841294757446 0.0038895448618446755 0.0028506070805061623 0.031876831831049328 0.15910580200028868 0.036777680854598233 -0.011988280618288008 0.010599631343716876 -0.020776902286369001
leaf_weight=119.40675634145737 476.89558478444815 322.58418045192957 1412.3505585491657 825.95427685976028 1499.3547310605645 844.83133502304554 9.6935392618179304 767.91164593398571 725.5578054189682 3.2529291808605194 448.89655571430922 1274.4161022976041 1890.0541839897633 50.900502994656563 1109.3319241479039 222.55277781188488 226.8560936152935 27.297945559024811 20.363927140831947 17.809997275471691 11.508350968360899 269.88420617580414 1677.8999825567007 76.079388663172722 5.2333310097455961 4.0049359947443008 50.079672276973724 187.74502924084663 132.1319405734539 137.08850977569818
leaf_count=681 4127 2128 9515 4813 11006 4844 52 4192 3545 21 3179 8901 9708 332 7086 1173 1214 140 104 90 58 1411 9354 411 25 20 265 1001 695 989
internal_value=-2.04585e-05 -0.00881436 -0.00723999 0.00728 -0.0108235 0.00460815 0.00615382 0.00387586 0.0125336 -0.00211714 -0.0146651 -0.00580721 0.00982466 -0.00571602 0.00261605 0.012063 0.0175773 0.0237509 0.0446187 0.0575356 0.0816803 0.0180051 0.00136053 0.00731687 0.0211431 0.0870326 0.0163182 0.00386568 -0.00265787 -0.00740044
internal_weight=14847.9 6735.07 6258.18 8112.86 3682.34 5377.84 4533.01 3271.77 2735.02 2575.84 2085.34 1597 2009.46 1463.25 1112.58 1261.24 583.414 356.558 76.9802 56.6163 29.3183 279.578 2503.85 677.827 135.397 9.23827 126.159 542.43 319.877 585.985
internal_count=91080 47284 43157 43796 26203 29862 25018 18359 13934 16954 15174 11029 10389 9847 7107 6659 3069 1855 392 288 148 1463 14167 3590 721 45 676 2869 1696 4168
is_linear=0
shrinkage=0.05


Tree=88
num_leaves=31
num_cat=0
split_feature=127 127 20 114 105 84 86 62 109 7 20 36 62 112 179 59 10 11 173 15 89 33 88 74 114 139 10 35 152 37
split_gain=465.165 114.563 94.7034 27.3012 24.3216 24.0852 25.8418 21.6038 18.4035 16.9834 17.4042 16.4064 15.5933 15.7849 20.0099 15.5459 17.5529 14.8127 15.4268 14.4027 15.2717 14.3117 14.9194 14.1249 13.9021 13.7429 13.733 13.7304 14.7734 13.6504
threshold=4.5000000000000009 2.5000000000000004 2.6750000000000003 0.0033333333333333505 5.5000000000000009 3.5000000000000004 3.5000000000000004 0.15477402773736784 0.064999999999999961 7.5750000000000011 5.3150000000000004 22.650000000000002 0.16328587886767607 -0.076666666666666647 12.501785714285717 0.12372857980208941 1.2500000000000002 6.6450000000000005 4.7129807692307706 6.705000000000001 5.6008333333333349 36.050000000000004 0.35999999999999971 0.10620300751879695 -0.028333333333332846 1.5000000000000002 2.2500000000000004 6.9000000000000012 -0.15000000000000016 18.900000000000002
decision_type=8 10 10 8 8 2 2 2 8 8 10 2 2 10 2 2 8 10 2 8 2 2 10 2 8 2 8 2 2 2
left_child=1 4 -2 8 5 6 17 24 26 10 27 29 -5 14 -14 19 -17 18 -1 23 25 -12 -23 -8 -4 -21 -3 -10 -29 -7
right_child=2 3 7 12 -6 11 15 -9 9 -11 21 -13 13 -15 -16 16 -18 -19 -20 20 -22 22 -24 -25 -26 -27 -28 28 -30 -31
leaf_value=0.028229614027816027 -0.033816747835166215 -0.00045019738033559944 -0.0055460762200175819 -0.0092315556196774819 0.0028338836085897252 0.025438978623886756 0.078206129614723577 -0.0060576057888963499 0.025695304641601788 0.13498566639734594 0.016320158495799965 -0.0012934731548415606 0.017895401237590969 -0.0014137415872571696 0.14255864650590572 0.017511294099019168 0.08784798539849932 0.010419218840228466 0.11992227781880085 0.0068420492666399395 -0.013350656124298803 0.17511765354093159 0.022455699752991241 0.0051101881581430584 -0.01669165877384543 0.036233468141823919 0.10924817045226183 0.086180147620555647 -0.0018156953957496472 0.0026227535463627526
leaf_weight=53.290135532617569 556.61235325783491 865.98093534260988 340.93732818961143 773.91886212676764 558.71411081403494 142.08071506023407 27.280589282512665 1170.5004324689507 57.198869027197361 2.7249743938446036 383.91090426594019 382.87312926352024 55.970048770308495 1077.9844449460506 3.4153231754899016 1108.9330113530159 8.9415739476680738 1448.459091335535 5.0192516297101966 49.72787481546402 21.742848336696625 2.9165865406393996 3.5463838502764702 8.7221136391162855 1559.6976456716657 198.65198686718941 2.8624438717961302 4.8337470963597289 360.31777677685022 121.70743199437857
leaf_count=334 7019 6743 3158 6648 3708 926 147 10493 434 19 2860 2572 449 8876 26 6622 48 9331 32 273 131 22 26 46 15417 1067 21 35 2773 824
internal_value=-6.94893e-05 0.00686117 -0.0148406 0.000333373 0.0125358 0.0140511 0.0159782 -0.0114014 0.00497458 0.0103695 0.00995166 0.0053171 -0.00375662 -3.12133e-05 0.0250649 0.0208078 0.0180739 0.0114139 0.0361225 0.0307909 0.0268315 0.0175623 0.0913484 0.0604977 -0.0146924 0.030349 -8.87911e-05 0.00291722 -0.000650837 0.014912
internal_weight=11359.5 7731.73 3627.75 3595.58 4136.14 3577.43 2930.77 3071.14 1684.29 815.449 812.724 646.661 1911.29 1137.37 59.3854 1424 1117.87 1506.77 58.3094 306.125 270.123 390.374 6.46297 36.0027 1900.63 248.38 868.843 422.35 365.152 263.788
internal_count=91080 54993 36087 28932 26061 22353 18031 29068 12933 6169 6150 4322 15999 9351 475 8334 6670 9697 366 1664 1471 2908 48 193 18575 1340 6764 3242 2808 1750
is_linear=0
shrinkage=0.05


Tree=89
num_leaves=31
num_cat=0
split_feature=128 128 21 119 116 21 118 33 110 92 64 22 62 47 51 59 114 109 116 20 58 62 10 117 55 177 17 116 18 122
split_gain=567.068 147.23 60.4854 52.6475 27.0037 23.4091 20.6233 23.3543 19.518 17.8368 17.5761 22.292 16.1601 23.1227 19.6223 21.6628 20.8104 15.8851 15.8516 15.5189 15.011 23.9126 22.4767 35.3366 15.14 14.9837 15.5119 14.9552 27.0898 31.8562
threshold=4.5000000000000009 2.5000000000000004 1.8750000000000002 2.2750000000000008 -0.0083333333333341485 6.8450000000000006 2.3150000000000004 7.8500000000000005 0.021666666666666053 4.5000000000000009 0.19487684231778715 74.500000000000014 0.064577456151109963 0.40765107212475632 0.30725524475524485 0.05006265664160401 -0.099999999999999131 0.13000000000000031 -0.033333333333332743 1.0950000000000004 0.21638385581439937 0.16461410905855353 -1.0000000180025095e-35 6.6950000000000012 24.500000000000004 5.661651583710408 6.5850000000000009 -0.040000000000000445 6.0650000000000004 0.15839707028173378
decision_type=8 10 10 2 8 10 2 2 10 2 2 2 2 2 2 2 8 8 8 10 2 2 10 2 2 2 10 8 10 2
left_child=1 3 -2 -1 19 12 27 -8 -7 -9 -11 17 14 18 16 -16 -5 20 -14 -4 -12 22 23 -22 -23 26 -19 28 -3 -30
right_child=2 6 4 5 -6 8 7 9 -10 10 11 -13 13 -15 15 -17 -18 25 -20 -21 21 24 -24 -25 -26 -27 -28 -29 29 -31
leaf_value=0.0059413741172290174 -0.037997986011719574 0.018359240037896365 0.11562859507019255 0.1344591702052769 -0.020876757190457673 0.021619153617024447 -0.007065341080549313 -0.0056258939541284445 0.040511436332288195 0.0043201746014173642 0.0055220031312715806 0.18510241823828658 0.025633911377109381 -0.018281861702353779 0.11149829606207791 0.035396106788806107 0.017150135647938134 0.074613416448334108 0.011812702055235687 -0.0094262385449336746 0.30544805731286478 -0.012170991929397948 0.031152507229850232 0.055722999229846394 0.10754161910316987 -0.017368840503621009 0.2352129974040596 0.0066393723856126227 0.033047303676896039 0.22325203602164906
leaf_weight=985.95242115110159 394.30359664931893 34.942381963133812 2.4891732782125464 3.8230120316147804 1344.7565352581441 389.31686168909073 1231.9398292079568 292.86743663996458 210.70093936473131 347.09241530299187 78.843762136995792 2.1701978817582122 273.46553507447243 54.197430782020092 10.188856512308119 113.7205478399992 340.62096758186817 9.5840596184134466 859.42039731889963 742.14542063325644 2.7086029350757599 13.635677918791773 5.2265127822756785 2.9697218909859657 3.275562956929206 3.5897287651896468 1.7833155766129483 254.05748981237411 5.0580159500241262 3.8977493718266487
leaf_count=9555 7431 345 30 27 20180 2674 14521 3405 1398 4037 922 25 2094 469 62 766 2464 108 7114 10191 31 161 60 34 39 42 21 2786 50 38
internal_value=-0.000187234 0.00871959 -0.0200366 0.0155792 -0.0166469 0.0197924 -0.000974586 -0.00280655 0.0282533 0.00406298 0.0100891 0.0262647 0.0167257 0.0136227 0.0245905 0.0416539 0.0184522 0.0234303 0.015149 -0.0090082 0.0166634 0.0482432 0.105975 0.174844 0.0110163 0.0716856 0.0998083 0.0112957 0.0382442 0.115829
internal_weight=8018.74 5535.05 2483.69 3241.41 2089.39 2255.45 2293.64 1995.69 600.018 763.747 470.88 123.787 1655.44 1187.08 468.353 123.909 344.444 121.617 1132.89 744.635 106.66 27.8161 10.9048 5.67832 16.9112 14.9571 11.3674 297.956 43.8981 8.95577
internal_count=91080 53248 37832 26623 30401 17068 26625 23406 4072 8885 5480 1443 12996 9677 3319 828 2491 1418 9208 10221 1247 325 125 65 200 171 129 3219 433 88
is_linear=0
shrinkage=0.05


Tree=90
num_leaves=31
num_cat=0
split_feature=34 28 123 54 98 130 3 98 34 29 125 64 170 116 72 49 34 158 108 145 68 178 92 80 53 59 23 38 91 160
split_gain=126.114 35.8822 33.6989 26.7218 23.6104 23.4865 21.7859 21.2504 16.933 18.3046 18.742 16.4365 15.9037 15.4499 16.539 15.7019 15.9757 15.2854 15.8258 17.7203 14.7371 18.4785 14.3417 15.5481 13.997 14.8879 13.5712 16.6998 16.6985 15.6371
threshold=14.900000000000002 59.20000000000001 1.5000000000000002 4.5000000000000009 1.0000000180025095e-35 5.9250000000000007 17.750000000000004 0.079999999999999558 34.400000000000006 23.750000000000004 1.5000000000000002 0.14608156680723397 15.553980986333929 0.14749999999999952 0.19677419354838713 0.069204980842911865 13.700000000000001 5.4905555555555567 -0.073333333333332737 0.027784209880078601 0.17188944085027727 20.552380952380954 3.5000000000000004 5.5000000000000009 18.500000000000004 0.22773573168835207 20.500000000000004 12.250000000000002 1.5000000000000002 2.0368333333333335
decision_type=2 2 10 2 10 2 10 10 2 2 8 2 2 8 2 2 2 2 10 2 2 2 2 2 2 2 2 2 2 2
left_child=2 8 7 -4 -3 -6 11 -1 9 10 -2 -5 -13 15 -15 -8 -17 20 19 -19 26 -22 -10 24 -24 -26 27 -7 -28 -29
right_child=1 4 3 6 5 17 13 -9 22 -11 -12 12 -14 14 -16 16 -18 18 -20 -21 21 -23 23 -25 25 -27 28 29 -30 -31
leaf_value=-0.013924035670020103 0.0095334962287083463 -0.0084140205374806706 0.0035515675654238556 -0.0095075272041151779 -0.010238914247265238 0.011386554661535401 -0.002662471877147736 -0.00023705867305483144 0.0019491262345688932 0.0094791298273119284 0.0014202153543712076 0.0082493854346804528 -0.0038022655925425658 0.0055445133938950286 0.13461099206228228 -0.014628061953417808 0.0034685719596124773 0.053702292865776949 -0.006923328751468609 -0.042344576535077699 0.00092901200258377044 0.11393826020336217 0.0078834814526741077 0.034755319031864823 0.028467150503355999 -0.023252065321759899 0.042852905247135399 0.064289516235636682 0.006848649331707298 -0.01588315359953869
leaf_weight=1427.5523087605834 886.19511276483536 808.11979442834854 1135.7125756889582 402.27657832205296 317.68523156642914 53.938355758786201 590.0406738370657 353.89435425400734 280.004967212677 1448.099793985486 3617.2905085831881 555.50355118513107 539.69842950999737 7.1838745176792127 3.7924728840589523 1085.1103138551116 137.39853012561798 21.602633103728298 334.87066484987736 6.1749305725097647 475.99433547258377 3.64495526254177 461.01002931594849 89.676102712750435 168.67233066260815 15.165619134902952 35.232111766934395 40.03545817732811 374.69190338253975 7.1713740676641455
leaf_count=9673 4648 4868 6727 2378 1910 309 3573 2134 1487 7850 19940 3213 3347 43 23 6898 851 126 1991 36 2760 21 2318 423 830 76 201 231 2154 41
internal_value=0.000124655 0.00376844 -0.00539244 -0.00306901 -0.00139745 0.00199578 -0.00533311 -0.011205 0.00560692 0.00458913 0.00301675 -0.000864232 0.00231052 -0.00900295 0.0501387 -0.0093611 -0.0125942 0.00486773 -0.00391504 0.0323511 0.00808266 0.00178781 0.0115776 0.0152481 0.0125353 0.0242006 0.0139904 0.0303932 0.00994314 0.0521102
internal_weight=15683.4 9445.28 6238.16 4456.72 2479.16 1671.04 3321 1781.45 6966.11 5951.59 4503.49 1497.48 1095.2 1823.53 10.9763 1812.55 1222.51 1353.36 362.648 27.7776 990.708 479.639 1014.53 734.524 644.848 183.838 511.069 101.145 409.924 47.2068
internal_count=91080 52220 38860 27053 14648 9780 20326 11807 37572 32438 24588 8938 6560 11388 66 11322 7749 7870 2153 162 5717 2781 5134 3647 3224 906 2936 581 2355 272
is_linear=0
shrinkage=0.05


Tree=91
num_leaves=31
num_cat=0
split_feature=17 130 90 59 83 108 65 6 176 88 35 49 107 117 35 29 176 90 18 91 32 17 171 89 43 119 130 18 98 108
split_gain=250.82 80.5284 59.3636 46.1221 32.1462 30.3731 25.1229 24.7564 24.6733 24.2195 22.3673 20.798 20.2834 19.0235 18.6767 18.2607 18.0048 17.9559 17.4216 18.9211 16.0473 15.9213 15.7918 15.3645 15.12 15.0656 14.4555 14.3602 14.8163 14.1992
threshold=5.0750000000000011 5.5650000000000004 0.92000000000000026 0.12124962496249621 2.5000000000000004 -0.013333333333334049 0.14378383685376869 2.2500000000000004 8.2361253196930964 -0.10499999999999994 38.800000000000004 0.29391197038255862 0.044999999999999908 6.9450000000000012 15.300000000000002 39.550000000000004 16.160188679245287 0.25666666666666643 5.7150000000000007 18.500000000000004 9.3000000000000025 2.7550000000000003 7.1439510939510953 4.7308333333333348 34.70000000000001 3.7500000000000009 6.1350000000000007 7.0750000000000011 0.1400000000000001 0.016666666666667853
decision_type=10 2 10 2 2 8 2 8 2 10 2 2 10 2 2 2 2 10 8 2 2 10 2 2 2 2 2 10 10 8
left_child=1 6 4 21 13 -5 -1 8 -6 17 11 18 -11 -2 -7 16 -8 22 19 20 -4 -3 -10 -16 -24 -19 -23 28 -14 -22
right_child=2 3 10 5 7 14 15 -9 9 12 -12 -13 27 -15 23 -17 -18 25 -20 -21 29 26 24 -25 -26 -27 -28 -29 -30 -31
leaf_value=-0.0051583674588116394 -0.00084788340969856643 -0.032338972616423864 0.011606066767328921 -0.00015888112771908697 0.0016585219207936087 -0.015828632725810501 0.0024604150541845879 -0.050634849512010464 0.0043935218737563321 0.0088446795230343721 0.023468722480832409 -0.0024758645681751184 0.0022441673641500136 -0.013905647518961959 0.0036514544018462569 0.057585936105794294 0.01827843492294819 0.02232864428863169 0.0034500176025911294 0.0028204804147041115 0.028656348600979594 -0.0082044329780727576 0.01370203932875598 -0.0090955251587056581 0.051600742098798447 0.0015391231554302812 -0.017285774784307813 -0.016952741815535528 -0.027247938501346325 0.010086485329519213
leaf_weight=829.53656974434853 1496.4438516199589 134.51629261672497 593.9056767821312 1234.1694208681583 4336.9267106503248 838.79522930085659 962.45989094674587 20.639805883169174 918.21171420812607 792.80254307389259 326.25714102387428 313.98390546441078 741.85694327950478 342.82986028492451 298.89075922966003 17.015004068613052 221.25261673331261 473.61367237567902 505.08799995481968 286.54338312149048 380.10954873263836 622.67743018269539 343.33132973313332 1130.6594758480787 28.502126261591911 106.79346118867397 1479.1055600941181 137.67010499536991 45.179735839366913 141.17200191318989
leaf_count=3800 6682 799 2337 5957 19007 4270 4214 93 3941 3352 1268 1308 3255 1596 1432 73 928 1865 2116 1141 1491 3128 1464 5638 121 424 7979 629 200 572
internal_value=1.1597e-05 -0.00702515 0.00444475 -0.0100529 0.00267481 -0.00647124 0.00153328 0.00405367 0.0041961 0.00726339 0.0112442 0.00944828 0.0029764 -0.00328177 -0.00990569 0.00615629 0.00541703 0.0111998 0.0114118 0.0142806 0.0172253 -0.0156626 0.00791387 -0.00643038 0.0166071 0.0185034 -0.0145953 -0.0020548 0.000551177 0.0236273
internal_weight=20100.9 7769.08 12331.9 5738.81 9784.8 3502.51 2030.26 7945.53 7924.89 3587.96 2547.06 2220.8 1717.51 1839.27 2268.35 1200.73 1183.71 1870.45 1906.82 1401.73 1115.19 2236.3 1290.05 1429.55 371.833 580.407 2101.78 924.707 787.037 521.282
internal_count=91080 38218 52862 29203 42629 17297 9015 34351 34258 15251 10233 8965 7436 8278 11340 5215 5142 7815 7657 5541 4400 11906 5526 7070 1585 2289 11107 4084 3455 2063
is_linear=0
shrinkage=0.05


Tree=92
num_leaves=31
num_cat=0
split_feature=18 130 88 18 110 36 109 100 122 30 172 9 17 18 141 51 48 161 108 63 20 100 158 88 3 112 20 87 30 20
split_gain=240.519 62.4151 46.6174 41.7592 35.581 28.3617 21.249 21.3488 16.936 16.8487 15.5823 15.0021 16.2255 15.8727 14.856 14.0749 13.8825 13.8117 14.3446 16.1207 14.9718 13.7187 17.7884 15.1285 13.6528 15.9538 19.211 15.7114 14.9698 13.6352
threshold=5.1050000000000013 5.3450000000000006 1.4950000000000001 3.6850000000000005 0.0016666666666664504 22.900000000000002 0.09000000000000026 -0.07399999999999933 0.13726767975332385 18.650000000000002 0.34492841298648924 7.0750000000000011 4.4850000000000012 6.285000000000001 3.5000000000000004 0.27518115942028992 0.21026315789473682 1.4752777777777781 -0.010000000000000149 0.11473635653963522 6.0750000000000011 -0.0079999999999995474 3.354226190476191 -1.8599999999999997 15.050000000000002 0.11333333333333366 5.8050000000000006 3.5000000000000004 34.900000000000006 6.6750000000000007
decision_type=10 2 10 10 8 2 8 8 2 2 2 8 10 10 2 2 2 2 10 2 8 10 2 8 8 10 8 2 2 10
left_child=1 9 5 10 -5 8 7 -7 -2 -1 -3 12 -8 -14 -6 -15 -9 18 19 -4 -20 -18 -23 -24 25 -10 -27 28 -26 -17
right_child=2 3 17 4 14 6 11 16 24 -11 -12 -13 13 15 -16 29 21 -19 20 -21 -22 22 23 -25 27 26 -28 -29 -30 -31
leaf_value=-0.0008931331108467871 0.0097075177464374784 -0.025221161771406372 0.020760574908420332 -0.0032644607602334342 -0.0085183727052192872 0.019904907644159437 0.018821968444204848 0.0032938979261595137 0.0024041142559987805 0.011554201019934311 -0.0084976237055562395 -0.023661691682565104 -0.007130112159263069 0.011394433953046811 -0.015961812330465338 0.0042542320551252639 0.014151735974163641 -0.00065336885869043157 0.019227508934720836 0.0028065270748278311 0.0049304776888773605 -0.0012643943527607705 0.094793877185244305 0.012642814514333548 -0.002254428685983014 0.091536995377595673 -0.024679340589929544 -0.0093290687983155502 0.012192106795590421 -0.031696156221132199
leaf_weight=1045.3233995884657 421.22324985265732 519.46270499378443 165.04569621384144 2343.4729584604502 1593.9991174638271 321.63716875016689 115.46967671811581 1724.0237513184547 1461.0463384240866 367.42321284115314 190.32057090103626 64.717102035880089 497.70515350997448 316.51029485464096 1156.8286557197571 70.562600135803223 844.36171413958073 209.67832472920418 906.40189342200756 515.61857277154922 229.47391474246979 464.60174715518951 5.7077102065086365 308.85282954573631 1506.8492842167616 10.626986637711521 5.344205155968667 722.47163182497025 203.54254983365536 42.117991119623184
leaf_count=5158 1956 3342 692 12317 8765 1474 533 8096 7076 1752 1150 324 2453 1481 6696 329 3878 916 3789 2209 1008 2154 27 1435 7253 50 27 3574 956 210
internal_value=2.91924e-05 -0.00708075 0.00463788 -0.00937482 -0.00779175 0.00311182 0.00576884 0.00760073 0.000181701 0.00234413 -0.0207369 -0.000302576 0.00114772 -0.00105408 -0.0116486 0.0059919 0.00641853 0.0114972 0.0128997 0.00715998 0.0163392 0.00973658 0.00495197 0.0141334 -0.000844544 0.00294742 0.0526492 -0.00314669 -0.000535241 -0.00918338
internal_weight=18350.4 7216.83 11133.6 5804.08 5094.3 9107.37 4776.27 3669.18 4331.1 1412.75 709.783 1107.08 1042.37 926.896 2750.83 429.191 3347.55 2026.22 1816.54 680.664 1135.88 1623.52 779.162 314.561 3909.88 1477.02 15.9712 2432.86 1710.39 112.681
internal_count=91080 39180 51900 32270 27778 43286 22394 17064 20892 6910 4492 5330 5006 4473 15461 2020 15590 8614 7698 2901 4797 7494 3616 1462 18936 7153 77 11783 8209 539
is_linear=0
shrinkage=0.05


Tree=93
num_leaves=31
num_cat=0
split_feature=126 19 49 85 37 126 84 10 19 130 5 112 83 120 13 66 128 37 107 104 120 67 123 43 35 26 130 145 116 112
split_gain=345.032 83.5065 43.5255 43.4956 30.0712 25.7174 25.2134 19.2686 17.9199 18.3487 23.0131 16.4123 17.4944 16.2913 17.5472 15.7923 15.3017 20.9962 16.0759 14.9586 14.7505 15.5052 14.6034 13.8735 13.4587 13.7588 13.3941 13.4046 13.2611 13.1177
threshold=3.5000000000000004 2.7850000000000006 0.083771929824561372 2.5000000000000004 20.300000000000004 5.5000000000000009 3.5000000000000004 1.7500000000000002 6.3850000000000007 6.4350000000000014 7.1450000000000005 0.015000000000000053 1.5000000000000002 0.18321453246381209 6.7250000000000005 0.14709017935532417 4.5000000000000009 23.650000000000002 0.17000000000000037 5.5000000000000009 0.20515589522069003 0.093977254805754612 2.5000000000000004 17.050000000000001 21.450000000000003 85.500000000000014 6.2650000000000006 -0.11993268585954193 0.069999999999999812 -0.024999999999999845
decision_type=8 10 2 2 2 10 2 8 10 2 8 8 2 2 10 2 10 2 8 8 2 2 10 2 2 2 2 2 8 8
left_child=3 -2 5 11 19 20 7 8 9 -5 -11 12 15 14 -6 -1 22 18 -18 24 21 -3 -10 -22 -4 -26 -14 28 -28 -15
right_child=1 2 4 6 13 -7 -8 -9 16 10 -12 -13 26 29 -16 -17 17 -19 -20 -21 23 -23 -24 -25 25 -27 27 -29 -30 -31
leaf_value=0.058874309999914956 -0.028880244792550327 -0.02398400084934027 0.00039836535272687172 0.01120882954897065 0.15758483440817025 -0.018371948391423868 0.0031007510455294714 -0.032376930086302401 0.018678449253302282 0.0017108944372121267 0.096814248642112966 -0.0049515169240429389 0.0065832045262063715 0.013177863094729304 0.028529614098273245 0.0096896647357621324 0.011345182868204238 0.028209359770116939 0.064780032889766942 -0.015667917939688466 -0.013688482269106857 0.0024598413641984777 0.0061897805223029845 -0.0036605636420591033 -0.0086250948083949099 0.096883325716492552 0.012066303625373385 -0.0067455900871599894 0.10234549752158054 2.9762903715884015e-05
leaf_weight=26.587053447961807 465.14365600794554 63.296949319541454 805.86665403842926 1848.3102955818176 3.1483693718910244 888.9955040961504 1389.9677910357714 25.735078051686287 358.23089689016342 865.594013646245 6.4080597460269919 805.38366632163525 789.70040573179722 250.34000930935144 16.118058681488037 42.263184443116188 504.43837371468544 388.29913118481636 14.479618474841116 352.44427502155304 1114.2058018222451 446.1737481802702 675.40894292294979 499.54825502634048 991.11698232591152 3.0995663106441489 18.344559475779533 389.39700126647949 5.2265936881303814 783.16254149377346
leaf_count=140 4127 440 5488 9633 21 6735 7671 138 1733 4796 35 4656 4367 1522 106 226 2586 1889 74 2574 7791 3050 3472 3428 6820 22 106 2244 30 5160
internal_value=-2.29773e-05 -0.00844545 -0.00691668 0.0068799 -0.0028612 -0.0112321 0.00901482 0.0107687 0.0110069 0.00838827 0.00240978 0.000633278 0.0041707 0.00406379 0.0496188 0.0286827 0.0146772 0.0194161 0.0128362 -0.00624811 -0.00824266 -0.000825558 0.010518 -0.0105843 -0.00440377 -0.00829616 0.00276744 -0.00452927 0.0320845 0.00321456
internal_weight=14836.4 6682.66 6217.52 8153.77 3205.3 3012.22 6076.87 4686.9 4661.17 2720.31 872.002 2076.9 1271.52 1052.77 19.2664 68.8502 1940.86 907.217 518.918 2152.53 2123.22 509.471 1033.64 1613.75 1800.08 994.217 1202.67 412.968 23.5712 1033.5
internal_count=91080 47284 43157 43796 21713 21444 32027 24356 24218 14464 4831 11769 7113 6809 127 366 9754 4549 2660 14904 14709 3490 5205 11219 12330 6842 6747 2380 136 6682
is_linear=0
shrinkage=0.05


Tree=94
num_leaves=31
num_cat=0
split_feature=127 127 20 114 114 114 38 143 36 174 32 74 112 110 180 171 38 10 12 20 157 88 88 61 57 103 55 91 7 42
split_gain=425.839 102.245 91.7996 25.1833 22.5939 21.2576 21.3478 21.1252 19.3802 18.6204 16.2951 16.8091 18.2678 15.5303 16.3758 15.191 15.1129 14.3424 14.2127 14.8243 14.7138 14.3126 13.9303 13.9016 18.099 13.8938 14.5456 13.7082 15.295 16.8521
threshold=4.5000000000000009 2.5000000000000004 2.6750000000000003 -0.016666666666665244 0.018333333333333052 0.0049999999999994008 9.8500000000000014 2.5000000000000004 8.9000000000000004 2.6255252100840343 3.6500000000000008 0.067816091954022953 -0.013333333333333147 0.058333333333333057 3.0005319148936174 7.7314415322580645 5.4500000000000002 1.0000000180025095e-35 1.0000000180025095e-35 6.7350000000000012 -0.010000000000000399 1.2100000000000004 1.4399999999999999 0.18311308178287833 15.500000000000002 2.5000000000000004 40.500000000000007 19.500000000000004 6.7350000000000012 27.900000000000002
decision_type=8 10 10 8 8 8 2 2 2 2 2 2 10 8 2 2 2 8 10 10 2 10 10 2 2 8 2 2 8 2
left_child=1 4 -2 25 7 8 -7 18 16 27 11 -9 -13 -11 -15 -12 -4 -6 19 -1 -21 -22 -23 24 -24 -3 -27 -5 29 -29
right_child=2 3 5 9 17 6 -8 10 -10 13 15 12 -14 14 -16 -17 -18 -19 -20 20 21 22 23 -25 -26 26 -28 28 -30 -31
leaf_value=0.017091320019933503 -0.033353212779753651 -0.0042550200319239478 -0.0070994006778655715 -0.0063489254268399896 0.0052230590229690038 -0.019427106889333287 -0.0081395290382548762 0.018642797110667363 -0.0086323026355865171 0.0037997570123679764 0.011059853052297387 -0.0092437524500044929 0.082299396481366693 0.14791543932796647 0.027334974462662323 -0.0062481701758468665 0.021826152551930583 0.025645471673905264 -0.004624638893005825 -0.024651894475872859 0.026510081065955579 0.094684738260640541 0.028303787272477961 0.0033179376552936383 0.097275292970629881 0.011758202880153413 -0.012052399719853404 0.016382110958376942 -0.0004366723890815815 0.091261996033688675
leaf_weight=625.14404112100601 539.51013697683811 224.28368154913187 81.599212251603603 1693.2720871195197 1287.9800802692771 988.68898241966963 726.81646258383989 144.44356487691402 1140.3487161099911 447.5421719327569 1474.1890690624714 7.2037098705768612 22.382549330592155 3.0599959194660178 35.270094059407711 138.70227254927158 101.1127984598279 92.118958286941051 54.574997738003731 11.784285664558409 245.36236497759819 15.043155848979948 22.807257160544395 17.370375335216522 16.316248148679733 764.95133505016565 70.010840900242329 56.058948256075382 292.92261107265949 8.6768819838762266
leaf_count=3780 7019 1747 757 14145 8395 9940 6916 873 10533 3519 9145 42 123 23 267 904 922 575 323 72 1449 83 117 97 83 5717 530 473 2439 72
internal_value=-7.33022e-05 0.00649838 -0.0143468 0.000318535 0.0118207 -0.0109721 -0.0146448 0.0144051 -0.00621002 -0.00238523 0.0111398 0.0256756 0.0600103 0.00641584 0.0369612 0.00957143 0.008908 0.00658622 0.0201912 0.0216111 0.0302077 0.0322477 0.0519268 0.0405413 0.057068 0.00679382 0.0097617 -0.00447023 0.00442412 0.0264187
internal_weight=11349.5 7771.47 3578.08 3596.05 4175.42 3038.57 1715.51 2795.32 1323.06 2536.8 1786.92 174.03 29.5863 485.872 38.3301 1612.89 182.712 1380.1 1008.4 953.828 328.684 316.899 71.537 56.4939 39.1235 1059.25 834.962 2050.93 357.658 64.7358
internal_count=91080 54993 36087 28932 26061 29068 16856 17091 12212 20938 11087 1038 165 3809 290 10049 1679 8970 6004 5681 1901 1829 380 297 200 7994 6247 17129 2984 545
is_linear=0
shrinkage=0.05


Tree=95
num_leaves=31
num_cat=0
split_feature=128 128 21 119 116 51 62 63 118 33 112 3 92 60 109 87 32 34 145 62 130 36 114 46 114 18 54 78 69 37
split_gain=522.852 131.337 59.7485 46.3455 25.8899 21.3293 23.564 21.035 18.563 21.5242 16.2318 16.8423 16.2252 16.3197 28.4741 25.0974 15.4915 19.0875 18.8995 20.6234 27.651 15.4711 27.3601 15.0809 18.498 21.5585 19.2408 16.1006 17.6626 15.8444
threshold=4.5000000000000009 2.5000000000000004 1.8750000000000002 2.2150000000000003 -0.0083333333333341485 0.27320574162679429 0.060660173160173157 0.22395255912786396 2.3150000000000004 7.8500000000000005 -0.13500000000000015 31.050000000000004 4.5000000000000009 0.14552626679492353 0.10999999999999986 3.5000000000000004 10.9 8.9500000000000011 0.064831031785586871 0.14242404755123977 6.3550000000000013 17.500000000000004 -0.070000000000000631 0.22745750184774574 0.034999999999999656 5.785000000000001 32.500000000000007 1.5000000000000002 0.18144310602967198 9.2500000000000018
decision_type=8 10 10 2 8 2 2 2 2 2 10 10 2 2 8 2 2 2 2 2 2 2 8 2 10 8 2 2 2 2
left_child=1 3 -2 -1 -4 7 -7 21 -3 -10 -8 -12 -11 14 -14 16 17 -16 19 -19 -21 22 -5 -24 29 26 27 28 -26 -25
right_child=2 8 4 5 -6 6 10 -9 9 12 11 -13 13 -15 15 -17 -18 18 -20 20 -22 -23 23 24 25 -27 -28 -29 -30 -31
leaf_value=0.0051903660350263977 -0.037714217987555858 0.010635334519544785 -0.0086465437084041925 0.077478398174965907 -0.020344258789100646 0.038014175846280474 0.11344828488084771 0.024438654994968376 -0.0067983276762252909 -0.0054009579528973084 0.01796377779641976 0.064705425660279633 0.012367842786903968 0.0043503551931287207 -0.027272369996504855 0.20219082698920024 0.007721903605373154 0.058752742639863166 -0.019437906746781718 0.36624327473069324 0.12344136364998887 0.0043756820655372394 0.0099594787203813855 0.04972231978696396 0.13692242545472177 0.17693482254561355 0.1755944539821882 -0.013119461391628362 0.017613903649281653 -0.0006653693002011599
leaf_weight=926.55666224658489 380.55215368792415 301.13381607830524 737.75687324628234 17.943295255303383 1318.0932047069073 229.28054842352867 4.5937889888882628 372.89521913230419 1224.1703644320369 291.3656340688467 741.79840929806232 19.786307357251644 88.392696611583233 359.94671419262886 2.7417110055685106 3.2246260046958914 10.337876997888086 3.3532830178737623 1.9316126480698574 1.9424699917435644 2.9585518464446068 504.4394052028656 369.0366177931428 24.603586308658123 5.6789738684892743 3.7767881676554671 2.6779525354504576 10.095831856131552 6.8363217040896416 42.640433020889759
leaf_count=8988 7431 3219 10221 138 20180 1459 29 2793 14521 3405 5420 135 1006 4185 30 33 115 36 22 21 32 4034 2873 191 43 28 20 79 51 342
internal_value=-0.000193617 0.00825166 -0.0195152 0.0146641 -0.0161464 0.0183898 0.0239516 0.0143206 -0.000934343 -0.00268479 0.0197434 0.0191781 0.00388753 0.00958715 0.0259949 0.0714658 0.0533471 0.0898324 0.121353 0.1543 0.219673 0.0105007 0.0168939 0.0145578 0.0321773 0.0655071 0.048866 0.0338568 0.0717517 0.0177707
internal_weight=8010.54 5574.14 2436.4 3282.64 2055.85 2356.08 995.459 1360.62 2291.5 1990.37 766.179 761.585 766.195 474.83 114.883 26.4901 23.2655 12.9276 10.1859 8.2543 4.90102 987.729 483.29 465.347 96.3099 29.0659 25.2891 22.6111 12.5153 67.244
internal_count=91080 53248 37832 26623 30401 17635 7043 10592 26625 23406 5584 5555 8885 5480 1295 289 256 141 111 89 53 7799 3765 3627 754 221 193 173 94 533
is_linear=0
shrinkage=0.05


Tree=96
num_leaves=31
num_cat=0
split_feature=34 28 16 115 100 98 130 90 170 98 34 93 3 57 3 11 130 21 25 34 55 109 114 7 65 174 170 25 59 117
split_gain=115.451 33.7919 32.7846 23.6382 22.2983 21.4957 21.523 20.6614 30.9055 16.3087 15.889 17.4035 14.8047 16.4059 14.4161 13.8604 13.7243 13.6571 13.7636 13.4537 13.0765 12.9747 12.6685 14.173 12.6243 14.0939 12.3937 12.3911 27.5309 12.3214
threshold=14.500000000000002 59.20000000000001 5.9150000000000009 0.35000000000000009 0.022000000000000654 1.0000000180025095e-35 5.9250000000000007 -0.88166666666666649 6.2564672459893069 0.38499999999999984 26.600000000000005 0.68301270189221941 18.550000000000004 100.50000000000001 20.450000000000003 6.705000000000001 6.1650000000000009 1.2850000000000004 35.500000000000007 40.600000000000009 6.5000000000000009 0.05000000000000026 0.10166666666666786 6.7150000000000007 0.25468768311262163 2.0667810177244141 13.597115384615385 3.5000000000000004 0.17526724236314525 6.8050000000000006
decision_type=2 2 8 8 10 10 2 8 2 8 2 2 8 2 10 8 2 8 2 2 2 10 10 10 2 2 2 2 2 2
left_child=2 9 3 7 15 -3 -7 24 20 10 -2 19 13 26 27 22 -17 18 -14 -12 -9 -21 -4 -24 -1 -26 -8 28 -10 -20
right_child=1 5 4 -5 -6 6 12 8 14 -11 11 -13 17 -15 -16 16 -18 -19 29 21 -22 -23 23 -25 25 -27 -28 -29 -30 -31
leaf_value=-0.011790434510733895 0.003479220238506667 -0.0079644730313449021 -0.0024211769083420207 0.089508927564328156 0.00059537328989207677 -0.0096645104012926149 0.0084747491322102377 0.010972376977139748 -0.0084633387142542503 -0.051592451506085317 0.0093721560541648423 0.0022017783109318035 0.12831873334770802 0.10076530337827926 -0.012266553679467305 -0.018766423038063518 -0.0098745626648119103 0.0085605758314107345 0.072973697269709883 0.034774430119693743 0.00089055585609581914 0.010905792776390878 -0.0023009943005149465 0.12935339323617298 0.048977596376058238 -0.041554240491886746 -0.0058082539210244262 -0.0017858912407734699 0.16935681439440239 -0.050607384847339426
leaf_weight=558.38706207275391 4181.6060316860676 832.33486454188824 283.33580897003412 7.1008082330226889 507.17768013477325 332.63565935194492 222.61636719107628 590.68642288446426 6.0074448585510236 12.558193549513815 1781.6700964272022 822.3211270570755 4.7277773767709723 3.9617686271667472 490.32952372729778 591.6906740963459 1627.8436376973987 708.62651810050011 4.8355831801891309 108.63418394327164 706.1002358943224 119.63821871578693 4.2754875719547254 3.9171479791402817 17.058511659502987 5.7474628388881674 477.98620365560055 656.2091771364212 3.4135371893644333 3.4602333456277847
leaf_count=3415 23100 5055 1867 39 3135 2018 1264 3345 36 68 9110 4404 26 23 3083 4024 10756 4133 27 520 4110 586 28 25 98 34 2808 3903 20 20
internal_value=0.000130274 0.00353604 -0.00527554 -0.0016115 -0.00896726 -0.00134442 0.00178837 -0.00182476 0.000183772 0.00533584 0.00543777 0.00832942 0.00445952 -0.000696088 -0.00576085 -0.0108987 -0.012245 0.00949306 0.0602306 0.0108364 0.00548283 0.0222648 -0.000648814 0.060647 -0.0103012 0.0261622 -0.00126983 -0.000968489 0.0559669 0.0214273
internal_weight=15676.9 9617.61 6059.28 3041.04 3018.24 2591.18 1758.85 3033.94 2452.75 7026.43 7013.87 2832.26 1426.21 704.564 1155.96 2511.06 2219.53 721.65 13.0236 2009.94 1296.79 228.272 291.528 8.19264 581.193 22.806 700.603 665.63 9.42098 8.29582
internal_count=91080 53162 37918 18083 19835 15374 10319 18044 14497 37788 37720 14620 8301 4095 7042 16700 14780 4206 73 10216 7455 1106 1920 53 3547 132 4072 3959 56 47
is_linear=0
shrinkage=0.05


Tree=97
num_leaves=31
num_cat=0
split_feature=17 35 130 90 124 137 65 108 88 177 3 53 35 61 176 130 59 107 171 88 122 138 165 166 82 108 170 29 97 170
split_gain=231.467 60.5285 45.053 41.5352 41.0426 31.5806 26.6879 26.4663 19.5841 18.1594 19.9357 17.9379 17.6351 17.5547 19.6318 17.2895 17.0127 16.3736 15.8773 15.7481 15.5414 15.0503 14.0535 15.0792 14.0141 13.8249 13.7143 13.6968 14.8919 13.2906
threshold=4.6050000000000013 31.500000000000004 6.1350000000000007 -0.027500000000000246 2.5000000000000004 0.75000000000000011 0.10813793926376707 0.026666666666665905 -0.28999999999999976 5.0008474576271196 28.250000000000004 16.500000000000004 13.150000000000002 0.13678528416585417 31.102000000000004 6.6250000000000009 0.17414989179093418 0.010000000000000153 7.4194770283479974 2.3550000000000009 0.21479799759317578 -0.19999999999999998 0.11359071606859215 0.30780509812767881 3.5000000000000004 -0.040000000000000445 37.800549450549461 20.400000000000002 0.084999999999999923 4.6259920634920642
decision_type=10 2 2 8 10 2 2 8 10 2 10 2 2 2 2 2 2 8 2 8 2 2 2 2 2 8 2 2 2 2
left_child=2 3 6 8 13 16 -1 9 21 10 -6 -7 -4 14 -5 -9 -3 -8 -15 22 29 -2 23 -11 -10 26 -14 -22 -29 -18
right_child=1 5 12 4 7 11 17 15 24 19 -12 -13 25 18 -16 -17 20 -19 -20 -21 27 -23 -24 -25 -26 -27 -28 28 -30 -31
leaf_value=-0.015033099416922036 -0.0033525317381833961 -0.00067787120308551545 -0.019321333579538295 0.011665282163175406 0.0022077549713892543 0.010440362332328972 0.0068452520631781116 -0.0011988919394161799 -0.016088724137151476 0.049492777704869789 -0.010414145631148628 0.023955392790627358 -0.0029369805006526591 0.0020814570592435347 0.044441377877930871 -0.014586436043737067 0.0043927301225211383 -0.0043507815265764419 0.012919874499558275 0.078255815026589126 -0.011856906581603141 0.0050559165553550334 0.0067210471577805854 -0.033507293100430019 -0.00023316915967899754 -0.012809530454946705 0.044141389717715682 0.040998851292039618 0.00035671013921562312 0.01218499775827918
leaf_weight=487.60995495319366 2473.9049698263407 810.6299109607935 993.50088812410831 995.03041335940361 2045.2195296287537 643.17771205306053 415.93081372976303 559.11137543618679 442.83124923706055 35.188298955559731 369.33435130119324 397.0939572006464 219.18965710699558 1272.4089237898588 47.884879648685455 424.10368384420872 915.24857644736767 1519.704817160964 460.07141195237637 8.142731770873068 179.1923776268959 678.02602590620518 721.54360879957676 6.4799094498157492 203.3587432205677 1254.1639860719442 16.644006371498108 29.075859546661377 100.25456483662128 1360.8378184437752
leaf_count=2498 11373 3570 5555 3940 9052 2600 1918 2570 2160 150 1664 1586 1174 5135 179 2037 3914 7163 1832 35 767 3029 3080 28 945 6828 88 124 424 5662
internal_value=1.15608e-05 0.00306344 -0.00942888 0.00103456 0.0033338 0.00797731 -0.00457859 0.000197584 -0.00316941 0.00241069 0.000277087 0.0155993 -0.0141615 0.00804495 0.0131702 -0.00697353 0.00564199 -0.00194497 0.00495967 0.00908945 0.00762414 -0.00154375 0.00835151 0.0365853 -0.0110989 -0.010721 0.000385585 -0.00290685 0.00949381 0.00905161
internal_weight=20084.9 15178.2 4906.74 10742.6 6944.52 4435.51 2423.25 4169.12 3798.12 3185.91 2414.55 1040.27 2483.5 2775.4 1042.92 983.215 3395.24 1935.64 1732.48 771.355 2584.61 3151.93 763.212 41.6682 646.19 1490 235.834 308.523 129.33 2276.09
internal_count=91080 65856 25224 47209 29702 18647 11579 18616 17507 14009 10716 4186 13645 11086 4119 4607 14461 9081 6967 3293 10891 14402 3258 178 3105 8090 1262 1315 548 9576
is_linear=0
shrinkage=0.05


Tree=98
num_leaves=31
num_cat=0
split_feature=125 18 18 137 130 110 110 178 36 53 165 30 60 49 103 48 90 130 166 18 178 52 90 118 84 145 13 9 179 166
split_gain=222.023 57.6841 38.2826 36.4786 32.9867 28.3987 22.0038 20.4745 19.3647 24.5432 20.7175 16.9588 15.9932 15.2303 15.3197 14.9788 14.6458 14.6238 15.0884 14.3224 14.248 14.091 13.8635 13.4329 13.3536 14.3181 16.888 13.1705 13.1052 12.7685
threshold=4.5000000000000009 5.3950000000000005 2.8350000000000004 1.0000000180025095e-35 6.035000000000001 0.025000000000000754 0.071666666666666753 0.90784615384615408 31.900000000000002 16.500000000000004 0.087736216143057724 29.300000000000001 0.16004640371229698 0.40758719884933481 2.5000000000000004 0.7947368421052633 1.781666666666667 5.7350000000000012 0.4285714285714286 5.6450000000000005 1.2164053751399779 85.500000000000014 1.781666666666667 4.2350000000000012 2.5000000000000004 0.10914146106531226 6.705000000000001 7.1250000000000009 17.242181818181823 0.20838541666666668
decision_type=8 10 10 2 2 8 8 2 2 2 2 2 2 2 8 2 10 2 2 10 2 2 10 2 2 2 10 8 2 2
left_child=1 4 -2 27 11 12 8 -7 10 -10 23 29 17 14 21 -12 19 -4 -19 -11 -16 24 -8 -5 -6 26 -26 -3 -25 -1
right_child=2 3 5 6 13 7 22 -9 9 16 15 -13 -14 -15 20 -17 -18 18 -20 -21 -22 -23 -24 28 25 -27 -28 -29 -30 -31
leaf_value=-2.4288367037652335e-06 -0.029743916275562068 0.0029437358071407564 7.9704246481407111e-05 0.016093431806166122 -0.002692384206396036 -0.018661442032049721 -0.011370371226807278 -0.006849742843703638 0.010123456695475593 -0.0073109861452823888 0.0038002980729658683 0.015371004792349222 -0.00064664179838027757 -0.021651573736584242 -0.011729051799520107 0.058368975577194039 0.074649740763730654 -0.010845587835834978 0.016226636183694607 0.027962137552503374 -0.001455643380947806 0.07375839173000652 0.054540001956618893 0.005116367761195742 0.056644322413809449 0.069206256739363994 0.0031176456348525399 -0.02238676841083178 0.077011981817398489 0.011425987648528063
leaf_weight=1825.2520824074745 210.90242590755224 4416.513234347105 452.36711183190346 900.20501548051834 528.0249334871769 870.80857384204865 167.03766177594662 633.99484415352345 622.5794383585453 31.868422359228134 1680.7460726797581 247.19187676906586 1152.8164616525173 137.35063743591309 812.86559273302555 12.670408606529234 15.259985253214834 1679.356712654233 53.094830423593521 296.81331759691238 577.09581443667412 6.7178019136190406 8.3784141987562162 514.10290083289146 16.891824036836624 11.044634893536566 115.46049848198891 51.919538736343384 6.41751505434513 282.19003815948963
leaf_count=8764 1431 20777 2360 3797 2726 5193 796 3634 2651 141 7580 1121 6040 733 4407 56 61 9545 288 1267 3011 34 34 2279 85 55 572 270 29 1343
internal_value=2.95699e-05 0.00342276 -0.00889071 0.00580475 -0.00113454 -0.00798249 0.00911752 -0.013685 0.00986291 0.0160455 0.00794403 0.00298112 -0.00541146 -0.00552859 -0.0044578 0.00420859 0.0267653 -0.0079256 -0.0100159 0.0245421 -0.00746365 0.00170318 -0.00822229 0.0123965 0.000982248 0.0145132 0.00994913 0.00264942 0.00600277 0.00152786
internal_weight=18337.9 13284.6 5053.34 8724.51 4560.09 4842.44 4256.08 1504.8 4080.66 966.521 3114.14 2354.63 3337.64 2205.45 2068.1 1693.42 343.942 2184.82 1732.45 328.682 1389.96 678.14 175.416 1420.73 671.422 143.397 132.352 4468.43 520.52 2107.44
internal_count=91080 62589 28491 39738 22851 27060 18691 8827 17861 4120 13741 11228 18233 11623 10890 7636 1469 12193 9833 1408 7418 3472 830 6105 3438 712 657 21047 2308 10107
is_linear=0
shrinkage=0.05


Tree=99
num_leaves=31
num_cat=0
split_feature=126 85 19 89 49 37 65 142 112 120 43 142 56 61 23 179 54 117 36 3 111 158 66 114 26 50 48 69 38 29
split_gain=313.915 89.553 62.0553 30.7614 30.7357 24.2592 22.4416 20.4658 20.5718 19.1741 18.8396 18.8905 16.1476 15.476 15.2904 15.1589 15.4497 16.6686 16.0694 14.9376 14.6634 14.6199 18.5248 14.9841 14.4916 14.4677 15.9263 15.2266 15.3509 15.1476
threshold=4.5000000000000009 2.5000000000000004 2.5150000000000001 5.2173333333333343 0.069204980842911865 23.000000000000004 0.19009340564738289 1.5000000000000002 0.023999999999999553 0.17838516908868665 8.9000000000000004 2.5000000000000004 28.500000000000004 0.20480615271543692 75.500000000000014 4.4410526315789491 1.0000000180025095e-35 8.5550000000000015 13.150000000000002 15.950000000000001 0.074999999999999664 4.760714285714287 0.22910071061014456 0.083333333333333467 42.500000000000007 0.41702898550724637 0.064866760168302909 0.15004873294346979 22.900000000000002 18.050000000000001
decision_type=8 2 10 2 2 2 2 2 8 2 2 2 2 2 2 2 2 2 2 10 8 2 2 10 2 2 2 2 2 2
left_child=1 6 -2 13 -4 -6 10 12 15 -7 -1 -12 -5 -3 -10 -9 18 -18 -17 -14 25 22 -15 -24 -20 -11 -27 -28 29 -29
right_child=2 3 4 7 5 9 -8 8 14 20 11 -13 19 21 -16 16 17 -19 24 -21 -22 -23 23 -25 -26 26 27 28 -30 -31
leaf_value=-0.0052430512435250451 -0.031385349683501422 0.0088566450213874368 -0.01414025575131579 0.0090805353579559989 -0.0081985571073633929 0.10304478155615318 -0.008325492235425622 0.0027378246259205526 -0.0035777468374212878 0.0079317484629470771 0.010516889122025398 -0.000274756633995695 0.0048312167393198078 0.016035908184729442 0.041869645056359289 -0.024265154305530653 0.0091955103598513385 0.11772908882144151 0.090845568008586841 0.038806115525719796 -0.0075754109649782495 0.02997641169236738 -0.017138286136824093 0.081440905045546019 0.021068933881813048 -0.027780733876940873 -0.017881285117144995 0.14841011394450893 0.19325812233110681 0.0067699665160267878
leaf_weight=903.58480823040009 355.30721919983625 1521.4391978830099 1909.9968261122704 752.33432203531265 1607.5614164620638 4.9274241477251044 951.87300700694323 1415.5215584039688 936.95766340196133 252.63734669238329 636.76657520979643 1116.6224667206407 48.866660982370377 918.92160531878471 18.88018211722374 7.2559458315372458 905.98153491318226 3.5514817982912055 16.136677756905559 95.731647074222565 171.61111798137426 172.04324175417423 63.248255431652069 4.1049609035253516 13.808565124869345 4.6005315780639675 3.1584585905075064 3.2851235419511777 3.499934509396553 4.4371464923024178
leaf_count=5600 3310 7898 14152 3940 11393 32 5970 7996 5471 1631 3692 6952 255 4578 109 39 4918 20 87 497 1172 829 322 21 76 29 20 21 22 28
internal_value=-2.33107e-05 0.00464336 -0.0113671 0.0079835 -0.00957362 -0.0053307 -0.00173805 0.00532056 0.00350914 0.00495645 0.000621934 0.00364437 0.0120217 0.0121721 -0.00268005 0.00601346 0.0109111 0.0096193 0.0424936 0.0273244 0.00386599 0.0165268 0.0141807 -0.0111302 0.0586697 0.0110948 0.0531943 0.0790992 0.106394 0.067025
internal_weight=14824.7 10503.6 4321.02 6894.78 3965.72 2055.72 3608.85 4215.03 3318.09 448.157 2656.97 1753.39 896.933 2679.76 955.838 2362.26 946.734 909.533 37.2012 144.598 443.23 1158.32 986.275 67.3532 29.9452 271.619 18.9812 14.3807 11.2222 7.72227
internal_count=91080 59270 31810 37056 28500 14348 22214 23408 18716 2955 16244 10644 4692 13648 5580 13136 5140 4938 202 752 2923 5750 4921 343 163 1751 120 91 71 49
is_linear=0
shrinkage=0.05


Tree=100
num_leaves=31
num_cat=0
split_feature=127 127 20 13 13 62 86 66 89 24 164 10 114 113 22 160 32 90 67 171 180 89 41 21 13 68 88 91 26 161
split_gain=390.602 91.1318 88.9143 24.3278 21.2894 20.4328 17.977 16.4372 16.2299 15.4946 15.6566 15.4705 15.2558 16.6875 15.9817 14.7209 14.4284 14.2034 22.5596 14.1626 13.7828 24.514 15.3914 13.6574 13.6011 13.2372 20.7725 13.191 13.1042 12.8496
threshold=4.5000000000000009 2.5000000000000004 2.6750000000000003 6.6850000000000014 6.9050000000000011 0.15477402773736784 2.5000000000000004 0.14445486762559931 5.5758333333333336 6.5000000000000009 0.083235753317720512 1.7500000000000002 0.031666666666666655 0.10999999999999986 23.500000000000004 7.2150000000000007 31.000000000000004 0.75666666666666715 0.16419481539670067 5.3345238095238106 4.4548717948717957 4.9225000000000021 18.650000000000002 1.1850000000000003 6.8850000000000007 0.11431541431541427 0.30999999999999989 19.500000000000004 86.500000000000014 1.2455000000000005
decision_type=8 10 10 8 8 2 2 2 2 2 2 8 10 10 2 2 2 8 2 2 2 2 2 8 8 2 10 2 2 2
left_child=1 4 23 -3 7 20 11 9 -8 -1 -11 15 13 -12 29 27 -6 18 -15 -18 24 22 25 -2 -4 -22 -27 -5 -9 -14
right_child=2 3 5 6 16 -7 8 28 -10 10 12 -13 14 17 -16 -17 19 -19 -20 -21 21 -23 -24 -25 -26 26 -28 -29 -30 -31
leaf_value=0.05330150245090181 0.033231773189136643 0.014011784774567694 -0.011679460628590387 -0.0066376998836655439 0.0032471091322531288 -0.0053354038151408288 0.0093683355295380924 0.010685737035604789 -0.0013480354055908669 0.025230953887287084 0.01363598184935502 0.056114928854061843 0.013471972857187924 0.14339456226319955 -0.01945752268834661 0.11901966397754678 0.040713248186966582 0.00038626175957921685 0.015638417933779878 -0.047973647641770853 0.021264770721356671 -0.0054694526678528031 0.008980863426275975 -0.033881275330076531 -0.021025566913376328 0.051214154960538619 0.26435396572542125 0.0044263550271565677 0.10752205090257734 0.11988531853347746
leaf_weight=31.252175852656364 7.6935406923294059 297.54641508311033 1205.5585170388222 1517.2102131843567 918.53966937214136 1152.5090186670423 621.50805329531431 2307.2737802565098 818.7599513605237 379.32300253212452 410.76089449226856 10.582672670483587 23.009673476219181 7.9896703064441663 66.790963515639305 2.4085359200835219 42.859237834811211 6.8566247075796154 6.088855043053627 5.0298572629690161 2.2221494615077955 62.873354412615299 5.4474032819271088 515.6388501599431 574.90759740024805 2.056020475924015 2.5746331959962845 327.55438801646233 3.4989146739244452 3.2358065843582144
leaf_count=182 100 2285 11990 12501 5847 10493 4814 14341 6546 2232 2426 80 146 47 428 20 256 40 37 37 21 615 53 6919 5852 20 24 2686 22 20
internal_value=-7.49055e-05 0.00616597 -0.0138734 0.000319151 0.0111565 -0.0105643 -0.000916193 0.013096 0.00327632 0.0186885 0.0174919 -0.00416654 0.0118975 0.0158553 -0.00646709 -0.00451189 0.00464208 0.0593998 0.088141 0.0313983 -0.0138119 0.0071595 0.0717132 -0.0328946 -0.0146973 0.12158 0.169719 -0.00467318 0.0108324 0.0265917
internal_weight=11339.6 7808.08 3531.48 3595.57 4212.51 3008.15 3298.02 3246.08 1440.27 935.308 904.055 1857.76 524.732 431.696 93.0364 1847.17 966.429 20.9352 14.0785 47.8891 1855.64 75.1736 12.3002 523.332 1780.47 6.8528 4.63065 1844.76 2310.77 26.2455
internal_count=91080 54993 36087 28932 26061 29068 26647 19921 11360 5558 5376 15287 3144 2550 594 15207 6140 124 84 293 18575 733 118 7019 17842 65 44 15187 14363 166
is_linear=0
shrinkage=0.05


Tree=101
num_leaves=31
num_cat=0
split_feature=128 128 21 119 87 116 136 38 15 39 118 108 41 110 12 27 61 164 7 23 108 167 181 88 88 121 23 159 60 64
split_gain=481.784 116.911 58.9352 41.4332 25.062 24.7602 22.9714 21.9304 18.5624 17.6714 19.2603 17.4448 23.2441 17.2893 16.1924 14.9073 35.2338 36.2038 17.9147 17.2964 15.2831 20.2224 14.7307 14.6039 15.5425 24.2683 18.803 22.3114 14.2944 17.8687
threshold=4.5000000000000009 2.5000000000000004 1.8750000000000002 1.8300000000000007 3.5000000000000004 -0.0083333333333341485 2.916666666666667 8.1500000000000021 6.6750000000000007 21.950000000000003 1.6050000000000002 -0.004999999999998549 29.800000000000004 -0.021666666666665144 1.0000000180025095e-35 14.500000000000002 0.14152037823403227 0.047732968785600356 6.9250000000000007 35.500000000000007 -0.080000000000000446 0.089250700280111964 1.3539501039501041 3.1150000000000007 -0.86999999999999977 0.008639349156590502 67.500000000000014 2.9358571428571429 0.19244634636581728 0.16374907428688168
decision_type=8 10 10 2 2 8 2 2 8 2 2 8 2 10 10 2 2 2 10 2 8 2 2 8 10 2 2 2 2 2
left_child=1 3 -2 -1 7 -4 -6 8 11 10 -3 -5 13 -13 -12 16 17 -11 -18 -17 21 -21 -9 24 25 -16 27 -27 29 -24
right_child=2 9 5 4 6 -7 -8 22 -10 15 14 12 -14 -15 23 19 18 -19 -20 20 -22 -23 28 -25 -26 26 -28 -29 -30 -31
leaf_value=0.0013158170038008188 -0.037425245716162486 0.015910582375879136 -0.0083011388867927048 0.0075985714548621108 0.023119192568103842 -0.019813689472745047 0.0067438688905965914 -0.0042041898750731594 0.014416505034889081 0.33439722749378975 -0.0046235124320603274 0.12515644781485577 0.1825140902280338 0.031404868116415331 0.20783467257297131 -0.009411774475762422 -0.0032356792556883342 0.062680586141568559 0.15771660765801862 -0.019145634641253653 0.017406288716687274 0.18912198360101415 0.039959206853218174 0.13544542542184773 0.0019567703992357135 -0.001626575078327008 0.19281559550237201 0.16013374650115647 -0.0080651685290361683 0.006569549164523918
leaf_weight=554.15906643867493 367.23900546133518 136.11749558150768 731.30356337875128 18.897012747824192 1314.0409253910184 1292.4317804798484 255.86616019159555 295.61340963095427 626.13302578777075 1.9743583202362085 1843.2778192013502 6.3323354646563557 3.9018981829285613 22.012702189385891 2.1668557077646282 78.032881557941437 14.285296514630319 3.233941949903965 1.9668817594647396 1.9118310064077375 102.05768718570471 2.9858966991305351 68.285729080438614 2.4857511967420569 77.353211734443903 17.177075181156404 1.6784176975488652 2.4337140694260588 60.352745421230793 96.969530709087849
leaf_count=5584 7431 1417 10221 145 9066 20180 2100 2593 4979 22 21637 46 29 166 22 899 166 35 21 22 1172 35 573 27 904 199 19 28 518 824
internal_value=-0.000202654 0.00780525 -0.0189975 0.0137956 0.0162937 -0.0156535 0.0204503 0.0108489 0.0167822 -0.000889367 -0.0022725 0.045745 0.0680992 0.0523491 -0.00354398 0.0130639 0.0525111 0.165683 0.0162432 0.00848764 0.0215467 0.107825 0.00313901 0.01572 0.0127678 0.0484204 0.032195 0.018448 0.0127608 0.0203666
internal_weight=8002.68 5611.7 2390.97 3322.56 2768.41 2023.74 1569.91 1198.5 677.277 2289.14 2082.69 51.1439 32.2469 28.345 1946.57 206.449 21.4605 5.2083 16.2522 184.988 106.955 4.89773 521.221 103.295 100.809 23.4561 21.2892 19.6108 225.608 165.255
internal_count=91080 53248 37832 26623 21039 30401 11166 9873 5365 26625 24253 386 241 212 22836 2372 244 57 187 2128 1229 57 4508 1199 1172 268 246 227 1915 1397
is_linear=0
shrinkage=0.05


Tree=102
num_leaves=31
num_cat=0
split_feature=28 34 98 3 90 123 145 130 173 28 178 139 170 15 29 87 50 99 156 17 21 111 58 151 34 177 23 168 108 167
split_gain=106.263 44.8631 28.8207 25.3718 21.7064 19.4356 18.2473 16.5302 16.174 15.5869 15.055 14.9006 13.5568 16.7243 19.476 17.22 15.1668 13.3496 23.0744 13.387 14.9951 13.5683 13.3126 13.9319 16.3127 15.5126 15.1981 14.6097 13.8071 13.2632
threshold=67.15000000000002 21.300000000000001 0.05000000000000026 19.050000000000004 -1.925 1.5000000000000002 0.0023531569908148003 6.2650000000000006 0.23196854499375508 61.000000000000007 10.956944444444447 3.5000000000000004 26.167526455026458 6.9050000000000011 18.600000000000005 2.5000000000000004 0.089418976545842174 -0.071666666666666726 -0.041999999999999989 5.785000000000001 4.7150000000000007 0.1400000000000001 0.30746061167747923 2.5000000000000004 40.600000000000009 18.223384615384621 31.500000000000004 0.35709102218536187 0.058333333333333959 0.22727272727272727
decision_type=2 2 10 10 10 8 2 2 2 2 2 2 2 10 2 2 2 10 2 10 8 8 2 2 2 2 2 2 10 2
left_child=1 4 5 6 -1 -2 12 9 -9 17 -8 -10 13 -3 -15 16 -16 18 -6 20 29 -21 23 24 25 -5 -26 -25 -29 -19
right_child=2 3 -4 22 7 -7 10 8 11 -11 -12 -13 -14 14 15 -17 -18 19 -20 21 -22 -23 -24 27 26 -27 -28 28 -30 -31
leaf_value=-0.024499359134748485 -0.015320202520626795 -0.0006997475949041777 -0.0010139944350480222 0.0044610210867019467 0.087815488523639545 -0.006361129595940998 0.0064446059302992924 0.0059822068989365098 0.0040560813733366997 -0.010597547630868715 0.036680960539143312 -0.0037809455244661389 -0.013679519687773423 0.0026464497043910875 0.03138615423303176 0.0075804123933109376 0.10400227803168904 0.0003769920168739483 -0.01696167287246499 0.0075336556337759365 -0.0073544124827965426 0.050788382294135397 0.10141246202175434 0.012154789585336542 0.0012835632510733044 0.053050474973051293 0.041190981444175913 0.042788271008607236 -0.042050358082189404 0.018945570281452939
leaf_weight=91.897576838731766 1118.892541885376 1448.8233214318752 1202.4984936714172 1504.4733217656612 5.4134032577276221 1318.9569621831179 999.48909774422646 1535.8291967213154 1034.8601190000772 558.49475447833538 42.936820074915886 1465.2958888709545 179.54536885023117 77.348824352025986 14.341152906417848 20.219315394759178 14.421572297811506 729.25320291519165 179.0802561044693 232.73571269214153 635.30903047323227 19.66164393723011 3.9157179594039908 941.17752882838249 38.870935782790184 16.607669934630394 61.768166482448578 62.223129749298096 5.1962363421916953 110.77626779675484
leaf_count=608 7777 7781 7391 7912 31 8384 5386 8795 5908 3460 229 8852 1028 416 75 108 76 4204 1046 1337 3676 111 21 4906 185 86 292 329 28 642
internal_value=0.000136359 0.00240132 -0.00734849 0.00576686 -0.000368874 -0.010473 0.00245049 -2.80668e-05 0.00194374 -0.00324906 0.00769002 -0.000537057 -0.00066219 0.000821602 0.0182692 0.0429394 0.0677957 -0.00110283 -0.0138873 0.000262338 -0.00155807 0.0109032 0.0092883 0.00915116 0.00628143 0.00499154 0.0257771 0.0137654 0.0362495 0.00282567
internal_weight=15670.3 12030 3640.35 5431.36 6598.61 2437.85 2797.13 6506.71 4035.99 2470.72 1042.43 2500.16 1754.7 1575.15 126.331 48.982 28.7627 1912.23 184.494 1727.74 1475.34 252.397 2634.23 2630.32 1621.72 1521.08 100.639 1008.6 67.4194 840.029
internal_count=91080 67528 23552 28858 38670 16161 15099 38062 23555 14507 5615 14760 9484 8456 675 259 151 11047 1077 9970 8522 1448 13759 13738 8475 7998 477 5263 357 4846
is_linear=0
shrinkage=0.05


Tree=103
num_leaves=31
num_cat=0
split_feature=17 35 130 171 108 90 137 177 107 65 176 83 130 130 66 53 124 140 110 35 108 130 112 177 108 15 130 3 88 163
split_gain=211.368 55.0353 41.6015 37.4134 36.7232 30.3398 28.1259 21.1854 20.9208 19.7877 19.6334 17.9884 17.1697 16.2541 16.6981 16.2158 15.5287 15.4883 15.09 14.8081 14.1537 13.934 15.0088 16.5426 14.8969 13.5885 13.2462 13.238 15.5113 13.5953
threshold=4.6050000000000013 31.500000000000004 5.6250000000000009 7.8374680563930292 0.016666666666667853 0.74666666666666737 0.75000000000000011 3.4096736596736599 0.33499999999999996 0.15884072719049583 7.6129166666666679 2.5000000000000004 5.1450000000000005 5.4050000000000011 0.11772077251953411 16.500000000000004 2.5000000000000004 3.5000000000000004 0.081666666666666568 7.5500000000000016 -0.020000000000000847 7.2750000000000012 -0.011666666666667149 2.2731157731157738 -0.080000000000000446 6.5550000000000006 6.1150000000000011 18.850000000000005 0.74000000000000077 1.6212500000000003
decision_type=10 2 2 2 8 8 2 2 8 2 2 2 2 2 2 2 10 2 10 2 8 2 10 2 10 8 2 8 10 2
left_child=2 3 19 4 5 11 16 9 -6 17 -5 26 -12 14 -7 -8 -3 -4 -13 -1 -11 22 -20 24 -24 -14 -2 29 -29 -15
right_child=1 6 7 10 8 13 15 -9 -10 20 12 18 25 27 -16 -17 -18 -19 21 -21 -22 -23 23 -25 -26 -27 -28 28 -30 -31
leaf_value=-0.011787385836447728 0.0016081266754779614 0.0083397267463768427 -0.01241977127623993 0.0016954028567448612 -0.0048142130444434397 0.039974926998234558 0.0098578092291405559 0.0007424170234112844 -0.052031091853858416 0.00042531281777911933 0.11688389556169904 0.0011179562829221267 0.099575131445763215 0.010671561983532064 0.011195946609682678 0.022657203006315324 0.0015235631124095299 -0.021440958326162968 0.0092502138496440775 0.00053453672299634818 -0.011683850817077592 -0.017201429325080158 0.0053872886057151573 0.019881960511423682 0.10568203739317346 0.011628844508349806 -0.008006888696171546 0.0092780166530750056 -0.0043923072648668956 -0.030682691547732444
leaf_weight=308.18754029273987 539.61001132428646 1929.5916142612696 1071.1353526264429 754.91295480728149 2642.2790196686983 66.715268805623055 646.3454607874155 293.72311675548553 23.669965520501137 338.77427311241627 3.920292764902114 2664.7155841439962 4.4123766124248496 802.13445797562599 206.14435924589634 400.9692744165659 1473.8220802992582 856.03470760583878 48.7938412129879 1167.5744296610355 838.81552863121033 20.717811480164528 4.8403050303459194 22.201815202832222 15.748238265514372 957.74840930104256 1065.5193078070879 335.48755040764809 543.95095519721508 20.379130557179451
leaf_count=1448 2396 7897 5848 3308 12023 259 2600 1489 113 1776 15 11667 18 3318 822 1586 6564 4880 213 5288 4495 92 21 96 69 3971 5030 1331 2361 86
internal_value=1.13459e-05 0.00291762 -0.00904848 0.000980845 -0.000307758 0.00175795 0.00759294 -0.0120924 -0.00523343 -0.0133067 0.00773679 -0.000560895 0.0124576 0.0069035 0.0182325 0.0147581 0.00538804 -0.0164269 0.0018746 -0.00203869 -0.00820023 0.0198285 0.0282052 0.0498196 0.082103 0.0120322 -0.00477453 0.00508722 0.000822638 0.00964694
internal_weight=20068.9 15194.6 4874.24 10743.9 9022.91 6356.96 4450.73 3398.48 2665.95 3104.76 1720.99 4382.15 966.081 1974.81 272.86 1047.31 3403.41 1927.17 2777.02 1475.76 1177.59 112.302 91.5842 42.7904 20.5885 962.161 1605.13 1701.95 879.439 822.514
internal_count=91080 65856 25224 47209 39897 27761 18647 18488 12136 16999 7312 19584 4004 8177 1081 4186 14461 10728 12158 6736 6271 491 399 186 90 3989 7426 7096 3692 3404
is_linear=0
shrinkage=0.05


Tree=104
num_leaves=31
num_cat=0
split_feature=18 130 88 36 110 60 18 121 30 112 7 20 48 25 59 110 58 108 116 109 100 109 40 85 104 109 62 110 34 35
split_gain=202.653 50.1875 44.1117 27.6655 26.7262 24.1812 23.7795 18.6656 18.3299 17.4315 22.3188 17.2618 24.5382 21.5126 16.5027 16.3888 16.2871 18.3582 15.1544 15.4033 18.8966 14.9172 14.9137 14.7575 14.4484 14.4118 14.1463 17.0301 13.8989 13.8598
threshold=4.8850000000000007 6.035000000000001 1.1950000000000001 23.650000000000002 0.028333333333333755 0.09103465595178302 2.8350000000000004 0.0060060601688189507 28.350000000000005 -0.015000000000000948 6.705000000000001 5.2550000000000008 0.47395550732501357 3.5000000000000004 0.19003402650848936 -0.005000000000000249 0.2678849577214063 0.073333333333332765 -0.048333333333332389 0.09000000000000026 -0.07399999999999933 0.024999999999999852 6.0000000000000009 3.5000000000000004 4.5000000000000009 0.11999999999999968 0.029473814842392605 0.053333333333333156 8.9500000000000011 10.800000000000002
decision_type=10 2 10 2 8 2 10 2 2 8 8 8 2 2 2 8 2 10 8 8 8 10 2 2 10 8 2 10 2 2
left_child=1 6 3 7 5 -3 -1 -2 15 -5 -11 13 -13 22 21 -8 17 -14 -12 20 -20 -7 -9 25 -10 28 27 -15 -4 -24
right_child=2 4 23 9 -6 14 8 11 24 10 18 12 16 26 -16 -17 -18 -19 19 -21 -22 -23 29 -25 -26 -27 -28 -29 -30 -31
leaf_value=-0.02638003449862298 0.0068451039937545395 -0.018826123081915516 0.019770542003786515 -4.336479233514846e-05 -0.018446609430718613 0.0058507931417729753 0.0024169006640649034 0.12852254530004048 0.0033695262509663318 -0.0027343885620491467 -0.00096542214752460003 -0.0060961566372258399 0.007784125253005209 -0.024413522968453436 -0.011736496402380402 -0.0061540246745329184 0.081618016038517358 0.11469727648610464 0.026395883461324245 0.0010276456879269626 0.010304651210808063 -0.0063654847416354625 0.1093790216052915 0.001492452357573097 0.031291872026950968 0.0010335318808041296 0.0021938345448292737 0.041254165617083921 0.009921472013505404 0.0080891128233699303
leaf_weight=98.796923026442528 701.06427028775215 470.83482301980257 449.28980548679829 1311.2452722489834 991.91905791312456 375.03500835597515 943.86572577059269 4.6533291339874294 135.37747624516487 510.43924948573112 351.11253570020199 2181.4522899985313 119.58358231186867 89.229279056191444 785.15430015325546 1363.3739546239376 8.8417412489652616 4.1547119766473761 204.79035550355911 380.51472203433514 1672.5137826502323 748.87397944927216 4.2728442698717144 563.95184837281704 70.433010414242744 352.47605901956558 1637.663885563612 11.101459965109823 1766.892243668437 16.113119572401047
leaf_count=645 3357 2893 1874 6240 6057 2046 4691 22 662 2426 1676 10905 578 425 4475 7205 42 20 935 1845 7799 4207 20 2575 333 1563 7921 55 7511 77
internal_value=3.01112e-05 -0.0075212 0.00369134 0.00194785 -0.0115514 -0.00867753 -0.00231833 -0.000691166 -0.00137238 0.00479386 0.00682722 -0.00198705 -0.00482683 0.00174024 -0.00617457 -0.00264776 0.0160585 0.0113739 0.00869795 0.0102007 0.01206 -0.00228906 0.0477553 0.00881656 0.0129252 0.0104246 0.0010773 -0.0171475 0.0119182 0.0293192
internal_weight=18325 5983.66 12341.4 9208.75 3371.82 2379.9 2611.85 4778.13 2513.05 4430.62 3119.37 4077.07 2314.03 1763.03 1909.06 2307.24 132.58 123.738 2608.93 2257.82 1877.3 1123.91 25.0393 3132.61 205.81 2568.66 1737.99 100.331 2216.18 20.386
internal_count=91080 33214 57866 44343 19678 13621 13536 23422 12891 20921 14681 20065 11545 8520 10728 11896 640 598 12255 10579 8734 6253 119 13523 995 10948 8401 480 9385 97
is_linear=0
shrinkage=0.05


Tree=105
num_leaves=31
num_cat=0
split_feature=126 85 19 49 89 37 65 37 112 18 120 179 181 112 10 126 66 177 21 34 105 111 59 152 65 108 34 62 61 170
split_gain=285.984 81.119 59.6187 28.9151 27.0635 22.3946 20.566 18.4807 17.9197 16.855 16.233 16.1619 15.9499 15.4094 14.7203 13.9369 13.7266 15.2336 13.9154 16.3997 13.5149 13.4169 13.9599 13.4015 15.8101 13.5773 14.8087 13.1865 12.9448 13.357
threshold=4.5000000000000009 2.5000000000000004 2.5150000000000001 0.069204980842911865 5.2173333333333343 23.000000000000004 0.19009340564738289 31.700000000000006 0.046666666666666357 6.2550000000000008 0.17838516908868665 5.0020000000000007 1.5503846153846157 -0.040000000000000445 1.7500000000000002 5.5000000000000009 0.23572314781992201 8.8807894736842119 5.2550000000000008 20.550000000000004 3.5000000000000004 0.074999999999999664 0.15394327894327894 -0.0049999999999998995 0.12459540145603097 0.01333333333333315 18.650000000000002 0.13369728747411852 0.20480615271543692 6.7347985347985349
decision_type=8 2 10 2 2 2 2 2 8 8 2 2 2 8 8 10 2 2 10 2 8 8 2 2 2 10 2 2 2 2
left_child=1 6 -2 15 14 -5 8 9 11 -6 -7 12 -1 -9 28 -4 17 18 19 20 27 22 23 25 -25 -12 -27 -15 -3 -30
right_child=2 4 3 5 7 10 -8 13 -10 -11 21 -13 -14 16 -16 -17 -18 -19 -20 -21 -22 -23 -24 24 -26 26 -28 -29 29 -31
leaf_value=0.0030769028801051865 -0.030828469966498878 0.0087170656369585185 -0.0097515661084740992 -0.0078330405815239014 0.0060818412510832845 0.091910797471271344 -0.0080116967315177253 0.030955057992911511 -0.0088653931351652723 -0.0012011852575117426 -0.02331964708370032 0.01658034101173389 -0.0086756066535020084 0.0068026315721989973 -0.03636065738825113 -0.018387594456393954 -0.020736536855229505 -0.010008449525584218 0.0094900042764765932 0.0044073563250033709 0.022197999333772384 -0.0072392914023369954 0.0055577171104147114 0.146797031154381 0.042073015326938995 0.14339122914808664 -0.0063836598296718276 0.07769112529005183 0.010719362210137119 0.021441583055709701
leaf_weight=1704.7531375363469 345.88921551406384 1518.5207854807377 1037.8202338889241 1595.6460789442062 2409.4267364069819 5.2858469784259787 946.20892810076475 99.963537499308586 422.98889645189047 1185.1772247552872 13.57770871371031 183.35281444340944 347.54946669191122 8.2513667941093427 15.986992195248602 849.63622976839542 34.927521511912346 69.637917727231979 306.40087623894215 42.91293777525425 40.277318730950356 170.47825790941715 227.4334886148572 4.3351282924413708 21.368924781680107 3.1130921840667716 3.5124005377292633 32.008730947971344 622.79388165473938 544.30294719338417
leaf_count=10262 3310 7832 7480 11393 13204 32 5970 503 2737 6883 89 1063 2182 40 85 6672 184 380 1636 220 199 1172 1452 28 139 20 23 159 3109 2622
internal_value=-2.48143e-05 0.0044022 -0.010927 -0.00917638 0.00756639 -0.00505699 -0.0016812 0.0050691 0.000571813 0.00368055 0.00480617 0.00235734 0.00108666 0.0129371 0.0114756 -0.0136391 0.00956676 0.0116858 0.0152003 0.0293732 0.0426758 0.00376876 0.0106343 0.0357848 0.0597353 0.00531306 0.0639904 0.0631624 0.0117603 0.0157199
internal_weight=14813.5 10535.4 4278.1 3932.21 6930.59 2044.75 3604.85 4228.98 2658.64 3594.6 449.105 2235.66 2052.3 634.38 2701.6 1887.46 534.417 499.489 429.851 123.45 80.5374 443.819 273.341 45.9073 25.7041 20.2032 6.62549 40.2601 2685.62 1167.1
internal_count=91080 59270 31810 28500 37056 14348 22214 23408 16244 20087 2955 13507 12444 3321 13648 14152 2818 2634 2254 618 398 2923 1751 299 167 132 43 199 13563 5731
is_linear=0
shrinkage=0.05


Tree=106
num_leaves=31
num_cat=0
split_feature=127 20 20 122 86 119 178 44 114 59 55 114 19 10 81 108 52 11 84 65 108 37 162 126 68 41 100 114 15 20
split_gain=357.742 86.2909 85.2507 43.9273 26.4371 23.0891 21.3344 21.1603 21.9862 18.7705 18.0296 17.708 18.3035 16.3452 15.2849 14.7953 15.2374 14.5606 14.5123 15.7251 15.7172 15.4114 14.4311 14.2839 20.9072 14.2131 13.8618 13.7627 21.2046 13.7225
threshold=4.5000000000000009 2.4350000000000005 5.2950000000000008 0.19328628732880587 3.5000000000000004 5.2150000000000016 4.8985294117647067 5.4500000000000002 0.0049999999999994008 0.13341139734582358 41.500000000000007 0.048333333333334158 7.535000000000001 1.2500000000000002 1.0000000180025095e-35 -0.0066666666666654493 118.50000000000001 6.6450000000000005 2.5000000000000004 0.19749608150470224 0.068333333333332871 11.300000000000002 2.205833333333334 1.5000000000000002 0.17302425884056022 39.000000000000007 0.092000000000000068 -0.011666666666666247 6.6150000000000011 6.9850000000000012
decision_type=8 10 10 2 2 2 2 2 8 2 2 8 10 8 2 8 2 10 2 2 8 2 2 10 2 2 8 8 10 8
left_child=2 -2 9 4 -4 -5 29 8 -3 11 18 12 13 14 -1 -9 -17 23 -6 20 21 25 -22 24 -11 -20 -23 28 -19 -7
right_child=1 7 3 5 10 6 -8 15 -10 17 -12 -13 -14 -15 -16 16 -18 27 19 -21 22 26 -24 -25 -26 -27 -28 -29 -30 -31
leaf_value=0.016544271656967084 -0.033795086319089729 -0.0075485642898704122 0.008438998811367884 0.0013484853323659717 0.022221320561838041 -0.00085736456438150724 0.13971925145646677 -0.011340710702102288 -0.019256762527566543 0.0042388916980116561 -0.0019109073066369651 -0.012998639446725772 0.11830033552978057 0.10288925212398375 0.00068695594108667988 -0.0014304299153358882 0.12743412373653989 0.10816503900366777 0.023376281773625218 -0.00092900195532207475 0.038813028996887933 0.0060125103435584902 0.14262901671065906 0.0074678058922173739 0.15440339876486739 0.10529332246307217 0.086099546145449762 -0.010975874058013721 -0.0010885236658422952 0.095458335696503971
leaf_weight=208.70565485209227 451.62150210887194 702.77464102953672 2315.374666005373 1562.5175085067749 903.33286453038454 13.405047900974756 5.2723883166909209 653.75781658291817 933.67634493112564 4.8400724008679372 121.59709224849939 144.46600213646889 3.6157955750823012 4.2880822271108618 558.96611180901527 742.0753950625658 2.3010703697800627 4.4887102767825118 188.11264915019274 164.12777312099934 24.690203875303272 288.43064959347248 3.8724441528320304 40.901062697172165 4.4481899067759514 5.4485396817326537 5.5061446577310553 842.99652437120676 419.46332627534866 5.1069942414760581
leaf_count=1583 6264 6801 15859 11238 5101 88 33 6274 9726 39 728 1188 28 30 4207 7001 21 34 1120 1043 149 1843 22 323 34 32 34 7043 3166 28
internal_value=-7.7218e-05 -0.0134041 0.00584583 0.00913847 0.0119184 0.00209273 0.0509857 -0.0103694 -0.0142287 -0.00240614 0.0166431 0.00307372 0.00606751 0.00554182 0.00499806 -0.00585232 -0.00103207 -0.00623391 0.0180678 0.0125517 0.016839 0.0147269 0.0528881 0.0201791 0.0761533 0.0256822 0.00751273 -0.00728025 6.82289e-05 0.0257136
internal_weight=11330.2 3486.21 7843.97 5606.79 4020.49 1586.3 23.7844 3034.59 1636.45 2237.18 1705.12 920.042 775.576 771.96 767.672 1398.13 744.376 1317.14 1583.52 680.188 516.061 487.498 28.5626 50.1893 9.28826 193.561 293.937 1266.95 423.952 18.512
internal_count=91080 36087 54993 37318 25931 11387 149 29823 16527 17675 10072 7036 5848 5820 5790 13296 7022 10639 9344 4243 3200 3029 171 396 73 1152 1877 10243 3200 116
is_linear=0
shrinkage=0.05


Tree=107
num_leaves=31
num_cat=0
split_feature=128 128 21 119 116 87 136 38 15 15 92 48 130 29 90 182 137 176 166 118 51 180 4 54 66 118 33 50 110 116
split_gain=444.043 104.489 58.0579 36.6541 23.7036 22.2201 20.0057 19.526 17.5553 16.0219 15.5828 15.2583 16.5973 15.7813 17.9961 14.9638 14.4918 18.0791 37.127 15.8373 17.5419 19.999 14.4284 14.2154 14.1161 14.1011 20.2994 13.7338 21.0481 18.5059
threshold=4.5000000000000009 2.5000000000000004 1.8750000000000002 1.8300000000000007 -0.0066666666666672491 3.5000000000000004 2.916666666666667 8.1500000000000021 6.8150000000000004 6.6750000000000007 6.5000000000000009 0.062114197530864161 5.8550000000000013 31.400000000000002 -0.18999999999999903 7060.840092562742 -0.58333333333333315 19.835416666666671 0.069368961352656966 3.4950000000000006 0.093933823529411764 6.6700000000000008 2.2500000000000004 23.500000000000004 0.16905959473109186 6.5950000000000006 22.900000000000002 0.020620748299319706 0.024999999999999852 -0.013333333333333147
decision_type=8 10 10 2 8 2 2 2 8 8 2 2 2 2 8 2 2 2 2 2 2 2 8 2 2 2 2 2 10 10
left_child=1 3 -2 -1 -4 7 -7 9 16 11 25 13 24 14 -5 -12 17 19 -19 20 -3 27 -6 -17 -13 -10 -27 28 29 -22
right_child=2 8 4 5 22 6 -8 -9 10 -11 15 12 -14 -15 -16 23 -18 18 -20 -21 21 -23 -24 -25 -26 26 -28 -29 -30 -31
leaf_value=0.0012570033049798743 -0.03713239467628749 0.0017184476731009646 -0.0081830336212102249 0.16128941372081956 -0.019660612995373455 0.021653958987852051 0.0064271047368542047 0.0029342693142387732 -0.011434553971820388 0.013548748169857731 -0.021325487979787974 0.01774211665133418 -0.0078703039210668048 -0.032347144757654191 0.058064776691286839 0.0085215213668689508 0.0014339848617478156 0.29659161116891875 0.0058484471699044426 0.005084659385236185 0.24112562943818927 0.20751699948634178 0.10436113678018949 -0.010782063814267545 0.14029749300242236 0.0099448697792610431 0.18372520239630452 0.014819116739742453 -0.0033858955947014893 0.073970707091035412
leaf_weight=554.77433771640062 354.42272699251771 15.930336996912954 754.41615226492286 5.9582897871732712 1236.3231313712895 1337.814402975142 257.18003156781197 523.04553655534983 613.7014999575913 633.9564246237278 67.116651438176632 5.2625892311334628 19.868059791624546 3.1342431828379622 14.492070004343992 387.97788897901773 931.2157167904079 1.7559907510876644 2.9304060637950897 107.35315740853548 2.9586518332362175 2.3676118552684775 2.349562529474496 126.45866698771715 4.2446783259510994 7.2778508365154249 2.1849327757954597 10.771631032228468 3.5178428888320923 3.7602421119809204
leaf_count=5584 7431 181 10663 43 19706 9066 2100 4508 7285 4979 795 37 150 23 102 4555 10640 21 34 1256 29 25 32 1496 31 89 26 118 35 40
internal_value=-0.000209368 0.00738831 -0.0184858 0.0130001 -0.01517 0.0153227 0.0191988 0.0102133 -0.00085477 0.0157558 -0.00500716 0.0421757 0.0181281 0.0721277 0.0881397 0.000879337 0.00376618 0.0181159 0.11479 0.0150268 0.0421806 0.0697549 -0.0194254 0.00377632 0.072459 -0.0105006 0.0500703 0.0542293 0.0956988 0.147577
internal_weight=7994.52 5647.01 2347.51 3359.73 1993.09 2804.96 1594.99 1209.96 2287.28 686.916 1204.72 52.9599 29.3753 23.5846 20.4504 581.553 1082.56 151.346 4.6864 146.659 39.3063 23.376 1238.67 514.437 9.50727 623.164 9.46278 21.0084 10.2367 6.71889
internal_count=91080 53248 37832 26623 30401 21039 11166 9873 26625 5365 14246 386 218 168 145 6846 12379 1739 55 1684 428 247 19738 6051 68 7400 115 222 104 69
is_linear=0
shrinkage=0.05


Tree=108
num_leaves=31
num_cat=0
split_feature=34 170 123 115 59 98 3 21 125 182 58 89 13 56 168 110 61 124 5 88 16 112 99 41 63 170 41 2 9 152
split_gain=98.776 28.9759 28.8173 20.8819 20.863 19.672 19.6169 19.1522 19.873 19.59 18.4976 18.5704 17.7078 17.4108 17.2923 17.1488 15.186 14.2417 16.1494 13.8166 13.9908 14.5108 12.8971 18.0388 20.2568 12.8088 13.7976 12.7754 14.4671 13.1511
threshold=14.500000000000002 25.755699855699859 1.5000000000000002 0.35000000000000009 0.16132245212697593 0.09000000000000026 21.050000000000004 4.4750000000000005 1.5000000000000002 182926.27954870698 0.20607741689628886 5.8450000000000015 6.8150000000000004 14.500000000000002 0.543102594573183 -0.0066666666666654493 0.12729377104377101 2.5000000000000004 6.6050000000000013 -0.055000000000000139 6.0950000000000006 0.10833333333333291 0.018333333333333954 16.400000000000002 0.078464833032188971 35.358395989974944 24.050000000000004 1.5000000000000002 6.5650000000000004 -1.0000000180025095e-35
decision_type=2 2 8 8 2 10 8 10 8 2 2 2 8 2 2 8 2 8 10 8 10 10 10 2 2 2 2 10 10 2
left_child=1 3 4 6 -2 -3 -1 10 9 -9 -4 14 -5 -13 15 -12 -8 18 -10 20 -20 -22 -6 -24 -25 -26 -27 -19 29 -29
right_child=2 5 7 12 22 -7 16 8 17 -11 11 13 -14 -15 -16 -17 -18 27 19 -21 21 -23 23 24 25 26 -28 28 -30 -31
leaf_value=0.00013777803958823964 -0.0075147426644662594 -0.011632039574862481 0.0062976034551255628 0.15935971486285802 0.00041831897736457164 0.0025972570022859678 0.0013294120008061916 0.0076715573148216339 -0.02783731070696175 0.040792876747513029 0.026621280432242857 0.0025928029931791404 0.019911052993379547 0.1245720999916477 0.10863723040389794 0.0058176145861000943 -0.01023585150651455 -0.0056557579274329915 0.0071771498234398344 0.036093636269539667 -0.0066889947281545854 0.090629607724903513 -0.005787866802659641 -0.027871990204742261 0.049031537052190287 -0.039609542978362833 0.05149384510521058 0.10920713709416277 0.001271506735304961 0.0092015120008624319
leaf_weight=2485.7179182171822 946.76099427044392 1781.1293421462178 2016.0181418210268 3.5631283819675419 764.08186523616314 281.25190418958664 386.25168537348509 985.45868183672428 36.53197705745697 46.761931747198105 175.07868464291096 4.7262160927057248 6.3047921210527429 7.6777761429548264 4.9754969775676718 228.14045356214046 1070.5149964392185 905.73006047308445 1338.4893049895763 36.734499856829643 266.58957089483738 3.8861895948648444 57.409440919756889 13.161551937460898 65.034766554832458 9.5186566263437289 7.3768291324377051 5.910710945725441 1716.0898929834366 7.4070515781640989
leaf_count=14917 5603 12090 10642 20 4690 1739 2351 5220 204 244 920 28 35 43 26 1205 6766 5010 7154 207 1544 22 341 76 369 57 44 32 9441 40
internal_value=0.000141716 -0.00488733 0.00327641 -0.00238043 -0.00230906 -0.00969156 -0.00256226 0.00461309 0.00293949 0.00917203 0.00828745 0.0178252 0.0702635 0.0780951 0.0159938 0.0148506 -0.0071694 0.00144939 0.00504357 0.00577348 0.00508123 -0.00529072 0.00306802 0.0163439 0.0297055 0.0389549 0.000167598 -0.000845088 0.00167437 0.0535862
internal_weight=15664.3 6014.73 9649.55 3952.35 1863.34 2062.38 3942.48 7786.21 5349.59 1032.22 2436.62 420.599 9.86792 12.404 408.195 403.219 1456.77 4317.37 1682.23 1645.7 1608.97 270.476 916.583 152.501 95.0918 81.9303 16.8955 2635.14 1729.41 13.3178
internal_count=91080 37918 53162 24089 11180 13829 24034 41982 29118 5464 12864 2222 55 71 2151 2125 9117 23654 9131 8927 8720 1566 5577 887 546 470 101 14523 9513 72
is_linear=0
shrinkage=0.05


Tree=109
num_leaves=31
num_cat=0
split_feature=17 130 170 35 59 29 108 18 65 19 90 58 3 35 61 32 60 112 170 88 165 30 68 52 106 108 17 164 30 17
split_gain=192.926 62.9565 46.2523 37.832 37.5205 30.4423 29.369 27.4681 23.8046 22.5921 17.382 17.0231 16.7297 16.0206 15.2464 15.7705 16.4666 15.0942 19.8003 23.4188 20.1576 16.7916 14.7824 16.887 15.4508 14.384 15.6639 13.9365 13.8616 14.885
threshold=5.0750000000000011 5.7950000000000008 8.6170098039215706 38.800000000000004 0.11872748521102151 23.300000000000004 -0.013333333333334049 6.0950000000000006 0.14299530256977064 4.9650000000000007 1.9858333333333336 0.19052111410601971 20.950000000000003 18.650000000000002 0.13910267795472933 19.600000000000005 0.096306788374777005 0.019999999999999952 25.001098901098903 -0.755 0.26390570352434767 3.4500000000000006 0.19776639088679168 17.500000000000004 5.5000000000000009 0.013333333333334052 2.9350000000000005 0.67188289939332668 23.650000000000002 7.4250000000000007
decision_type=10 2 2 2 2 2 8 10 2 10 10 2 10 2 2 2 2 8 2 10 2 2 2 2 10 8 10 2 2 10
left_child=1 8 28 5 27 7 -6 9 25 11 12 -4 -5 -8 -10 16 -16 -11 -19 -20 21 -21 23 24 -14 26 -1 -3 -2 -30
right_child=2 4 3 10 6 -7 13 -9 14 17 -12 -13 22 -15 15 -17 -18 18 19 20 -22 -23 -24 -25 -26 -27 -28 -29 29 -31
leaf_value=-0.025984414522678953 0.0016628711491878875 -0.015986712757190998 0.0042563007878375194 0.0089301682675054644 0.00014347821506633009 0.0093398583945956595 -0.014391023932718182 -0.0038077213014940641 0.0085493801672338905 -0.0020693703036231584 0.061287066050895025 0.017443329461887067 0.0087216246779446491 -0.0055865536205920744 0.020254457799394193 -0.018867172404402777 -0.0016497767768541855 -0.0021766568922838665 0.070999050036079522 0.070404179940828426 0.034794655919104439 0.0012205732682779404 0.0052104131876289581 0.039648153254369566 0.048948130482497167 -0.013928716809553147 0.00070963454503658032 0.013609154187986042 -0.0055333930456691344 0.025820190868178342
leaf_weight=60.205169200897217 3963.9500994235277 1754.8486636132002 467.74348685145378 542.92212715744972 1142.506218418479 2474.0362212210894 1000.4696093797684 1264.1224672049284 827.96338538825512 1026.3111692219973 20.421141803264618 513.28824134171009 127.84911571443081 1068.4349875152111 101.13539530336857 108.69263549149036 565.83776430785656 242.5399621874094 18.92158567905426 9.2207295149564725 78.137566402554512 179.62112872302532 95.764452174305916 150.91610907018185 29.350852072238922 361.4966676980257 630.26739418506622 40.699579909443855 1146.8274131566286 39.146432161331177
leaf_count=324 17279 9734 1914 2203 5602 10338 5248 5555 3583 4380 74 2032 516 5389 444 495 2552 1045 78 37 318 747 387 608 117 1727 2897 223 5068 166
internal_value=9.71868e-06 -0.00622672 0.00386629 0.00644248 -0.00952736 0.00502346 -0.00629092 0.00221315 -3.59001e-06 0.00521463 0.015647 0.0111559 0.0146626 -0.00984417 0.00383055 -0.00120643 0.00167164 0.00146574 0.00833144 0.0172458 0.0134362 0.00459866 0.0223686 0.0277015 0.0162323 -0.00584839 -0.00161793 -0.0153159 0.000243976 -0.00449848
internal_weight=20053.6 7662.56 12391.1 7241.17 5006.96 6273.94 3211.41 3799.91 2655.6 2535.78 967.224 981.032 946.803 2068.9 1603.63 775.666 666.973 1554.75 528.441 285.901 266.979 188.842 403.881 308.116 157.2 1051.97 690.473 1795.55 5149.92 1185.97
internal_count=91080 38218 52862 30349 26196 26444 16239 16106 12022 10551 3905 3946 3831 10637 7074 3491 2996 6605 2225 1180 1102 784 1628 1241 633 4948 3221 9957 22513 5234
is_linear=0
shrinkage=0.05


Tree=110
num_leaves=31
num_cat=0
split_feature=125 18 18 49 110 109 137 178 36 53 165 90 90 48 30 119 172 130 100 38 90 34 35 178 108 37 178 19 108 110
split_gain=186.568 49.859 35.0411 28.2135 32.0705 25.7663 23.2761 19.6517 16.6794 25.3185 17.9053 15.9908 15.8719 15.0789 15.4708 14.2935 13.8021 15.761 13.7534 13.3308 12.9161 12.6096 12.3976 12.3229 13.8169 12.9143 12.2733 11.9788 11.9599 12.4578
threshold=4.5000000000000009 5.6950000000000012 2.8350000000000004 0.23831367409349058 0.0033333333333342503 0.069999999999999812 1.0000000180025095e-35 0.68912529550827439 31.900000000000002 16.500000000000004 0.065019615800865765 1.2216666666666667 1.3375000000000001 0.38501602564102572 28.900000000000002 2.6750000000000012 1.9668498168498172 5.7750000000000012 0.10800000000000005 49.050000000000004 0.14000000000000098 7.5500000000000016 11.300000000000002 8.512579113924053 -0.033333333333331841 11.300000000000002 7.0025000000000013 7.2150000000000007 -0.010000000000000149 -0.076666666666666647
decision_type=8 10 10 2 8 8 2 2 2 2 2 10 10 2 2 2 2 2 10 2 10 2 2 2 8 2 2 10 10 10
left_child=1 3 -2 4 11 16 -3 -7 10 22 20 18 -11 14 -6 -14 17 -4 -1 23 -8 -9 -10 -12 25 -25 -15 28 -22 -30
right_child=2 6 5 -5 13 7 8 21 9 12 19 -13 15 26 -16 -17 -18 -19 -20 -21 27 -23 -24 24 -26 -27 -28 -29 29 -31
leaf_value=0.0034546360245531118 -0.028584779442234878 0.003193743076711256 0.0026664488370304251 -0.0074956019838656549 -0.0049072734750664699 -0.016044566892513764 -0.0021764101836148509 0.0057184855646215168 -0.0068715347332030914 0.021554211445914327 0.00086618883552340648 0.011977176946629246 -0.0077237643016617079 0.045024720949598848 0.0079146752168378059 0.066645459459537024 0.0018162135375572126 -0.0085748926213949413 -0.031743001652263229 0.067226243831606372 0.0073477141819942183 -0.0089683731507025286 0.012007565167976374 0.019893001048768632 0.01753557012835899 -0.022294818935697763 9.7505526745606249e-05 -0.04035883936091899 -0.01022723874198562 0.021314188385205365
leaf_weight=1866.0736330896616 202.58129914104939 3798.316008195281 391.98253025114536 1097.0698021203279 2059.2355043441057 1110.6613133847713 139.50491833686829 176.17098326981068 106.92179848253727 272.28881838917732 1238.6083429008722 658.31331895291805 7.8275912851095191 29.36181215941906 265.60195983946323 37.003708735108376 726.83057798445225 1524.4715749919415 28.172822073101997 8.1578319221734983 333.02727277576923 857.47003099322319 465.75565740466118 28.864148274064064 248.72955842316151 48.823396131396294 31.520358920097351 9.9511189758777601 33.350799798965454 510.41605059802532
leaf_count=9049 1431 17769 2034 5562 10390 6679 632 970 442 1153 5556 2974 32 143 1285 146 3833 8602 141 37 1409 4942 1975 127 1089 224 153 45 138 2118
internal_value=2.9879e-05 0.00311851 -0.00821624 -0.000242595 0.00136871 -0.00735436 0.00590208 -0.0114269 0.00885034 0.014759 0.00682778 0.00526415 0.0260931 -0.00279915 -0.00344242 0.0536605 -0.0040506 -0.00627564 0.00293115 0.00347613 0.0119657 -0.00646518 0.00848274 0.00314383 0.0117865 -0.00662029 0.0217647 0.0141905 0.0148096 0.0193797
internal_weight=18313.1 13322.9 4990.17 6035.35 4938.28 4787.59 7287.55 2144.3 3489.23 889.798 2599.43 2552.56 317.12 2385.72 2324.84 44.8313 2643.28 1916.45 1894.25 1573.18 1026.25 1033.64 572.677 1565.03 326.417 77.6875 60.8822 886.745 876.794 543.767
internal_count=91080 62589 28491 29697 24135 27060 32892 12591 15123 3748 11375 12164 1331 11971 11675 178 14469 10636 9190 7033 4342 5912 2417 6996 1440 351 296 3710 3665 2256
is_linear=0
shrinkage=0.05


Tree=111
num_leaves=31
num_cat=0
split_feature=19 126 126 119 112 120 37 7 118 112 37 130 169 63 26 158 114 38 116 65 99 158 20 179 3 81 100 104 61 21
split_gain=264.186 79.1378 47.8241 38.4297 34.1666 24.2634 18.7859 19.3355 18.2777 17.945 16.7373 16.392 16.0494 15.656 13.9982 19.3448 14.8104 14.5699 16.3574 13.8894 15.9966 15.6771 14.0157 13.7504 13.2527 12.7432 12.5779 12.4379 12.3145 14.335
threshold=5.0750000000000011 5.5000000000000009 2.5000000000000004 3.370000000000001 0.0083333333333323514 0.20016286644951145 25.400000000000002 7.0250000000000012 3.9150000000000005 -0.033333333333332743 21.550000000000001 6.4050000000000011 0.077173728903288621 0.058885448916408657 42.500000000000007 5.1252777777777796 0.075000000000000552 22.450000000000003 0.088333333333333361 0.13728030072132477 -0.023333333333332047 5.9407500000000004 5.3150000000000004 4.5449494949494964 23.950000000000003 4.5000000000000009 0.084000000000000977 5.5000000000000009 0.15096403946988152 1.8750000000000002
decision_type=10 8 10 2 8 2 2 8 2 8 2 2 2 2 2 2 10 2 10 2 10 2 10 2 8 2 8 8 2 8
left_child=1 4 10 9 5 -1 7 27 26 -3 19 28 14 -14 -12 -16 17 18 25 20 21 -2 -23 -7 -21 -17 -8 -4 -6 -30
right_child=2 3 6 -5 11 23 8 -9 -10 -11 12 -13 13 -15 15 16 -18 -19 -20 24 -22 22 -24 -25 -26 -27 -28 -29 29 -31
leaf_value=0.0085501212740802454 0.017261000928743105 0.00077521412942354879 -0.00056487987583004554 -0.029931817321045058 -0.0095631037898154421 -0.0050723032799818019 0.016744173680305847 0.01712514049171877 0.0031014484082480987 -0.015767849953529461 0.010215516628263229 -0.015407746616882757 0.049141817837912473 0.0059235602883107681 0.016420172188583763 0.052419775364974344 0.11525261573576438 -0.0045985339815368979 0.13851052107733558 0.0064070219685438655 0.0052403312032090199 0.082967675038377528 0.0102251305598171 0.01322872246280811 -0.0020066131972413994 0.0054064195099058736 0.082616084089245673 -0.0098292796052789778 0.02470523170781988 -0.0025859782729737123
leaf_weight=568.59560550004244 230.71244075894356 196.85479710251093 2313.9436382725835 468.59279039502144 787.18986346572638 1324.2427096217871 234.38327372074127 138.60980933904648 802.83773519098759 980.03073321282864 790.6828577965498 732.01567810773849 21.354208067059517 1120.5394162982702 544.37396986782551 51.571166068315506 6.1841750591993323 18.355931952595711 4.4088176786899558 1406.0332197993994 353.59304328262806 18.200135320425037 10.40897101163864 111.26050247251987 701.56723184883595 20.005005165934563 7.4780421406030646 429.53836200386286 55.713574714958668 352.86150074005127
leaf_count=3510 1162 1449 14323 4425 5454 8791 1340 844 4865 7636 3842 5380 103 5620 2658 246 29 90 21 7369 1799 86 55 698 3662 94 42 2805 353 2329
internal_value=-2.49827e-05 -0.00861565 0.00516898 -0.0178223 -0.00476269 -0.00019139 0.00098729 -0.00109484 0.00673143 -0.0130007 0.00826839 -0.00951497 0.0111557 0.00673177 0.0146745 0.0201415 0.0402935 0.0353798 0.0450375 0.00553294 0.0121579 0.0215901 0.0565015 -0.00365386 0.00360633 0.0392799 0.0187808 -0.00201538 -0.00590756 0.00113547
internal_weight=14802.1 5577.36 9224.78 1645.48 3931.88 2004.1 3926.79 2882.09 1044.7 1176.89 5297.99 1927.78 2577.48 1141.89 1435.58 644.899 100.525 94.3409 75.985 2720.52 612.915 259.322 28.6091 1435.5 2107.6 71.5762 241.861 2743.48 1195.76 408.575
internal_count=91080 40025 51055 13510 26515 12999 24219 17972 6247 9085 26836 13516 12703 5723 6980 3138 480 451 361 14133 3102 1303 141 9489 11031 340 1382 17128 8136 2682
is_linear=0
shrinkage=0.05


Tree=112
num_leaves=31
num_cat=0
split_feature=127 20 20 122 20 117 62 119 97 22 16 29 105 88 65 11 116 176 26 66 97 173 79 59 122 38 32 112 178 17
split_gain=328.079 83.5776 77.4117 39.2641 23.75 21.5389 20.4315 20.4199 17.4928 17.2691 17.5506 21.3191 17.2639 16.7185 16.201 15.7088 16.6594 14.8126 15.6218 16.8518 19.352 14.0188 14.6875 13.9917 13.7315 13.565 13.6139 14.9809 13.3772 13.2563
threshold=4.5000000000000009 2.4350000000000005 5.2950000000000008 0.19328628732880587 6.3850000000000007 6.7250000000000005 0.15477402773736784 5.2150000000000016 0.17500000000000027 4.5000000000000009 6.2550000000000008 6.0500000000000016 4.5000000000000009 2.5050000000000003 0.081655178627742422 6.6450000000000005 0.098333333333334064 6.2515625000000012 17.500000000000004 0.16905959473109186 0.18500000000000008 1.1818813131313135 4.5000000000000009 0.20569274021549452 0.17517798976144919 16.350000000000005 3.9000000000000004 -0.088333333333332445 4.8985294117647067 5.6350000000000007
decision_type=8 10 10 2 10 2 2 2 2 2 10 2 8 8 2 10 10 2 2 2 2 2 2 2 2 2 2 10 2 8
left_child=2 -2 12 4 5 9 29 25 28 10 11 -4 15 -6 21 16 -1 18 19 -7 23 22 -11 -21 -25 26 -5 -28 -9 -3
right_child=1 6 3 7 13 17 -8 8 -10 14 -12 -13 -14 -15 -16 -17 -18 -19 -20 20 -22 -23 -24 24 -26 -27 27 -29 -30 -31
leaf_value=0.020870297776551028 -0.033359405153049165 -0.0098894608465187675 0.11485205215522976 0.015071050840851904 0.015271803572069401 0.0064017893952803455 -0.0046930159796156282 0.0067167170247028566 0.14544989026135188 0.036469154174832652 0.12530099030376382 0.010568718100963461 -0.0083393083279601765 0.041900300674461988 0.0094760258142840212 -0.00012929852103548981 0.14542609727248637 -0.0057650495643819938 0.0037660568764846243 0.022696951223077341 0.17097134750109391 0.00043733222419834947 0.13097376991812201 0.039592951233146073 0.1863865290429971 0.0054757099887838626 0.046204732998947652 -0.0076195900969366175 0.10108978785542261 -0.018560937184218054
leaf_weight=50.7197305560112 437.89079151302576 1156.6329456344247 6.0465922877192524 83.348811835050583 1391.2664168030024 31.637218937277794 1136.8935612216592 15.82410322874785 3.8271158784627906 65.196442075073719 5.7392124086618415 25.866106756031513 778.36031943559647 61.552509024739265 1727.4090373814106 1401.5522123649716 2.8345764949917784 375.59868483245373 303.60299770534039 19.006031714379795 3.4168206602334967 27.823508523404598 4.3880524709820738 3.4100337177515021 2.9899415299296379 865.82794545590878 13.211613930761812 601.50957703590393 4.9232587814331046 712.06789425760508
leaf_count=375 6264 11939 37 595 8071 215 10495 98 23 399 39 168 6555 328 11402 10725 20 2741 2123 136 24 176 25 24 23 6151 95 4397 28 7389
internal_value=-7.77082e-05 -0.0129515 0.00555025 0.00866852 0.0112788 0.00841961 -0.00997825 0.00200506 0.0472291 0.0112864 0.0448042 0.0303276 -0.00232887 0.0164 0.0105948 0.000886216 0.0274629 0.00120113 0.00838804 0.0315976 0.0592536 0.0304343 0.0424287 0.0442288 0.108172 0.00129443 -0.00389168 -0.0064628 0.029111 -0.0131937
internal_weight=11320.4 3443.49 7876.89 5643.42 4054.95 2602.13 3005.59 1588.47 24.5745 1862.47 37.6519 31.9127 2233.47 1452.82 1824.82 1455.11 53.5543 739.662 364.063 60.46 28.8228 97.408 69.5845 25.406 6.39998 1563.9 698.07 614.721 20.7474 1868.7
internal_count=91080 36087 54993 37318 25931 17532 29823 11387 149 12246 244 205 17675 8399 12002 11120 395 5286 2545 422 207 600 424 183 47 11238 5087 4492 126 19328
is_linear=0
shrinkage=0.05


Tree=113
num_leaves=31
num_cat=0
split_feature=128 128 21 119 116 51 116 116 39 151 21 89 96 146 102 9 38 110 27 137 54 122 66 45 99 57 38 5 107 88
split_gain=409.475 93.5093 57.105 32.8262 22.6253 17.1336 16.7319 16.6624 17.1043 15.4904 15.399 17.0632 17.1806 15.0464 16.8618 15.0115 17.5229 14.7899 14.6494 17.9556 17.3561 16.7652 21.6137 14.5305 14.416 14.445 23.0333 16.7073 16.0397 15.8558
threshold=4.5000000000000009 2.5000000000000004 1.8750000000000002 2.3550000000000009 -0.0066666666666672491 0.70714285714285718 -0.01500000000000005 -0.038333333333332643 21.950000000000003 3.5000000000000004 6.8450000000000006 5.5336666666666678 6.705000000000001 2.5000000000000004 4.5000000000000009 6.7250000000000005 19.700000000000003 0.036666666666666556 13.500000000000002 -0.58333333333333315 86.500000000000014 0.22948817178693343 0.17323698024589032 24.400000000000002 0.030000000000000655 59.500000000000007 10.250000000000002 6.6450000000000005 0.029999999999999753 0.19499999999999987
decision_type=8 10 10 2 8 2 8 8 2 2 10 2 2 2 8 8 2 10 2 2 2 2 2 2 8 2 2 10 10 10
left_child=1 3 -2 6 -4 10 -1 9 -9 18 11 24 -13 -10 15 -15 -17 -12 19 -3 21 -20 -23 -7 -5 27 28 -26 -27 -29
right_child=2 7 4 5 -6 23 -8 8 13 -11 17 12 -14 14 -16 16 -18 -19 20 -21 -22 22 -24 -25 25 26 -28 29 -30 -31
leaf_value=0.01337959093893251 -0.03683544089604595 0.14628852464785369 -0.0078587100548366349 0.012065840750788594 -0.018909389361615511 0.034757873261800513 0.00055853788803830468 -0.0042253582305714875 0.008215898634152138 -0.01603555554857539 0.017590618090679806 0.12189088330697238 -0.0064909814934080018 0.20550273728369872 -0.045397784896785351 0.012699099366849431 0.18983481759309967 0.036272740204410937 0.0066066467707143056 0.031196570590992446 0.13369051994554931 0.17246416123768324 -0.024199631584330732 0.12009964556218911 0.1189540044611587 0.031303376991664224 -0.047899285744635603 0.007642075703992935 0.17392842958372257 0.036199257955524762
leaf_weight=397.90571627765894 342.09138381481171 3.8973301425576237 748.2651978507638 1280.5738894492388 1215.7566664032638 47.949789583683014 705.93690310418606 1731.7435443811119 160.84866981953382 54.157156698405743 466.95509407669306 2.6557088419795027 139.17950727045536 2.3915613368153528 2.6540207043290147 5.1625105217099199 1.9137027710676191 137.0254328623414 288.09967243671417 25.972924269735813 2.7858494520187369 3.4373107030987731 2.3537453934550285 5.5667220950126639 4.443661466240882 3.1116459220647794 2.6213026717305175 104.64433622360229 5.3787461593747139 90.767868660390377
leaf_count=3570 7431 38 10663 9375 19738 308 6786 20653 1872 584 2991 21 1176 27 30 58 22 836 2982 268 29 36 26 34 28 21 20 773 36 648
internal_value=-0.000214427 0.00699952 -0.0179829 0.0122633 -0.0146992 0.0156763 0.00518018 -0.00081922 -0.00272791 0.00873022 0.0150075 0.0124851 -0.00408717 0.0122642 0.065983 0.0972054 0.060604 0.021829 0.0128376 0.0462132 0.00947721 0.00829977 0.0925312 0.043635 0.014061 0.0261717 0.0816584 0.0230867 0.121658 0.0209067
internal_weight=7986.25 5680.13 2306.11 3394.72 1964.02 2290.87 1103.84 2285.42 1904.71 380.704 2237.36 1633.38 141.835 172.97 12.1218 9.46777 7.07621 603.981 326.547 29.8703 296.677 293.891 5.79106 53.5165 1491.54 210.968 11.1117 199.856 8.49039 195.412
internal_count=91080 53248 37832 26623 30401 16267 10356 26625 22662 3963 15925 12098 1197 2009 137 107 80 3827 3379 306 3073 3044 62 342 10901 1526 77 1449 57 1421
is_linear=0
shrinkage=0.05


Tree=114
num_leaves=31
num_cat=0
split_feature=28 34 98 93 92 137 123 130 55 34 167 170 110 171 179 34 22 119 110 17 84 43 119 170 80 23 11 37 22 151
split_gain=91.0842 38.5355 26.2048 23.0191 20.2554 20.2215 18.0803 16.0936 15.8605 19.7433 14.49 14.3852 14.9786 14.6121 14.5924 14.2049 13.705 13.687 13.2936 13.4095 14.235 16.6023 13.281 13.1625 12.3569 12.3396 14.0489 12.1978 12.1934 12.1586
threshold=67.15000000000002 21.300000000000001 0.05000000000000026 0.68301270189221941 10.500000000000002 -0.91666666666666663 1.5000000000000002 6.2650000000000006 8.5000000000000018 39.000000000000007 0.34292615596963422 5.5669230769230778 0.008333333333334152 11.101020408163267 9.0439613526570053 12.950000000000001 13.500000000000002 1.4500000000000008 -0.11166666666666585 4.6050000000000013 1.5000000000000002 6.0500000000000016 2.5750000000000002 24.857368272752886 6.5000000000000009 26.500000000000004 6.9650000000000007 30.600000000000005 65.500000000000014 2.5000000000000004
decision_type=2 2 10 2 2 2 8 2 2 2 2 2 8 2 2 2 2 2 10 10 2 2 2 2 2 2 8 2 2 2
left_child=1 5 6 4 8 22 -2 11 18 29 -6 13 16 -7 -14 -9 27 -15 -3 20 21 -20 -1 -5 -22 26 -11 -13 -12 -10
right_child=2 3 -4 23 10 7 -8 15 9 25 28 12 14 17 -16 -17 -18 -19 19 -21 24 -23 -24 -25 -26 -27 -28 -29 -30 -31
leaf_value=0.0012976624091432974 -0.014563380278214598 0.054041946095254326 -0.00078595146155661466 0.0018967789263473322 -0.0028964563172331776 0.00018046561206592446 -0.0058616904019132901 -0.001541182648369043 0.0063006606709607119 -0.0022277710484448405 0.017691950116257852 -0.029346457843792459 -0.013659065126352296 0.12580722268110242 0.040642787803209374 0.0046175657978387392 0.00049864498103001321 0.022904249742796839 0.12533314875544033 0.0078101905433011556 -0.0064253823120910426 0.010319407744264925 -0.023128354575810951 -0.012548347484891318 0.039646729383464363 0.037872204041720509 0.074434928894973981 0.059758670091574075 0.10438069546329376 0.014698271947616854
leaf_weight=86.126665130257607 1099.0927353724837 13.605984002351759 1197.7992357164621 1423.4920868873596 585.60817384719849 1105.6272850632668 1306.6047647744417 1547.7972807064652 880.55308736860752 43.977803751826286 42.464422151446342 60.37604147195816 575.35231940448284 3.6823515295982387 12.643778398633001 2369.6443247497082 644.856988966465 26.388374775648117 4.4955336451530448 902.77238558232784 393.61142763495445 10.388033404946325 157.26548938453197 177.34838399291039 15.112513065338133 112.21796058118343 6.9158431738615027 4.101664572954177 4.4848061800003043 844.34126059710979
leaf_count=506 7777 70 7391 7657 3122 6371 8384 9376 4610 206 227 365 3447 21 75 13491 3873 149 23 4753 2062 54 971 1023 76 521 31 25 24 4399
internal_value=0.000146318 0.00223123 -0.0068286 0.00533744 0.00742775 -0.000341504 -0.00983724 0.000200567 0.009031 0.0119836 -0.000753739 -0.00299333 -0.0065905 0.00111579 -0.0124914 0.00218422 -0.001699 0.0355054 0.00487081 0.00436641 -0.00297281 0.0450589 -0.014485 0.000296482 -0.00472187 0.0286108 0.00818978 -0.0236782 0.0259729 0.0104113
internal_weight=15658.7 12055.3 3603.5 5461.39 3860.55 6593.86 2405.7 6350.47 3227.99 1888.01 632.557 2433.03 1297.33 1135.7 587.996 3917.44 709.335 30.0707 1339.99 1326.38 423.608 14.8836 243.392 1600.84 408.724 163.112 50.8936 64.4777 46.9492 1724.89
internal_count=91080 67528 23552 28858 20178 38670 16161 37193 16805 9767 3373 14326 7785 6541 3522 22867 4263 170 7038 6968 2215 77 1477 8680 2138 758 237 390 251 9009
is_linear=0
shrinkage=0.05


Tree=115
num_leaves=31
num_cat=0
split_feature=17 35 90 124 130 108 65 83 107 92 46 108 58 177 53 61 28 166 108 89 107 171 130 59 3 102 130 47 111 59
split_gain=178.723 47.9785 41.2033 45.0437 35.42 24.0424 23.309 21.9354 18.5891 17.7983 18.3591 20.575 16.5121 16.351 15.9596 15.3438 16.2324 15.1803 15.1159 14.4836 14.4672 14.0672 14.2876 14.9209 20.1853 13.9658 14.2597 13.8775 13.7534 13.5048
threshold=4.6050000000000013 39.000000000000007 -0.027500000000000246 2.5000000000000004 6.1350000000000007 0.031666666666667558 0.10813793926376707 2.5000000000000004 0.26000000000000029 4.5000000000000009 0.083835341365461821 0.024000000000000455 0.17713645099295325 1.4301515151515154 63.500000000000007 0.13516413409117273 41.900000000000013 0.23161719233147807 -0.040000000000000445 4.6458333333333348 0.010000000000000153 13.998550275482096 5.4050000000000011 0.15543281722456045 27.250000000000004 3.5000000000000004 6.6050000000000013 0.47114317425083246 0.034999999999999656 0.11354511572852181
decision_type=10 2 8 10 2 8 2 2 8 2 2 8 2 2 2 2 2 2 8 2 8 2 2 2 8 10 2 2 8 2
left_child=4 2 7 8 6 21 -1 19 15 17 14 12 -12 18 -11 16 -4 -3 -6 -2 -8 22 -5 -24 -25 -7 -27 -23 -17 -20
right_child=1 9 3 5 13 25 20 -9 -10 10 11 -13 -14 -15 -16 28 -18 -19 29 -21 -22 27 23 24 -26 26 -28 -29 -30 -31
leaf_value=-0.01397164878226013 0.0030666483615904971 0.0085933892021571347 0.0032667609153684569 0.014258139565557146 -0.0040843243852349267 -0.053399561609826784 0.0066105517964655958 0.00014349201034430213 -0.044899483679710812 0.0029954260238485449 0.010870095171854078 0.0033518751604019025 0.029353231458775289 -0.0054887264556325007 0.061240827978580936 8.3485801115083404e-06 0.015948194896721401 -0.0083956713182475832 -0.022035388261624662 -0.0096983954558256431 -0.0039133249836135562 0.035922234668543274 -0.0040833043423443884 0.0051296704706147098 -0.0054843021190445875 -8.3220902492417691e-05 -0.012445019499147312 0.0021297626700619134 0.0083621293769524686 -0.012653221173026381
leaf_weight=478.00705479085445 274.88507975637913 498.35680611431599 343.7596462816 218.27011661231518 268.91130992770195 15.594258382916449 416.74030378460884 3328.484063744545 16.547861263155937 336.04379670321941 176.17014861106873 162.69495676457882 384.69895015656948 597.33843989670277 12.187419995665548 714.61604686081409 948.85738483071327 178.61202017962933 704.60589407384396 1159.7295059710741 1509.2657872736454 60.972836330533028 1016.0398318767548 2226.7334916889668 560.7398499250412 514.17729058861732 427.03058165311813 60.555547788739204 1586.6142417192459 841.753194257617
leaf_count=2498 1248 2053 1401 909 1503 77 1918 14926 71 1420 721 681 1528 3227 51 2861 3624 751 4198 5626 7163 251 4625 9618 2460 2371 2072 252 6259 4717
internal_value=1.01449e-05 0.00266629 0.001655 0.00369964 -0.0083843 0.000674455 -0.00408896 -0.00208413 0.00797309 0.0104579 0.0144668 0.0190066 0.0235476 -0.0126643 0.0050339 0.00821654 0.0125757 0.00411098 -0.0150256 -0.0072525 -0.00163622 0.00232416 0.00181772 0.00110381 0.00299452 -0.00646938 -0.00569183 0.019084 0.00576798 -0.0169283
internal_weight=20039 15222.4 13473.6 8710.51 4816.62 5100.11 2404.01 4763.1 3610.4 1748.76 1071.8 723.564 560.869 2412.61 348.231 3593.85 1292.62 676.969 1815.27 1434.61 1926.01 4143.31 4021.78 3803.51 2787.47 956.802 941.208 121.528 2301.23 1546.36
internal_count=91080 65856 58651 36851 25224 22635 11579 21800 14216 7205 4401 2930 2249 13645 1471 14145 5025 2804 10418 6874 9081 18115 17612 16703 12078 4520 4443 503 9120 8915
is_linear=0
shrinkage=0.05


Tree=116
num_leaves=31
num_cat=0
split_feature=18 130 88 110 36 36 110 60 15 49 112 19 9 178 120 88 131 21 60 19 32 8 30 130 5 148 114 52 109 84
split_gain=172.63 44.0536 36.1581 33.0035 24.8099 18.9992 17.4353 17.312 16.8809 15.533 14.4479 23.6459 16.5042 14.8783 14.7516 14.0858 14.3454 16.3276 21.7524 20.3959 16.2835 13.7917 13.7522 13.2745 13.1919 12.914 12.8806 12.8066 12.4636 14.8791
threshold=4.8850000000000007 5.3450000000000006 1.1950000000000001 -1.0000000180025095e-35 20.400000000000002 6.8000000000000016 0.041666666666666456 0.052691936262675008 6.7650000000000006 0.21760654326302192 0.0066666666666672508 3.7550000000000003 6.6650000000000009 7.0025000000000013 0.19035192770920373 4.1150000000000011 1.5000000000000002 6.5050000000000008 0.15477652977652978 4.9850000000000012 6.0500000000000016 2.7500000000000004 18.650000000000002 5.5650000000000004 6.8350000000000009 3.5000000000000004 -0.063333333333332034 73.500000000000014 0.034999999999999656 3.5000000000000004
decision_type=10 2 10 8 2 2 8 2 8 2 8 8 10 2 2 8 2 10 2 10 2 8 2 2 10 2 10 2 8 2
left_child=1 22 4 7 9 -5 8 -3 -6 26 12 14 -10 -13 -12 16 17 -9 -19 20 -20 28 -1 -14 25 -11 -2 -8 -4 -30
right_child=2 3 21 5 6 -7 27 15 10 24 11 13 23 -15 -16 -17 -18 18 19 -21 -22 -23 -24 -25 -26 -27 -28 -29 29 -31
leaf_value=-0.0016748483751112221 -0.01358132249530533 -0.01986243032919658 0.012316931829449413 -0.020852557084741739 0.00038427981716973554 -0.010638585264521759 -0.0039431664127934458 -0.0016773829740525548 0.046075166079729363 0.00075347214301266664 0.075553539293767541 0.0061023799977812298 0.028132767001743553 0.018917789098870201 0.024098955364665459 0.082880483748359046 -0.008982721568794743 0.00641129067058035 0.039445168399774681 -0.012675365436115894 0.1395908306136929 -0.050955307527173858 0.010427445676243921 0.0024379775810740145 -0.013168757723403219 -0.018544730539288734 0.0016478256540167888 0.032280401542728383 0.0028382912105473709 0.012128961899424823
leaf_weight=920.87298099696636 147.12077425420284 167.66263664513826 1158.932148501277 585.92658917605877 1336.7175622731447 2041.994589664042 784.72529701888561 1092.8827458098531 22.785940781235695 602.79074470698833 15.593948870897291 1206.0462938845158 51.87108251452446 278.8414423763752 130.48813734948635 4.7515788823366156 701.64812801033258 70.565787702798843 7.6719071716070237 6.4403261393308631 8.6193246245384199 9.8853178173303586 315.0393251478672 1623.6088890880346 426.04227803647518 101.25059334933758 2467.7101753801107 25.183215841650963 1355.2228189110756 631.87517595291138
leaf_count=4597 727 1068 4860 3644 6320 12073 3899 5842 105 3012 69 5664 239 1272 586 23 3946 399 41 35 46 44 1500 7653 2142 518 12011 126 6004 2615
internal_value=3.15862e-05 -0.00698758 0.00339129 -0.0092014 0.00181023 -0.0129159 0.00395506 -0.0044634 0.00513052 -0.00132598 0.00703618 0.0103973 0.00380828 0.00850894 0.0295916 -0.00309921 -0.00331561 3.65878e-05 0.020114 0.0626514 0.09243 0.00801076 0.00141008 0.00323346 -0.00622425 -0.00202187 0.000790973 -0.00281683 0.00819604 0.00579262
internal_weight=18300.8 5924.08 12376.7 4688.16 9220.78 2627.92 5475.86 2060.24 4665.95 3744.91 3329.24 1630.97 1698.27 1484.89 146.082 1892.58 1887.83 1186.18 93.2973 22.7316 16.2912 3155.92 1235.91 1675.48 1130.08 704.041 2614.83 809.909 3146.03 1987.1
internal_count=91080 33214 57866 27117 44343 15717 25933 11400 21908 18410 15588 7591 7997 6936 655 10332 10309 6363 521 122 87 13523 6097 7892 5672 3530 12738 4025 13479 8619
is_linear=0
shrinkage=0.05


Tree=117
num_leaves=31
num_cat=0
split_feature=19 126 19 130 112 89 19 167 112 99 69 117 88 111 88 22 148 108 44 22 99 182 63 37 171 53 96 117 11 178
split_gain=241.554 60.4026 53.9302 32.1519 24.4124 22.7072 33.7206 18.307 18.2073 16.8328 13.9984 13.7614 13.6112 12.6372 14.1775 18.0207 12.5247 14.0984 12.4946 14.9906 15.4005 14.5999 12.7705 12.345 13.1097 12.9488 12.34 12.2131 12.0591 11.7742
threshold=4.7650000000000006 2.5000000000000004 2.2350000000000008 5.4650000000000007 0.036666666666665661 5.1973333333333347 5.6350000000000007 0.07817592894393742 0.050000000000001155 0.12166666666666746 0.10834273890142961 6.495000000000001 0.90999999999999959 0.044999999999999908 3.3150000000000008 55.500000000000007 4.5000000000000009 0.015000000000000952 5.4500000000000002 30.500000000000004 0.026666666666667654 64655.482005213998 0.25499003984063751 23.300000000000004 14.306451612903228 65.500000000000014 7.0650000000000004 8.3250000000000011 6.6750000000000007 1.1820855614973265
decision_type=10 10 10 2 8 2 10 2 8 8 2 2 10 8 8 2 2 8 2 2 10 2 2 2 2 2 2 2 10 2
left_child=2 8 -1 10 7 9 -7 11 12 -3 -4 -5 23 -12 -15 -16 -9 -18 19 20 -8 -22 -20 27 25 -25 -21 -2 -10 -14
right_child=1 5 3 4 -6 6 18 16 28 -11 13 -13 29 14 15 -17 17 -19 22 26 21 -23 -24 24 -26 -27 -28 -29 -30 -31
leaf_value=-0.032287848534193357 0.0040551246403178458 0.0053325617492476392 0.0068710547945330033 -0.0064928979152146689 -0.018589037481324643 -0.0071905664203901504 0.015780821933698345 -0.0031047563262872951 -0.051545094160976079 0.085280904148179404 0.0039101136244013542 -0.015925292372304115 0.016151202797633237 -0.013720408008669133 0.099753199250885438 -0.049382268178803118 0.0083652797354983825 0.11164012728113687 0.0015194597765066957 7.65671902135894e-05 0.043222072759419097 0.15659119417888293 -0.016496751226629063 0.01043640350119902 -0.018831935845804774 0.039032007330848432 0.044077156614216635 0.084226487151026846 0.00030869101865374401 0.0076743214337485696
leaf_weight=255.22664343565702 1941.0788746625185 1297.2637848630548 387.52135456353426 716.76942617446184 791.5621879696846 1668.7966024428606 150.26035739481449 775.51801945269108 11.438268974423407 6.6174031943082801 208.95405434817076 839.68323136121035 913.73586601018906 309.44329315423965 6.0310078188776952 3.0499359220266342 9.7343547120690328 5.0030623301863661 1435.3441695421934 268.71220365166664 17.67361950874329 3.3835630118846884 105.59691371023655 1252.9628913700581 37.032598540186882 40.880200162529945 16.939028784632683 4.7620216608047476 567.56678508222103 742.51683360338211
leaf_count=2607 10201 7821 2474 5202 6200 11154 906 5441 62 38 1349 6446 4308 2128 39 20 71 36 8839 1615 106 20 660 6219 189 197 100 25 2981 3626
internal_value=-2.84961e-05 0.00406795 -0.00999514 -0.00859141 -0.010996 7.11352e-05 -0.00194411 -0.00843477 0.00767219 0.00573831 -0.000344234 -0.0115815 0.00865672 -0.00564508 -0.0119133 0.0496644 -0.00223703 0.0434251 0.0024381 0.00969904 0.0213928 0.0614387 0.000284853 0.00678944 0.0105004 0.0113399 0.00268579 0.00425133 -0.000715683 0.0123509
internal_weight=14791.1 10482.6 4308.5 4053.27 3138.27 4970.59 3666.71 2346.71 5511.97 1303.88 915 1556.45 4932.97 527.478 318.524 9.08094 790.255 14.7374 1997.91 456.969 171.318 21.0572 1540.94 3276.72 1330.88 1293.84 285.651 1945.84 579.005 1656.25
internal_count=91080 59067 32013 29406 23396 31259 23400 17196 27808 7859 6010 11648 24765 3536 2187 59 5548 107 12246 2747 1032 126 9499 16831 6605 6416 1715 10226 3043 7934
is_linear=0
shrinkage=0.05


Tree=118
num_leaves=31
num_cat=0
split_feature=127 20 20 18 44 114 165 20 114 91 67 132 59 107 109 166 114 19 108 42 143 89 108 81 11 77 62 68 95 30
split_gain=300.89 81.076 70.4455 35.7576 21.5196 20.6673 19.9962 18.4177 22.4741 17.8972 17.5654 17.0801 16.9263 16.4751 15.9815 17.2364 15.7876 15.2025 15.1066 14.6964 14.4891 14.2794 13.9216 13.7856 13.7302 13.6229 19.8963 16.5932 13.23 13.1888
threshold=4.5000000000000009 2.1950000000000007 5.2950000000000008 5.2350000000000012 5.4500000000000002 0.0049999999999994008 0.16484511864946647 6.1650000000000009 -0.11833333333333264 1.5000000000000002 0.13796551724137932 1.5000000000000002 0.13341139734582358 0.14999999999999988 0.044999999999999908 0.25526374113475181 0.048333333333334158 7.535000000000001 0.046666666666667259 23.400000000000002 3.5000000000000004 4.2308333333333348 -0.0066666666666654493 1.0000000180025095e-35 6.5450000000000008 2.5000000000000004 0.14483719143213908 0.18692641239370208 6.5850000000000009 29.800000000000004
decision_type=8 10 10 10 2 8 2 10 8 2 2 2 2 10 8 2 8 10 10 2 2 2 8 2 8 2 2 2 2 2
left_child=2 -2 12 7 5 -3 11 8 13 -9 -10 24 16 -4 15 -13 17 19 -17 23 25 -16 -6 28 -5 -21 27 -27 -1 -30
right_child=1 4 3 6 22 -7 -8 9 10 -11 -12 14 -14 -15 21 18 -18 -19 -20 20 -22 -23 -24 -25 -26 26 -28 -29 29 -31
leaf_value=0.12141199219429294 -0.034528858552391024 -0.0072748478107813042 0.019789392046741752 0.1117038702184447 -0.010583540605797633 -0.018570873234294776 -8.2677604250937285e-05 -0.0031624568176305255 0.017443008937369952 0.018923920781421688 0.0046193255431715395 -0.0074582266120394496 -0.0059149836483892975 0.15809794188515017 0.10965225303156423 0.023793543400720932 -0.012383068982575702 0.10359800625958221 0.12672423554844509 -0.0030189866020942642 -0.018166943008790362 0.029897093100560868 -0.00052372060364042799 0.0043491634748380409 0.0060733128595867325 0.16357978005477586 0.0050056550544933078 0.0086611887069768471 0.014903515100220133 0.065514640270643326
leaf_weight=3.2421569600701323 372.32011447101831 715.9511996358633 4.2952404320240003 3.0823333561420432 643.13281732425094 932.08915040642023 1307.5722811743617 100.01027641445398 366.32715172320604 1106.8309318572283 985.24068403989077 66.821904554963112 1308.1557508707047 4.3173317834734917 5.9173560440540305 23.026143185794357 142.32884728908539 3.9475953578948966 4.2175755798816672 47.689116828143597 113.37473192065954 108.82148650288582 739.1979780420661 433.14085377007723 1591.1780026778579 4.9608523100614574 11.285676322877405 2.6527453809976578 145.29578839242458 14.123400971293448
leaf_count=24 5507 7162 26 19 6299 10067 9310 568 2346 6226 6658 410 10639 26 34 142 1188 28 24 353 877 650 7052 3235 10879 37 83 20 1083 108
internal_value=-7.77506e-05 -0.01251 0.00527176 0.00822946 -0.00980471 -0.0136636 0.00462484 0.0125974 0.00860809 0.0170936 0.00809504 0.0080387 -0.00225799 0.089121 0.0214855 0.00620811 0.00293041 0.00572573 0.0397282 0.00522769 -0.00729417 0.0340103 -0.00520408 0.00900994 0.00627754 0.011218 0.0471427 0.109603 0.0214208 0.0193873
internal_weight=11310.5 3402.69 7907.86 5677.66 3030.37 1648.04 3110.64 2567.02 1360.18 1206.84 1351.57 1803.06 2230.2 8.61257 208.804 94.0656 922.042 779.713 27.2437 775.765 179.963 114.739 1382.33 595.802 1594.26 66.5884 18.8993 7.6136 162.661 159.419
internal_count=91080 36087 54993 37318 30580 17229 21468 15850 9056 6794 9004 12158 17675 52 1260 576 7036 5848 166 5820 1370 684 13351 4450 10898 493 140 57 1215 1191
is_linear=0
shrinkage=0.05


Tree=119
num_leaves=31
num_cat=0
split_feature=128 128 21 119 116 116 119 173 15 59 120 182 92 172 108 137 119 81 109 117 40 54 33 121 8 90 107 181 143 81
split_gain=377.194 83.4987 56.1322 29.8981 21.6018 19.8646 19.636 18.4118 15.6874 15.3934 16.1792 14.6712 16.7195 14.5649 14.1356 24.2004 14.0046 20.7542 16.9686 13.8135 19.408 35.7329 13.7565 20.3982 19.7323 17.4264 14.5756 19.5138 14.7908 14.4357
threshold=4.5000000000000009 2.5000000000000004 1.8750000000000002 1.8200000000000001 -0.0083333333333341485 -0.039999999999999543 4.9350000000000014 10.553853046594986 6.8150000000000004 0.05006265664160401 0.30021459227467812 7060.840092562742 6.5000000000000009 0.31209969367864104 0.11999999999999968 0.91666666666666685 1.4350000000000003 14.500000000000002 0.22999999999999998 5.035000000000001 9.4500000000000011 9.5000000000000018 9.3000000000000025 0.081160331814782008 0.75000000000000011 0.49833333333333335 0.18500000000000008 1.1433797909407668 5.5000000000000009 15.500000000000002
decision_type=8 10 10 2 8 8 2 2 8 2 2 2 2 2 8 2 2 2 8 2 2 2 2 2 8 10 8 2 2 2
left_child=1 3 -2 -1 19 13 -7 9 22 -8 -11 -10 -13 -5 16 -16 17 18 -6 20 21 -4 23 -3 26 -26 28 -28 29 -24
right_child=2 8 4 5 14 6 7 -9 11 10 -12 12 -14 -15 15 -17 -18 -19 -20 -21 -22 -23 24 -25 25 -27 27 -29 -30 -31
leaf_value=0.00081576733625856766 -0.03653469080876217 0.00934430684916953 -0.010397610349249896 0.030760910053185986 -0.00780808585935025 0.0099238657971883349 0.068555750406775848 0.11043215336453366 -0.020161862994996307 0.016612950784189048 0.094442279997848877 -0.0088427837834040776 0.0037178330884986375 0.014946343489165181 -0.01964037472663217 0.17878672025548467 -0.02063757137140914 0.1752231532600684 0.1650337856229033 -0.0083532115648701482 -0.0034933061269152091 0.23981680777113509 0.0036453308158605259 -0.0077436264482343767 0.026386550788441938 0.24090092687744394 0.20420128544301386 0.027728754358329562 0.033883566221518342 0.11910348614608457
leaf_weight=544.6981557905674 330.25384611263871 303.52596159279346 2.9015510268509379 255.057213999331 142.12830243632197 2058.7658043056726 17.102048173546791 6.1814757585525504 136.45654780045152 200.62849687039852 6.9073468521237364 545.67274760454893 514.959627404809 339.22786608338356 4.0850250497460356 2.4631021730601788 1070.7278132215142 1.5959910452365864 1.4343321621417988 698.06340079009533 9.7234488613903505 2.8074752874672413 306.99357230961323 411.29568935930729 2.0698443204164501 1.7448448091745374 2.1998265236616126 5.4409913420677185 50.348024278879166 2.7313320785760871
leaf_count=5456 7431 3351 38 1723 2337 15689 99 35 1653 1223 42 6542 6051 2356 66 36 17692 26 23 10013 134 36 3477 4848 22 19 23 57 553 29
internal_value=-0.000222057 0.00662578 -0.0174823 0.0115593 -0.0142321 0.0135885 0.0114743 0.0253031 -0.000781815 0.0229606 0.0192033 -0.00472977 -0.00274434 0.0217337 -0.0182672 0.0549987 -0.0186618 -0.00408782 -0.00608123 -0.00731879 0.0394715 0.112648 0.00356858 -0.000487787 0.011373 0.124506 0.0101994 0.078536 0.00874927 0.00466351
internal_weight=7978.19 5712.01 2266.18 3428.57 1935.93 2883.87 2289.59 230.819 2283.44 224.638 207.536 1197.09 1060.63 594.285 1222.43 6.54813 1215.89 145.159 143.563 713.496 15.4325 5.70903 1086.35 714.822 371.528 3.81469 367.714 7.64082 360.073 309.725
internal_count=91080 53248 37832 26623 30401 21167 17088 1399 26625 1364 1265 14246 12593 4079 20180 102 20078 2386 2360 10221 208 74 12379 8199 4180 41 4139 80 4059 3506
is_linear=0
shrinkage=0.05


Tree=120
num_leaves=31
num_cat=0
split_feature=34 176 123 115 98 59 16 21 125 182 58 16 55 3 30 89 109 56 81 130 66 109 114 67 2 44 120 163 60 127
split_gain=83.7851 25.6843 24.5335 21.1244 20.2604 19.7434 17.66 16.8874 17.9376 17.3264 16.7634 16.5587 16.7406 19.8413 19.618 16.0037 14.9466 14.0509 13.4893 13.2309 13.3559 13.6937 14.3802 13.0636 12.915 12.8005 12.7576 12.6081 17.5853 12.2909
threshold=14.500000000000002 8.5723809523809535 1.5000000000000002 0.35000000000000009 0.074999999999999664 0.16132245212697593 3.4550000000000005 4.4750000000000005 1.5000000000000002 182926.27954870698 0.20607741689628886 5.9150000000000009 5.5000000000000009 19.050000000000004 41.050000000000004 5.8450000000000015 0.05000000000000026 14.500000000000002 2.5000000000000004 6.2350000000000012 0.22910071061014456 0.09000000000000026 -0.0083333333333332482 0.26235321474247181 1.5000000000000002 3.5000000000000004 0.48809523809523808 3.3325000000000005 0.18500585480093676 3.5000000000000004
decision_type=2 2 8 8 10 2 10 10 8 2 2 10 2 8 2 2 10 2 2 2 2 10 10 2 8 2 2 2 2 8
left_child=1 3 5 6 19 -2 -1 10 9 -9 -4 12 29 14 27 16 -12 -17 -16 -3 -21 -22 -23 -15 -10 -24 -6 -14 -29 -8
right_child=2 4 7 -5 26 -7 11 8 24 -11 15 -13 13 23 18 17 -18 -19 -20 20 21 22 25 -25 -26 -27 -28 28 -30 -31
leaf_value=-0.015323955601244913 -0.0072246330877541627 -0.01574850936857991 0.0057934818362629257 0.083258948209587458 -0.00038295055522031396 0.0030856545033438425 0.0013447044742700724 0.0071572226328701473 -0.0024769829325584532 0.037917651614612989 0.024657259746636968 -0.0066428150629073805 0.0022374932849062619 -0.0087191527053144466 0.026276487895079265 0.002555447209998743 0.005629724729404843 0.11060416435620367 0.1282493680217007 -0.0088330079300150931 -0.0010904476277359774 -0.0095610423587676376 0.12384046105680574 0.06467099991314687 0.0032579376304532055 0.035909481910775219 0.0964941299847491 0.11667363487446375 -0.016346473524534479 0.014207570793387296
leaf_weight=215.78635980188847 941.62810909748077 706.63936655968428 2029.1572198271751 7.3632734715938559 612.53930653631687 916.01851918548346 366.0324914008379 991.89895133674145 1505.1206865161657 47.993799731135368 203.01988020539284 790.78236396610737 675.98562452197075 616.94206893444061 9.1201840192079526 4.7278113216161719 209.93246795237064 8.2756890058517438 5.0326804369688025 1449.7139916568995 90.128208555281162 10.231541700661184 6.073414862155917 6.1237526386976233 2822.9213367253542 12.993810288608072 3.4172944724559775 5.6835713535547239 4.414338618516922 376.9912373572588
leaf_count=1357 5603 4882 10642 38 3786 5577 2095 5220 8274 244 1053 5129 3899 3781 53 28 1098 43 29 9799 609 70 40 38 15380 88 21 33 26 2145
internal_value=0.000151633 -0.00450586 0.00302483 -0.00132877 -0.00789008 -0.00214056 -0.00153146 0.00425139 0.00268032 0.0085769 0.00768644 -0.000489763 0.00186501 -0.00150731 0.00426793 0.016704 0.0149842 0.0713198 0.0625375 -0.0100674 -0.00750902 0.00856282 0.038258 -0.00799784 0.00126356 0.0639178 0.000154518 0.00306592 0.0585234 0.00787099
internal_weight=15652.7 5971.99 9680.69 3080.26 2891.74 1857.65 3072.89 7823.05 5367.93 1039.89 2455.11 2857.11 2066.33 1323.3 700.236 425.956 412.952 13.0035 14.1529 2275.78 1569.14 119.427 29.2988 623.066 4328.04 19.0672 615.957 686.084 10.0979 743.024
internal_count=91080 37918 53162 18623 19295 11180 18585 41982 29118 5464 12864 17228 12099 7859 4040 2222 2151 71 82 15488 10606 807 198 3819 23654 128 3807 3958 59 4240
is_linear=0
shrinkage=0.05


Tree=121
num_leaves=31
num_cat=0
split_feature=124 140 170 59 29 108 108 17 107 175 35 92 137 26 55 130 170 171 108 89 42 19 83 3 163 46 9 20 51 3
split_gain=163.515 54.7394 51.2988 45.5896 36.2702 30.0571 26.3995 21.5353 21.3083 18.946 17.6774 17.6929 17.3652 16.4468 15.5056 14.9057 14.8865 14.8066 14.7961 21.4534 14.2319 14.181 16.6891 15.1134 14.159 13.9194 16.8052 13.6173 13.4491 13.3598
threshold=4.5000000000000009 2.5000000000000004 8.7563039638932523 0.16682301438398997 22.900000000000002 0.026666666666665905 -0.013333333333334049 3.5750000000000006 0.27499999999999991 11.34718733647305 38.800000000000004 4.5000000000000009 0.75000000000000011 45.500000000000007 17.500000000000004 6.0150000000000006 9.6939975990396174 2.257603686635945 -0.0099999999999992473 6.4275000000000011 27.150000000000002 6.0750000000000011 3.5000000000000004 17.050000000000004 4.6866666666666674 0.15424266455194288 6.8050000000000006 6.9850000000000012 0.18724593495934957 29.050000000000004
decision_type=8 2 2 2 2 8 8 8 8 2 2 2 2 2 2 2 2 2 8 2 2 10 2 10 2 2 8 8 2 8
left_child=1 2 13 6 9 10 25 -8 20 21 12 -12 14 -1 28 -9 -6 -17 19 -5 -7 22 -3 -23 -15 -2 -27 -20 29 -4
right_child=3 4 5 18 16 8 7 15 -10 -11 11 -13 -14 24 -16 17 -18 -19 27 -21 -22 23 -24 -25 -26 26 -28 -29 -30 -31
leaf_value=0.003522223284441359 -0.0097770355614323137 -0.0047159161163120092 0.01530797031543513 -0.00039332416618593244 -0.00078675039777510172 -0.0003830446146734021 -0.023929705918913746 -0.0048232626848103118 -0.046698458560846562 0.03411771479515617 0.0071335415675761338 0.023080618113124274 0.013343593913659435 -0.0032662711018136858 0.00023366856107544655 -0.01676275940612015 0.0076243102594639681 -0.0034236050862264918 -0.0016907873951741053 0.019777994012736722 0.015453926077706157 -0.0031735895192395603 0.0072647830365432618 -0.017240880338482454 0.052483740871788802 -0.0093855624566882949 0.007048915387769198 -0.018231343337424263 0.0026314821668962699 -0.0067023701424556749
leaf_weight=2436.1140621006489 704.11351048946381 2156.6075157523155 726.47444675862789 446.19420185685158 960.83718292415142 917.36155541241169 420.74317105859518 590.95870794355869 22.873980388045311 31.357308030128479 273.52402409911156 477.68496355414391 1280.164878308773 1685.3100296407938 755.98638468980789 1130.379923671484 1162.5352858304977 254.95988617837429 766.56336461007595 187.08518761396408 167.80917519330978 349.31827805936337 335.95635570585728 421.10171781480312 11.466384738683699 261.54382899403572 383.82959395647049 148.54378172755241 478.88998959958553 76.170856714248657
leaf_count=10615 3736 9885 3032 2089 4341 3922 2502 2872 104 145 1083 1864 5093 7352 3166 6307 4931 1319 3741 820 714 1616 1434 1988 50 1346 1962 714 2017 320
internal_value=9.15535e-06 0.00271844 0.00504381 -0.00752659 -0.00127749 0.00836003 -0.0105092 -0.0136584 0.00105929 -0.00456196 0.0103482 0.0172741 0.00877996 0.000889851 0.00591266 -0.0114717 0.00381826 -0.0143078 -0.000309727 0.00556574 0.00206596 -0.00493367 -0.00310112 -0.0108626 -0.00288953 -0.00491542 0.000388684 -0.00437572 0.00926273 0.0132192
internal_weight=20022.5 14727.5 9309.83 5294.92 5417.71 5176.94 3746.53 2397.04 1108.04 3294.34 4068.9 751.209 3317.69 4132.89 2037.52 1976.3 2123.37 1385.34 1548.39 633.279 1085.17 3262.98 2492.56 770.42 1696.78 1349.49 645.373 915.107 1281.54 802.645
internal_count=91080 63672 39332 27408 24340 21315 20044 13000 4740 15068 16575 2947 13628 18017 8535 10498 9272 7626 7364 2909 4636 14923 11319 3604 7402 7044 3308 4455 5369 3352
is_linear=0
shrinkage=0.05


Tree=122
num_leaves=31
num_cat=0
split_feature=18 130 137 60 8 18 18 121 36 36 48 36 151 99 19 53 120 18 23 119 19 166 53 110 100 58 34 125 108 145
split_gain=157.565 43.9454 32.6852 28.5563 21.913 21.7764 21.3295 27.6473 17.902 16.2478 15.9734 13.7653 19.1311 16.2406 17.1701 14.3456 15.6759 13.4842 15.7858 14.2967 14.5236 13.8652 13.1993 13.1489 14.1123 13.4286 17.5316 12.571 16.2453 13.5083
threshold=5.1050000000000013 6.035000000000001 1.0000000180025095e-35 0.12124962496249621 2.7500000000000004 2.8350000000000004 6.1250000000000009 0.12512626262626261 40.800000000000004 15.700000000000001 0.074350469872857858 31.900000000000002 2.5000000000000004 -0.0099999999999992473 3.8850000000000002 16.500000000000004 0.23247547860093984 3.6050000000000004 29.500000000000004 1.575 4.2250000000000005 0.39189408706952572 23.500000000000004 0.0083333333333332517 0.025999999999999353 0.038567785805354811 16.450000000000003 2.5000000000000004 0.12666666666666648 -0.036659912388096343
decision_type=10 2 2 2 8 10 10 2 2 2 2 2 2 8 10 2 2 10 2 2 8 2 2 8 10 2 2 10 10 2
left_child=1 5 8 17 6 -1 7 -4 27 23 22 12 13 14 -8 -13 -17 -3 19 -19 -21 -20 -7 24 -5 26 -25 28 29 -2
right_child=2 3 4 9 -6 10 11 -9 -10 -11 -12 15 -14 -15 -16 16 -18 18 21 20 -22 -23 -24 25 -26 -27 -28 -29 -30 -31
leaf_value=-0.02492485792885062 0.0065495734041407377 -0.023277882015709461 0.0073630092153482143 -0.0005306170879120619 -0.046483840887076182 -0.0019251370003236425 0.046461943304930843 -0.0023045392014976519 0.010983239156762982 -0.0022584258402986715 0.0034484874448668518 0.010806541092542896 0.0026583642729138702 0.0050867553883625948 0.015987725376960121 0.0408965860890734 0.01499889127799044 0.098681610944094139 -0.017489296556618648 0.013100128887631946 -0.0098710422901698205 0.020127122823739987 -0.014231046726572529 -0.0070808875464816101 -0.019712288653342822 -0.016871467973405545 0.13909822159516808 -0.0028295258190929491 0.055518517267363066 -0.00038583046119839109
leaf_weight=94.511916503310204 1060.0999109745026 346.01340172439814 2103.1309966146946 419.16976806521416 19.514994770288467 1335.4347510635853 51.928695380687714 1140.622536867857 416.90927083790302 1358.7773209214211 1355.3281026482582 423.17071232199669 869.53376370668411 346.61674207448959 420.59530545771122 102.57016989588737 135.78737822175026 3.3449507802724829 758.85947923362255 86.843942120671272 331.34666487574577 25.314080566167831 260.39170278608799 5.7722889930009824 124.32989478111267 543.71321576833725 3.1817135363817215 2053.0022465288639 14.220444291830061 2079.0207986831665
leaf_count=645 4902 2426 9420 2309 94 6860 209 5486 1906 7622 6816 1761 3814 1488 1790 418 564 19 4478 497 1962 143 1348 34 696 3305 20 10382 61 9605
internal_value=3.1419e-05 -0.00582669 0.00370805 -0.00926789 0.00640706 -0.00129968 0.00659157 0.00396355 0.00101374 -0.00591194 -0.000543079 0.0102188 0.00782375 0.0133069 0.0193367 0.0163325 0.0261432 -0.0145773 -0.0120804 -0.00427718 -0.00510071 -0.016275 -0.0039331 -0.0104407 -0.00491858 -0.0158713 0.0448624 0.000215416 0.00219784 0.0019563
internal_weight=18289.1 7052.33 11236.7 4006.67 5613.47 3045.67 5593.96 3243.75 5623.25 2454.94 2951.15 2350.2 1688.67 819.141 472.524 661.528 238.358 1551.72 1205.71 421.536 418.191 784.174 1595.83 1096.17 543.5 552.667 8.954 5206.34 3153.34 3139.12
internal_count=91080 39180 51900 23511 25044 15669 24950 14906 26856 13986 15024 10044 7301 3487 1999 2743 982 9525 7099 2478 2459 4621 8208 6364 3005 3359 54 24950 14568 14507
is_linear=0
shrinkage=0.05


Tree=123
num_leaves=31
num_cat=0
split_feature=19 126 126 119 112 120 37 7 112 118 130 37 169 63 26 179 65 77 173 47 98 46 63 47 88 77 68 15 20 108
split_gain=221.593 70.6718 37.0293 36.3876 30.3875 21.2608 17.0344 17.2802 16.6376 15.8972 14.4614 14.3039 13.9521 13.6581 13.1893 12.3905 12.143 13.1785 15.8839 14.0314 12.9133 15.1995 13.9595 15.0904 13.6589 12.9861 13.1605 12.3592 13.8045 11.921
threshold=5.0750000000000011 5.5000000000000009 2.5000000000000004 3.370000000000001 0.0083333333333323514 0.20016286644951145 25.400000000000002 7.0250000000000012 -0.033333333333332743 3.9150000000000005 6.4050000000000011 21.550000000000001 0.077173728903288621 0.058885448916408657 4.5000000000000009 4.5449494949494964 0.14486451418793134 3.5000000000000004 4.1675268817204314 0.26695402298850573 1.0000000180025095e-35 0.040956108470785561 0.22462985569850061 0.13811445341159209 -1.3799999999999994 9.5000000000000018 0.18001956947162426 6.7250000000000005 4.9750000000000005 0.019999999999999053
decision_type=10 8 10 2 8 2 2 8 8 2 2 2 2 2 2 2 2 2 2 2 10 2 2 2 8 2 2 8 8 10
left_child=1 4 11 8 5 -1 7 -4 -3 -8 -6 16 14 -14 -13 -7 20 -18 -19 27 21 -2 24 -24 -23 26 -22 28 -20 -15
right_child=2 3 6 -5 10 15 9 -9 -10 -11 -12 12 13 29 -16 -17 17 18 19 -21 25 22 23 -25 -26 -27 -28 -29 -30 -31
leaf_value=0.008097466662669207 0.0021769426302243587 0.0011602555286214138 -0.0018718574466570299 -0.028927694030040547 -0.0054881681306717415 -0.0046734779593811619 0.017591660381213153 0.016116439299715471 -0.01484568398642961 0.0030483559389653143 -0.014488319198783288 -0.018329745397612892 0.044858702982217974 0.0018125515723344393 0.014004181282517651 0.012643345477356556 0.005191401627745779 -0.010501542701540013 0.0077224032134509957 -0.021263622762840512 -0.00068462396841584999 0.11321518880497457 0.1277618458579709 0.021101716240590651 0.021910155956665928 0.054457715168702348 0.016083291141968294 0.0085659527472033391 0.086089609654095248 0.013021265632984502
leaf_weight=572.05903375148773 76.855261474847794 195.51260883361101 2736.2746851295233 447.65228291600943 1185.7238192483783 1314.1032703071833 245.27031221985817 140.35674968361855 957.35850608348846 803.37874633073807 715.74216414242983 32.25261427462101 22.097496390342712 792.55373027920723 1425.1520815491676 112.11076725274324 1465.0823577642441 335.0738438218832 10.66794176399708 32.750188365578651 358.1695231795311 4.2277651578187943 7.1600664407014829 6.1770433634519577 131.48521882295609 13.496319219470022 173.80178813636303 116.82273490726948 11.87432339787483 338.54224073886871
leaf_count=3510 384 1449 17128 4425 8136 8791 1382 844 7636 4865 5380 155 103 3955 6825 698 7619 1761 53 175 1799 22 35 33 640 68 887 597 60 1665
internal_value=-3.00846e-05 -0.00798225 0.00468341 -0.0168291 -0.00435134 -4.59139e-05 0.000994536 -0.000994172 -0.0121313 0.00644991 -0.00887597 0.00738778 0.0100371 0.00592794 0.0132886 -0.00331225 0.00486689 0.00278663 -0.00415988 0.00818608 0.0101858 0.0202383 0.0295514 0.0783625 0.0247545 0.00602249 0.00479367 0.0151066 0.049003 0.00516737
internal_weight=14779.8 5500.26 9279.52 1600.52 3899.74 1998.27 3925.28 2876.63 1152.87 1048.65 1901.47 5354.24 2610.6 1153.19 1457.4 1426.21 2743.64 1972.27 507.189 172.115 771.373 225.905 149.05 13.3371 135.713 545.468 531.971 139.365 22.5423 1131.1
internal_count=91080 40025 51055 13510 26515 12999 24219 17972 9085 6247 13516 26836 12703 5723 6980 9489 14133 10265 2646 885 3868 1114 730 68 662 2754 2686 710 113 5620
is_linear=0
shrinkage=0.05


Tree=124
num_leaves=31
num_cat=0
split_feature=20 20 127 89 28 157 10 168 105 114 84 13 60 112 130 86 5 35 177 63 162 65 56 130 62 18 9 36 110 107
split_gain=279.484 77.1512 63.5466 29.6834 24.2282 22.7089 22.5805 18.3408 17.3498 17.238 16.9392 16.4521 16.4273 15.9519 15.884 15.84 15.3543 15.3147 16.9103 15.0959 14.4919 18.1412 16.0259 14.2298 14.1932 18.9728 13.3804 13.2745 13.1809 18.7745
threshold=4.7350000000000012 2.6750000000000003 2.5000000000000004 4.8675000000000015 31.700000000000006 -0.062678571428571486 1.2500000000000002 0.31734949832775922 5.5000000000000009 -0.051666666666665341 3.5000000000000004 6.8250000000000011 0.25968500041230319 -0.088333333333332445 4.7750000000000012 3.5000000000000004 6.8950000000000005 24.250000000000004 8.3219402985074655 0.16154917505892438 5.0050000000000008 0.15884072719049583 12.500000000000002 6.4050000000000011 0.19384979087106749 4.035000000000001 6.8750000000000009 23.650000000000002 0.030000000000000655 0.029999999999999753
decision_type=10 10 10 2 2 2 10 2 8 8 2 8 2 10 2 2 10 2 2 2 2 2 2 2 2 10 8 2 8 8
left_child=1 -1 8 5 6 -3 -4 -5 10 12 15 20 -7 19 24 -2 -16 18 28 -13 26 -22 23 -23 -11 -26 -6 -12 -15 -30
right_child=2 3 4 7 11 9 -8 -9 -10 14 27 13 -14 17 16 -17 -18 -19 -20 -21 21 22 -24 -25 25 -27 -28 -29 29 -31
leaf_value=-0.031091799044500025 0.0083722184677463476 0.1319505405612762 0.0098260846701100097 -0.015254797112220303 0.0006095172561949181 0.011773315996049118 0.15443091110800955 0.010877516903717591 0.00096121374121145055 0.0051280779324001735 0.011152994625345117 0.060443377097819662 0.1361568412000104 -0.0017164208507427286 -0.0049584746417513448 0.015637033105681122 -0.019665011253240303 -0.010804501020695308 -0.01812467132605838 0.0019340820786932001 -0.01452160478507656 0.14171972315539341 0.16975134941518433 0.013089848181153153 0.17576265856266077 0.0051582481311057381 0.021268805729987197 -0.0030559696549652383 -0.0076924832824512099 0.027720718850308659
leaf_weight=469.61856796965003 1489.149928085506 3.0750353261828414 487.40249272435904 1430.4127399548888 1551.2752524539828 107.59526056051254 2.714687541127204 70.450003199279308 557.08303512632847 174.66388738900423 294.45585456490517 17.611982136964798 2.7216330394148818 534.88803654909134 807.28047125786543 1512.3079808056355 227.4947472140193 763.74866952747107 122.03310516476631 29.47269532084465 9.0762084200978297 2.9024033695459357 3.4450762420892707 8.2947778925299627 2.8939441218972197 3.7301554530858994 82.545856013894081 372.0833080932498 59.404971435666084 101.15868983417749
leaf_count=7052 9158 28 3893 14712 12747 890 20 714 3578 1372 1874 141 22 4473 7515 8333 2111 6552 1057 242 72 22 26 68 20 27 631 2434 486 810
internal_value=-7.94679e-05 -0.0123231 0.00497028 -0.00920895 0.000256756 -0.0037684 0.010627 -0.0140282 0.00918278 -0.00408304 0.0104314 -0.00129007 0.014842 -0.00485966 -0.00579985 0.0120327 -0.0081917 -0.00571364 -0.000957428 0.0238194 0.00221659 0.0410191 0.0754468 0.0464318 0.00785258 0.0796921 0.00165329 0.0032211 0.00205496 0.0146186
internal_weight=11301 3299.94 8001.06 2830.32 3775.97 1329.46 490.117 1500.86 4225.08 1326.38 3668 3285.86 110.317 1628.32 1216.06 3001.46 1034.78 1581.23 817.485 47.0847 1657.54 23.7185 14.6423 11.1972 181.288 6.6241 1633.82 666.539 695.452 160.564
internal_count=91080 34463 56617 27411 31240 11985 3913 15426 25377 11957 21799 27327 912 13761 11045 17491 9626 13378 6826 383 13566 188 116 90 1419 47 13378 4308 5769 1296
is_linear=0
shrinkage=0.05


Tree=125
num_leaves=31
num_cat=0
split_feature=128 128 21 119 116 116 17 21 39 20 119 33 18 119 3 110 145 112 91 40 116 59 37 22 37 27 177 19 65 4
split_gain=348.161 74.7446 55.2393 26.648 22.2005 16.2725 18.861 16.8094 21.4893 15.7115 15.1053 18.4412 15.2891 19.4145 18.6216 21.5411 21.8494 18.4136 19.7341 18.4043 19.779 14.5725 21.8244 14.4615 26.0973 17.1592 13.7102 13.3381 12.9808 12.711
threshold=4.5000000000000009 2.5000000000000004 2.5650000000000004 2.7750000000000008 -0.0066666666666672491 0.024999999999999852 5.455000000000001 6.0650000000000004 36.95000000000001 1.0950000000000004 4.075000000000002 7.8500000000000005 4.745000000000001 0.78499999999999981 21.950000000000003 0.008333333333334152 -0.034204520000440344 -0.024999999999998947 5.5000000000000009 6.1500000000000012 0.018333333333333052 0.22474047199971262 22.650000000000002 24.500000000000004 13.950000000000001 13.500000000000002 25.039130434782614 7.9450000000000012 0.20819650951217147 2.2500000000000004
decision_type=8 10 10 2 8 8 8 10 2 10 2 2 10 2 10 8 2 8 2 2 10 2 2 2 2 2 2 8 2 8
left_child=1 3 -2 5 9 6 7 8 28 -4 11 -3 14 17 -13 21 19 18 -14 -17 -21 -16 -23 24 -18 -25 -8 -11 -1 -6
right_child=2 10 4 -5 29 -7 26 -9 -10 27 -12 12 13 -15 15 16 23 -19 -20 20 -22 22 -24 25 -26 -27 -28 -29 -30 -31
leaf_value=0.0089067737503814425 -0.031648600126347202 -0.006189560021565575 0.12275993391795588 0.015093999821947507 -0.017444582040143441 -0.0017635105249947523 0.0016075170163884689 0.021986171078314701 0.15152102673222062 -0.0063788211153502153 0.0094503430625564096 0.003079567507947648 0.25748821168818797 -0.0024634802062619534 -0.0038787670987580035 -0.0015991044999869098 0.19250314542809008 0.017264676826634334 0.06063379552621815 0.21751496544015334 0.049171380677078012 0.011316908722690738 0.22281581984245574 0.16014288005631253 0.016826345797657401 0.0047147025834305334 0.1222392245909751 0.1183661036303886 -0.022106070237805045 0.095598082808313153
leaf_weight=262.94207143783569 499.25153662264347 1211.1007500067353 2.3790564462542525 1816.0197922587395 1073.5098623633385 452.61173469573259 512.4865550249815 372.29202888906002 2.520843230187892 648.81556008383632 313.688770391047 121.75855336338282 1.8165065869688986 530.78222820535302 34.964765876531601 2.2754463851451856 3.7724415659904498 16.00895115733147 4.2559138834476471 5.1159737855195999 2.6478926688432693 3.5286421775817862 1.864089213311672 1.9406585544347787 4.808721624314785 20.895322777330875 2.3662522584199897 2.1499322801828376 38.707931943237782 2.4925479069352141
leaf_count=2365 10396 14527 27 12060 18013 4222 4728 2858 22 9333 3343 1379 21 6212 397 25 39 188 51 49 31 40 21 20 53 229 21 31 347 32
internal_value=-0.000224435 0.00628664 -0.0169979 0.0109191 -0.0127683 0.0063071 0.00937334 0.0148619 0.00614209 -0.00549809 -0.000739387 -0.00236396 0.00376106 -0.000552398 0.0154756 0.0339238 0.0592376 0.0453853 0.119521 0.123451 0.160101 0.00792075 0.0844251 0.0387183 0.0940572 0.0179234 0.00216194 -0.00596683 0.00492718 -0.0171827
internal_weight=7969.77 5741.17 2228.6 3459.95 1729.35 1643.93 1191.32 676.463 304.171 653.345 2281.23 1967.54 756.436 552.864 203.573 81.814 41.4565 22.0814 6.07242 10.0393 7.76387 40.3575 5.39273 31.4171 8.58116 22.836 514.853 650.965 301.65 1076
internal_count=91080 53248 37832 26623 27436 14563 10341 5592 2734 9391 26625 23282 8755 6472 2283 904 446 260 72 105 80 458 61 341 92 249 4749 9364 2712 18045
is_linear=0
shrinkage=0.05


Tree=126
num_leaves=31
num_cat=0
split_feature=28 34 98 93 90 92 130 92 98 55 34 167 113 52 66 65 182 48 41 50 121 172 28 142 18 44 50 54 170 111
split_gain=77.9927 33.2387 23.676 20.9866 18.853 18.2787 16.9882 15.1837 16.0908 14.2725 17.489 13.1306 12.7285 12.0685 13.6516 12.9445 12.2186 12.1731 15.4109 13.6029 15.7804 14.3963 12.3563 15.106 12.0178 12.5152 13.0833 12.0176 11.9294 11.881
threshold=67.15000000000002 21.300000000000001 0.05000000000000026 0.68301270189221941 -1.925 10.500000000000002 6.2350000000000012 3.5000000000000004 0.044999999999999908 8.5000000000000018 39.000000000000007 0.34292615596963422 0.2399999999999998 12.500000000000002 0.062608885017421609 0.25468768311262163 7060.840092562742 0.37161172161172168 39.650000000000006 0.23503836317135549 0.073785614905329325 4.1672619047619053 45.250000000000007 2.5000000000000004 7.2950000000000008 8.0000000000000018 0.18720794392523363 6.5000000000000009 24.857368272752886 0.22500000000000009
decision_type=2 2 10 2 10 2 2 2 10 2 2 2 10 2 2 2 2 2 2 2 2 2 2 2 10 2 2 2 2 8
left_child=1 4 6 5 -1 9 29 8 -6 12 -11 -7 -3 14 -9 16 -16 -15 19 22 -21 -22 23 -19 -10 -26 -27 -23 -5 -2
right_child=2 3 -4 28 7 11 -8 13 24 10 -12 -13 -14 17 15 -17 -18 18 -20 20 21 27 -24 -25 25 26 -28 -29 -30 -31
leaf_value=-0.023232195020938748 -0.016273721123457402 0.0040603083247596466 -0.0005939213682223457 0.0016511669774579218 -0.00043392762587005573 -0.0028920296889330798 -0.0064593479726733115 0.027219486262400616 0.0079269927232598677 0.0097549043177884483 0.026745511336586453 0.024376568228095353 0.057182476915296709 -0.0050586625979356023 -0.010038561392428529 0.023058679221385544 0.0012190898413837255 -0.019227655413550555 0.11014058340911657 -0.031770308294673387 0.11416066876051952 0.090196219545969902 -0.01586263172311277 0.046702756666991974 0.099737193560609297 -0.029005052459052473 0.077059698407307364 0.011704597364489512 -0.012146570927506373 0.055804580380312344
leaf_weight=88.567884348332882 705.94750674813986 1334.9093550294638 1193.8424661681056 1428.3441142588854 1036.7646713703871 585.48354935646057 1663.504760324955 48.608904972672462 839.93656231462955 1738.7725640833378 165.90810972452164 47.746969744563103 11.372304439544676 2158.356665328145 275.71591734886169 61.514750748872757 1915.7740125358105 14.370201587677 3.7354221343994132 7.9445722103118888 6.3833498209714881 6.4202472120523479 64.103971779346466 21.971428230404854 7.2564608901739147 6.7928138971328718 5.0831523239612579 20.281197443604469 175.95213241875172 5.7639038190245619
leaf_count=608 4931 6980 7391 7657 6013 3122 11189 274 4735 9009 758 251 58 12884 1612 350 11226 84 22 46 38 39 386 123 39 38 29 124 1023 41
internal_value=0.000155771 0.0020747 -0.00633807 0.00494876 -0.000319121 0.0069358 -0.00922522 -6.95964e-06 0.00375914 0.00844959 0.0112349 -0.000835918 0.00450904 -0.00155737 0.00100333 0.000437708 -0.000197259 -0.00411589 0.0098972 0.00725043 0.0315089 0.046704 -0.00265852 0.0206326 0.00881954 0.0480033 0.0163928 0.0305776 0.000137892 -0.01569
internal_weight=15647.1 12078.1 3569.06 5488.49 6589.58 3884.19 2375.22 6501.01 1895.83 3250.96 1904.68 633.231 1346.28 4605.18 2301.61 2253 2191.49 2303.57 145.21 141.475 41.0294 33.0848 100.446 36.3416 859.069 19.1324 11.876 26.7014 1604.3 711.711
internal_count=91080 67528 23552 28858 38670 20178 16161 38062 10854 16805 9767 3373 7038 27208 13462 13188 12838 13746 862 840 247 201 593 207 4841 106 67 163 8680 4972
is_linear=0
shrinkage=0.05


Tree=127
num_leaves=31
num_cat=0
split_feature=17 6 35 130 107 137 65 90 29 59 43 60 35 5 90 99 29 30 169 88 64 158 65 107 54 46 49 165 59 35
split_gain=151.177 45.3989 42.3673 30.3045 27.7256 26.3319 20.8949 20.8451 21.0935 20.3554 17.1827 15.9337 15.7802 14.7479 13.8527 15.1956 15.4769 14.0891 13.6435 13.1298 14.1578 13.2734 13.1079 13.1073 12.9883 12.8959 12.4996 12.3345 12.0877 12.0298
threshold=4.6050000000000013 2.2500000000000004 26.200000000000006 6.1350000000000007 0.019999999999999952 0.91666666666666685 0.10813793926376707 0.38500000000000117 17.750000000000004 0.17371414828988777 44.95000000000001 0.11251598465473146 12.950000000000001 6.535000000000001 0.8566666666666668 -0.08166666666666654 32.70000000000001 27.900000000000002 0.3638034759358289 0.63000000000000023 0.16452027531304417 5.2245000000000017 0.22940122285473327 0.010000000000000153 50.500000000000007 0.21760654326302192 0.29185103244837768 0.095271963693016312 0.17310176903200156 43.20000000000001
decision_type=10 8 2 2 8 2 2 10 2 2 2 2 2 8 8 10 2 2 2 10 2 2 2 8 2 2 2 2 2 2
left_child=3 2 4 6 10 9 27 8 -6 -4 14 -9 -5 -11 -2 -16 17 -17 23 20 -13 -22 -18 -8 -21 -10 -7 -1 -28 -15
right_child=1 -3 5 12 7 26 18 11 25 13 -12 19 -14 29 15 16 22 -19 -20 24 21 -23 -24 -25 -26 -27 28 -29 -30 -31
leaf_value=-0.017327248652864932 0.0021239813207336463 -0.047821015859848395 -0.0011257172156762345 -0.016850509649148086 -0.0093149870890577666 0.013841288252106605 0.00712097875439707 0.0096458967300086639 -0.0035552697158402896 0.064492143910724151 0.067251531101720691 0.013141207023031985 -0.0084955671311426288 0.0044430586157188159 -0.047535270298427953 0.011467143121148033 0.034554746672887458 -0.013169715064260529 -0.027960141239691851 -0.002246552138856286 -0.0046070758579694294 0.011333086485992027 -0.0276281378232269 -0.0030154432879445966 -0.021889018745302455 0.0064544282772923296 -0.020586943915853431 0.0027280469499142285 0.0079107525654814898 0.011826146808881707
leaf_weight=375.08811755478382 1838.8630450218916 44.798443987965584 1456.1773837357759 929.7139371111989 1341.1758212149143 1117.1890121847391 407.57563000917435 480.27153737843037 1191.2980167269707 10.647825613617895 10.886701583862303 298.29385121166706 1441.2543285787106 3600.8853346556425 10.967469200491903 430.54464647173882 97.319583341479301 67.070081382989883 47.446122393012047 1234.8524234592915 456.75440746545792 182.89063879847527 9.2832726687192899 1466.2229997068644 90.313955307006836 440.8484218865633 52.30990344285965 96.361582100391388 128.90873666107655 651.55299055576324
leaf_count=2006 8114 213 6430 5494 6373 4423 1868 1993 5462 45 47 1217 8151 15187 43 1737 377 278 236 5484 1888 735 37 6977 404 1954 222 492 517 2676
internal_value=9.34458e-06 0.00243893 0.00258707 -0.00776553 0.00014223 0.00543741 -0.0037957 -0.00176903 -0.00466919 0.00397809 0.00457485 0.0013742 -0.0117717 0.00572144 0.00429681 0.0107916 0.0118504 0.00814651 -0.00148111 -0.000381197 0.00414564 -4.93817e-05 0.0291397 -0.000810639 -0.00358524 -0.000851616 0.0118655 -0.0132281 -0.000315287 0.00557429
internal_weight=20007.8 15244.1 15199.3 4763.66 8181.63 7017.67 2392.69 5716.7 2973.32 5719.26 2464.93 2743.38 2370.97 4263.09 2454.05 615.185 604.218 497.615 1921.24 2263.11 937.939 639.645 106.603 1873.8 1325.17 1632.15 1298.41 471.45 181.219 4252.44
internal_count=91080 65856 65643 25224 36143 29500 11579 25510 13789 24338 10633 11721 13645 17908 10586 2472 2429 2015 9081 9728 3840 2623 414 8845 5888 7416 5162 2498 739 17863
is_linear=0
shrinkage=0.05


Tree=128
num_leaves=31
num_cat=0
split_feature=18 88 110 18 130 21 89 117 18 54 36 109 103 152 50 64 130 22 15 113 48 172 27 172 60 88 110 100 47 168
split_gain=145.156 35.0815 34.8224 26.5924 24.3751 21.6306 19.1591 17.2032 17.0439 14.7868 14.5041 14.3914 13.7552 13.8679 13.5887 13.3112 13.1413 13.7227 14.974 12.977 12.9206 12.747 17.7916 13.2677 12.7102 12.5774 12.2491 16.4909 13.2439 12.0937
threshold=4.7650000000000006 1.1600000000000004 -1.0000000180025095e-35 5.6950000000000012 5.1650000000000009 6.3150000000000004 6.0991666666666671 6.2550000000000008 3.7150000000000003 56.500000000000007 38.800000000000004 0.29499999999999998 3.5000000000000004 -0.16954545454545458 0.041960093896713561 0.17470571942944194 5.6650000000000009 13.500000000000002 6.6650000000000009 0.015000000000000053 0.18441295546558703 12.470089285714286 46.500000000000007 18.69444444444445 0.052691936262675008 3.7900000000000009 0.056666666666667059 -0.064000000000000432 0.15811403508771929 0.089307869549804964
decision_type=10 10 8 10 2 10 2 2 10 2 2 8 8 2 2 2 2 2 10 8 2 2 2 2 2 8 8 8 2 2
left_child=2 3 7 6 9 11 10 20 -6 -4 16 29 -7 -14 -3 -11 17 -2 -19 -18 -1 -21 23 -23 -9 -26 27 28 -10 -5
right_child=1 14 4 5 8 12 -8 24 26 15 -12 -13 13 -15 -16 -17 19 18 -20 21 -22 22 -24 -25 25 -27 -28 -29 -30 -31
leaf_value=0.00032477119200492196 0.029238659725405892 0.011179768390957662 -0.0018712508731896689 0.0081059505087732516 -0.021814348530451083 0.0027863432668525988 -0.021317178961584634 -0.022247796696446304 0.010051914863134918 0.093466829624818615 0.012365482140853907 -0.047808949941549467 0.068659660379376583 -0.0064244291725615854 0.0047241132742700236 9.4718810700551148e-05 -0.010642708006726091 -0.032292178785757762 0.0043548235043333388 -0.0024243671611329795 0.017117042633645406 0.076009153220022496 -0.015952056998422323 -0.010866411399198438 -0.0052026211026419767 0.042734099977349949 -0.018443299311543256 -0.011263006090121461 -0.010694883513804048 0.0026737761764462093
leaf_weight=865.00426572561264 51.889416858553886 1314.3379306942225 461.72804065048695 2157.6638386100531 418.32342531532049 1010.5332160741091 125.16093257069588 112.16344814747572 185.56019340455532 7.8597262352704984 181.22942864894867 12.686787977814673 6.1954046040773383 834.20750468969345 2146.247969776392 7.4208934754133224 529.09758968651295 29.551158517599106 491.18171402812004 2145.4516765773296 132.03858959674835 17.383345484733585 14.886774554848669 5.8818422853946677 1200.6467267051339 13.841204777359961 410.91517154872417 1305.3276173472404 131.38809294998646 1951.0896408557892
leaf_count=4489 242 5569 2332 9803 2864 4800 674 738 1061 40 878 68 32 4151 9307 36 2772 139 2288 11118 668 86 75 29 6690 65 2511 7697 781 9077
internal_value=3.24654e-05 0.00286206 -0.00698448 0.00130114 -0.010611 0.00334572 -0.00209863 -0.00241399 -0.0126232 -0.00026977 -0.00140473 0.00536224 -0.00114442 -0.00587091 0.00717598 0.0481215 -0.00216435 0.00471849 0.00227514 -0.00361724 0.00254858 -0.00191493 0.0267327 0.0540455 -0.00614359 -0.0046563 -0.0107321 -0.00877894 0.00145151 0.00552642
internal_weight=18276.9 13024.7 5252.22 9564.09 2928.52 5972.38 3591.71 2323.69 2451.51 477.009 3466.55 4121.44 1850.94 840.403 3460.59 15.2806 3285.32 572.622 520.733 2712.7 997.043 2183.6 38.152 23.2652 1326.65 1214.49 2033.19 1622.28 316.948 4108.75
internal_count=91080 61108 29972 46232 17322 27931 18301 12650 14914 2408 17627 18948 8983 4183 14876 76 16749 2669 2427 14080 5157 11308 190 115 7493 6755 12050 9539 1842 18880
is_linear=0
shrinkage=0.05


Tree=129
num_leaves=31
num_cat=0
split_feature=19 67 126 136 112 89 19 120 112 31 119 98 112 19 65 66 81 61 21 31 177 24 145 40 35 92 116 22 35 29
split_gain=204.027 50.4392 47.4903 31.9085 20.4192 20.0912 30.3389 18.1215 16.1245 15.2053 15.9499 14.6404 14.3349 15.815 13.5275 15.4478 12.7934 19.0298 12.2724 18.5285 12.0423 11.7981 16.7185 11.7801 11.5868 11.7354 17.8564 17.7362 19.1597 12.0078
threshold=4.7650000000000006 0.072522206638616166 2.5000000000000004 2.416666666666667 -0.004999999999999399 5.1973333333333347 5.6150000000000011 0.14006369426751594 0.050000000000001155 3.4500000000000006 1.5300000000000009 0.23499999999999988 0.046666666666667259 3.7950000000000004 0.13935428273678305 0.14235493277975489 6.5000000000000009 0.15477652977652978 2.0350000000000006 10.9 0.78248081841432227 65.500000000000014 -0.15851894054528595 8.9500000000000011 31.000000000000004 11.500000000000002 0.021666666666666903 44.500000000000007 16.500000000000004 22.900000000000002
decision_type=10 2 10 2 8 2 10 2 8 2 2 8 8 10 2 2 2 2 10 2 2 2 2 2 2 2 8 2 2 2
left_child=1 9 8 4 7 11 21 14 -2 -1 23 -4 13 -5 -3 -16 -6 -18 19 -19 -21 -7 -23 -11 25 29 27 -27 -29 -9
right_child=2 3 5 12 16 6 -8 24 -10 10 -12 -13 -14 -15 15 -17 17 18 -20 20 -22 22 -24 -25 -26 26 -28 28 -30 -31
leaf_value=-0.031299709205896968 0.007789079185114187 0.0035566718137995668 0.0050414381496195135 -0.021434117213543186 -0.0091171746181140014 -0.008442606195748617 0.0022835566834359246 0.0074337469862056846 -0.0010105897236111622 -0.0019197595116276539 -0.01654680142606442 0.072556686822492014 -0.021294382407055532 -0.0074993465498127201 0.17280581212828047 0.026472589279183185 -0.0025272020410996004 0.017383513301765279 0.011993836708670437 0.074631838429891836 0.20239869139739064 0.10239838856644677 0.0026269467820242143 0.13679992932472104 -0.011171699980165851 0.025156507106150035 -0.01010611750544922 0.043231962410324287 0.20062071724117 -0.010433245848570397
leaf_weight=290.26566651463509 4983.8780946582556 5.5164911299943906 1300.8114631101489 244.45225688070059 967.79243248701096 1423.9424618408084 2043.518563747406 473.25112406164408 581.30893085896969 3.1680173575878134 250.83397365361452 8.0793885290622693 334.90986582636833 1218.8532655313611 4.0300700813531876 3.2643787041306496 133.43942160904408 7.486123397946356 18.011219143867493 4.3888379037380219 3.1808096915483475 4.2976794913411132 182.48069267719984 2.9606967121362686 125.85180686414242 10.740562081336977 12.789778999984266 3.7480814903974524 3.9944169446825981 117.35691099613905
leaf_count=2876 24765 32 7814 2115 6880 9621 12522 3040 3043 21 2172 45 2753 9089 24 20 934 49 120 26 21 29 1228 20 849 70 84 23 25 770
internal_value=-3.09347e-05 -0.00929125 0.00369866 -0.00719208 -0.00266451 0.000142717 -0.0017612 0.00367426 0.00686991 -0.0234578 -0.0145996 0.00545819 -0.0119629 -0.00982722 0.0626384 0.107319 -0.00691464 0.00588728 0.0398433 0.0731596 0.12832 -0.00689278 0.00492264 0.0650938 0.00266402 0.005464 0.0353131 0.0667419 0.12443 0.00388348
internal_weight=14768.6 4240.29 10528.3 3693.06 1894.84 4963.13 3654.24 760.544 5565.19 547.228 256.963 1308.89 1798.22 1463.31 12.8109 7.29445 1134.3 166.506 33.067 15.0558 7.56965 1610.72 186.778 6.12871 747.733 621.881 31.2728 18.4831 7.7425 590.608
internal_count=91080 32013 59067 26924 12967 31259 23400 4937 27808 5089 2213 7859 13957 11204 76 44 8030 1150 216 96 47 10878 1257 41 4861 4012 202 118 48 3810
is_linear=0
shrinkage=0.05


Tree=130
num_leaves=31
num_cat=0
split_feature=20 20 127 89 28 10 114 36 157 13 32 17 86 156 114 41 37 114 176 121 77 174 11 8 8 118 49 30 54 23
split_gain=257.72 76.9736 53.0322 32.9695 22.9698 19.8118 16.3596 17.0102 16.0056 15.9529 19.6214 15.5123 18.8843 18.0658 15.6687 17.6973 18.0281 15.4276 14.4632 21.9542 21.3813 15.8439 14.1296 15.0702 14.0519 13.9092 13.704 14.3742 21.1524 20.0564
threshold=4.7950000000000008 2.6750000000000003 2.5000000000000004 4.7573333333333343 31.700000000000006 1.2500000000000002 0.019999999999999053 29.800000000000004 -0.062678571428571486 6.8650000000000011 13.450000000000001 5.7550000000000008 3.5000000000000004 -0.032499999999999994 0.0016666666666673503 3.8500000000000005 19.300000000000001 0.0049999999999994008 27.139685314685316 0.13121369660793938 4.5000000000000009 4.6394444444444449 6.5050000000000008 1.0000000180025095e-35 1.2500000000000002 6.8850000000000007 0.3319559228650138 5.7500000000000009 3.5000000000000004 46.500000000000007
decision_type=10 10 10 2 2 10 8 2 2 8 2 10 2 2 8 2 2 8 2 2 2 2 10 8 8 2 2 2 2 2
left_child=1 -1 6 8 5 -4 7 25 -3 10 -10 13 -13 18 15 16 -14 24 19 -6 21 -21 -8 -24 -5 -2 -12 -28 -29 -30
right_child=2 3 4 17 11 -7 22 -9 9 -11 26 12 14 -15 -16 -17 -18 -19 -20 20 -22 -23 23 -25 -26 -27 27 28 29 -31
leaf_value=-0.030622081481171255 0.012421025139034189 0.12018821008070611 0.010029615841605648 -0.0079882548771027968 0.020153977188794088 0.14151459295679947 0.075052249699079379 0.002485137685461086 -0.0028020192914819165 -0.0098337493710190117 0.012259906045822607 -0.0083975534921463188 -0.010587231871906772 0.0018826354551775644 -0.0044828733601406882 0.0090316030454668239 0.15501665364248382 -0.016880499306934658 -0.031393582337398043 0.20546013201857544 -0.011230188022585871 0.062454502885985565 0.0024531504133394767 0.025097120882575864 0.10918280351002173 0.097991235839565524 -0.02973865855370543 0.20817263132427655 0.13010258341032324 -0.046606750383615662
leaf_weight=456.27598589658737 2385.0391083806753 2.6743855699896804 462.24451509863138 805.10374193638563 19.945715017616752 2.8827810212969771 6.9899682104587546 504.20348824560642 524.14764486253262 435.43997137993574 187.26068226248026 1058.9393087401986 2.7033777683973303 1387.3173884004354 373.25577539205551 289.28660126775503 4.1914934143424034 1012.8338539898396 6.3731776624917975 4.9366673380136472 2.782941408455371 3.187372237443924 1255.7691588401794 78.04413403570652 2.5669523924589148 4.7584059089422217 2.9408625066280356 2.9364119693636876 3.3836996406316757 3.055933952331543
leaf_count=7052 13766 21 3640 7739 158 19 35 3065 4628 3957 1563 9086 21 11171 3213 2331 32 10916 53 39 23 26 7881 483 23 31 26 25 29 28
internal_value=-8.11563e-05 -0.0114965 0.00491743 -0.00857046 0.00047208 0.0108445 0.00871535 0.0108307 -0.0019898 -0.00227168 0.00227814 -0.00105809 -0.00424208 0.00280499 0.0023312 0.0109185 0.0900858 -0.0127702 0.0371787 0.0513435 0.10838 0.149354 0.00414967 0.0037781 -0.00761586 0.0125914 0.0156201 0.066707 0.0969579 0.046245
internal_weight=11291.5 3438.62 7852.85 2982.34 3618.05 465.127 4234.8 2894 1161.84 1159.17 723.725 3152.92 1728.38 1424.54 669.437 296.181 6.89487 1820.5 37.2259 30.8527 10.907 8.12404 1340.8 1333.81 807.671 2389.8 199.578 12.3169 9.37605 6.43963
internal_count=91080 36007 55073 28955 29812 3659 25261 16862 10277 10256 6299 26153 14683 11470 5597 2384 53 18678 299 246 88 65 8399 8364 7762 13797 1671 108 82 57
is_linear=0
shrinkage=0.05


Tree=131
num_leaves=31
num_cat=0
split_feature=128 128 21 51 17 116 28 119 9 160 176 4 10 63 31 116 39 68 168 13 172 77 65 46 151 12 0 88 146 114
split_gain=320.501 66.9158 54.5387 24.6802 23.5666 20.3182 17.5803 17.5004 18.7391 16.3636 21.147 16.2544 15.9975 15.8441 15.6672 14.6004 15.3278 14.5499 18.0726 21.4448 30.9652 20.0585 21.0788 17.243 13.9184 13.8476 13.8459 13.8295 13.5343 13.3999
threshold=4.5000000000000009 2.5000000000000004 1.8750000000000002 0.29438025210084034 4.745000000000001 -0.029999999999998847 72.600000000000009 2.3550000000000009 6.535000000000001 1.7555000000000003 18.05857142857143 2.2500000000000004 0.75000000000000011 0.22395255912786396 12.350000000000001 -0.038333333333332643 21.950000000000003 0.16982932449949587 0.23809523809523808 6.7650000000000006 2.4446486928104583 1.5000000000000002 0.18928008111762054 0.1843382728666326 3.5000000000000004 1.0000000180025095e-35 7.5000000000000009 -2.1849999999999992 4.5000000000000009 0.15499999999999978
decision_type=8 10 10 2 10 8 2 2 8 2 2 8 8 2 2 8 2 2 2 10 2 2 2 2 2 10 2 10 2 8
left_child=1 3 -2 7 6 29 -5 8 -1 10 14 28 26 -9 -8 24 25 18 23 20 -20 -21 -23 27 -3 -17 -6 -18 -7 -4
right_child=2 15 5 4 12 11 9 13 -10 -11 -12 -13 -14 -15 -16 16 17 -19 19 21 -22 22 -24 -25 -26 -27 -28 -29 -30 -31
leaf_value=0.14095147145957573 -0.035962221371546178 0.01199936072442156 -0.0041028654811241299 0.02151244972892865 0.014882547782456904 -0.01643702253813388 0.03465491440444534 0.0072232561262737431 0.00087448691865948654 0.14971561874777653 0.0054224499457874763 0.097239961106499156 0.082660781322593802 0.018777193296534267 0.11208708381579782 -0.0049708943911785704 0.14793487647129899 -0.0027081895167093135 0.039757903416246666 -0.036531728419912965 0.2554235521413209 0.031434290635542275 0.24019656900557057 -0.014623548317300741 -0.015523374089846205 0.015687129254489819 0.00062522462874745142 0.028195136008220174 0.10283647198400137 0.099991615671350911
leaf_weight=2.3947021365165702 309.41200819984078 330.77566639333963 395.55864066630602 416.57369749993086 480.37804319709539 1478.2136113084853 12.869600117206575 1056.0020583644509 801.21846410632133 4.0144980922341338 19.766400620341301 3.1619800925254813 7.6166830807924262 412.67476787418127 13.266998976469038 1635.3324225693941 2.5812275037169448 88.157117180526257 3.5191453695297268 5.7800268903374654 3.1579077392816544 3.9190342277288437 1.7486881986260412 29.297170020639896 53.343228109180927 85.355571385473013 263.80481965839863 36.650998145341873 2.3822460733354083 3.115964997559785
leaf_count=21 7431 3379 5738 2668 3445 24541 77 7665 7514 27 124 38 57 2811 84 19648 27 1029 39 69 36 47 19 335 584 1005 2130 408 39 45
internal_value=-0.000231657 0.0059511 -0.0165082 0.0103024 0.0160443 -0.0133106 0.0248725 0.00722392 0.0012919 0.0529127 0.0444467 -0.0160033 0.0105664 0.0104697 0.0739597 -0.000711702 -0.00251303 0.0115933 0.0261429 0.0705434 0.141757 0.0290072 0.0958447 0.0143997 0.00817723 -0.00394614 0.00982848 0.0360732 -0.0162451 -0.00328928
internal_weight=7962.04 5770.2 2191.84 3490.58 1218.29 1882.43 466.491 2272.29 803.613 49.9175 45.903 1483.76 751.8 1468.68 26.1366 2279.62 1895.5 174.811 86.6542 18.1248 6.67705 11.4477 5.66772 68.5294 384.119 1720.69 744.183 39.2322 1480.6 398.675
internal_count=91080 53248 37832 26623 8612 30401 2980 18011 7535 312 285 24618 5632 10476 161 26625 22662 2009 980 210 75 135 66 770 3963 20653 5575 435 24580 5783
is_linear=0
shrinkage=0.05


Tree=132
num_leaves=31
num_cat=0
split_feature=34 123 3 125 88 145 29 49 170 37 17 99 64 90 116 52 60 96 167 34 11 103 99 35 49 44 182 111 110 110
split_gain=72.0675 23.0206 22.5215 22.0992 29.5584 19.7524 20.1198 18.6789 16.9362 15.6108 23.6399 15.3194 15.246 14.5317 14.4185 19.3069 16.4433 14.0226 13.2512 13.2299 12.6794 12.6778 15.6993 12.3214 12.1895 12.3273 12.083 12.0391 11.8724 15.0972
threshold=14.500000000000002 1.5000000000000002 17.750000000000004 1.5000000000000002 1.6050000000000002 0.069141461065312257 9.7500000000000018 0.082843137254901916 35.608302411873851 11.300000000000002 6.285000000000001 -0.0066666666666672491 0.15794042397660818 1.1799999999999999 -0.038333333333332643 21.500000000000004 0.062603135313531358 6.8350000000000009 0.13892335263303007 36.20000000000001 6.7250000000000005 4.5000000000000009 0.028333333333333755 20.650000000000002 0.088998899889988964 30.200000000000003 182926.27954870698 0.039999999999999557 0.015000000000000952 0.063333333333332062
decision_type=2 10 10 10 10 2 2 2 2 2 8 10 2 8 8 2 2 2 2 2 8 8 8 2 2 2 2 10 10 10
left_child=1 11 -3 13 5 6 -5 -4 9 10 19 20 -10 26 15 27 -16 -15 -7 -8 -1 22 -19 -17 25 -11 -2 -12 -21 -30
right_child=3 2 7 4 -6 18 8 -9 12 24 14 -13 -14 17 16 23 -18 21 -20 28 -22 -23 -24 -25 -26 -27 -28 -29 29 -31
leaf_value=0.00020965375504711976 0.0060382394076241835 0.0015527146127352473 3.3424078665179667e-05 -0.0034412524131112025 -0.0055719018820902348 0.0047238281649940594 0.0025443606675127389 -0.0093414212138815626 -0.023868520248367414 0.0084362205314179508 0.093020486009935247 -0.0027259375768448526 -0.00030513149689607733 0.0012709693831979146 0.061678376187104138 0.16368163341677386 0.0124679444261237 0.07123994151021848 0.015161789204419893 0.034763166328334622 -0.01506519047060222 0.00075481539891269437 -0.029808810497096452 0.061284397674937978 -0.0006650127654139219 -0.015571779089960019 0.027016848151535773 0.01598116124102408 -0.020803181329880523 0.055489860910447733
leaf_weight=159.86692939698696 1560.7227627635002 2042.0287539958954 867.51581944525242 1430.4997508898377 1186.7039651051164 848.34054258465767 863.03809181600809 1371.0713387057185 99.009358085691929 787.51500807702541 5.8619405627250663 589.85591499507427 223.85069974511862 28.853449434041977 17.959453359246254 4.4027448892593375 309.75255204737186 33.107247948646545 473.92959740757942 63.482117369771004 904.61814986169338 12.163255050778387 4.348656326532363 8.8294324427843076 1542.9520650804043 57.362696513533592 71.794919550418854 37.593214899301529 25.858979225158691 8.6545213609933835
leaf_count=1140 8108 12213 5283 7875 6890 4576 4724 8919 621 4297 31 3845 1370 149 93 23 1653 171 2586 313 6518 62 22 47 8507 317 359 201 126 41
internal_value=0.000159909 -0.00418044 -0.00224455 0.00281375 0.00171012 0.00297929 0.00165723 -0.0057084 0.00345535 0.00440549 0.00871282 -0.00918954 -0.00753116 0.0079711 0.0191923 0.0424754 0.0151648 0.0289882 0.00846501 0.00452118 -0.0127712 0.0451058 0.0595081 0.095355 0.0019785 0.00680621 0.00696084 0.0263735 0.0219309 -0.00167212
internal_weight=15641.5 5934.96 4280.62 9706.59 7995.6 6808.89 5486.62 2238.59 4056.12 3733.26 1345.43 1654.34 322.86 1710.99 384.399 56.6873 327.712 78.4726 1322.27 961.034 1064.49 49.6192 37.4559 13.2322 2387.83 844.878 1632.52 43.4552 97.9956 34.5135
internal_count=91080 37918 26415 53162 44291 37401 30239 14202 22364 20373 7252 11503 1991 8871 2048 302 1746 404 7162 5204 7658 255 193 70 13121 4614 8467 232 480 167
is_linear=0
shrinkage=0.05


Tree=133
num_leaves=31
num_cat=0
split_feature=17 6 35 3 29 130 107 177 176 85 177 46 65 48 145 28 110 22 42 113 16 11 130 166 99 178 90 18 91 140
split_gain=137.528 42.6829 38.6963 31.6026 28.3811 27.9539 22.9765 23.4968 20.127 18.8738 18.5677 18.3732 17.6609 14.8741 14.3964 16.1494 15.5666 14.9773 14.4793 14.335 14.3167 14.2187 13.6984 13.7393 13.7162 14.1532 13.799 14.4982 15.1378 13.6453
threshold=4.6050000000000013 2.2500000000000004 31.500000000000004 26.050000000000004 41.900000000000013 5.6250000000000009 0.019999999999999952 3.0010638297872347 5.1230769230769244 3.5000000000000004 3.4096736596736599 0.30805176132278939 0.15884072719049583 0.22874354561101548 -0.00085853893468794981 29.300000000000001 0.0049999999999994008 72.500000000000014 31.900000000000002 0.25499999999999995 6.2950000000000008 6.705000000000001 7.2950000000000008 0.12987759367069709 -0.10499999999999902 3.1128537735849062 -0.036666666666666792 3.7150000000000003 1.0000000180025095e-35 3.5000000000000004
decision_type=10 8 2 8 2 2 8 2 2 2 2 2 2 2 2 2 10 2 2 10 8 10 2 2 8 2 10 10 2 2
left_child=5 2 3 6 14 19 20 22 -4 13 12 -9 29 -10 -5 -16 18 -18 -17 -1 -2 -13 24 -24 25 -8 -26 28 -28 -7
right_child=1 -3 8 4 -6 10 7 11 9 -11 -12 21 -14 -15 15 16 17 -19 -20 -21 -22 -23 23 -25 26 -27 27 -29 -30 -31
leaf_value=-0.0020660456606079844 0.0036499015501049756 -0.047058542452107541 0.0023651907669546674 -0.011274979898948451 0.021542980284336936 -0.010395133918320506 0.0037311190561189565 0.0016739586350088993 0.014925830497217666 0.002906544897157773 0.0021130448848304508 -0.0065175021844553318 -0.0062900001553628437 0.0049417911573739403 -0.014303829078132352 -0.0076446323734155998 0.0066936829841828943 -0.031002960610436461 0.019717460766912984 0.065560143107340763 0.011659379651081589 0.014571084305971394 -0.0016841856045219069 -0.023601917055341381 -0.0071106597628347416 0.0417297750016907 0.088693431008144308 -0.00086154701148733078 0.011822484722093164 -0.019067644817343937
leaf_weight=1459.5603746622801 1719.4786692559719 43.643373668193817 1855.2562769204378 708.72256904840469 102.54490868747234 1031.1841788589954 77.26038870215416 1913.8924184143543 1283.2453234493732 827.25618000328541 288.02425961196423 93.693810984492302 1139.7923240512609 525.93137967586517 253.64106430113316 661.33242577314377 615.8787427842617 27.526962086558342 52.16263572871685 7.8785551488399497 825.90875266492367 544.07512640953064 141.61850072443485 144.41358202695847 891.39979901909828 35.888075292110443 6.6977504342794409 1759.3800460100174 146.21402975916862 809.69990883022547
leaf_count=6700 7489 213 7906 3123 434 5848 336 8345 5072 3495 1489 398 6271 2135 1172 2932 2674 122 234 36 3384 2272 665 684 4258 162 27 7716 608 4880
internal_value=6.95974e-06 0.00231743 0.00245908 0.000826915 -0.00419843 -0.00743603 0.00229325 0.000543613 0.00635508 0.00916276 -0.0100098 0.00412315 -0.0111812 0.0120234 -0.00533657 -0.00272336 -0.000558662 0.0050809 -0.00564423 -0.00170297 0.00624876 0.011473 -0.00230813 -0.0127501 -0.00128416 0.0157834 -0.00197296 0.000421939 0.0151895 -0.0142097
internal_weight=19993.2 15257.1 15213.4 10721.7 2421.81 4736.14 8299.92 5754.53 4491.69 2636.43 3268.7 2551.66 2980.68 1809.18 2319.26 1610.54 1356.9 643.406 713.495 1467.44 2545.39 637.769 3202.87 286.032 2916.84 113.148 2803.69 1912.29 152.912 1840.88
internal_count=91080 65856 65643 47035 10691 25224 36344 25471 18608 10702 18488 11015 16999 7207 10257 7134 5962 2796 3166 6736 10873 2670 14456 1349 13107 498 12609 8351 635 10728
is_linear=0
shrinkage=0.05


Tree=134
num_leaves=31
num_cat=0
split_feature=125 48 18 90 109 110 9 18 178 130 173 58 132 160 146 62 22 36 66 17 8 66 100 26 30 23 16 25 110 34
split_gain=133.164 37.6055 30.6724 24.4262 21.674 19.4046 18.4504 17.9639 17.6679 15.8311 15.0149 14.3669 13.6989 13.6522 15.3295 13.6502 12.9956 12.8949 12.7328 12.6916 13.662 12.9228 12.4509 12.4404 12.1542 13.9644 12.0679 11.7427 11.5027 11.5017
threshold=4.5000000000000009 0.15353598014888339 2.8350000000000004 0.043333333333334056 0.069999999999999812 -0.013333333333332248 6.495000000000001 5.3250000000000011 0.68912529550827439 6.035000000000001 1.515313852813853 0.12330603400785926 1.5000000000000002 2.1741666666666668 1.5000000000000002 1.0000000180025095e-35 73.500000000000014 30.350000000000005 0.25026096033402928 2.5150000000000001 -1.0000000180025095e-35 0.32173123486682814 -0.065999999999999337 13.500000000000002 26.800000000000001 19.500000000000004 7.0050000000000008 78.500000000000014 0.079999999999999558 6.3500000000000005
decision_type=8 2 10 10 8 8 10 10 2 2 2 2 2 2 2 2 2 2 2 8 10 2 10 2 2 2 10 2 8 2
left_child=1 6 -2 17 24 11 -1 9 28 13 15 -5 -9 19 -15 -7 -13 -3 -12 20 -8 22 -21 -24 -4 -26 -19 -14 -6 -27
right_child=2 3 4 5 8 10 7 12 -10 -11 18 16 27 14 -16 -17 -18 26 -20 21 -22 -23 23 -25 25 29 -28 -29 -30 -31
leaf_value=-0.051872194837779786 -0.026735235357829297 -0.00057067349713559826 -0.0044435033817999958 -0.011612547640413987 -0.012738372769462972 0.027423875796817928 0.054562861577370392 0.001024154621314456 -0.0052982891559414588 -0.0069492739995322562 0.0013139228491611471 0.011677878125087197 0.0090267772218815163 0.081086737162469127 0.0032520015069894418 0.006788688588050539 0.038082481364556546 0.0062226934002894141 -0.027204528519104473 0.0073609468323934217 -0.010143698504710153 0.041202367683521472 0.011416904513437966 -0.0052794500003026483 -0.015166437678796295 0.040420646291436865 0.061955687508297587 0.083503552553526372 -0.029664178217637307 0.007448542583557663
leaf_weight=17.260390043258667 189.92286375164986 2082.5662371516228 2299.6883140206337 64.497347727417946 961.66182444244623 84.965964242815971 21.312348335981369 2646.6859899908304 1012.3940909430385 1332.0174127370119 1054.1221943199635 1618.6121666133404 534.39073596894741 11.022931799292566 14.845338881015776 1411.5904587805271 47.980327382683754 786.15258710086346 40.648450955748558 326.34224314987659 13.216088339686392 18.064431428909302 123.93080058693886 1118.2281123399734 61.327925324440002 30.172780498862267 9.8343788236379606 5.3455060273408881 112.07695289701223 214.31300234794617
leaf_count=93 1431 10106 12843 281 5955 374 96 12104 5912 7282 4819 6987 2328 51 71 6298 204 3597 185 1547 60 81 597 5360 329 157 45 23 724 1140
internal_value=3.24988e-05 0.00261086 -0.00703651 0.0050667 -0.00623909 0.00744314 -0.000249475 -0.000104955 -0.0100371 -0.00289626 0.00470499 0.011542 0.00250463 0.000381706 0.0364188 0.00796024 0.0124381 0.00149826 0.000255043 -0.000193348 0.0297958 -0.000846002 -0.00133027 -0.00361365 -0.00319818 0.00616649 0.00691127 0.00976439 -0.0145051 0.0115177
internal_weight=18265.2 13383.6 4881.56 7200.97 4691.63 4322.42 6182.66 6165.4 2086.13 2978.98 2591.33 1731.09 3186.42 1646.96 25.8683 1496.56 1666.59 2878.55 1094.77 1621.09 34.5284 1586.57 1568.5 1242.16 2605.5 305.814 795.987 539.736 1073.74 244.486
internal_count=91080 62589 28491 32896 27060 19148 29693 29600 12591 15145 11676 7472 14455 7863 122 6672 7191 13748 5004 7741 156 7585 7504 5957 14469 1626 3642 2351 6679 1297
is_linear=0
shrinkage=0.05


Tree=135
num_leaves=31
num_cat=0
split_feature=85 126 119 89 104 130 19 21 107 37 31 179 108 112 90 5 79 112 37 10 114 177 68 37 120 175 46 161 182 37
split_gain=189.366 75.8808 35.2458 25.8087 24.8037 19.1297 18.5787 18.6458 17.1638 16.9965 16.7686 15.8463 17.0546 15.639 16.4923 15.713 13.919 13.9122 13.5381 13.0774 12.9687 14.2564 12.4076 13.7311 14.8786 13.999 13.7011 12.3674 13.518 12.2786
threshold=2.5000000000000004 5.5000000000000009 3.370000000000001 5.2173333333333343 5.5000000000000009 6.285000000000001 5.9850000000000012 5.5150000000000006 0.28500000000000014 11.300000000000002 32.800000000000004 1.1679943100995736 0.1566666666666667 0.008333333333334152 1.6975 6.5850000000000009 16.500000000000004 -0.033333333333332743 14.900000000000002 1.7500000000000002 -0.016666666666666996 3.9755952380952384 0.11305884160393297 38.500000000000007 0.2555005567120105 0.20148968678380438 0.38501602564102572 1.3064102564102567 11957.569304261644 15.900000000000002
decision_type=2 8 2 2 8 2 10 10 10 2 2 2 8 8 10 8 2 8 2 8 8 2 2 2 2 2 2 2 2 2
left_child=1 4 17 19 5 11 10 22 9 -7 20 -1 16 14 15 -9 -13 -3 -6 -2 21 -5 26 -24 -25 -26 -8 -4 -29 -17
right_child=3 2 27 6 18 8 7 13 -10 -11 -12 12 -14 -15 -16 29 -18 -19 -20 -21 -22 -23 23 24 25 -27 -28 28 -30 -31
leaf_value=-0.0019114098557565858 0.0094146831585240967 0.00091649980406613885 -0.029065408280515993 0.012748253555217279 -0.016954065151785089 -0.011314814683396852 -0.015335766812078294 0.064525113082522387 0.1037413954074151 -0.0018403504099429981 0.020165971040183958 0.0053676959988124976 0.10809345959160202 -0.0023558167440436606 0.088868371237424956 -0.0027698804347482653 0.085054708674337329 -0.013626518405722158 -0.0044729671888734755 -0.03606663985102989 -0.0060087567053203877 -0.0082193195183006395 0.010208024913568509 0.020906238277131187 0.046705862270809216 0.1557617734419989 0.037720365699718442 -0.032388467041693354 0.10494140213529013 0.0079966065474812841
leaf_weight=1558.8198760151863 2787.4164614900947 198.61727817356586 418.90325363725424 224.79781503975391 449.77392225712538 780.22079586237669 80.859536215662956 11.203988924622534 3.5977898985147467 1203.5464620292187 82.608750142157078 945.1416297480464 4.0945323705673209 984.5035042911768 5.9669890999793997 363.90475299954414 5.5118813365697852 955.85305928438902 420.29005578905344 15.895194739103315 978.77450968325138 126.79415512830019 1101.1915245205164 41.6646588742733 9.3348465412855131 4.2973010241985312 14.323595553636549 3.5380097180604926 3.6309146583080292 972.51901315152645
leaf_count=9964 13761 1478 4343 1362 3310 5556 408 62 24 7955 508 5664 24 5690 30 2066 32 7765 2868 86 5995 801 5695 195 43 21 74 32 33 5235
internal_value=-2.87386e-05 -0.00603063 -0.0156605 0.00531614 -0.00319682 -0.00170291 0.003164 0.00507565 -0.0053688 -0.00556668 -0.00169268 0.00119555 0.00626829 0.00243907 0.00592651 0.00555926 0.00582972 -0.0111245 -0.010925 0.0091568 -0.00304999 0.00518674 0.0100007 0.0114289 0.0357416 0.0810839 -0.00735164 -0.027951 0.0371663 0.00506492
internal_weight=14757.6 6951.54 1580.54 7806.06 5371 4500.93 5002.74 3589.77 1987.37 1983.77 1412.98 2513.57 954.748 2338.1 1353.59 1347.63 950.654 1154.47 870.064 2803.31 1330.37 351.592 1251.67 1156.49 55.2968 13.6321 95.1831 426.072 7.16892 1336.42
internal_count=91080 49048 13651 42032 35397 29219 28185 19519 13535 13511 8666 15684 5720 13083 7393 7363 5696 9243 6178 13847 8158 2163 6436 5954 259 64 482 4408 65 7301
is_linear=0
shrinkage=0.05


Tree=136
num_leaves=31
num_cat=0
split_feature=20 20 127 59 180 173 173 28 114 119 112 13 109 107 174 97 114 143 20 127 32 60 21 64 103 145 51 44 61 31
split_gain=237.461 81.511 40.9122 30.6983 22.0609 21.0547 19.5552 19.0835 17.8838 17.7613 17.0272 17.0164 16.5225 16.5997 15.6943 15.3551 15.0182 17.1845 15.7276 14.4011 14.1241 13.6647 16.0673 14.7808 14.2999 13.4908 19.929 13.4792 15.1046 13.4513
threshold=4.9750000000000005 2.6750000000000003 2.5000000000000004 0.15154704944178629 2.6678160919540237 5.5563492063492079 7.58477011494253 31.700000000000006 -0.004999999999999399 1.0349999999999999 -0.061666666666666044 6.8550000000000013 0.22500000000000009 0.18000000000000019 0.28383328383328382 0.12500000000000003 0.066666666666667776 2.5000000000000004 7.1750000000000007 5.5000000000000009 3.6500000000000008 0.22609709131448263 6.7650000000000006 0.14001972386587772 5.5000000000000009 0.11483103178558667 0.39897959183673476 6.9000000000000012 0.025696049301199453 38.300000000000004
decision_type=10 10 10 2 2 2 2 2 8 2 10 8 8 10 2 2 8 2 10 10 2 2 10 2 8 2 2 2 2 2
left_child=1 -1 9 4 19 27 15 -4 -5 -2 29 -12 14 -14 -10 -7 17 18 -11 -3 -19 22 24 -23 25 26 -20 -6 -29 -9
right_child=2 3 7 8 5 6 -8 10 12 16 11 -13 13 -15 -16 -17 -18 20 21 -21 -22 23 -24 -25 -26 -27 -28 28 -30 -31
leaf_value=-0.030152604349252727 -0.0073400966623627141 -0.001528267526579022 0.011419982233373071 -0.0052871074703898478 -0.0035316752902696184 0.070627548593353642 0.009008919154670586 0.011201040397609795 -0.02023383016975654 0.012268247434836682 0.0016232664788631051 -0.0067463004670874592 0.016347816189672685 0.17165452793444627 -0.0085334849839166851 0.21469323261962261 -0.0029081588510107897 0.018904183591639725 0.010948945176562506 -0.013914249769818738 0.0060611675249322193 -0.012488582228189387 -0.014118729434442992 0.080842578150102318 0.062487650261253108 0.079452463137904578 0.12025245528416498 0.11557608832678244 0.020870378685986651 0.087840772400161068
leaf_weight=443.53898436576128 170.0565647482872 1121.1536039710045 381.57548080384731 711.19951989501715 77.699237927794456 4.6721939966082555 6.3029958382248878 197.21619573235512 761.08852692693472 1209.9181017354131 1570.02739482373 990.38881602883339 10.4089969843626 2.0612305775284758 459.72660001367331 3.061539463698864 242.32013336569071 237.89869745075703 93.301157772541046 296.80553629249334 2137.8086217790842 5.343686297535899 25.256526008248329 20.578794613480568 26.196101754903793 9.1106881350278837 4.3653255403041831 4.5749941989779463 52.792247697710991 5.8964569345116606
leaf_count=7052 1144 9732 2944 6557 652 41 59 1591 8025 6884 12783 8376 104 19 4662 28 1562 1351 497 3173 12808 33 158 124 129 49 24 34 440 45
internal_value=-8.25266e-05 -0.00995576 0.00524682 -0.00740473 -0.00219713 0.0160976 0.0743806 0.000938498 -0.0116015 0.00848681 -0.000508738 -0.00161415 -0.0152429 0.0420188 -0.0158278 0.127659 0.00915765 0.00993323 0.0143402 -0.00412089 0.00734724 0.027953 0.0224401 0.0616032 0.029384 0.0212626 0.0158344 0.0100406 0.0284231 0.0134259
internal_weight=11282.3 3955.09 7327.26 3511.55 1567.06 149.103 14.0367 3145.1 1944.48 4182.15 2763.53 2560.42 1233.29 12.4702 1220.82 7.73373 4012.1 3769.78 1394.07 1417.96 2375.71 184.152 158.23 25.9225 132.973 106.777 97.6665 135.066 57.3672 203.113
internal_count=91080 40578 50502 33526 14159 1254 128 25739 19367 24763 22795 21159 12810 123 12687 69 23619 22057 7898 12905 14159 1014 857 157 699 570 521 1126 474 1636
is_linear=0
shrinkage=0.05


Tree=137
num_leaves=31
num_cat=0
split_feature=128 21 21 89 118 181 116 17 163 166 104 15 64 24 0 4 49 61 57 65 21 114 49 40 26 32 79 40 39 160
split_gain=295.417 61.0339 53.434 52.1349 25.2008 24.1073 19.2167 17.2195 17.9604 22.538 32.8654 16.4338 15.8533 15.9706 15.8993 14.1377 14.023 15.1841 21.5179 25.3162 16.7926 20.3089 13.7629 13.698 15.991 15.1563 13.5747 15.7701 13.5093 15.4159
threshold=4.5000000000000009 6.0550000000000006 1.8750000000000002 5.5418333333333347 2.3150000000000004 2.2884444444444449 -0.029999999999998847 5.745000000000001 2.3602777777777786 0.35304401480872072 3.5000000000000004 7.1950000000000012 0.094611875302412371 63.500000000000007 8.5000000000000018 2.2500000000000004 0.54692082111436957 0.16003597122302157 54.500000000000007 0.16530045465743912 7.4750000000000005 -0.026666666666666745 0.1968455042225534 25.150000000000002 35.500000000000007 18.900000000000002 1.0000000180025095e-35 29.700000000000003 21.550000000000001 2.3012500000000009
decision_type=8 10 10 2 2 2 8 10 2 2 10 8 2 2 2 8 2 2 2 2 10 10 2 2 2 2 2 2 2 2
left_child=1 4 -2 11 -1 -6 -4 -5 16 -10 -11 12 -3 14 23 28 17 18 20 -20 -9 -22 -16 -14 25 26 -25 -28 -8 -30
right_child=2 3 6 7 5 -7 15 8 9 10 -12 -13 13 -15 22 -17 -18 -19 19 -21 21 -23 -24 24 -26 -27 27 -29 29 -31
leaf_value=0.01014390515078935 -0.035651412273535979 0.035490470071216466 -0.0031238857753485439 0.011399181726608941 -0.0041595589531709691 0.0088070603581997045 -0.01685102845959589 0.00071074892864180287 0.016860634252828695 -0.0048782242490279341 0.24802221860905074 -0.044188019345759492 0.018795437004095417 0.0032503649808707452 -0.0013461743866170081 0.085918513650159456 0.037212937470190353 -0.0076767544584591344 0.21874180511486646 0.022156568329731233 0.17110019996398532 0.022928172776746473 0.026190755847211106 -0.0094722484622427189 0.018034249077378686 0.15839308032158583 0.12712651405030265 0.037746369287702738 -0.0045126228677492891 0.059716249451152274
leaf_weight=551.57638222724199 298.95919283293188 106.86509879678488 397.18327013775706 394.46102774888277 1912.939448274672 441.11353489756584 1387.0396603345871 125.86483107507229 35.450760670006275 2.4312582835555068 2.7238911986351013 11.098174065351484 1047.3211398795247 224.75445012748241 173.83342735469341 3.4263477176427832 21.028706610202789 602.88665023446083 2.6228263750672332 4.3603102490305901 3.1848585233092299 8.443512596189974 61.403375647962093 6.2653478384018007 31.776666417717934 4.0782928094267836 8.4128438755869883 11.937948189675806 59.451161682605743 11.083878964185713
leaf_count=4843 7431 667 5783 3363 21127 4508 23411 1195 332 25 29 78 6804 1480 1226 38 216 6365 20 41 24 67 439 41 209 26 49 74 985 184
internal_value=-0.000236204 0.00564193 -0.0160324 0.0107852 0.000524178 -0.00172981 -0.0128759 0.00283402 -0.00134229 0.0310656 0.12875 0.0164549 0.0168563 0.0155877 0.0176493 -0.0155271 -0.0030549 -0.00418792 0.0103707 0.0959929 0.00602199 0.0635106 0.00584173 0.0201521 0.0428967 0.0686358 0.0548826 0.0746954 -0.0157655 0.0055803
internal_weight=7953.98 5796.83 2157.14 2891.21 2905.63 2354.05 1858.18 1203.46 808.998 40.6059 5.15515 1687.75 1676.65 1569.78 1345.03 1461 768.392 747.363 144.476 6.98314 137.493 11.6284 235.237 1109.79 62.4711 30.6944 26.6161 20.3508 1457.57 70.535
internal_count=91080 53248 37832 22770 30478 25635 30401 11677 8314 386 54 11093 11015 10348 8868 24618 7928 7712 1347 61 1286 91 1665 7203 399 190 164 123 24580 1169
is_linear=0
shrinkage=0.05


Tree=138
num_leaves=31
num_cat=0
split_feature=28 98 90 130 34 116 65 100 30 98 7 15 167 145 34 23 52 59 177 0 20 99 140 64 159 32 53 124 173 70
split_gain=66.7812 36.3472 28.3815 28.0998 19.8496 18.8283 15.5526 15.4934 17.3697 14.1894 15.9438 22.244 25.1285 20.4159 16.7763 16.0282 14.8381 13.7273 13.5989 15.3813 18.9461 18.2624 13.3528 13.1329 13.9933 16.0531 13.8133 12.5936 16.2369 13.4673
threshold=59.20000000000001 0.074999999999999664 -1.5374999999999999 6.2350000000000012 26.600000000000005 0.083333333333333467 0.24517679900744413 -0.087999999999999537 41.050000000000004 0.010000000000000153 6.7250000000000005 6.8850000000000007 0.12104218880534666 0.074831031785586657 10.750000000000002 69.500000000000014 66.500000000000014 0.17716076574344289 2.200806451612904 6.5000000000000009 5.3550000000000013 -0.069999999999999785 1.5000000000000002 0.15069888123203973 4.8683333333333341 13.150000000000002 78.500000000000014 1.5000000000000002 9.3076399790685524 0.45227272727272733
decision_type=2 10 8 2 2 8 2 10 2 10 10 8 2 2 2 2 2 2 2 2 8 10 2 2 2 2 2 10 2 2
left_child=2 3 -1 5 6 -2 7 8 -4 16 11 -11 -13 14 -12 17 -5 -15 22 -20 21 -21 -9 -24 26 -26 -25 28 29 -23
right_child=1 -3 4 9 -6 -7 -8 18 -10 10 13 12 -14 15 -16 -17 -18 -19 19 20 -22 27 23 24 25 -27 -28 -29 -30 -31
leaf_value=-0.012794749158617778 -0.013056671744777485 0.0033492941386580929 -0.0081158832876913473 -0.0057654360012439863 0.0066956261920730793 0.012454674091752676 0.012368199031918527 -0.0046812454458056152 0.063007720354241126 0.0074278050583697604 -0.014207414197211998 0.19166382617043168 -0.002386759354655891 -0.0083828378427312396 -0.0010987538291590028 0.054092448706455104 -0.028617243085051487 0.015547244216889669 0.001146471045546575 0.10096925431308393 0.0021006841703263631 0.034556954058461403 -0.0034767072744533306 0.0037988899609071106 0.13105807136505088 -0.0035132872943738633 0.056418681967915753 0.0092750476276071223 0.12584545353281712 0.0069645967574036398
leaf_weight=284.99941807240248 1400.8425980210304 1324.2334916889668 530.63106162846088 1467.7559329122305 2855.5201963633299 76.26172099262476 324.01653864979744 1070.3208334892988 8.7254551798105222 349.91379053145647 385.78315424919128 3.5114344805479041 3.1783960163593292 98.53708091378212 664.44390642642975 18.749730214476585 74.648482516407967 152.95246276259422 1176.0053211003542 6.2474537193775168 454.61034256219864 107.96555809676647 741.01581230759621 1613.2868890166283 4.6642958670854551 4.2221903502941132 12.56924022734165 341.89773552119732 3.9399275779724112 74.902294188737869
leaf_count=1765 9380 7903 3018 9609 14414 501 1781 6060 48 2214 2604 21 20 607 4052 116 510 977 6584 35 2597 584 4143 9040 26 24 71 1935 21 420
internal_value=0.000162494 -0.00396692 0.00274815 -0.00602978 0.0032229 -0.0117395 0.00169141 0.00112899 -0.00696528 -0.00341013 -0.000226784 0.00915448 0.0994687 -0.00276028 -0.005914 0.00949598 -0.00687141 0.00617111 0.00190696 0.0050119 0.00960561 0.0159834 -4.4233e-05 0.00204482 0.00454769 0.0671199 0.00420569 0.0149792 0.0254189 0.0232552
internal_weight=15636.4 6020.81 9615.54 4696.58 9330.54 1477.1 6475.02 6151 539.357 3219.47 1677.07 356.604 6.68983 1320.47 1050.23 270.239 1542.4 251.49 5611.65 2165.57 989.563 534.953 3446.08 2375.76 1634.74 8.88649 1625.86 528.706 186.808 182.868
internal_count=91080 38514 52566 30611 50801 9881 36387 34606 3066 20730 10611 2255 41 8356 6656 1700 10119 1584 31540 12176 5592 2995 19364 13304 9161 50 9111 2960 1025 1004
is_linear=0
shrinkage=0.05


Tree=139
num_leaves=31
num_cat=0
split_feature=124 140 46 177 29 17 107 9 102 18 108 175 173 65 102 26 130 23 37 44 29 114 59 19 108 175 42 16 17 3
split_gain=128.46 43.3988 41.971 39.0122 30.5661 25.8292 20.2105 19.7182 19.0697 18.0444 17.3715 17.252 15.6927 14.3995 13.3013 13.0778 17.9958 14.9102 12.8512 14.6429 14.9591 13.946 13.6946 12.8506 14.5559 14.6483 13.7452 13.6805 13.5276 12.846
threshold=4.5000000000000009 2.5000000000000004 0.18533452807646353 2.8574970484061395 22.900000000000002 3.5150000000000001 0.27499999999999991 6.9750000000000005 4.5000000000000009 6.0950000000000006 0.043333333333332558 11.34718733647305 3.167557932263815 0.13434764163677737 2.5000000000000004 28.500000000000004 5.8450000000000006 42.500000000000007 5.7500000000000009 14.550000000000002 14.550000000000002 -0.051666666666667145 0.17583581672564721 5.2950000000000008 0.016666666666667853 1.4037008742891099 8.1500000000000021 6.1850000000000014 6.6050000000000013 21.050000000000004
decision_type=8 2 2 2 2 8 8 10 8 8 8 2 2 2 8 2 2 2 2 2 2 10 2 10 10 2 2 10 10 8
left_child=1 2 10 5 11 14 9 -5 12 23 13 29 -7 -1 -2 16 -15 -17 19 20 -12 -22 -23 24 27 26 -26 -4 -25 -3
right_child=3 4 6 7 -6 8 -8 -9 -10 -11 18 -13 -14 15 -16 17 -18 -19 -20 -21 21 22 -24 28 25 -27 -28 -29 -30 -31
leaf_value=-0.0045030506157525156 -0.0087927191804810772 -0.0020785624307756777 0.011607850922133919 -0.00058516207841690076 0.0034898909854085836 -0.0027895096350336098 -0.048072618724533493 0.022215307474114342 -0.013050566838935549 0.0031655097363800944 -0.0035988094290292159 0.0324471613232254 -0.012040715255187309 0.018870291300020412 -0.024899637992635545 0.0051414616312315487 0.0047716008646794339 -0.002166703498038831 -0.01018844004078239 -0.021476150490410885 0.094509170435891188 0.057708526861758459 0.0015565854818187399 0.0040600964222262045 -0.0054045879264458634 -0.013007237751442805 0.016484401837888563 0.022571157292088338 0.01666630764741835 -0.0085468436833122524
leaf_weight=618.48586283624172 201.59335248917341 1996.7371429204941 612.20304301381111 1013.0250308662653 2128.8580199629068 1887.831989236176 15.77192948758602 104.61671447753906 1056.7518006786704 1084.3755067884922 47.681569248437881 31.792520850896835 605.39787718653679 282.31758174300194 351.95858623832464 1474.1603053361177 1141.4263514429331 1325.4213823080063 475.68174159526825 33.241353884339333 8.2941364347934705 18.079120367765427 27.186071902513504 943.89760358631611 99.435043394565582 82.392418131232262 257.31219984591007 531.66746751964092 274.75465627014637 1246.9381605237722
leaf_count=2713 1203 9129 2453 4842 9272 9763 75 500 5755 4533 214 145 3157 1172 2188 6296 4900 5665 2138 149 37 82 116 3919 403 341 1045 2012 1069 5794
internal_value=8.04198e-06 0.00239274 0.0044537 -0.00673252 -0.00117437 -0.0089881 0.00841279 0.00154907 -0.00742166 0.00864204 0.00162031 -0.00420586 -0.00503586 0.00262222 -0.0190338 0.00366569 0.00756726 0.00168152 -0.00633017 0.00731707 0.016771 0.0349054 0.0239839 0.0107617 0.0137329 0.00599475 0.0103834 0.0167036 0.00690227 -0.00456511
internal_weight=19979.3 14758.1 9353.79 5221.18 5404.33 4103.53 3901.81 1117.64 3549.98 3886.04 5451.98 3275.47 2493.23 4841.81 553.552 4223.33 1423.74 2799.58 610.164 134.482 101.241 53.5593 45.2652 2801.66 1583.01 439.14 356.747 1143.87 1218.65 3243.68
internal_count=91080 63672 39332 27408 24340 22066 15850 5342 18675 15775 23482 15068 12920 20746 3391 18033 6072 11961 2736 598 449 235 198 11242 6254 1789 1448 4465 4988 14923
is_linear=0
shrinkage=0.05


Tree=140
num_leaves=31
num_cat=0
split_feature=18 110 88 18 36 130 21 89 131 60 21 103 152 9 89 36 110 154 108 96 179 26 27 32 143 34 8 61 7 179
split_gain=124.05 31.4292 29.0614 22.76 22.7484 20.264 18.6552 17.4592 15.5967 17.6394 26.4785 14.3339 15.5596 13.8303 13.5553 13.0237 12.7602 21.5488 17.6655 12.7222 12.7031 13.3071 14.0832 16.6681 12.4526 14.1537 12.4005 12.3543 13.6227 12.2928
threshold=4.7650000000000006 -1.0000000180025095e-35 1.1600000000000004 5.6950000000000012 6.8000000000000016 5.1650000000000009 6.2350000000000012 6.0991666666666671 1.5000000000000002 0.16073539344815943 6.5050000000000008 3.5000000000000004 -0.18999999999999992 7.1450000000000005 4.9473333333333356 38.800000000000004 0.056666666666667059 -0.059999999999999942 -0.060000000000000046 6.7250000000000005 11.844129554655874 72.500000000000014 35.500000000000007 12.700000000000001 5.5000000000000009 13.400000000000002 2.7500000000000004 0.2497877758913413 6.7650000000000006 9.4923295454545471
decision_type=10 8 10 10 2 2 10 2 2 2 8 8 2 8 2 2 8 2 8 2 2 2 2 2 2 2 8 2 10 2
left_child=1 8 3 7 -3 -6 13 15 9 -1 19 20 -13 -5 -12 -2 17 18 -7 -11 21 22 23 27 25 -23 -4 29 -29 -8
right_child=2 4 26 6 5 16 11 -9 -10 10 14 12 -14 -15 -16 -17 -18 -19 -20 -21 -22 24 -24 -25 -26 -27 -28 28 -30 -31
leaf_value=-0.001818101129742641 -0.0020055248450253399 -0.017962342123287064 0.0067074006927267801 0.0053431086576959802 0.0033191655324271842 0.13230460737264579 0.013111749722869047 -0.020461458876428154 -0.0086594812845502602 0.053531486778015371 0.12287078627372006 0.080368739126528616 -0.0060390327021584396 -0.026320104059427564 0.03431473706463789 0.011718234670808545 -0.017842186431477693 -0.0083507069238895389 0.019620908895470881 0.0051976972914485262 -0.022574941944382441 0.050442118704483889 -0.0026555729393462962 -0.00055070552968557423 0.087553659693451164 -0.0080338284073544364 -0.049613343934287103 -0.0079178609511007907 0.086237567765147627 0.082498438075825367
leaf_weight=1388.7509046792984 3276.2821063250303 680.61317609995604 3470.9438592791557 3964.1787724941969 361.46296788752079 4.1035031825304031 213.28348623216152 122.86338597536087 658.18514901399612 14.457218736410139 7.4024076610803631 5.240498721599578 893.04405577480793 34.79010397195816 10.381881743669508 182.50367349386215 376.29480587691069 1445.4632354304194 22.821545556187633 233.53915692865849 46.50515541434288 19.011646538972855 533.7419398277998 222.95182628929615 7.7702876627445212 22.707619667053223 9.8009332716464979 5.4902452975511578 12.793132469058035 6.5801074504852286
leaf_count=7442 16749 4268 14830 18099 1795 24 1001 674 3864 71 38 26 4459 183 54 878 2378 8723 134 1181 225 88 2530 1058 37 107 46 27 60 31
internal_value=3.38433e-05 -0.00649381 0.00263654 0.00121355 -0.00996953 -0.00750815 0.00309939 -0.00193933 -0.00214936 0.000440417 0.0122416 -0.000857641 -0.00553494 0.00506765 0.0711747 -0.00128139 -0.00962516 -0.00752515 0.0367944 0.00801537 0.00299403 0.00413265 0.0028738 0.00927429 0.029438 0.0186139 0.00654882 0.0184724 0.057964 0.0151884
internal_weight=18254 5203.48 13050.5 9569.74 2890.76 2210.15 5988.09 3581.65 2312.72 1654.53 265.781 1989.12 898.285 3998.97 17.7843 3458.79 1848.68 1472.39 26.925 247.996 1090.84 1044.33 994.841 461.099 49.4896 41.7193 3480.74 238.147 18.2834 219.864
internal_count=91080 29972 61108 46232 17322 13054 27931 18301 12650 8786 1344 9649 4485 18282 92 17627 11259 8881 158 1252 5164 4939 4707 2177 232 195 14876 1119 87 1032
is_linear=0
shrinkage=0.05


Tree=141
num_leaves=31
num_cat=0
split_feature=61 126 126 85 112 37 37 35 44 18 55 52 30 17 112 90 26 112 19 90 37 19 118 25 22 16 69 97 69 48
split_gain=174.174 49.452 46.4309 28.8987 26.782 23.0909 19.3274 17.4625 17.2406 19.6496 16.485 15.0887 13.8762 13.6902 13.1651 14.8964 14.6392 12.7079 12.4852 18.2167 13.6443 19.2317 17.2404 13.0716 12.1525 14.184 17.4675 14.7948 12.6029 12.0436
threshold=0.13678528416585417 3.5000000000000004 5.5000000000000009 1.5000000000000002 0.013333333333334052 16.350000000000005 18.900000000000002 41.45000000000001 15.900000000000002 3.7150000000000003 19.500000000000004 97.500000000000014 7.8500000000000005 4.0450000000000008 0.031666666666666655 2.2016666666666667 73.500000000000014 -0.036666666666665647 6.0750000000000011 1.2500000000000004 16.950000000000003 6.6850000000000014 3.6550000000000007 72.500000000000014 5.5000000000000009 5.0650000000000004 0.11550653545597721 0.09000000000000026 0.18853216569194872 0.21393897364771147
decision_type=2 8 8 2 8 2 2 2 2 8 2 2 2 10 8 8 2 8 10 10 2 10 2 2 2 10 2 2 2 2
left_child=2 5 4 -4 -1 24 7 10 12 -10 -3 -6 18 -5 15 -12 -16 -8 19 -7 21 22 -20 -22 25 -2 27 -27 -28 -30
right_child=1 6 3 13 11 8 17 -9 9 -11 14 -13 -14 -15 16 -17 -18 -19 20 -21 23 -23 -24 -25 -26 26 28 -29 29 -31
leaf_value=-0.0014407141372637107 -0.01188189615083172 -0.0067009154961238746 -0.030907648388709571 0.011093951498142483 -0.012519769081341378 0.0026582874499866691 0.012848148552702748 -0.022376949035816555 0.025848377654645194 0.0010286979023710369 0.0074941853046573388 0.05570162035095097 0.0073779553678284095 -0.014703091844886683 -0.01166402081595401 0.10045383589360393 0.090113091949857074 0.00043450179380648941 0.039652331371098609 0.026751054871446796 0.01998804025757454 0.0076111925797565415 0.16953616473645267 -0.027425854373417147 0.00098960404860328854 0.036583382532058298 0.0025266092215730455 0.16604937657209673 0.031780417905189845 0.13388467909718499
leaf_weight=1499.3573041260242 21.572043597698212 1350.1119598075747 308.48192209750414 55.037274889647961 1003.4817556217313 329.35556383430958 247.3310069963336 135.12512950599194 85.0433279722929 1279.9107085466385 380.33831418305635 8.170946039259432 2699.6362277567387 784.46564999967813 141.54951822012663 4.3589336201548567 3.6235437691211692 1238.67076472193 4.8427006155252474 102.99242322146893 437.53448963165283 8.8655995875596982 5.4081500023603439 15.035996705293654 2547.2823349833488 4.4731143862009031 26.514467462897301 4.3551283627748489 10.103072911500929 4.04414477944374
leaf_count=9691 120 9760 3307 461 7221 1727 1502 1007 411 6669 2648 59 13668 6606 1080 30 27 8344 24 504 2058 42 28 72 13752 23 141 23 53 22
internal_value=-3.14452e-05 0.00309004 -0.00949067 -0.0178207 -0.00568232 0.00535835 -0.00182543 -0.00501561 0.00736075 0.00257509 -0.00376775 -0.0119688 0.0091734 -0.0130119 0.00370598 0.00854749 -0.00912365 0.00250064 0.014535 0.00839758 0.0201605 0.0615375 0.108177 0.0184128 0.00155855 0.0219528 0.036701 0.100451 0.0228599 0.0609681
internal_weight=14747.1 11088.1 3658.99 1147.98 2511.01 7586.97 3501.11 2015.11 4968.63 1364.95 1879.98 1011.65 3603.67 839.503 529.87 384.697 145.173 1486 904.035 432.348 471.687 19.1165 10.2509 452.57 2618.34 71.062 49.4899 8.82824 40.6617 14.1472
internal_count=91080 63735 27345 10374 16971 39337 24398 14552 25203 7080 13545 7280 18123 7067 3785 2678 1107 9846 4455 2231 2224 94 52 2130 14134 382 262 46 216 75
is_linear=0
shrinkage=0.05


Tree=142
num_leaves=31
num_cat=0
split_feature=20 20 127 59 180 53 28 148 130 114 34 114 13 114 66 90 105 89 112 77 9 61 66 17 55 66 46 108 165 103
split_gain=219.612 69.7234 44.6342 25.0625 22.0643 19.1713 18.623 18.0737 17.9132 17.9121 21.4289 16.099 15.9659 15.2444 15.576 17.7696 15.0329 17.4671 14.312 14.3114 14.2715 14.5622 18.5922 22.4342 14.184 13.6561 14.0282 14.1247 17.8444 14.0245
threshold=4.7350000000000012 2.0950000000000002 2.5000000000000004 0.15154704944178629 6.6700000000000008 106.50000000000001 29.300000000000001 1.5000000000000002 4.7750000000000012 0.023333333333333855 20.650000000000002 -0.004999999999999399 6.9050000000000011 -0.088333333333332445 0.11772077251953411 -0.31166666666666626 3.5000000000000004 4.0208333333333348 -0.069999999999998938 1.5000000000000002 6.6950000000000012 0.034735628485628459 0.13993671578821679 4.5650000000000004 50.500000000000007 0.14445486762559931 0.21068484464172477 0.06000000000000006 0.3247972544647737 4.5000000000000009
decision_type=10 10 10 2 2 2 2 2 2 10 2 8 8 8 2 8 8 2 10 2 10 2 2 8 2 2 2 8 2 8
left_child=1 -1 12 4 5 8 20 -6 -3 10 -9 -5 25 14 -10 -16 24 -18 -19 -14 21 -4 23 -23 -8 26 27 -2 -29 -28
right_child=2 3 6 11 7 -7 16 9 13 -11 -12 -13 19 -15 15 -17 17 18 -20 -21 -22 22 -24 -25 -26 -27 29 28 -30 -31
leaf_value=-0.033778728861923131 0.016068612962733871 0.010403038237385991 0.13477959744762966 -0.0063703152000206239 -0.0052068785131831712 0.13416709694715109 0.0037271824122946315 0.20983211987556191 0.14234177340462625 -0.023569774826139703 0.028400252047106958 -0.016858539912860376 -0.004001018930824443 -0.0077746449662457837 0.1260862814711822 -0.0033964341960291545 0.13806386275060453 0.013009491990378222 -0.0055192842477764029 0.0081300805466168313 0.0063916584070519838 0.20981208245561836 0.012812718816210576 0.044050779120690588 -0.016850162138520169 0.0074148526390702477 -0.0043649437696247975 0.033811887281773575 0.13490293753250854 0.021516183195783568
leaf_weight=308.17869813367724 657.24711383134127 171.38614886626601 3.2916454598307601 577.59780869632959 7.14968063682318 2.4917562119662753 1495.8275552690029 4.2655101493000966 2.8898006826639202 2.1884865686297417 2.6314907297492027 998.14402151107788 479.38110999763012 1103.013331361115 3.1704824827611446 16.130663707852367 2.1562645211815825 111.35139626264572 1627.1098334938288 493.30330666154623 383.32695903629065 2.7187635675072643 46.357626549899578 8.1903828456997871 88.712043136358261 2384.7374345734715 161.35712119936943 46.57727125287056 4.8167684823274604 77.476397573947906
leaf_count=5136 3663 1358 26 5649 62 24 11915 33 23 21 21 11035 2905 10929 27 145 17 923 14196 3023 2993 21 364 65 720 14136 939 251 26 434
internal_value=-8.41814e-05 -0.0111707 0.00430876 -0.00876072 -0.00366529 -0.00438924 0.000335679 0.0542628 -0.00465551 0.101062 0.140608 -0.013014 0.00778728 -0.00694916 0.0340818 0.0178729 -0.00094845 -0.00415609 -0.00433248 0.00215135 0.00995512 0.0325114 0.0266331 0.0853616 0.00257514 0.00943243 0.0145106 0.0180426 0.0432864 0.00403076
internal_weight=11273.2 3199.24 8073.94 2891.06 1315.32 1299.08 3769.04 16.2352 1296.59 9.08549 6.897 1575.74 4304.9 1125.2 22.1909 19.3011 3325.16 1740.62 1738.46 972.684 443.885 60.5584 57.2668 10.9091 1584.54 3332.21 947.475 708.641 51.394 238.834
internal_count=91080 34463 56617 29327 12643 12506 31240 137 12482 75 54 16684 25377 11124 195 172 27771 15136 15119 5928 3469 476 450 86 12635 19449 5313 3940 277 1373
is_linear=0
shrinkage=0.05


Tree=143
num_leaves=31
num_cat=0
split_feature=128 87 21 136 20 181 119 45 5 128 116 167 18 117 3 114 43 22 165 177 31 116 108 5 118 120 16 88 41 19
split_gain=272.185 55.8539 52.3288 42.4778 27.0339 21.2133 18.7751 16.9316 20.0383 15.6991 15.3888 14.4923 14.4457 14.1212 13.5664 13.2631 12.8815 12.8018 15.6707 20.3149 18.3988 12.7389 14.3788 12.696 25.8251 12.5448 15.347 12.5447 17.6225 15.2925
threshold=4.5000000000000009 3.5000000000000004 1.8750000000000002 2.916666666666667 2.3150000000000004 2.2884444444444449 1.615 27.250000000000004 6.9350000000000014 5.5000000000000009 -0.039999999999999543 0.52397372742200343 4.8050000000000006 4.6650000000000009 10.050000000000002 0.063333333333332964 5.4500000000000002 79.500000000000014 0.032908273770846805 2.367543859649123 11.300000000000002 0.011833333333333952 0.1566666666666667 6.6250000000000009 3.5150000000000001 0.30443728752907501 4.7250000000000005 2.3550000000000009 16.400000000000002 4.8650000000000011
decision_type=8 2 10 2 10 2 2 2 10 10 8 2 10 2 8 10 2 2 2 2 2 8 8 10 2 2 10 10 2 10
left_child=1 4 -2 -3 25 7 11 10 15 13 27 -4 23 16 -13 -9 -8 -12 -19 -20 -21 -15 -23 24 -7 -1 -27 -6 29 -29
right_child=2 3 6 -5 5 12 9 8 -10 -11 17 14 -14 21 -16 -17 -18 18 19 20 -22 22 -24 -25 -26 26 -28 28 -30 -31
leaf_value=0.011607037334172354 -0.035337962278889433 0.016105568114439483 -0.0030326221801446947 0.0019830801905621476 0.0034757461364369603 0.19113530584548921 0.0028474235910806818 0.0071202037931185069 0.13637560190782178 -0.019719430529359896 -0.0051856204259438151 0.17551864910658801 0.001783275379675526 -0.0042886653885357761 0.027397810446341927 0.11705406835630693 0.1881758883819849 -0.023020291390419959 0.16997963332914123 0.13436216102899581 -0.034572588952524977 -0.018231087320640903 0.12501346807306504 0.014820249083829421 0.0097222084694183006 0.11443630034585635 0.017801415088295185 0.10451222852553577 -0.014693460957242874 0.017315050593606395
leaf_weight=385.09981921315193 288.98605491407216 1555.248136729002 301.95074820891023 809.63626905530691 347.97584399580956 3.1279735565185529 2.0704448074102397 26.925625763833526 4.0842087715864173 774.88306191191077 1950.936218008399 2.0487946793436977 416.56956559792161 419.05798957869411 6.2974690794944772 3.0548904389142981 1.7136399820446966 6.5343642905354526 3.7030097395181638 2.4970113784074783 4.5460114851593971 325.012655608356 1.7613781206309784 248.13707011193037 5.2617462202906609 6.6894224435091045 10.649489194154738 10.88030350208283 10.88165859133005 9.3485014885663968
leaf_count=3142 7431 10199 4919 8113 3296 23 25 253 36 13777 21197 33 4110 5924 104 29 22 69 38 27 51 5576 21 2209 45 46 89 93 99 84
internal_value=-0.000239951 0.00534946 -0.0155618 0.0112706 0.00129876 -0.000306195 -0.012447 -0.00252149 0.0324761 -0.0147289 -0.00302938 -0.00123612 0.00753136 -0.0095702 0.0637577 0.018322 0.0867743 -0.00480611 0.0380402 0.0751694 0.025321 -0.010059 -0.017459 0.0168656 0.0773592 0.0134802 0.0550835 0.00619537 0.0366149 0.0642151
internal_weight=7945.57 5821.79 2123.78 2364.88 3456.9 3054.46 1834.8 2381.37 34.0647 1524.5 2347.3 310.297 673.096 749.616 8.34626 29.9805 3.78408 1968.22 17.2804 10.746 7.04302 745.832 326.774 256.527 8.38972 402.439 17.3389 379.086 31.1105 20.2288
internal_count=91080 53248 37832 18312 34936 31659 30401 25272 318 25345 24954 5056 6387 11568 137 282 47 21382 185 116 78 11521 5597 2277 68 3277 135 3572 276 177
is_linear=0
shrinkage=0.05


Tree=144
num_leaves=31
num_cat=0
split_feature=28 34 98 93 137 92 130 179 65 99 91 92 79 34 158 88 67 181 53 11 77 28 63 16 131 43 112 17 99 38
split_gain=62.4746 26.3204 20.342 18.8745 17.7215 16.3049 15.119 14.2308 13.9329 13.609 16.0818 14.7399 13.3855 16.9502 14.5667 13.1512 14.6319 13.8684 12.8858 13.9607 12.6408 15.2425 13.57 20.705 18.8606 13.8245 13.1481 12.4685 14.1277 12.4452
threshold=67.15000000000002 21.300000000000001 0.05000000000000026 0.68301270189221941 -0.91666666666666663 10.500000000000002 6.2350000000000012 9.1568100358422964 0.25468768311262163 -0.073333333333332737 1.5000000000000002 3.5000000000000004 2.5000000000000004 40.600000000000009 3.7605555555555559 0.24499999999999988 0.32583417593528818 7.3422098569157406 50.500000000000007 6.9450000000000012 7.5000000000000009 58.20000000000001 0.12448965988435061 5.5650000000000004 1.5000000000000002 19.700000000000003 -0.023333333333332946 5.8050000000000006 0.0099999999999992508 9.3000000000000025
decision_type=2 2 10 2 2 2 2 2 2 10 2 2 2 2 2 8 2 2 2 10 2 2 2 10 2 2 8 10 10 2
left_child=1 4 6 5 -1 12 -2 8 9 -6 -11 27 18 -14 29 17 -17 -10 -3 -20 22 26 23 -9 25 -25 -22 -12 -29 -15
right_child=2 3 -4 -5 7 -7 -8 20 15 10 11 -13 13 14 -16 16 -18 -19 19 -21 21 -23 -24 24 -26 -27 -28 28 -30 -31
leaf_value=-0.013636324240481258 -0.014594579319868151 0.0046132995378707362 -0.00036993321852246794 -0.00014115364079424569 -0.0081990985159274155 -0.0010442153718677411 -0.0057893273124639127 0.0077439814011550315 0.01801505075070884 0.0095349887230428559 0.00039664076139060396 -0.0024878180062830619 0.010500410899074573 0.025204836755283129 -0.012671213515579365 -0.0091710395764323539 0.084090648247283142 0.094732688516628236 0.016554582091557166 0.076796962782081313 0.163068572226513 -0.0141533944541898 0.0014239751331723888 0.15626321604597615 0.02634871455237375 0.041626372427235846 0.048519182364266084 0.0045283777680173139 0.024030337318870693 0.072252748365190633
leaf_weight=238.80884537100792 693.36561616510153 2045.7490883767605 1189.2091400027275 1610.4340672940016 554.88013280928135 634.99604594707489 1641.9715572223067 52.91232930123806 132.42317852377892 410.61696463823318 933.48686937987804 3498.9271713793278 1094.1154560148716 30.56875167787075 12.566794782876967 75.860623687505722 4.4525145888328543 6.1650724709033957 59.818381503224373 11.459396347403525 3.7359672784805298 5.6686145216226569 199.32636094093323 6.76487645506859 15.592637136578558 4.3025950491428375 7.6031995266675967 293.98115091025829 135.74632443487644 26.020860150456429
leaf_count=1477 4972 10580 7391 8680 3330 3373 11189 301 725 2407 5326 20713 5563 134 55 439 26 34 304 55 21 36 1188 39 91 24 46 1689 758 114
internal_value=0.000165518 0.00187103 -0.00569299 0.00441527 -0.000265154 0.00628941 -0.00840362 0.000238304 -0.000285634 -0.000750808 3.30151e-05 -0.000769444 0.00770904 0.0120178 0.0360245 0.0120983 -0.00400066 0.0214278 0.00534144 0.0262398 0.0109444 0.0527929 0.00839242 0.0258482 0.0617795 0.111697 0.0862603 0.00364106 0.0106888 0.0468383
internal_weight=15631.5 12107 3524.55 5525.73 6581.26 3915.29 2335.34 6342.45 6046.54 5827.64 5272.76 4862.14 3280.3 1163.27 69.1564 218.901 80.3131 138.588 2117.03 71.2778 295.907 17.0078 278.899 79.5724 26.6601 11.0675 11.3392 1363.21 429.727 56.5896
internal_count=91080 67528 23552 28858 38670 20178 16161 37193 35447 34223 30893 28486 16805 5866 303 1224 465 759 10939 359 1746 103 1643 455 154 63 67 7773 2447 248
is_linear=0
shrinkage=0.05


Tree=145
num_leaves=31
num_cat=0
split_feature=83 124 130 6 137 17 171 108 170 61 29 55 108 51 109 107 59 35 36 3 176 35 59 35 119 19 35 97 160 21
split_gain=120.235 60.726 36.3425 32.7948 27.9846 21.9297 19.9145 18.1312 16.741 17.8431 17.1674 16.7192 15.8696 15.4901 14.0035 13.8951 16.3294 13.6588 12.8358 13.8544 12.8146 12.7688 12.689 12.5669 13.5385 12.4178 15.6254 12.6337 12.4135 12.3345
threshold=2.5000000000000004 4.5000000000000009 6.1150000000000011 2.2500000000000004 0.24999999999999997 2.7550000000000003 5.066880341880343 -0.013333333333334049 18.167105263157897 0.12823558072964247 28.350000000000005 7.5000000000000009 -0.023333333333332946 0.21672494172494167 0.11999999999999968 0.095000000000000168 0.12038174538174531 11.900000000000002 8.9000000000000004 11.050000000000002 15.048277608915908 26.200000000000006 0.20016286644951145 41.050000000000004 5.4550000000000018 5.2750000000000012 49.150000000000006 0.22000000000000017 2.9555000000000002 5.8250000000000011
decision_type=2 8 2 8 2 8 2 8 2 2 2 2 8 2 10 8 2 2 2 8 2 2 2 2 2 8 2 2 2 10
left_child=1 2 8 4 12 -3 13 11 23 10 29 -7 -2 25 22 16 -4 -11 19 -18 -8 -22 -9 24 -1 -6 27 -27 -23 -10
right_child=3 5 15 -5 6 7 20 14 9 17 -12 -13 -14 -15 -16 -17 18 -19 -20 -21 21 28 -24 -25 -26 26 -28 -29 -30 -31
leaf_value=-0.00065898984544144126 0.0051802895726410763 -0.026564579772997317 -0.012859754444411078 -0.050042908687917269 0.011224477183934219 -0.010198458943424391 0.0062859234483442737 -0.012694708548145143 0.014440529220889627 -0.012321588954830893 0.044742133571097562 0.00087223465251711505 -9.4147027219454506e-05 -0.0013605254434793526 -0.0012743617811049627 -0.011731964788493966 0.03114101557857182 0.0065506584250393856 -0.0028662112209151499 0.003332084614653535 0.010378007837897569 0.026219492365710136 0.0058745005270791238 0.020209490959073009 0.055081028190945562 0.00079725044726692445 0.039314452997682492 0.029848832756483992 -0.0027595711594002536 -0.028764679429127277
leaf_weight=1857.193991407752 2233.0993801504374 162.4221204444766 343.19490790367126 28.222571864724159 918.07879827916622 551.30225293338299 576.30437338352203 2085.5314645394683 381.32291102409363 121.24353867769241 46.276023581624031 894.19973340630531 3946.3580379784107 769.42462380230427 363.3875784650445 577.71854551136494 55.859101846814156 458.21902807056904 1379.3438479751348 225.97230546176434 450.66499653458595 325.97566279768944 96.244124814867973 77.547399699687958 10.958009287714956 902.78722198307514 28.919240683317184 39.040574297308922 41.679525047540665 17.267201691865921
leaf_count=8218 9514 1050 1769 140 3581 2890 2312 11517 1542 524 183 4661 17307 3200 1983 2888 254 1890 6437 1042 1784 1254 492 317 45 3769 114 163 166 74
internal_value=7.43936e-06 -0.00398213 -0.000561456 0.00378107 0.00392953 -0.0085551 0.00715829 -0.0078221 0.00321038 0.00838406 0.0159156 -0.00335003 0.0018119 0.00461963 -0.010362 -0.00489999 -0.00293081 0.00260193 -0.000879512 0.00884383 0.0119971 0.0160193 -0.0118756 0.000486663 -0.000332036 0.00705569 0.00311307 0.00200149 0.0229343 0.0125688
internal_weight=19965.8 9705.2 5552.12 10260.6 10232.3 4153.09 4052.88 3990.67 2970.03 1024.33 444.866 1445.5 6179.46 2658.25 2545.16 2582.09 2004.37 579.463 1661.18 281.831 1394.62 818.32 2181.78 1945.7 1868.15 1888.83 970.747 941.828 367.655 398.59
internal_count=91080 47776 25183 43304 43164 22593 16343 21543 12793 4213 1799 7551 26821 10827 13992 12390 9502 2414 7733 1296 5516 3204 12009 8580 8263 7627 4046 3932 1420 1616
is_linear=0
shrinkage=0.05


Tree=146
num_leaves=31
num_cat=0
split_feature=18 109 60 9 137 141 179 18 130 172 59 108 20 178 36 130 19 11 110 30 78 29 120 34 65 42 45 43 168 76
split_gain=113.603 35.4139 27.0248 25.3322 25.3122 17.215 17.967 16.2563 18.3598 15.6344 17.7513 18.4706 15.535 15.5005 15.2382 14.8135 14.051 13.734 13.2146 13.0026 14.4566 13.8752 16.2685 13.3742 21.8987 19.2489 16.9583 16.6531 13.6011 12.8089
threshold=5.1050000000000013 0.029999999999999753 0.12514501160092809 6.4050000000000011 1.0000000180025095e-35 1.5000000000000002 3.7011111111111119 2.8350000000000004 6.035000000000001 0.31209969367864104 0.19200997506234413 0.10333333333333392 5.995000000000001 15.563333333333334 40.800000000000004 5.1650000000000009 7.0950000000000006 7.0650000000000004 0.015000000000000053 29.300000000000001 10.500000000000002 35.850000000000009 0.22543997729149462 19.500000000000004 0.10286397812713596 9.4500000000000011 35.350000000000009 5.7500000000000009 0.14272313052800858 15.500000000000002
decision_type=10 8 2 10 2 2 2 10 2 2 2 8 10 2 2 2 10 10 10 2 2 2 2 2 2 2 2 2 2 2
left_child=1 9 7 -2 14 15 18 -3 -9 -1 17 -12 19 16 -5 -6 -8 -11 -7 20 23 -21 -23 24 -4 -25 -26 28 -27 -17
right_child=3 2 12 4 5 6 13 8 -10 10 11 -13 -14 -15 -16 29 -18 -19 -20 21 -22 22 -24 25 26 27 -28 -29 -30 -31
leaf_value=-0.0039129158802586423 -0.051288675661739072 -0.028013726050782735 0.020298892375513418 0.0001155161267294579 0.062978430278047198 0.008134649938118084 -0.0017458532337718748 -0.004986929660619051 -0.014493322523072467 0.0081533468950700724 -0.0065505964663399993 0.11109109771691633 -0.011557385492056682 0.033650424556107075 0.01000661751665132 0.0081552779491303722 -0.024131716077452982 0.047039610907215305 0.00088823321813583003 0.0064363979717463569 0.020703623220449455 0.12222435385295777 0.0025370548617991316 -0.019359870342209744 -0.0033083483766861189 0.018698964775115949 0.09409152695600316 -0.0085730933556977217 -0.019807492521222287 0.028275046843223468
leaf_weight=917.90432176738977 21.347967773675919 137.5046699270606 112.7506071254611 5205.9405731260777 12.792294353246687 1783.3311346024275 807.3351654112339 916.3018060028553 1139.5325036421418 677.6440784484148 289.75388431549072 3.3754311800003043 546.29091534763575 28.695310175418854 420.86972463130951 1887.101344615221 76.762113809585571 23.493449375033379 972.08326499164104 209.72025485336781 60.369919061660767 5.7547336071729642 5.6039362400770187 289.62090761214495 1043.7032824531198 116.35512764006853 4.4881735593080512 415.79332385957241 28.561288297176361 82.566578283905983
leaf_count=5046 119 1062 570 24896 53 7807 3778 4919 7198 3437 1597 18 3261 125 1902 7963 380 120 4525 1089 322 32 32 1648 5685 620 26 2339 159 352
internal_value=3.29002e-05 -0.00499987 -0.00720084 0.00312616 0.00322916 0.00559296 0.00356412 -0.0113695 -0.0102562 0.000792516 0.00513656 -0.00519593 -0.00398025 -0.00251567 0.000855343 0.009347 -0.00368952 0.00945633 0.00557818 -0.00217483 -0.00340489 0.00935154 0.0631752 -0.00412852 -0.000639069 -0.00889262 -0.0028913 -0.00348601 0.0111098 0.00899868
internal_weight=18243.3 6944.52 5032.35 11298.8 11277.5 5650.67 3668.21 2193.34 2055.83 1912.17 994.267 293.129 2839.01 912.793 5626.81 1982.46 884.097 701.138 2755.41 2292.72 2071.64 221.079 11.3587 2011.27 1160.94 850.331 1048.19 560.71 144.916 1969.67
internal_count=91080 39180 28962 51900 51781 24983 16615 13179 12117 10218 5172 1615 15783 4283 26798 8368 4158 3557 12332 12522 11369 1153 64 11047 6281 4766 5711 3118 779 8315
is_linear=0
shrinkage=0.05


Tree=147
num_leaves=31
num_cat=0
split_feature=85 126 19 112 17 130 37 114 107 37 80 21 179 18 44 67 10 35 61 173 30 19 112 43 37 128 37 79 104 120
split_gain=160.88 65.5326 34.0751 22.3674 22.2478 21.1243 18.6086 16.9529 16.3597 14.3316 14.1786 14.1709 14.0545 14.0094 13.9011 13.8807 13.5844 12.8422 12.9742 12.5975 12.3392 14.8059 12.8138 15.4425 12.4805 16.7418 12.2928 11.9325 11.8002 13.983
threshold=2.5000000000000004 5.5000000000000009 2.2350000000000008 0.046666666666667259 5.4050000000000011 6.285000000000001 27.450000000000006 0.17333333333333331 0.28500000000000014 11.300000000000002 6.5000000000000009 5.6350000000000007 1.1679943100995736 6.7150000000000007 5.7500000000000009 0.17285097985221901 1.7500000000000002 29.300000000000001 0.055658818669971057 7.8594303592620571 14.050000000000002 6.6550000000000011 -0.033333333333332743 17.500000000000004 30.200000000000003 5.5000000000000009 14.900000000000002 16.500000000000004 4.5000000000000009 0.17319011691527961
decision_type=2 8 10 8 8 2 2 8 10 2 2 8 2 10 2 2 8 2 2 2 2 10 8 2 2 8 2 2 8 2
left_child=1 3 -3 5 13 12 14 8 9 -7 20 -12 -1 16 -6 -9 17 -2 -19 -11 21 -8 23 -22 -25 -26 -5 -14 29 -16
right_child=4 2 -4 26 6 7 10 15 -10 19 11 -13 27 -15 28 -17 -18 18 -20 -21 22 -23 -24 24 25 -27 -28 -29 -30 -31
leaf_value=-0.0015004585826566864 0.0074332159147132556 -0.034426554509449835 -0.011893049532349544 -0.01639217283186227 0.0050389243261189237 -0.011238831344979078 0.005873700261412422 0.13812680736833352 0.10795736886907784 -0.0035237411118882352 0.046869191663171335 0.0092588095421492541 0.005737634770989989 -0.003782686619160694 0.07162290237398132 -0.0034286482580604296 -0.038459733294369192 0.088642073723851342 0.014918048836529398 0.02324043753462229 0.0020102246735671631 0.026772969906864803 -0.0013067631824870453 0.0061513456620860274 0.033493509495081571 0.11261944016913511 -0.0042588661596393851 0.077762199475434113 -0.0075763326925012645 0.00024487284800884656
leaf_weight=1564.998198710382 2731.4155704155564 191.61333056539297 1348.4015919342637 430.23040792346001 1089.054559789598 771.64782222360373 229.70612095296383 3.7306244298815718 3.1587390154600135 1154.0426237359643 44.591625884175301 57.135113090276718 960.34643764793873 243.75947370380163 6.8946407735347739 3.2322499081492424 15.240399844944475 6.0317907556891432 560.96189793199301 45.707134559750557 78.814001336693764 134.28690402209759 534.84917262196541 20.451255038380623 23.634443983435631 9.3217397928237897 405.51227540522814 5.7852022796869269 640.97274833917618 1421.3170193061233
leaf_count=10019 13516 2270 11381 3237 6026 5572 1225 24 19 7677 219 310 5726 1342 38 21 84 32 2848 283 408 665 2940 106 118 46 2787 32 3924 8185
internal_value=-3.19429e-05 -0.00560831 -0.0146967 -0.00299139 0.00486232 -0.00159988 0.00243846 -0.00546625 -0.00574089 -0.00592306 0.00793632 0.0257452 0.00142694 0.00778604 0.000466493 0.0724151 0.00863706 0.00885467 0.0157023 -0.0025041 0.00617926 0.013584 0.00213879 0.0160764 0.0368341 0.0558745 -0.0105049 0.00616892 -0.00194007 0.000589448
internal_weight=14736.8 6888.41 1540.01 5348.39 7848.44 4512.65 4291.03 1981.52 1974.56 1971.4 1132.79 101.727 2531.13 3557.41 3158.24 6.96287 3313.65 3298.41 566.994 1199.75 1031.06 363.993 667.071 132.221 53.4074 32.9562 835.743 966.132 2069.18 1428.21
internal_count=91080 49048 13651 35397 42032 29373 24210 13596 13551 13532 6037 529 15777 17822 18173 45 16480 16396 2880 7960 5508 1890 3618 678 270 164 6024 5758 12147 8223
is_linear=0
shrinkage=0.05


Tree=148
num_leaves=31
num_cat=0
split_feature=20 20 127 130 114 13 10 119 168 63 90 94 30 161 112 112 130 171 20 21 145 88 102 25 128 120 22 63 27 31
split_gain=202.051 67.1385 39.9189 23.6851 19.293 17.8591 18.4256 17.5919 16.2974 23.2031 24.5614 18.7973 18.9493 20.0627 19.2842 17.3994 15.7005 15.3739 15.5037 16.9989 14.42 21.2702 14.3224 17.2839 14.0592 14.0272 13.7467 33.0006 15.7724 13.7071
threshold=4.7350000000000012 2.0950000000000002 2.5000000000000004 6.3250000000000011 -0.024999999999999845 6.6850000000000014 1.2500000000000002 4.6950000000000012 0.19999999999999998 0.16779284420703403 -0.90333333333333288 -0.9330127018922193 15.900000000000002 1.7626785714285715 -0.036666666666667444 0.021666666666666053 4.7750000000000012 7.7314415322580645 6.9250000000000007 5.6950000000000012 0.10006731414045776 -1.5049999999999999 5.5000000000000009 67.500000000000014 3.5000000000000004 0.20134987397127152 68.500000000000014 0.10011389521640092 67.500000000000014 31.100000000000005
decision_type=10 10 10 2 8 8 8 2 2 2 10 2 2 2 8 10 2 2 10 10 2 10 10 2 10 2 2 2 2 2
left_child=1 -1 17 4 -3 8 7 -7 26 -10 -11 -12 14 -14 -13 -16 -6 18 -2 20 25 -22 -19 -24 -15 -20 -4 -28 -29 -21
right_child=2 3 5 -5 16 6 -8 -9 9 10 11 12 13 24 15 -17 -18 22 19 29 21 -23 23 -25 -26 -27 27 28 -30 -31
leaf_value=-0.033363347996864127 0.0067619497534858481 0.0061234421667617674 0.00080182285141757793 -0.013514750555851014 0.0071631836925880009 -0.0018610011997305825 0.042211276322277697 0.014019053801640488 -0.0047418704230582608 0.14076658662546063 0.16112301133353568 0.18952504596915881 -0.016133782045826116 0.16913132451768054 -0.00030187646580333619 0.095564373932663926 -0.0094421277773015806 -0.005275376631273445 -0.012701148422146091 0.0038025657440449809 0.14076684764918504 0.035574150220581573 0.015354184929094248 0.12500752006058596 0.0086247797863801112 0.021426012350553039 0.20619157225923926 -0.0082865265983150943 0.12918727777160782 0.036887808507353188
leaf_weight=298.43594377860427 3159.1121133416891 343.27686734497547 203.87911233305931 1277.7210536114872 163.86948511376977 3245.905631326139 24.839662149548531 184.3029924929142 32.425690092146397 6.3446918651461592 2.8765277490019789 2.7279113605618477 23.926133133471016 2.7707227841019622 9.5260174348950439 9.406995438039301 1084.0055821575224 352.48264718800783 33.166511356830597 335.61211993545294 5.4280128926038733 41.903424710035324 35.960812672972679 3.9926666021347037 2.6878201812505722 326.73557712137699 2.7524730563163784 11.436286263167856 2.5519672036170951 34.525646954774857
leaf_count=5136 18528 3065 1611 13758 1328 27154 181 1450 245 46 23 19 190 22 75 72 11176 2213 165 2066 28 217 220 24 22 1701 20 89 21 215
internal_value=-8.58997e-05 -0.0107929 0.00410221 -0.00844497 -0.00437385 0.000339479 -0.000697057 -0.00100778 0.0117699 0.0293629 0.0477125 0.0367634 0.0297554 0.0035998 0.0652375 0.0473299 -0.00726154 0.0073777 0.00831851 0.0146441 0.0216931 0.0476377 -0.00205949 0.0263122 0.0900969 0.018281 0.00437824 0.0479341 0.0167937 0.00688869
internal_weight=11264.6 3167.31 8097.28 2868.87 1591.15 3768.36 3455.05 3430.21 313.312 92.6925 60.2668 53.9221 51.0456 29.3847 21.6609 18.933 1247.88 4328.92 3936.48 777.371 407.234 47.3314 392.436 39.9535 5.45854 359.902 220.62 16.7407 13.9883 370.138
internal_count=91080 34463 56617 29327 15569 31240 28785 28604 2455 714 469 423 400 234 166 147 12504 25377 22920 4392 2111 245 2457 244 44 1866 1741 130 110 2281
is_linear=0
shrinkage=0.05


Tree=149
num_leaves=31
num_cat=0
split_feature=128 21 21 89 118 175 117 81 109 88 145 88 88 69 65 35 3 173 59 2 17 163 166 112 15 6 69 18 69 161
split_gain=251.09 51.163 51.1382 42.5634 21.1659 18.4755 19.8359 18.7957 18.743 19.6486 18.0395 26.1337 35.3321 17.3149 16.7595 15.5937 15.5414 16.551 28.4957 21.0611 15.1587 15.968 17.6574 22.7764 15.0327 14.9283 15.0606 27.5871 29.2723 14.7351
threshold=4.5000000000000009 1.8750000000000002 6.0550000000000006 5.5418333333333347 3.5750000000000006 0.64290845648604278 6.3950000000000005 4.5000000000000009 0.3400000000000003 -3.5349999999999997 -0.091268919576676891 1.3800000000000003 1.6450000000000005 0.33541666666666675 0.3353413654618474 56.350000000000009 26.850000000000005 1.4667892156862747 0.252895925578067 5.5000000000000009 5.745000000000001 2.3602777777777786 0.35304401480872072 -1.0000000180025095e-35 7.1950000000000012 inf 0.1682615995115995 3.6450000000000005 0.18574311428444074 1.140769230769231
decision_type=8 10 10 2 2 2 2 2 8 10 2 10 8 2 2 2 10 2 2 8 10 2 2 10 8 8 2 10 2 2
left_child=2 -2 4 24 -1 6 7 8 9 -3 11 29 -13 14 16 -8 -7 18 19 -18 -5 -22 -23 -24 -4 26 -11 28 -28 -9
right_child=1 5 3 20 -6 13 15 10 -10 25 -12 12 -14 -15 -16 -17 17 -19 -20 -21 21 22 23 -25 -26 -27 27 -29 -30 -31
leaf_value=0.0053328908544618544 -0.035019684911247011 0.26224933638542075 0.015156405253372092 0.010515491945366728 -0.0032870593887364742 -0.0086322585324137488 -0.019020508042158664 0.0055387855598562543 0.17207207206359873 -0.018345543154609012 0.0031127853945650298 0.39268379882719545 0.063614450357271007 0.17739841006763873 0.15047200638856226 0.15911296132317942 0.026109022907956577 -0.0026537118487220909 0.28329564766011944 0.21671750635524548 -0.003024402016719328 0.015733512659121856 -0.021797533622774576 0.1851987025919403 -0.043876673588003762 0.16428079732033596 0.27585492848857623 -0.001942438643853333 0.0035521458942917336 0.16454843908557137
leaf_weight=1241.2826005220413 279.40855559147894 0.65184692293405433 1713.3031670376658 399.67209838330746 1670.5804649069905 241.1730213612318 937.30673261731863 11.081456769257786 1.386274755001067 330.61890381202102 96.432152319699526 1.2583148181438435 2.3190190419554715 1.3543871380388726 1.7974191643297661 1.23018118739128 26.354481190443046 39.83978970721364 1.2217567451298226 1.533554259687661 767.55693871900439 36.026532523334026 2.0856181383132935 3.6628076285123816 10.852483816444872 1.1915027536451805 1.8732536621391767 110.27974928915501 2.0859577991068363 1.6775092780590046
leaf_count=11766 7431 9 11015 3363 18712 3961 15969 182 21 5502 1602 19 37 22 28 20 431 656 20 25 7928 332 22 32 78 14 28 1796 31 28
internal_value=-0.000239089 -0.0151039 0.00508137 0.00974117 0.000387493 -0.012034 -0.0143413 -0.00690193 -0.0114938 -0.0120634 0.0113438 0.0599311 0.179363 -0.00099053 -0.00176511 -0.018787 -0.00264745 0.0182863 0.0469449 0.0365905 0.00254843 -0.00138595 0.0287184 0.110097 0.0147848 -0.0124643 -0.0129377 0.00271312 0.132389 0.0264449
internal_weight=7937.1 2092.08 5845.02 2933.16 2911.86 1812.67 1499.39 560.856 448.087 446.701 112.768 16.3363 3.57733 313.274 311.92 938.537 310.123 68.9496 29.1098 27.888 1209 809.332 41.775 5.74843 1724.16 446.049 444.858 114.239 3.95921 12.759
internal_count=91080 37832 53248 22770 30478 30401 25258 9269 7401 7380 1868 266 56 5143 5121 15989 5093 1132 476 456 11677 8314 386 54 11093 7371 7357 1855 59 210
is_linear=0
shrinkage=0.05


Tree=150
num_leaves=31
num_cat=0
split_feature=34 130 3 99 123 28 100 115 88 87 68 15 171 130 11 25 32 110 116 32 11 16 119 38 153 51 40 34 20 17
split_gain=58.4453 21.2757 21.0701 20.6004 18.6164 17.433 16.1605 15.9974 15.7987 14.8867 15.0203 16.7594 14.8452 14.5416 13.6442 18.6404 14.2191 13.2276 13.0281 13.3125 15.2841 12.8853 14.9173 12.5436 12.2464 14.3796 11.6702 19.7914 11.3978 12.4009
threshold=14.500000000000002 5.8950000000000005 21.050000000000004 -0.038333333333332643 2.5000000000000004 46.000000000000007 0.0039999999999999506 0.31000000000000011 1.5700000000000005 2.5000000000000004 0.17651912250048532 6.9450000000000012 5.266771323914182 7.0650000000000004 6.8950000000000005 40.500000000000007 10.400000000000002 -0.10333333333333389 0.10916666666666637 17.050000000000001 6.7350000000000012 3.6550000000000007 4.3650000000000011 36.600000000000001 -0.029999999999999947 0.40138888888888896 2.5500000000000003 8.2000000000000011 5.8150000000000004 6.8150000000000004
decision_type=2 2 8 10 10 2 10 8 10 2 2 10 2 2 10 2 2 8 8 2 10 10 2 2 2 2 2 2 8 10
left_child=2 8 4 5 6 13 -1 21 -2 -5 11 -11 14 17 15 16 -13 -3 26 20 -20 -6 24 -24 25 -23 -4 -28 -19 -30
right_child=1 3 18 9 7 -7 -8 -9 -10 10 -12 12 -14 -15 -16 -17 -18 28 19 -21 -22 22 23 -25 -26 -27 27 -29 29 -31
leaf_value=-0.008195980611561007 0.00044591903035661102 0.0697841646191487 0.0025763892757298874 0.008022042172897377 -0.010959179462260169 -0.0040175240630212937 0.0023719439287303266 0.075017405021151104 -0.0098853666089954578 0.0038456169213643555 -0.001668218919003987 0.15931659530026832 0.043295447268827045 0.019673862137391709 0.0063858568518598731 0.0096032392549404225 0.039391296321348163 0.005956059291412916 0.062217575837044861 0.064785207634797143 -0.017676745271920213 -0.020105279538525686 0.013023964544165026 0.087791941384143729 0.0024607181416342479 0.052449585456233627 -0.016264961946135116 -0.0056997841654125928 -0.0097708267691537457 0.059319089914848792
leaf_weight=1254.4544744417071 1621.5895569771528 7.1737453937530518 226.71082765609026 2719.8054586946964 182.05992084741592 1300.5170859247446 508.35289171338081 7.467223495244979 479.45348225533962 1428.7411405742168 1115.8779315724969 4.9614163041114825 47.712378099560738 143.99610169231892 152.750009983778 13.783183917403219 4.9253768473863602 472.01648145914078 8.019354000687601 11.812922418117521 23.610738083720207 99.367937996983528 223.60991320759058 5.7539326697587958 1384.3332700505853 7.3328726589679709 683.23991079628468 1262.0324774160981 218.43163800239563 6.6938070952892295
leaf_count=8613 8810 34 1412 14420 1116 7506 3150 40 2870 7801 6176 26 254 744 820 73 26 2418 50 76 153 614 1285 32 8320 45 4658 8354 1150 34
internal_value=0.000166407 0.00254411 -0.00376608 0.00376989 -0.00144309 -0.00038026 -0.00514844 0.00197684 -0.00191166 0.00539472 0.00281385 0.00583975 0.0185515 0.0051959 0.0118595 0.0471828 0.0995725 0.00223591 -0.00761714 0.0194942 0.00257931 0.00169016 0.00302876 0.0148996 0.00120268 -0.015119 -0.0081594 -0.0094106 0.00154082 -0.00771653
internal_weight=15626.6 9738.43 5888.16 7637.39 3672.73 2148.83 1762.81 1909.93 2101.04 5488.56 2768.75 1652.87 224.132 848.312 176.42 23.67 9.88679 704.316 2215.43 43.443 31.6301 1902.46 1720.4 229.364 1491.03 106.701 2171.98 1945.27 697.142 225.125
internal_count=91080 53162 37918 41482 23215 11886 11763 11452 11680 29596 15176 9000 1199 4380 945 125 52 3636 14703 279 203 11412 10296 1317 8979 659 14424 13012 3602 1184
is_linear=0
shrinkage=0.05


Tree=151
num_leaves=31
num_cat=0
split_feature=17 130 6 170 59 35 29 65 108 94 19 179 29 109 65 35 23 50 164 90 18 5 3 76 120 30 17 35 71 116
split_gain=109.707 39.5701 35.6211 29.484 28.6355 24.5784 22.0964 20.3262 19.6772 19.5971 21.4448 15.5679 15.3527 13.9878 14.1102 13.8461 14.6268 13.6324 14.095 13.5142 13.4759 12.9046 12.5998 13.1488 14.5828 12.5468 13.7867 12.8757 12.2833 12.0423
threshold=5.0750000000000011 5.4850000000000012 2.2500000000000004 8.6170098039215706 0.12124962496249621 38.800000000000004 23.300000000000004 0.14378383685376869 -0.013333333333334049 1.0000000180025095e-35 6.1350000000000007 3.1788888888888893 39.550000000000004 0.22000000000000017 0.15542796577591786 20.300000000000004 8.5000000000000018 0.18780940594059406 0.6615619136960601 1.9858333333333336 6.0250000000000012 6.5750000000000011 20.950000000000003 4.5000000000000009 0.22669758357170303 23.650000000000002 7.4250000000000007 40.45000000000001 0.5590277777777779 0.070000000000001575
decision_type=10 2 8 2 2 2 2 2 8 2 10 2 2 10 2 2 2 2 2 10 10 8 10 2 2 2 10 2 2 10
left_child=1 7 3 21 17 6 9 -1 -6 10 20 13 -9 15 -15 -10 -17 18 -3 22 -5 -2 -7 29 -25 -23 -27 -28 -12 -24
right_child=2 4 -4 5 8 19 -8 12 11 -11 28 -13 -14 14 -16 16 -18 -19 -20 -21 -22 25 23 24 -26 26 27 -29 -30 -31
leaf_value=-0.0048380852040495548 0.028670737995787385 -0.0096678327126788234 -0.04860727329392666 0.004616043845306679 0.00094126445021123497 0.0065694179959399279 0.007552354283157519 0.005127889365587876 -0.0088359751350638571 0.0053856674147923465 -0.011049349936543476 -0.013852712769713067 0.053172869785956624 -0.02191768538650855 0.081172148319812246 -0.035109005103014568 0.0019684262853899371 -0.017643210372505293 0.019955509964750109 0.051893187755655185 -0.0065822711589763397 0.0012474554900523418 0.008260529846869211 0.051168115615003798 0.018484422063001781 -0.0056652464903877075 0.013463485224865339 0.099006766728931203 0.016837644097670964 0.047261639660617
leaf_weight=741.70974642038345 39.262716680765152 1477.7652602568269 33.507137611508369 1031.2019320577383 1253.1279084086418 552.16866983473301 2508.8229500353336 1088.2927708774805 922.81424263119698 1756.0900221914053 614.7698268443346 590.23673404753208 16.885588020086288 5.1495573818683615 9.3387411385774595 27.698469743132591 670.26841671764851 623.52777306735516 41.276282608509064 21.181241527199745 363.30323185026646 3934.543988391757 244.50018073618412 52.524016469717026 97.445871487259865 1130.4434475153685 34.497546911239624 5.0417512208223334 42.197255924344063 21.535540908575058
leaf_count=3451 171 8393 170 4166 6145 2194 10318 4653 4898 7368 2729 3158 69 29 48 140 3367 3638 229 74 1583 17105 961 200 380 5011 145 20 184 83
internal_value=8.83471e-06 -0.00478473 0.00287663 0.0030152 -0.00687092 0.00505692 0.00390914 0.00156482 -0.0040702 0.00150861 -0.00181021 -0.00689203 0.00586195 -0.00437963 0.0445311 -0.00481685 0.000497027 -0.0114181 -0.00886289 0.0123847 0.0016986 0.000115332 0.0115204 0.0180918 0.0299312 -0.000104309 -0.00465017 0.0243713 -0.00925816 0.0114177
internal_weight=19951.1 7468.09 12483 12449.5 5621.2 7305.74 6316.39 1846.89 3478.63 3807.56 2051.47 2225.51 1105.18 1635.27 14.4883 1620.78 697.967 2142.57 1519.04 989.356 1394.51 5143.79 968.174 416.006 149.97 5104.53 1169.98 39.5393 656.967 266.036
internal_count=91080 38218 52862 52692 30045 30240 26348 8173 17785 16030 8662 11640 4722 8482 77 8405 3507 12260 8622 3892 5749 22452 3818 1624 580 22281 5176 165 2913 1044
is_linear=0
shrinkage=0.05


Tree=152
num_leaves=31
num_cat=0
split_feature=18 110 9 36 30 36 132 20 130 3 151 90 21 117 110 98 43 57 21 152 55 172 58 112 130 59 34 152 53 36
split_gain=104.04 27.7868 26.0855 25.2903 22.3432 21.1392 19.5594 18.1495 17.914 16.8802 25.6098 14.5896 14.4286 14.2082 13.9616 15.3742 13.7836 16.0919 15.0439 14.1023 14.2642 14.5729 13.6954 13.5614 13.3916 13.1482 19.2936 13.0155 15.5543 16.1371
threshold=4.7650000000000006 -1.0000000180025095e-35 6.4050000000000011 31.900000000000002 28.900000000000002 6.8000000000000016 1.5000000000000002 5.955000000000001 5.1650000000000009 22.050000000000004 2.5000000000000004 1.5591666666666668 6.8850000000000007 6.2550000000000008 0.081666666666666568 0.064999999999999961 21.550000000000001 21.500000000000004 7.1750000000000007 -0.029999999999999846 43.500000000000007 2.7784746970776912 0.13549261299064602 0.11000000000000076 5.9250000000000007 0.020314885889975601 25.750000000000004 -0.080000000000000029 17.500000000000004 35.150000000000006
decision_type=10 8 10 2 2 2 2 10 2 10 2 10 10 2 10 8 2 2 10 2 2 2 2 10 2 2 2 2 2 2
left_child=1 13 -2 4 6 -3 14 22 -7 12 -11 -6 -5 -1 15 -4 19 18 27 -12 21 -21 -8 -24 -23 26 -17 -18 -29 -30
right_child=2 5 3 9 11 8 7 -9 -10 10 16 -13 -14 -15 -16 25 17 -19 -20 20 -22 24 23 -25 -26 -27 -28 28 29 -31
leaf_value=0.0026032040409268275 -0.05083633362992989 -0.017076513705501478 0.0010523512520923364 0.0054038781760377477 0.0050574440113924585 0.0032617025067624254 0.0006284877677551296 -0.0088472938970627531 -0.0089205834277075353 0.0042585402728691065 8.1132399143628598e-05 0.023529333124755983 -0.0097248388694571464 -0.005325204186158128 -0.013463654505032502 0.0095382165134409932 0.1079128007217586 0.0093145993100426285 0.11173543962230291 0.0014994201372698335 0.056044654540172573 0.091934758750273168 0.011076238723662575 0.075307560696122766 0.024553134842488472 -0.0048072245750996846 0.10943500340062379 0.014395959283424532 0.10237835778459242 0.033038308834980566
leaf_weight=995.36683095246553 22.966325476765633 666.57408767938614 4814.6202395558357 1550.6332650631666 1910.6146611124277 361.61176638305187 426.03427556157112 187.81348007917404 1823.5365908369422 497.08911147713661 107.28974288702011 113.23063969612122 175.43134474754333 1307.1529719009995 212.77099624276161 28.860578462481499 6.4198992252349845 46.042759209871292 7.822790026664733 81.539800107479095 27.311035364866257 7.9813841283321372 781.26977267861366 8.3050384521484357 96.862250417470932 1879.9858303666115 5.805676355957984 45.164993494749069 13.228174582123755 22.944529071450233
leaf_count=5157 132 4268 22945 6858 8893 1795 1982 889 11259 2202 478 464 838 7493 1109 137 29 208 37 366 118 33 3390 36 420 9155 28 200 59 102
internal_value=3.3012e-05 -0.00598342 0.00240418 0.00249784 0.00137784 -0.00928222 0.00023488 0.00561846 -0.00690458 0.00682197 0.012138 0.00609091 0.00386625 -0.0018978 -0.00085348 -0.000454762 0.0206047 0.0335981 0.0452958 0.0148719 0.0222979 0.0173529 0.00785345 0.0117518 0.0296827 -0.00424458 0.0262683 0.0393733 0.0339636 0.0583956
internal_weight=18232.3 5154.24 13078 13055.1 10369.3 2851.72 8345.47 1403.42 2185.15 2685.76 959.696 2023.85 1726.06 2302.52 6942.04 6729.27 462.607 141.623 95.5804 320.984 213.694 186.383 1215.61 789.575 104.844 1914.65 34.6663 87.7576 81.3377 36.1727
internal_count=91080 29972 61108 60976 49028 17322 39671 6297 13054 11948 4252 9357 7696 12650 33374 32265 2050 635 427 1415 937 819 5408 3426 453 9320 165 390 361 161
is_linear=0
shrinkage=0.05


Tree=153
num_leaves=31
num_cat=0
split_feature=61 142 19 85 104 118 126 17 18 112 122 43 19 88 65 3 67 69 139 78 41 37 145 167 47 166 23 118 108 113
split_gain=150.643 41.9905 40.5639 26.7979 24.2413 21.5807 20.6138 18.4058 15.2866 19.0652 15.2462 14.9195 14.1198 17.4957 13.1854 14.339 17.8714 13.1695 13.1436 12.4655 12.4686 12.4559 14.539 12.9256 12.0978 13.1573 11.9009 11.8731 11.83 13.3992
threshold=0.13678528416585417 2.5000000000000004 1.9450000000000001 2.5000000000000004 5.5000000000000009 3.5350000000000006 5.5000000000000009 5.455000000000001 5.4850000000000012 -0.026666666666666745 0.12045966601149526 13.150000000000002 6.4450000000000012 -1.77 0.14064498081841434 26.050000000000004 0.21615871626810498 0.17352269674993284 2.5000000000000004 9.5000000000000018 29.800000000000004 27.100000000000005 -0.061712930741018392 0.37518328445747806 0.35498944829665363 0.10990959395214712 77.500000000000014 2.1950000000000007 -0.030000000000000648 0.2799999999999998
decision_type=2 2 10 2 8 2 10 8 10 8 2 2 10 8 2 8 2 2 2 2 2 2 2 2 2 2 2 2 8 8
left_child=2 8 -1 5 6 -3 10 -5 11 18 26 12 14 17 15 16 -2 -14 -10 20 -11 -20 -23 -24 25 -15 -4 -28 29 -13
right_child=1 3 4 7 -6 -7 -8 -9 9 19 -12 28 13 24 -16 -17 -18 -19 21 -21 -22 22 23 -25 -26 -27 27 -29 -30 -31
leaf_value=-0.033872461481754823 0.012112345532347017 0.0023601720858691284 0.0027954217672956031 0.0066370609987467261 -0.017381892958988437 -0.0074897496912613125 -0.012716492894621029 -0.00024441609608974018 -0.0076939735826506185 0.0010050167587250791 -0.0059414971252976694 0.0035306703719866009 0.11071490052043598 0.0064232810679026309 -0.0030173036583415642 0.037839041838448523 -0.036483125744441479 0.0069490150245100834 0.0052597280629276605 0.018171988078608675 -0.013048584161492394 -0.00064417918860456679 0.034488310544446142 -0.0039903929695146558 -0.031045896195536167 0.036570539077772128 0.13244138852267592 0.0087272564625988282 0.014004245347884284 0.082030888107514896
leaf_weight=155.67485761642456 126.58325776457787 867.93174873292446 561.94532838463783 1712.2705329358578 552.3201470375061 1547.6847797781229 811.63762211054564 2246.6603879481554 74.261148624122143 1265.267763197422 1520.7657630369067 433.05171294510365 8.1380626410245878 118.88361194729805 572.37353602796793 42.299877196550369 22.243958294391632 4.8981123864650717 181.21554044634104 92.636444456875324 180.31995033472776 52.180789515376091 159.90344256907701 25.27442966401577 15.130010530352591 52.031837210059166 3.5518025234341613 4.2720877826213837 1309.306120224297 5.5050567984580985
leaf_count=1864 674 5539 3514 8929 4431 10913 7144 13189 398 7231 10343 2209 37 525 3167 218 120 23 984 526 1048 276 826 125 72 235 22 27 6444 27
internal_value=-3.20566e-05 0.0028499 -0.00890588 0.000199547 -0.00778077 -0.00395067 -0.00595356 0.00273188 0.00641307 0.00313344 -0.00332789 0.00887065 0.0038719 0.0157311 0.000779637 0.0121504 0.00484919 0.0717267 0.0116918 0.000391415 -0.000748004 0.0151311 0.0226675 0.0292365 0.0118075 0.015601 0.00364808 0.0648896 0.0116236 0.00451606
internal_weight=14726.2 11116.1 3610.17 6374.55 3454.49 2415.62 2902.17 3958.93 4741.5 2031.06 2090.53 2710.45 962.582 199.082 763.501 191.127 148.827 13.0362 492.835 1538.22 1445.59 418.574 237.359 185.178 186.045 170.915 569.769 7.82389 1747.86 438.557
internal_count=91080 63735 27345 38570 25481 16452 21050 22118 25165 11414 13906 13751 5071 892 4179 1012 794 60 2609 8805 8279 2211 1227 951 832 760 3563 49 8680 2236
is_linear=0
shrinkage=0.05


Tree=154
num_leaves=31
num_cat=0
split_feature=127 20 20 171 62 59 36 25 91 180 180 3 13 180 11 31 89 19 26 48 59 62 20 3 142 68 81 143 51 17
split_gain=186.928 65.8906 45.3885 27.0368 18.0531 17.9455 17.834 20.1479 16.9653 15.8137 15.7261 22.3442 15.2128 14.6642 14.4396 14.4367 13.994 13.8769 24.4707 14.1208 13.8291 13.6742 14.649 17.8314 19.0258 15.515 16.0737 17.5592 13.5367 13.4738
threshold=4.5000000000000009 2.0950000000000002 5.2950000000000008 6.1085137085137093 0.13900479595546864 0.18906039279683587 32.250000000000007 28.500000000000004 5.5000000000000009 4.7513157894736855 6.8834871456822677 31.800000000000004 6.9050000000000011 4.4548717948717957 6.6450000000000005 31.400000000000002 4.8836666666666675 7.8550000000000013 52.500000000000007 0.050423728813559311 0.13341139734582358 0.19731691587803887 7.2550000000000008 29.450000000000003 3.5000000000000004 0.15377132595031426 3.5000000000000004 2.5000000000000004 0.48331479421579543 4.785000000000001
decision_type=8 10 10 2 2 2 2 2 2 2 2 10 8 2 10 2 2 8 2 2 2 2 10 10 2 2 2 2 2 8
left_child=2 -2 14 5 13 8 7 9 10 -7 -4 -12 -10 -3 15 -1 29 19 -19 -5 -16 -9 23 -23 -25 -26 27 -27 -24 -15
right_child=1 4 3 17 -6 6 -8 21 12 -11 11 -13 -14 16 20 -17 -18 18 -20 -21 -22 22 28 24 25 26 -28 -29 -30 -31
leaf_value=0.012664935256780342 -0.033091016350679597 -0.012742407367972032 0.0010123914676111638 0.008314402738668512 -0.0039264006976666432 0.008979548976588772 -0.00814361422441056 -0.0051636451101407799 0.014350974850432872 0.029544975484386213 0.018550249150072785 0.14720571475372823 0.0048215865393635808 0.11645697394042898 0.0018283785418532429 0.096376789604202664 0.0015479883133612358 -0.010262559268484194 0.18268795384826886 -0.0056790850570737281 -0.006327736347497258 0.0008464568378758492 0.022959626223144999 0.0024860729490499803 -0.010644681617324342 0.053270802455439054 0.01647255657417283 0.17504348098786998 0.1200437026069104 4.1492620805680105e-05
leaf_weight=79.82605903595686 288.44345501065254 1471.1322754733264 673.49461513012648 244.57151873409748 1393.4812828935683 382.24121883511543 266.87729773670435 415.87500403821468 1819.247132204473 123.73396397382021 80.675902299582958 3.5221365243196479 544.06264274567366 5.8058407008647892 894.74444904923439 5.5055268034338942 44.39022783562541 3.9572636410593978 2.8100747168064117 685.79995434731245 1239.9504788964987 465.66045667976141 65.546127952635288 24.019679598510265 5.0337728857994106 5.3138622567057627 5.2875452935695639 6.6840325072407722 3.7985874563455573 4.3459917679429063
leaf_count=605 5126 16751 4186 1617 13655 2565 1885 2830 10903 773 456 20 3418 50 6788 39 461 29 20 4841 10243 3052 401 158 31 33 34 44 22 44
internal_value=-8.68243e-05 -0.0102934 0.00398096 0.00629837 -0.00804072 0.00778904 0.00376746 0.00588215 0.0100699 0.0140087 0.00355933 0.0239321 0.0121572 -0.0117985 -0.00210293 0.018066 0.0136597 -0.00148163 0.0698584 -0.00200055 -0.00290915 0.00175883 0.00671095 0.00378997 0.0333694 0.0666057 0.0891021 0.12111 0.0282777 0.0666196
internal_weight=11255.8 3207.6 8048.24 5828.21 2919.16 4891.07 1770.07 1503.19 3121 505.975 757.693 84.198 2363.31 1525.67 2220.03 85.3316 54.5421 937.139 6.76734 930.371 2134.69 997.219 581.344 511.999 46.3389 22.3192 17.2854 11.9979 69.3447 10.1518
internal_count=91080 36087 54993 37318 30961 30811 11828 9943 18983 3338 4662 476 14321 17306 17675 644 555 6507 49 6458 17031 6605 3775 3352 300 142 111 77 423 94
is_linear=0
shrinkage=0.05


Tree=155
num_leaves=31
num_cat=0
split_feature=128 21 87 136 62 81 181 116 96 52 172 63 110 23 175 89 69 44 13 12 105 4 89 18 180 57 182 9 167 112
split_gain=231.465 50.147 47.2002 34.299 23.8066 22.2393 20.1547 17.9184 17.7494 26.6984 17.8111 17.085 18.2252 18.4098 17.0083 20.6319 27.7069 15.2139 16.4227 20.0416 27.8824 15.0934 14.9188 14.6823 19.0622 18.6997 16.2185 19.5545 14.5316 13.6127
threshold=4.5000000000000009 2.5650000000000004 3.5000000000000004 2.916666666666667 0.071535181236673753 13.500000000000002 1.2042727272727274 0.011833333333333952 6.7250000000000005 29.500000000000004 2.0667118337850048 0.19673793768496659 -0.086666666666667239 61.500000000000007 2.4595908408408413 4.9391666666666669 0.18190346239126728 41.900000000000013 6.8150000000000004 -1.0000000180025095e-35 2.5000000000000004 2.2500000000000004 5.7200000000000015 4.8650000000000011 7.4000000000000004 100.50000000000001 64655.482005213998 6.8750000000000009 0.15626907814407817 -0.11833333333333264
decision_type=8 10 2 2 2 2 2 8 2 2 2 2 8 2 2 2 2 2 8 10 10 8 2 10 2 2 2 10 2 10
left_child=2 -2 4 -4 -1 7 11 17 9 -8 -11 -6 13 28 15 16 -7 -3 19 20 -19 -9 -14 24 25 29 -26 -28 -13 -10
right_child=1 5 3 -5 6 14 8 21 23 10 -12 12 22 -15 -16 -17 -18 18 -20 -21 -22 -23 -24 -25 26 -27 27 -29 -30 -31
leaf_value=0.0093284175169105251 -0.029706734436807464 -0.0074558344194095962 0.01448541734858572 0.0018492439726074134 -0.0073788883261285548 0.04500452292360594 0.019546829816102864 -0.017788690713279622 0.10302842490630496 0.052295259951641249 0.21763595023396257 -0.0026793082894544257 0.0057410686371395219 0.20277583305759106 0.19556580686462721 -0.010254768335071662 0.28105921272701884 0.035258874696257242 -0.0066261356837668643 0.0036485491316903202 0.35393854781401796 0.13176332896534529 -0.016294901126051236 -0.0019480121261712332 0.034039657600900199 0.12248125996471011 0.23609664372262193 0.026717130739806118 0.13252883045245786 0.0060774750806508737
leaf_weight=700.01496122032404 436.24669810943305 873.2346316576004 1587.978463627398 811.42564192041755 1244.9863222204149 12.327130384743212 38.453112583607435 704.57443593069911 3.6576348319649687 3.5231400653719893 3.0293313935399055 6.8720893114805204 439.22550004720688 2.0085832774639121 1.4581520557403553 20.72535615041852 1.3825053721666325 1.2606715187430384 5.3262387551367292 2.0905267558991882 1.506696533411741 1.6911567896604527 93.086919054389 549.5370433665812 15.506850607693197 3.5435494929552069 2.4763747528195372 2.0285809189081192 2.7956643849611282 357.50172030925751
leaf_count=6041 10396 13694 10199 8113 13851 193 364 12981 33 32 30 69 4330 20 21 348 20 21 84 33 23 18 1093 5585 149 32 24 18 29 3236
internal_value=-0.00024329 -0.0146544 0.0048206 0.0102121 0.00109062 -0.0106149 -0.000992512 -0.0114936 0.00477397 0.0354439 0.128735 -0.00414899 0.00324302 0.0650363 0.0283055 0.0212229 0.0688087 -0.00674723 0.0540117 0.120496 0.208764 -0.0174306 0.00188758 0.00329651 0.0107879 0.00818081 0.0583011 0.141813 0.0364194 0.00705934
internal_weight=7929.48 2061.82 5867.65 2399.4 3468.25 1625.58 2768.23 1589.68 979.257 45.0056 6.55247 1788.98 543.989 11.6763 35.8931 34.435 13.7096 883.419 10.1841 4.85789 2.76737 706.266 532.312 934.252 384.715 364.703 20.0118 4.50496 9.66775 361.159
internal_count=91080 37832 53248 18312 34936 27436 28895 26854 9503 426 62 19392 5541 118 582 561 213 13855 161 77 44 12999 5423 9077 3492 3301 191 42 98 3269
is_linear=0
shrinkage=0.05


Tree=156
num_leaves=31
num_cat=0
split_feature=34 130 90 78 3 5 90 87 68 177 158 116 12 57 20 114 90 83 34 20 31 175 65 36 112 61 66 68 88 182
split_gain=53.4714 19.8332 19.7541 22.1691 21.0036 19.1108 16.9585 16.0835 18.6102 14.1888 13.9939 13.9827 13.7487 13.4959 13.417 15.5843 31.5007 13.172 13.0793 17.8845 12.7147 16.5863 15.9251 17.5226 15.6691 14.7457 14.4131 14.7884 15.3257 18.1775
threshold=14.500000000000002 5.8450000000000006 1.2633333333333343 1.0000000180025095e-35 19.050000000000004 6.5550000000000006 1.2916666666666667 2.5000000000000004 0.17593623690505653 3.5714285714285721 4.9510000000000014 0.13916666666666669 2.2500000000000004 10.500000000000002 5.8850000000000007 0.098333333333334064 0.36833333333333346 2.5000000000000004 28.100000000000005 6.6750000000000007 13.450000000000001 6.003000000000001 0.18606836859590833 41.45000000000001 -0.0016666666666655498 0.20146970146970142 0.15674292182912872 0.14818289208533109 0.43999999999999978 7440.341590036337
decision_type=2 2 8 2 10 10 10 2 2 2 2 8 8 2 8 8 10 2 2 10 2 2 2 2 10 2 2 2 8 2
left_child=2 6 3 14 -5 -3 -2 10 9 -9 -7 -6 20 17 -1 -16 -17 -13 -12 -20 21 -11 23 -22 -23 -26 27 -24 29 -29
right_child=1 5 -4 4 11 7 -8 8 -10 12 18 13 -14 -15 15 16 -18 -19 19 -21 22 24 26 -25 25 -27 -28 28 -30 -31
leaf_value=0.0068718879690266499 0.00087813169934393724 -0.029312672927830824 -0.0099861679917871479 -0.00076119218806600412 -0.0089284228644571865 0.0073015059343318842 -0.0094640817247372572 0.0015873053787487719 -0.0027147230478293 0.012621729797747129 -0.0043376812150395664 0.14726882597365121 0.099094771435456697 -0.016481376595529923 -0.004872141936288917 0.15944652058482917 -0.028082700977650445 0.020662916254272308 0.0080739697026230746 0.075905601840006637 -0.0081634144806472936 0.093001392362906263 0.012793839151168499 0.048292234129944434 0.0002458784103772104 0.10187187486258042 0.0048168524879534519 0.18275908995612933 -0.0036095645480255832 0.062305332009343739
leaf_weight=869.16356486827135 1379.0190510600805 43.966392919421196 1004.5643095746636 1882.6724007278681 1628.2331499308348 3287.9303915426135 556.25490620732307 1545.0989094302058 1578.3440992236137 345.96506235003471 500.09531202912331 4.0129284560680372 4.3001036942005149 5.9351377040147772 462.26854028552771 4.2942611128091794 4.6797123700380325 4.2093164622783661 93.749267250299454 10.841190606355665 226.87741637229919 12.780686736106871 24.146508559584618 14.630672663450239 16.197108775377277 4.5783503204584113 85.747886493802071 4.2613530904054668 5.3295077979564693 11.819099664688109
leaf_count=5232 7415 251 7058 11756 10807 17290 3368 8432 8815 1884 2896 22 23 36 2926 26 30 25 479 54 1259 69 133 84 86 26 481 23 31 63
internal_value=0.000167631 0.00243717 -0.00360277 -0.00228481 -0.00436602 0.00355914 -0.00209453 0.00374508 0.00146697 0.00433444 0.00601586 -0.00849823 0.00994428 0.0409777 0.00318847 -0.00360526 0.0616545 0.0824539 -0.000974751 0.015105 0.00943472 0.0158771 0.00287644 -0.0047433 0.0494398 0.0226415 0.0168914 0.0396186 0.069872 0.0942258
internal_weight=15622 9751.93 5870.03 4865.47 3525.06 7816.66 1935.27 7772.69 3880.08 2301.73 3892.62 1642.39 756.634 14.1574 1340.41 471.243 8.97397 8.22224 604.686 104.59 752.334 379.521 372.812 241.508 33.5561 20.7755 131.304 45.5565 21.41 16.0805
internal_count=91080 53162 37918 30860 22646 42379 10783 42128 21409 12594 20719 10890 4162 83 8214 2982 56 47 3429 533 4139 2065 2074 1343 181 112 731 250 117 86
is_linear=0
shrinkage=0.05


Tree=157
num_leaves=31
num_cat=0
split_feature=83 124 130 6 176 17 118 108 55 170 29 35 162 3 67 32 35 107 80 109 95 29 61 18 114 19 88 160 109 17
split_gain=102.197 51.4857 30.9032 29.2126 24.3774 20.6225 18.3845 16.2522 15.5849 14.5916 15.9133 14.0981 13.7423 13.6052 14.0143 13.3704 13.348 13.3691 13.9025 12.9323 12.8042 12.7332 12.7104 15.5769 18.1789 12.518 16.8055 14.3332 12.688 12.4648
threshold=2.5000000000000004 4.5000000000000009 6.1150000000000011 2.2500000000000004 8.2361253196930964 2.7550000000000003 5.3250000000000011 -0.013333333333334049 7.5000000000000009 18.167105263157897 26.600000000000005 30.200000000000003 5.6950000000000012 24.750000000000004 0.24078921853790963 29.800000000000004 34.900000000000006 0.095000000000000168 16.500000000000004 0.11999999999999968 7.0150000000000006 16.550000000000001 0.13979768638842174 4.0950000000000006 0.065000000000000765 5.5150000000000006 -2.395 6.9250000000000007 0.019999999999999952 7.5050000000000008
decision_type=2 8 2 8 2 8 2 8 2 2 2 2 2 8 2 2 2 8 2 10 2 2 2 10 8 8 8 2 10 10
left_child=1 2 9 4 25 -3 11 8 -7 -1 22 13 -8 15 20 -6 17 -4 -19 -9 -15 -13 23 24 -11 26 -2 -28 29 -27
right_child=3 5 16 -5 6 7 12 19 -10 10 -12 21 -14 14 -16 -17 -18 18 -20 -21 -22 -23 -24 -25 -26 28 27 -29 -30 -31
leaf_value=0.00037717971652229186 -0.0066022608269079479 -0.025644083023035669 -0.0038623502511558553 -0.048760006501749664 0.0071422506071825848 -0.0096334806522255078 0.0022384350901562921 -0.011117496391526281 0.0010947548206918605 0.020022906008629923 0.024300771768279376 0.0069863944612544556 -0.02945699930923347 -0.002929352953823329 0.038467121595271603 0.029045432493786324 0.0048558153419563412 -0.013929890826394696 0.071519693538256074 -0.00089255408152112139 0.034012552377597545 0.016821270958812164 -0.00077853262333101546 0.0052780954354339129 0.088036561504910904 -0.010013454042778022 0.0046003021879068903 0.083596587643847517 0.00038708683715944054 0.035336925138247731
leaf_weight=1947.111414000392 372.52735771238804 157.99153699725866 1736.6108721792698 26.696245014667511 1533.600972160697 545.91249489784241 1563.7936016917229 2151.2279972881079 891.09777601063251 125.61611051857471 127.10481350123882 632.36848321557045 34.962950140237808 641.38531418144703 22.588908091187477 72.98989400267601 328.09572087228298 498.87035192549229 4.8059127032756797 361.15631315112114 24.346326157450676 686.27447675168514 432.67707094550133 333.37540420889854 10.658229008316992 494.5263564735651 2490.4177031964064 5.7553596943616858 1667.5523746162653 15.63070400059223
leaf_count=8580 1627 1050 8358 140 6246 2890 6689 12009 4661 495 508 2480 152 2633 93 298 1462 2546 24 1983 98 2626 1810 1358 42 2216 10555 26 7359 66
internal_value=7.65269e-06 -0.00368761 -0.000544699 0.00347546 0.00361139 -0.00793051 0.00600963 -0.0072219 -0.00298084 0.00292265 0.00773727 0.00798481 0.00154529 0.00561745 -0.000264169 0.00813735 -0.00456307 -0.00594249 -0.0131146 -0.00964766 -0.00157836 0.0121049 0.00540408 0.0111 0.0253424 0.00113431 0.00330403 0.00478244 -0.00172387 -0.00862396
internal_weight=19937.7 9652.31 5544.93 10285.4 10258.7 4107.39 5212.31 3949.39 1437.01 2976.54 1029.43 3613.55 1598.76 2294.91 688.321 1606.59 2568.38 2240.29 503.676 2512.38 665.732 1318.64 902.327 469.65 136.274 5046.41 2868.7 2496.17 2177.71 510.157
internal_count=91080 47776 25183 43304 43164 22593 21315 21543 7551 12793 4213 14474 6841 9368 2824 6544 12390 10928 2570 13992 2731 5106 3705 1895 537 21849 12208 10581 9641 2282
is_linear=0
shrinkage=0.05


Tree=158
num_leaves=31
num_cat=0
split_feature=125 48 18 36 30 166 119 9 110 28 17 110 123 122 30 34 165 108 35 178 31 37 55 34 33 38 110 172 53 92
split_gain=96.3654 30.8408 27.339 19.9984 19.71 18.726 16.1412 16.1034 15.3245 14.0354 13.8226 13.6532 13.4558 17.3635 13.1638 14.3705 12.7256 12.8712 12.6444 13.3788 15.7102 14.9136 12.9811 12.4623 12.1913 15.3848 12.1769 11.9421 11.9375 11.8804
threshold=4.5000000000000009 0.15353598014888339 2.8350000000000004 30.350000000000005 29.300000000000001 0.13892335263303007 2.0650000000000008 6.495000000000001 0.026666666666666752 58.20000000000001 5.6550000000000011 0.01333333333333315 3.5000000000000004 0.17250754537727922 28.350000000000005 17.550000000000004 0.38076644100580276 0.011666666666668003 10.400000000000002 2.9381944444444446 5.7500000000000009 5.4500000000000002 8.5000000000000018 7.2500000000000009 23.650000000000002 13.150000000000002 -0.011666666666667149 3.8771683673469384 112.50000000000001 10.500000000000002
decision_type=8 2 10 2 2 2 2 10 8 2 10 10 8 2 2 2 2 10 2 2 2 2 2 2 2 2 8 2 2 2
left_child=1 7 -2 4 12 6 10 -1 -8 -6 14 -9 13 -3 15 16 17 -4 19 20 -7 -22 -21 -20 -17 -26 -15 -10 -13 -28
right_child=2 3 5 -5 9 18 8 11 27 -11 -12 28 -14 26 -16 24 -18 -19 23 22 21 -23 -24 -25 25 -27 29 -29 -30 -31
leaf_value=-0.050675368223762889 -0.025172161278435991 0.0079817303418435476 -0.0011913693327510585 0.0086773055849899972 0.0031290489142340137 -0.024460205930318429 -0.0068892286519972937 0.0016304953068671784 -0.016202535700260194 0.014600464203488881 -0.0074662956372761914 -0.0033309850717184461 -0.0022087599735598432 0.0057727021101259294 0.02991800742465649 -0.010369734951587661 0.069467458232401399 0.026862721969483541 0.0092379689791683411 -0.025964113490361887 0.13116260167378349 0.032607690740107963 0.01544645824167383 -0.0043904580596089192 -0.0056046936728364576 0.097912576698992226 -0.0064714438619242216 0.067901653851195135 0.082739766941305012 0.011293665435115133
leaf_weight=15.879603400826452 179.97246558219194 1180.6728343814611 114.49376159906387 1996.6823565065861 533.22189828753471 11.475388705730436 1606.1979237943888 3748.5278496444225 707.90348156541586 533.34927994012833 519.42353256046772 2415.573311522603 1680.9254782348871 501.58636851608753 45.783073052763939 201.55755305290222 9.0931439101695997 63.594537198543549 202.71578313410282 31.07407633960247 4.1238751709461203 55.478109270334244 48.403396800160408 972.33491535484791 8.8152779042720777 6.054433971643447 710.7715647816658 4.2460390478372565 4.0352220088243476 108.47250214219093
leaf_count=93 1431 5245 630 8678 2438 67 9546 17555 4692 2359 2886 12025 8192 2199 246 1139 50 343 1084 168 24 313 262 5499 50 35 3290 26 20 495
internal_value=3.25517e-05 0.00220468 -0.00605396 0.00441826 0.00279816 -0.00530804 -0.0073311 -0.000388924 -0.00959605 0.00886544 -0.00191113 -0.000259464 0.00125092 0.00357571 0.00450973 0.00162756 0.0117725 0.00882662 -0.000291371 0.0133511 0.0291122 0.0394267 -0.000744233 -0.00203933 -0.00714651 0.036544 -0.00036277 -0.0157011 -0.00318744 -0.00411924
internal_weight=18222.4 13429.7 4792.74 7245.68 5249 4612.77 3287.16 6184.02 2318.35 1066.57 968.815 6168.14 4182.43 2501.5 449.392 403.609 187.181 178.088 1325.61 150.555 71.0774 59.602 79.4775 1175.05 216.427 14.8697 1320.83 712.15 2419.61 819.244
internal_count=91080 62589 28491 32896 24218 27060 19643 29693 14264 4797 5379 29600 19421 11229 2493 2247 1023 973 7417 834 404 337 430 6583 1224 85 5984 4718 12045 3785
is_linear=0
shrinkage=0.05


Tree=159
num_leaves=31
num_cat=0
split_feature=61 19 37 126 112 10 120 76 171 43 111 124 124 89 21 25 49 37 177 70 67 5 118 40 69 48 181 58 111 49
split_gain=138.761 38.9194 38.7769 27.5195 23.3917 18.4797 18.3708 18.3254 17.9582 16.0387 15.9949 15.8656 15.3097 14.9403 14.9237 16.8698 14.697 14.1448 13.8942 13.5815 13.7353 13.4502 13.4118 17.3875 13.1691 15.115 14.1991 13.1513 12.9521 12.3816
threshold=0.13678528416585417 1.9450000000000001 23.650000000000002 4.5000000000000009 -0.0033333333333333496 2.2500000000000004 0.14006369426751594 23.500000000000004 14.802479338842979 5.7500000000000009 0.09000000000000026 3.5000000000000004 2.5000000000000004 5.3308333333333353 1.4450000000000001 58.500000000000007 0.083771929824561372 16.350000000000005 1.8509259259259263 0.13809523809523808 0.19234432234432233 6.5850000000000009 3.6550000000000007 4.9000000000000012 0.17558069209016458 0.22068372803666916 4.6208108108108119 0.16832927011294094 0.28500000000000014 0.12556306306306306
decision_type=2 10 2 8 8 8 2 2 2 2 8 10 10 2 8 2 2 2 2 2 2 8 2 2 2 2 2 2 10 2
left_child=1 -1 3 5 6 12 22 9 10 -6 16 -9 14 -12 15 -2 -4 24 -8 20 -17 -19 23 -3 25 26 29 -16 -15 -14
right_child=2 4 8 -5 7 -7 18 11 -10 -11 13 -13 17 28 27 19 -18 21 -20 -21 -22 -23 -24 -25 -26 -27 -28 -29 -30 -31
leaf_value=-0.033418341205679408 0.0058492711715250984 0.12041554958279999 0.0029703725843674539 -0.0056320148522256905 -0.017052325698089392 -0.037053135210368987 0.00022818340182403267 -0.0092000699936587056 -0.014635823554013404 -0.0077645882736515574 0.0089536999653262589 0.16183949217229721 -0.0037433000988512273 -0.0048179749354548117 0.0019451558110304653 0.12965522837990115 0.011489142010699083 0.050861364257512601 -0.010010910666902399 0.014518933420242278 0.014231486733906075 0.006692939706728733 -0.016533056563313244 0.02776452643396228 0.0059952090378827261 -0.010280634286365158 -0.019942573793306932 -0.0070688709367771737 0.091380649103982928 0.0076564566722335864
leaf_weight=151.13533645868301 71.805170081555843 6.37512890249491 673.15482370555401 1414.1160697191954 747.42243007570505 29.95830574631691 875.70879162102938 2.5811575204133979 94.2297473102808 1229.3833937719464 390.0908121317625 2.8560241162776947 404.98267402499914 491.15970675647259 769.29017897695303 7.9965966492891329 2042.7446006089449 17.393331453204155 532.97210215032101 10.623394504189489 3.803322046995163 1909.2915103510022 11.435421369969843 24.618151426315308 915.56723760813475 376.69556891173124 72.667161077260971 853.65842401236296 3.5240940451622 578.35190101712942
leaf_count=1864 409 35 3687 10530 6111 179 6033 20 533 9159 2045 22 2305 2875 4462 44 10420 92 3894 60 21 10114 66 141 5191 2169 420 5122 21 3036
internal_value=-3.01078e-05 -0.0085861 0.00272513 0.000644892 -0.00749299 0.00211885 -0.00266941 -0.0110241 0.00691173 -0.0112762 0.00747563 0.080643 0.00231469 0.00163702 -0.001673 0.0176717 0.0093777 0.00391648 -0.00364576 0.0555301 0.0924521 0.00709167 0.0297467 0.0468223 0.00131132 -0.00168192 0.0013854 -0.00279615 -0.00413266 0.00296151
internal_weight=14715.6 3584.49 11131.1 7436.2 3433.35 6022.08 1451.11 1982.24 3694.9 1976.81 3600.67 5.43718 5992.13 884.775 1717.18 94.2285 2715.9 4274.95 1408.68 22.4233 11.7999 1926.68 42.4287 30.9933 2348.26 1432.7 1056 1622.95 494.684 983.335
internal_count=91080 27345 63735 44154 25481 33624 10169 15312 19581 15270 19048 42 33445 4941 10118 534 14107 23327 9927 125 65 10206 242 176 13121 7930 5761 9584 2896 5341
is_linear=0
shrinkage=0.05


Tree=160
num_leaves=31
num_cat=0
split_feature=127 20 121 18 59 114 86 119 112 92 66 114 48 130 122 114 180 59 23 59 4 50 111 56 182 45 76 18 79 180
split_gain=174.774 66.4224 47.1732 29.4211 21.2663 18.9884 18.3209 16.4388 15.8349 16.616 18.5939 13.9528 15.0419 14.8168 17.0628 13.364 13.0573 13.0879 12.9817 12.4981 17.4713 12.338 20.4749 18.9596 15.937 14.631 17.5127 13.2494 12.1564 12.0871
threshold=5.5000000000000009 5.2950000000000008 0.023384218121060153 6.1750000000000007 0.14967069630399929 0.066666666666667776 3.5000000000000004 3.0850000000000013 0.12999999999999948 7.5000000000000009 0.16298064630879197 0.024999999999999852 0.22517605633802817 7.6750000000000007 0.15279434712668929 -0.011666666666666247 0.67285012285012302 0.077944089808496569 83.500000000000014 0.15672811491133673 0.75000000000000011 0.34222380275011854 0.13500000000000018 10.500000000000002 7440.341590036337 14.050000000000002 1.5000000000000002 2.9950000000000006 7.5000000000000009 3.801485148514852
decision_type=8 10 2 10 2 8 2 2 8 2 2 8 2 2 2 8 2 2 2 2 8 2 8 2 2 2 2 10 2 2
left_child=1 4 -2 5 8 6 19 -5 11 10 -10 12 13 -1 -15 -6 -4 -18 28 20 -3 -21 25 24 -24 27 -27 -23 -8 -29
right_child=2 3 16 7 15 -7 18 -9 9 -11 -12 -13 -14 14 -16 -17 17 -19 -20 21 -22 22 23 -25 -26 26 -28 29 -30 -31
leaf_value=0.0062184653464004052 -0.031039621653908684 0.0096077561420500075 -0.014591000615187411 -0.002343352003885885 -0.00062273491960625595 -0.0045930966488344441 0.013172412655406418 0.0098406890180010587 0.012684422188141859 -0.033876685352650128 0.15486117849555345 -0.0060486792969662124 -0.0083288450681249186 -0.0099476025944447207 0.15949623087674905 -0.0097556014143428838 0.10803229218034144 -0.0046369815432302118 0.094519990819542155 0.001042896267458446 0.096941261743625717 0.097213315270088183 0.11217983588426142 0.12435904964911415 -0.01083810203180297 0.12713110703807759 -0.019085846088924368 0.023751016147601223 -0.0035255465399951832 -0.010592896638215674
leaf_weight=864.19945688545704 367.80079655721784 916.14527115225792 785.76564633846283 1401.8753219097853 592.60800267755985 292.42660564929247 1711.8140477761626 344.96156752109528 4.1425385028123838 3.6807732209563246 5.1690278016030788 524.53857959806919 203.74986365810037 2.6548685804009429 3.3737780526280403 1235.9801716729999 2.592009335756301 460.4822609461844 4.7911498919129363 1249.789610914886 5.7627167105674735 3.7088756039738646 3.7224452197551754 7.7573119699954978 8.9935761690139753 5.3790809959173185 3.3067465201020241 38.984101101756096 116.40980621427298 74.727127768099308
leaf_count=6891 6194 5663 9066 10514 5015 2058 9501 2227 34 30 41 4782 1749 22 26 11992 26 4766 27 8794 34 21 25 50 57 35 22 258 673 487
internal_value=-8.86496e-05 0.00246501 -0.0153013 0.00556043 -0.00310529 0.0077216 0.00858907 6.2726e-05 0.00108238 0.0560588 0.0916094 0.000635541 0.00390016 0.00676339 0.0848773 -0.00679583 -0.0106662 -0.00400633 0.0123246 0.00563547 0.0101537 0.00265247 0.0163763 0.0627549 0.0251738 0.00884672 0.0714654 0.00421467 0.0121092 0.00118137
internal_weight=11247.3 9630.65 1616.64 6190.56 3440.1 4443.72 4151.29 1746.84 1611.51 12.9923 9.31157 1598.52 1073.98 870.228 6.02865 1828.59 1248.84 463.074 1833.02 2318.28 921.908 1396.37 146.579 20.4733 12.716 126.106 8.68583 117.42 1828.22 113.711
internal_count=91080 71028 20052 40446 30582 27705 25647 12741 13575 105 75 13470 8688 6939 48 17007 13858 4792 10201 15446 5697 9749 955 132 82 823 57 766 10174 745
is_linear=0
shrinkage=0.05


Tree=161
num_leaves=31
num_cat=0
split_feature=128 21 21 89 118 181 116 4 15 14 128 1 64 128 19 35 28 163 166 104 36 37 100 111 145 18 18 11 33 9
split_gain=213.511 49.1876 43.2469 36.3781 19.6408 17.914 17.7759 14.8264 14.3102 13.9317 13.6894 12.6675 13.0043 12.6641 12.6303 15.4894 12.3492 14.3971 16.5168 24.9654 12.7187 12.4888 12.4342 13.0386 17.7081 17.4257 12.3029 19.0674 18.9283 17.2341
threshold=4.5000000000000009 1.8750000000000002 6.0150000000000006 5.5418333333333347 2.1950000000000007 2.2884444444444449 -0.031666666666665795 2.2500000000000004 6.9650000000000007 0.75000000000000011 5.5000000000000009 8.5000000000000018 0.094611875302412371 3.5000000000000004 3.3050000000000002 23.650000000000002 26.500000000000004 2.3602777777777786 0.35061928811928811 3.5000000000000004 11.900000000000002 22.650000000000002 -0.027999999999999945 0.12500000000000003 -0.050858538934687746 4.995000000000001 5.1150000000000011 6.7250000000000005 15.200000000000001 6.8050000000000006
decision_type=8 10 10 2 2 2 8 8 8 10 10 10 2 10 8 2 2 2 2 10 2 2 10 8 2 8 8 8 2 8
left_child=2 -2 4 8 9 -6 -3 10 11 26 -8 12 14 -11 15 -4 -5 20 22 -20 21 -18 23 24 -19 -26 27 28 29 -1
right_child=1 6 3 16 5 -7 7 -9 -10 13 -12 -13 -14 -15 -16 -17 17 18 19 -21 -22 -23 -24 -25 25 -27 -28 -29 -30 -31
leaf_value=0.019409410889490157 -0.034411347132454896 -0.0013989279859507773 0.029666023358305201 0.021397612001239245 -0.0039443173202592273 0.0073708075456188019 -0.0091365564195786206 0.084335539118200409 0.00048998656761562191 0.030425687084636673 -0.019021978389279749 0.11072431578638145 0.013328220363425148 0.1424781772293606 0.024141455706584981 0.12881410044682426 0.020912478082864332 0.14051121840304287 -0.01577009329590684 0.1647416701018766 -0.0030713465683369946 -0.0050830458029466948 -0.0060913817105751463 -0.047766854657782853 0.12717406215607482 0.0035673824878803013 -0.0026752176774162877 0.0080363410747249456 0.11118956626785415 0.13339271820579199
leaf_weight=42.590031124651432 262.50958979688585 365.66579047590494 9.1735958456993121 77.549054577946663 1883.4958625659347 429.57337561249733 705.47850558906794 3.8402278944849959 198.36248747259378 9.4331092461943609 695.45517668500543 3.4282532110810271 1520.5093751326203 3.4415144175291053 90.335226282477379 6.9036688655614844 121.02195936068892 4.7770632058382096 3.2315416261553755 4.7031039223074913 902.29073437303305 74.733346629887819 32.496410354971886 3.549383893609046 3.6705016419291523 12.775882460176943 181.08918508887291 257.74774430692196 8.0908430144190771 3.5962558314204207
leaf_count=361 7431 5492 50 655 20958 4321 11595 39 1294 65 13275 22 9706 33 547 38 1121 39 31 36 8955 726 270 29 25 112 1666 2099 58 31
internal_value=-0.000242927 -0.0142136 0.00458026 0.00868665 0.000109051 -0.00184292 -0.0112188 -0.013775 0.0131703 0.00903227 -0.0140439 0.0147131 0.0145108 0.0603784 0.0314085 0.0722408 0.00207855 0.000790624 0.0236174 0.0912247 -0.000564868 0.0109882 0.0142504 0.0409342 0.0557685 0.0311539 0.00769168 0.0137083 0.0406429 0.0282846
internal_weight=7921.52 2032.95 5888.57 3069.51 2819.06 2313.07 1770.44 1404.77 1828.71 505.989 1400.93 1630.35 1626.92 12.8746 106.412 16.0773 1240.8 1163.25 65.2039 7.93465 1098.05 195.755 57.2692 24.7728 21.2234 16.4464 493.114 312.025 54.2771 46.1863
internal_count=91080 37832 53248 23656 29592 25279 30401 24909 11657 4313 24870 10363 10341 98 635 88 11999 11344 542 67 10802 1847 475 205 176 137 4215 2549 450 392
is_linear=0
shrinkage=0.05


Tree=162
num_leaves=31
num_cat=0
split_feature=28 90 98 34 2 130 98 17 96 16 94 57 63 113 125 179 128 31 99 18 88 100 180 57 9 21 167 52 68 65
split_gain=49.7607 24.2307 21.868 19.5247 18.5009 15.2762 14.4929 19.2672 17.8999 14.2006 14.0731 13.8513 16.4893 13.615 13.5844 13.3912 13.0781 13.9522 12.9535 12.8078 12.7078 14.2502 12.6338 13.7796 21.2876 17.7871 15.0016 13.7583 13.7266 12.536
threshold=67.15000000000002 -1.925 0.41500000000000004 26.600000000000005 1.5000000000000002 5.5850000000000009 0.039999999999999557 6.3150000000000004 6.8250000000000011 6.1350000000000007 -0.5 45.500000000000007 0.20572172619047618 0.27000000000000007 3.5000000000000004 0.64051282051282066 1.5000000000000002 7.0000000000000009 0.021666666666667753 3.2350000000000008 -0.88500000000000012 0.11200000000000052 2.5012500000000002 4.5000000000000009 6.6750000000000007 7.5550000000000006 0.33356227106227115 15.500000000000002 0.10272937963001282 0.22576730347635451
decision_type=2 8 8 2 10 2 10 10 2 10 2 2 2 8 10 2 10 2 10 8 10 10 2 2 10 8 2 2 2 2
left_child=1 -1 3 6 20 16 9 8 -8 19 11 13 -13 -5 18 -16 17 -6 -7 -3 -2 -22 23 24 -17 26 -26 -25 -29 -10
right_child=4 2 -4 10 5 14 7 -9 29 -11 -12 12 -14 -15 15 22 -18 -19 -20 -21 21 -23 -24 27 25 -27 -28 28 -30 -31
leaf_value=-0.021997444399671745 0.0099580912627356324 0.016160551148609297 -0.05021341465713032 0.0078610259034066505 0.13357458154514723 0.00087782801556030737 -0.0042060232448656969 0.0094139512491833131 0.0023526332488009814 -0.0062083071258883646 0.0028429696993949797 0.043028448368067879 -0.0086403012032612546 0.080171371737432634 -0.013210132719316512 0.11030807866411424 -0.016747144815365246 -0.0050509095310338412 0.016916239084567235 -0.00023281110663357532 -0.011557751641897596 0.069579372912719817 -0.0097611653606655604 -0.010286853034067546 0.023985729194951774 0.12672470331350991 -0.023578758457896941 0.055113480351117718 0.0051182019939178631 0.01451587688973616
leaf_weight=107.08068333566189 75.570753283798695 123.75269238650799 20.102132692933083 1042.0874611139297 3.012181654572486 786.74321911484003 1083.6376959383488 882.2457841783762 2309.4894939810038 1085.905615247786 1957.8304354250431 60.203717723488808 20.768028110265732 6.5505664795637122 328.30767201632261 6.2797505855560294 222.42647608369589 4.5672040730714798 149.87650346755981 3200.5011024102569 1183.8238457515836 5.4364179074764243 263.80567342787981 178.59560234844685 56.788371212780476 3.4083852469921103 23.41118460893631 14.882898055016993 177.10406065732241 233.22806158661842
leaf_count=723 476 686 121 5021 20 5357 6165 4961 13078 6753 10093 279 98 29 2162 42 1572 31 923 18227 8089 33 1790 1201 377 22 153 100 1204 1294
internal_value=0.000169671 0.00168205 0.00189288 0.00198013 -0.00509727 -0.00234657 0.000793795 0.00278723 0.00117503 -0.00124414 0.00540711 0.00985126 0.0297762 0.00831273 -0.000935959 -0.00483362 -0.0145463 0.0500413 0.00344427 0.000377468 -0.00992349 -0.0111869 -0.00103662 0.00396172 0.0215239 0.0148554 0.0101011 -0.000298136 0.00899385 0.00346829
internal_weight=15617.4 12133.4 12026.3 12006.2 3484.04 2219.21 8918.76 4508.6 3626.36 4410.16 3087.44 1129.61 80.9717 1048.64 1989.2 1052.58 230.006 7.57939 936.62 3324.25 1264.83 1189.26 724.276 460.47 89.8877 83.6079 80.1996 370.583 191.987 2542.72
internal_count=91080 67528 66805 66684 23552 14954 51164 25498 20537 25666 15520 5427 377 5050 13331 7051 1623 51 6280 18913 8598 8122 4889 3099 594 552 530 2505 1304 14372
is_linear=0
shrinkage=0.05


Tree=163
num_leaves=31
num_cat=0
split_feature=17 6 35 17 130 107 59 90 102 19 53 43 176 69 171 70 11 171 145 90 58 23 117 117 65 9 88 99 120 117
split_gain=93.655 34.0367 30.3454 22.4021 22.3276 21.1353 19.3184 16.3582 16.1474 15.8328 15.4249 15.1653 14.6751 15.9508 14.3258 13.6214 15.5651 13.4056 13.0919 12.4245 13.9186 18.8682 12.3759 13.8067 12.6157 11.9782 12.5852 12.1239 11.8274 17.6904
threshold=4.6050000000000013 2.2500000000000004 26.200000000000006 2.7550000000000003 6.3150000000000004 0.019999999999999952 0.17371414828988777 0.98833333333333384 5.5000000000000009 6.2250000000000005 20.500000000000004 44.95000000000001 31.102000000000004 0.1794613316790736 12.055829420970268 0.60990338164251223 7.1450000000000005 9.4938804446461003 0.14850766344423946 1.3866666666666674 0.27541239916613797 22.500000000000004 5.8450000000000006 6.0950000000000006 0.11543186543186536 6.8150000000000004 -0.98000000000000009 -0.099999999999998243 0.18870236773954863 5.7350000000000012
decision_type=10 8 2 8 2 8 2 10 8 8 2 2 2 2 2 2 8 2 2 8 2 2 2 2 2 8 10 10 2 2
left_child=3 2 5 -1 10 11 -4 28 -6 12 19 -2 -7 -14 -11 16 -9 -15 22 -5 -21 -22 -17 -24 -25 27 -27 -12 29 -8
right_child=1 -3 6 4 8 9 7 15 -10 14 25 -13 13 17 -16 18 -18 -19 -20 20 21 -23 23 24 -26 26 -28 -29 -30 -31
leaf_value=-0.024444803587012728 0.0035269077595576183 -0.044446011593140128 8.5315461719293745e-05 -0.0071987015556642213 -0.0079137688091307275 -0.00094161351885677341 0.059272736928399607 0.0039891588612359944 -0.021451888403977645 -0.0079704275513984759 0.062117243203855137 0.061631740133973573 0.022775280301084371 -0.013566318327240787 0.0091458155233905044 0.069160013974876769 0.081746131938211064 0.028151245495287983 -0.02906910213277443 -0.00042225743622727093 0.099482089441435481 0.010516457107111171 -0.022867842486005804 -0.027223007627863428 0.020834494303622653 0.073545494686578256 0.009460221940063844 -0.0049893793933273849 0.0043244527532005032 0.007927777582637496
leaf_weight=162.74817208200693 2469.1167311817408 39.526273265480995 1891.0155359655619 1444.8042984157801 1567.5064686015248 4045.9428667575121 24.392682939767838 402.17576605081558 256.26291666179895 1276.4064216464758 6.9075841158628455 11.280938342213629 139.10049384832382 77.366937324404716 135.19638188183308 11.932549923658369 6.5406298190355292 25.638553395867348 14.6715931892395 580.33616818487644 8.1275919675827044 22.343790844082832 20.182590052485466 14.083410307765005 450.10429029166698 7.8532799929380408 312.81429478526115 262.6540220528841 4182.9782944619656 53.723552733659744
leaf_count=1092 10586 213 8204 7387 9373 17977 98 1543 1590 5961 34 47 568 327 577 44 25 100 56 2743 39 107 74 54 1705 38 1520 1301 17473 224
internal_value=5.30468e-06 0.00189211 0.0020122 -0.00622303 -0.00555954 -6.14791e-05 0.00441086 0.0059897 -0.00981605 -0.00173809 -0.00262554 0.00379117 -0.000226091 0.0117313 -0.00633112 0.0120373 0.00523349 -0.00318262 0.0174794 -0.00467123 0.00130725 0.0342461 0.0188555 0.0176162 0.0193764 0.00449904 0.0110297 -0.00326976 0.00468444 0.0239608
internal_weight=19923.7 15291.4 15251.9 4632.36 4469.61 8180.05 7071.8 5180.79 1823.77 5699.65 2645.84 2480.4 4288.05 242.106 1411.6 919.691 408.716 103.005 510.974 2055.61 610.808 30.4714 496.303 484.37 464.188 590.229 320.668 269.562 4261.09 78.1162
internal_count=91080 65856 65643 25224 24132 36143 29500 21296 10963 25510 13169 10633 18972 995 6538 3501 1568 427 1933 10276 2889 146 1877 1833 1759 2893 1558 1335 17795 322
is_linear=0
shrinkage=0.05


Tree=164
num_leaves=31
num_cat=0
split_feature=18 109 60 8 137 109 59 99 18 130 26 36 130 30 20 166 36 29 54 107 99 68 169 92 20 34 42 65 177 145
split_gain=89.6078 30.4488 23.7413 22.5177 21.7208 15.4224 17.107 14.843 14.6777 15.3238 14.2911 14.252 14.1592 13.9218 13.2664 13.0474 13.0397 12.944 15.8481 12.3385 12.3161 12.5537 12.2444 12.8352 12.0443 12.2085 15.8342 15.1873 12.0067 11.7868
threshold=5.1050000000000013 0.029999999999999753 0.12514501160092809 2.7500000000000004 1.0000000180025095e-35 0.074999999999999664 0.17095017914690042 -0.076333333333332878 2.6150000000000007 6.035000000000001 69.500000000000014 5.1500000000000012 4.5250000000000012 28.350000000000005 4.6950000000000012 0.079407115953726057 40.800000000000004 35.850000000000009 25.500000000000004 0.14999999999999988 -0.048333333333332389 0.22476317126378387 0.085958167989417966 1.5000000000000002 5.995000000000001 20.750000000000004 9.4500000000000011 0.10286397812713596 5.8376689189189204 0.0028322720689160003
decision_type=10 8 2 8 2 8 2 8 10 2 2 2 2 2 8 2 2 2 2 10 8 2 2 2 10 2 2 2 2 2
left_child=1 11 8 4 16 7 20 10 -3 -10 29 12 -1 24 28 19 -2 -15 -19 -16 21 -7 23 -23 25 27 -27 -4 -13 -6
right_child=3 2 13 -5 5 6 -8 -9 9 -11 -12 14 -14 17 15 -17 -18 18 -20 -21 -22 22 -24 -25 -26 26 -28 -29 -30 -31
leaf_value=0.056995160782257109 -2.159393732634676e-06 -0.029389199582178577 0.016888861101367815 -0.037775788958471501 0.031939433428389084 0.010294304661844514 -0.0030733767676743599 0.0063703416869262917 -0.0048114133995381617 -0.013489212630956671 0.093640626526312484 0.0093070123023917452 -0.014421194613236588 0.0039473381360452904 -0.0081195777717185374 0.005357588790249522 0.0091099434057033985 0.0241103750722408 0.14076445503445326 0.033040653238013758 0.0016458007243911081 -0.0068375094209889055 0.0033475335209977256 0.083870915824128367 -0.011829224855025635 -0.018425410533654398 -0.0029335810315402142 -0.0018457584945120995 -0.010638871315898656 -0.00027469138407406994
leaf_weight=7.2030185312032691 5205.2486570626497 98.008007228374481 119.22743175923824 34.151934117078781 74.871970131993294 347.66759994626045 1004.631043702364 3579.2585295289755 925.03359846770763 1130.3989947959781 6.9136238992214194 699.18254967778921 190.3474982753396 290.06260864436626 522.6678334325552 384.61360466480255 424.64860643446445 14.596126794815065 3.6369872242212287 18.864441096782684 577.79830142855644 5.0109187513589886 13.338839516043661 17.58796814084053 483.94955845177174 249.47210311889648 486.78726233541965 1167.0742977708578 84.576469846069813 45.743394181132317
leaf_count=35 24866 800 598 184 310 1478 4812 15444 5034 7345 29 3530 1099 1554 2931 2049 1900 83 20 104 2530 22 59 74 2945 1448 2725 6410 470 192
internal_value=3.15713e-05 -0.00447188 -0.00653356 0.00276287 0.00288536 0.00506893 0.00148921 0.00696757 -0.0104852 -0.00958383 0.0237295 0.000898083 -0.0118172 -0.00351039 0.00236712 -0.00168434 0.000685143 0.00651599 0.0473795 -0.00668575 0.00625694 0.0132024 0.0413356 0.0637579 -0.00474362 -0.0030482 -0.00818279 -0.000109245 0.00715463 0.0197222
internal_weight=18212.6 6875.7 4968.25 11336.9 11302.7 5672.82 1966.03 3706.79 2153.44 2055.43 127.529 1907.46 197.551 2814.81 1709.9 926.146 5629.9 308.296 18.2331 541.532 961.404 383.605 35.9377 22.5989 2506.51 2022.56 736.259 1286.3 783.759 120.615
internal_count=91080 39180 28962 51900 51716 24950 8975 15975 13179 12379 531 10218 1134 15783 9084 5084 26766 1657 103 3035 4163 1633 155 96 14126 11181 4173 7008 4000 502
is_linear=0
shrinkage=0.05


Tree=165
num_leaves=31
num_cat=0
split_feature=19 85 85 21 89 120 112 112 31 25 37 26 158 25 18 19 53 61 167 99 19 67 5 66 22 13 28 113 24 99
split_gain=127.717 40.7807 29.5615 28.3996 26.4294 25.9934 19.8384 18.2801 16.6893 15.2481 14.32 14.1139 14.3897 19.3101 14.5708 13.8663 13.4962 13.1584 12.9622 12.8948 12.591 12.4218 12.3654 14.6006 12.1758 12.0191 11.7535 11.9784 11.7497 12.5245
threshold=4.7650000000000006 1.5000000000000002 3.5000000000000004 5.4350000000000014 5.2173333333333343 0.20134987397127152 0.046666666666666357 -0.0066666666666672491 32.050000000000004 2.5000000000000004 44.900000000000006 22.500000000000004 6.7821875000000009 37.500000000000007 6.1150000000000011 1.7750000000000001 4.5000000000000009 0.15745268602327497 0.13787988740818927 -0.010000000000000149 5.955000000000001 0.11908059622741062 6.5850000000000009 0.14498537582929746 87.500000000000014 6.7350000000000012 71.050000000000011 0.18000000000000019 67.500000000000014 0.049999999999999357
decision_type=10 2 2 10 2 2 8 8 2 2 2 2 2 2 10 10 2 2 2 8 10 2 8 2 2 10 2 10 2 10
left_child=1 15 4 10 24 7 17 9 20 -3 11 19 14 -14 -13 -1 -12 -7 -15 21 28 -4 23 -5 -2 -11 27 -19 -6 -30
right_child=2 5 3 22 8 6 -8 -9 -10 25 16 12 13 18 -16 -17 -18 26 -20 -21 -22 -23 -24 -25 -26 -27 -28 -29 29 -31
leaf_value=-0.036519905697343195 0.003899714502002446 0.11698884498297223 0.052792705251847954 0.11225597159759049 -0.0065496227182673152 -0.0082991908416042703 -0.017703019429325201 -0.0041042639271174032 0.011469209940119258 -0.010960642828490576 -0.0056696146286413125 0.014104256977041841 0.010615736644718175 -0.0025424420834604675 -5.4986050033783748e-05 -0.016523226400137661 0.064361414392289845 0.0068441508529093866 0.097851860425874404 -0.007227969946040743 0.0014817041559523477 0.0070318065241472662 0.0020283747027103351 0.017572847021181285 0.079607044389037568 0.013139880533868787 -0.016958802188683741 -0.038523513933971486 0.0031044746625183599 0.057424379057994093
leaf_weight=114.30594153702259 3171.8913495615125 3.3002434968948355 15.78995932638645 5.2035057544708279 1962.9292582049966 1717.6996998265386 464.91528765112162 609.35878998786211 205.25276200473309 62.365199394524097 9.8041267693042737 1105.5781910866499 23.822128742933273 4.0372203439474132 217.42774642258883 358.87772961705923 23.064463719725609 354.83906405419111 15.789532661437987 193.85398562252522 971.35358085483313 243.87232108414173 2233.9465628415346 18.717897638678551 5.3197405934333792 303.41387020796537 73.081077069044113 15.17147523909807 189.83690425008535 11.239966765046118
leaf_count=1470 17020 21 74 30 12910 13296 3916 4422 1251 405 43 5172 117 22 1122 3337 100 2558 78 933 5296 1152 12300 102 29 1954 526 108 1243 73
internal_value=-3.01131e-05 -0.00755324 0.00285586 0.00617614 0.000761704 -0.00574139 -0.00833344 0.00121457 -0.00234338 0.00999609 0.0107635 0.0101729 0.0127092 0.0409555 0.0117773 -0.0213538 0.0434724 -0.00631749 0.0774091 0.00252976 -0.0032476 0.00981451 0.00241127 0.0381688 0.00402647 0.00903075 0.00136483 0.00498395 -0.00537043 0.0061409
internal_weight=14706.1 4077.33 10628.7 4110.91 6517.82 3604.14 2625.71 978.438 3340.61 369.079 1853.04 1820.17 1366.65 43.6489 1323.01 473.184 32.8686 2160.79 19.8268 453.516 3135.36 259.662 2257.87 23.9214 3177.21 365.779 443.092 370.011 2164.01 201.077
internal_count=91080 32013 59067 21245 37822 27206 20404 6802 20773 2380 8813 8670 6511 217 6294 4807 143 16488 100 2159 19522 1226 12432 132 17049 2359 3192 2666 14226 1316
is_linear=0
shrinkage=0.05


Tree=166
num_leaves=31
num_cat=0
split_feature=127 20 121 18 59 114 86 37 62 47 30 87 165 112 92 66 28 121 11 105 99 15 88 171 100 19 137 91 158 114
split_gain=161.531 60.7907 45.7296 26.532 19.4565 17.2374 16.5089 15.8467 13.8589 17.1111 14.3454 13.3743 14.6355 13.2445 13.3846 13.7279 13.1263 15.0323 15.1256 13.921 16.2334 15.4782 23.4879 14.701 13.2856 13.4175 13.9388 15.4097 13.3247 12.7363
threshold=5.5000000000000009 5.2950000000000008 0.023384218121060153 6.1750000000000007 0.15154704944178629 0.066666666666667776 3.5000000000000004 11.300000000000002 0.25782191265060245 0.16611479028697568 15.900000000000002 1.5000000000000002 0.15874314810485021 0.12999999999999948 7.5000000000000009 0.16298064630879197 25.650000000000002 0.10011389521640092 6.6450000000000005 2.5000000000000004 -0.031666666666667544 6.6150000000000011 0.87000000000000044 3.111961227178619 -0.037999999999998847 5.6750000000000007 1.0833333333333333 18.500000000000004 4.7835897435897445 0.055000000000000153
decision_type=8 10 2 10 2 8 2 2 2 2 2 2 2 8 2 2 2 2 10 8 8 10 10 2 10 10 2 2 2 8
left_child=1 4 -2 5 13 6 -3 8 11 -10 -11 -5 -13 29 15 -15 17 -6 -19 20 -18 22 -22 24 -23 -26 -27 28 -28 -1
right_child=2 3 -4 7 16 -7 -8 -9 9 10 -12 12 -14 14 -16 -17 19 18 -20 -21 21 23 -24 -25 25 26 27 -29 -30 -31
leaf_value=0.0021774441071740537 -0.030584213905062135 0.0053639104495122264 -0.010278183202873874 0.031131157792878457 -0.0046342358695170274 -0.0044122494853919281 0.011694355261936417 -0.0029269932607553593 0.007056817076739697 -0.0064619364026262428 0.10873330456043045 0.010771548255990599 -0.0081094309910595894 0.010743026131190691 -0.033336309178033652 0.12834462031192653 -0.018959255677679365 0.10955464548757742 0.014931876677181224 -0.011796522395622649 -0.0038017652705719927 0.11236936392211011 0.19304775976250685 -0.01227626748850697 0.00051956330631887143 0.017005140648520257 0.10331796306827186 0.18545576325558538 -0.021560050608158771 -0.010977865402529631
leaf_weight=1434.9788405485451 357.39568359404802 2327.4465810507536 1236.5479426085949 45.580595090985298 210.55508304387331 291.4323450922966 1847.3291139006615 1249.6383275389671 18.350386872887611 3.6058601886034003 10.789157964289187 237.41226530820131 180.79433889687061 4.2774046733975393 3.5871977880597106 5.9104167893528938 99.482183884829283 4.4311542436480513 90.079402983188629 1024.6935034096241 3.4537538886070243 3.1205169185996047 2.7000032141804695 111.69782346487045 156.17778091132641 54.097546231001616 4.6682810485362989 2.5816018916666499 3.9381541982293129 211.04283993691206
leaf_count=11894 6194 15446 13858 284 1886 2058 10201 9291 115 27 76 1605 1343 35 30 42 841 33 815 10070 29 24 21 994 1308 477 42 23 34 1984
internal_value=-8.61694e-05 0.0023509 -0.0148312 0.00530126 -0.00299046 0.00734441 0.00816512 7.54723e-05 0.00763187 0.0390692 0.0798776 0.00541226 0.00260914 0.000899342 0.0497232 0.078969 -0.00663462 0.00280184 0.0193683 -0.00859747 -0.00117969 0.00398551 0.0825673 0.00254751 0.00992019 0.00847663 0.0275117 0.0783143 0.046176 0.000490751
internal_weight=11237.8 9643.85 1593.94 6212.38 3431.47 4466.21 4174.78 1746.17 496.533 32.7454 14.395 463.787 418.207 1659.8 13.775 10.1878 1771.68 305.066 94.5106 1466.61 441.918 342.435 6.15376 336.282 224.584 221.463 65.2856 11.188 8.60644 1646.02
internal_count=91080 71028 20052 40446 30582 27705 25647 12741 3450 218 103 3232 2948 13985 107 77 16597 2734 848 13863 3793 2952 50 2902 1908 1884 576 99 76 13878
is_linear=0
shrinkage=0.05


Tree=167
num_leaves=31
num_cat=0
split_feature=128 21 87 136 116 119 11 117 109 89 81 145 88 152 180 35 18 88 167 98 80 21 89 107 16 173 47 108 78 110
split_gain=196.709 48.0344 40.0617 27.9928 23.3153 18.1769 17.7383 15.1779 14.1646 13.9049 13.7072 17.031 18.7838 23.3548 14.2986 28.7522 19.8679 13.5168 12.7597 12.6361 14.4328 12.5965 12.6157 12.5371 12.5303 12.4962 19.4509 43.2648 12.4433 12.3894
threshold=4.5000000000000009 1.7150000000000001 3.5000000000000004 3.2500000000000004 0.0033333333333324506 1.615 6.6650000000000009 6.3950000000000005 0.3450000000000002 4.765833333333334 4.5000000000000009 -0.089619415930794533 1.3800000000000003 -0.016666666666666944 0.87824007651841229 32.650000000000006 4.2950000000000008 1.7050000000000001 0.52397372742200343 0.18999999999999997 10.500000000000002 4.995000000000001 5.6808333333333341 0.29499999999999998 3.7050000000000005 9.7340136054421773 0.18715659340659344 -0.016666666666666996 16.500000000000004 -0.076666666666666647
decision_type=8 10 2 2 8 2 10 2 8 2 2 2 10 2 2 2 10 8 2 8 2 10 2 8 8 2 2 8 2 10
left_child=2 -2 4 24 6 18 19 8 10 28 23 12 14 -14 15 16 -12 -15 -3 20 -1 -8 29 -7 -4 -20 -27 -28 -6 -23
right_child=1 5 3 -5 9 7 21 -9 -10 -11 11 -13 13 17 -16 -17 -18 -19 25 -21 -22 22 -24 -25 -26 26 27 -29 -30 -31
leaf_value=0.019639239600797685 -0.035440856878624742 -0.0015761279967921597 0.030110618128025714 -0.00084760288442213029 0.003240994202836656 -0.011723434492981452 -0.0039239079080445856 -0.01694357769202506 0.14194716266974025 -0.0060000256967808968 0.17584427001707248 0.0003896013905323873 -0.013179448377314305 0.33328852359727551 -0.035272558222360022 0.29722496008041566 -0.031940950735034328 0.12004555538542955 -0.01464923508238582 0.12498116095569237 0.13708949753783486 0.041255928858896562 -0.0053383626567347431 0.12019569846579026 0.011201670645234155 -0.00056294285879748818 -0.044118011594455504 0.34834087154799576 0.11605878417232296 0.0076207164041026849
leaf_weight=78.762280263006687 226.88210054673254 292.12418069317937 92.081602051854134 533.16613768041134 510.87510894238949 390.6628727465868 392.10722354799509 972.42640610039234 1.6070614494383324 1243.9861828610301 1.5899737849831597 93.550682388246059 1.5910495445132253 1.4520750567317002 5.732511255890131 1.1718898974359033 4.1616041287779808 1.5221020579338072 3.3908417187631112 3.1900998279452315 2.7055216804146758 28.132361941039562 194.60774660855532 1.8093728348612774 1805.183025483042 2.2940809987485409 1.1589560881257055 1.7820000350475313 2.4558601379394522 1021.0251088216901
leaf_count=731 6652 4919 544 5766 4782 6774 4149 17371 22 13821 25 1652 23 17 99 20 74 25 55 28 23 238 2124 22 12002 37 19 26 23 9017
internal_value=-0.000242545 -0.0137754 0.00434968 0.00927481 0.000907843 -0.0110108 0.00504526 -0.0132919 -0.00625804 -0.00314296 -0.00673132 0.0088013 0.0544961 0.141441 0.0231335 0.0714927 0.0254995 0.224157 0.000193592 0.0273623 0.0235397 0.00389033 0.00635384 -0.0111153 0.0121194 0.060127 0.108561 0.193683 0.00378073 0.00852262
internal_weight=7913.19 2004.91 5908.28 2430.43 3477.85 1778.03 1720.53 1477.28 504.851 1757.32 503.244 110.772 17.2212 4.56523 12.656 6.92347 5.75158 2.97418 300.75 84.6579 81.4678 1635.87 1243.77 392.472 1897.26 8.62588 5.23504 2.94096 513.331 1049.16
internal_count=91080 37832 53248 18312 34936 31180 16310 26124 8753 18626 8731 1935 283 65 218 119 99 42 5056 782 754 15528 11379 6796 12546 137 82 45 4805 9255
is_linear=0
shrinkage=0.05


Tree=168
num_leaves=31
num_cat=0
split_feature=34 98 28 3 130 61 128 52 90 150 16 35 15 29 56 22 5 55 116 28 179 69 56 60 66 160 27 1 27 0
split_gain=46.4408 24.1045 25.4648 20.6639 19.5512 23.7349 23.5449 19.4123 15.867 14.7357 13.9033 13.7935 13.45 19.9319 18.821 15.5599 13.2768 13.246 13.7824 13.2029 14.1519 21.9935 15.1635 14.3484 13.8622 13.3607 13.1744 13.0236 13.02 13.005
threshold=11.900000000000002 0.015000000000000053 59.350000000000001 19.550000000000004 5.9050000000000011 0.19785521246621818 1.5000000000000002 17.500000000000004 1.2083333333333337 4.5000000000000009 5.995000000000001 29.300000000000001 6.9450000000000012 23.900000000000002 7.5000000000000009 69.500000000000014 7.2950000000000008 11.500000000000002 0.14749999999999952 10.550000000000002 9.0439613526570053 0.013468166152729902 19.500000000000004 0.18545910230120752 0.19325498035431168 1.2226785714285715 60.500000000000007 5.5000000000000009 36.500000000000007 3.5000000000000004
decision_type=2 10 2 10 2 2 8 2 8 2 8 2 10 2 2 2 8 2 8 2 2 2 2 2 2 2 2 10 2 2
left_child=3 2 16 8 9 6 -6 10 -1 -3 17 -11 15 -14 -15 -8 19 18 -5 25 29 24 -23 -24 -22 -2 28 -4 -16 -21
right_child=1 4 27 7 5 -7 12 -9 -10 11 -12 -13 13 14 26 -17 -18 -19 -20 20 21 22 23 -25 -26 -27 -28 -29 -30 -31
leaf_value=0.00080429651748560648 0.03310274938749104 -0.0020723767902322537 -0.0084306355987419836 0.0056715475198743752 -0.00044916996913687657 0.00031090269478892772 0.0086305962395992111 -0.014874214281951305 -0.0098131261425276183 0.020069095478800269 -0.010295883798292056 0.12665428649733979 0.010308543662052689 0.011182075004121271 0.039658677509871842 -0.0070991456564966611 -0.050235942685298934 -0.0078562469712803572 0.11336332892666481 -0.0049328845619733891 0.14130429217894822 0.0010629336713424721 0.078388450720423608 -0.0040381544501680543 0.020548775778980483 -0.031403135644682549 0.012822598714767651 0.010599786686509278 0.086143398483153 0.0028340502008087371
leaf_weight=1902.3842979297042 56.187637180089951 1496.075220644474 1210.9564356803894 381.77783577889204 823.84053429961205 1943.9663921296597 2436.6976883336902 690.14762584865093 431.74016540497541 13.245274245738985 540.62668590992689 3.9378648549318305 359.64279530197382 59.87156730890274 35.189543336629868 168.06152818351984 12.35084357857704 275.23824502527714 2.9942867606878272 784.30557462573051 5.6489825099706632 75.812377899885178 14.192735701799394 8.407123923301695 4.1026822626590729 9.3652767688035947 19.975032463669777 97.112633518874645 26.338479518890381 1722.8422760516405
leaf_count=11804 283 8399 7797 2348 4520 10851 13180 4767 3048 74 3853 23 1907 317 184 915 74 1776 15 4182 28 410 76 46 21 48 106 613 138 9277
internal_value=0.000170255 0.00183121 -0.00129431 -0.00430681 0.00352424 0.00482991 0.00706544 -0.00819197 -0.0011596 -0.0015436 -0.0043509 0.0444953 0.00905877 0.0165612 0.0324675 0.0076157 0.00148553 0.00051874 0.0065096 0.00172381 0.00116829 0.0188761 0.0117788 0.0477258 0.0905005 0.0238871 0.0481036 -0.00701779 0.0595575 0.000404337
internal_weight=15613 11388.1 4001.28 4224.91 7386.84 5873.58 3929.62 1890.78 2334.12 1513.26 1200.64 17.1831 3105.78 501.017 141.375 2604.76 2693.22 660.01 384.772 2680.86 2615.31 108.164 98.4122 22.5999 9.75166 65.5529 81.5031 1308.07 61.528 2507.15
internal_count=91080 63469 22855 27611 40614 32118 21267 12759 14852 8496 7992 97 16747 2652 745 14095 14445 4139 2363 14371 14040 581 532 122 49 331 428 8410 322 13459
is_linear=0
shrinkage=0.05


Tree=169
num_leaves=31
num_cat=0
split_feature=83 124 130 6 170 17 108 62 130 171 41 36 9 29 5 37 17 29 136 69 34 130 67 51 42 51 65 88 17 60
split_gain=87.3586 43.3539 26.3757 26.1474 21.6557 19.1437 17.7772 17.9041 17.4735 19.0171 15.4794 14.2336 13.6577 13.5324 13.43 13.1837 12.9891 16.1979 15.1184 16.1528 15.3814 13.5247 17.0187 16.1724 13.4526 13.2237 16.2658 14.5958 16.1859 13.1275
threshold=2.5000000000000004 4.5000000000000009 6.2350000000000012 2.2500000000000004 8.7563039638932523 3.5150000000000001 0.0033333333333333505 0.068349524871263959 7.5250000000000012 14.306451612903228 8.1500000000000021 45.400000000000006 6.955000000000001 17.050000000000001 6.7750000000000012 23.900000000000002 6.6850000000000014 43.20000000000001 3.9166666666666674 0.1706212318180422 23.900000000000002 5.9250000000000007 0.20922531369339878 0.11558704453441292 37.70000000000001 0.14672782874617732 0.18606836859590833 -1.1999999999999995 6.7550000000000008 0.12453521321445847
decision_type=2 8 2 8 2 10 8 2 2 2 2 2 10 2 10 2 10 2 2 2 2 2 2 2 2 2 2 10 10 2
left_child=1 2 -1 4 -2 -3 10 -8 11 -10 -6 16 -7 14 -14 -11 21 18 19 20 25 -9 -23 -24 -20 27 -27 -18 -29 -25
right_child=3 5 -4 -5 6 12 7 8 9 15 -12 -13 13 -15 -16 -17 17 -19 24 -21 -22 22 23 29 -26 26 -28 28 -30 -31
leaf_value=0.0023137751277008734 0.00058037213704600454 -0.015955693419593197 -0.004707769284984926 -0.047618258717402724 0.016551255122111006 -0.0071983683032625619 -0.014735839283819861 0.01537728576467101 -0.014138297988343002 -0.006788416987991948 0.0062888586847578117 -0.024091390694475155 0.088927325048612518 0.01525091597930767 -0.0045960953098626396 0.082819826387047685 0.053945808565809675 0.070717097845327842 -0.0059820114519949681 0.0060687532513682791 -0.0056174970127789853 -0.0014795924363822258 0.03142997303779288 0.044255307995883987 0.075097347500786546 0.032753220368336486 0.083702249355347272 0.060361939086707728 -0.014256306119516933 -0.002061505135154006
leaf_weight=3282.3036383539438 4225.1991703361273 557.20667891204357 2257.2037760317326 25.247300773859024 414.97565047442913 3042.87845582515 150.99499608576298 188.27573005855083 211.24359431862831 7.6072758585214642 3208.2567546069622 42.630208700895309 3.8845383822917929 136.26530300080776 324.68447826057673 8.9150961488485319 19.806846097111702 11.54815700650215 135.95676331222057 174.92267015576363 27.994314596056938 1110.3224696516991 81.246136233210564 17.399781912565231 5.3159707486629477 45.837535798549652 23.799121350049973 9.2924656271934492 33.350852221250534 126.66832147538662
leaf_count=14183 18343 3559 11000 140 1668 16543 612 744 947 31 12896 186 20 708 1763 38 80 47 582 694 114 4765 341 72 23 180 93 35 128 545
internal_value=5.86073e-06 -0.00342498 -0.00054732 0.0032029 0.00332769 -0.00734653 0.00524435 0.00193867 0.00304192 -0.0100977 0.00746423 0.0044987 -0.00597895 0.00200358 -0.00349041 0.0415622 0.00510455 0.0122056 0.0107869 0.0165718 0.0280486 0.00283141 0.0010629 0.013592 -0.00293107 0.0351838 0.0501656 0.0184779 0.00200386 0.00353239
internal_weight=19911.2 9604.43 5539.51 10306.8 10281.6 4064.92 6056.36 2433.13 2282.13 227.766 3623.23 2054.37 3507.71 464.834 328.569 16.5224 2011.74 487.825 476.277 335.004 160.081 1523.91 1335.64 225.314 141.273 132.087 69.6367 62.4502 42.6433 144.068
internal_count=91080 47776 25183 43304 43164 22593 24821 10257 9645 1016 14564 8629 19034 2491 1783 69 8443 1976 1929 1324 630 6467 5723 958 605 516 273 243 163 617
is_linear=0
shrinkage=0.05


Tree=170
num_leaves=31
num_cat=0
split_feature=18 18 109 9 136 84 90 36 36 3 39 89 41 35 30 40 60 22 77 32 7 55 178 3 8 100 112 20 88 166
split_gain=81.8147 29.1716 28.5174 21.3233 20.5723 24.6355 19.9557 17.7416 17.7304 17.2065 15.6227 14.8889 14.8684 14.7889 16.919 14.2503 14.1955 14.054 13.4315 13.3655 15.6167 13.2331 13.1857 13.1738 14.4983 14.401 12.8484 18.9088 12.5428 12.4997
threshold=5.1050000000000013 3.6050000000000004 0.029999999999999753 6.4050000000000011 2.2500000000000004 2.5000000000000004 1.2916666666666667 24.550000000000004 10.400000000000002 15.050000000000002 10.800000000000002 3.9400000000000008 4.9000000000000012 33.900000000000006 35.150000000000006 10.150000000000002 0.086746342372565469 34.500000000000007 6.5000000000000009 8.1500000000000021 6.6850000000000014 23.500000000000004 4.3401388888888901 15.550000000000002 -1.0000000180025095e-35 -0.046000000000000645 0.11333333333333366 5.8650000000000011 2.2600000000000007 0.19451951951951954
decision_type=10 10 8 10 2 2 10 2 2 10 2 2 2 2 2 2 2 2 2 2 10 2 2 10 10 8 10 10 10 2
left_child=1 -1 11 -2 17 8 7 9 -6 26 13 22 15 14 -11 -13 -17 -4 28 20 -16 -18 -3 24 -9 -25 -5 -28 -12 -10
right_child=3 2 4 6 5 -7 -8 23 29 10 18 12 -14 -15 19 16 21 -19 -20 -21 -22 -23 -24 25 -26 -27 27 -29 -30 -31
leaf_value=-0.013858605354125579 -0.049932662347439594 0.016725233224362226 -0.0060188790359981996 0.0031493647590251357 -0.015449794617458632 0.0076418642565595487 0.0088767168141982954 0.0044738284693618558 -0.0082084158472147083 -0.00011256465134448864 -0.0070838256309193499 0.032425326753159123 -0.00020660105640160146 -0.0092638551814879996 0.11166932584591216 0.067101037766467309 -0.01941011402024255 0.0041084173473451349 -0.026386408081224999 0.0040084290738936585 0.02383137584654528 0.039434965826559747 0.087184288371095486 0.011779169945722194 -0.0044839772791436068 0.0040715779185067601 0.071162789905431539 -0.030036731341645331 0.030414811482583917 0.0024493489971177474
leaf_weight=712.69050865620375 19.257932737469673 77.35672353208065 602.48516895622015 2039.5096460431814 758.12395063042641 244.07548590004444 1180.8943300843239 1134.2022426724434 1708.8677016049623 1759.8963149487972 735.27203905582428 71.610596686601639 1480.2540630996227 378.03333704173565 5.3662231862545005 7.1104714423418036 47.747979894280434 794.09801863133907 89.901499390602112 127.76518030464649 88.718105912208557 11.943776756525038 7.2634720951318732 843.53265729546547 750.65472772717476 2152.4288032054901 15.681315064430239 6.5412044972181311 22.997382327914238 327.89990617334843
leaf_count=4949 119 348 3100 9624 4705 1344 4829 5141 10223 8229 3563 358 7808 1857 24 37 244 4090 441 582 394 62 31 3768 3400 9732 69 33 95 1881
internal_value=3.12151e-05 -0.00428339 -0.00317175 0.00263561 -0.00528354 -0.00759193 0.00272495 0.00200927 -0.00892228 -2.49341e-06 -0.00229297 0.0023276 0.00125875 -0.000201075 0.00152772 0.01693 0.000319281 -0.000260492 -0.00811305 0.0145398 0.0288413 -0.00763575 0.0227732 0.00418131 0.000906333 0.0062417 0.00356138 0.0413747 -0.00594654 -0.00649262
internal_weight=18202.2 6851.53 6138.84 11350.7 4435.55 3038.97 11331.4 10150.5 2794.89 5269.68 3207.95 1703.29 1618.67 2359.78 1981.75 138.413 66.8022 1396.58 848.171 221.85 94.0843 59.6918 84.6202 4880.82 1884.86 2995.96 2061.73 22.2225 758.269 2036.77
internal_count=91080 39180 34231 51900 25343 18153 51781 46952 16809 24911 15185 8888 8509 11086 9229 701 343 7190 4099 1000 418 306 379 22041 8541 13500 9726 102 3658 12104
is_linear=0
shrinkage=0.05


Tree=171
num_leaves=31
num_cat=0
split_feature=61 19 37 17 104 126 171 19 49 112 7 176 69 119 179 32 13 107 3 88 122 152 52 126 9 61 34 63 90 3
split_gain=119.191 35.6308 34.2239 23.1431 21.6274 17.9924 16.5511 16.2254 15.4809 14.4486 14.2026 14.1834 13.9109 13.8598 13.2754 13.2367 17.462 13.8201 15.9684 13.1819 13.1007 12.8045 12.7876 12.6673 12.5742 23.2689 13.6618 12.5335 13.2071 14.4249
threshold=0.13678528416585417 1.9450000000000001 23.650000000000002 5.455000000000001 5.5000000000000009 5.5000000000000009 17.10529891304348 5.6150000000000011 0.12135372415746247 -0.028333333333332846 7.0250000000000012 26.099367088607597 0.22079300741721122 3.1550000000000007 7.3514705882352951 8.9000000000000004 6.9250000000000007 0.039999999999999557 21.750000000000004 -2.6649999999999991 0.12045966601149526 -0.048000000000000341 43.500000000000007 1.5000000000000002 6.9150000000000009 0.17155283961578058 4.6500000000000012 0.22156275683926263 0.010000000000001051 20.050000000000004
decision_type=2 10 2 8 8 10 2 10 2 8 8 2 2 2 2 2 10 8 10 8 2 2 2 10 10 2 2 2 10 8
left_child=1 -1 3 8 5 20 9 10 12 -4 19 -9 21 22 -15 16 -14 -18 -19 -5 -3 -2 23 -11 25 -12 -26 -24 -29 -30
right_child=2 4 6 7 -6 -7 -8 11 -10 13 24 -13 15 14 -16 -17 17 18 -20 -21 -22 -23 27 -25 26 -27 -28 28 29 -31
leaf_value=-0.032509686747879213 -0.014521862953835358 0.0036388672351623783 0.01227016319703695 0.012937919038230095 -0.016219597078662464 -0.011683739860680536 -0.02032506070528765 -0.0015367528382216481 0.0057675710136941265 0.0083693095724719883 -0.018697437551308451 0.0094621808418913003 0.015126708350064987 0.0082918352530282173 0.029184554955681858 -0.0014880713571126429 0.014781973249962605 0.042507724191995055 0.16177471931562082 -0.009208924761231134 -0.0052688627150671106 -0.00035892518094882386 0.0098608548131008389 -0.0012613130183397594 0.10255071795263818 0.16383382072553568 0.0023959337481864965 0.00040459895305592275 0.036766112552175462 0.13168294092675537
leaf_weight=142.58483717218041 182.06090626865625 569.34222938120365 918.34903072565794 71.18488284945488 535.36024006456137 791.15810412168503 56.934301324188709 1776.275916479528 2336.1957650333643 468.36468742787838 3.2763087525963774 351.02536747604609 66.780590750277042 742.41411283612251 84.707436792552471 78.978561453521252 6.9111143648624447 5.3885751590132696 5.856824018061161 1196.8046497032046 1500.8520670905709 1292.7439570277929 158.3485758677125 1259.9442768767476 3.6087026149034491 3.7380377948284149 60.289347544312477 9.6538892090320605 10.267991393804552 6.5602319389581671
leaf_count=1864 1137 3563 4571 461 4431 7144 326 10088 12569 2201 22 2086 404 3727 385 499 43 33 33 8518 10343 7807 874 7346 23 23 408 54 60 37
internal_value=-2.90516e-05 -0.00802375 0.00250715 0.000550295 -0.00699589 -0.00527013 0.00642616 -0.00243576 0.00315419 0.00684245 -0.00674778 0.000278178 -0.000571492 0.00502345 0.0104315 0.0132467 0.0269479 0.0704266 0.104624 -0.0079656 -0.00281907 -0.0021073 0.00268535 0.00134855 0.0150282 0.0785759 0.00805227 0.0151855 0.0470238 0.073768
internal_weight=14696 3539.3 11156.7 7441.12 3396.71 2861.35 3715.54 3466.2 3974.92 3658.61 1338.9 2127.3 1638.72 2740.26 827.122 163.916 84.9371 18.1565 11.2454 1267.99 2070.19 1474.8 1913.14 1728.31 70.9124 7.01435 63.8981 184.831 26.4821 16.8282
internal_count=91080 27345 63735 44154 25481 21050 19581 21629 22525 19255 9455 12174 9956 14684 4112 1012 513 109 66 8979 13906 8944 10572 9547 476 45 431 1025 151 97
is_linear=0
shrinkage=0.05


Tree=172
num_leaves=31
num_cat=0
split_feature=20 20 86 59 18 114 28 36 118 39 79 50 18 168 16 11 45 115 63 44 118 68 25 95 90 56 117 116 7 41
split_gain=150.758 54.3924 33.1976 27.3379 24.2368 22.1739 15.976 14.6356 17.1077 16.8143 14.7185 13.9135 13.6725 13.8053 13.693 13.1783 13.1197 16.8067 13.2256 13.0377 14.4511 15.0781 13.0825 14.4426 13.028 18.0354 17.2819 13.0145 13.5357 12.8896
threshold=4.5950000000000006 1.885 3.5000000000000004 0.15287422377600049 4.8850000000000007 0.0033333333333333505 27.000000000000004 32.050000000000004 3.6350000000000002 17.900000000000002 7.5000000000000009 0.16269616184533939 6.2250000000000005 0.29636243386243388 4.1950000000000012 6.7650000000000006 17.500000000000004 0.074999999999999664 0.21668842471714531 12.250000000000002 1.1650000000000003 0.19022437688610708 21.500000000000004 6.785000000000001 0.46000000000000041 8.5000000000000018 7.0050000000000008 -0.051666666666667145 6.8250000000000011 10.400000000000002
decision_type=10 10 2 2 8 8 2 2 2 2 2 2 8 2 10 10 2 8 2 2 2 2 2 2 10 2 2 10 10 2
left_child=1 -1 3 11 -4 -3 15 10 9 27 -6 -2 13 24 -14 -5 -15 18 -18 20 21 22 23 -7 -8 -26 29 -9 -29 -27
right_child=2 5 4 6 7 19 12 8 -10 -11 -12 -13 14 16 -16 -17 17 -19 -20 -21 -22 -23 -24 -25 25 26 -28 28 -30 -31
leaf_value=-0.033919379911587742 0.0017597717710470054 -0.0031055968494164044 0.014267385206846318 0.018100467546370829 0.0077453553720919542 0.020603320319282886 -0.0070679315178544993 0.084637436960195614 -0.007438229654022928 0.11815923323715261 -0.0099244605205802035 0.010007371485469896 0.021392360931723003 0.0065101225936671052 -0.012047893565555053 0.00059137770922800589 0.13888521042285459 -0.017491052809951699 0.0064236858326839844 -0.00062984112329103603 -0.015642690286625436 0.12895417735287426 -0.011530076989334346 0.18328830683246045 -0.007974842820985777 -0.0066157493830550987 -0.010072527934054635 -0.017440327327930175 0.03172986903724323 0.014618375802954213
leaf_weight=226.27547940611839 1214.0843159258366 1116.9713680669665 880.08814997971058 158.97274475544691 1688.7337119653821 4.4706430546939435 1015.9326085969806 5.8362757116556159 392.9398695603013 4.0978608578443518 126.69481827318668 883.44948164373636 32.369008459150791 242.9875763207674 564.1151305437088 331.69204877316952 6.101052582263943 4.901610955595971 2.7265657410025597 192.17056454345584 1102.1365403980017 2.8549720197916022 20.387046374380589 1.9633755907416341 348.49746887385845 87.645121060311794 126.89515115320683 29.132521115243435 26.939112640917301 387.20559319108725
leaf_count=4389 8701 11176 4549 1142 11026 44 7896 31 2883 21 853 5832 245 1754 4895 2413 40 38 20 2099 12774 28 217 21 2828 696 1084 161 149 3075
internal_value=-8.80243e-05 -0.0104679 0.0031455 0.000767586 0.00722187 -0.00829397 -0.00206243 0.00449554 -0.00348171 0.0200719 0.00651222 0.00523354 -0.00351155 -0.00170788 -0.0102332 0.00626423 0.00919692 0.0567495 0.0979721 -0.0126711 -0.0147156 0.0197152 0.00808729 0.0702475 -0.00313168 0.00107668 0.00631882 0.0135792 0.00618305 0.0106991
internal_weight=11229.3 2667.23 8562.04 5407.58 3154.46 2440.95 3310.04 2274.37 458.946 66.0058 1815.43 2097.53 2819.38 2222.89 596.484 490.665 256.717 13.7292 8.82762 1323.98 1131.81 29.676 26.8211 6.43402 1966.18 950.243 601.746 61.9079 56.0716 474.851
internal_count=91080 30748 60332 40659 19673 26359 26126 15124 3245 362 11879 14533 22571 17431 5140 3555 1852 98 60 15183 13084 310 282 65 15579 7683 4855 341 310 3771
is_linear=0
shrinkage=0.05


Tree=173
num_leaves=31
num_cat=0
split_feature=128 128 69 39 116 81 69 23 106 121 22 100 174 38 100 110 26 23 96 61 18 98 119 108 57 50 27 33 19 7
split_gain=184.624 59.0867 28.4533 22.0963 23.272 17.2223 19.0118 24.4693 16.6341 20.1914 15.5334 25.2965 28.3541 15.766 21.5692 18.6985 15.7051 14.6932 14.601 18.0714 14.5847 22.8385 14.1343 19.1327 20.2002 14.106 19.092 14.3446 13.8283 13.2976
threshold=5.5000000000000009 2.5000000000000004 0.038544073951799207 21.950000000000003 -0.038333333333332643 4.5000000000000009 0.25456931519923648 62.500000000000007 4.5000000000000009 0.069335546271390117 24.500000000000004 0.06000000000000006 0.79770658263305327 6.0500000000000016 -0.093999999999999848 0.011666666666667153 8.5000000000000018 35.500000000000007 6.9050000000000011 0.12423301336344812 4.1550000000000011 0.039999999999999557 0.78499999999999981 -0.018333333333333948 15.500000000000002 0.36306818181818185 17.500000000000004 19.500000000000004 7.9450000000000012 6.6250000000000009
decision_type=8 10 2 2 8 2 2 2 8 2 2 8 2 2 8 8 2 2 2 2 8 10 2 10 2 2 2 2 8 8
left_child=1 8 -2 4 28 -6 10 18 -1 -10 11 13 -13 14 15 -7 -16 25 19 -8 21 -18 23 -19 -25 -5 -27 -28 -3 -12
right_child=2 3 -4 17 5 6 7 -9 9 -11 29 12 -14 -15 16 -17 20 22 -20 -21 -22 -23 -24 24 -26 26 27 -29 -30 -31
leaf_value=0.0092734270921312773 -0.032250323158201789 0.0059852292194949724 -0.014273568779886085 -0.008329468548310728 -0.0072296146221134828 0.28014806382154173 0.22977189811883619 0.26545048448092673 0.01043631807624317 -0.0039127825505005064 0.062704115569916175 0.27444798342691068 0.0070730018033655544 -0.0013349678568978539 0.18535333471654813 0.044435912688429731 0.0036183979113034248 -0.024698588920558789 -0.044631271781942289 0.0158375753424458 0.0015506163486437353 0.21116698609307671 0.018490537156346892 0.05011089551845202 0.25188476689000244 0.18063376085669527 -0.0039839073318427209 0.15011453815543876 0.14247620573612563 -0.005316714049451522
leaf_weight=2623.4492185041308 304.0969268027693 486.73938808217645 797.03692308813334 100.28723635151982 2047.6064252741635 1.6889133565127847 1.6391553692519645 1.4513056725263593 405.60020989179611 619.80621580779552 7.3972037807106963 2.0352576598525043 1.933546047657728 54.14061414077878 1.5173904448747695 1.6765813976526263 3.0613200701773193 2.4659526497125626 2.9599884524941444 2.4815529212355614 21.477656800299883 2.3375643938779831 141.75332401320338 2.6204058900475493 2.3553636781871319 2.2017188295721999 9.7283037304878217 1.7877095453441132 1.8627693131566037 250.50231215730309
leaf_count=18661 8314 5431 15339 1219 27460 20 22 20 2708 5254 90 27 27 737 18 22 36 31 42 35 276 27 1675 31 29 23 121 20 21 3344
internal_value=-0.000243836 0.00282988 -0.0192382 -0.0021802 -0.00344228 -0.00546422 0.00468125 0.0784195 0.00716284 0.00176301 0.00287218 0.0207733 0.144187 0.0150712 0.0430391 0.162724 0.028853 0.0116898 0.0400844 0.100937 0.0200173 0.0934811 0.0220167 0.0891844 0.145624 -0.00182475 0.0457298 0.0199378 0.00650559 -0.00336571
internal_weight=7905.7 6804.56 1101.13 3155.71 2892.51 2403.91 356.3 8.532 3648.86 1025.41 347.768 89.8688 3.9688 85.9 31.7594 3.36549 28.3939 263.2 7.0807 4.12071 26.8765 5.39888 149.195 7.44172 4.97577 114.005 13.7177 11.516 488.602 257.9
internal_count=91080 67427 23653 40804 37655 32203 4743 119 26623 7962 4624 1190 54 1136 399 42 357 3149 99 57 339 63 1766 91 60 1383 164 141 5452 3434
is_linear=0
shrinkage=0.05


Tree=174
num_leaves=31
num_cat=0
split_feature=34 90 78 94 3 90 179 82 11 52 64 98 18 62 91 17 37 176 130 80 26 124 162 119 164 42 119 17 58 44
split_gain=42.9084 22.3118 16.5098 19.5954 15.7131 16.5952 14.6766 16.1344 16.3421 16.4273 13.515 13.9213 13.3876 12.9794 17.1093 13.0468 16.0759 16.1281 16.579 12.8478 12.7691 15.1721 12.7102 13.5051 14.4029 12.6909 12.5747 17.8867 15.5903 19.5071
threshold=17.750000000000004 1.2633333333333343 1.0000000180025095e-35 -0.5 19.050000000000004 1.2633333333333343 6.8727941176470599 3.5000000000000004 6.7950000000000008 16.500000000000004 0.13597112469559167 0.079999999999999558 4.6550000000000011 0.14983145876130702 11.500000000000002 6.2950000000000008 31.400000000000002 10.706971153846156 6.3750000000000009 9.5000000000000018 23.500000000000004 3.5000000000000004 7.0250000000000012 2.2849999999999997 0.18185277431852773 32.800000000000004 3.1950000000000007 6.7550000000000008 0.15480523854553932 17.500000000000004
decision_type=2 8 2 2 8 10 2 2 10 2 2 10 10 2 2 10 2 2 2 2 2 10 2 2 2 2 2 10 2 2
left_child=1 2 26 -4 5 13 12 8 9 -8 -5 22 -3 14 -2 16 -16 18 -18 -6 -20 -22 23 -12 -25 -17 -1 -28 -29 -30
right_child=4 6 3 10 19 -7 7 -9 -10 -11 11 -13 -14 -15 15 25 17 -19 20 -21 21 -23 -24 24 -26 -27 27 28 29 -31
leaf_value=5.8806196282022813e-05 -0.00023180113315714179 -0.01598641770373678 -0.0074444987869988922 -0.0076967073746469009 0.0044176908771243533 -0.0085273820160285518 0.14799951654890964 0.00015017783761111332 0.0034734511643778041 0.010220604757930567 -0.0056084124197770743 0.0073880900644462781 -0.0052060837633289159 -0.00077835254105331061 0.0052888086657690812 0.030306143111045104 0.011970881480241969 -0.024472620676242278 0.013729961836185798 0.018638832309706664 0.045359580588350344 0.13964754633747145 0.082081944454224842 0.010519026835640769 -0.0020005481172047333 -0.025524175217432082 0.0059992468046316571 0.011310862028116323 0.084463160237678442 -0.017540721533229376
leaf_weight=1223.6803763881326 719.77862636744976 526.22554145753384 1555.7599671855569 547.86198782920837 3699.5479553639889 445.53311051428318 6.0678365528583544 67.116139210760593 8.566508010029791 3.3621600419282913 946.9298483133316 633.13775792717934 636.13282594829798 2158.4027501642704 587.26272158324718 113.58059649169445 18.015577375888824 9.4150231927633268 6.122172117233279 165.94122703373432 7.6766404658556011 9.6045274585485441 4.5749599039554587 371.5645497739315 601.79654436558485 11.180631473660467 464.18633113801479 32.075769692659378 21.766540825366977 5.9732817411422721
leaf_count=7541 3782 3610 10200 3370 19291 2597 38 484 57 22 6253 3737 4557 11659 3076 586 96 53 33 838 40 49 30 2161 3831 58 2692 182 123 34
internal_value=0.000170512 -0.0025011 -0.00131034 -0.00286415 0.00274292 0.000581276 -0.00861903 0.0114229 0.0534635 0.098876 -0.000569803 0.000956606 -0.0100866 0.00169585 0.00529776 0.0105151 0.00762375 0.0345983 0.0480258 0.00502819 0.0757804 0.0977629 -0.00115887 -0.00135719 0.00277859 0.0253028 0.00283417 0.00931536 0.0350494 0.0624984
internal_weight=15608.8 7656.78 6409.31 4661.63 7952.06 4086.57 1247.47 85.1126 17.9965 9.43 3105.87 2558 1162.36 3641.04 1482.64 762.858 638.097 50.8339 41.4189 3865.49 23.4033 17.2812 1924.87 1920.29 973.361 124.761 1747.68 524.002 59.8156 27.7398
internal_count=91080 48922 40154 29582 42158 22029 8768 601 117 60 19382 16012 8167 19432 7773 3991 3347 271 218 20129 122 89 12275 12245 5992 644 10572 3031 339 157
is_linear=0
shrinkage=0.05


Tree=175
num_leaves=31
num_cat=0
split_feature=59 108 35 3 17 29 46 177 145 99 90 130 177 137 52 130 34 23 26 40 24 13 65 56 27 42 110 112 64 98
split_gain=79.8905 34.6326 29.9886 25.9742 21.8642 20.9979 19.5865 16.978 16.8036 16.7085 16.161 14.9285 18.8934 14.808 16.6725 14.5688 14.7271 16.8388 14.4038 14.3497 15.7888 14.0743 14.4684 13.9061 17.2869 13.5562 13.5353 14.2699 15.2595 14.0977
threshold=0.15394327894327894 -0.013333333333333147 29.300000000000001 24.750000000000004 3.5750000000000006 41.900000000000013 0.15424266455194288 3.3345238095238101 0.0063985195911406513 -0.11916666666666705 1.1799999999999999 6.0450000000000008 4.0648267986296167 0.4166666666666668 33.500000000000007 5.5650000000000004 10.600000000000001 27.500000000000004 70.500000000000014 3.5000000000000004 78.500000000000014 6.7150000000000007 0.096468964288894815 7.5000000000000009 12.500000000000002 28.900000000000002 0.043333333333334258 -0.051666666666665341 0.075042662116040965 0.06000000000000006
decision_type=2 8 2 10 10 2 2 2 2 8 8 2 2 2 2 2 2 2 2 2 2 8 2 2 2 2 10 10 2 8
left_child=1 6 3 7 -3 8 15 26 9 -5 -9 -6 25 -4 19 16 17 -1 -19 -15 -21 -8 -23 24 -24 -13 29 -28 -29 -2
right_child=2 4 13 5 11 -7 21 10 -10 -11 -12 12 -14 14 -16 -17 -18 18 -20 20 -22 22 23 -25 -26 -27 27 28 -30 -31
leaf_value=-0.010549333891945654 0.00091395637009651772 -0.018265849783640792 0.0033836845694093301 0.04262654997090097 -0.0023284933303967838 0.016525515880087979 -0.010986551595536839 0.0037761316376236295 -0.0016510722566166446 -0.01129729489174308 0.015724052681077162 -0.012521013848933577 0.0024994123137444171 0.020242930805807767 0.020337300294034528 -0.0066956815988235335 -0.0011434430743933637 0.028223817127198167 0.10939939327170545 0.0043419873518980882 0.05488838927370146 -0.011724954833482371 0.054031312503171183 0.0039722319431655263 0.013270086450430105 0.00079157207272336719 -0.010677867576046239 0.056133759570355518 0.0088488172675713819 -0.0066269521699209412
leaf_weight=28.195739850401878 1933.1361060291529 416.59923604130745 3080.3986184746027 14.610331684350966 1483.8475269526243 120.44610972702503 125.24368752539158 2353.0848674625158 1489.5885629653931 856.59668056666851 321.71919971704483 1554.2863373085856 309.84528824687004 177.44518874585629 281.35430246591568 1110.2778615280986 267.10787934064865 60.33231620490551 6.0089623928070059 1178.6265202388167 15.654472500085829 95.956822514533997 28.321311846375465 587.19138087332249 318.91744504868984 218.05766993761063 94.300013273954391 17.747515112161636 441.82903282344341 912.26961807906628
leaf_count=124 8737 2681 12966 65 6875 504 606 10095 6654 3812 1251 8655 1474 693 1098 5737 1195 263 26 4639 60 535 134 2784 1487 1227 432 79 1955 4237
internal_value=4.67645e-06 -0.00448731 0.0022391 0.000472346 -0.00742696 -0.00383817 -3.16174e-05 0.00223318 -0.00487711 -0.010393 0.0052132 -0.00616071 -0.0088917 0.00543235 0.0092499 -0.00385669 0.00485923 0.0218194 0.0355764 0.00697577 0.00500454 0.00484037 0.00676413 0.00866278 0.0165946 -0.0108831 -0.000111726 0.00703943 0.0106748 -0.00150375
internal_weight=19899 6610.19 13288.8 8555.33 3982.64 2481.24 2627.55 6074.09 2360.8 871.207 2674.8 3566.04 2082.19 4733.48 1653.08 1471.92 361.645 94.537 66.3413 1371.73 1194.28 1155.63 1030.39 934.43 347.239 1772.34 3399.28 553.877 459.577 2845.41
internal_count=91080 33803 57277 37821 20912 11035 12891 26786 10531 3877 11346 18231 11356 19456 6490 7345 1608 413 289 5392 4699 5546 4940 4405 1621 9882 15440 2466 2034 12974
is_linear=0
shrinkage=0.05


Tree=176
num_leaves=31
num_cat=0
split_feature=18 36 9 178 132 36 179 48 120 98 110 110 65 54 88 110 66 76 7 119 18 155 48 17 182 25 142 52 56 107
split_gain=75.3363 23.8073 22.1943 21.0723 21.5077 20.6745 19.6174 15.6314 16.4643 14.1367 14.1197 13.6161 13.4294 14.7636 12.8603 12.8562 15.9932 12.4076 15.3997 11.9668 13.0232 11.8908 13.694 19.2455 11.6372 11.6218 11.3964 14.5801 11.3609 11.9495
threshold=4.7650000000000006 6.8000000000000016 6.4050000000000011 4.8985294117647067 1.5000000000000002 24.550000000000004 2.7113247863247865 0.15353598014888339 0.22594610279595254 0.044999999999999908 0.023333333333332953 0.055000000000000153 0.15918824929074768 110.50000000000001 1.3800000000000003 -0.039166666666666496 0.10641277787710826 15.500000000000002 6.7250000000000005 1.5900000000000007 4.1150000000000011 -0.0039444444444443989 0.20851449275362319 5.2550000000000008 11957.569304261644 15.500000000000002 5.5000000000000009 10.500000000000002 20.500000000000004 0.26000000000000029
decision_type=10 2 10 2 2 2 2 2 2 8 8 8 2 2 10 10 2 2 10 2 10 2 2 10 2 2 2 2 2 10
left_child=1 10 -2 4 5 12 7 11 -9 -5 19 -3 25 28 17 16 -11 -7 -19 20 -1 22 -10 -24 -25 -4 -21 -28 29 -14
right_child=2 6 3 9 -6 14 -8 8 21 15 -12 -13 13 -15 -16 -17 -18 18 -20 26 -22 -23 23 24 -26 -27 27 -29 -30 -31
leaf_value=0.057910002486534044 -0.049602966687287475 -0.0016872124604917862 0.012560616831933116 0.0076950753846045973 0.0061337464235163321 0.00040624585082649884 -0.0091968183517977895 0.012662819152465244 -0.01061830219340403 -0.02765839198281091 -0.01935130831200306 -0.013689885959483734 -0.0034277455614882494 0.064250357021775006 0.0086707286331992421 -0.0013230636498244644 0.01010109236720513 -0.027276762490711971 0.028289616265595442 -0.0097783676230864414 -0.0016547460033881972 -0.0079446220316772686 -0.011528005584672731 0.17384886417908185 0.049302751984397153 -0.0006638702434120003 -0.024237973841277294 0.10628351687985792 -0.010914685209427606 0.073162044381803376
leaf_weight=13.989700615406035 20.778743967413902 2035.6581135988235 191.29336062073708 2299.6105074137449 1558.6411999017 2756.1633089333773 1043.6757681593299 363.68547201901674 11.240214496850969 29.671637281775475 383.57360699027777 267.31239891797304 1920.3087971359491 7.6877476423978797 677.45304261147976 1148.1504525542259 510.89060539007187 14.914909124374388 76.029688686132431 690.59577664732933 26.672336101531982 214.92106612026691 4.9080604165792447 4.0174525082111359 3.5178381055593491 1263.0686875581741 3.8685320392250997 4.7875159084796906 639.89610648155212 5.1062512248754492
leaf_count=71 132 11602 920 10276 6910 13024 6354 1950 66 132 2587 1682 9503 39 2833 5323 2272 72 352 4176 140 1220 26 24 21 6090 24 29 3205 25
internal_value=3.05471e-05 -0.00514414 0.00203123 0.00211313 0.000786252 -0.000317417 -0.00331705 -0.00120482 0.00596681 0.00514414 -0.0115662 -0.0030804 -0.00276479 -0.00493551 0.00247909 0.00167039 0.00802846 0.00100583 0.0191767 -0.00753037 0.0188384 -0.00423936 0.0293848 0.06552 0.115705 0.00107556 -0.00906373 0.0479513 -0.00514285 -0.00322463
internal_weight=18192.1 5072.42 13119.7 13098.9 9110.56 7551.92 3948.94 2905.26 602.29 3988.32 1123.49 2302.97 4027.36 2573 3524.56 1688.71 540.562 2847.11 90.9446 739.914 40.662 238.605 23.6836 12.4434 7.53529 1454.36 699.252 8.65605 2565.31 1925.42
internal_count=91080 29972 61108 60976 42973 36063 22945 16591 3307 18003 7027 13284 19782 12772 16281 7727 2404 13448 424 4440 211 1357 137 71 45 7010 4229 53 12733 9528
is_linear=0
shrinkage=0.05


Tree=177
num_leaves=31
num_cat=0
split_feature=61 19 37 112 179 118 43 19 44 48 175 52 85 22 35 18 18 177 111 30 167 64 120 25 63 136 83 37 24 164
split_gain=109.625 34.0996 32.0765 20.6295 16.3948 17.8533 16.1866 13.3173 17.4493 12.9472 12.9262 12.493 12.4026 16.1501 13.5217 13.5027 23.1717 13.2303 12.7159 12.1371 13.2216 12.7497 12.3493 11.9391 12.5839 11.9188 20.6828 15.5341 15.2186 14.4637
threshold=0.13678528416585417 1.9450000000000001 15.900000000000002 -0.01500000000000005 4.5723198198198212 3.9150000000000005 5.7500000000000009 5.955000000000001 7.4000000000000012 0.21760654326302192 0.55266239368914105 113.50000000000001 2.5000000000000004 66.500000000000014 30.600000000000005 6.5850000000000009 6.7350000000000012 3.0775919732441479 0.024999999999999852 31.100000000000005 0.20676323826730333 0.06827894327894321 0.35160160160160164 62.500000000000007 0.24272851790677999 1.9166666666666667 1.5000000000000002 15.600000000000003 11.500000000000002 0.21879749240121585
decision_type=2 10 2 8 2 2 2 10 2 2 2 2 2 2 2 10 10 2 8 2 2 2 2 2 2 2 2 2 2 2
left_child=1 -1 9 10 5 -4 11 -7 -9 12 -3 -5 14 17 -2 23 -17 -14 -18 20 21 -6 -21 24 -15 26 29 -28 -29 -8
right_child=2 3 4 6 19 7 25 8 -10 -11 -12 -13 13 15 -16 16 18 -19 -20 22 -22 -23 -24 -25 -26 -27 27 28 -30 -31
leaf_value=-0.032044673466020836 -0.00025952081793121826 0.002098070329165726 0.0063909181460875117 -0.015107118268018678 0.090290115904336513 -0.0031909223618148104 0.020020658667174496 0.0107119045567234 -0.00035140030217199904 -0.0054764734820022566 -0.010610093110688223 0.088724474982342094 0.005314538390630355 0.01655960286603813 -0.01250564950121996 0.1737780364047968 0.11436342142763167 -0.0048109953566013415 0.0013474209948713791 -0.0038006484144081638 0.0071994092849654847 0.016254544313598046 0.0845999460744392 -0.013382875265721806 0.08206237405998365 -0.0074592266815769531 -0.012811338460844091 0.13892196511827909 0.018824275645363962 0.11745060142662965
leaf_weight=138.49262056127191 1067.5298477709293 813.61116847395897 2201.2450220882893 871.67067414522171 5.8916279822587958 1358.9264801889658 8.5808996781706792 553.24738425016403 1001.7511133700609 1193.8645407706499 265.36172202974558 2.9066508188843718 965.90117254853249 112.65426329523325 285.7467991784215 3.5757002085447338 3.3409968018531773 484.3941081687808 9.7588527500629425 227.91200172901154 1202.2291010543704 447.9525685235858 4.0203564167022696 32.361178740859032 7.8427052795886985 1311.6792712584138 65.853599786758423 2.9095666483044651 28.243373394012451 6.8500267192721358
leaf_count=1864 7090 5582 11540 7223 29 8687 56 2834 5493 7623 1990 20 5091 602 2049 22 20 2756 61 1211 6072 2315 22 175 43 9930 443 18 177 42
internal_value=-2.84057e-05 -0.00772791 0.00239526 -0.00673087 0.00446205 0.00299229 -0.00940801 0.000424887 0.00358477 -0.00107827 -0.00102737 -0.014762 0.000687845 0.0036396 -0.00284531 0.018242 0.0609644 0.00193264 0.0301711 0.00844408 0.00994434 0.0172156 -0.0022683 0.0135813 0.0208229 -0.00611999 0.00950329 0.000950359 0.0300409 0.0632713
internal_weight=14686.3 3516.16 11170.1 3377.67 7003.18 5115.17 2298.69 2913.92 1555 4166.97 1078.97 874.577 2973.11 1619.83 1353.28 169.534 16.6755 1450.3 13.0998 1888.01 1656.07 453.844 231.932 152.858 120.497 1424.12 112.437 97.0065 31.1529 15.4309
internal_count=91080 27345 63735 25481 38203 28554 17909 17014 8327 25532 7572 7243 17909 8770 9139 923 103 7847 81 9649 8416 2344 1233 820 645 10666 736 638 195 98
is_linear=0
shrinkage=0.05


Tree=178
num_leaves=31
num_cat=0
split_feature=127 86 62 89 29 24 41 11 168 34 64 31 76 66 114 35 36 168 38 169 23 68 66 46 11 110 50 180 143 110
split_gain=140.535 52.2899 43.1373 24.3072 18.9599 15.2963 18.1595 14.8099 18.8117 14.1553 13.5372 13.8689 13.5125 13.982 13.1657 13.0805 12.9756 13.6338 14.5243 13.282 14.0169 15.9295 21.5309 18.5487 13.0118 15.0711 17.6331 12.8994 12.7202 13.2158
threshold=5.5000000000000009 2.5000000000000004 0.022485955056179754 5.5758333333333336 16.050000000000004 1.5000000000000002 10.9 6.6450000000000005 0.10419600938967132 10.950000000000001 0.26092573868104713 31.400000000000002 26.500000000000004 0.15842602778796397 0.06000000000000006 29.300000000000001 32.250000000000007 0.12505178127589067 15.900000000000002 0.4171245421245422 50.500000000000007 0.15452216837539176 0.18729627860062645 0.15638586956521741 6.7750000000000012 0.074999999999999664 0.22594670406732117 0.67285012285012302 2.5000000000000004 -0.071666666666665838
decision_type=8 2 2 2 2 2 2 10 2 2 2 2 2 2 8 2 2 2 2 2 2 2 2 2 10 10 2 2 2 10
left_child=1 4 -2 14 7 6 -6 8 10 15 11 -1 16 -14 -3 -10 17 -5 -19 24 21 22 -21 -23 -20 -26 -27 -4 29 -9
right_child=2 3 27 12 5 -7 -8 28 9 -11 -12 -13 13 -15 -16 -17 -18 18 19 20 -22 23 -24 -25 25 26 -28 -29 -30 -31
leaf_value=-0.0086482984124053412 -0.030794117449875799 0.0088879622060860693 -0.013771605088797434 -0.0025219818291964589 0.1642639071092496 -0.0066472782265138454 0.0082110359985236771 0.047849320249843175 0.064854421541550231 0.033414115974408298 0.090044323160830109 0.087400619558865952 0.13541008655878442 0.021774751424940248 -0.0023448160780577907 0.20513832866597023 -0.0066082556227850392 -0.00030372544659203893 0.019679124595642323 0.056314417145188603 -0.0093888893757854749 0.091429795501155847 0.21916193314329913 -0.013247751300167114 0.0020382832063928044 0.13626069082138292 0.022064997720030916 -0.0032315253611928728 -0.0020306770324925675 0.0055752249745951313
leaf_weight=52.57617711648345 307.79687293246388 3089.8026694282889 789.35318251699209 723.64912954717875 2.8285537771880609 1657.7165436595678 5.46822190284729 19.317906402051449 4.7729790657758739 21.956966169178486 4.3197745755314818 4.047698024660348 3.5411757230758658 11.490835189819334 284.91553691774607 2.5491497367620468 452.32372581213713 482.2333200275898 205.23530854284763 5.6753159239888209 10.110492281615732 7.4531821534037617 3.1598270237445831 9.7920738011598569 386.65278370678425 4.2936796173453358 15.892581678926943 459.12295532971621 1762.0822974443436 430.26389576867223
leaf_count=441 5774 18094 9434 5401 23 14687 51 153 31 164 32 32 27 88 1922 18 3454 3457 1415 39 70 49 20 67 2657 28 100 4844 15225 3283
internal_value=-8.45392e-05 0.00216099 -0.0140288 0.00523061 -0.00224568 -0.00630834 0.0614129 0.00069471 0.0205513 0.0534904 0.00472646 -0.00178234 0.00129259 0.0485445 0.00793962 0.113693 0.000984634 0.00283694 0.00626726 0.0111553 0.0405878 0.0599621 0.114556 0.0319926 0.00941501 0.00423715 0.0463548 -0.00989553 -0.000115322 0.00739168
internal_weight=11220.4 9664.12 1556.27 5696.22 3967.9 1666.01 8.29678 2301.89 90.2227 29.2791 60.9436 56.6239 2321.5 15.032 3374.72 7.32213 2306.47 1854.15 1130.5 648.265 36.1909 26.0804 8.83514 17.2453 612.074 406.839 20.1863 1248.48 2211.66 449.582
internal_count=91080 71028 20052 36888 34140 14761 74 19379 718 213 505 473 16872 115 20016 49 16757 13303 7902 4445 245 175 59 116 4200 2785 128 14278 18661 3436
is_linear=0
shrinkage=0.05


Tree=179
num_leaves=31
num_cat=0
split_feature=128 87 0 69 81 117 116 68 69 51 28 137 145 63 84 119 109 97 46 30 42 25 15 41 130 119 65 22 83 116
split_gain=171.473 55.3638 35.8662 27.8897 24.8716 21.3739 19.8031 20.0983 19.6101 18.8704 17.1715 17.6811 16.2057 17.6121 26.2825 16.0311 32.145 16.3461 15.562 17.8982 15.1182 23.4928 14.986 17.0791 24.4008 16.0944 15.6054 13.5905 13.5611 13.3723
threshold=5.5000000000000009 2.5000000000000004 9.5000000000000018 0.038544073951799207 4.5000000000000009 6.6150000000000011 -0.040000000000000445 0.12124679287150682 0.24278646019172673 0.26695402298850573 31.100000000000005 0.4166666666666668 -0.10993268585954213 0.18029098129333979 3.5000000000000004 4.9350000000000014 0.055000000000000153 0.11999999999999968 0.077524038461538464 18.950000000000003 10.600000000000001 31.500000000000004 6.785000000000001 24.250000000000004 5.6650000000000009 1.8000000000000005 0.16681468324452339 76.500000000000014 3.5000000000000004 -0.0099999999999992473
decision_type=8 2 2 2 2 2 8 2 2 2 2 2 2 2 2 2 10 2 2 2 2 2 8 2 2 2 2 2 2 8
left_child=1 4 22 -2 6 8 15 -8 12 -9 -10 -12 20 -14 18 -1 17 -17 19 -15 21 -6 23 -3 25 -25 -27 -26 -24 -5
right_child=3 2 -4 29 5 -7 7 9 10 -11 11 -13 13 14 -16 16 -18 -19 -20 -21 -22 -23 28 24 27 26 -28 -29 -30 -31
leaf_value=0.0030866860264298721 -0.031863001150430073 0.0095343572539484216 -0.0015761811976268845 -0.0053782564354639545 0.0027989532695994607 -0.0073321386972231856 0.00077218459872877162 -0.013614904086435091 0.20935224694655399 0.0059141134227970382 -0.029384548532643769 0.15418883578445156 0.0036566130461984296 0.038267605974336989 0.1928409645430606 0.26009492716702337 0.012013815004217374 0.074287875693255651 0.0071302165633535947 0.1933127323776152 0.025158303870363538 0.18005371475694576 0.0079421265025162689 0.0054132945913045113 0.01947326224659611 0.22242452273108332 0.065836883891281603 0.13035967478375352 -0.0022959943796116529 -0.018862375113414005
leaf_weight=289.05651047453284 294.83217335306108 985.30666223913431 1175.796228222549 293.35112993791699 3.0438428446650532 126.82795194163918 481.33613472059369 1055.9740855321288 2.3543351031839839 140.10998800769448 3.1323235705494881 2.2566965818405151 151.34054303914309 5.9175254106521624 2.7298243120312682 2.2745960056781795 13.45227290689945 2.4679611250758171 20.709275249391794 2.7155497595667839 14.048284564167259 4.8443335257470608 1613.2441731803119 2.9145565479993802 302.6290697529912 3.314198724925518 3.0603556856513023 2.7887046411633483 404.54799503460526 492.6477558426559
leaf_count=3067 8314 7415 12768 5151 31 1636 5574 14042 27 1700 40 28 1822 60 33 20 120 22 226 28 155 47 12073 29 2311 24 23 20 4086 10188
internal_value=-0.000246173 0.00268692 0.00592751 -0.018749 -0.00357738 0.00891958 -0.00571777 -0.00785532 0.0185922 -0.0113273 0.0967024 0.0474883 0.0156469 0.0107892 0.0444461 0.0059521 0.0514742 0.163404 0.0306404 0.0870373 0.0562621 0.111656 0.00858674 0.0127732 0.0229138 0.102746 0.147248 0.0204857 0.00588948 -0.0138298
internal_weight=7899.03 6818.19 4493.6 1080.83 2324.59 339.92 1984.67 1677.42 213.093 1196.08 7.74336 5.38902 205.349 183.413 32.0722 307.251 18.1948 4.74256 29.3424 8.63308 21.9365 7.88818 3317.81 1300.01 314.707 9.28911 6.37455 305.418 2017.79 785.999
internal_count=91080 67427 38749 23653 28678 4133 24545 21316 2497 15742 95 68 2402 2169 347 3229 162 42 314 88 233 78 25981 9822 2407 76 47 2331 16159 15339
is_linear=0
shrinkage=0.05


Tree=180
num_leaves=31
num_cat=0
split_feature=34 100 57 116 130 61 128 137 55 17 28 7 5 90 20 90 19 116 30 21 67 176 110 58 121 90 157 59 44 19
split_gain=40.0423 22.0178 19.2224 18.7453 16.8516 20.9825 24.5587 16.8169 16.4585 16.2648 15.5252 15.3204 15.0701 14.8857 14.665 13.7418 13.6027 13.031 14.2608 16.0981 15.9427 15.0037 14.0126 17.3474 15.8923 13.0126 16.8066 27.9789 16.0345 15.3482
threshold=11.900000000000002 -0.060000000000000046 14.500000000000002 0.13333333333333328 5.8450000000000006 0.19731371235159698 1.5000000000000002 0.91666666666666685 21.500000000000004 7.0450000000000008 49.550000000000004 6.7250000000000005 6.5050000000000008 0.67000000000000048 4.9350000000000014 -0.85999999999999999 4.1650000000000009 0.081666666666667415 9.2500000000000018 6.455000000000001 0.19758550330353672 14.044590643274855 -0.076666666666666647 0.16073539344815943 0.07683363148479426 -0.064999999999999877 -0.019999999999999744 0.18812893559294577 16.900000000000002 7.6350000000000007
decision_type=2 10 2 8 2 2 8 2 2 10 2 10 10 10 8 10 10 10 2 8 2 2 10 2 2 10 2 2 2 10
left_child=2 12 3 7 10 6 -6 8 15 -9 -3 -5 -2 -11 16 -1 -4 -14 20 22 -19 -22 23 -20 -25 -17 27 -27 -28 -30
right_child=1 4 14 11 5 -7 -8 9 -10 13 -12 -13 17 -15 -16 25 -18 18 19 -21 21 -23 -24 24 -26 26 28 -29 29 -31
leaf_value=-0.0090299840148432963 -0.045046537888296143 0.0028686965755768483 -0.016037112466009737 0.10500703631277004 -0.0012050003144144354 5.4028077152667174e-05 0.0075083495244354682 -0.010328210399726256 -0.010174337255799219 0.14839548201080641 -0.0066061137235654752 0.018556345414628066 -0.0035925781209941755 0.009067673556002704 -0.012375386971722286 0.010591664852665635 0.0016310848086944917 0.014465902720285848 -0.033861605473741167 0.0406260836336916 0.096884987042201817 -0.020590550626446325 -0.010210422600363783 0.15342023109567451 0.028670517046602617 -0.0042627834125001755 -0.0040644963794817489 0.14361271501372333 0.00873613466588463 0.10459697129819299
leaf_weight=234.5130847916007 20.809211127460003 910.15675185620785 141.48212022334337 6.7113341838121441 1018.0515167638659 2443.8031081482768 3932.085021443665 576.30843190103769 317.30745431780815 3.0365730151534063 823.57126277685165 21.678152061998844 2022.3617962002754 5.1997389793395996 934.15010260045528 497.23342147469521 473.60446567088366 47.914496809244156 5.4641553759574917 22.544722571969032 12.748401865363123 3.4544493556022635 130.69311693310738 4.0759675055742246 6.8325892761349678 7.7569830492138845 704.02872771769762 5.4434322565793991 267.6324927508831 4.2417534440755835
leaf_count=1462 130 4792 900 38 5591 13739 21270 4129 2068 20 5021 132 11597 36 6381 2950 3136 270 29 136 69 22 744 21 38 50 4480 36 1764 29
internal_value=0.000170204 0.0017073 -0.00400326 -0.00141756 0.00280456 0.00384487 0.00571635 -0.00185499 0.000289179 -0.00933114 -0.00163211 0.0389935 -0.00269141 0.0604352 -0.00842799 0.00221855 -0.00243295 -0.00230075 0.008877 0.00128339 0.0289645 0.0718392 -0.00474772 0.0388576 0.0752831 0.00399333 0.000676275 0.0567164 -8.17439e-05 0.0102317
internal_weight=15604.9 11404.6 4200.33 2651.09 9127.67 7393.94 4950.14 2622.7 2038.16 584.545 1733.73 28.3895 2276.9 8.23631 1549.24 1720.85 615.087 2256.09 233.728 169.611 64.1173 16.2029 147.066 16.3727 10.9086 1486.34 989.103 13.2004 975.903 271.874
internal_count=91080 63469 27611 17194 50413 40600 26861 17024 12839 4185 9813 170 13056 56 10417 10771 4036 12926 1329 968 361 91 832 88 59 9309 6359 86 6273 1793
is_linear=0
shrinkage=0.05


Tree=181
num_leaves=31
num_cat=0
split_feature=83 124 6 130 28 108 130 17 110 173 23 109 41 20 102 17 35 43 118 55 52 22 64 36 68 19 42 107 62 58
split_gain=75.0995 37.0371 24.6081 22.1791 18.7932 20.0074 18.071 17.2866 14.897 14.8401 14.3026 13.5479 13.1966 12.8174 12.6151 12.2707 12.1302 11.8783 13.1202 11.8304 15.2955 12.8412 15.2522 13.8205 12.4968 12.6715 11.8082 11.7723 11.7395 14.5522
threshold=2.5000000000000004 4.5000000000000009 2.2500000000000004 6.2350000000000012 45.650000000000006 0.0066666666666681008 7.5450000000000008 2.7550000000000003 -0.0081666666666663484 3.4625497159090917 72.500000000000014 0.10499999999999997 8.1500000000000021 5.995000000000001 4.5000000000000009 6.6850000000000014 9.7500000000000018 18.900000000000002 1.1650000000000003 24.500000000000004 33.500000000000007 31.500000000000004 0.18522207466430571 23.300000000000004 0.17336417818479286 6.4650000000000007 32.800000000000004 0.10499999999999997 0.18675410863311401 0.32742946708463955
decision_type=2 8 8 2 2 8 2 8 10 2 2 10 2 8 8 10 2 2 2 2 2 2 2 2 2 10 2 8 2 2
left_child=1 3 4 28 16 8 10 -3 13 11 15 14 -10 -6 -9 17 -2 -7 -19 20 -14 22 23 -22 25 -23 -8 -5 29 -1
right_child=2 7 -4 27 5 6 26 9 12 -11 -12 -13 19 -15 -16 -17 -18 18 -20 -21 21 24 -24 -25 -26 -27 -28 -29 -30 -31
leaf_value=0.0030748238382284862 -0.011302028002263959 -0.023574433349008536 -0.047070886456327142 -0.002681922833280565 0.0061754225942966456 0.00428245391371819 -0.014296949278462676 -0.0039023244188933839 0.017490944439703806 -0.012208467536557186 -0.016980606358025598 0.0020639942850991066 0.0074927977713936935 -0.0028458516761718476 -0.011701754639784947 0.0096226178029626529 0.00065839272824693568 0.064397949093539839 -0.0049476191501856802 0.00079562316608101187 0.048371118406475525 0.058224575643203394 -0.019132932913742271 -0.0059670238854707524 0.014788063735507385 0.015334354073261084 0.033060481626467748 -0.012151250584109503 -0.0046735589701138967 0.043806244730669769
leaf_weight=2728.4230498373508 229.62316071987152 148.57633221149445 24.519256830215454 1846.2225906997919 984.67258670926094 1075.3767414987087 240.55354431271553 1714.5164371281862 358.43007151782513 811.58005533367395 92.32465298473835 610.03834689408541 1889.8500294536352 656.07244245707989 743.17725624144077 547.18776215612888 2760.6951264441013 6.8925961703062049 656.08923821151257 557.76316250860691 26.149790182709694 51.370416879653931 35.986687123775482 21.17954657971859 70.988363862037659 25.904777780175209 13.924724444746969 399.18639209866524 538.04092474281788 22.106133803725243
leaf_count=11697 1047 1050 140 8932 3930 4524 1087 9335 1437 4616 391 3297 7601 2759 4295 2231 12080 29 2835 2234 101 198 143 85 283 108 61 2068 2391 95
internal_value=3.40129e-06 -0.00318949 0.00296015 -0.00053466 0.00307923 0.0044451 0.000958029 -0.00683701 0.00640715 -0.00619597 0.00231328 -0.00460534 0.00848075 0.00256815 -0.00626078 0.00309266 -0.000260034 0.00103721 -0.00422668 0.00727535 0.00897898 0.0211073 0.00540094 0.0240552 0.0299334 0.0438466 -0.0117056 -0.00436537 0.00208092 0.00340218
internal_weight=19887.4 9561.87 10325.6 5533.98 10301 7310.72 2632.35 4027.89 4678.37 3879.31 2377.87 3067.73 3037.62 1640.75 2457.69 2285.55 2990.32 1738.36 662.982 2679.19 2121.43 231.58 83.316 47.3293 148.264 77.2752 254.478 2245.41 3288.57 2750.53
internal_count=91080 47776 43304 25183 43164 30037 11158 22593 18879 21543 10010 16927 12190 6689 13630 9619 13127 7388 2864 10753 8519 918 329 186 589 306 1148 11000 14183 11792
is_linear=0
shrinkage=0.05


Tree=182
num_leaves=31
num_cat=0
split_feature=125 48 18 110 36 30 56 166 17 119 108 9 168 34 99 66 26 51 97 16 152 167 110 110 28 43 97 21 18 1
split_gain=69.7015 24.59 23.7535 16.513 16.3447 16.6966 14.8329 16.4262 16.2156 17.1404 15.6204 14.0736 13.1149 12.9603 12.5921 12.2499 19.892 12.2437 12.0038 15.9736 11.9466 11.9286 14.186 11.8256 11.6767 12.5495 11.6427 14.5832 11.6389 11.9056
threshold=4.5000000000000009 0.15353598014888339 2.8350000000000004 0.081666666666666568 30.350000000000005 29.300000000000001 47.500000000000007 0.13892335263303007 5.785000000000001 1.8000000000000005 0.01333333333333315 6.495000000000001 0.39424016843371684 29.500000000000004 0.019999999999999053 0.26551172441377935 20.500000000000004 0.065395580898075512 0.095000000000000168 5.3450000000000006 -0.043333333333333147 0.058277543352170162 -0.019999999999999945 0.023333333333334753 58.20000000000001 37.70000000000001 0.055000000000000153 4.4350000000000014 5.3250000000000011 4.5000000000000009
decision_type=8 2 10 8 2 2 2 2 10 2 8 10 2 2 8 2 2 2 2 8 2 2 8 10 2 2 2 10 10 10
left_child=1 11 -2 6 5 21 7 8 9 10 -4 -1 24 20 -9 28 17 18 19 -17 -12 26 -23 -19 25 -7 27 -3 -13 -30
right_child=2 4 3 -5 -6 12 -8 14 -10 -11 13 15 -14 -15 -16 16 -18 23 -20 -21 -22 22 -24 -25 -26 -27 -28 -29 29 -31
leaf_value=-0.049655933874984459 -0.023533295271282104 0.050050931683383676 0.00054862294128158774 -0.019627801623079727 0.0076594481996156982 0.0028168948471875375 -0.015586096665150978 0.004222660855693219 -0.0097322384737480536 -0.0043696650140448677 -0.014637558704680743 -0.0030809721888581643 -0.015548162584688144 -0.021009825525078255 -0.0091500310635037885 0.086366253209494342 0.0029570827809546189 -0.01953219376697413 0.076650064992356381 -0.039667004307213788 0.039128811608353326 0.0043037271316812347 -0.0037915085777849842 0.05811337463100115 0.014592985864699069 0.060794686225310861 0.0032820558000684003 0.0056633336296559337 0.0027113413616544711 -0.0058190607398973821
leaf_weight=14.501491628587244 170.30571702122688 30.495302438735962 194.47331489622593 173.8040913194418 2016.0734924972057 502.76938922703266 256.18071659654379 967.27566231787205 1177.185601092875 1460.8279420658946 11.965306609869002 2866.9535023495555 56.406912177801132 13.401204660534857 215.20054480433464 4.2498273104429218 188.2931314855814 13.914757505059244 22.731998905539513 6.1552440971136102 75.661684736609459 789.63609126210213 1719.9691031128168 7.5724232047796241 507.67067834734917 9.5100337862968427 1606.2503275722265 47.058867543935776 2570.3734035044909 486.43419755995274
leaf_count=93 1431 136 1076 1169 8678 2281 1520 5399 7213 8915 63 14709 258 77 1226 20 876 65 105 28 402 3592 8177 37 2214 44 7303 213 11568 2192
internal_value=3.07561e-05 0.00186273 -0.00520032 -0.00451351 0.00383066 0.00236586 -0.00391268 -0.00318612 -0.00519153 -0.00214811 0.00883428 -0.000456896 0.00792099 0.0247837 0.00178895 -0.0003412 0.0106636 0.0372282 0.0562902 0.0118098 0.0317871 0.000939983 -0.00124438 0.00783134 0.00921892 0.0038932 0.00419564 0.0231171 -0.000792475 0.00135389
internal_weight=18183.3 13467 4716.28 4545.98 7285.84 5269.77 4372.17 4115.99 2933.52 1756.33 295.502 6181.18 1076.36 101.028 1182.48 6166.68 242.917 54.6243 33.1371 10.4051 87.627 4193.41 2509.61 21.4872 1019.95 512.279 1683.8 77.5542 5923.76 3056.81
internal_count=91080 62589 28491 27060 32896 24218 25891 24371 17746 10533 1618 29693 4797 542 6625 29600 1131 255 153 48 465 19421 11769 102 4539 2325 7652 349 28469 13760
is_linear=0
shrinkage=0.05


Tree=183
num_leaves=31
num_cat=0
split_feature=85 126 119 10 112 130 44 37 104 58 3 114 107 112 52 132 40 119 65 174 41 174 65 67 122 65 25 161 182 19
split_gain=101.923 45.4811 29.5214 18.1239 17.5617 16.2049 15.0084 17.804 16.6157 16.1707 15.8541 14.75 14.0388 13.9573 24.2136 12.7099 15.7171 13.2076 14.9025 12.4516 13.7872 12.3732 12.4969 12.2305 17.5747 13.1908 13.0758 12.106 12.2358 12.0642
threshold=2.5000000000000004 5.5000000000000009 3.370000000000001 2.2500000000000004 0.046666666666667259 6.285000000000001 5.7500000000000009 35.500000000000007 4.5000000000000009 0.14510422465516179 17.950000000000003 0.17333333333333331 0.28500000000000014 -0.088333333333332445 4.5000000000000009 2.5000000000000004 7.2500000000000009 1.7200000000000002 0.12645024092169374 3.0013227513227521 8.1500000000000021 4.7252460582895379 0.19658927503918047 0.10010893246187362 0.059691885830521853 0.14738035565103233 30.500000000000004 1.3064102564102567 11957.569304261644 6.035000000000001
decision_type=2 8 2 8 8 2 2 2 8 2 10 8 10 8 2 2 2 2 2 2 2 2 2 2 2 2 2 2 2 10
left_child=1 4 13 6 5 23 -2 8 -8 15 -9 12 -7 14 -3 16 17 -10 -19 -18 -21 22 -22 24 26 -25 -1 -4 -29 -11
right_child=3 2 27 -5 -6 11 7 10 9 29 -12 -13 -14 -15 -16 -17 19 18 -20 20 21 -23 -24 25 -26 -27 -28 28 -30 -31
leaf_value=0.063083917959009139 0.0065501829790589571 0.13203687286917229 -0.025857742654039107 -0.036158977543861208 -0.0091706206453732349 -0.0050445734731906665 0.0032208655223262789 0.0012833665126001838 -0.016230727448794165 -0.013546687017000092 0.02125393607418978 0.066439493751800666 0.097144854756273769 -0.0090053229512747687 0.0023426955978968931 0.06756270273162239 -0.010976106416246252 -0.020091383097502469 0.049203615937756073 0.082613943767692405 0.073707537080921454 -0.018278768756703433 -0.028567771817481064 0.0077718412965429974 -0.013643875367038398 -0.00019258621147647922 -0.0033362730201503595 -0.030321289889608784 0.10363152740466329 -0.002281765677129071
leaf_weight=13.708860225975515 3264.112555116415 4.7324498742818859 362.02947347983718 28.263965770602226 810.90817005932331 1936.4916611909866 2978.4658968001604 181.82531736791134 14.672590702772139 369.49340992420912 219.17558078467846 7.2794619798660269 3.366773232817649 1061.0486113727093 15.023337505757807 8.679766893386839 118.0732077434659 9.3788215816020948 44.918409876525402 7.4271155297756186 9.9336446076631528 19.677122376859188 4.2709174305200568 806.65617142617702 226.27282378822565 1462.3420765325427 16.126353926956654 3.1914293169975272 3.659673772752285 666.20500412583351
leaf_count=88 16505 37 4343 170 6024 13532 16013 935 88 2285 1084 45 19 9089 117 43 635 51 241 40 53 111 23 4786 1610 9188 105 32 33 3755
internal_value=-2.7323e-05 -0.00455336 -0.0123984 0.00380839 -0.0024007 -0.00117317 0.00395109 0.00212749 0.0011775 -0.00360441 0.0121987 -0.00460063 -0.00486722 -0.00823001 0.0334106 0.00817653 0.00591923 0.0258601 0.0372342 -0.00270984 0.0209177 0.00739338 0.0429562 0.00146978 -0.00888778 0.00263886 0.0271829 -0.0246117 0.0412327 -0.00630061
internal_weight=14677.4 6732.84 1449.68 7944.57 5283.15 4472.24 7916.31 4652.2 4251.2 1272.73 401.001 1947.14 1939.86 1080.8 19.7558 237.032 228.352 68.9698 54.2972 159.382 41.3088 33.8817 14.2046 2525.11 256.108 2269 29.8352 368.881 6.8511 1035.7
internal_count=91080 49048 13651 42032 35397 29373 41862 25357 23338 7325 2019 13596 13551 9243 154 1285 1242 380 292 862 227 187 76 15777 1803 13974 193 4408 65 6040
is_linear=0
shrinkage=0.05


Tree=184
num_leaves=31
num_cat=0
split_feature=20 20 86 59 114 84 13 27 137 44 88 176 65 110 108 52 60 17 36 61 172 39 107 172 62 180 112 130 39 60
split_gain=130.038 49.8116 29.9748 24.2671 20.5968 20.3315 15.0995 15.2703 16.1208 14.5922 14.307 24.1348 16.8933 14.018 14.8283 14.3172 13.8153 13.6688 12.6147 15.5055 19.6374 18.3167 15.2846 14.7134 12.5608 12.9429 16.8667 12.5557 14.9092 13.4189
threshold=4.5550000000000006 1.885 3.5000000000000004 0.15287422377600049 0.0033333333333333505 3.5000000000000004 6.8150000000000004 72.500000000000014 1.2500000000000002 12.250000000000002 -2.0049999999999994 1.4489130434782609 0.24748737373737376 0.14333333333333306 0.010000000000001051 1.0000000180025095e-35 0.17835033123571983 5.0950000000000006 32.850000000000001 0.2690449087094326 2.9076505016722414 6.4500000000000011 0.084999999999999923 6.2509259259259276 0.16461410905855353 2.7036240786240788 0.12999999999999948 6.1750000000000007 38.70000000000001 0.14692462792051217
decision_type=10 10 2 2 8 2 8 2 2 2 8 2 2 8 8 2 2 10 2 2 2 2 10 2 2 2 10 2 2 2
left_child=1 -1 3 24 27 -4 7 10 -9 -6 11 12 -5 14 15 -8 -15 -17 19 -7 -21 -22 23 -23 -2 26 -26 28 29 -3
right_child=2 4 5 6 9 18 13 8 -10 -11 -12 -13 -14 16 -16 17 -18 -19 -20 20 21 22 -24 -25 25 -27 -28 -29 -30 -31
leaf_value=-0.033205422515237476 -0.00027174792327599979 0.0096219506854926373 0.0096604698050862282 0.02548854583216735 -0.014544259893798945 0.0028166079096102305 0.011789796907568862 0.01906459094325241 0.11409800951820739 0.00081510308569240322 -0.0010597079581765093 -0.011457607947713545 0.13200723000822276 0.0046385591935197935 0.00084012964300818858 0.00090464735272062296 0.12617407283382187 -0.013144105733323058 -0.0079344140942713502 -0.00072244619614218969 0.024652187031366415 0.17149273616346816 0.2234550165400053 0.02304043559196596 0.0040905290533329195 0.015380588135834856 0.09446547032551636 -0.0083373534327671941 0.1195809734431585 -0.0062348226140555019
leaf_weight=213.2916154935956 794.67718693614006 275.74441578984261 2043.888917952776 96.173487074673176 1063.9990866035223 812.9745551943779 78.296289004385471 47.615551926195621 4.9239202141761771 180.93367674946785 1382.4710418954492 55.684753090143204 3.8720922172069541 5.6572603881359083 595.4386857971549 216.15287993848324 3.9856061488389969 870.0551879927516 278.41249699145555 20.038625851273537 10.943945348262789 2.7393941730260831 2.5763865113258362 4.2719365656375885 970.94353181868792 386.60009475797415 5.1902709603309622 523.8968490101397 2.707330096513032 258.50031347200274
leaf_count=4389 5924 2513 11211 671 12600 5986 635 362 37 1993 10740 413 27 41 4767 1643 28 7349 2169 150 80 22 19 36 6572 2418 33 5663 25 2564
internal_value=-8.51423e-05 -0.0100881 0.00281334 0.000585944 -0.0079497 0.00668324 -0.00207095 0.00146411 0.027971 -0.012312 0.000558728 0.0149261 0.0296112 -0.00524874 -0.00557814 -0.00885996 0.0548718 -0.0103484 0.00130749 0.00432205 0.0344892 0.0688552 0.119311 0.0810422 0.00472425 0.00763767 0.00457107 -0.00283044 0.00254257 0.00194947
internal_weight=11212.7 2519.07 8693.58 5517.74 2305.78 3175.85 3360.33 1590.74 52.5395 1244.93 1538.2 155.73 100.046 1769.59 1759.94 1164.5 9.64287 1086.21 1131.96 853.545 40.5703 20.5317 9.58772 7.01133 2157.41 1362.73 976.134 1060.85 536.952 534.245
internal_count=91080 29747 61333 41660 25358 19673 26713 12250 399 14593 11851 1111 698 14463 14394 9627 69 8992 8462 6293 307 157 77 58 14947 9023 6605 10765 5102 5077
is_linear=0
shrinkage=0.05


Tree=185
num_leaves=31
num_cat=0
split_feature=128 87 0 69 81 29 117 116 68 51 51 38 2 170 15 163 110 42 98 69 7 43 49 26 61 111 130 116 60 116
split_gain=159.368 50.7388 32.8044 27.3186 22.7566 22.1842 19.1451 18.24 18.7651 17.5209 17.3006 19.7996 16.4961 16.4202 23.4872 23.3184 24.8501 18.4543 16.402 15.9474 15.7255 14.3253 14.2189 19.7685 33.5973 14.1791 20.5117 17.8231 17.2693 17.2197
threshold=5.5000000000000009 2.5000000000000004 7.5000000000000009 0.038544073951799207 4.5000000000000009 6.6000000000000005 6.6150000000000011 -0.039999999999999543 0.12124679287150682 0.26695402298850573 0.16015267175572517 6.0500000000000016 1.0000000180025095e-35 25.379513888888894 6.6750000000000007 1.1451470588235297 0.0099999999999992508 8.5000000000000018 0.05000000000000026 0.24278646019172673 7.3250000000000011 11.900000000000002 0.27812939521800284 68.500000000000014 0.19412428628336206 0.06000000000000006 5.8550000000000013 -0.005000000000000249 0.16375287813028502 0.046666666666666357
decision_type=8 2 2 2 2 2 2 8 2 2 2 2 10 2 8 2 10 2 8 2 8 2 2 2 2 10 2 10 2 10
left_child=1 4 21 -2 7 13 19 -1 -9 -10 -7 12 18 14 17 -15 -17 -4 -12 -6 -13 -3 -14 -24 -25 -16 27 28 -27 -29
right_child=3 2 5 -5 6 10 -8 8 9 -11 11 20 22 15 25 16 -18 -19 -20 -21 -22 -23 23 24 -26 26 -28 29 -30 -31
leaf_value=0.0054532363114687503 -0.031475169939292988 0.013267194224491361 0.18541971138362995 -0.01339639830446724 0.01472790570300727 -0.0086139090102587915 -0.0070570878576262947 0.00071240053373453354 -0.01325888725498444 0.0055861106994205441 0.028291818514945832 -0.0027905340605051225 0.0040929248881859471 -0.0099433386203268553 0.0036723489504984965 -0.031870412888869909 0.15133953003275874 0.047214283511085836 0.12231566308244796 0.084939813296417005 0.10853323350003677 0.0057854504667135239 0.02202420110639644 0.27520196726898344 0.024706367716208405 0.25042221868414283 0.022451555776206097 -0.022411060062392674 0.069238877099447968 0.15785283418957236
leaf_weight=317.79676897823811 286.03856473788619 1225.5532367713749 3.5989761725068075 775.42928105033934 208.16341222077608 566.68396734446287 125.99332816898823 479.7195640206337 1037.71712166816 139.97767490893602 18.820949442684654 744.99111101403832 248.68692431226373 94.973577607423067 95.136485606431961 3.0295304097235194 4.7571745701134205 7.3445886075496674 6.1552466601133338 8.414282411336897 3.1858346089720717 1338.5842012166977 49.639692608267069 2.1689821705222121 3.4963121525943279 2.6777687519788742 84.495938815176487 4.1107115112245065 2.5845212042331696 1.9547715857625005
leaf_count=3327 8314 8944 23 15339 2402 6083 1636 5552 13974 1692 150 7578 2022 949 830 26 39 60 51 95 25 10632 460 20 35 21 719 39 24 19
internal_value=-0.000244201 0.00255678 0.00564521 -0.0182682 -0.00345628 0.000754839 0.00844021 -0.00551955 -0.0076235 -0.011019 -0.00154197 0.00217856 0.0124018 0.0131474 0.0214285 -0.00312337 0.080059 0.0926655 0.0514635 0.0174557 -0.0023165 0.00936142 0.00919242 0.032123 0.12061 0.017346 0.0309217 0.0941017 0.161436 0.035684
internal_weight=7891.88 6830.41 4512.63 1061.47 2317.78 1948.49 342.571 1975.21 1657.41 1177.69 1643.83 1077.15 328.968 304.664 201.904 102.76 7.7867 10.9436 24.9762 216.578 748.177 2564.14 303.992 55.305 5.66529 190.96 95.8237 11.3278 5.26229 6.06548
internal_count=91080 67427 38749 23653 28678 19173 4133 24545 21218 15666 16424 10341 2738 2749 1735 1014 65 83 201 2497 7603 19576 2537 515 55 1652 822 103 45 58
is_linear=0
shrinkage=0.05


Tree=186
num_leaves=31
num_cat=0
split_feature=28 90 98 2 130 34 28 116 60 38 182 100 57 89 99 34 158 68 36 21 108 28 118 98 111 173 97 130 100 92
split_gain=37.6585 21.6084 19.3514 17.2507 15.5342 14.7773 14.2566 16.1999 14.1084 13.4468 17.3639 13.4694 12.6359 12.5707 14.2193 18.2034 12.2566 13.7077 17.5466 17.0843 12.1324 15.0234 17.8199 13.9128 12.3869 20.7708 11.9343 11.7761 12.244 11.7163
threshold=67.15000000000002 -1.925 0.41500000000000004 1.5000000000000002 6.2350000000000012 36.600000000000001 41.45000000000001 0.084999999999999465 0.13891427991062363 29.800000000000004 98231.650497959941 -0.048000000000000445 7.5000000000000009 4.7408333333333355 -0.038333333333332643 8.2000000000000011 4.4935416666666681 0.18190008190008186 23.300000000000004 4.6150000000000011 0.026666666666667654 73.40000000000002 1.4150000000000003 0.05000000000000026 0.22500000000000009 2.711075036075036 0.3199999999999999 6.2350000000000012 0.11200000000000052 4.5000000000000009
decision_type=2 8 8 10 2 2 2 8 2 2 2 10 2 2 10 2 2 2 2 10 10 2 2 10 8 2 2 2 10 2
left_child=1 -1 4 27 6 13 9 -8 29 11 16 -3 -7 26 -15 -16 17 18 -11 -20 23 22 -22 24 -10 -26 -6 -2 -29 -5
right_child=3 2 -4 8 5 12 7 -9 20 10 -12 -13 -14 14 15 -17 -18 -19 19 -21 21 -23 -24 -25 25 -27 -28 28 -30 -31
leaf_value=-0.021152335989654179 -0.017012345352128547 -0.0056048897784442388 -0.049300135018823389 -0.00030834082822170345 0.007441837543600136 0.0019970891298362521 -0.0041071231296091705 0.014311029673113686 -0.0017880054788771975 -0.01841267251498422 -0.024470922439396289 0.0041913914488967158 0.018937848889421235 -0.002150790729086974 -0.0062283415698075406 0.0042687933585992916 0.10226075890120732 0.051481169952874398 0.0030033170585253852 0.13646393022109835 0.10058494439186808 -0.015615338911228283 0.0014399212430250571 0.0096417975035255152 0.00013491328540719922 0.15314061075282767 0.084208699720888652 -0.0065705262542845259 0.073121758950093874 -0.015777743894549844
leaf_weight=104.57800400257111 344.48793046921492 471.06876456737518 18.590144164860249 213.84886461496353 968.79223704338074 188.82233041524887 2319.8507189899683 125.86528052389622 830.81034728139639 23.805055260658264 16.245989993214607 1375.3243457525969 263.92734937369823 1709.07176130265 459.7054435312748 4065.1788976341486 5.844880759716033 29.424225360155106 5.4969040900468809 4.2533136308193207 4.666468381881713 228.03968875110149 157.45742306858301 465.32945528626442 6.1558212041854841 3.467511847615242 5.0893643945455542 894.97552144527435 4.8459320813417426 286.23243130743504
leaf_count=723 2468 2525 121 1412 5098 902 13546 725 5930 127 86 7308 1228 9763 2814 22295 32 156 30 23 30 1602 1013 2936 43 24 26 6102 28 1964
internal_value=0.00017113 0.00147772 0.00167401 -0.00444742 0.00175273 0.00311044 -0.000623428 -0.00315926 -0.00178227 0.00258757 0.0220236 0.00169207 0.0118726 0.00256006 0.00173475 0.00320234 0.0329987 0.0265707 0.00472707 0.0612225 0.000393975 -0.0073426 0.00429365 0.00270567 -0.00113471 0.0552664 0.00784301 -0.00915099 -0.00614135 -0.00916259
internal_weight=15601.3 12160.9 12056.4 3440.32 12037.8 7660.59 4377.18 2445.72 2196.01 1931.46 85.0704 1846.39 452.75 7207.84 6233.96 4524.88 68.8244 62.9795 33.5553 9.75022 1695.93 390.164 162.124 1305.76 840.434 9.62333 973.882 1244.31 899.821 500.081
internal_count=91080 67528 66805 23552 66684 42126 24558 14271 14954 10287 454 9833 2130 39996 34872 25109 368 336 180 53 11578 2645 1043 8933 5997 67 5124 8598 6130 3376
is_linear=0
shrinkage=0.05


Tree=187
num_leaves=31
num_cat=0
split_feature=17 6 35 35 108 28 60 164 177 34 99 166 85 13 37 166 90 118 97 94 5 3 67 130 170 112 33 180 116 165
split_gain=69.4631 29.2511 26.315 21.0129 20.8543 16.882 16.2844 16.338 14.9416 18.1767 15.7874 14.3903 14.6025 14.2488 16.4711 14.1691 14.1074 15.2074 13.7673 13.1362 13.2602 13.0524 14.717 15.0098 14.5771 14.9402 13.7292 13.9346 13.4277 13.0895
threshold=4.6050000000000013 2.2500000000000004 39.000000000000007 11.300000000000002 -0.026666666666666745 48.750000000000007 0.18106422733473185 0.84428879310344829 2.8574970484061395 21.150000000000002 -0.15500000000000061 0.14442611992636104 2.5000000000000004 6.8450000000000006 11.300000000000002 0.46763720150816929 0.79666666666666741 5.1750000000000007 0.15499999999999978 -0.5 6.6350000000000007 27.650000000000002 0.20146970146970142 5.9150000000000009 20.783894500561171 0.010000000000000153 37.150000000000006 8.3350877192982491 -0.049999999999999344 0.57705026455026454
decision_type=10 8 2 2 8 2 2 2 2 2 8 2 2 10 2 2 8 2 2 2 10 8 2 2 2 10 2 2 10 2
left_child=3 2 4 -1 5 15 7 13 11 10 -10 12 -6 -5 -15 -2 -13 -18 21 20 -4 22 23 -12 29 28 27 -25 -26 -24
right_child=1 -3 19 6 8 -7 -8 -9 9 -11 18 16 -14 14 -16 -17 17 -19 -20 -21 -22 -23 24 26 25 -27 -28 -29 -30 -31
leaf_value=-0.010253279605656456 -0.0011825466800925238 -0.042868908146412012 -0.030851484318745376 -0.0043605995548144771 0.0027755768024028933 0.0063819220461167102 -0.0078074619402944152 0.086926322140464141 0.068929594937741173 -0.0032727969716780294 0.019346382887698098 -0.0084193578802711725 -0.0039785567804456598 0.012302278059530042 -0.0016685654308645583 0.024035255188469662 -0.0010954396226364003 0.03178492961653772 -0.0029983384701952852 0.0043769650467198285 0.014700913387557435 -0.0017959130680076643 0.0029386550324914853 0.0038385851513692013 0.081251075828535108 0.040302312554419774 0.044153057963974313 -0.020210062378061364 0.0089970717963206055 0.063239443248708102
leaf_weight=1502.9585152044892 1477.034665569663 36.863739527761936 16.425524353981018 1064.3290346413851 1838.0811675488949 2598.6462943553925 1128.1058754697442 5.3599755764007559 9.3141354322433472 1231.0698693394661 163.77120611071587 1327.8655651807785 1417.3222861737013 367.67337917536497 494.98921876400709 57.884672433137894 477.75149413943291 37.960014745593071 606.69976459443569 1186.634516954422 583.72181563079357 496.27971708774567 182.31837810575962 1265.7276507169008 6.8297774344682685 90.414192244410515 20.273343682289124 63.245567992329597 109.87327019870281 9.466732978820799
leaf_count=8657 6514 213 65 5588 7924 10592 6491 28 38 5434 650 6239 6534 1836 2624 262 2065 167 2566 4788 2337 2093 792 5340 29 363 88 271 452 40
internal_value=2.80897e-06 0.00161654 0.0017239 -0.00541169 0.000968545 0.00392614 -0.00303404 -0.000247311 -0.00033839 0.00184907 0.00393404 -0.00216391 -0.000165006 -0.000489786 0.00428591 -0.000231536 -0.00569359 0.00132479 0.00373324 0.00742584 0.0134542 0.00542914 0.00730455 0.0050521 0.015848 0.0250456 0.00331706 0.00269411 0.0132256 0.00591517
internal_weight=19874.9 15311.5 15274.6 4563.42 13487.8 4133.57 3060.46 1932.35 9354.26 4255.28 3024.21 5098.98 3255.4 1926.99 862.663 1534.92 1843.58 515.712 3014.9 1786.78 600.147 2408.2 1911.92 1513.02 398.902 207.117 1349.25 1328.97 116.703 191.785
internal_count=91080 65856 65643 25224 58453 17368 16567 10076 41085 18156 12722 22929 14458 10048 4460 6776 8471 2232 12684 7190 2402 10118 8025 6349 1676 844 5699 5611 481 832
is_linear=0
shrinkage=0.05


Tree=188
num_leaves=31
num_cat=0
split_feature=18 110 141 30 42 103 122 90 118 130 60 19 60 57 128 7 21 31 3 119 56 98 110 145 30 99 33 118 48 166
split_gain=65.3174 26.6883 24.9733 22.7738 21.9271 19.0114 16.3358 15.8027 15.5834 14.6037 14.3065 13.6924 13.514 13.2604 14.0058 12.6387 12.3325 12.2825 21.5008 14.0817 12.2206 13.9763 13.2212 14.2795 13.4457 16.7479 13.2314 12.6713 12.2203 17.4346
threshold=4.2550000000000008 0.069999999999999812 2.5000000000000004 28.900000000000002 6.9000000000000012 4.5000000000000009 0.16730197955292767 -0.13666666666666621 3.7450000000000006 4.7250000000000005 0.14403862157016978 6.7550000000000008 0.28758561643835617 49.500000000000007 2.5000000000000004 6.7350000000000012 7.995000000000001 26.800000000000001 14.950000000000001 5.3350000000000017 50.500000000000007 0.10000000000000007 -0.024999999999998947 -0.024204520000440096 12.950000000000001 -0.028333333333332846 31.000000000000004 3.7450000000000006 0.2650087529605602 0.20827223851417395
decision_type=10 8 2 2 2 10 2 10 2 2 2 10 2 2 10 10 8 2 10 2 2 10 10 2 2 10 2 2 2 2
left_child=4 2 7 17 9 -3 10 -2 12 -1 -7 -9 -5 -12 -15 16 -6 20 19 -19 21 22 23 24 25 -4 -26 -22 -17 -30
right_child=1 5 3 8 15 6 -8 11 -10 -11 13 -13 -14 14 -16 28 -18 18 -20 -21 27 -23 -24 -25 26 -27 -28 -29 29 -31
leaf_value=0.0063809995176217875 0.00015636733468179544 -0.047918596167048966 0.0067296376872503063 0.011700827383242395 -0.013033311262387659 -0.012148552944610582 -0.012278180277058603 0.0058208852659306547 0.0014827796613686264 -0.015517286594174652 0.007420765490633527 -0.0027345634125108364 0.08231172297811136 -0.0052839816030171207 0.11247886626362609 -0.0026762576661677109 0.076259508681096183 0.0014126459704088797 -0.015227337166238759 0.070673079905544348 0.0040440127636874714 -0.007874831577891454 -0.0011202827073922524 0.000856110420694986 0.0037482751407437128 0.041075319310178188 0.075830883020610917 -0.020748129256385056 0.12583504113340813 0.013377338838733108
leaf_weight=83.753065496683121 2331.983204305172 28.325691439211369 65.605956301093102 452.25294901430607 363.68988140672445 107.51920232176781 451.52764442563057 5160.0870371758938 921.09521624445915 836.97579222172499 193.32841673493385 514.27483794093132 6.8792043924331656 4.2236071377992612 6.2773616760969162 1228.876727797091 3.9084166139364234 229.85313824564219 416.72639710456133 7.5808528065681449 78.048304811120033 563.74658972769976 2982.9825632795691 611.82700262963772 224.15248513221741 77.332730934023857 6.5523496866226187 151.73811437189579 3.6593918949365607 59.233104303479195
leaf_count=445 11165 183 318 2076 2266 607 2413 23029 4437 5580 962 2466 31 22 30 7490 22 1174 2159 38 392 2908 15293 2941 1064 378 32 792 20 347
internal_value=3.18017e-05 0.00125107 0.00172929 -0.000499744 -0.00733737 -0.00769597 -0.0062025 0.00362145 0.00523374 -0.0135253 0.00260864 0.00504549 0.0127588 0.010393 0.0651133 -0.00390387 -0.0120839 -0.00196084 -0.00838505 0.00362401 -0.00107834 -0.000508004 0.000538506 0.0055596 0.0132614 0.0253113 0.00579553 -0.0123273 -0.00157608 0.0199207
internal_weight=18174 15593.9 14802.7 6796.37 2580.1 791.202 762.876 8006.35 1380.23 920.729 311.349 5674.36 459.132 203.829 10.501 1659.37 367.598 5416.15 654.16 237.434 4761.99 4532.2 3968.45 985.471 373.644 142.939 230.705 229.786 1291.77 62.8925
internal_count=91080 74910 70693 34033 16170 4217 4034 36660 6544 6025 1621 25495 2107 1014 52 10145 2288 27489 3371 1212 24118 22934 20026 4733 1792 696 1096 1184 7857 367
is_linear=0
shrinkage=0.05


Tree=189
num_leaves=31
num_cat=0
split_feature=61 85 37 10 17 104 122 126 171 176 58 30 96 59 49 134 69 112 35 18 13 165 26 110 32 13 169 60 26 37
split_gain=95.2415 31.7074 28.4273 19.381 19.5816 18.8158 16.4979 15.9049 14.9101 13.5414 15.7246 15.007 14.843 14.5674 13.1413 12.8588 12.7567 12.5203 12.3077 13.0669 14.5007 18.7939 18.192 12.5964 11.7688 14.7251 11.5538 14.9607 11.8771 15.6272
threshold=0.13678528416585417 1.5000000000000002 23.650000000000002 2.2500000000000004 5.455000000000001 5.5000000000000009 0.12045966601149526 5.5000000000000009 17.10529891304348 26.099367088607597 0.16832927011294094 44.95000000000001 6.6350000000000007 0.21435172960126747 0.12135372415746247 1.5000000000000002 0.22079300741721122 -0.028333333333332846 32.650000000000006 5.5450000000000008 6.8750000000000009 0.49959083469721771 41.500000000000007 -0.10333333333333389 8.9000000000000004 6.9250000000000007 0.075846077598414011 0.22060153175194128 62.500000000000007 35.150000000000006
decision_type=2 2 2 8 8 8 2 8 2 2 2 2 2 2 2 2 2 8 2 8 8 2 2 8 2 10 2 2 2 2
left_child=1 7 3 4 14 6 -3 -1 17 10 18 -11 -12 -13 16 -8 -2 -4 19 20 -6 -22 -23 -20 25 -18 27 -19 29 -28
right_child=2 5 8 -5 9 -7 15 -9 -10 11 12 13 -14 -15 -16 -17 24 26 23 -21 21 22 -24 -25 -26 -27 28 -29 -30 -31
leaf_value=-0.0078596912355364847 -0.0019338088101845102 0.0036949433016750495 0.011181958339564769 -0.037607258672441982 0.0035868252900178761 -0.014551465537996966 -0.0065912945104518329 -0.027672007761849467 -0.019782636116764243 0.0041457075343179417 0.091719108715347844 0.0087245678338921887 -0.0063446732155004321 0.11512135060776514 0.0053943813170516846 0.01805100297680497 0.014520082860113524 0.0098936175602466134 0.083996206754170327 -0.003650505200655674 0.01746421545320976 0.14089038687385191 0.0074058342233699424 -0.0085153367682230582 -0.0012535709283133956 0.064404233044145151 0.00018961170859588933 -0.0050485651708299332 -0.0095625583285809737 0.014086418284553365
leaf_weight=165.14256597310305 1466.1397604048252 574.60984416306019 929.32573435455561 33.335491746664047 317.13518758118153 480.34889307618141 1941.9725868925452 262.0212562456727 56.217256940901279 469.68068493157625 3.8666017651557913 6.8378372266888601 1896.4301215782762 6.0755508914589882 2341.6827765032649 54.423054032027721 67.194581277668476 1166.3499978780746 3.7275276556611061 287.96381936222315 152.69026827812195 6.2544179037213308 4.3123274892568588 285.83685322105885 78.577975034713745 18.97003573179245 922.37888668477535 195.61420423537493 214.06365013867617 259.13025645166636
leaf_count=1316 8897 3677 4571 215 1868 4016 14655 3307 326 2970 23 44 12005 39 12502 374 402 5924 23 1833 871 37 26 1792 498 109 5146 1072 1175 1367
internal_value=-2.77952e-05 -0.00725394 0.00221856 0.000431834 0.000602884 -0.00546785 -0.00377073 -0.0200125 0.00577319 -0.00215827 -0.00342519 0.0056077 -0.00614514 0.0587826 0.00299444 -0.00591953 -0.000451483 0.00616287 0.00146054 0.00477127 0.00981958 0.021927 0.0864149 -0.00732445 0.0127406 0.0255026 0.00447137 0.00774752 0.00127411 0.00323748
internal_weight=14668.3 3478.52 11189.8 7446.71 7413.38 3051.35 2571.01 427.164 3743.08 3440.81 2958.22 482.594 1900.3 12.9134 3972.57 1996.4 1630.88 3686.86 1057.92 768.356 480.392 163.257 10.5667 289.564 164.743 86.1646 2757.54 1361.96 1395.57 1181.51
internal_count=91080 27345 63735 44154 43939 22722 18706 4623 19581 21531 18478 3053 12028 83 22408 15029 9906 19255 6450 4635 2802 934 63 1815 1009 511 14684 6996 7688 6513
is_linear=0
shrinkage=0.05


Tree=190
num_leaves=31
num_cat=0
split_feature=127 20 121 171 32 59 118 86 79 112 59 5 157 181 181 62 28 90 172 9 28 107 90 67 22 119 119 174 37 112
split_gain=121.675 44.4256 40.5507 22.5109 16.7486 16.2334 13.1428 13.6272 14.2178 13.6819 14.3268 15.7053 13.6119 12.5795 13.1454 12.311 14.0758 14.4577 20.6797 15.7556 15.75 14.5428 13.202 17.892 14.9197 12.3033 12.0818 14.0583 12.0402 11.8505
threshold=5.5000000000000009 5.2950000000000008 0.023384218121060153 6.1085137085137093 3.7500000000000004 0.14967069630399929 2.1650000000000005 3.5000000000000004 7.5000000000000009 -0.031666666666666642 0.19357554034973393 6.5050000000000008 -0.023333333333333296 3.3346666666666667 3.0775919732441479 0.14696945981530413 20.550000000000004 -0.81916666666666715 6.8573214285714306 6.9350000000000014 8.9000000000000004 0.039999999999999557 -1.085 0.18926999233634531 53.500000000000007 6.1550000000000011 2.555000000000001 17.612500000000004 19.300000000000001 0.12999999999999948
decision_type=8 10 2 2 2 2 2 2 2 10 2 10 2 2 2 2 2 8 2 8 2 10 10 2 2 2 2 2 2 8
left_child=1 5 -2 4 -3 25 12 9 -9 13 11 -11 -6 14 -8 -7 17 18 21 -19 -21 -17 24 -24 -23 29 27 -4 -5 -1
right_child=2 3 26 28 6 15 7 8 -10 10 -12 -13 -14 -15 -16 16 -18 19 -20 20 -22 22 23 -25 -26 -27 -28 -29 -30 -31
leaf_value=0.00038041178435817513 -0.028948670784221121 0.016405870969485283 -0.0051504759478354411 0.0024640445125553093 0.10172435230999233 -0.010086781172970119 0.011704814628604612 0.0080856067895718042 -0.0083331614196416898 0.10861401127278121 -0.0073793029572561068 0.0020846951680776422 0.011336976336469049 -0.012222400550083288 0.087220783190354423 -0.011706870914016241 -0.0041000660701983318 -0.0083136855402070244 0.14525844977115498 0.0023255390020094119 0.12250710403859087 -0.002696565488293814 0.043190593304846953 0.22251149250048347 0.11469381999074668 0.082737883087746086 -0.01496796751324778 0.12693425432014646 -0.0083489140274180824 0.046304197485400156
leaf_weight=1592.8077915757895 323.29810453951359 348.22263919562101 699.45386097952724 595.01923775672913 4.1944189220666876 886.17607522755861 354.76339644938707 1946.5421949028969 141.43418619036674 3.4695369675755492 540.16726587712765 1230.8441566005349 599.06154591590166 57.65013737231493 5.8579935356974593 14.069368951022623 796.76383622735739 59.969121471047401 4.1579265221953383 6.0165370404720289 4.9847118183970451 10.155205011367796 3.2902950569987324 2.4098405167460442 3.6902182176709166 4.5927946195006362 495.65683257952332 2.0203189775347701 453.78113080561161 14.172536961734293
leaf_count=13432 6194 2134 7527 4112 22 8933 2403 11643 880 22 3973 8105 3318 411 39 118 7184 488 35 48 39 87 26 20 29 38 6312 19 3384 105
internal_value=-8.5972e-05 0.00197855 -0.0132358 0.00447134 0.0058115 -0.00262212 0.00505613 0.00408245 0.00697344 0.0013296 -0.000587937 0.00238414 0.0119654 0.00946456 0.0129315 -0.0058972 -0.00179705 0.0150772 0.0400672 0.00177666 0.0567803 0.0270558 0.0549582 0.119002 0.0285915 0.00101899 -0.00899237 -0.00477006 -0.00221436 0.00078543
internal_weight=11204.7 9684.26 1520.43 6281.01 5232.21 3403.26 4883.98 4280.73 2087.98 2192.75 1774.48 1234.31 603.256 418.272 360.621 1791.68 905.507 108.743 37.7729 70.9704 11.0012 33.6149 19.5456 5.70014 13.8454 1611.57 1197.13 701.474 1048.8 1606.98
internal_count=91080 71028 20052 40446 32950 30582 30816 27476 12523 14953 12100 8127 3340 2853 2442 17007 8074 890 315 575 87 280 162 46 116 13575 13858 7546 7496 13537
is_linear=0
shrinkage=0.05


Tree=191
num_leaves=31
num_cat=0
split_feature=128 87 0 69 81 29 117 116 68 51 51 59 50 93 170 163 110 15 88 120 69 111 114 110 119 109 88 39 16 92
split_gain=148.006 46.2885 29.5544 26.7276 20.8517 20.0389 17.6443 16.8542 17.3393 16.472 15.9488 19.1142 16.7294 17.2116 14.6717 20.2818 19.726 19.6449 15.2664 14.3458 14.2044 15.1449 14.6346 14.0517 13.8738 24.5515 13.7142 13.5809 13.8656 18.8715
threshold=5.5000000000000009 2.5000000000000004 7.5000000000000009 0.038544073951799207 4.5000000000000009 6.6000000000000005 6.8550000000000013 -0.040000000000000445 0.12124679287150682 0.26695402298850573 0.16015267175572517 0.10172465060957477 0.11451990632318497 0.93301270189221952 25.379513888888894 1.1451470588235297 0.0099999999999992508 6.6750000000000007 -0.07999999999999978 0.22202000463683633 0.25456931519923648 0.010000000000000153 0.0033333333333324506 -0.014999999999999148 4.9350000000000014 0.055000000000000153 1.7450000000000001 8.9000000000000004 6.785000000000001 11.500000000000002
decision_type=8 2 2 2 2 2 2 8 2 2 2 2 2 2 2 2 10 8 8 2 2 8 10 8 2 10 10 2 10 2
left_child=1 4 -3 -2 7 14 20 24 -9 -10 -7 12 13 23 17 -16 -17 18 -4 -20 -6 -22 -23 26 -1 -26 -12 -5 -29 -30
right_child=3 2 5 27 6 10 -8 8 9 -11 11 -13 -14 -15 15 16 -18 -19 19 -21 21 22 -24 -25 25 -27 -28 28 29 -31
leaf_value=0.0026725193125526707 -0.031081788187883826 0.0088744820131025325 0.18680255134163071 -0.015497837510277565 0.011974304927284928 -0.0083022948797415383 -0.013140952210374025 0.00065692096387620375 -0.012797648381207675 0.0053997787771672898 0.12634000786695332 0.00024379963882124398 2.5704472010069248e-05 0.14912732175702645 -0.0096074185725216806 -0.031297948262671453 0.12985288154140404 0.016347926698624306 -0.033285234524723352 0.098920481040606023 0.18448869370441323 0.10916641103639668 -0.046097768391062305 0.015649035909057484 0.13715360898084747 0.011063270741223763 0.023601629513091305 -0.010871652371816079 0.020305400970620818 0.1902290259613692
leaf_weight=291.24375776574016 277.58434011228383 2582.2540070042014 2.724270723760128 669.01829111762345 259.8766585290432 562.54423659294844 76.70387676730752 482.34182185307145 1031.8107086271048 141.39775108918548 7.097802169620989 1002.1659497953951 33.981128003448248 3.7664488330483428 94.224329136312008 2.9593667387962324 5.2995286174118519 193.55463802069426 3.1965447664260846 5.7304235249757767 2.3871628232300255 3.2163013666868219 2.8736620023846626 25.640610877424479 5.3839086368680027 13.644769981503485 5.9889741018414497 57.904166124761105 36.719295315444469 1.7100460790097702
leaf_count=3067 8314 19576 17 13485 3028 6083 1015 5574 14042 1700 50 9785 269 26 949 26 39 1652 24 42 26 34 30 173 42 120 38 1118 703 33
internal_value=-0.000245106 0.00242942 0.0053664 -0.0177909 -0.00332934 0.000718195 0.00800715 -0.00531922 -0.00732347 -0.0106045 -0.0014771 0.00208245 0.0261771 0.0470896 0.0124277 -0.00302211 0.0721085 0.0201436 0.083198 0.0515806 0.0140519 0.0777442 0.0359021 0.0371659 0.00537506 0.0467388 0.0793233 -0.0129704 0.00458186 0.0278667
internal_weight=7884.94 6842.01 4531.13 1042.94 2310.88 1948.87 345.058 1965.82 1655.55 1173.21 1641.19 1078.64 76.475 42.4938 307.689 102.483 8.2589 205.206 11.6512 8.92697 268.354 8.47713 6.08996 38.7274 310.272 19.0287 13.0868 765.352 96.3335 38.4293
internal_count=91080 67427 38749 23653 28678 19173 4133 24545 21316 15742 16424 10341 556 287 2749 1014 65 1735 83 66 3118 90 64 261 3229 162 88 15339 1854 736
is_linear=0
shrinkage=0.05


end of trees

feature_importances:
Max_Outer_WinRate=167
B3_WinRate=151
B1_WinRate_Over_Avg=130
B4_ExTime_vs_Avg=125
WinRate_Spread=118
B5_WinRate=117
B3_ExTime_vs_Avg=112
B2_ExTime_vs_Avg=108
B4_WinRate=106
B2_WinRate=103
B1_Course_2in=102
B2_Course_2in=100
Diff_WinRate_1_2=95
B6_ExTime_vs_Avg=95
B6_WinRate=94
B1_Course_Win=90
B5_ExTime_vs_Avg=88
B6_WinRate_Rank=87
B2_Career2inRate=85
B4_Course_2in=84
B2_Career3inRate=71
WaterTemp=66
B1_ExTime_vs_Min=65
B3_Course_Win=64
Avg_WinRate=63
B5_WinRate_Rank=63
B3_Course_2in=61
B4_WinRate_Rank=58
B5_Career2inRate=56
B3_ExTime_vs_Min=55
B2_CourseWin_x_VenueWR=54
B4_Career2inRate=51
B2_Course_Win=50
B2_ExTime_vs_Min=49
B3_ExTime=47
B3_Career3inRate=46
B1_WinRate_Rank=46
B2_WinRate_Rank=46
B1_CourseWin_x_VLPBayes=44
B2_CourseWin_x_VLPBayes=44
B4_RankScore=43
ExTimeMin_vs_VenueAvg=43
B1_ExTime_vs_Avg=41
B3_WinRate_Rank=40
B3_Career2inRate=39
Race_Min_WinRate=39
B4_CourseWin_x_VenueWR=39
B1_CourseWin_x_VenueWR=38
B4_ExTime=36
B5_ExTime=36
Race_Max_Career2inRate=35
B1_RankScore_Over_Avg=34
B1_WinRate=33
B5_Course_Win=33
B6_VenueWinRate=33
B1_ExTime_vs_AvgOuter=33
B5_Course_2in=32
B3_VenueWinRate=32
B4_VenueWinRate=32
B6_Career3inRate=32
B6_ExTime=31
B4_VenueLanePWR_Bayes=31
B2_Motor=30
Month=30
B5_Motor=29
B1_Career3inRate=29
Max_WinRate=29
B2_ExTime=28
B1_Motor=28
B4_VenueRaceCount=28
B6_Career2inRate=28
B5_Career3inRate=28
Race_Median_Career2inRate=28
B3_CourseWin_x_VLPBayes=28
B3_VenueLanePWR_Bayes=27
B5_CourseWin_x_VenueWR=27
B1_VenueRaceCount=26
B2_VenueRaceCount=26
B5_VenueRaceCount=26
B4_Tilt=25
B4_Motor=25
B2_Course_3in=25
B1_Career2inRate=25
B4_Career3inRate=25
B1_ExTime=24
B3_CourseWin_x_VenueWR=24
Venue_AvgPayout=24
B4_Course_Win=23
B2_VenueLanePWR_Bayes=23
B1_Course_3in=22
B5_Course_3in=22
B3_VenueRaceCount=22
B4_ExTime_vs_Min=22
B5_VenueLanePWR_Bayes=22
B4_Course_3in=21
Avg_RankScore=21
B6_Motor=20
B6_Course_Win=20
B5_RankScore=20
Month_Cos=20
B6_RankScore=19
B5_ExTime_Rank=19
Race_Min_Career2inRate=19
B1_VenueLanePWR_x_WR=19
B4_CourseWin_x_VLPBayes=18
B1_VenueWinRate=17
B5_VenueWinRate=17
B6_VenueRaceCount=17
B6_VenueLanePRaceCount=17
B2_RankScore=17
B3_Motor=16
B3_Course_3in=16
B4_VenueLanePRaceCount=16
VenueID=16
B3_Course_2in_Rank=16
B6_CourseWin_x_VenueWR=16
Month_Sin=15
ExTime_Max=15
B3_ExTime_Rank=15
B4_Course_2in_Rank=15
B1_VenueLanePWR_x_ExAdv=15
B1_VenueLanePWR_Bayes=15
B6_CourseWin_x_VLPBayes=15
B2_VenueWinRate=14
ExTime_Spread=14
B4_ExTime_Rank=14
B2_Tilt=13
B6_Course_2in=13
B3_RankScore=13
B2_Course_2in_Rank=13
B6_VenueLanePWR_x_WR=13
B2_VenueLanePRaceCount=12
B5_ExTime_vs_Min=12
B6_VenueLanePWR_Bayes=12
B6_ExTime_vs_Min=11
B4_VenueLanePWR_x_WR=11
B5_CourseWin_x_VLPBayes=11
B1_Tilt=10
B3_VenueLanePWR_x_WR=10
R=9
B3_Tilt=9
B5_VenueLanePRaceCount=9
B2_ExTime_Rank=9
B5_Course_2in_Rank=9
WindSpeed=8
Wave=8
B1_VenueLanePRaceCount=8
B5_VenueLanePWR_x_WR=8
B5_Tilt=7
B3_VenueLanePRaceCount=7
ExTime_Min=7
B6_VenueLanePWR_Rank=7
B6_VenueLanePWR_x_ExAdv=7
B6_Course_3in=6
B1_VenueLanePWinRate=6
Race_N_StrongFavorites=6
B2_VenueLanePWinRate=5
Race_N_WeakBoats=5
B1_Course_2in_Rank=5
B1_VenueLanePWR_Rank=4
B3_VenueLanePWR_Rank=4
B2_VenueLanePWR_x_ExAdv=4
B6_Tilt=3
B5_VenueLanePWinRate=3
B1_RankScore=3
B1_RankScore_vs_AvgOuter=3
B4_VenueLanePWR_x_ExAdv=3
B5_VenueLanePWR_x_ExAdv=3
B2_VenueLanePWR_x_WR=3
B3_VenueLanePWinRate=2
B6_ExTime_Rank=2
Race_N_BottomTier=2
B6_Course_2in_Rank=2
B3_VenueLanePWR_x_ExAdv=2
B4_VenueLanePWinRate=1
B6_VenueLanePWinRate=1
B2_VenueLanePWR_Rank=1
B4_VenueLanePWR_Rank=1
B5_VenueLanePWR_Rank=1

parameters:
[boosting: gbdt]
[objective: multiclass]
[metric: multi_error]
[tree_learner: serial]
[device_type: cpu]
[data_sample_strategy: bagging]
[data: ]
[valid: ]
[num_iterations: 200]
[learning_rate: 0.05]
[num_leaves: 31]
[num_threads: 0]
[seed: 42]
[deterministic: 0]
[force_col_wise: 0]
[force_row_wise: 0]
[histogram_pool_size: -1]
[max_depth: -1]
[min_data_in_leaf: 20]
[min_sum_hessian_in_leaf: 0.001]
[bagging_fraction: 1]
[pos_bagging_fraction: 1]
[neg_bagging_fraction: 1]
[bagging_freq: 0]
[bagging_seed: 400]
[bagging_by_query: 0]
[feature_fraction: 1]
[feature_fraction_bynode: 1]
[feature_fraction_seed: 30056]
[extra_trees: 0]
[extra_seed: 12879]
[early_stopping_round: 0]
[early_stopping_min_delta: 0]
[first_metric_only: 0]
[max_delta_step: 0]
[lambda_l1: 0]
[lambda_l2: 0]
[linear_lambda: 0]
[min_gain_to_split: 0]
[drop_rate: 0.1]
[max_drop: 50]
[skip_drop: 0.5]
[xgboost_dart_mode: 0]
[uniform_drop: 0]
[drop_seed: 17869]
[top_rate: 0.2]
[other_rate: 0.1]
[min_data_per_group: 100]
[max_cat_threshold: 32]
[cat_l2: 10]
[cat_smooth: 10]
[max_cat_to_onehot: 4]
[top_k: 20]
[monotone_constraints: ]
[monotone_constraints_method: basic]
[monotone_penalty: 0]
[feature_contri: ]
[forcedsplits_filename: ]
[refit_decay_rate: 0.9]
[cegb_tradeoff: 1]
[cegb_penalty_split: 0]
[cegb_penalty_feature_lazy: ]
[cegb_penalty_feature_coupled: ]
[path_smooth: 0]
[interaction_constraints: ]
[verbosity: -1]
[saved_feature_importance_type: 0]
[use_quantized_grad: 0]
[num_grad_quant_bins: 4]
[quant_train_renew_leaf: 0]
[stochastic_rounding: 1]
[linear_tree: 0]
[max_bin: 255]
[max_bin_by_feature: ]
[min_data_in_bin: 3]
[bin_construct_sample_cnt: 200000]
[data_random_seed: 175]
[is_enable_sparse: 1]
[enable_bundle: 1]
[use_missing: 1]
[zero_as_missing: 0]
[feature_pre_filter: 1]
[pre_partition: 0]
[two_round: 0]
[header: 0]
[label_column: ]
[weight_column: ]
[group_column: ]
[ignore_column: ]
[categorical_feature: ]
[forcedbins_filename: ]
[precise_float_parser: 0]
[parser_config_file: ]
[objective_seed: 16083]
[num_class: 6]
[is_unbalance: 0]
[scale_pos_weight: 1]
[sigmoid: 1]
[boost_from_average: 1]
[reg_sqrt: 0]
[alpha: 0.9]
[fair_c: 1]
[poisson_max_delta_step: 0.7]
[tweedie_variance_power: 1.5]
[lambdarank_truncation_level: 30]
[lambdarank_norm: 1]
[label_gain: ]
[lambdarank_position_bias_regularization: 0]
[eval_at: ]
[multi_error_top_k: 1]
[auc_mu_weights: ]
[num_machines: 1]
[local_listen_port: 12400]
[time_out: 120]
[machine_list_filename: ]
[machines: ]
[gpu_platform_id: -1]
[gpu_device_id: -1]
[gpu_use_dp: 0]
[num_gpu: 1]

end of parameters

pandas_categorical:[]
