tree
version=v4
num_class=6
num_tree_per_iteration=6
label_index=0
max_feature_idx=66
objective=multiclass num_class:6
feature_names=R WindSpeed Wave WaterTemp B1_Tilt B1_ExTime B2_Tilt B2_ExTime B3_Tilt B3_ExTime B4_Tilt B4_ExTime B5_Tilt B5_ExTime B6_Tilt B6_ExTime B1_WinRate B2_WinRate B3_WinRate B4_WinRate B5_WinRate B6_WinRate B1_Motor B2_Motor B3_Motor B4_Motor B5_Motor B6_Motor B1_Course_Win B2_Course_Win B3_Course_Win B4_Course_Win B5_Course_Win B6_Course_Win B1_Course_2in B2_Course_2in B3_Course_2in B4_Course_2in B5_Course_2in B6_Course_2in B1_Course_3in B2_Course_3in B3_Course_3in B4_Course_3in B5_Course_3in B6_Course_3in B1_RankScore B2_RankScore B3_RankScore B4_RankScore B5_RankScore B6_RankScore Diff_WinRate_1_2 Avg_WinRate B1_WinRate_Over_Avg B1_MotorWinRate B1_Motor2inRate B2_MotorWinRate B2_Motor2inRate B3_MotorWinRate B3_Motor2inRate B4_MotorWinRate B4_Motor2inRate B5_MotorWinRate B5_Motor2inRate B6_MotorWinRate B6_Motor2inRate
feature_infos=[1:12] [0:14] [0:35] [1:34] [-0.5:3] [6.3899999999999997:8.2699999999999996] [-0.5:3] [6.3799999999999999:8.1099999999999994] [-0.5:3] [6.3600000000000003:7.9299999999999997] [-0.5:3] [6.3600000000000003:8.1999999999999993] [-0.5:3] [0:8.0999999999999996] [-0.5:3] [6.3300000000000001:8.1300000000000008] [1.0700000000000001:9.7599999999999998] [1.0700000000000001:9.7599999999999998] [1.0700000000000001:9.7599999999999998] [1:9.1600000000000001] [1:9.7599999999999998] [1:9.7599999999999998] [1:90] [1:90] [1:90] [1:90] [1:90] [1:90] [0:100] [0:100] [0:66.700000000000003] [0:100] [0:50] [0:53.799999999999997] [0:100] [0:57.100000000000001] [0:100] [0:58.799999999999997] [0:75] [0:57.100000000000001] [0:100] [0:66.700000000000003] [0:100] [0:100] [0:58.299999999999997] [0:43.799999999999997] [1:4] [1:4] [1:4] [1:4] [1:4] [1:4] [-6:6.9499999999999993] [2.4900000000000002:7.9883333333333342] [-4.2199999999999998:4.6483333333333325] none none none none none none none none none none none none
tree_sizes=3339 3356 3372 3383 3358 3372 3430 3497 3508 3500 3503 3485 3433 3477 3487 3496 3478 3481 3450 3502 3495 3514 3491 3487 3431 3486 3494 3474 3482 3481 3444 3497 3507 3485 3454 3480 3446 3503 3501 3486 3473 3482 3449 3505 3497 3511 3473 3489 3409 3487 3499 3487 3495 3479 3433 3462 3488 3481 3481 3493 3449 3494 3499 3498 3493 3464 3442 3477 3477 3501 3487 3476 3412 3504 3474 3492 3483 3473 3459 3449 3487 3499 3459 3495 3446 3470 3499 3476 3487 3494 3439 3507 3504 3486 3482 3493 3463 3504 3495 3502 3504 3487 3424 3457 3484 3491 3488 3463 3456 3462 3494 3499 3498 3468 3447 3489 3475 3480 3477 3465 3451 3499 3466 3470 3491 3494 3442 3447 3463 3475 3474 3478 3419 3449 3461 3494 3499 3495 3434 3482 3494 3457 3491 3499 3425 3482 3514 3459 3488 3490 3447 3440 3445 3470 3485 3472 3433 3465 3473 3466 3495 3472 3433 3448 3469 3459 3470 3490 3437 3449 3491 3500 3476 3491 3429 3454 3476 3448 3469 3481 3453 3465 3471 3433 3471 3482

Tree=0
num_leaves=31
num_cat=0
split_feature=16 40 28 28 40 28 3 13 8 40 40 20 27 49 42 15 9 12 23 0 20 5 53 21 29 22 21 20 46 6
split_gain=554.554 158.441 68.7582 45.43 45.3796 45.3761 33.2991 29.411 28.2966 25.2566 22.3945 21.5514 18.7814 20.0887 16.8581 16.249 15.5449 19.8906 22.5915 21.2274 27.4755 24.2791 20.3276 19.6062 19.2934 18.1044 16.7132 15.3716 15.1679 14.9522
threshold=5.5450000000000008 13.450000000000001 68.90000000000002 52.300000000000004 19.600000000000005 29.700000000000003 17.950000000000003 6.6550000000000011 2.2500000000000004 8.9500000000000011 23.300000000000004 3.8050000000000002 26.500000000000004 2.5000000000000004 20.950000000000006 7.1150000000000011 6.9650000000000007 -1.0000000180025095e-35 22.500000000000004 6.5000000000000009 6.3350000000000009 6.8750000000000009 4.7325000000000008 2.0850000000000004 12.750000000000002 49.500000000000007 4.3250000000000011 6.7750000000000012 3.5000000000000004 -1.0000000180025095e-35
decision_type=8 2 2 2 2 2 8 10 10 2 2 8 2 2 2 8 8 10 2 2 10 8 2 10 2 2 10 10 2 10
left_child=1 5 8 4 -3 -1 29 11 9 -2 15 -8 -13 -14 16 -9 17 18 -12 20 21 -19 -21 25 -23 -20 -22 28 -11 -6
right_child=2 3 -4 -5 6 -7 7 10 -10 27 14 12 13 -15 -16 -17 -18 19 23 22 26 24 -24 -25 -26 -27 -28 -29 -30 -31
leaf_value=-2.3884266721938041 -2.4138124042004296 -2.3818109026060101 -2.4221995454726368 -2.397051134304812 -2.3668684137064524 -2.4025759304140673 -2.163716979649065 -2.3709733153406991 -2.27063629155669 -2.4019070977035195 -2.2922210761350881 -2.4158810032681055 -2.3581268370719575 -2.1691735514291786 -2.3683115474951877 -2.2719093773170784 -2.3750447241395158 -2.3712226093442292 -2.3505429566623621 -2.3536056775970065 -2.1244733154064908 -2.1812992664960968 -2.2063731364344723 -2.3778279789181127 -2.3400421991721534 -2.1591958201741144 -2.2938259023170993 -2.3876704656800043 -2.4135933069957938 -2.3901227348946876
leaf_weight=929.75517022609711 1738.7488097399473 707.98051938414574 1724.8261802792549 232.04382434487343 178.13066345453262 1450.8169834464788 3.1597456932067844 164.99797041714191 3.6534559577703467 731.08615976572037 14.712565883994101 3.061003640294075 2.7647774815559387 2.8635195344686508 46.112538710236549 4.2459082752466193 18.36602184176445 20.044636741280559 3.0610036402940741 3.1597456932067862 2.4685513228178015 3.5547139048576346 9.0842688679695112 35.349654942750931 4.1471662223339081 2.073583111166954 3.5547139048576355 121.55146713554859 447.69646790623665 112.96090853214264
leaf_count=9416 17609 7170 17468 2350 1804 14693 32 1671 37 7404 149 31 28 29 467 43 186 203 31 32 25 36 92 358 42 21 36 1231 4534 1144
internal_value=-2.40274 -2.38891 -2.41422 -2.37662 -2.3731 -2.39705 -2.36342 -2.35296 -2.4097 -2.40987 -2.3557 -2.27554 -2.3162 -2.26199 -2.34263 -2.36849 -2.33272 -2.32505 -2.34528 -2.30077 -2.32122 -2.34223 -2.24437 -2.36457 -2.26678 -2.27327 -2.22442 -2.4046 -2.40635 -2.37589
internal_weight=8726.03 3958.47 4767.56 1577.9 1345.85 2380.57 637.874 346.782 3042.74 3039.08 334.933 11.849 8.6893 5.6283 165.689 169.244 119.577 101.211 55.1968 46.0138 33.7698 27.7465 12.244 40.4842 7.70188 5.13459 6.02327 1300.33 1178.78 291.092
internal_count=88372 40089 48283 15980 13630 24109 6460 3512 30815 30778 3392 120 88 57 1678 1714 1211 1025 559 466 342 281 124 410 78 52 61 13169 11938 2948
is_linear=0
shrinkage=1


Tree=1
num_leaves=31
num_cat=0
split_feature=41 54 17 54 52 6 53 17 41 21 3 20 37 52 43 35 19 3 23 29 28 34 27 16 20 30 22 42 19 44
split_gain=136.383 55.897 40.6862 37.3503 33.2841 18.2713 16.9327 21.6492 16.8793 19.0099 15.9974 15.7712 15.7263 15.335 14.9197 14.485 19.6988 15.4039 14.4026 13.7676 14.879 13.5676 13.3931 13.2491 19.4518 13 12.6981 17.5642 16.5186 14.8189
threshold=18.900000000000002 0.36333333333333379 2.5350000000000006 0.63000000000000023 1.2100000000000004 1.2500000000000002 4.8955000000000011 4.995000000000001 26.200000000000006 5.3650000000000011 24.050000000000004 4.1550000000000011 23.000000000000004 2.2450000000000006 6.0500000000000016 4.4000000000000012 7.7950000000000008 19.850000000000005 33.500000000000007 43.20000000000001 65.550000000000011 30.200000000000003 47.500000000000007 7.3550000000000013 5.5050000000000008 31.700000000000006 19.500000000000004 29.300000000000001 5.3350000000000009 6.9000000000000012
decision_type=2 10 8 10 8 8 2 10 2 8 8 8 2 10 2 2 10 8 2 2 2 2 2 10 8 2 2 2 10 2
left_child=2 19 -1 4 15 8 -5 -8 9 11 18 12 21 -11 -14 16 -4 -17 -10 20 -2 -3 -20 -24 -25 -16 27 28 29 -12
right_child=1 5 3 6 -6 -7 7 -9 10 13 26 -13 14 -15 25 17 -18 -19 22 -21 -22 -23 23 24 -26 -27 -28 -29 -30 -31
leaf_value=-1.7154009556066223 -1.6824482651533224 -1.6622257486031504 -1.6829091509116976 -1.6780090667652972 -1.7011123952914673 -1.7301484237755185 -1.6908796569315654 -1.6808077438948004 -1.6786429666799105 -1.6791719841756279 -1.630355573466828 -1.6745520836226579 -1.7010899692795014 -1.7047240035286719 -1.6335311647794597 -1.6858279529157063 -1.5920241181749935 -1.6918095358534084 -1.6722688767564728 -1.7016543820000871 -1.6731267930546907 -1.7048854734450594 -1.6597185402446071 -1.524605926497715 -1.6484169381167251 -1.5371931984940386 -1.6637699730679634 -1.7142017109423384 -1.6087117893822405 -1.6908464211054099
leaf_weight=119.12260389328003 2634.1348964571953 187.0370152592659 1175.4277667701244 1517.1788956224918 477.76154091954231 13.437610805034636 893.23793986439705 1324.875789642334 382.06396126747131 591.43646475672722 24.151381582021713 715.64357003569603 7.6267520785331717 65.190571337938309 42.855083107948303 2243.8994151055813 5.9924480617046347 2068.4841172993183 336.84821680188179 82.259968847036362 511.17397859692574 20.701184213161469 202.29051941633224 4.5397333800792667 10.532181441783905 3.8133760392665854 326.67921403050423 7.6267520785331717 33.957205682992935 17.432576179504395
leaf_count=656 14506 1030 6473 8355 2631 74 4919 7296 2104 3257 133 3941 42 359 236 12357 33 11391 1855 453 2815 114 1114 25 58 21 1799 42 187 96
internal_value=-1.68269 -1.6769 -1.68636 -1.686 -1.68845 -1.67198 -1.68208 -1.68486 -1.67171 -1.67513 -1.66757 -1.67071 -1.66021 -1.68171 -1.63625 -1.68735 -1.68245 -1.6887 -1.67117 -1.68146 -1.68093 -1.66648 -1.66603 -1.65635 -1.61112 -1.62566 -1.65933 -1.64189 -1.63459 -1.65571
internal_weight=16047.4 6221.43 9825.98 9706.86 5971.57 2993.86 3735.29 2218.11 2980.43 1634.3 1346.12 977.677 262.033 656.627 54.2952 5493.8 1181.42 4312.38 936.275 3227.57 3145.31 207.738 554.211 217.362 15.0719 46.6685 409.847 83.1679 75.5412 41.584
internal_count=88372 34261 54111 53455 32885 16487 20570 12215 16413 9000 7413 5384 1443 3616 299 30254 6506 23748 5156 17774 17321 1144 3052 1197 83 257 2257 458 416 229
is_linear=0
shrinkage=1


Tree=2
num_leaves=31
num_cat=0
split_feature=18 54 52 17 19 18 53 42 54 54 42 42 18 31 8 53 21 34 21 26 32 18 22 20 9 3 11 17 38 3
split_gain=115.77 84.6652 46.3978 38.6555 32.0591 31.6673 30.858 26.9392 23.4265 22.7734 22.2409 22.0828 16.9938 16.7848 16.3317 15.4476 15.4269 13.2177 12.9729 12.6757 13.5458 12.5419 13.7524 12.463 13.3082 12.6039 12.3282 12.651 12.3063 12.2048
threshold=4.1950000000000012 0.83500000000000052 0.95000000000000073 5.745000000000001 5.705000000000001 3.3950000000000005 5.0008333333333352 25.450000000000003 -0.45333333333333287 2.2783333333333342 24.250000000000004 22.400000000000002 4.995000000000001 11.650000000000002 0.75000000000000011 3.8433333333333337 4.745000000000001 6.6000000000000005 1.0550000000000004 80.500000000000014 18.900000000000002 4.955000000000001 57.500000000000007 5.455000000000001 6.6150000000000011 7.0500000000000007 6.6750000000000007 7.2750000000000012 6.0500000000000016 21.350000000000005
decision_type=10 8 8 8 10 10 2 2 10 8 2 2 10 2 8 2 8 2 10 2 2 10 2 10 8 10 8 8 2 10
left_child=5 3 11 10 8 15 9 14 -5 23 19 13 -6 -3 18 -1 -12 -13 -4 -2 -21 22 -10 25 -25 -7 -24 -28 -26 -18
right_child=1 2 7 4 12 6 -8 -9 21 -11 16 17 -14 -15 -16 -17 29 -19 -20 20 -22 -23 26 24 28 -27 27 -29 -30 -31
leaf_value=-1.6206949112354223 -1.626447488170923 -1.6015093532507612 -1.5835315726167543 -1.6210016009114931 -1.6320208516587997 -1.6024743209499994 -1.6357231338438765 -1.6063706680232777 -1.6227423070196172 -1.5931214455240754 -1.6120667338065946 -1.6129337165741509 -1.6203149562289108 -1.6159102495011863 -1.6616797870895752 -1.6435056700761836 -1.6278826835320979 -1.5870156157461204 -1.6188892382331639 -1.6094188206503361 -1.5228866451558156 -1.6068496757071935 -1.5197592161611932 -1.5473621764180778 -1.6158591566575813 -1.6234880592764811 -1.6088467243601927 -1.5153808155687218 -1.6410591890179542 -1.6159472041770484
leaf_weight=86.028371393680573 4197.1186857819557 416.81887909770012 26.26529923081398 704.78552936017513 359.91073076426983 77.273271650075912 745.70610424876213 535.77403865754604 289.48927630484104 60.71471343934536 516.93154138326645 62.427667737007141 2237.6892975121737 393.21817544102669 22.078077614307404 540.72257329523563 517.50252614915371 232.01014320552349 2110.3596947193146 29.881536081433296 5.3291911482810965 994.65546217560768 4.5678781270980826 4.3775498718023291 62.998652502894402 932.03746618330479 74.037691310048103 3.8065651059150687 209.74173733592033 365.43025016784668
leaf_count=452 22052 2190 138 3703 1891 406 3918 2815 1521 319 2716 328 11757 2066 116 2841 2719 1219 11088 157 28 5226 24 23 331 4897 389 20 1102 1920
internal_value=-1.62107 -1.61925 -1.61287 -1.6216 -1.61824 -1.63052 -1.62756 -1.61641 -1.6136 -1.62305 -1.62439 -1.60424 -1.62194 -1.6085 -1.6189 -1.64037 -1.61893 -1.59251 -1.61845 -1.6262 -1.59632 -1.60978 -1.61761 -1.62446 -1.63385 -1.62188 -1.59959 -1.60428 -1.63524 -1.62294
internal_weight=16819.7 14100.1 3798.95 10301.1 4668.94 2719.6 2092.85 2694.48 2071.34 1347.14 5632.19 1104.47 2597.6 810.037 2158.7 626.751 1399.86 294.438 2136.62 4232.33 35.2107 1366.56 371.901 1286.43 277.118 1009.31 82.4121 77.8443 272.74 882.933
internal_count=88372 74083 19960 54123 24531 14289 10996 14157 10883 7078 29592 5803 13648 4256 11342 3293 7355 1547 11226 22237 185 7180 1954 6759 1456 5303 433 409 1433 4639
is_linear=0
shrinkage=1


Tree=3
num_leaves=31
num_cat=0
split_feature=19 19 19 43 53 54 3 21 20 20 21 21 52 54 43 10 39 28 11 20 43 54 35 49 42 20 44 28 5 37
split_gain=423.555 123.98 107.618 77.2792 67.7736 45.9892 34.6965 33.1946 27.5847 25.3733 22.1689 21.2564 26.0423 19.551 18.5516 17.0067 16.9069 15.6666 15.2016 15.1561 15.0669 17.8014 14.8263 14.2527 12.9834 14.0265 12.709 13.666 12.5795 12.3752
threshold=4.1250000000000009 5.035000000000001 2.4150000000000005 27.100000000000005 4.7491666666666683 0.93000000000000116 16.850000000000005 4.6450000000000005 5.0550000000000006 6.5150000000000006 5.7350000000000012 4.7650000000000006 3.4150000000000014 -0.018333333333333247 20.750000000000004 1.0000000180025095e-35 14.650000000000002 57.800000000000004 6.6650000000000009 5.4850000000000012 36.550000000000004 1.7258333333333333 45.250000000000007 2.5000000000000004 23.900000000000002 4.7150000000000007 31.400000000000002 83.850000000000009 7.0750000000000011 31.700000000000006
decision_type=10 10 10 2 2 8 8 8 10 8 10 10 8 10 2 8 2 2 8 8 2 8 2 2 2 10 2 2 10 2
left_child=2 4 -1 5 13 10 16 19 11 20 15 12 17 -2 -9 26 -5 -6 -10 -4 -8 22 -22 24 25 -12 27 -3 -25 -20
right_child=1 3 7 6 8 -7 9 14 18 -11 23 -13 -14 -15 -16 -17 -18 -19 29 -21 21 -23 -24 28 -26 -27 -28 -29 -30 -31
leaf_value=-1.6690426320166707 -1.6355592449482639 -1.6252841490060497 -1.6335397531472393 -1.6202571665156043 -1.6349326476038133 -1.6196845000718549 -1.6094634186827141 -1.6515122330170542 -1.6227565327319209 -1.6250586392770656 -1.6226751514555302 -1.6374609692914148 -1.4945489918850352 -1.6218290353074232 -1.6308523891688558 -1.6409878741132937 -1.6388325825059082 -1.6113371642862442 -1.6454682868542752 -1.6465757519278321 -1.5988128176020404 -1.5197748149341892 -1.5031487042881559 -1.6303965144288406 -1.6542226748801385 -1.6426247632802013 -1.6390049215272546 -1.5950108321782912 -1.6601677463543503 -1.6232663057384498
leaf_weight=554.42054226994514 363.19547951221466 2959.3635822832584 689.2030642926693 622.18934535980225 146.48632645606995 1574.3504673242569 658.99969801306725 1237.9604753851891 83.625570386648178 220.67334488034248 135.91514825820923 901.00417032837868 3.9641918241977683 906.10098838806152 119.11452576518059 191.79137587547302 152.52699971199036 135.34883514046669 1606.8190860748291 329.59423452615738 163.66449102759361 7.9283836483955374 4.1529628634452811 2231.6512259840965 123.6450307071209 250.49916908144951 168.76130908727646 37.754207849502563 36.055268496274948 65.314779579639435
leaf_count=2937 1924 15677 3651 3296 776 8340 3491 6558 443 1169 720 4773 21 4800 631 1016 808 717 8512 1746 867 42 22 11822 655 1327 894 200 191 346
internal_value=-1.63195 -1.62827 -1.64921 -1.62512 -1.63541 -1.62731 -1.61588 -1.64458 -1.63958 -1.60998 -1.62926 -1.63369 -1.62181 -1.62576 -1.6497 -1.62653 -1.62391 -1.6236 -1.64356 -1.63776 -1.60599 -1.59299 -1.59645 -1.63257 -1.64012 -1.63561 -1.62565 -1.6249 -1.63087 -1.6446
internal_weight=16682.1 13751.8 2930.29 9539.92 4211.86 7709.79 1830.14 2375.87 2942.56 1055.42 6135.44 1186.8 285.799 1269.3 1357.08 3357.67 774.716 281.835 1755.76 1018.8 834.746 175.746 167.817 2777.77 510.059 386.414 3165.88 2997.12 2267.71 1672.13
internal_count=88372 72849 15523 50537 22312 40842 9695 12586 15588 5591 32502 6287 1514 6724 7189 17787 4104 1493 9301 5397 4422 931 889 14715 2702 2047 16771 15877 12013 8858
is_linear=0
shrinkage=1


Tree=4
num_leaves=31
num_cat=0
split_feature=20 20 21 20 53 20 53 44 53 20 53 44 30 19 53 19 20 44 38 44 36 17 43 53 15 41 19 13 25 19
split_gain=811.786 224.031 181.305 115.837 76.1926 62.8256 54.884 45.9305 34.182 28.9511 27.2052 24.413 24.6588 22.8389 22.5724 20.4614 18.788 18.6154 18.2746 17.1759 16.91 15.7477 15.262 15.0147 14.9936 14.953 15.2607 14.4613 13.7224 13.6388
threshold=4.3150000000000004 2.8050000000000002 4.8050000000000006 5.1550000000000011 4.6158333333333355 5.6650000000000009 4.5508333333333342 17.500000000000004 4.5955000000000004 1.7850000000000004 5.3191666666666686 36.600000000000001 26.800000000000001 5.3850000000000007 5.1073333333333339 4.6650000000000009 4.8550000000000013 16.400000000000002 36.20000000000001 26.200000000000006 10.9 5.7550000000000008 15.900000000000002 4.054166666666668 6.5450000000000008 18.900000000000002 5.3350000000000009 6.8750000000000009 73.500000000000014 4.6250000000000009
decision_type=10 10 10 10 2 10 2 2 2 10 2 2 2 8 2 10 10 2 2 2 2 10 2 2 10 2 10 8 2 10
left_child=1 9 5 8 17 6 19 14 -4 -1 16 12 18 20 -5 -10 -8 -3 24 -2 28 -6 -20 -19 -7 26 -22 -17 -9 -14
right_child=2 4 3 7 21 11 10 13 15 -11 -12 -13 29 -15 -16 27 -18 23 22 -21 25 -23 -24 -25 -26 -27 -28 -29 -30 -31
leaf_value=-1.7795790959680731 -1.7156492606239744 -1.7369177446308683 -1.7139146474956801 -1.7218816786347195 -1.7495112587568684 -1.6280154900246011 -1.7341277656448824 -1.7310999262944209 -1.7373688970572772 -1.7643221745828588 -1.7421643348227582 -1.6893102136748077 -1.7138578467649621 -1.7279686920374693 -1.7351648742671928 -1.7447569451008822 -1.7223945442267781 -1.6628373884837271 -1.7055356579705787 -1.6783438678277325 -1.707510447882159 -1.7591957561144642 -1.6585955656707321 -1.7215125245880774 -1.7143026074220722 -1.7228229013932859 -1.6492832832636763 -1.7554288145335377 -1.6579621908482625 -1.7388936327403783
leaf_weight=687.53425475955009 643.62684670090675 788.06828035414219 91.125295296311378 362.23611648380756 1236.7253269851208 5.0528366416692725 587.000229164958 204.55276611447334 581.94739252328873 567.6600613296032 394.99243678152561 96.875074923038483 84.15586544573307 1254.8458445966244 2731.6680299341679 895.74597154557705 814.72634953260422 13.764623954892157 48.263301715254784 32.407848805189133 312.05622155964375 635.43776662647724 27.006540670990944 52.444959625601768 1384.6514755636454 199.15145798027515 11.673794999718664 491.69327595829964 6.6209583580493918 153.85016395151615
leaf_count=3946 3694 4523 523 2079 7098 29 3369 1174 3340 3258 2267 556 483 7202 15678 5141 4676 79 277 186 1791 3647 155 301 7947 1143 67 2822 38 883
internal_value=-1.73576 -1.7552 -1.72898 -1.73385 -1.74715 -1.72083 -1.726 -1.7298 -1.74385 -1.77268 -1.73057 -1.71373 -1.71511 -1.72387 -1.73361 -1.74524 -1.72731 -1.73478 -1.71269 -1.71386 -1.71687 -1.7528 -1.68869 -1.70931 -1.71399 -1.71204 -1.70541 -1.74854 -1.72881 -1.73004
internal_weight=15397.6 3981.64 11415.9 7143.32 2726.44 4272.61 2472.75 5082.81 2060.51 1255.19 1796.72 1799.86 1702.98 1988.9 3093.9 1969.39 1401.73 854.278 1464.97 676.035 734.055 1872.16 75.2698 66.2096 1389.7 522.881 323.73 1387.44 211.174 238.006
internal_count=88372 22852 65520 40998 15648 24522 14192 29172 11826 7204 10312 10330 9774 11415 17757 11303 8045 4903 8408 3880 4213 10745 432 380 7976 3001 1858 7963 1212 1366
is_linear=0
shrinkage=1


Tree=5
num_leaves=31
num_cat=0
split_feature=21 21 53 21 21 53 53 53 21 21 51 53 21 41 53 46 45 33 21 8 15 53 40 21 11 0 28 17 13 21
split_gain=1522.51 381.884 250.109 156.218 143.821 112.996 99.4291 54.0499 42.0456 38.1519 32.7009 29.6217 35.3506 25.9684 24.8299 24.7949 23.3017 22.036 19.926 19.7149 18.3456 19.2625 18.1555 18.1098 17.9804 17.9473 17.9447 17.8134 17.7658 17.3227
threshold=4.8450000000000006 2.7650000000000001 5.467500000000002 5.6050000000000013 6.0950000000000006 6.0408333333333335 4.701833333333334 5.0275000000000007 4.0250000000000012 6.5650000000000004 3.5000000000000004 5.3650000000000011 4.0250000000000012 12.600000000000001 4.9573333333333354 2.5000000000000004 26.500000000000004 21.250000000000004 7.1950000000000012 1.0000000180025095e-35 6.9750000000000005 4.1925000000000017 8.2000000000000011 5.0850000000000009 6.5150000000000006 7.5000000000000009 69.40000000000002 5.5050000000000008 7.2150000000000007 2.0150000000000001
decision_type=10 10 2 10 10 2 2 2 10 10 2 2 10 2 2 2 2 2 10 8 8 2 2 10 10 2 2 10 8 10
left_child=1 29 3 7 27 9 8 -2 -3 -6 14 12 -8 26 -5 -12 -7 20 19 -18 21 -10 -19 -9 -14 -15 -11 28 -4 -1
right_child=2 6 4 10 5 16 11 23 17 13 15 -13 24 25 -16 -17 18 22 -20 -21 -22 -23 -24 -25 -26 -27 -28 -29 -30 -31
leaf_value=-1.9128801686231007 -1.8494418030092008 -1.8794218358619326 -1.8684044202753358 -1.8347746703048091 -1.8524046599483091 -1.8676615158880576 -1.8923462125158881 -1.8772802927838073 -1.8404363934709111 -1.8229080024326922 -1.8392190782917659 -1.8942260861725189 -1.7805840077849677 -1.82891763042236 -1.8501966053123529 -1.8246968497541232 -1.8685642480690816 -1.868600651677276 -1.8227407191639069 -1.7644346626039875 -1.8849160021293043 -1.8633388649819884 -1.7565725580261571 -1.8622895303333065 -1.8786152027619545 -1.8546659518717767 -1.7778591553818435 -1.8783824267287823 -1.7592806162696319 -1.9014791170318022
leaf_weight=1222.4970888197422 815.20668536424637 504.61450293660164 549.83422118425369 389.76580676436424 452.35365208983421 1193.706679970026 672.03698918223381 296.82285645604134 118.29102766513824 123.76746413111687 739.00598368048668 833.67009973526001 4.6940883994102469 147.55084535479546 790.01507762074471 488.0287239253521 72.288961350917816 5.9458453059196463 55.546712726354599 4.8505580127239218 73.227779030799866 410.10685649514198 9.2317071855068189 627.13021016120911 1320.4470667541027 125.01922103762627 26.912773489952087 1293.2213540375233 3.7552707195281974 457.98655816912651
leaf_count=7813 5210 3225 3514 2491 2891 7629 4295 1897 756 791 4723 5328 30 943 5049 3119 462 38 355 31 468 2621 59 4008 8439 799 172 8265 24 2927
internal_value=-1.8698 -1.88981 -1.85604 -1.84741 -1.86488 -1.85625 -1.88132 -1.85883 -1.86872 -1.84231 -1.83916 -1.88631 -1.88301 -1.83152 -1.8451 -1.83344 -1.86545 -1.85996 -1.84557 -1.86202 -1.86146 -1.85821 -1.80046 -1.86711 -1.87827 -1.84073 -1.81486 -1.87517 -1.86766 -1.90977
internal_weight=13827.5 5632.75 8194.78 4145.98 4048.81 2202 3952.27 1739.16 1121.42 875.604 2406.82 2830.85 1997.18 423.25 1179.78 1227.03 1326.39 616.803 132.686 77.1395 601.626 528.398 15.1776 923.953 1325.14 272.57 150.68 1846.81 553.589 1680.48
internal_count=88372 35999 52373 26497 25876 14073 25259 11115 7167 5596 15382 18092 12764 2705 7540 7842 8477 3942 848 493 3845 3377 97 5905 8469 1742 963 11803 3538 10740
is_linear=0
shrinkage=1


Tree=6
num_leaves=31
num_cat=0
split_feature=16 40 28 28 28 40 3 8 13 31 16 40 41 13 25 15 20 46 43 20 52 42 53 37 24 22 43 53 52 25
split_gain=505.634 161.438 55.3625 46.5618 40.1315 37.3277 27.0773 25.7521 19.2805 19.2252 17.5529 17.3715 16.3755 17.9522 16.0236 15.8252 15.6498 17.0833 15.2437 14.9945 15.0545 14.6977 17.8091 21.7898 17.7232 15.9787 20.7845 15.6081 15.3311 14.2472
threshold=5.6750000000000007 13.450000000000001 69.100000000000009 52.300000000000004 29.700000000000003 19.600000000000005 17.950000000000003 2.2500000000000004 6.6550000000000011 47.050000000000004 5.1250000000000009 6.6000000000000005 15.600000000000003 7.0550000000000006 19.500000000000004 7.1550000000000011 6.3850000000000007 3.5000000000000004 5.4500000000000002 3.8050000000000002 -1.2499999999999996 7.4000000000000012 4.8291666666666684 32.050000000000004 12.500000000000002 54.500000000000007 26.500000000000004 5.0808333333333353 0.53499999999999981 66.500000000000014
decision_type=8 2 2 2 2 2 10 10 10 2 10 2 2 10 2 8 8 2 2 8 10 2 2 2 2 2 2 2 8 2
left_child=1 4 7 5 10 -3 -7 16 19 11 12 -6 -1 -14 -15 21 17 -2 -16 -8 -21 22 -10 24 -24 28 27 -27 29 -26
right_child=2 3 -4 -5 9 6 8 -9 15 -11 -12 -13 13 14 18 -17 -18 -19 -20 20 -22 -23 23 -25 25 26 -28 -29 -30 -31
leaf_value=0.023238019383094714 -0.0054554860155224356 0.019959259785822778 -0.019394357476374247 0.0050994682059532434 -0.0084190916897821048 0.025150306173711001 0.18777557482089113 0.12961534858043811 0.034851945132147406 0.12913309521939006 0.00024930644434231628 0.0027023171673533995 0.0064939903167149692 0.19207180863826626 0.13046429644981281 0.13052114420826139 -0.00028137542944249295 -0.014293731512191477 0.0041169495713942955 0.13348325250943002 0.0070873584396293869 0.035541457864378186 0.17233575377636007 0.20494426222891346 0.01917860733940337 0.1565052887570085 0.23188820496779947 0.026709407829471399 0.1418750364062363 0.14013807789641006
leaf_weight=381.96534886211157 1116.9576878845692 756.91571200639009 1619.8473002463579 273.90060958266258 502.87266496568918 308.11930888146162 3.8342812731862042 3.4087544307112685 43.265112519264221 2.858202025294303 233.18297301977873 1163.5417097508907 366.62952434271574 2.1012739390134803 3.4024415612220755 5.0925643891096106 540.58525365591049 1070.9659260362387 8.0010278522968274 4.7273196429014197 4.6960054710507402 257.49607649445534 3.892869420349597 3.1875049546360961 26.063890576362617 3.7029135748743993 2.698054425418376 6.1845545098185539 3.4602683857083276 2.6851890385150901
leaf_count=3818 11364 7534 16694 2763 5100 3052 32 31 420 29 2343 11779 3667 21 34 48 5501 10956 80 44 45 2513 38 31 253 36 26 60 34 26
internal_value=-3.31097e-06 0.0120012 -0.0120705 0.0239916 0.00430661 0.027595 0.0361056 -0.00772788 0.0452044 -0.000431556 0.0122534 -0.000653782 0.0159263 0.00857939 0.0651943 0.04301 -0.00789946 -0.00978172 0.0418151 0.104414 0.0704953 0.0417463 0.0585395 0.0782954 0.0700039 0.0611108 0.108884 0.0753187 0.042444 0.0304763
internal_weight=8726.24 4374.48 4351.76 1709.92 2664.56 1436.02 679.106 2731.92 370.987 1669.27 995.283 1666.41 762.1 380.134 13.5047 357.729 2728.51 2187.92 11.4035 13.2576 9.42333 352.636 95.1404 51.8752 48.6877 44.7949 12.5855 9.88747 32.2093 28.7491
internal_count=88372 43826 44546 16955 26871 14192 6658 27852 3606 16908 9963 16879 7620 3802 135 3485 27821 22320 114 121 89 3437 924 504 473 435 122 96 313 279
is_linear=0
shrinkage=0.05


Tree=7
num_leaves=31
num_cat=0
split_feature=41 54 17 54 52 53 17 6 41 21 3 52 35 19 3 20 34 20 23 29 41 16 3 25 42 20 17 41 41 38
split_gain=124.656 49.6476 38.4536 34.6952 23.1504 17.0967 22.1561 17.0715 15.0939 16.8889 14.2098 14.1944 14.0814 17.0545 13.8981 13.7599 14.0679 13.3595 12.9315 12.8123 13.4462 12.8166 12.1159 14.8724 16.8892 15.0202 11.9199 13.686 18.4878 12.2357
threshold=18.900000000000002 0.36333333333333379 2.9350000000000005 0.61333333333333362 1.2100000000000004 4.8955000000000011 4.995000000000001 1.2500000000000002 26.200000000000006 5.3650000000000011 24.050000000000004 2.2450000000000006 4.4000000000000012 7.7950000000000008 19.850000000000005 4.1550000000000011 30.200000000000003 1.3150000000000002 33.500000000000007 43.20000000000001 27.900000000000002 6.9450000000000012 19.150000000000002 35.500000000000007 25.450000000000003 1.7850000000000004 4.1450000000000005 34.050000000000004 44.100000000000001 31.000000000000004
decision_type=2 10 8 10 8 2 10 8 2 8 8 10 2 10 8 8 2 8 2 2 2 10 10 2 2 8 10 2 2 2
left_child=2 19 17 4 12 -5 -7 8 9 15 18 -11 13 -4 -14 16 -3 -1 -10 20 -2 22 -22 24 25 -24 -12 -28 29 -29
right_child=1 7 3 5 -6 6 -8 -9 10 11 26 -13 14 -15 -16 -17 -18 -19 -20 -21 21 -23 23 -25 -26 -27 27 28 -30 -31
leaf_value=0.041363717174730807 -0.00066321811562637678 0.024759574524228032 -0.00015122542010013814 0.004863192412636325 -0.016840913431970774 -0.0081489274357263077 0.0019732877386151662 -0.04692235294114961 0.0038108347386777695 0.0033688637151989458 -0.0058798695339870562 -0.021377109296469844 -0.0031710553797943027 0.082117769664385221 -0.0088992352725206243 0.0077046487872710961 -0.014162298852756395 -0.026192006832125081 0.01572769392454958 -0.018386694407434231 -1.4236533027640218e-05 0.032160118983652425 0.10970956181432721 0.0029792384633567522 -0.010475000109806221 0.024152933251351098 0.018387487530282406 0.044644195003780002 -0.0034220639222242791 0.12997808804453276
leaf_weight=7.5725156515836707 2053.481331050396 240.7086081802845 1156.4545597434044 1494.3699518740177 414.35567688941956 894.15171241760254 1367.2585448175669 13.051744997501372 383.34630846977234 592.69744478166103 35.156064689159393 64.229153648018837 2211.6456582546234 6.3340288400650016 2031.6729602366686 719.81887041032314 25.693833917379379 217.90842819213867 560.49996034801006 81.261414915323257 552.98419505357742 45.565575674176216 5.2816614359617224 274.19321478903294 36.853857681155205 178.53437778353691 267.85330331325531 87.960955947637558 20.834791928529739 4.4114041626453391
leaf_count=42 11303 1301 6373 8193 2311 4952 7520 74 2104 3257 191 359 12208 33 11262 3941 142 1217 3052 453 3043 250 29 1510 203 983 1452 477 113 24
internal_value=3.68466e-06 0.00552506 -0.00351384 -0.00303328 -0.00545085 0.000713307 -0.00202899 0.0101373 0.0103853 0.0071604 0.0142815 0.000949396 -0.00457785 0.000296916 -0.00591367 0.0112976 0.0210057 -0.0239232 0.0108876 0.00121553 0.00172171 0.00620072 0.00507187 0.0107553 0.0204175 0.0266113 0.0219777 0.0245478 0.0391233 0.0487195
internal_weight=16046.1 6244.42 9801.72 9576.24 5820.46 3755.78 2261.41 3016.26 3003.21 1643.15 1360.06 656.927 5406.11 1162.79 4243.32 986.221 266.402 225.481 943.846 3228.16 3146.89 1093.41 1047.85 494.863 220.67 183.816 416.217 381.06 113.207 92.3724
internal_count=88372 34261 54111 52852 32187 20665 12472 16487 16413 9000 7413 3616 29876 6406 23470 5384 1443 1259 5156 17774 17321 6018 5768 2725 1215 1012 2257 2066 614 501
is_linear=0
shrinkage=0.05


Tree=8
num_leaves=31
num_cat=0
split_feature=18 54 52 17 18 19 53 42 42 42 16 54 18 21 8 31 42 42 53 53 16 17 19 26 53 21 18 3 21 32
split_gain=105.697 77.461 41.0881 32.4949 31.4964 30.2336 27.0079 23.7773 19.8406 18.8639 17.8738 16.9722 16.5824 14.9322 14.8252 14.8163 14.6826 14.2846 13.2388 13.0744 14.6997 13.0422 13.2662 15.8501 12.6888 12.4674 15.5391 12.0946 11.9841 11.706
threshold=4.2350000000000012 0.83500000000000052 0.95000000000000073 5.6950000000000012 3.5050000000000003 5.4850000000000012 4.5955000000000004 25.450000000000003 26.200000000000006 22.400000000000002 6.785000000000001 -0.33499999999999946 4.9050000000000011 1.4750000000000003 0.75000000000000011 11.900000000000002 27.150000000000002 17.750000000000004 3.8433333333333337 5.6575000000000006 5.6650000000000009 5.1350000000000007 4.1850000000000014 20.500000000000004 4.7491666666666683 4.285000000000001 5.3050000000000006 22.850000000000005 4.9450000000000012 34.900000000000006
decision_type=10 8 8 8 10 10 2 2 2 2 8 10 10 10 8 2 2 2 2 2 10 10 10 2 2 10 10 10 10 2
left_child=4 3 9 8 18 11 10 14 -2 15 -6 13 24 -5 25 -3 19 -13 -1 20 -8 28 23 -23 -7 -4 -27 29 -11 -10
right_child=1 2 7 5 6 12 16 -9 27 21 -12 17 -14 -15 -16 -17 -18 -19 -20 -21 -22 22 -24 -25 -26 26 -28 -29 -30 -31
leaf_value=-2.2615542401298812e-05 -0.004624799264122648 0.018427059016331158 0.0078586159316369007 0.041106390562541339 0.00088329968210874843 0.02234807497072485 -0.015113727225898439 0.013966588679560604 -0.0020343879114599378 -0.013142232036948332 0.046989740685960686 0.0063135006099334177 0.000750043533950525 0.00026182559625767971 -0.03961832407617645 0.0047921906795830417 0.0084596229972937701 0.01751935657018867 -0.019953645648460465 -0.033712783321385366 -0.0041692908400580604 0.099278300913030706 0.024274233903860479 0.037807205630242861 -0.013312946178519537 -0.0058146253281480646 0.004879666109380865 0.010141311270222013 0.071440140738816299 0.04407820928066724
leaf_weight=95.260380834341049 4326.8961754888296 428.53743994235992 735.91862578690052 23.096083447337151 699.68014170229435 26.943437591195107 654.02852842211723 538.09574517607689 642.40114060044289 30.66508549451828 21.671089291572571 648.49873448908329 2560.9873302727938 718.31868682801723 20.986986294388771 372.3633274435997 103.66327224671841 506.52422715723515 664.48396168649197 60.898999109864235 577.89441555738449 13.196754083037375 197.31900233030319 51.061128377914429 336.19019231200218 649.15016089379787 712.49236591160297 382.22344398498535 4.850158065557479 14.064207673072813
leaf_count=499 22812 2222 3852 121 3678 142 3462 2800 3377 158 112 3384 13447 3772 113 1948 548 2640 3539 323 3053 68 1018 263 1777 3407 3737 2001 25 74
internal_value=3.60542e-06 0.00180447 0.00794334 -0.000458338 -0.00872088 0.00252109 -0.00558778 0.00458072 -0.00313512 0.0160793 0.00226845 0.00743802 -0.000667789 0.00153419 0.00219678 0.0120878 -0.00964589 0.0112277 -0.0174546 -0.0110977 -0.0099797 0.0268398 0.0307 0.0504316 -0.010667 0.00261516 -0.000218736 0.00307049 -0.0015912 -0.00104647
internal_weight=16818.4 13940.8 3754.64 10186.1 2877.58 4820.56 2117.84 2656.64 5365.58 1097.99 721.351 1896.44 2924.12 741.415 2118.55 800.901 1396.49 1155.02 759.744 1292.82 1231.92 297.092 261.577 64.2579 363.134 2097.56 1361.64 1038.69 35.5152 656.465
internal_count=88372 73158 19611 53547 15214 25283 11176 13909 28264 5702 3790 9917 15366 3893 11109 4170 7386 6024 4038 6838 6515 1532 1349 331 1919 10996 7144 5452 183 3451
is_linear=0
shrinkage=0.05


Tree=9
num_leaves=31
num_cat=0
split_feature=19 19 19 43 20 21 54 3 21 20 21 43 53 39 54 10 32 43 24 20 18 11 20 28 20 19 35 18 54 9
split_gain=387.711 111.372 102.73 69.5924 61.413 46.4823 41.0068 30.9326 30.9167 21.9273 19.3715 17.8033 16.5935 16.1063 15.8981 15.5803 15.5342 14.5461 13.9319 13.7772 14.6642 13.7312 13.6473 13.6244 15.9047 13.5199 13.4789 12.534 12.2117 13.2584
threshold=4.1250000000000009 5.035000000000001 2.5450000000000004 27.100000000000005 5.0550000000000006 4.6850000000000014 0.93000000000000116 16.250000000000004 4.6450000000000005 6.5750000000000011 5.7350000000000012 20.750000000000004 4.5025000000000022 14.650000000000002 0.53733333333333422 1.0000000180025095e-35 6.6000000000000005 39.45000000000001 70.500000000000014 5.8950000000000005 6.995000000000001 6.6650000000000009 5.7250000000000005 44.100000000000001 4.3150000000000004 1.7850000000000004 26.000000000000004 7.0550000000000006 0.59500000000000031 7.2750000000000012
decision_type=10 10 10 2 10 10 8 8 8 8 10 2 2 2 8 8 2 2 2 10 8 8 8 2 10 8 2 8 10 8
left_child=2 4 25 6 5 14 10 13 22 17 15 -10 -6 -5 -2 -3 -7 -9 27 20 -19 -14 -4 26 -25 -1 -12 -16 29 -23
right_child=1 3 8 7 12 16 -8 9 11 -11 23 -13 21 -15 18 -17 -18 19 -20 -21 -22 28 -24 24 -26 -27 -28 -29 -30 -31
leaf_value=-0.043423072713712915 0.0023623840833337881 0.0059145365514716962 -0.0015715850815186166 0.011125358799523149 0.0080084158498330942 0.00086781261326338748 0.01154825598555336 0.021857006027989373 -0.018659900687145795 0.0059790410120681911 -0.010871841016451779 0.0017197750595625229 0.0080561264794598349 -0.0070602151347215723 0.016844131313086135 -0.0087889471372672549 -0.010539740671473563 0.028614113700027678 -0.015224290431784256 0.081980815215893732 0.12830666711910851 -0.015139153089114532 -0.014989484592917188 0.014723474278926077 0.00014797251346172329 -0.028369949339441952 0.0024125184684408584 0.082105369245487961 -0.0062728280352546311 0.070995349269634814
leaf_weight=264.21207176148891 345.93882176280022 3181.9396911561489 725.06481263041496 626.43361565470695 126.13027176260948 720.0037574917078 1588.3685408383608 769.12462827563286 1188.3823989629745 204.8727656006813 517.25629535317421 117.78474953770638 92.637422755360603 151.12640029191971 556.09284307062626 190.98025570809841 509.69243466854095 76.070379495620728 34.056558609008789 17.896363168954849 3.8766661882400504 1142.1737976968288 256.55855141580105 209.63953824341297 1745.5758197009563 342.55256196856499 302.68297946453094 7.4559614658355704 661.86187934875488 4.485182747244834
leaf_count=1437 1828 16771 3846 3292 666 3820 8340 4012 6386 1081 2746 625 489 804 2921 1016 2709 393 179 93 20 6105 1373 1109 9254 1856 1606 39 3532 24
internal_value=1.6972e-06 0.00349455 -0.0166343 0.00646943 -0.00329431 0.00254488 0.00438647 0.0151829 -0.0117833 0.0206905 0.00253621 -0.0168221 -0.00955387 0.00759081 0.0108928 0.005082 -0.00386046 0.024167 0.0158308 0.0423253 0.0334482 -0.010719 -0.00507851 -0.000557944 0.00171077 -0.0349247 -0.00596788 0.0177076 -0.0116807 -0.0148022
internal_weight=16680.9 13786.4 2894.56 9585.84 4200.53 2173.24 7736.44 1849.4 2287.79 1071.84 6148.07 1306.17 2027.29 777.56 943.544 3372.92 1229.7 866.968 597.605 97.8434 79.947 1901.16 981.623 2775.15 1955.22 606.765 819.939 563.549 1808.52 1146.66
internal_count=88372 72849 15523 50537 22312 11496 40842 9695 12230 5599 32502 7011 10816 4096 4967 17787 6529 4518 3139 506 413 10150 5219 14715 10363 3293 4352 2960 9661 6129
is_linear=0
shrinkage=0.05


Tree=10
num_leaves=31
num_cat=0
split_feature=20 20 21 20 53 20 53 44 53 19 20 53 44 30 21 44 20 20 18 17 38 53 53 42 13 54 7 32 14 18
split_gain=745.029 214.396 158.844 105.142 70.1826 54.665 48.4248 42.6461 32.1011 31.245 28.6128 24.7838 20.9309 21.8337 17.169 16.7929 16.7426 16.0968 16.9466 16.6003 15.7061 15.3214 15.0129 14.673 14.7605 15.7101 15.0664 13.62 13.529 17.5883
threshold=4.3150000000000004 2.8050000000000002 4.8050000000000006 5.1550000000000011 4.6158333333333355 5.6650000000000009 4.5508333333333342 28.900000000000002 5.140833333333334 4.6650000000000009 1.6850000000000003 5.3191666666666686 36.600000000000001 26.800000000000001 6.2950000000000008 16.400000000000002 4.8550000000000013 4.7150000000000007 6.285000000000001 6.6350000000000007 36.20000000000001 5.2141666666666682 4.5863333333333349 24.700000000000003 6.9250000000000007 1.5550000000000006 6.9750000000000005 5.1500000000000012 -1.0000000180025095e-35 3.8150000000000004
decision_type=10 10 10 10 2 10 2 2 2 10 10 2 2 2 10 2 10 10 10 10 2 2 2 2 8 10 10 2 10 10
left_child=1 10 5 9 15 6 17 8 -5 22 -1 16 13 20 -9 -3 -8 18 -2 -19 -7 27 -4 24 25 -10 -26 -6 29 -22
right_child=2 4 3 7 21 12 11 14 23 -11 -12 -13 -14 -15 -16 -17 -18 19 -20 -21 28 -23 -24 -25 26 -27 -28 -29 -30 -31
leaf_value=-0.043892750522745119 0.0083731211740305737 -0.0011555641604620822 0.022403523264246689 0.015297498315773926 -0.018188496463831649 0.020318669154304341 0.0015283506467318171 0.024726816286033362 0.0052540441992031473 -0.011967740189495212 -0.028589096760252071 -0.0062149984436137519 0.042779704588321268 0.0052606137421021193 0.0081096573055180945 0.024850461277389494 0.01257592356067349 0.025417289636050024 0.06415689084067315 0.099864101451024367 0.11305584371672328 -0.022714403406024458 -0.0014380701856507099 -0.0031434977473180068 -0.0093855861895851527 0.035338098009886749 0.0071223420385527958 -0.0075771832441054706 0.065619069454975504 0.011931055018324933
leaf_weight=606.50766490399837 265.34388655424118 788.03337593376637 74.457907453179359 548.41947059333324 634.55211851000786 1413.4218065142632 587.92095802724361 371.81045055389404 2366.1886965036392 1388.9937574714422 615.27166675031185 393.70088875293732 100.16934408247471 239.56120698153973 267.11781975626945 67.383028134703636 823.05753056704998 400.0156282633543 14.35100397467613 7.6307862997055045 4.8735943287610999 635.92496670782566 583.28006809949875 919.56785400211811 360.20149187743664 44.206288948655128 224.27975912392139 577.70901140570641 36.419375061988831 36.521657198667526
leaf_count=3594 1500 4523 421 3119 3687 7976 3369 2114 13548 8051 3610 2267 556 1366 1524 380 4676 2256 81 43 27 3702 3354 5267 2063 253 1284 3356 202 203
internal_value=-1.31045e-06 -0.0188035 0.00643254 0.00185714 -0.0109483 0.0139984 0.00917899 0.00569793 0.00396824 -0.00771659 -0.036186 0.00487755 0.0205579 0.0192718 0.0177797 0.000892988 0.00797266 0.0204728 0.0112354 0.0268109 0.0215227 -0.0164289 0.00126087 0.00238099 0.00407727 0.00580578 -0.00305109 -0.0131316 0.043392 0.0238368
internal_weight=15396.9 3925.38 11471.5 7148.52 2703.6 4322.99 2492.02 5101.79 4462.86 2046.73 1221.78 1804.68 1830.97 1730.8 638.928 855.416 1410.98 687.341 279.695 407.646 1491.24 1848.19 657.738 3914.44 2994.88 2410.39 584.481 1212.26 77.8146 41.3953
internal_count=88372 22852 65520 40998 15648 24522 14192 29172 25534 11826 7204 10312 10330 9774 3638 4903 8045 3880 1581 2299 8408 10745 3775 22415 17148 13801 3347 7043 432 230
is_linear=0
shrinkage=0.05


Tree=11
num_leaves=31
num_cat=0
split_feature=21 21 53 21 21 53 53 53 51 21 51 53 21 21 21 53 45 16 46 20 43 50 15 53 21 21 8 12 53 33
split_gain=1392.77 339.408 209.694 165.362 142.694 99.3503 84.7101 52.4845 34.4908 33.0221 28.6382 25.3095 22.5168 22.1572 21.8358 27.0445 20.901 20.1805 19.802 18.4014 17.8356 22.8079 17.6068 17.5914 17.3039 17.2719 16.6908 16.6391 16.4391 15.4182
threshold=4.745000000000001 2.7650000000000001 5.467500000000002 5.5650000000000004 6.0950000000000006 6.0408333333333335 4.701833333333334 5.0208333333333348 3.5000000000000004 4.0250000000000012 3.5000000000000004 4.9641666666666682 5.3250000000000011 5.0850000000000009 4.0250000000000012 5.2455000000000016 26.500000000000004 7.4150000000000009 2.5000000000000004 7.2150000000000007 14.050000000000002 1.5000000000000002 6.9750000000000005 4.1925000000000017 7.1950000000000012 2.0150000000000001 1.0000000180025095e-35 2.7500000000000004 6.1008333333333349 27.000000000000004
decision_type=10 10 2 10 10 2 2 2 2 10 2 2 10 10 10 2 2 8 2 8 2 2 8 2 10 10 8 8 2 2
left_child=1 25 3 7 12 8 9 20 17 -3 11 -5 -4 -9 -8 -16 -7 -6 -12 22 21 -2 23 -11 26 -1 -18 28 -14 -15
right_child=2 6 4 10 5 16 14 13 -10 19 18 -13 27 29 15 -17 24 -19 -20 -21 -22 -23 -24 -25 -26 -27 -28 -29 -30 -31
leaf_value=-0.042520190010284377 0.040846009518676507 -0.0092548961343498718 -0.01343452674150189 0.032601379033673904 0.010960634470062767 0.0020665565747817818 -0.023609818144744485 -0.0077326364457235069 0.033046617394824916 0.02833716976783425 0.028366274239312639 0.01782961679021201 0.00078117445923482729 0.0056065478495629702 -0.0079260581238714788 -0.020557715596118669 0.0012006090636132354 0.1129478629509009 0.041109624443866566 0.12307147202140692 0.0079747006144283289 0.017311659239326701 -0.016095752631621756 0.005812457479937091 0.043650267221508082 -0.030980904261157873 0.093865694629002905 0.060975396019682084 -0.012418226518325179 0.047651791662570664
leaf_weight=1182.3426531553268 132.87627123296261 500.92824487388134 639.0982580780983 441.20660324394703 313.72881335020065 1194.9990494251251 803.35655665397644 428.04929076135159 574.72843933105469 113.02923440933228 760.00325970351696 845.97300167381763 959.85880109667778 562.46117480099201 940.4304628521204 771.24594217538834 72.325079590082169 4.9265969991683951 509.02376921474934 3.4791521877050391 321.52507241070271 457.08338563144207 68.049875631928444 371.83421508967876 57.357553631067276 446.8351833820343 5.2094260156154624 10.421060681343077 312.74982911348343 22.68351636826992
leaf_count=7813 834 3225 4112 2746 1973 7629 5228 2751 3592 706 4743 5325 6154 3572 6053 5011 462 31 3143 22 2028 2881 439 2364 355 2927 31 66 2012 144
internal_value=-7.15972e-06 -0.0204424 0.012315 0.0198131 0.00421007 0.0128356 -0.0118171 0.00874371 0.0257313 5.7722e-05 0.0281478 0.0228929 -0.0057668 0.000912388 -0.0168093 -0.0136176 0.00417254 0.0125374 0.0334778 0.00844201 0.0174489 0.0226123 0.00772071 0.0110633 0.0228293 -0.0393553 0.00742664 -0.00194738 -0.00246264 0.00723646
internal_weight=13827.8 5201.53 8626.29 4480.89 4145.4 2223.27 3572.35 1924.68 893.384 1057.32 2556.21 1287.18 1922.13 1013.19 2515.03 1711.68 1329.89 318.655 1269.03 556.392 911.485 589.96 552.913 484.863 134.892 1629.18 77.5345 1283.03 1272.61 585.145
internal_count=88372 33788 54584 28167 26417 14073 23048 12210 5596 6756 15957 8071 12344 6467 16292 11064 8477 2004 7886 3531 5743 3715 3509 3070 848 10740 493 8232 8166 3716
is_linear=0
shrinkage=0.05


Tree=12
num_leaves=31
num_cat=0
split_feature=16 40 28 28 28 40 3 8 31 40 16 13 32 36 21 40 40 41 24 40 41 25 13 18 21 32 44 20 23 31
split_gain=460.625 143.029 52.4079 40.5927 36.1992 31.8891 22.6568 21.5251 15.8463 15.9944 15.6685 15.6065 16.8413 26.6463 25.9841 15.8073 15.4662 15.2163 15.0988 14.5078 14.3136 16.7 20.1292 15.2856 15.5406 14.726 18.5179 14.1154 13.5382 13.8936
threshold=5.6750000000000007 13.450000000000001 69.100000000000009 52.300000000000004 29.700000000000003 19.600000000000005 17.950000000000003 2.2500000000000004 47.050000000000004 6.6000000000000005 5.1250000000000009 6.705000000000001 7.5500000000000016 24.550000000000004 2.7650000000000001 37.150000000000006 8.9500000000000011 22.450000000000003 60.500000000000007 25.150000000000002 15.600000000000003 18.500000000000004 7.0550000000000006 5.1650000000000009 4.1850000000000014 4.2500000000000009 13.950000000000001 6.7750000000000012 12.500000000000002 12.350000000000001
decision_type=8 2 2 2 2 2 10 10 2 2 10 10 2 2 8 2 2 2 2 2 2 2 10 10 10 2 2 10 2 2
left_child=1 4 7 5 10 -3 -7 16 9 -6 20 12 13 14 -8 -13 -2 -16 -17 27 -1 22 23 28 25 -25 -27 -18 29 -22
right_child=2 3 -4 -5 8 6 11 -9 -10 -11 -12 15 -14 -15 17 18 19 -19 -20 -21 21 -23 -24 24 -26 26 -28 -29 -30 -31
leaf_value=0.021731418020781903 -0.010819467566553578 0.018744495599087956 -0.018849496659436051 0.0048410144806577725 -0.0081452785602131143 0.023538513228444705 0.29340267713331702 0.11189594092210427 0.11117248606669783 0.0025455922026718274 0.00020445746268225125 0.035415917098442946 0.036593779510229227 0.023276410170048417 0.076407171219106285 0.060693995835103237 -0.0035854910984125031 0.20449576972859138 0.17189961875920046 -0.02465966323938636 -0.0026840725036961811 0.0033093438693599835 0.17900001461730117 0.013328067676115919 0.03034701139320338 0.24427954052752932 0.057373950069334712 0.015742847269617093 -0.0077367918670057396 0.17069035481759903
leaf_weight=389.85791370272636 1564.2398749515414 770.05850526690483 1591.9986325576901 275.16847261786461 499.64329830557108 314.75486206263304 2.3505146801471719 3.7746147140860549 3.1736630052328101 1166.9495860338211 233.3864119425416 323.36618894338608 18.680644057691097 7.1751931980252257 8.5263368561863881 18.228729300200943 966.33584737032652 3.1846256032586107 3.6661864742636672 73.500529952347279 2.3136085718870154 315.91050508618355 2.2146887704730025 2.5308767333626774 20.985217921435833 2.9289421215653419 2.4202849045395851 104.69290825724602 31.444006584584713 2.3085562437772751
leaf_count=3818 16120 7534 16694 2763 5100 3052 20 31 29 11779 2343 3041 172 66 75 170 9898 28 34 754 23 3137 19 25 209 29 24 1049 313 23
internal_value=-5.418e-06 0.0113299 -0.011648 0.0224662 0.0040675 0.0257655 0.03349 -0.00742145 -0.000446968 -0.000659523 0.0115584 0.0416219 0.0712215 0.101681 0.141689 0.0381998 -0.00758771 0.111239 0.0793148 -0.00317084 0.0149868 0.00812246 0.0307673 0.0257113 0.0528285 0.112698 0.159713 -0.00169615 0.00400826 0.0839084
internal_weight=8725.77 4421.23 4304.54 1745.16 2676.07 1469.99 699.933 2712.54 1669.77 1666.59 1006.3 385.178 39.9173 21.2367 14.0615 345.261 2708.77 11.711 21.8949 1144.53 772.915 383.057 67.1462 64.9315 28.8653 7.8801 5.34923 1071.03 36.0662 4.62216
internal_count=88372 43826 44546 16955 26871 14192 6658 27852 16908 16879 9963 3606 361 189 123 3245 27821 103 204 11701 7620 3802 665 646 287 78 53 10947 359 46
is_linear=0
shrinkage=0.05


Tree=13
num_leaves=31
num_cat=0
split_feature=41 54 17 54 52 6 53 17 41 21 3 54 43 52 3 20 37 43 29 28 22 3 32 42 23 27 35 21 40 9
split_gain=114.102 44.2723 36.4927 30.5566 32.4638 15.9529 14.911 20.373 13.5498 14.9555 13.466 14.6874 14.0193 13.1427 12.6521 12.0228 13.3931 12.7246 11.9185 13.1051 12.3614 14.8958 14.5194 14.0259 11.6346 11.7169 11.524 17.4314 16.0271 11.6685
threshold=18.900000000000002 0.36333333333333379 2.5350000000000006 0.57500000000000073 1.2100000000000004 1.2500000000000002 4.8955000000000011 4.995000000000001 26.200000000000006 5.3650000000000011 19.350000000000005 -0.60166666666666624 23.200000000000006 2.2450000000000006 24.050000000000004 4.1550000000000011 23.000000000000004 6.0500000000000016 43.20000000000001 65.550000000000011 10.500000000000002 11.950000000000001 21.950000000000003 20.950000000000006 33.500000000000007 47.500000000000007 27.100000000000005 5.3250000000000011 6.1500000000000012 6.7650000000000006
decision_type=2 10 8 10 8 8 2 10 2 8 8 10 2 10 8 8 2 2 2 2 2 10 2 2 2 2 2 10 2 10
left_child=2 18 -1 4 10 8 -5 -8 9 15 -4 -12 -13 -11 24 16 -3 -18 19 -2 21 -21 23 -23 -10 -26 27 29 -29 -17
right_child=1 5 3 6 -6 -7 7 -9 14 13 11 12 -14 -15 -16 26 17 -19 -20 20 -22 22 -24 -25 25 -27 -28 28 -30 -31
leaf_value=-0.031419239049706935 0.00025784737292983985 0.013911879676887196 -0.0019318222932120767 0.0040719247896233339 -0.019110076110863124 -0.046392504733396331 -0.0079072269612716992 0.0015476752191806876 0.0036031545060848584 0.003247072640794429 -0.013120360177576144 -0.0022235790630742306 -0.012661781416265795 -0.020722417719688867 0.020717559253983032 -0.011371957441645235 -0.018684193299606827 0.05054658108204807 -0.017822747277614948 -0.010846136247297126 0.0070261235987916634 0.1236822944980577 -0.017136599904353227 0.02993419969648764 0.0090667856403804994 0.023781092153317172 0.015679782212200587 0.1272072140590057 0.0010186442311886988 0.0062746519846671031
leaf_weight=114.57837066054344 2633.4279975891113 213.622718796134 2758.5882593095303 1592.8259241729975 400.60223524272442 12.66377744078636 939.71643899381161 1447.13880212605 384.47746725380421 593.72884319722652 703.65690885484219 1404.0969303548336 417.26709325611591 63.283616811037064 422.13947424292564 132.57067941129208 7.6716693043708792 49.221435770392418 80.29792657494545 9.8864033967256564 484.36245980858803 9.713998377323156 4.3911689966917029 6.7706057578325263 342.85792282223701 223.47561295330524 261.78973169624805 5.3207682669162732 4.7738703489303589 319.30514444410801
leaf_count=656 14506 1144 15249 8703 2262 74 5236 7953 2104 3257 3924 7803 2325 359 2257 722 42 257 453 54 2647 53 24 37 1855 1197 1425 29 26 1739
internal_value=7.94994e-06 0.00527548 -0.00336732 -0.00303473 -0.00538726 0.00960917 0.000325407 -0.00217477 0.00984367 0.00679195 -0.0043468 -0.00698517 -0.00461493 0.000938325 0.0135141 0.01066 0.0196533 0.0412113 0.00119941 0.00168454 0.00897809 0.0397125 0.0636562 0.0851778 0.0103159 0.0148731 0.00729862 0.00254917 0.0675312 0.00109752
internal_weight=16044.2 6265.75 9778.47 9663.89 5684.21 3036.9 3979.68 2386.86 3024.24 1651.29 5283.61 2525.02 1821.36 657.012 1372.95 994.276 270.516 56.8931 3228.85 3148.55 515.125 30.7622 20.8758 16.4846 950.811 566.334 723.76 461.97 10.0946 451.876
internal_count=88372 34261 54111 53455 31563 16487 21892 13189 16413 9000 29301 14052 10128 3616 7413 5384 1443 299 17774 17321 2815 168 114 90 5156 3052 3941 2516 55 2461
is_linear=0
shrinkage=0.05


Tree=14
num_leaves=31
num_cat=0
split_feature=18 54 52 42 17 42 54 20 18 42 18 43 3 19 30 35 17 37 39 3 15 36 54 13 5 17 37 43 29 8
split_gain=97.3076 69.0448 38.3271 36.1187 30.9565 23.9801 23.1365 20.3269 20.1502 16.5206 15.9048 15.6403 14.4935 13.9579 13.9086 13.7142 13.4292 13.252 13.164 15.0737 12.9671 12.8176 13.1752 12.804 12.7234 19.3799 14.0291 13.337 12.6341 12.2869
threshold=3.9350000000000005 0.8166666666666661 0.95000000000000073 25.450000000000003 5.6950000000000012 26.800000000000001 2.203333333333334 5.5850000000000009 3.1150000000000007 21.650000000000002 5.0950000000000006 23.650000000000002 8.5500000000000025 4.3250000000000011 45.850000000000009 28.300000000000004 4.6650000000000009 11.650000000000002 22.450000000000003 19.950000000000003 7.1450000000000005 11.900000000000002 -0.054499999999999944 6.5550000000000006 6.995000000000001 5.4150000000000009 16.350000000000005 18.350000000000005 10.600000000000001 0.75000000000000011
decision_type=10 8 8 2 8 2 8 10 10 2 10 2 8 8 2 2 10 2 2 10 10 2 10 8 10 10 2 2 2 8
left_child=6 3 9 4 -2 23 8 11 -1 14 -9 -6 -10 -12 17 -7 -11 -3 19 28 -19 -21 -23 -4 -24 26 -26 -27 -5 -25
right_child=1 2 5 18 7 15 -8 10 12 16 13 -13 -14 -15 -16 -17 -18 20 -20 21 -22 22 24 29 25 27 -28 -29 -30 -31
leaf_value=-0.022962064050717705 -0.005174427551771452 0.016078114174306598 0.078831324248967827 -0.0052660996422460244 0.0073706128853784905 0.0094808585430718149 0.01287215063568194 -0.010610019731875886 0.0061547620493519889 -0.026344782761443787 0.015792524486418796 -0.0042119189798632732 -0.011530684440704582 -0.0013702777050699009 0.076908844339048515 0.030502704239543151 0.024388313908172945 0.0033886822144309397 -0.0069940808957363824 0.00024248970126055887 0.082844999276120754 0.0068884768899672329 0.017879417437373472 0.0017372136712711147 -0.031984513260314144 0.14461399260966282 0.070005086301057048 0.035258287703909971 0.0061675339408156782 -0.034411319349469394
leaf_weight=371.21125650405884 4532.9625104814768 431.85410308837891 5.3502836227416983 384.52294631302357 1374.2036908119917 383.1673150062561 93.23492132127285 456.09324117004871 129.42609375715256 13.532069414854048 127.40457634627819 369.91667674481869 1104.0676458477974 1687.9356297403574 7.7434359490871421 97.280311301350594 361.60328583419323 507.93219865858555 212.41986356675625 226.66828280687332 5.1872512996196738 351.47291313111782 352.35341963171959 2529.6868611425161 7.4740908592939395 7.1163045316934568 6.1431278884410858 4.5842359662055969 650.07719014585018 23.727616369724274
leaf_count=2001 23993 2231 28 2019 7190 1978 488 2412 686 70 663 1945 5884 8853 40 502 1842 2639 1115 1184 27 1839 1836 13238 39 37 32 24 3407 130
internal_value=7.49846e-06 0.00128213 0.00658388 -0.000871372 -0.0023425 0.00348773 -0.0113418 0.000854329 -0.0127487 0.0136704 -0.00226291 0.00491403 -0.00967501 -0.000165754 0.0101708 0.0137373 0.0225582 0.00962393 0.00483761 0.00610031 0.00419193 0.0106273 0.0138556 0.00156321 0.0203394 0.0545761 0.014026 0.101769 0.00191807 0.0014013
internal_weight=16816.4 15118.4 4367.06 10751.3 8548.52 3039.21 1697.94 4015.55 1604.7 1327.85 2271.43 1744.12 1233.49 1815.34 952.717 480.448 375.135 944.974 2202.83 1990.41 513.119 955.812 729.144 2558.76 377.671 25.3178 13.6172 11.7005 1034.6 2553.41
internal_count=88372 79313 22725 56588 45056 15876 9059 21063 8571 6849 11928 9135 6570 9516 4937 2480 1912 4897 11532 10417 2666 4991 3807 13396 1968 132 71 61 5426 13368
is_linear=0
shrinkage=0.05


Tree=15
num_leaves=31
num_cat=0
split_feature=19 19 19 43 53 54 53 3 20 19 20 3 54 49 54 20 39 43 25 54 54 40 33 31 20 5 10 43 37 21
split_gain=354.337 99.9187 98.0885 62.7212 56.3058 36.5698 28.7277 27.685 23.424 20.984 19.9152 18.0794 18.0154 17.511 16.4101 16.2705 14.5588 14.5283 13.7109 12.7674 12.7254 15.7213 12.2864 12.7812 13.1596 13.0092 11.9888 11.8897 11.8296 13.3105
threshold=4.1250000000000009 5.035000000000001 2.4150000000000005 27.100000000000005 4.7491666666666683 0.93000000000000116 4.6258333333333352 16.250000000000004 5.5850000000000009 3.4350000000000005 6.8750000000000009 25.850000000000005 1.8741666666666668 2.5000000000000004 -0.13666666666666621 4.2350000000000012 14.650000000000002 20.950000000000006 73.500000000000014 1.6700000000000006 1.9858333333333331 6.1500000000000012 6.0500000000000016 26.500000000000004 7.3750000000000009 7.0650000000000004 1.7500000000000002 32.850000000000001 26.600000000000005 4.5650000000000004
decision_type=10 10 10 2 2 8 2 8 10 10 8 10 8 2 10 10 2 2 2 10 10 2 2 2 10 10 8 2 2 8
left_child=2 4 -1 5 14 11 -4 16 12 -8 20 13 18 15 -2 -3 -5 -13 -6 -11 26 -22 23 24 25 -15 -9 -23 29 -10
right_child=1 3 6 7 8 -7 9 10 28 19 -12 17 -14 22 -16 -17 -18 -19 -20 -21 21 27 -24 -25 -26 -27 -28 -29 -30 -31
leaf_value=-0.035511184850992847 -0.0044647313218603444 0.01069656702186339 -0.0046091664768765856 0.010505575163345167 -0.0051741999849143905 0.010873617158203071 -0.026533071699240431 0.021640685044115926 -0.0052873172286089136 -0.01413711855511688 0.00055904472319323899 -0.0046621198866898797 0.020314235400376968 0.011296327670039746 0.0087980655665519034 -0.0049970848946758947 -0.0068009788967349945 0.0069017810041709371 0.019531734183520676 0.0059396939832782152 0.0024445567593876262 0.046284610848792457 0.0022479329346208761 -0.00038203499464857868 -0.017861799273722272 -0.025363988219129059 -0.04496254811431339 0.15191713778410032 0.0023591273593617191 -0.017374714555576237
leaf_weight=526.52302664518356 306.83947679400444 207.6169970035553 898.65273450314999 631.30406174063683 1543.9732394218445 1601.7350488305092 356.14761583507061 939.19690425693989 321.02353702485561 992.09511615335941 122.89251965284348 1259.5929421037436 78.117092370986938 1605.7778204530478 972.18250285089016 807.53442251682281 150.48573504388332 346.28011879324913 58.276459291577339 86.055549442768097 6.3472535312175777 5.0689377188682538 1510.5829312503338 357.13546074926853 41.221531927585602 24.569393783807755 6.8055130243301383 5.6144818663597107 125.10650129616261 783.93037010729313
leaf_count=2937 1633 1092 4812 3292 8240 8340 1936 4832 1727 5376 646 6648 409 8448 5091 4276 804 1827 311 462 32 26 7983 1880 218 130 35 28 671 4230
internal_value=3.10354e-06 0.00331822 -0.0160181 0.00612251 -0.00312764 0.00414309 -0.0116187 0.0143488 -0.00697027 -0.0160106 0.0195139 0.0023931 -0.00313247 0.00400151 0.0056163 -0.00178745 0.00717426 -0.00216855 -0.0042756 -0.0125346 0.0219327 0.0647694 0.00566192 0.008204 0.0100384 0.0107439 0.0211615 0.101798 -0.012213 -0.0138629
internal_weight=16678.7 13819.2 2859.47 9629.76 4189.45 7762.05 2332.95 1867.72 2910.43 1434.3 1085.93 6160.31 1680.37 4554.44 1279.02 1015.15 781.79 1605.87 1602.25 1078.15 963.033 17.0307 3539.29 2028.7 1671.57 1630.35 946.002 10.6834 1230.06 1104.95
internal_count=88372 72849 15523 50537 22312 40842 12586 9695 15588 7774 5599 32502 8960 24027 6724 5368 4096 8475 8551 5838 4953 86 18659 10676 8796 8578 4867 54 6628 5957
is_linear=0
shrinkage=0.05


Tree=16
num_leaves=31
num_cat=0
split_feature=20 20 21 20 53 20 53 44 53 53 19 20 53 44 30 32 5 44 17 20 38 20 20 18 53 17 41 44 38 23
split_gain=683.451 205.31 139.319 95.5354 60.4347 47.7944 42.9232 39.5236 29.624 22.3972 19.231 18.7863 18.3501 18.1454 19.3992 17.1043 16.9144 16.9005 15.8474 15.4525 15.4134 15.3506 14.6592 18.6672 14.5007 14.4403 14.0049 17.3792 13.599 13.3847
threshold=4.3150000000000004 2.4550000000000005 4.8050000000000006 5.1550000000000011 4.6158333333333355 5.6650000000000009 4.5625000000000009 17.500000000000004 4.9108333333333354 5.4455000000000009 6.0550000000000006 1.6050000000000002 5.1073333333333339 36.600000000000001 26.800000000000001 39.45000000000001 7.285000000000001 13.150000000000002 5.7550000000000008 4.6750000000000007 21.550000000000001 3.8650000000000007 4.7150000000000007 6.285000000000001 4.3273333333333346 6.6350000000000007 18.900000000000002 31.700000000000006 36.20000000000001 4.5000000000000009
decision_type=10 10 10 10 2 10 2 2 2 2 8 10 2 2 2 2 8 2 8 10 2 10 10 8 2 10 2 2 2 2
left_child=1 11 5 8 17 6 22 12 29 15 26 -1 -5 14 28 16 19 21 -6 -8 -10 -3 23 -2 -23 -24 27 -9 -7 -4
right_child=2 4 3 7 18 13 9 10 20 -11 -12 -13 -14 -15 -16 -17 -18 -19 -20 -21 -22 24 25 -25 -26 -27 -28 -29 -30 -31
leaf_value=-0.044135000122157909 0.0072134151688831409 -0.0090892212772388219 0.087386043726625534 0.01237004741652576 -0.013196958024957565 0.018989794186809853 -0.0023524032310253346 0.015542709263649902 -0.01187562533950069 -0.0094601399584314516 0.0055915388774506582 -0.030466113075059233 0.00049626797827857338 0.039589108809313371 0.0048373736930405606 0.061187877265932611 0.10221131138928247 0.019204390311806249 -0.022800612645328233 0.0089911579539305852 0.0015678136196155075 0.014276012229688032 0.02356562751591891 0.063306946836801742 -0.0055586177935747069 0.089401646512092772 0.0083670030738853627 0.034828074455294976 0.040150306432957195 0.0054893476051699145
leaf_weight=525.41886222362518 271.92151346802711 480.72577939927578 5.0715294480323783 369.31169438362122 1271.9763101190329 1435.642639786005 410.28551205992699 509.94323694705963 1472.817770794034 247.357814848423 923.66510236263275 481.94283466041088 2735.7712031304836 103.17601674795151 241.0143129080534 14.292162626981733 4.5769324749708167 93.404950425028801 648.59907808899879 1119.1310467123985 249.30527818202972 186.44288454949856 418.55122444033623 15.687483072280882 182.1927897632122 8.4980594068765622 429.69105099141598 151.53225404024124 80.166503444314003 306.62623897194862
leaf_count=3218 1527 2780 29 2079 7476 7976 2350 2875 8586 1429 5255 2899 15678 556 1366 81 26 524 3841 6331 1453 1067 2318 85 1047 45 2438 847 432 1758
internal_value=-3.1585e-06 -0.0181811 0.00610247 0.0018055 -0.0113509 0.0131362 0.00863529 0.00544726 -0.00736221 0.00451059 0.0109009 -0.0375955 0.00190851 0.0192106 0.0180138 0.00674259 0.00623532 -0.000982976 -0.0164402 0.0059481 -0.00992947 -0.003203 0.018999 0.010273 0.00447304 0.0248757 0.0153952 0.0199606 0.0201089 0.00682186
internal_weight=15394.7 3870.7 11524 7153.74 2863.34 4370.3 2510.3 5119.91 2033.82 1795.64 2014.83 1007.36 3105.08 1860 1756.82 1548.29 1533.99 942.766 1920.58 1529.42 1722.12 849.361 714.658 287.609 368.636 427.049 1091.17 661.475 1515.81 311.698
internal_count=88372 22852 65520 40998 16735 24522 14192 29172 11826 10217 11415 6117 17757 10330 9774 8788 8707 5418 11317 8681 10039 4894 3975 1612 2114 2363 6160 3722 8408 1787
is_linear=0
shrinkage=0.05


Tree=17
num_leaves=31
num_cat=0
split_feature=21 21 53 21 21 53 53 53 51 21 21 45 53 53 21 21 15 51 22 7 21 33 43 15 33 41 46 33 43 50
split_gain=1273.75 327.49 184.605 180.421 98.9015 79.962 78.6186 67.1345 32.4266 30.0885 22.7637 21.6099 21.3429 21.2301 23.6795 20.1065 19.7421 19.0648 20.9952 18.6137 17.2334 16.8279 16.7027 16.6892 16.5967 16.484 15.8512 15.61 15.4435 20.6635
threshold=4.745000000000001 2.7650000000000001 5.5808333333333353 5.6050000000000013 6.2550000000000008 6.0075000000000012 4.701833333333334 5.0275000000000007 3.5000000000000004 4.0250000000000012 5.0850000000000009 26.500000000000004 5.0536666666666674 5.3718333333333339 4.0250000000000012 5.1850000000000014 6.9250000000000007 3.5000000000000004 27.500000000000004 6.5050000000000008 2.0150000000000001 21.550000000000001 5.7500000000000009 6.9750000000000005 17.750000000000004 24.550000000000004 2.5000000000000004 29.000000000000004 14.050000000000002 1.5000000000000002
decision_type=10 10 2 10 10 2 2 2 2 10 10 2 2 2 10 10 8 2 2 10 10 2 2 8 2 2 2 2 2 2
left_child=1 20 3 7 15 17 9 28 12 -3 -9 -7 16 14 -8 -4 -5 18 -6 -16 -1 -20 -19 24 -11 -24 -10 -12 29 -2
right_child=2 6 4 8 5 11 13 10 26 23 27 -13 -14 -15 19 -17 -18 22 21 -21 -22 -23 25 -25 -26 -27 -28 -29 -30 -31
leaf_value=-0.041968690277571913 0.038258473835752226 -0.0088932879258842874 -0.016637415628393604 0.03348790858820147 0.040701770003013726 0.0021121217718389033 -0.020981787671498539 -0.0086758714154946525 0.026613973166899976 0.0093010701960419325 0.0039584727305077274 0.023363152822961829 0.015763062954382193 -0.023735671011841319 0.10497475950486679 -0.0029648174508748425 0.010034143083356886 0.053921051728311978 -0.0082028706028272301 -0.0094056925144430249 -0.030285905464529292 0.046714870611951814 0.035419910132416861 -0.015216487210793451 0.055283149820121072 0.0065973314312355235 0.037066232806063089 0.057133253387696925 0.0083532230805155559 0.01670321914658961
leaf_weight=1143.3377712368965 143.59106701612473 497.37005446851254 330.0174290984869 415.34463737905025 47.628145158290863 1100.9838526844978 652.45667561888695 505.5078073143959 861.28160171210766 471.43001416325569 779.31552743911743 134.21054142713547 896.47266715764999 682.38165946304798 3.5679817646741858 1451.6841601133347 114.4472112506628 83.867083728313446 87.050547197461128 1142.7269329726696 436.04600310325623 16.610739290714264 202.35924158990383 67.973564982414246 20.476233288645744 65.715786829590797 626.63497936725616 14.050489932298659 338.81957793235779 492.61414487659931
leaf_count=7813 873 3225 2149 2530 296 7014 4324 3270 5260 2962 4938 830 5586 4526 23 9314 697 511 542 7419 2927 103 1232 443 126 404 3765 87 2121 3062
internal_value=-1.51533e-05 -0.0198116 0.0116191 0.0176157 0.00278119 0.0112658 -0.0113614 0.00706011 0.0258521 5.60136e-05 -0.000383464 0.00442116 0.020465 -0.0162265 -0.0133778 -0.00549734 0.0284214 0.0280661 0.0132227 -0.00904967 -0.0387432 0.000597177 0.0344468 0.00800614 0.0112151 0.0283544 0.0310159 0.0049002 0.016976 0.0215682
internal_weight=13826 5117.77 8708.21 5188.08 3520.13 1738.43 3538.38 2273.9 2914.18 1057.25 1298.87 1235.19 1426.26 2481.13 1798.75 1781.7 529.792 503.232 151.289 1146.29 1579.38 103.661 351.942 559.88 491.906 268.075 1487.92 793.366 975.025 636.205
internal_count=88372 33788 54584 32189 22395 10932 23048 14351 17838 6756 8295 7844 8813 16292 11766 11463 3227 3088 941 7442 10740 645 2147 3531 3088 1636 9025 5025 6056 3935
is_linear=0
shrinkage=0.05


Tree=18
num_leaves=31
num_cat=0
split_feature=16 40 28 28 28 40 3 8 11 16 16 13 22 21 40 16 22 20 13 11 25 40 7 27 40 10 11 39 0 24
split_gain=419.872 127.048 49.5312 35.5537 33.0651 27.4197 19.0337 18.2652 17.3719 19.5925 19.1584 16.8791 18.2431 23.9049 16.1985 15.0139 20.2126 18.2975 22.7523 13.2494 13.0668 13.0153 13.2758 13.0003 12.8798 12.8368 17.1202 14.3062 16.2918 13.3239
threshold=5.6750000000000007 13.450000000000001 69.100000000000009 52.300000000000004 9.5500000000000025 19.600000000000005 17.950000000000003 2.2500000000000004 6.5850000000000009 4.5650000000000004 5.0850000000000009 7.0550000000000006 34.500000000000007 5.1850000000000014 6.6000000000000005 6.3550000000000013 1.5000000000000002 5.5250000000000012 6.7150000000000007 6.6250000000000009 19.500000000000004 23.300000000000004 6.995000000000001 4.5000000000000009 6.1500000000000012 -1.0000000180025095e-35 6.6450000000000005 10.800000000000002 6.5000000000000009 30.500000000000004
decision_type=8 2 2 2 2 2 10 10 8 10 10 10 2 10 2 8 2 8 10 8 2 2 8 2 2 10 10 2 2 2
left_child=1 4 7 5 8 -3 20 15 9 -1 11 23 13 -13 -6 17 -17 -2 -19 -20 25 -8 -23 -10 -18 -7 -27 29 -29 -28
right_child=2 3 -4 -5 14 6 21 -9 10 -11 -12 12 -14 -15 -16 16 24 18 19 -21 -22 22 -24 -25 -26 26 27 28 -30 -31
leaf_value=0.012514778540672187 -0.0080984090703763306 0.017626498869394429 -0.01831139290407224 0.0045916982302181431 -0.0062507435445156275 0.023037475990024588 0.029460027715647708 0.09815158862068861 0.080070374010825465 0.21316547575816142 -0.00077706700367164902 0.044022728002421067 0.022407380198644522 0.22735176190500256 0.0035719890719143701 0.085697494730054696 -0.017659216433481697 0.027281342903963297 0.12629483803086269 -0.0015812359620839076 0.017156123778998108 0.051853613499150533 0.0088079840992704335 0.015462925343366166 -0.0071836798044823723 0.20212530643303103 0.0879794699794747 0.23908333581383745 0.044571594535602006 0.0049337908411857968
leaf_weight=2.5630473718047133 960.9755385518074 782.52289006859064 1565.2490914016962 276.40085624158382 589.34083817899227 35.406740605831146 200.38889076560736 4.1135303527116767 7.9297831803560248 2.3158811256289482 179.63927013427019 3.8737461790442493 9.4670194536447507 3.2868959754705429 1458.1832261532545 5.3266690373420706 535.58146587759256 84.225105151534081 2.0347134768962851 452.93859082460403 259.07677987217903 178.32070884108543 19.911982260644436 430.22123218327761 648.96879599243402 2.2151599675416973 8.2012795433402115 2.1035602986812583 2.2048474624752998 11.749337337911127
leaf_count=25 9921 7534 16694 2763 6003 336 1834 31 77 23 1800 36 89 30 14597 55 5586 866 21 4657 2464 1591 181 4191 6715 21 78 20 21 112
internal_value=-6.93583e-06 0.0107058 -0.0112376 0.021072 0.00384406 0.0241045 0.0311492 -0.00712782 0.0137706 0.107758 0.0130478 0.0185087 0.0679558 0.128175 0.000744702 -0.00728881 -0.0114831 -0.00396209 0.00340977 -0.00100935 0.0220867 0.038446 0.0475298 0.0166322 -0.0119201 0.0427294 0.0690655 0.0569154 0.139541 0.0390721
internal_weight=8724.74 4465.32 4259.41 1778.5 2686.82 1502.1 719.579 2694.16 639.297 4.87893 634.418 454.779 16.6277 7.16064 2047.52 2690.05 1189.88 1500.17 539.198 454.973 320.958 398.622 198.233 438.151 1184.55 61.8809 26.4742 24.259 4.30841 19.9506
internal_count=88372 43826 44546 16955 26871 14192 6658 27852 6271 48 6223 4423 155 66 20600 27821 12356 15465 5544 4678 3052 3606 1772 4268 12301 588 252 231 41 190
is_linear=0
shrinkage=0.05


Tree=19
num_leaves=31
num_cat=0
split_feature=41 54 17 21 17 54 20 6 52 31 52 34 41 20 52 34 28 29 41 40 3 28 9 37 38 19 29 41 24 29
split_gain=104.202 39.3709 34.2388 28.194 16.7802 16.3662 15.6007 14.9121 13.7266 12.9282 13.6326 12.9216 12.7304 18.235 15.998 14.3846 21.5873 11.9448 14.4179 11.9357 11.8686 11.3722 11.5876 12.7352 11.5022 11.0236 10.9139 12.6223 10.8183 10.6422
threshold=18.900000000000002 0.36333333333333379 2.5350000000000006 5.1250000000000009 4.8450000000000006 0.33499999999999958 3.5750000000000006 1.2500000000000002 1.2600000000000009 36.050000000000004 0.84000000000000019 30.200000000000003 25.300000000000004 4.1550000000000011 2.6950000000000007 22.900000000000002 65.450000000000017 6.0500000000000016 14.550000000000002 6.3500000000000005 5.7500000000000009 41.45000000000001 7.0050000000000008 15.900000000000002 13.950000000000001 7.8550000000000013 43.20000000000001 27.900000000000002 75.500000000000014 23.300000000000004
decision_type=2 10 8 10 10 10 10 8 8 2 10 2 2 8 8 2 2 2 2 2 10 2 10 2 2 10 2 2 2 2
left_child=2 20 -1 5 6 8 28 11 21 -7 -11 12 13 -3 19 29 -17 25 -19 -15 -2 22 -4 -24 -25 -6 27 -22 -5 -14
right_child=1 7 3 4 17 9 -8 -9 -10 10 -12 -13 15 14 -16 16 -18 18 -20 -21 26 -23 23 24 -26 -27 -28 -29 -30 -31
leaf_value=-0.030697713260692667 -0.018638575554142226 0.016782888850407959 -0.0072078130259828274 -4.5048725052651564e-05 0.0011772500355041839 0.0017941336469380839 -0.011951385430880562 -0.045880655377159164 -0.028158731493400053 0.052877248151783934 0.006259833972444776 -0.0025373443426661198 0.014088825532826359 0.01105438441233992 -0.023922419473776046 0.020685971510104609 0.07565176379781563 -0.0080974517517999004 -0.00020224714557016401 0.00032808872117876599 -0.00023306671880582517 0.0023017203814529462 -0.0057477579288497671 0.01290730493677639 0.070355197379272552 0.074907314998441138 -0.016935546629619557 0.0064833374617024077 0.07647347684791414 0.002472952052515253
leaf_weight=112.08869355916977 73.797657370567322 356.82315741479397 1112.3498789817095 261.43115451931953 838.65257973968983 2709.298679202795 1334.1577912718058 12.283494815230368 55.612507611513138 25.43718047440052 40.897013664245605 213.6010802090168 938.80349417030811 466.25076985359192 49.773953497409821 165.25471663475037 20.027789503335953 1605.5921193361282 903.72561785578728 584.45078176259995 2004.0183883011341 663.22864829003811 45.276862993836403 24.246858775615692 13.600351572036741 5.1004261523485175 77.092394858598709 1074.6438527852297 4.7022649943828574 249.60860559344292
leaf_count=656 407 1900 6187 1447 4641 14861 7495 74 318 139 225 1156 5026 2539 277 885 107 8926 5022 3185 11037 3679 252 135 76 26 440 5890 26 1338
internal_value=1.22496e-05 0.00503223 -0.00322265 -0.0029033 -0.00553398 -0.000124851 -0.00974648 0.00909936 -0.00368144 0.00232808 0.0241362 0.00932118 0.0102159 0.0069606 0.00377578 0.0136693 0.0266274 -0.00352352 -0.00525401 0.0050879 0.00118256 -0.00294908 -0.00586214 0.0121454 0.0335511 0.00162294 0.00164607 0.00211137 0.00130694 0.0116491
internal_weight=16041.8 6286.43 9755.4 9643.31 4953.36 4689.95 1600.29 3056.88 1914.32 2775.63 66.3342 3044.59 2830.99 1457.3 1100.48 1373.69 185.283 3353.07 2509.32 1050.7 3229.55 1858.7 1195.47 83.1241 37.8472 843.753 3155.75 3078.66 266.133 1188.41
internal_count=88372 34261 54111 53455 27583 25872 8968 16487 10647 15225 364 16413 15257 7901 6001 7356 992 18615 13948 5724 17774 10329 6650 463 211 4667 17367 16927 1473 6364
is_linear=0
shrinkage=0.05


Tree=20
num_leaves=31
num_cat=0
split_feature=18 54 52 42 18 53 54 42 17 52 19 42 20 21 29 26 18 22 20 43 29 16 8 19 39 31 17 11 25 42
split_gain=89.3189 62.4641 32.9602 27.8684 27.4453 25.5721 20.3557 19.6392 17.0525 17.0198 15.8185 15.0455 14.4949 15.1861 14.31 13.4274 13.2563 15.44 15.9096 14.871 15.6696 13.2111 13.1549 12.9822 12.9325 12.736 12.4821 14.2534 13.1223 12.2166
threshold=4.2350000000000012 0.83500000000000052 0.95000000000000073 22.050000000000001 3.3950000000000005 4.5625000000000009 0.031666666666666454 25.450000000000003 5.745000000000001 0.51999999999999991 6.9150000000000009 22.400000000000002 5.8450000000000006 5.6050000000000013 10.950000000000001 80.500000000000014 4.995000000000001 49.500000000000007 4.3150000000000004 5.7500000000000009 20.950000000000006 6.785000000000001 0.75000000000000011 5.5850000000000009 22.450000000000003 11.900000000000002 6.2250000000000005 7.1150000000000011 6.5000000000000009 12.250000000000002
decision_type=10 8 8 2 10 2 10 2 8 10 10 2 10 8 2 2 10 2 8 2 2 8 8 8 2 2 10 8 2 2
left_child=4 3 11 8 23 21 14 22 15 26 16 25 13 -7 -5 -2 17 18 19 20 -10 -6 -4 -1 -16 -3 -8 28 -28 -22
right_child=1 2 7 6 5 12 9 -9 10 -11 -12 -13 -14 -15 24 -17 -18 -19 -20 -21 29 -23 -24 -25 -26 -27 27 -29 -30 -31
leaf_value=-0.012497513059813623 -0.0046359408019272207 0.016572962334871714 0.0023241281558856511 -0.0066131163748400076 0.00092212185302749199 -0.00096051010310741034 0.0067464938432024758 0.012561822743101964 0.0059492049863839333 0.0022437554003248979 -0.0075065329608354926 0.02376872461325702 -0.017002105321795424 -0.01294533230413622 0.005169562541685253 0.027961492546208524 0.0039848739750890675 0.0061952516008138767 -0.015204578771613126 -0.0044228448300163703 0.12677835537273402 0.039117786042172163 -0.038370215192790935 -0.028213593759042494 -0.013351060288737207 0.004027713489712796 0.071421182331855654 0.10988856521602804 0.01678035130606775 0.024700543139902276
leaf_weight=411.31399643421173 3806.1535900831223 437.65459030866623 2106.0120436996222 577.2865669131279 710.91657957434654 611.31275604665279 392.4756448417902 547.22799783945084 15.517735078930857 710.73810783028603 513.53372466564178 306.67179164290428 429.93808123469353 465.65294079482555 908.77875100076199 31.855532631278038 2101.2509289681911 231.44852060079575 323.66658553481102 69.405098855495453 6.7099553942680341 23.383341088891029 20.048165544867516 193.0861863642931 105.16426052153111 376.21954515576363 11.334146231412886 4.3113508224487296 359.68068867921829 5.2045896500349045
leaf_count=2235 20212 2222 10996 3038 3745 3248 2042 2800 81 3722 2703 1532 2314 2497 4759 166 10966 1218 1713 364 35 117 113 1058 555 1948 59 22 1865 27
internal_value=1.14993e-05 0.00165633 0.00713192 -0.000385384 -0.00806256 -0.00551257 0.0035956 0.00411462 -0.00210546 0.00781947 0.000549666 0.0143303 -0.00924084 -0.00614245 -0.000329135 -0.00436538 0.00205233 -0.0041763 -0.00988488 0.00789554 0.0390617 0.00213844 0.00194039 -0.0175183 0.00324864 0.0107738 0.0129808 0.0194999 0.0184496 0.0821881
internal_weight=16814 13968.3 3793.83 10174.5 2845.6 2241.2 3069.77 2673.29 7104.75 1478.54 3266.74 1120.55 1506.9 1076.97 1591.23 3838.01 2753.2 651.952 420.504 96.8374 27.4323 734.3 2126.06 604.4 1013.94 813.874 767.802 375.326 371.015 11.9145
internal_count=88372 73158 19611 53547 15214 11921 16062 13909 37485 7710 17107 5702 8059 5745 8352 20378 14404 3438 2220 507 143 3862 11109 3293 5314 4170 3988 1946 1924 62
is_linear=0
shrinkage=0.05


Tree=21
num_leaves=31
num_cat=0
split_feature=19 19 19 21 43 20 54 53 38 3 54 20 10 21 11 49 15 39 37 20 52 42 20 21 43 17 19 20 37 24
split_gain=326.544 119.485 69.8122 57.079 56.2747 35.4455 32.5751 29.9125 28.5939 24.6884 18.371 17.7234 17.6442 17.1192 16.1185 13.5195 13.5168 13.1619 13.0747 13.6233 12.5369 12.0548 12.9959 11.9807 11.9419 11.7942 12.2119 11.786 16.6302 16.3707
threshold=3.8550000000000004 5.035000000000001 2.1050000000000004 4.6250000000000009 27.100000000000005 5.2150000000000007 0.93000000000000116 4.7591666666666681 5.1500000000000012 16.250000000000004 0.53733333333333422 6.8750000000000009 1.0000000180025095e-35 5.7350000000000012 6.6750000000000007 2.5000000000000004 7.4050000000000011 14.650000000000002 26.800000000000001 6.4450000000000012 0.74000000000000077 23.900000000000002 5.2750000000000012 1.0550000000000004 16.400000000000002 5.8550000000000013 7.0950000000000006 4.6750000000000007 43.750000000000007 49.500000000000007
decision_type=10 10 10 10 2 10 8 2 2 8 8 8 8 10 8 2 8 2 2 10 10 2 10 10 2 10 10 8 2 2
left_child=2 3 -1 5 6 10 12 -4 18 17 -2 23 13 25 20 21 -10 -6 -5 -20 -7 22 -15 -11 -9 26 -3 29 -29 -27
right_child=1 4 7 8 9 14 -8 24 16 11 -12 -13 -14 15 -16 -17 -18 -19 19 -21 -22 -23 -24 -25 -26 27 -28 28 -30 -31
leaf_value=-0.038350513819289271 -7.1303786552155986e-05 0.0040807638150869149 -0.0081053366155831221 -0.0036478607087615904 0.0099294391146149269 0.0048544630671238098 0.010252469471659342 -0.024599940073454354 -0.012277367374915615 0.074540152995656653 0.012708914791152557 0.00050555779726272102 -0.0092442338070751161 0.0057842138696883828 -0.0070459522782247075 0.001612225868116211 0.065967188863578219 -0.0065427249474793369 0.011157399213491299 0.098738547630939311 0.056655993468362642 -0.021593055412835294 -0.013026211371822341 0.020077086374975083 -0.0063289112108912034 0.025952069470575781 -0.01204372958654143 0.0053855827003952868 0.069310986985701317 0.0027687989937913008
leaf_weight=383.69927462935448 437.32317042350769 1946.2137252688408 836.86676682531834 1089.9241920113564 635.87038779258728 37.092633575201035 1614.1539642810822 621.95596435666084 1803.8235768973827 10.204201653599737 787.57975074648857 122.98597995936871 315.46555618941784 192.75152464210987 780.34988328814507 2163.8232590854168 5.5365265607833853 149.84988959133625 95.497933581471443 4.6566888839006415 17.048349395394325 117.13059428334236 175.36079689860344 966.346903398633 104.44949083030224 207.51362091302872 124.96220000088215 796.60763956606388 10.305611059069632 120.28759007155895
leaf_count=2200 2308 10186 4541 5851 3292 197 8340 3438 9786 51 4098 646 1679 1021 4191 11453 30 804 510 25 90 633 945 4902 570 1079 652 4174 54 626
internal_value=4.51789e-06 0.00254841 -0.0192398 -0.00367789 0.00580573 0.00273175 0.00392864 -0.0145491 -0.0080787 0.0135566 0.00814603 0.0183934 0.00227436 0.00289498 -0.00521558 -7.92756e-05 -0.0120379 0.00678792 -0.00205918 0.0152295 0.0211661 -0.00762212 -0.00317667 0.0206462 -0.0219728 0.00535264 0.00310791 0.00944991 0.00620202 0.0174449
internal_weight=16675.6 14728.7 1946.97 5058.83 9669.83 2059.39 7784.58 1563.27 2999.44 1885.26 1224.9 1099.54 6170.42 5854.96 834.491 2649.07 1809.36 785.72 1190.08 100.155 54.141 485.243 368.112 976.551 726.405 3205.89 2071.18 1134.71 806.913 327.801
internal_count=88372 77623 10749 27086 50537 10884 40842 8549 16202 9695 6406 5599 32502 30823 4478 14052 9816 4096 6386 535 287 2599 1966 4953 4008 16771 10838 5933 4228 1705
is_linear=0
shrinkage=0.05


Tree=22
num_leaves=31
num_cat=0
split_feature=20 20 21 20 53 20 44 20 19 53 17 20 5 53 19 44 30 32 38 53 27 24 19 13 53 20 21 32 41 30
split_gain=627.259 193.002 119.797 88.1184 57.3732 45.5359 38.306 27.885 25.797 24.8326 22.5287 23.2639 24.35 21.8959 21.2834 20.0976 18.7273 18.2735 17.1667 17.1373 16.5788 16.2405 16.1325 15.7421 15.4752 15.0695 14.8023 14.1328 13.8439 13.338
threshold=4.2950000000000008 2.8050000000000002 4.8050000000000006 4.8750000000000009 4.6158333333333355 4.8350000000000009 17.500000000000004 1.7850000000000004 4.6050000000000013 5.0608333333333348 3.4450000000000007 5.7950000000000008 7.2350000000000012 4.6158333333333355 4.6650000000000009 41.050000000000004 23.650000000000002 37.70000000000001 41.300000000000004 4.9791666666666687 36.500000000000007 61.500000000000007 6.0550000000000006 6.6350000000000007 5.2391666666666685 5.6350000000000007 6.0550000000000006 5.1500000000000012 25.700000000000006 21.950000000000003
decision_type=10 10 10 10 2 10 2 10 10 2 8 10 8 2 10 2 2 2 2 2 2 2 8 10 2 10 10 2 2 2
left_child=1 7 5 14 -3 13 9 -1 23 -5 -10 12 17 20 -4 16 -13 19 25 21 -2 -12 28 -7 27 -11 -27 -6 -8 -19
right_child=2 4 3 6 24 8 22 -9 10 18 11 15 -14 -15 -16 -17 -18 29 -20 -21 -22 -23 -24 -25 -26 26 -28 -29 -30 -31
leaf_value=-0.041952542053126651 0.022605784058049 0.00056139569180588961 -0.00086219869203840748 0.012746456815631435 -0.017368940436292224 -0.0095748011217257952 0.016104880344388242 -0.026392573833032531 0.037797823497576523 -0.0052203783926244194 0.016653265899694038 0.018459129365132266 0.13161253803915482 -0.0025459936461465198 -0.014023611672442588 0.061662962951289396 0.0010030083537782581 0.032082240392788695 0.026537102137062868 -0.00068184467657175427 0.0028558914679610711 -0.0094003072153886705 0.0048455240662313888 0.022050957285859825 -0.022363761967716739 0.0065011847257405372 -0.0020909941619941391 -0.0064897650589298504 0.0023954081374477892 0.13780039280706488
leaf_weight=624.80064296722412 198.15875022113323 835.08654750883579 461.0680954605341 418.98087553679943 628.22299364209175 40.750732511281967 980.54513740539551 534.04387593269348 80.281369686126709 1162.2148000001907 354.1960451900959 809.1411494165659 3.8274633735418311 652.29406276345253 920.23617041110992 23.77102929353714 189.65884976089001 12.004915326833723 58.980992898344994 641.44689977169037 229.11780422925949 71.967548280954361 959.85742254555225 1142.9514433145523 544.93592417240143 942.18895046412945 1071.1105380356312 568.80960883200169 226.72131057083607 3.9702686369419089
leaf_count=3946 1100 4779 2658 2359 3746 223 5488 3258 440 6724 1961 4421 21 3738 5432 125 1063 66 338 3627 1274 399 5450 6262 3275 5381 6144 3366 1286 22
internal_value=-5.66814e-06 -0.0178345 0.00570897 0.00172278 -0.0102136 0.0121551 0.00441704 -0.0347819 0.015015 0.00129306 0.0118009 0.0108118 0.00572057 0.00321714 -0.00963044 0.0162258 0.0151444 0.0052759 -0.000190558 0.00448163 0.0120153 0.0122535 0.00968365 0.0209622 -0.0153791 -0.000686989 0.00193 -0.0121993 0.0135303 0.0583561
internal_weight=15391.3 3735.9 11655.4 7201.9 2577.06 4453.54 5820.6 1158.84 3373.97 3653.48 2190.27 2109.98 1087.41 1079.57 1381.3 1022.57 998.8 1083.59 3234.5 1067.61 427.277 426.164 2167.12 1183.7 1741.97 3175.51 2013.3 1197.03 1207.27 15.9752
internal_count=88372 22370 66002 41260 15166 24742 33170 7204 18630 20946 12145 11705 6096 6112 8090 5609 5484 6075 18587 5987 2374 2360 12224 6485 10387 18249 11525 7112 6774 88
is_linear=0
shrinkage=0.05


Tree=23
num_leaves=31
num_cat=0
split_feature=21 21 53 21 21 53 53 53 21 21 39 51 21 53 21 53 22 53 21 21 41 28 17 44 45 54 15 17 20 33
split_gain=1167.25 315.842 162.885 129.246 117.847 77.3059 72.863 42.7367 27.428 26.2046 23.1472 20.7604 20.1849 22.9639 19.3629 18.9776 17.9069 18.2944 17.8605 17.2068 16.5512 16.2579 16.3488 16.0672 15.6487 15.5874 15.5317 15.5245 15.5149 15.3309
threshold=4.745000000000001 2.7650000000000001 5.4736666666666673 5.5650000000000004 6.0950000000000006 6.0600000000000014 4.701833333333334 4.8541666666666687 4.0250000000000012 6.5650000000000004 13.950000000000001 3.5000000000000004 4.1650000000000009 5.2391666666666685 7.0750000000000011 4.9425000000000017 5.5000000000000009 4.701833333333334 5.2250000000000005 2.0150000000000001 11.650000000000002 68.500000000000014 6.0850000000000009 16.400000000000002 26.500000000000004 -0.21999999999999947 6.9650000000000007 4.5050000000000008 7.2350000000000012 27.000000000000004
decision_type=10 10 2 10 10 2 2 2 10 10 2 2 10 2 10 2 2 2 10 10 2 2 10 2 2 10 8 10 8 2
left_child=1 19 3 7 18 9 8 16 -3 -6 29 15 -8 -14 23 26 17 -2 27 -1 21 -11 -23 -7 -16 -13 -5 -4 -10 -9
right_child=2 6 4 11 5 14 12 10 28 20 -12 25 13 -15 24 -17 -18 -19 -20 -21 -22 22 -24 -25 -26 -27 -28 -29 -30 -31
leaf_value=-0.041436397753104176 0.10093861416844947 -0.0085630065171991791 0.023099244948806982 0.032621507484197197 0.014335761855143202 0.0062454021833435163 -0.021030432816404709 -0.0013069271659259638 0.0069384104135304693 0.03664400636802858 0.019131101349626669 0.022323555763929803 -0.0059421604940467897 -0.018665788265250293 0.0083887098247586982 0.016036256119974997 0.016928513971353441 -0.01658102677247849 -0.0025962063134508063 -0.02960720427587632 0.024659238996456556 0.059668333621340053 0.15270078530044062 -0.0068801448417332642 0.034463327575676363 0.033311916688851445 0.0055982731709260519 -0.015899673394912255 0.11548405583550986 0.027145737520092618
leaf_weight=1106.0420993417501 12.27421283721924 494.14738215506077 27.023438602685928 370.86430537700653 472.23789030313492 476.87823118269444 1022.6994346231222 1097.8286255598068 560.03696644306183 114.0270861685276 181.61800341308117 538.36104795336723 766.82096135616302 659.70512150228024 315.45728912949562 912.75676637887955 618.38659963011742 4.5352057963609687 1400.4659014046192 425.75353872776031 309.38462087512016 23.592349991202358 5.9041411131620398 456.2041050195694 70.379485562443733 805.78912764787674 62.071690365672112 458.18176952004433 3.3114900290966025 49.477230295538902
leaf_count=7813 75 3225 176 2198 2901 3031 6864 6961 3512 675 1145 3224 5002 4426 2008 5589 3781 28 9013 2927 1857 136 34 2907 420 4735 373 3011 19 306
internal_value=-2.29661e-05 -0.0192075 0.0109817 0.0173956 0.00375363 0.0114961 -0.0109337 0.00764463 3.48024e-05 0.0225767 0.00254557 0.0245157 -0.0156696 -0.0118263 0.00372376 0.0201256 0.0183126 0.0692316 -0.00546045 -0.0381485 0.0311694 0.045203 0.0782901 -0.000171961 0.0131449 0.0289108 0.0287471 -0.0137276 0.00757647 -7.99143e-05
internal_weight=13822.2 5038.52 8783.7 4653.96 4129.74 2244.07 3506.72 1964.12 1057.5 925.146 1328.92 2689.84 2449.23 1426.53 1318.92 1345.69 635.196 16.8094 1885.67 1531.8 452.908 143.524 29.4965 933.082 385.837 1344.15 432.936 485.205 563.348 1147.31
internal_count=88372 33788 54584 28415 26169 13969 23048 12296 6756 5603 8412 16119 16292 9428 8366 8160 3884 103 12200 10740 2702 845 170 5938 2428 7959 2571 3187 3531 7267
is_linear=0
shrinkage=0.05


Tree=24
num_leaves=31
num_cat=0
split_feature=16 40 28 28 28 40 8 40 3 40 20 22 32 52 22 54 13 18 11 3 18 40 22 52 21 44 44 25 25 7
split_gain=382.922 103.591 50.6986 30.6952 29.5734 24.2504 17.9034 18.133 16.1702 14.7553 15.3322 14.4209 14.0895 26.8635 17.6746 12.7879 12.6287 12.3615 12.299 14.726 12.5438 12.26 12.608 12.2571 13.5051 12.2432 16.0831 11.9334 11.8948 13.0937
threshold=5.6350000000000007 13.450000000000001 69.100000000000009 29.700000000000003 52.300000000000004 19.600000000000005 2.2500000000000004 8.9500000000000011 17.950000000000003 25.150000000000002 6.7750000000000012 50.500000000000007 21.950000000000003 -0.044999999999999894 19.500000000000004 1.1283333333333327 6.6550000000000011 7.535000000000001 7.2550000000000008 18.950000000000003 2.6250000000000004 23.300000000000004 56.500000000000007 -0.67500000000000016 3.6550000000000007 30.200000000000003 37.800000000000004 50.500000000000007 18.500000000000004 6.8950000000000005
decision_type=8 2 2 2 2 2 10 2 10 2 8 2 2 8 2 8 10 10 8 10 10 2 2 10 8 2 2 2 2 10
left_child=1 3 6 -1 5 18 7 -2 17 10 -9 12 -12 -14 -15 -4 27 28 20 -20 23 22 25 -3 -25 -18 -27 -10 29 -7
right_child=2 4 15 -5 -6 8 -8 9 16 -11 11 -13 13 14 -16 -17 21 -19 19 -21 -22 -23 -24 24 -26 26 -28 -29 -30 -31
leaf_value=0.010871455835371715 -0.010178661862119256 0.0097020869707210525 -0.014275458452052959 -0.00025168993840793229 0.0042551844932185506 0.028757922104257969 0.091508230859284112 -0.0025286018686372456 0.049931155197418545 -0.023757218214869095 0.019874612468539065 -0.0066389544015148716 0.18860796120891146 0.11898724233575214 -0.020818016007984507 -0.023641294408432753 0.014213338306819435 0.14021846129376297 -0.0011206743595972804 0.1720104122466776 0.01490536745223495 0.042564053101693367 0.046732094164000815 0.21054054702294916 0.063967287917508428 0.13555938912284596 -0.025099873317471866 0.14371101545431958 0.015330007249446812 0.089386915408274342
leaf_weight=1012.107451595366 1583.3474636003375 6.2612541094422332 970.98868604749441 1601.8944884240627 264.17055591195822 45.920417159795761 4.6506728976964942 1002.4138102009892 10.756809964776037 73.147653512656689 56.993213191628456 40.732605457305908 3.8373619690537453 3.63813868165016 5.9709842875599861 583.45571546256542 138.41714881360531 2.1450376212596884 2.2195698991417876 2.7499017864465714 764.73337628692389 197.59708122909069 49.320123180747032 2.1418362855911228 5.9023217633366594 4.6691321060061446 2.3376641720533371 4.9547356441617003 264.77282290905714 11.04758185148239
leaf_count=9829 16602 59 10534 16194 2629 421 33 10335 84 769 565 404 38 36 59 6312 1246 20 21 26 7252 1707 440 20 56 42 21 37 2480 101
internal_value=-7.70455e-06 0.0103903 -0.0105617 0.00405505 0.0196934 0.0223836 -0.00651185 -0.00667641 0.0289286 -0.00200369 -0.000574778 0.0170424 0.0307364 0.0767743 0.0321141 -0.0177909 0.0355497 0.020587 0.0162733 0.094683 0.0157731 0.0337895 0.0248864 0.0621615 0.102994 0.0174774 0.0819589 0.0795052 0.0197894 0.0405155
internal_weight=8723.3 4394.12 4329.18 2614 1780.12 1515.95 2774.73 2770.08 731.939 1186.73 1113.59 111.172 70.4397 13.4465 9.60912 1554.44 408.053 323.886 784.008 4.96947 779.039 392.341 194.744 14.3054 8.04416 145.424 7.0068 15.7115 321.741 56.968
internal_count=88372 42685 45687 26023 16662 14033 28841 28808 6599 12206 11437 1102 698 133 95 16846 3577 3022 7434 47 7387 3456 1749 135 76 1309 63 121 3002 522
is_linear=0
shrinkage=0.05


Tree=25
num_leaves=31
num_cat=0
split_feature=41 54 17 54 52 3 35 54 6 7 20 41 29 39 37 7 52 52 35 19 3 29 41 21 15 18 12 20 35 17
split_gain=95.3805 35.1539 32.1252 25.6174 26.1919 17.5714 18.2574 18.4898 14.9226 13.5683 13.5197 12.6842 12.236 12.0254 12.0573 11.9744 11.9657 11.8994 11.7906 13.755 12.3507 11.0675 10.9774 12.0163 13.0423 10.9304 12.6464 14.2442 10.9127 12.6563
threshold=18.900000000000002 0.49333333333333346 2.5350000000000006 0.63000000000000023 1.2100000000000004 12.15 19.100000000000005 -0.20833333333333343 1.2500000000000002 7.3250000000000011 1.1050000000000002 25.300000000000004 31.100000000000005 13.450000000000001 39.550000000000004 7.3950000000000005 0.69499999999999995 2.2750000000000008 4.4000000000000012 7.7950000000000008 19.850000000000005 16.550000000000001 7.8500000000000005 4.3050000000000006 7.0250000000000012 7.5650000000000004 -1.0000000180025095e-35 6.8150000000000004 17.500000000000004 5.6450000000000005
decision_type=2 10 8 10 8 10 2 10 8 8 8 2 2 2 2 8 10 8 2 10 8 2 2 10 10 8 8 10 2 10
left_child=2 5 -1 4 15 -2 21 -8 11 13 -9 17 -13 -5 16 18 -15 -3 19 -4 -20 -7 -22 24 -24 -25 -27 -28 -26 -30
right_child=1 8 3 9 -6 6 7 10 -10 -11 -12 12 -14 14 -16 -17 -18 -19 20 -21 22 -23 23 25 28 26 27 -29 29 -31
leaf_value=-0.029992151483178794 -0.0037643934822763712 0.007637337413748075 0.00027119071867518781 0.0017561003626411264 -0.016329604620958241 0.0037866427661031087 0.0017702885373263953 0.10180106122704607 -0.049583066204739221 -0.051162600926714354 0.0122880361036606 0.014543019143257799 -0.0011690387757648717 0.0068310857211899062 0.054034134988577426 -0.050995377176471249 -0.011674425590317113 -0.0072174541228553673 -0.0024025163899058692 0.071605677356771855 -0.014709792794761825 -0.0067588841582958458 -0.00041997273562459125 -0.0088483351827249139 -0.024857233579859792 -0.012465533262882588 0.015644564390805821 0.12355579583274326 0.08797325624560158 0.0091688796771087402
leaf_weight=109.69116438925266 1080.1844500303268 1235.0498597919941 1166.1411601901054 3222.7815101146698 457.28207229077816 505.0272414535284 759.27520321309566 4.2417857348918906 10.785055503249167 12.688852220773695 760.66409462690353 1170.0732154101133 138.58851246535778 112.7987454533577 8.0896818190813047 13.445750743150709 387.22131875157356 151.33234059810638 2216.2905737608671 6.7971324175596228 448.2457622140646 490.39287365972996 322.51204210519791 1198.8294854015112 5.7380798608064678 11.721897393465042 7.5081051141023636 5.1595147550106049 11.50960458815098 9.1418832242488843
leaf_count=656 5939 6648 6460 17685 2631 2768 4184 23 67 70 4148 6210 740 619 45 75 2151 837 12320 33 2525 2697 1803 6754 32 66 42 29 64 51
internal_value=1.70386e-05 0.00480754 -0.00308635 -0.00277968 -0.00483796 0.00157082 0.0038581 0.0072977 0.00911362 0.000453417 0.0127844 0.00934851 0.0128791 0.000628965 -0.00652011 -0.00386896 -0.0074998 0.00601584 -0.00375182 0.000684571 -0.00498006 -0.0014086 -0.00780756 -0.00583959 0.0023453 -0.00817418 0.0249627 0.0595968 0.0361402 0.0530886
internal_weight=16039.2 6305.61 9733.59 9623.9 5880.32 3599.79 2519.6 1524.18 2705.83 3743.58 764.906 2695.04 1308.66 3730.89 508.11 5423.04 500.02 1386.38 5409.6 1172.94 4236.66 995.42 2020.37 1572.12 348.902 1223.22 24.3895 12.6676 26.3896 20.6515
internal_count=88372 34261 54111 53455 32885 19759 13820 8355 14502 20570 4171 14435 6950 20500 2815 30254 2770 7485 30179 6493 23686 5465 11366 8841 1950 6891 137 71 147 115
is_linear=0
shrinkage=0.05


Tree=26
num_leaves=31
num_cat=0
split_feature=18 54 42 52 17 19 54 42 18 54 3 18 42 51 26 2 23 43 15 3 35 17 30 25 18 53 31 38 28 41
split_gain=82.2583 55.3024 31.5722 31.1034 26.5078 21.2636 20.2112 19.9836 18.1412 14.7753 13.5887 13.1737 13.1593 12.3878 13.7632 12.5576 15.4307 12.2938 14.6526 12.2467 12.1033 12.051 11.8747 11.7644 11.7524 12.5815 11.6252 10.9936 16.8608 11.3647
threshold=3.9350000000000005 0.8166666666666661 27.700000000000006 0.95000000000000073 5.6950000000000012 5.4850000000000012 2.203333333333334 26.800000000000001 3.1150000000000007 -1.2950000000000004 9.5500000000000025 5.0950000000000006 21.650000000000002 2.5000000000000004 81.500000000000014 4.5000000000000009 71.500000000000014 5.7500000000000009 6.8950000000000005 6.0500000000000007 28.300000000000004 4.6650000000000009 45.850000000000009 45.500000000000007 4.9050000000000011 5.8008333333333342 7.2500000000000009 12.950000000000001 61.400000000000006 17.550000000000004
decision_type=10 8 2 8 8 10 8 2 10 10 8 10 2 2 2 10 2 2 10 10 2 10 2 2 10 2 2 2 2 2
left_child=6 2 4 12 13 9 8 19 -1 -6 -10 17 22 14 -2 -15 -17 18 -11 23 -9 -14 26 -5 25 -7 -3 28 29 -20
right_child=1 3 -4 7 5 24 -8 20 10 11 -12 -13 21 15 -16 16 -18 -19 27 -21 -22 -23 -24 -25 -26 -27 -28 -29 -30 -31
leaf_value=-0.021697216266989092 -0.0025101537609950432 0.015782155226353813 0.0056921508106399302 0.00469894209072371 -0.011761428448964995 -0.0059025064370681994 0.01199022651246842 0.0083820758694542735 0.0039518723510140975 0.0016395687175333063 -0.011096711081216201 0.0099634655855487739 -0.026334636800861979 -0.0058022463738316224 0.041152849907580308 -0.018957686842460904 0.056590965812119469 -0.0048035247621146639 0.0085396451149135407 0.00065161528798535315 0.027900208557435899 0.02170870301277995 0.069113956265167767 0.040249053630032811 -0.00044964002612221297 -0.029854731119195507 0.0043658747475374196 0.0071634491375653399 0.12759018356140506 0.068922185962338081
leaf_weight=360.73354406654835 2701.2969079017639 353.58104947209358 1612.2460217177868 58.979563444852829 119.59378683567047 355.17499783635139 94.218609571456909 388.48764586448669 175.2259173989296 165.11209644377232 1042.5276785492897 1010.8508333414793 13.527306646108626 1814.4007714092731 18.169520929455757 276.83544059097767 6.9279893338680258 384.32563389837742 18.973355442285538 2469.3143064975739 99.838785961270332 371.92040434479713 8.1712134927511197 38.438177794218063 2133.413995847106 64.832980796694756 603.77645865082741 31.321604013442993 5.5653064996004096 13.223327398300169
leaf_count=2001 14341 1785 8402 307 630 1899 488 1978 935 867 5635 5214 70 9695 93 1480 37 2025 99 12889 502 1842 40 200 11192 351 3112 165 29 69
internal_value=1.58914e-05 0.0011785 -0.000757838 0.00589506 -0.00189807 0.000954394 -0.010506 0.00310146 -0.0118487 0.00520161 -0.00893133 0.00644667 0.0122124 -0.00444547 -0.00221843 -0.00733198 -0.0171132 0.000699168 0.00972933 0.00133761 0.0123726 0.0200226 0.00909453 0.018726 -0.00195473 -0.0095998 0.00858225 0.0290641 0.0472296 0.033339
internal_weight=16811 15138.3 10732.3 4406.03 9120.02 4302.39 1672.71 3055.06 1578.49 1748.97 1217.75 1629.37 1350.98 4817.63 2719.47 2098.16 283.763 618.521 234.196 2566.73 488.326 385.448 965.529 97.4177 2553.42 420.008 957.358 69.0836 37.762 32.1967
internal_count=88372 79313 56588 22725 48186 22540 9059 15876 8571 9098 6570 8468 6849 25646 14434 11212 1517 3254 1229 13396 2480 1912 4937 507 13442 2250 4897 362 197 168
is_linear=0
shrinkage=0.05


Tree=27
num_leaves=31
num_cat=0
split_feature=19 19 21 43 19 50 38 54 21 53 3 43 54 16 54 18 11 22 20 11 18 47 18 37 43 37 21 52 45 21
split_gain=302.36 138.6 61.9157 51.7338 37.5071 30.6011 26.3033 26.244 26.1412 22.6102 20.5184 18.1113 18.1996 17.8986 15.3393 13.9963 13.4852 13.7094 13.4562 13.0137 18.3155 13.4828 12.5759 12.3323 12.2305 12.1565 12.049 11.959 11.5423 11.1051
threshold=3.4350000000000005 5.035000000000001 4.6050000000000013 19.100000000000005 2.1050000000000004 2.5000000000000004 5.1500000000000012 0.9199999999999996 5.705000000000001 4.4225000000000021 27.750000000000004 35.850000000000009 1.7533333333333336 4.9850000000000012 -0.66666666666666663 7.2750000000000012 6.785000000000001 50.500000000000007 3.2850000000000006 7.1050000000000013 5.3450000000000006 1.5000000000000002 3.8150000000000004 26.200000000000006 6.0500000000000016 29.800000000000004 4.3050000000000006 3.1750000000000012 13.950000000000001 6.3350000000000009
decision_type=10 10 10 2 10 2 2 8 10 2 10 2 10 8 10 10 10 2 10 10 10 2 10 2 2 2 8 10 2 10
left_child=4 2 5 7 -1 13 23 10 11 -6 25 -5 16 -2 -10 19 22 18 26 21 -21 24 -13 29 -9 28 -18 -26 -3 -4
right_child=1 3 6 8 9 -7 -8 15 14 -11 -12 12 -14 -15 -16 -17 17 -19 -20 20 -22 -23 -24 -25 27 -27 -28 -29 -30 -31
leaf_value=-0.037639120002108561 -0.00098465304014346889 0.0019958385276866468 -0.0018363362431688336 0.011573867114575545 -0.0071451579035185162 -0.0058071159881719027 -0.012142145245265162 0.066691923834898456 -0.0068702790955541791 -0.024757729981272413 -0.0061781819860325937 0.065085559463578704 0.080997234023436004 0.010214722433176627 0.006989089781241728 0.063476661800240086 0.15288794768211297 0.011404837378850388 0.035704749924168382 0.09000147520015632 -0.023713279991913659 0.0067927027022476024 0.003102797600566243 0.01133657754656483 -0.013965361364571405 0.0087847560990070486 0.038520580801033863 0.058333782446627493 -0.0089733132228799039 -0.012356217088053477
leaf_weight=373.24638758599758 561.80144371092319 2725.2698136717081 904.933448985219 2049.8689670264721 284.97052074968815 825.02750515937805 2052.3109239935875 18.04296749830246 231.7910682708025 505.37908264994621 879.3551602512598 8.9157196730375272 13.726019784808157 977.47583043575287 1439.5426130741835 11.660203129053114 4.8548326045274708 60.80798764526844 105.7597766071558 10.890816345810892 5.2469910979270926 1142.2379549145699 99.640878185629845 131.62102223932743 15.61780819296837 608.34680110216141 4.3813030421733865 9.0247069001197797 262.95979498326778 347.08295606076717
leaf_count=2200 2961 14317 4883 10535 1553 4453 11260 92 1218 2843 4649 45 66 5095 7502 60 24 306 533 56 27 5863 505 701 80 3194 22 46 1397 1886
internal_value=5.91712e-06 0.00185035 -0.00426486 0.00550403 -0.0245763 0.00196271 -0.00855011 0.00243597 0.00984637 -0.0184073 0.000668227 0.0132485 0.0247642 0.0061272 0.00506699 0.00896039 0.0220498 0.030606 0.0407592 0.00843113 0.0530287 0.00782375 0.00819342 -0.00322213 0.0354138 0.00234216 0.098636 0.0125124 0.00103057 -0.00475265
internal_weight=16671.8 15508.2 5800.25 9707.94 1163.6 2364.3 3435.95 5688.65 4019.29 790.35 4475.93 2347.96 298.087 1539.28 1671.33 1212.72 284.36 175.804 114.996 1201.06 16.1378 1184.92 108.557 1383.64 42.6855 3596.58 9.23614 24.6425 2988.23 1252.02
internal_count=88372 81776 31239 50537 6596 12509 18730 29781 20756 4396 23557 12036 1501 8056 8720 6224 1435 885 579 6164 83 6081 550 7470 218 18908 46 126 15714 6769
is_linear=0
shrinkage=0.05


Tree=28
num_leaves=31
num_cat=0
split_feature=20 20 21 20 20 53 53 53 44 53 20 13 44 20 38 20 53 19 32 27 44 19 41 13 38 38 41 44 17 35
split_gain=575.635 185.323 106.882 73.8063 57.388 50.5779 48.4612 28.4173 27.6814 21.3461 19.8154 19.5204 19.4031 19.113 23.0919 18.7287 17.9984 16.4924 15.5622 15.4845 15.3227 14.8886 17.4086 15.3262 14.5093 14.3797 13.8446 13.8069 14.7391 13.6996
threshold=4.2950000000000008 2.4550000000000005 5.1650000000000009 5.1950000000000012 5.7250000000000005 4.4075000000000015 4.6058333333333357 4.845833333333335 18.900000000000002 5.2073333333333354 3.8650000000000007 6.6350000000000007 36.600000000000001 4.8550000000000013 32.650000000000006 1.6050000000000002 5.2266666666666683 7.035000000000001 5.1500000000000012 34.500000000000007 26.200000000000006 6.0550000000000006 21.550000000000001 6.7950000000000008 36.600000000000001 21.250000000000004 13.450000000000001 18.050000000000001 4.3650000000000011 41.45000000000001
decision_type=10 10 10 10 10 2 2 2 2 2 10 10 2 10 2 10 2 8 2 2 2 8 2 8 2 2 2 2 10 2
left_child=1 15 4 7 6 10 19 -4 -5 13 27 -6 24 -8 -15 -1 18 -14 -7 -2 -21 22 -10 -23 -13 -9 -27 -3 -29 -26
right_child=2 5 3 8 11 16 9 25 21 -11 -12 12 17 14 -16 -17 -18 -19 -20 20 -22 23 -24 -25 29 26 -28 28 -30 -31
leaf_value=-0.04302009251732488 0.023663514648826874 -0.0076863460100363131 0.010489927436518585 0.0013658235647705103 -0.0082409250951456254 -0.016012902686493302 -0.0004793244099752026 -0.011825123727192847 0.019264577078705804 -0.0033414205491389161 0.013063490353987368 0.015379096858341677 0.033295499631437943 0.0092648417909995655 0.047472873579972867 -0.028986186995022867 -0.021787116835980475 0.13681232799261614 -0.0060058710025329481 0.0083864820670689535 0.04910333790686016 0.012746908671214528 0.0032476647750644821 -0.0013542254457729361 0.040684768322418109 0.015759627416160799 -0.0084981389894841566 0.082527600595087472 -0.01198620176628906 -0.04199512156968685
leaf_weight=492.02660351991653 390.13594120740891 329.91965118050575 192.85448212921619 2752.6250874698162 76.625971123576164 848.95839455723763 606.7482273131609 1361.9434519410133 562.03737805783749 939.83996705710888 248.07832895219326 1974.4122482538223 120.56979885697365 816.69722346961498 41.557136908173561 459.98387947678566 573.53811962902546 3.9745462685823432 716.31751480698586 474.86660313606262 24.287930339574814 339.86944825947285 242.99306634068489 444.97921377420425 85.368097931146622 99.083399683237076 144.74324080348015 8.9648730307817477 7.6405981183052054 5.3224830776453009
leaf_count=3218 2115 1918 1099 15720 419 5100 3484 8055 3094 5399 1400 10780 627 4524 229 2899 3507 21 4237 2595 129 1920 1367 2516 452 579 849 49 42 29
internal_value=-8.29739e-06 -0.0172407 0.00541908 0.000872023 0.010441 -0.0106237 0.00622781 -0.00764509 0.00439973 0.00253995 0.00227574 0.0165651 0.0174332 0.00631301 0.0111149 -0.0362393 -0.0142098 0.036599 -0.0114334 0.0162006 0.0103677 0.00965247 0.01443 0.0047521 0.0162773 -0.00982313 0.00135945 -0.00544725 0.0390394 0.0358324
internal_weight=15387 3685.43 11701.5 6141.13 5560.41 2733.42 3294.13 1798.62 4342.5 2404.84 594.603 2266.27 2189.65 1465 858.254 952.01 2138.81 124.544 1565.28 889.29 499.155 1589.88 805.03 784.849 2065.1 1605.77 243.827 346.525 16.6055 90.6906
internal_count=88372 22370 66002 35199 30803 16253 18475 10582 24617 13636 3409 12328 11909 8237 4753 6117 12844 648 9337 4839 2724 8897 4461 4436 11261 9483 1428 2009 91 481
is_linear=0
shrinkage=0.05


Tree=29
num_leaves=31
num_cat=0
split_feature=21 21 21 53 53 51 21 53 21 53 45 53 53 53 33 39 41 40 13 13 43 24 19 36 16 23 20 26 0 54
split_gain=1069.86 256.21 173.582 158.97 128.027 56.8626 50.2434 46.825 33.6531 29.632 24.7625 22.7676 17.9239 17.7421 15.7997 15.7656 21.0264 17.2313 15.6288 16.6718 15.4353 15.3512 15.2708 14.7614 14.0714 13.9714 13.8473 15.2777 13.6572 13.5138
threshold=4.2250000000000005 5.6450000000000005 2.5550000000000002 5.9255000000000013 5.2391666666666685 3.5000000000000004 5.0250000000000012 4.3791666666666673 5.1250000000000009 5.5333333333333341 26.500000000000004 4.8208333333333355 4.8955000000000011 5.8850000000000007 29.000000000000004 22.900000000000002 12.600000000000001 21.950000000000003 6.9850000000000012 7.0450000000000008 32.850000000000001 63.500000000000007 6.5250000000000012 41.900000000000013 5.4650000000000007 67.500000000000014 6.785000000000001 37.500000000000007 7.5000000000000009 -0.20833333333333343
decision_type=10 10 10 2 2 2 10 2 10 2 2 2 2 2 2 2 2 2 8 10 2 2 10 2 10 2 10 2 2 10
left_child=2 4 -1 5 6 9 11 -4 -6 23 14 -2 -8 -10 29 16 25 18 -18 -20 -19 -21 26 -3 -12 -7 27 -16 -11 -5
right_child=1 3 7 10 8 15 12 -9 13 28 24 -13 -14 -15 22 -17 17 20 19 21 -22 -23 -24 -25 -26 -27 -28 -29 -30 -31
leaf_value=-0.038538006632221122 0.00769361410157354 0.017758088672408242 0.0016807591595676486 0.008212685557469724 -0.015044893552008137 0.034217291748278818 0.022554056522459308 -0.018889740420125242 0.00058785451959439622 0.016966017192129795 0.10590120818943703 -0.0040809498495813267 0.0092494319958342005 -0.01468801179728188 -0.0053114394745264791 0.035792489274886742 0.019789555927770226 -0.0046393432779766354 0.059160900169007768 0.00047890863679356227 0.083618155071801939 0.081666574989034416 0.0023685503947308488 0.050543054061966533 0.019059596967688462 0.0087955850382334718 0.087814769174498764 0.055855234185088823 -0.00022580442852196132 -0.0029406073105423345
leaf_weight=1383.3114283680916 774.25360424816608 1268.3293516039848 337.69116623699665 352.70650066435337 1203.7259344160557 553.36510917544365 483.7464184910059 1530.4343753308058 834.77426198124886 163.93345037102699 4.8114866614341727 873.98787432909012 531.03209233283997 246.12091216444969 20.409942343831062 386.23612777888775 761.56418709456921 93.183528125286102 54.800919234752655 30.519908994436264 5.2320917695760718 7.1950455009937277 63.845005840063095 35.288879737257957 152.8770035803318 59.896896824240685 11.304019898176191 20.424616247415543 391.16397452354431 1180.8999733477831
leaf_count=10019 4818 7589 2194 2239 8066 3212 2904 10349 5318 1025 29 5672 3297 1609 129 2245 4459 549 321 179 31 42 406 211 924 347 72 129 2464 7524
internal_value=-3.2149e-05 0.00768603 -0.0251126 0.0149929 -0.000610782 0.0207851 0.00683896 -0.0151713 -0.00929442 0.014526 0.00277971 0.0014501 0.0155918 -0.00289048 0.00097018 0.0267451 0.0245134 0.0198641 0.022147 0.0415527 5.271e-05 0.0159674 0.0187638 0.0186456 0.0217094 0.0317344 0.0388403 0.0252829 0.00485135 -0.000375517
internal_weight=13817.1 10565.6 3251.44 5617.99 4947.64 3810.71 2663.02 1868.13 2284.62 1858.72 1807.28 1648.24 1014.78 1080.9 1649.59 1951.99 1565.76 952.496 854.08 92.5159 98.4156 37.715 115.984 1303.62 157.688 613.262 52.1386 40.8346 555.097 1533.61
internal_count=88372 65810 22562 34126 31684 22674 16691 12543 14993 11289 11452 10490 6201 6927 10499 11385 9140 5581 5001 542 580 221 736 7800 953 3559 330 258 3489 9763
is_linear=0
shrinkage=0.05


Tree=30
num_leaves=31
num_cat=0
split_feature=16 40 28 28 28 40 19 13 17 38 3 20 46 42 38 0 54 49 0 11 19 33 8 48 28 52 7 19 22 33
split_gain=349.77 101.097 44.109 28.8071 27.4901 20.5212 15.8954 14.9414 16.0642 14.9715 14.0949 13.8997 14.6875 12.8473 12.8219 14.3119 12.5613 12.533 11.8919 19.496 20.0443 16.3121 11.7427 11.4754 15.1909 13.5732 21.0298 17.5837 13.1941 12.2577
threshold=5.6750000000000007 13.450000000000001 69.100000000000009 49.550000000000004 52.300000000000004 19.600000000000005 7.5950000000000006 6.5950000000000006 4.955000000000001 9.6000000000000014 17.950000000000003 6.3850000000000007 3.5000000000000004 13.150000000000002 8.1500000000000021 2.5000000000000004 1.1283333333333327 3.5000000000000004 8.5000000000000018 6.7550000000000008 5.8650000000000011 21.250000000000004 1.7500000000000002 2.5000000000000004 9.5500000000000025 -0.93000000000000027 6.995000000000001 5.0250000000000012 78.500000000000014 3.8500000000000005
decision_type=8 2 2 2 2 2 10 10 10 2 8 8 2 2 2 2 8 2 2 8 10 2 10 2 2 10 10 10 2 2
left_child=1 3 11 23 5 -3 -5 8 -7 -10 18 12 17 -8 15 -13 -4 -2 -9 20 -20 -21 -14 24 25 26 -1 -28 -27 -25
right_child=2 4 16 6 -6 7 13 10 9 -11 -12 14 22 -15 -16 -17 -18 -19 19 21 -22 -23 -24 29 -26 28 27 -29 -30 -31
leaf_value=0.017556639970344293 -0.007070635525467989 0.015661320365415048 -0.013728947624131519 -0.0040543134286422982 0.0041630419110197736 0.015970371707864237 0.0020145271272657811 0.014880584368205448 0.23109310666048249 0.058594526910343309 0.032415943540369675 -0.040810405070236186 -0.012891221212905774 0.17369985206826549 -0.0033446862292744774 0.021397880500254686 -0.02312604738847452 0.0061799858734363283 0.062053035611894652 0.014715575289462463 0.22542195833115097 0.1448819928962318 0.1124275447125293 0.017231155039603881 -0.00084772701559467166 0.0021758175451538353 0.021369460274435252 0.14756724404724092 0.10971296795288321 0.0037540901794846492
leaf_weight=160.95502689480782 868.97914761304855 805.31448412686586 945.14045993238688 938.83512365072966 278.54096993803978 3.9836469516158086 2.0891035720705977 284.12504639476538 2.6840615421533585 2.3672648370265961 420.11495815962553 10.174376301467417 1030.9126095101237 2.2776106968522072 422.34705758839846 101.29686508327723 570.14499296993017 224.56928116083145 6.9211171492934209 30.30283211171627 2.5765080451965332 2.6145364120602599 1.8726893961429585 442.79813668131828 647.99814545363188 224.92200999706984 5.1706860661506635 5.9210266098380089 2.8889917954802504 272.57503019273281
leaf_count=1538 9047 7534 10398 9520 2763 35 21 2606 20 20 3586 105 10949 23 4361 1045 6296 2330 64 279 24 24 15 4331 6446 2175 48 53 28 2688
internal_value=-7.71005e-06 0.00958862 -0.0104556 0.00344135 0.0186328 0.0212147 -0.00361164 0.0271328 0.0910459 0.150253 0.0263594 -0.00657702 -0.00838795 0.0915629 0.000636358 0.0157199 -0.0172647 -0.00434951 0.0185672 0.043263 0.106372 0.0250543 -0.012664 0.0072142 0.00388135 0.0115452 0.0221456 0.0887369 0.00353955 0.0120961
internal_weight=8721.41 4545.98 4175.44 2706.43 1839.55 1561 943.202 755.69 9.03497 5.05133 746.655 2660.15 2126.33 4.36671 533.818 111.471 1515.29 1093.55 326.54 42.415 9.49763 32.9174 1032.79 1763.23 1047.86 399.858 172.047 11.0917 227.811 715.373
internal_count=88372 43826 44546 26871 16955 14192 9564 6658 75 40 6583 27852 22341 44 5511 1150 16694 11377 2997 391 88 303 10964 17307 10288 3842 1639 101 2203 7019
is_linear=0
shrinkage=0.05


Tree=31
num_leaves=31
num_cat=0
split_feature=41 54 17 54 52 27 7 6 20 34 24 39 7 35 22 19 11 21 17 3 32 3 52 37 35 35 40 28 31 26
split_gain=87.146 31.2691 30.3637 23.8189 18.2722 14.785 13.1481 13.0906 12.1393 11.7098 11.5842 11.4966 11.4691 11.3015 13.7106 12.33 11.2587 13.219 11.3376 10.9624 11.3982 10.8092 10.66 10.4746 10.3965 10.4898 9.97656 9.9572 9.8542 13.0044
threshold=18.900000000000002 0.36333333333333379 2.9350000000000005 0.61333333333333362 1.0349999999999999 76.500000000000014 7.3250000000000011 1.2500000000000002 1.3150000000000002 30.200000000000003 36.500000000000007 13.450000000000001 7.3950000000000005 4.4000000000000012 73.500000000000014 7.7950000000000008 6.9150000000000009 5.3650000000000011 3.7750000000000004 19.850000000000005 3.2500000000000004 5.7500000000000009 0.69499999999999995 39.550000000000004 15.300000000000002 21.150000000000002 2.8500000000000001 65.550000000000011 36.050000000000004 8.5000000000000018
decision_type=2 10 8 10 8 2 8 8 8 2 2 2 8 2 2 10 8 8 10 8 2 10 10 2 2 2 2 2 2 2
left_child=2 21 8 4 12 -6 11 9 -1 16 -7 28 13 15 19 -4 17 -3 -19 -15 -21 -2 26 -24 -22 -26 -13 -23 -5 -30
right_child=1 7 3 6 5 10 -8 -9 -10 -11 -12 22 -14 14 -16 -17 -18 18 -20 20 24 27 23 -25 25 -27 -28 -29 29 -31
leaf_value=0.040226174117556697 -0.017914689406042222 0.010680065036343835 0.00052822540023381886 0.0013989807806890615 -0.014209387645116311 0.12203700325668115 -0.050703373206719353 -0.044923727321445069 -0.023920012556758213 -0.0028804583234685989 0.0050020081453952319 0.041371920787780229 -0.050527631062698711 -0.0027827114994782238 0.010482506259917783 0.069931645728473046 0.015026562344624432 -0.027530179694975822 0.0038558529546753664 -0.0013479530190105256 -0.019295289035103903 0.00033244286409858274 -0.011260609580630973 0.051257077934624334 0.0010704456970509698 -0.010768144517971917 0.00081984821817825202 0.0078654674036725946 0.11099080388397634 0.014855742116800947
leaf_weight=7.6500946134328833 72.681579113006592 1332.9323224872351 1113.0205428302288 3158.5651150792837 547.58055825531483 3.4762638062238675 12.468221843242643 11.560684427618979 205.46382966637611 214.72316099703312 5.3967905193567276 17.796405255794525 13.00781513750553 2047.59747377038 142.53610870242119 6.4364372044801703 647.45307868719101 29.772878989577293 856.90309107303619 468.76102098822594 263.96846830844879 2631.8563170731068 388.04211764037609 6.8176889568567267 237.21210913360119 885.97119270265102 102.64587731659412 526.41153484582901 3.6934418082237235 73.957559868693352
leaf_count=42 407 7046 6169 17305 3153 20 71 74 1217 1156 31 97 75 11408 800 30 3439 166 4606 2643 1499 14508 2172 37 1343 5016 561 2859 20 402
internal_value=2.17763e-05 0.0045894 -0.00295257 -0.00253381 -0.0045622 -0.0131719 0.000556727 0.00818253 -0.0216174 0.00838175 0.0508537 0.000727091 -0.00363705 -0.00351897 -0.00474915 0.000927268 0.00922521 0.00753297 0.00280197 -0.00530534 -0.0080885 0.00114931 -0.00620939 -0.0101812 -0.0103663 -0.00826788 0.00681177 0.00158803 0.00183158 0.0194284
internal_weight=16036.4 6324.29 9712.07 9498.95 5734.96 556.454 3763.99 3093.35 213.114 3081.78 8.87305 3751.52 5178.51 5165.5 4046.05 1119.46 2867.06 2219.61 886.676 3903.51 1855.91 3230.95 515.302 394.86 1387.15 1123.18 120.442 3158.27 3236.22 77.651
internal_count=88372 34261 54111 52852 32187 3204 20665 16487 1259 16413 51 20594 28983 28908 22709 6199 15257 11818 4772 21909 10501 17774 2867 2209 7858 6359 658 17367 17727 422
is_linear=0
shrinkage=0.05


Tree=32
num_leaves=31
num_cat=0
split_feature=18 54 17 9 18 42 20 17 19 42 19 21 42 16 54 28 52 33 52 20 30 31 19 26 54 16 43 39 24 26
split_gain=75.789 50.1315 27.3941 24.8223 24.1574 24.0029 22.2255 18.266 18.042 17.9024 17.6831 16.9369 22.6665 17.5123 16.5005 14.9944 14.9534 16.6654 14.9252 13.1816 12.9743 12.7024 12.5247 12.3842 12.24 12.2394 13.6891 11.8245 11.7625 11.5931
threshold=4.2350000000000012 0.83500000000000052 5.8450000000000006 7.4750000000000005 3.5050000000000003 24.700000000000003 4.495000000000001 5.6950000000000012 3.0550000000000002 27.700000000000006 5.7350000000000012 4.285000000000001 22.650000000000002 6.3350000000000009 0.031666666666666454 68.700000000000003 0.17999999999999991 17.500000000000004 -0.09500000000000014 4.3150000000000004 7.8500000000000005 29.500000000000004 5.8450000000000006 80.500000000000014 2.373333333333334 4.8250000000000011 17.750000000000004 12.250000000000002 39.500000000000007 63.500000000000007
decision_type=10 8 10 8 10 2 10 8 8 2 10 10 2 8 10 2 10 2 10 10 2 2 8 2 8 10 2 2 2 2
left_child=4 3 11 5 22 7 8 23 29 -4 19 15 -13 -14 -7 16 -3 -18 21 28 -10 -16 -1 -2 -8 -21 -27 -25 -9 -6
right_child=1 2 9 -5 6 14 24 10 20 -11 -12 12 13 -15 18 -17 17 -19 -20 25 -22 -23 -24 27 -26 26 -28 -29 -30 -31
leaf_value=-0.011503138437315803 -0.0042000435867821859 0.037396661934684147 0.011001268623593879 -0.051866151287322242 0.018364798391722552 0.00012361073477825402 -0.0094748622375679867 0.0039547457989484299 -0.0078639575365379126 0.030310074863895992 -0.0022415475606671767 -0.0024788267401899822 0.024418739553782362 0.0038623498612898725 0.014926558937268665 0.0173751343093341 0.0027204878401575188 0.058772636317517238 0.0049778249698693086 -0.0041364903721707296 0.0052343264784585454 0.054817356592188393 -0.026615640826633549 0.040946604219417683 0.035530124235388066 0.0098750386727314652 -0.0039556540399318055 -0.031269565947678442 0.022379770887174237 0.079140595117484641
leaf_weight=544.70550408959389 3930.4327464550734 34.281436160206795 733.46504393219948 23.293489649891853 55.892692506313324 1292.4278614968061 1241.1026740670204 168.75518396496773 337.87965455651283 143.5365522056818 1984.2730282843113 1283.9877087324858 149.7986261844635 335.99704864621162 290.75175222754478 352.20942983031273 782.41646967828274 13.489458724856375 900.66419568657875 459.76688870787621 429.22947362065315 21.42698210477829 183.21357527375221 27.253529027104378 15.293987840414045 627.76480524241924 250.21669411659241 7.1568423360586158 177.97361642122269 9.1279382705688459
leaf_count=3009 21012 170 3718 123 288 6773 6704 867 1790 702 10462 6690 756 1708 1482 1797 4001 69 4677 2410 2270 109 1029 138 77 3241 1302 37 914 47
internal_value=2.02164e-05 0.00152661 0.0064023 -0.000310586 -0.00746315 -0.00019214 -0.00472935 -0.00158584 0.00160853 0.0141615 0.000956773 0.00409728 0.00100173 0.0102011 0.00405449 0.00873062 0.00506317 0.00367049 0.00824331 0.00472432 -0.000534923 0.0176645 -0.0153069 -0.00393858 -0.00892702 0.00247252 0.00593342 0.0259267 0.0134122 0.0268968
internal_weight=16807.8 13991.3 3829.18 10162.2 2816.45 10138.9 2088.53 7633.59 832.13 877.002 3668.75 2952.18 1769.78 485.796 2505.27 1182.4 830.187 795.906 1212.84 1684.48 767.109 312.179 727.919 3964.84 1256.4 1337.75 877.981 34.4104 346.729 65.0206
internal_count=88372 73158 19611 53547 15214 53424 11176 40383 4395 4420 19196 15191 9154 2464 13041 6037 4240 4070 6268 8734 4060 1591 4038 21187 6781 6953 4543 175 1781 335
is_linear=0
shrinkage=0.05


Tree=33
num_leaves=31
num_cat=0
split_feature=19 19 21 43 19 50 54 38 3 53 10 16 20 21 49 51 10 24 37 42 20 15 3 32 16 44 28 32 26 13
split_gain=279.886 125.164 55.949 47.1568 36.3699 27.5139 26.055 24.1846 21.9416 21.2391 16.2514 16.1541 16.0306 13.8573 11.9868 11.9539 11.644 13.8099 11.3757 11.2712 11.7759 11.0594 14.8616 10.9033 10.8281 12.3772 10.7295 10.5321 10.3531 10.1557
threshold=3.4350000000000005 5.035000000000001 4.6050000000000013 27.100000000000005 2.1050000000000004 2.5000000000000004 0.93000000000000116 5.1500000000000012 19.150000000000002 4.4225000000000021 1.0000000180025095e-35 4.9850000000000012 6.5750000000000011 5.7350000000000012 2.5000000000000004 3.5000000000000004 1.0000000180025095e-35 74.500000000000014 26.800000000000001 23.900000000000002 5.2750000000000012 7.245000000000001 27.050000000000004 4.2500000000000009 6.455000000000001 6.4500000000000011 83.850000000000009 23.300000000000004 49.500000000000007 6.6750000000000007
decision_type=10 10 10 2 10 2 8 2 8 2 8 8 8 10 2 2 8 2 2 2 10 8 8 2 10 2 2 2 2 8
left_child=4 2 5 6 -1 11 10 18 15 -6 13 -2 16 26 19 -5 17 -10 -4 20 24 -9 -23 -19 25 -15 -3 -28 -26 -16
right_child=1 3 7 8 9 -7 -8 21 12 -11 -12 -13 -14 14 29 -17 -18 23 -20 -21 -22 22 -24 -25 28 -27 27 -29 -30 -31
leaf_value=-0.036942354033360464 -0.00099498402673705178 0.0044781078060414604 -0.0043800567349270457 0.010476371471875114 -0.0068718099355489243 -0.0055525386352062861 0.009112717898011059 -0.011892879393130613 0.021355066955957291 -0.024023540673123862 -0.0090546819014001769 0.0096300535098721302 0.0037476298792832857 0.011882991676797424 -0.011004065054956789 -0.0018199860011249463 -0.0018454992630886386 0.12028993442017573 0.012466203456536075 -0.020842755368906479 -0.012379088498055415 0.085553648542234809 -0.038292201493196149 0.038094737255711719 0.012110921533484411 -0.015812645064872489 0.019780703111991496 0.091806792761837841 0.1168058598001942 0.0024537877271555405
leaf_weight=363.11564375460148 561.86570954322815 3186.5167229026556 1271.1145670562983 704.85435290634632 283.65603747963905 821.60648508369923 1637.1856360733509 2022.5794719904661 695.87245242297649 496.27969942986965 314.4344547688961 984.6528557240963 167.98287531733513 123.84165185689926 150.65991626679897 274.67246149480343 52.845681235194206 6.0581812560558346 108.78653770685196 115.21515910327435 173.28128319978714 6.5573333352804157 3.841483712196351 12.07903580367565 5.4757487922906858 59.829090476036072 36.675930395722389 5.8906581401824942 4.1517464518547058 2015.991156950593
leaf_count=2200 2961 16554 6896 3588 1553 4453 8340 11204 3451 2843 1679 5095 869 652 797 1434 263 30 574 633 945 35 21 60 29 318 187 30 22 10656
internal_value=6.98431e-06 0.0017651 -0.00406341 0.00522327 -0.0238712 0.00184163 0.00350322 -0.00816079 0.0122577 -0.0177856 0.00202004 0.00576987 0.0177371 0.00261252 -6.82306e-05 0.00702831 0.0208015 0.0224777 -0.00305196 -0.00720151 -0.00291409 -0.0116285 0.0398031 0.0655495 0.00557076 0.00286139 0.00481122 0.0297482 0.0572594 0.00151798
internal_weight=16667.6 15524.5 5781 9743.51 1143.05 2368.13 7829.15 3412.88 1914.37 779.936 6191.96 1546.52 934.838 5877.53 2648.45 979.527 766.855 714.01 1379.9 481.795 366.58 2032.98 10.3988 18.1372 193.298 183.671 3229.08 42.5666 9.6275 2166.65
internal_count=88372 81776 31239 50537 6596 12509 40842 18730 9695 4396 32502 8056 4673 30823 14052 5022 3804 3541 7470 2599 1966 11260 56 90 1021 970 16771 217 51 11453
is_linear=0
shrinkage=0.05


Tree=34
num_leaves=31
num_cat=0
split_feature=20 20 20 53 53 44 53 20 53 21 38 21 16 44 20 0 38 52 7 13 26 44 21 36 15 19 54 37 38 15
split_gain=530.765 146.396 129.021 90.4019 77.0183 47.4244 26.8936 25.7537 25.1526 22.9138 21.8315 19.101 24.5264 18.3485 16.6085 15.9051 15.5266 14.6579 15.8171 14.6178 14.6114 14.5468 16.6441 16.4441 14.2689 17.7148 25.7252 14.5171 13.7149 23.5698
threshold=3.9850000000000008 4.8350000000000009 2.2250000000000005 5.1473333333333349 4.6158333333333355 31.000000000000004 4.6258333333333352 5.6150000000000011 5.2391666666666685 6.1350000000000007 36.600000000000001 6.4050000000000011 3.5950000000000002 11.650000000000002 6.2350000000000012 9.5000000000000018 22.450000000000003 1.825 6.9750000000000005 6.7150000000000007 10.500000000000002 24.500000000000004 2.8850000000000002 17.750000000000004 6.9050000000000011 6.995000000000001 0.46550000000000097 22.650000000000002 18.900000000000002 7.0850000000000009
decision_type=10 10 10 2 2 2 2 10 2 10 2 8 10 2 10 2 2 10 8 8 2 2 10 2 8 10 8 2 2 10
left_child=2 4 -1 10 -2 7 13 16 -6 15 21 12 -7 -4 -14 -9 -5 -17 20 -11 -19 22 23 -3 25 -16 -27 -26 -24 -30
right_child=1 3 6 5 8 11 -8 9 -10 19 -12 -13 14 -15 24 17 -18 18 -20 -21 -22 -23 28 -25 27 26 -28 -29 29 -31
leaf_value=-0.037200148804992388 0.0087015191724256757 0.025222997992060642 -0.0079306330187544419 -0.0043986171531387452 -0.0046302901462886084 0.14583212756095928 -0.018043345250450062 0.011852777372333628 -0.014551057170832963 0.011359734551790875 0.037635246340712691 0.0046586714397997267 0.010217711659313244 0.02074599206986975 0.018953633822400961 0.0016206729419218112 0.0074974368419215565 0.10677737821522706 0.077654600746162566 -0.0016657270606742439 0.010787870827510999 0.021845662393475133 0.0063825381130601239 0.010439871964875162 0.06693480107550244 0.033474972520111827 0.1843678703412 0.01394949178180022 0.014772553745734019 0.087074973091411947
leaf_weight=813.58467678725719 816.46888566017151 405.0645614862442 621.20252501964569 1498.3673014640808 1485.6666645407677 4.0554422438144675 1076.3432652056217 1279.4044565856457 1120.9615356177092 255.32544085383415 99.895904883742332 200.49472844600677 168.16914349794388 61.283865302801132 163.75899165868759 976.87642286717892 335.75195929408073 4.119779869914054 10.867976933717726 1377.2848545610905 105.16008055210114 473.87775069475174 1132.8209402710199 351.21718829870224 43.874178573489189 9.446929991245268 4.0294234454631797 18.3274215310812 456.30449423193932 11.55718784034252
leaf_count=5398 4519 2163 3658 8674 8741 22 6611 7073 6751 1452 526 1122 920 342 881 5453 1929 23 60 7856 586 2531 6232 1881 236 52 22 99 2496 63
internal_value=-1.01756e-05 0.0041521 -0.0207359 0.00738017 -0.00469917 0.00407383 -0.0131201 0.00268669 -0.00889664 0.00493192 0.0146628 0.0173143 0.0234781 -0.00535562 0.0222608 0.00806504 -0.00222094 0.00364759 0.0201277 0.000371337 0.0144066 0.0138521 0.012245 0.0183577 0.0307193 0.0234883 0.0785919 0.0513229 0.00935688 0.0165586
internal_weight=15381.6 12809.1 2572.41 9386.05 3423.1 6455.31 1758.83 5843.16 2606.63 4009.04 2930.74 612.156 411.662 682.486 407.606 2376.43 1834.12 1097.02 120.148 1632.61 109.28 2830.84 2356.96 756.282 239.437 177.235 13.4764 62.2016 1600.68 467.862
internal_count=88372 72363 16009 52352 20011 36460 10611 33106 15492 22503 15892 3354 2232 4000 2210 13195 10603 6122 669 9308 609 15366 12835 4044 1290 955 74 335 8791 2559
is_linear=0
shrinkage=0.05


Tree=35
num_leaves=31
num_cat=0
split_feature=21 21 21 53 53 51 21 53 21 53 45 53 15 0 36 53 53 24 33 2 38 39 41 40 13 13 19 43 27 35
split_gain=987.804 228.518 169.189 139.066 116.407 49.4581 44.6105 43.5527 31.1806 27.2966 22.2554 20.3977 17.432 16.5661 17.9247 16.3396 15.6608 14.3228 14.3181 14.2104 13.9741 13.5603 18.1595 15.2362 13.5252 14.1694 13.4465 13.4183 13.1686 19.8148
threshold=4.2250000000000005 5.6450000000000005 2.5550000000000002 5.9255000000000013 5.2391666666666685 3.5000000000000004 5.0250000000000012 4.3791666666666673 5.1250000000000009 5.0536666666666674 26.500000000000004 4.8208333333333355 6.9250000000000007 7.5000000000000009 53.100000000000001 5.8850000000000007 4.8955000000000011 26.500000000000004 29.000000000000004 1.0000000180025095e-35 7.0000000000000009 22.900000000000002 12.600000000000001 21.950000000000003 6.9850000000000012 7.0450000000000008 6.5250000000000012 32.850000000000001 51.500000000000007 47.500000000000007
decision_type=10 10 10 2 2 2 10 2 10 2 2 2 8 2 2 2 2 2 2 10 2 2 2 2 8 10 10 2 2 2
left_child=2 4 -1 5 6 9 11 -4 -6 12 18 -2 -3 14 19 -10 -8 20 -5 -11 -15 22 -7 24 -24 -26 -20 -25 -21 -30
right_child=1 3 7 10 8 21 16 -9 15 13 -12 -13 -14 17 -16 -17 -18 -19 26 28 -22 -23 23 27 25 -27 -28 -29 29 -31
leaf_value=-0.03797608015962152 0.0072660018100230289 0.028105367213784191 0.0015752284598215861 -0.00033493413141115892 -0.014500637748466405 0.02952828959610479 0.021099362297653704 -0.018277704343397528 0.00056231357236381297 -0.010374003956969829 0.020485053647229363 -0.0038706512353297606 0.0057487768115577842 0.030082353818812902 0.12582661764254952 -0.014163135472163656 0.0087399257515432 0.00022629343346660158 0.036273582047311646 0.012021191637294239 0.005196022560008398 0.033239725494381256 0.018530590551246652 -0.0045259437316740236 0.054277708634278533 0.014932196732895415 0.0022999262061971547 0.075637830545428775 0.025838126852397586 0.138593657776066
leaf_weight=1340.9613967463374 779.05447441339493 411.5814103782177 338.25945726037025 1532.5433751046658 1188.8475698828697 627.64881587028503 492.11948283016682 1507.0027514398098 835.10975211858749 49.307184845209122 160.00593464076519 870.67896404862404 110.62782272696495 93.915805503726006 3.6942535936832419 243.25749926269054 534.88218295574188 511.52071139216423 53.507905229926109 363.98281565308571 141.2406407892704 396.32685403525829 773.18830107152462 93.000651597976685 57.054771184921265 38.204926416277885 63.914327308535576 5.5305564701557151 190.03025418519974 3.9778713732957831
leaf_count=10019 4818 2358 2194 9763 8066 3559 2904 10349 5318 298 953 5672 649 575 22 1609 3297 3146 330 2198 872 2245 4459 549 321 221 406 31 1147 24
internal_value=-4.21156e-05 0.00728059 -0.0244604 0.0141213 -0.000579696 0.0194708 0.00648131 -0.0146384 -0.00891611 0.0136544 0.0026809 0.00138842 0.0233692 0.00991774 0.0160234 -0.00275945 0.0146623 0.00492161 0.000954335 0.0153554 0.015135 0.0249627 0.0229055 0.0186067 0.0207208 0.0384978 0.0177813 -2.63513e-05 0.017629 0.02815
internal_weight=13811 10624.8 3186.22 5680.81 4943.95 3870.83 2676.74 1845.26 2267.21 1879.88 1809.97 1649.73 522.209 1357.67 610.992 1078.37 1027 746.677 1649.97 607.298 235.156 1990.95 1594.63 966.979 868.448 95.2597 117.422 98.5312 557.991 194.008
internal_count=88372 65810 22562 34126 31684 22674 16691 12543 14993 11289 11452 10490 3007 8282 3689 6927 6201 4593 10499 3667 1447 11385 9140 5581 5001 542 736 580 3369 1171
is_linear=0
shrinkage=0.05


Tree=36
num_leaves=31
num_cat=0
split_feature=16 40 28 16 28 3 13 32 54 40 9 13 26 42 24 28 18 25 19 22 14 19 16 20 0 12 20 9 22 22
split_gain=319.394 90.284 41.4959 26.6667 24.265 17.9182 19.7313 19.6143 18.8298 17.2857 16.7269 16.024 17.2915 15.3168 27.5283 15.2038 19.2612 16.2456 15.6198 14.6478 13.6544 13.2985 15.8968 13.3152 16.0395 15.1484 13.2789 15.2379 14.9297 13.2713
threshold=5.6750000000000007 13.450000000000001 69.100000000000009 4.9450000000000012 52.300000000000004 16.050000000000004 7.205000000000001 8.1500000000000021 1.2766666666666668 23.300000000000004 7.5150000000000006 6.5950000000000006 51.500000000000007 42.70000000000001 40.500000000000007 9.5500000000000025 5.995000000000001 28.500000000000004 5.3850000000000007 12.500000000000002 -1.0000000180025095e-35 6.3350000000000009 6.5550000000000006 5.1950000000000012 8.5000000000000018 2.2500000000000004 4.3750000000000009 6.9450000000000012 73.500000000000014 1.5000000000000002
decision_type=8 2 2 10 2 8 10 2 10 2 8 8 2 2 2 2 10 2 10 2 8 8 8 10 2 8 8 8 2 2
left_child=1 3 21 10 5 8 9 -8 11 13 15 12 -3 -7 -15 17 -17 18 19 -1 -10 22 23 -2 -25 -26 -11 28 -28 -24
right_child=2 4 -4 -5 -6 6 7 -9 20 26 -12 -13 -14 14 -16 16 -18 -19 -20 -21 -22 -23 29 24 25 -27 27 -29 -30 -31
leaf_value=0.080667804796939024 -0.0099045203511887552 0.02380408599722152 -0.01674899830249035 -0.0022796054328931606 0.0039607814865883452 0.019217430457278844 0.19732062131098382 0.02008898782641283 0.031357614650274243 0.053485580476383299 0.11990883690341037 0.011664750386623578 0.157093425206423 0.20517844947023392 -0.024800930165621973 0.00058306173320197749 0.016578427048315327 0.0084377107645518656 0.051296914394050389 0.011043849290119305 0.16203975960230502 -3.7227328758343575e-05 0.10273083855830652 0.0076805390080523679 -0.0088715946956858562 0.11487421785275626 0.032325664099285445 -0.0047377439831960098 0.14235510003982219 -0.016274501702475654
leaf_weight=8.2630530223250371 819.00532606989145 6.4043877720832807 1491.6266141459346 1206.1259160190821 279.56079681962729 690.21717661619186 3.2764347270131102 2.9818229824304581 4.5012857690453529 71.953077718615532 3.3135356158018103 638.33343943208456 3.9241205379366875 2.9763521179556838 2.3119088113307953 824.80600360035896 243.84805665910244 289.99267736077309 50.721592016518116 88.075969576835632 3.5954429283738119 638.88738805055618 2.353168047964572 319.46046919375658 334.47299156337976 2.4915452301502219 125.11716017127037 29.644580319523811 3.1608961895108214 527.84677389264107
leaf_count=76 8636 58 16694 12141 2763 6217 28 25 41 582 32 5837 34 26 21 8201 2403 2726 473 819 32 6683 23 3321 3509 26 1016 250 25 5654
internal_value=-7.26407e-06 0.00908374 -0.0100807 0.00326294 0.0175445 0.0199352 0.024394 0.112876 0.0136103 0.0237956 0.00769297 0.0126644 0.0744448 0.0198669 0.104637 0.00744602 0.00423292 0.0153025 0.0288393 0.0170155 0.0893885 -0.00631942 -0.00832059 -0.00565213 -0.000346522 -0.00795661 0.0356822 0.0275706 0.0350369 -0.0157463
internal_weight=8719.25 4583.11 4136.14 2715.15 1867.96 1588.4 931.639 6.25826 656.759 925.381 1509.02 648.662 10.3285 695.505 5.28826 1505.71 1068.65 437.053 147.061 96.339 8.09673 2644.52 2005.63 1475.43 656.425 336.965 229.876 157.923 128.278 530.2
internal_count=88372 43826 44546 26871 16955 14192 8190 53 6002 8137 14730 5929 92 6264 47 14698 10604 4094 1368 895 73 27852 21169 15492 6856 3535 1873 1291 1041 5677
is_linear=0
shrinkage=0.05


Tree=37
num_leaves=31
num_cat=0
split_feature=41 17 54 7 21 3 35 54 17 53 6 38 17 27 37 26 36 5 23 20 3 15 41 21 17 52 35 41 38 29
split_gain=79.8038 28.7956 27.9756 22.5953 21.8119 15.9047 16.6069 15.9271 14.3765 14.7757 13.2183 13.1531 18.6497 12.9208 12.3874 12.1758 15.5795 11.6356 11.5999 11.4074 11.2654 11.1497 11.8398 11.827 10.6536 10.554 10.4357 16.7561 11.3373 10.2681
threshold=18.900000000000002 2.5350000000000006 0.49333333333333346 7.3950000000000005 5.1250000000000009 12.15 19.100000000000005 -0.20833333333333343 4.6250000000000009 4.8955000000000011 1.2500000000000002 7.8500000000000005 4.1250000000000009 76.500000000000014 10.250000000000002 49.500000000000007 18.900000000000002 7.1850000000000014 24.500000000000004 1.1050000000000002 27.250000000000004 7.1150000000000011 22.450000000000003 3.7350000000000008 6.8550000000000013 -0.01500000000000005 4.6500000000000012 14.550000000000002 24.050000000000004 16.550000000000001
decision_type=2 8 10 8 10 10 2 10 10 2 8 2 10 2 2 2 2 8 2 8 8 8 2 10 8 10 2 2 2 2
left_child=1 -1 5 4 11 -2 29 -8 9 18 17 -3 14 -11 15 -13 -17 20 -6 -9 24 22 23 -22 -4 -14 28 -28 -10 -7
right_child=2 3 10 -5 8 6 7 19 26 13 -12 12 25 -15 -16 16 -18 -19 -20 -21 21 -23 -24 -25 -26 -27 27 -29 -30 -31
leaf_value=-0.02878547185495017 -0.0035941278714557989 0.0027065492199493959 0.007774855012442114 -0.050178776012773457 -0.01513485630210679 0.0036224347781069429 0.0017849422435515648 0.091149183202624107 0.0045583832156883778 -0.013856450676895428 -0.048876967421249501 -0.012340117123103546 -0.0043499346440025793 0.031887552338899144 -0.019736282441531652 -0.0085860629594798361 0.038657594122165739 -0.042858005096523315 0.0037932905414352252 0.011516323195033882 0.026028487708141475 0.059050708086783713 0.018575767734620417 -0.0051232956004084555 -0.008389906774243127 0.0030290840963641272 -0.0074775672667975086 0.00051821559198824319 -0.011807689287174556 -0.0065390714570939066
leaf_weight=105.66580818593502 1077.1900792717934 2311.3103351742029 2045.6716867387295 24.826794251799583 111.91201956570148 506.17798833549023 759.08088320493698 4.5236936509609214 661.9799916446209 848.47706972062588 10.107022449374197 117.63981997966766 934.55309641361237 15.723045095801352 235.73847289383411 36.495161414146423 33.440093666315079 11.022785708308218 292.49726286530495 768.08881887793541 40.416346907615662 13.951340511441229 385.69035792350769 123.78581780195236 107.27462247014046 1006.4092603027821 1798.2221055626869 1030.832429215312 125.95129013061523 488.55903738737106
leaf_count=656 5939 12688 10841 147 630 2768 4184 23 3667 4879 67 656 5212 89 1324 203 186 58 1643 4148 213 73 2013 666 571 5531 10131 5771 698 2697
internal_value=2.6798e-05 -0.00282665 0.00438767 -0.0025405 -0.00241681 0.00149298 0.00366196 0.00692881 -0.00475306 -0.00933286 0.00819764 2.43824e-05 -0.0025977 -0.0130242 -0.0121067 -0.00251806 0.0140039 0.00840911 -0.00144469 0.0119826 0.00861711 0.0149086 0.0137887 0.00254433 0.00696942 -0.000523836 -0.00314676 -0.00456412 0.00194226 -0.00136833
internal_weight=16033.2 9691.67 6341.54 9586.01 9561.18 3603.62 2526.43 1531.69 4885.6 1268.61 2737.92 4675.59 2364.28 864.2 423.314 187.575 69.9353 2727.81 404.409 772.613 2716.79 563.844 549.893 164.202 2152.95 1940.96 3616.99 2829.05 787.931 994.737
internal_count=88372 54111 34261 53455 53308 19759 13820 8355 27508 7241 14502 25800 13112 4968 2369 1045 389 14435 2273 4171 14377 2965 2892 879 11412 10743 20267 15902 4365 5465
is_linear=0
shrinkage=0.05


Tree=38
num_leaves=31
num_cat=0
split_feature=18 54 53 18 52 42 17 8 21 15 28 23 18 18 21 35 19 42 36 19 17 3 53 35 54 20 42 43 21 27
split_gain=70.089 44.8768 36.7595 34.0925 32.0078 26.0222 22.1719 15.1053 14.7965 13.7528 13.6805 13.4996 14.7596 13.4227 13.3618 16.7224 17.0822 12.7424 12.4782 14.1623 12.4751 13.7749 13.5633 22.4341 12.8474 12.3823 15.4362 12.4414 15.7176 12.1788
threshold=4.7250000000000005 0.26833333333333309 4.8291666666666684 3.3950000000000005 -0.10499999999999994 22.400000000000002 4.5050000000000008 1.2500000000000002 6.5150000000000006 7.0750000000000011 55.750000000000007 36.500000000000007 4.535000000000001 3.5050000000000003 1.1850000000000003 20.950000000000006 4.4850000000000012 27.700000000000006 11.300000000000002 4.8450000000000006 4.5650000000000004 28.050000000000004 5.0208333333333348 29.100000000000005 0.97666666666666713 6.205000000000001 29.300000000000001 23.900000000000002 5.705000000000001 32.500000000000007
decision_type=10 8 2 10 8 2 8 8 10 8 2 2 10 10 8 2 10 2 2 10 10 8 2 2 8 8 2 2 10 2
left_child=2 6 3 -1 14 7 -2 8 20 -7 -5 -12 -13 -4 15 -3 -17 -8 19 -19 24 22 23 -22 -6 27 -27 28 -15 -14
right_child=1 4 13 10 5 9 17 -9 -10 -11 11 12 29 25 -16 16 -18 18 -20 -21 21 -23 -24 -25 -26 26 -28 -29 -30 -31
leaf_value=-0.013652287143132861 -0.0076703012194946803 -0.014212038256000077 -0.020383029389339391 -0.00057082881602943674 -0.0073159631127477547 0.0085984824788358626 -0.00063352548512223559 -0.045351256695948639 -0.0063414894436494076 0.038478903392181213 0.00051150897423437528 0.010473454491186 0.070480954814782074 0.00068261377044718163 0.014317085438537824 0.13933498992106405 0.035478025818838459 0.019398342784289223 0.0096223812116525004 -0.015582994358624327 0.0087925466129323195 -0.0040728595858977902 0.0049574650692845263 0.038738763028368421 0.0038528384188477138 -0.016662755683343664 0.018939050978690912 -0.013376007890846989 -0.0095505417921523394 0.020951113041081187
leaf_weight=408.64792637526989 1007.0667016655207 6.5068746507167843 229.02596111595631 1464.7819939404726 483.35489703714848 1523.3918481916189 3975.9237184971571 17.032607436180115 477.80956862866879 39.507156386971474 309.43775488436222 294.54192000627518 19.528522774577141 861.48649445176125 638.7767620831728 7.0211320668458965 9.0788271874189359 39.126255065202713 608.60261662304401 111.06393329799175 255.75328493118286 325.44515593349934 1393.0759766995907 82.784754082560539 550.98098440468311 500.10100282728672 32.420157730579376 433.15241438150406 664.81164109706879 34.05327582359314
leaf_count=2287 5383 33 1302 7753 2562 7734 20977 94 2523 200 1608 1531 100 4544 3238 35 46 203 3159 580 1311 1690 7253 423 2848 2710 170 2329 3572 174
internal_value=2.4368e-05 0.00220164 -0.00476477 -0.000427549 0.0052995 0.00396951 -0.000933311 0.00162301 0.00184717 0.0093538 0.00211882 0.00811026 0.0148646 -0.00879912 0.0156541 0.0534313 0.0807697 0.000499636 0.00643718 -0.00646996 0.00311282 0.0053651 0.0071389 0.0161155 -0.00136645 -0.0077345 -0.0144953 -0.00589711 -0.00377465 0.0390029
internal_weight=16804.3 11552.3 5251.99 2530.99 5810.52 5149.14 5741.78 3586.24 3569.2 1562.9 2122.34 657.561 348.124 2721 661.384 22.6068 16.1 4734.72 758.793 150.19 3091.4 2057.06 1731.61 338.538 1034.34 2491.97 532.521 1959.45 1526.3 53.5818
internal_count=88372 60292 28080 13453 29990 26638 30302 18704 18610 7934 11166 3413 1805 14627 3352 114 81 24919 3942 783 16087 10677 8987 1734 5410 13325 2880 10445 8116 274
is_linear=0
shrinkage=0.05


Tree=39
num_leaves=31
num_cat=0
split_feature=19 19 19 20 43 21 53 54 21 3 37 11 43 54 16 20 54 18 11 22 32 43 31 11 18 47 15 33 41 37
split_gain=259.002 86.1711 61.2272 45.5817 44.0448 33.0606 25.9881 21.186 20.5825 18.8481 17.8498 16.2155 15.3196 15.1972 14.0824 13.814 13.4083 12.2299 11.7336 11.8513 11.6413 11.4589 11.458 11.3541 15.4913 11.7466 11.1381 11.3968 10.9754 10.9554
threshold=3.8550000000000004 5.035000000000001 2.1050000000000004 5.1750000000000007 19.100000000000005 4.6850000000000014 4.7591666666666681 0.9199999999999996 5.705000000000001 27.750000000000004 16.350000000000005 6.6550000000000011 35.850000000000009 1.7533333333333336 4.5450000000000008 3.2850000000000006 0.53733333333333422 7.2750000000000012 6.785000000000001 50.500000000000007 6.6000000000000005 16.400000000000002 33.95000000000001 7.1050000000000013 5.3450000000000006 1.5000000000000002 6.6650000000000009 28.200000000000006 20.750000000000004 29.800000000000004
decision_type=10 10 10 10 2 10 2 8 10 10 2 8 2 10 10 10 8 10 10 2 2 2 2 10 10 2 10 2 2 2
left_child=2 3 -1 5 7 16 22 9 12 29 11 -5 -6 18 -10 26 -2 23 28 -20 -7 -8 -4 25 -25 -9 -16 -28 -14 -3
right_child=1 4 6 10 8 20 21 17 14 -11 -12 -13 13 -15 15 -17 -18 -19 19 -21 -22 -23 -24 24 -26 -27 27 -29 -30 -31
leaf_value=-0.036254307785754669 0.00012591980849633035 0.00088774641137012863 -0.0076703102433352535 0.014396661547263066 0.01038853230792668 -9.9142765785156404e-05 -0.022886408393132621 0.032240197950276647 -0.0090880032961884027 -0.0060373592991281918 -0.002227321377685157 -0.012858509640938518 0.018289945658507663 0.072310271195044074 -0.042909416412067358 0.0050910413640342595 0.010864532935952074 0.057824316213019339 0.036957565190664253 0.0099746745339172396 -0.0088401616907537017 -0.0047291209676572805 0.05687247097754991 0.080550010653426984 -0.023333478994220547 0.0059116130026871591 0.025935091998082183 0.10040446772595298 -0.01508769803277888 0.0082259846925717035
leaf_weight=353.24856480956078 449.84249305725098 2994.0235500186682 815.86393861472607 56.814423441886902 2079.5824255794287 900.58097770810127 596.53791941702366 43.976435154676437 166.83088114857674 877.27846826612949 739.89573207497597 1382.8238749653101 72.972769305109978 14.515525937080382 5.3952572345733634 1432.7136017531157 821.56273111701012 12.168606430292128 118.94647462666035 61.855702891945839 660.0949002802372 101.70681428909302 6.9347047954797736 11.563078194856645 5.2036783099174491 1155.3087768703699 68.88844496011734 5.5517167598009101 37.176450505852699 612.69115647673607
leaf_count=2200 2371 15714 4503 305 10535 4860 3438 218 878 4649 4069 7657 363 66 28 7434 4187 60 579 306 3637 570 38 56 27 5863 352 28 187 3194
internal_value=8.16694e-06 0.00222744 -0.017502 -0.00310343 0.00496011 0.00107974 -0.013147 0.00212924 0.00893866 0.000535566 -0.00853903 -0.0117829 0.0119243 0.02238 0.00469839 0.006219 0.00706505 0.00794741 0.019889 0.0277262 -0.0037962 -0.0202416 -0.00712633 0.00744831 0.0483091 0.00687705 0.0264612 0.031489 0.00702466 0.00213433
internal_weight=16662.6 14788.3 1874.29 5011.62 9776.64 2832.08 1521.04 5712.21 4064.43 4483.99 2179.53 1439.64 2385.05 305.467 1679.38 1512.55 1271.41 1228.22 290.951 180.802 1560.68 698.245 822.799 1216.05 16.7668 1199.29 79.8354 74.4402 110.149 3606.71
internal_count=88372 77623 10749 27086 50537 15055 8549 29781 20756 23557 12031 7962 12036 1501 8720 7842 6558 6224 1435 885 8497 4008 4541 6164 83 6081 408 380 550 18908
is_linear=0
shrinkage=0.05


Tree=40
num_leaves=31
num_cat=0
split_feature=20 20 53 53 44 20 20 21 21 44 38 30 20 17 21 16 20 20 0 38 5 13 32 21 35 26 15 19 54 37
split_gain=497.653 229.284 83.2028 79.4895 42.6881 27.4249 23.2628 21.3173 20.5318 20.4242 19.1783 18.0406 18.1122 18.9966 16.9169 19.979 15.221 14.5855 14.2531 14.2367 13.9195 13.2361 13.103 12.8736 12.8634 12.7982 12.2698 15.0239 19.6887 12.2687
threshold=2.8050000000000002 4.8350000000000009 4.6158333333333355 5.1473333333333349 31.000000000000004 1.6050000000000002 5.6150000000000011 5.8150000000000004 6.1350000000000007 15.600000000000003 36.600000000000001 47.600000000000001 4.4350000000000014 4.245000000000001 6.4050000000000011 3.5950000000000002 4.0050000000000008 6.2350000000000012 9.5000000000000018 22.450000000000003 7.0550000000000006 6.7150000000000007 26.500000000000004 6.1650000000000009 52.550000000000004 32.500000000000007 6.9050000000000011 6.995000000000001 0.46550000000000097 22.650000000000002
decision_type=10 10 2 2 2 10 10 10 10 2 2 2 10 8 8 10 10 10 2 2 8 8 2 10 2 2 8 10 8 2
left_child=5 2 9 10 6 -1 19 11 18 16 23 12 13 -4 15 -6 -2 -17 -8 -5 -20 -10 -14 -3 -9 -13 27 -19 -29 -28
right_child=1 3 7 4 14 -7 8 24 21 -11 -12 25 22 -15 -16 17 -18 26 20 -21 -22 -23 -24 -25 -26 -27 29 28 -30 -31
leaf_value=-0.042020946815336684 -0.0045366948246824369 0.013933967623808774 0.0029987311822957941 -0.0041939912334764034 0.12778650439598871 -0.025887788533311258 0.011219407681385515 -0.016144517998243704 0.010788380625225774 0.022253987101003504 0.035049843858782563 0.11069112649357155 -0.0038963576274294262 -0.013981679323567446 0.0044652742390601918 0.009707261621806431 0.0068389675779954862 0.017889333565763998 0.0026109413189603237 0.0071803914683513841 0.040230788528109587 -0.0015686119350506709 0.023233292658683641 0.00066871483798465567 0.052619406665974582 0.010941683757393522 0.061472446232500415 0.031322067959624687 0.15801332297664503 0.013208799524315196
leaf_weight=462.31948925554752 504.22596471011639 2663.4013814181089 191.72883233428001 1493.1996806114912 4.4257681071758261 612.28053376078606 1289.8153019994497 1211.2769067138433 257.2480783611536 140.24550448358059 102.35751990973949 5.2919722348451605 878.77452728152275 1168.7802611738443 201.04449631273746 169.28401128947735 705.47848589718342 165.78513203561306 1074.6014755666256 337.23211258649826 25.1641586124897 1375.142808675766 46.880525380373001 196.38411696255207 6.8394386619329444 8.1957187801599485 45.712201848626137 9.6537697166204435 4.4943381249904624 18.494695425033569
leaf_count=3218 2925 14271 1157 8674 22 3986 7073 7430 1452 756 526 32 5147 7119 1122 920 3885 881 5983 1929 139 7856 274 1095 42 49 236 52 22 99
internal_value=-1.33201e-05 0.00245245 -0.00636095 0.00700022 0.00389497 -0.0328287 0.00257437 -0.0104104 0.004701 0.00419145 0.0137842 -0.00757765 -0.0079178 -0.0115887 0.0163828 0.0221168 0.00209739 0.0209856 0.00765367 -0.00209842 0.00347174 0.000378723 -0.00252236 0.013023 -0.0157584 0.0500789 0.0288058 0.02211 0.0715673 0.0475702
internal_weight=15375.8 14301.2 4867.72 9433.44 6471.3 1074.6 5852.4 3517.77 4021.97 1349.95 2962.14 2299.65 2286.16 1360.51 618.894 417.85 1209.7 413.424 2389.58 1830.43 1099.77 1632.39 925.655 2859.79 1218.12 13.4877 244.14 179.933 14.1481 64.2069
internal_count=88372 81168 28816 52352 36460 7204 33106 21250 22503 7566 15892 13778 13697 8276 3354 2232 6810 2210 13195 10603 6122 9308 5421 15366 7472 81 1290 955 74 335
is_linear=0
shrinkage=0.05


Tree=41
num_leaves=31
num_cat=0
split_feature=21 21 53 21 53 51 21 21 53 53 21 53 33 33 15 15 54 39 25 32 39 3 17 52 15 0 53 39 43 18
split_gain=915.498 242.037 129.459 122.001 98.8365 47.7793 33.9785 33.9224 31.0626 24.8692 24.1784 20.8298 17.3036 17.2709 15.5191 16.0546 16.3634 15.3201 20.7704 15.2691 15.0208 19.7012 13.892 18.5585 13.6377 13.1044 13.0041 12.7868 12.619 14.4583
threshold=4.0250000000000012 5.5450000000000008 5.9255000000000013 2.3650000000000007 5.1273333333333353 3.5000000000000004 4.705000000000001 5.1250000000000009 5.0536666666666674 4.515833333333334 6.8550000000000013 4.2141666666666682 29.700000000000003 9.7500000000000018 6.9250000000000007 6.9150000000000009 0.24833333333333349 9.3000000000000025 24.500000000000004 14.900000000000002 39.650000000000006 20.050000000000004 5.4350000000000014 -1.2799999999999998 6.9450000000000012 7.5000000000000009 5.8341666666666674 21.550000000000001 19.300000000000001 4.5750000000000011
decision_type=10 10 2 10 2 2 10 10 2 2 10 2 2 2 8 10 10 2 2 2 2 8 8 10 8 2 2 2 2 10
left_child=3 4 5 -1 6 8 11 26 24 17 20 -2 19 -13 15 16 -8 -5 -19 22 -4 -22 23 -10 -3 -9 -6 -18 -25 -30
right_child=1 2 10 9 7 -7 14 25 12 -11 -12 13 -14 -15 -16 -17 27 18 -20 -21 21 -23 -24 28 -26 -27 -28 -29 29 -31
leaf_value=-0.038361383271892091 0.017514379855022522 0.025321140985012893 -0.0029462316696394555 -0.0086534040204609922 -0.01134235361251934 0.023161564251332784 0.0058151127266597158 0.0062004850077006495 0.10943050431826835 -0.020930796930332798 0.0098747555816106163 -0.005686946832617305 0.033970338740305007 0.012613959109685642 9.0585711782498245e-05 0.050805021783994347 0.017100385201674149 0.11560220452843886 0.0054670046374254416 -3.6812538047425941e-05 0.0059197316701547417 0.1009565330293095 0.0051789991797248193 0.010438808589404082 0.0060681503916375848 -0.0057646460603564377 -0.024831326110318665 0.05223458995289644 0.055252565990107499 0.01942194389052937
leaf_weight=1201.7279482781887 139.20559543371201 521.28193475306034 1215.9654226005077 387.75352028012276 1448.3426293134689 2053.6162656396627 437.91711093485355 368.08321098983288 5.3314597755670539 1011.5878331363201 629.59566815197468 900.75549997389317 65.502089634537697 150.44969318807125 250.85008361935616 28.802948579192162 485.77039751410484 5.772883445024493 16.563706248998642 446.77812467515469 17.186908051371578 7.987520068883895 524.18290612101555 364.81678548455238 111.68434585630894 604.88862158358097 203.81788067519665 27.354769945144653 35.627485379576683 134.22599686682224
leaf_count=9285 836 2941 7764 2609 9857 11546 2655 2335 32 7151 3914 5858 394 970 1517 175 2921 38 110 2722 109 51 3214 2192 653 3908 1422 163 214 816
internal_value=-5.12251e-05 0.00618636 0.0128592 -0.0266336 -0.00192455 0.0176711 0.00536186 -0.00864465 0.0125678 -0.0167203 0.00189376 -0.00066085 0.0088112 -0.0030677 0.0111874 0.0140283 0.0129145 -0.00633392 0.0339314 0.00772052 -0.00215478 0.0360737 0.0109773 0.0166057 0.021924 -0.00123814 -0.0130064 0.0189734 0.0156801 0.0269376
internal_weight=13803.4 11180 6133.78 2623.41 5046.24 4263.05 2421.11 2625.13 2209.43 1421.68 1870.74 1190.41 1576.46 1051.21 1230.7 979.845 951.042 410.09 22.3366 1510.96 1241.14 25.1744 1064.18 540.002 632.966 972.972 1652.16 513.125 534.67 169.853
internal_count=88372 69179 36562 19193 32617 24724 15095 17522 13178 9908 11838 7664 9584 6828 7431 5914 5739 2757 148 9190 7924 160 6468 3254 3594 6243 11279 3084 3222 1030
is_linear=0
shrinkage=0.05


Tree=42
num_leaves=31
num_cat=0
split_feature=16 40 28 28 28 40 19 8 40 40 54 20 28 19 13 25 11 54 19 20 3 41 19 5 21 36 3 18 0 11
split_gain=291.702 80.7537 39.1399 24.896 21.4556 16.6826 13.5096 13.1223 13.8523 12.8193 12.3567 11.447 11.402 11.1254 12.9587 13.8484 10.9007 13.6135 12.5062 10.6759 10.4782 16.601 15.5641 16.6947 14.9671 14.8168 10.397 10.7052 10.4421 16.933
threshold=5.6750000000000007 13.450000000000001 69.100000000000009 49.550000000000004 52.300000000000004 19.600000000000005 7.5950000000000006 0.75000000000000011 8.9500000000000011 25.150000000000002 1.1283333333333327 6.7750000000000012 81.950000000000003 7.3150000000000004 6.9050000000000011 33.500000000000007 6.8050000000000006 0.8666666666666677 6.3850000000000007 2.2250000000000005 29.750000000000004 18.350000000000005 6.7950000000000008 6.8650000000000011 1.1050000000000002 19.100000000000005 17.950000000000003 7.5650000000000004 8.5000000000000018 6.7550000000000008
decision_type=8 2 2 2 2 2 10 10 2 2 8 10 2 10 8 2 8 8 10 10 10 2 10 10 8 2 10 8 2 8
left_child=1 3 7 -1 5 -3 -5 8 16 11 12 20 -4 26 15 -15 17 19 -19 -2 24 22 -22 -24 25 -10 27 28 -7 -30
right_child=2 4 10 6 -6 13 -8 -9 9 -11 -12 -13 -14 14 -16 -17 -18 18 -20 -21 21 -23 23 -25 -26 -27 -28 -29 29 -31
leaf_value=0.0065675977966079234 0.11144102548024229 0.01380059159025103 -0.0096212900828726231 -0.003911545938531171 0.003772679234468064 0.01252981210285662 0.080921758729166793 0.031431829015809203 0.017851111359301508 -0.023033938701471936 -0.022176030399914032 0.014764153623190801 -0.022768423274049394 0.051894310339366638 -0.0041958879798056417 0.19192243299792475 -0.013334179091573473 -0.015629715689635542 0.015280130426892325 0.0015985662450805384 0.021505241367071465 -0.013882035604067462 0.042465001749318103 0.22325022172876963 -0.0049088311600386497 0.17288430644537106 0.028364233745560654 0.12304272387691165 0.093420284240177717 0.021081399714513616
leaf_weight=1782.7148415222764 2.2268980070948592 827.99531619250774 703.55430951714516 935.95399852097034 280.51501438766718 292.14585226029158 4.7166350409388533 23.129835054278374 4.7210850566625586 69.102068781852722 550.43893015384674 106.16474851965904 215.4061718955636 4.0367737635970089 3.5011990666389474 3.1383878663182259 835.47954485565424 284.50840482115746 36.977476760745049 332.79358801990747 52.112910456955433 34.68001351505518 3.4013658985495558 2.0446367487311363 839.49415546655655 2.2880581915378571 437.28465662151575 2.3498048633337012 10.687759965658186 33.278687886893749
leaf_count=17307 23 7534 7955 9520 2763 2613 44 223 49 753 6296 1041 2443 33 29 26 8971 3072 394 3538 545 367 35 21 8796 24 3551 19 90 297
internal_value=-6.4638e-06 0.00861005 -0.00971577 0.00309497 0.0165363 0.018754 -0.00348618 -0.00606293 -0.00639572 -0.00217698 -0.0162516 -0.00079766 -0.012703 0.0239693 0.0746623 0.113142 -0.00954569 -0.00472441 -0.0120744 0.00232869 -0.00255758 0.0134453 0.0299103 0.110339 -0.00430133 0.06846 0.0232717 0.0166922 0.0159487 0.0386662
internal_weight=8716.84 4618.32 4098.52 2723.39 1894.93 1614.42 940.671 2629.12 2605.99 1114.01 1469.4 1044.91 918.96 786.423 10.6764 7.17516 1491.99 656.506 321.486 335.02 938.742 92.2389 57.5589 5.446 846.503 7.00914 775.747 338.462 336.112 43.9664
internal_count=88372 43826 44546 26871 16955 14192 9564 27852 27629 11631 16694 10878 10398 6658 88 59 15998 7027 3466 3561 9837 968 601 56 8869 73 6570 3019 3000 387
is_linear=0
shrinkage=0.05


Tree=43
num_leaves=31
num_cat=0
split_feature=41 17 54 7 54 52 3 35 28 20 6 20 3 54 32 43 31 41 29 24 15 44 52 20 17 7 22 41 37 15
split_gain=73.0932 26.9828 24.8796 21.5427 19.9355 25.2479 14.6113 15.1742 14.9539 15.5791 12.4337 12.1008 11.0001 12.3901 12.0339 11.0774 15.4251 10.9201 10.8524 10.7717 12.5873 12.1342 10.6325 10.5223 13.202 11.2806 9.78462 9.73902 9.70172 10.0666
threshold=18.900000000000002 2.5350000000000006 0.49333333333333346 7.3950000000000005 0.57500000000000073 1.2100000000000004 12.15 19.100000000000005 41.900000000000013 1.1050000000000002 1.2500000000000002 6.8550000000000013 19.350000000000005 -0.28666666666666568 1.0000000180025095e-35 19.700000000000003 39.000000000000007 25.300000000000004 31.100000000000005 3.5000000000000004 6.8650000000000011 6.9000000000000012 2.7450000000000006 4.535000000000001 3.9850000000000008 7.0250000000000012 12.500000000000002 27.700000000000006 29.800000000000004 6.9350000000000014
decision_type=2 8 10 8 10 8 10 2 2 8 8 10 8 10 2 2 2 2 2 2 10 2 8 10 10 10 2 2 2 10
left_child=1 -1 6 4 5 12 -2 27 9 -9 17 -11 19 14 -14 16 -15 22 -19 20 -3 -22 26 25 -25 -6 -4 -8 29 -10
right_child=2 3 10 -5 23 -7 7 8 28 11 -12 -13 13 15 -16 -17 -18 18 -20 -21 21 -23 -24 24 -26 -27 -28 -29 -30 -31
leaf_value=-0.028103145232835098 -0.0034227901739688343 0.0085465874416078783 -0.009470959801043578 -0.049754344410290752 0.0043252130282271468 -0.01668866827534109 -0.0060565846557287494 0.09542273495726078 0.016448273421708331 -0.0009631367135754913 -0.048539227747861798 0.023621250985422174 -0.0004635332460321819 -0.00039400855749890224 -0.012775623863959279 -0.0093718847810553407 0.056460540548056187 0.012757727163491044 -0.0019465716678275175 -0.0015093636172171015 0.015623556739626079 0.12876123028918005 -0.015403436236417984 -0.011168128637670379 -0.00026760237674933445 -0.015089419253943019 0.0070205822063899139 0.0038513898371770753 -0.0026036049923107703 0.001417494027209267
leaf_weight=103.45917020738125 1074.2353709489107 27.72683385014534 96.922286182641983 23.988179340958595 1593.2281679809093 379.62430839240551 514.43120475113392 4.3834390789270392 562.71216629445553 669.00598089396954 9.7668174505233747 54.101535737514496 262.41330423951149 957.3924770206213 814.40197779238224 424.36113354563713 12.080447211861609 1195.5043999552727 140.19589911401272 2685.3790290355682 4.4992897808551771 5.0076364874839783 61.640977010130882 323.18129885196686 1976.8563626557589 78.506227090954781 1248.8055915981531 478.91574203968048 108.3356931656599 138.88733065128326
leaf_count=656 5939 155 515 147 8672 2254 2840 22 3034 3668 67 297 1488 5380 4675 2413 67 6210 740 14997 25 28 343 1813 10914 427 6627 2625 584 750
internal_value=3.18918e-05 -0.0027055 0.00419625 -0.00243089 -0.00231196 -0.00424106 0.00146303 0.00353691 0.00664899 0.0014459 0.00777557 0.000876221 -0.00333114 -0.00574681 -0.00977524 -0.00263461 0.000314447 0.00797608 0.0112144 -0.00113904 0.0255696 0.0752172 0.0049027 0.00039481 -0.00179925 0.00341348 0.00583283 -0.00127972 0.0113225 0.0134728
internal_weight=16030 9672.11 6357.84 9568.65 9544.66 5572.89 3605.01 2530.77 1537.43 727.491 2752.84 723.108 5193.26 2470.65 1076.82 1393.83 969.473 2743.07 1335.7 2722.61 37.2338 9.50693 1407.37 3971.77 2300.04 1671.73 1345.73 993.347 809.935 701.599
internal_count=88372 54111 34261 53455 53308 31482 19759 13820 8355 3987 14502 3965 29228 14023 6163 7860 5447 14435 6950 15205 208 53 7485 21826 12727 9099 7142 5465 4368 3784
is_linear=0
shrinkage=0.05


Tree=44
num_leaves=31
num_cat=0
split_feature=18 42 54 54 17 52 54 52 3 20 18 36 43 19 20 53 39 40 27 22 29 53 17 52 52 13 28 43 3 3
split_gain=64.6226 43.9632 26.8024 23.241 21.0806 20.5544 17.4995 14.742 15.9242 14.2382 13.7508 12.5156 12.4721 12.3773 17.8088 13.9075 12.1653 12.0723 12.6963 12.3192 12.0896 11.8539 11.1698 10.8116 10.8707 10.4741 10.3747 10.1673 11.7316 10.1333
threshold=3.9350000000000005 25.450000000000003 0.8166666666666661 0.63000000000000023 5.7350000000000012 0.95000000000000073 1.9100000000000008 0.4899999999999996 19.950000000000003 5.5850000000000009 2.4050000000000007 11.650000000000002 23.650000000000002 4.3250000000000011 6.205000000000001 5.5255000000000019 15.200000000000001 10.400000000000002 51.500000000000007 46.500000000000007 21.550000000000001 4.9258333333333351 6.455000000000001 0.19499999999999987 0.069999999999999604 7.1250000000000009 65.300000000000026 19.300000000000001 8.5500000000000025 6.0500000000000007
decision_type=10 2 8 10 8 10 8 10 10 10 10 2 2 10 10 2 2 2 2 2 2 2 8 10 8 8 2 2 8 10
left_child=6 2 4 11 -2 21 10 8 -5 12 -1 -3 -6 14 17 25 -10 20 -19 -20 -11 23 -13 24 -4 -15 -26 28 -12 -7
right_child=1 3 5 7 9 29 -8 -9 16 13 27 22 -14 15 -16 -17 -18 18 19 -21 -22 -23 -24 -25 26 -27 -28 -29 -30 -31
leaf_value=-0.028333964975999035 -0.0041412892600349496 -0.0044937467248187439 0.019909047208414143 0.010563263958545611 0.0065402375645184545 0.016880657211585146 0.0055492816793606993 0.009330601326784321 0.044599002532938956 0.018785370187775222 0.0085418302864926684 0.0027409251896975358 -0.0040163056852480688 -0.014561213027144641 -0.0043814168983358796 -0.0013508313384738605 -0.0047286148039464128 -0.0091032151017175333 0.0053894444394089322 0.095352158569990825 0.065533045079130589 0.0048659933698925019 0.01252525762783184 0.0095841709575614463 0.075767098040153733 0.07013686492703966 0.0097440684524989357 -0.016744453215020189 -0.0090328088545644052 0.00012886751373490548
leaf_weight=108.26545326411724 4592.3804276883602 424.77924871444702 124.62497162818909 109.49938860535622 1330.9735112339258 93.840446308255196 174.85494415462017 900.55845940113068 90.712507858872414 30.287349849939346 106.60603912174702 1164.8776476085186 354.26637563109398 273.30432337522507 114.18072587251663 1705.2156788259745 14.496646940708159 37.155520632863045 8.6820063143968564 6.7747988104820243 25.452969625592232 685.91131384670734 389.13108080625534 277.19064342975616 18.647472649812702 3.6995564252138129 8.7383192628622037 380.95020207762718 868.96836113929749 2375.8379215747118
leaf_count=626 24673 2220 616 535 6877 481 924 4506 440 157 577 6049 1872 1459 595 8999 72 193 45 35 131 3456 1998 1389 93 20 43 2128 4804 12359
internal_value=2.82623e-05 0.00104804 -0.000315319 0.00636528 -0.00184721 0.00330946 -0.00940123 0.0121375 0.0239106 0.000861097 -0.0111859 0.00311199 0.00432107 -0.00178359 0.00939744 -0.00303883 0.0378022 0.0239174 0.00673888 0.0448206 0.040132 0.0089439 0.00519097 0.0154609 0.0261769 -0.01343 0.0547003 -0.00981731 -0.00711234 0.000765386
internal_weight=16800.9 15161.2 12067.2 3094.05 8482.37 3584.79 1639.64 1115.27 214.709 3889.99 1464.79 1978.79 1685.24 2204.75 222.533 1982.22 105.209 108.353 52.6123 15.4568 55.7403 1115.11 1554.01 429.201 152.011 277.004 27.3858 1356.52 975.574 2469.68
internal_count=88372 79313 63493 15820 45056 18437 9059 5553 1047 20383 8135 10267 8749 11634 1156 10478 512 561 273 80 288 5597 8047 2141 752 1479 136 7509 5381 12840
is_linear=0
shrinkage=0.05


Tree=45
num_leaves=31
num_cat=0
split_feature=19 19 21 43 19 54 38 54 53 3 11 21 20 17 45 43 21 22 20 37 54 19 20 26 33 35 28 30 45 21
split_gain=241.836 101.814 47.0913 39.9094 33.6802 23.4614 21.4846 19.5371 19.2966 19.261 17.2407 16.6961 15.9479 18.2652 16.8842 14.9946 13.4379 13.0735 12.5445 12.741 12.2819 11.381 12.1867 11.1858 11.132 15.9962 10.9935 11.8419 12.0789 10.9151
threshold=3.4350000000000005 5.035000000000001 4.6050000000000013 19.100000000000005 2.1050000000000004 0.53733333333333422 5.1500000000000012 -1.3466666666666669 4.4225000000000021 27.950000000000003 7.3550000000000013 5.705000000000001 6.1750000000000007 6.4850000000000012 19.600000000000005 35.850000000000009 4.3250000000000011 35.500000000000007 5.2350000000000012 21.250000000000004 1.7533333333333336 5.4850000000000012 4.0050000000000008 48.500000000000007 13.950000000000001 41.45000000000001 65.450000000000017 11.450000000000001 1.0000000180025095e-35 6.3350000000000009
decision_type=10 10 10 2 10 8 2 10 2 10 8 10 8 10 2 2 10 2 10 2 10 10 10 2 2 2 2 2 2 10
left_child=4 2 5 9 -1 -2 29 -5 -6 12 11 15 13 16 17 -9 23 -15 19 -7 -17 22 -18 -3 -19 -26 -23 -28 -29 -4
right_child=1 3 6 7 8 18 -8 10 -10 -11 -12 -13 -14 14 -16 20 21 24 -20 -21 -22 26 -24 -25 25 -27 27 28 -30 -31
leaf_value=-0.035575864775684925 -0.0040768016829614033 0.013302943120979028 9.9718234063210365e-05 -0.010030298267625609 -0.0063102937214264609 0.0065722144027193057 -0.010770742701973854 0.010481077644731919 -0.022799813564007541 -0.0038675356911235925 -0.052240727835125393 0.0054164195497151974 -0.0014242951043585434 0.0066106330477836905 -0.027632762570376036 0.020135063853715399 0.0088303121233628979 0.029023944679815578 -0.0012696903108253381 0.022123536294571484 0.066432332856403473 0.001154274873625164 -0.0082230915822002152 0.001519127966004675 -0.005425725586066292 0.088766664033606085 0.021553456353637895 0.0079695786968389682 -0.026930025618142728 -0.00989560880208816
leaf_weight=343.67212116718292 1003.6667514443398 545.38029052317142 994.45610679686069 137.66524551808834 280.97545395791531 794.9828834682703 2001.0045163333416 2017.2618529349566 481.40049643814564 1118.8370142430067 11.4104006588459 1620.9210602045059 1230.8311358243227 194.57959191501141 22.860567077994347 284.81083366274834 135.88226737082005 206.03637386858463 414.67855082452297 157.85961152613163 15.083619907498358 1027.3491631001234 457.42203986644745 319.29097819328308 48.251644313335419 4.9718441367149344 158.30515170097351 222.87739518284798 27.895931646227837 376.55511669814587
leaf_count=2200 5405 2775 5395 716 1553 4055 11260 10143 2843 5883 59 8385 6463 1006 122 1387 702 1063 2250 799 66 5355 2406 1626 252 26 813 1143 146 2075
internal_value=9.73599e-06 0.00161644 -0.0036705 0.0047123 -0.0225807 0.00172865 -0.00746716 0.00848573 -0.0167226 0.00201641 0.00913113 0.00930896 0.00344694 0.00522549 0.0142943 0.0120319 0.00373187 0.0164063 0.00598945 0.00914864 0.0224637 0.00150824 -0.00431741 0.00895162 0.0237581 0.00337321 0.00391448 0.0108464 0.00408736 -0.00264555
internal_weight=16657.2 15551.1 5743.2 9807.92 1106.05 2371.19 3372.02 4087.15 762.376 5720.77 3949.49 3938.08 4601.93 3371.1 476.7 2317.16 2894.4 453.839 1367.52 952.842 299.894 2029.73 593.304 864.671 259.26 53.2235 1436.43 409.078 250.773 1371.01
internal_count=88372 81776 31239 50537 6596 12509 18730 20756 4396 29781 20040 19981 23898 17435 2469 11596 14966 2347 7104 4854 1453 10565 3108 4401 1341 278 7457 2102 1289 7470
is_linear=0
shrinkage=0.05


Tree=46
num_leaves=31
num_cat=0
split_feature=20 20 53 53 44 20 20 53 44 21 38 25 32 21 16 52 44 19 20 18 23 9 38 20 21 44 36 11 3 35
split_gain=464.342 207.898 76.0748 70.3226 38.5175 27.2414 21.0114 20.6359 18.382 18.3211 17.066 16.9674 16.0396 15.0103 16.6541 13.8661 17.1469 15.5802 13.797 13.5432 13.4655 13.0869 13.0332 12.8324 12.4085 18.5023 13.695 12.417 13.6558 12.3654
threshold=2.8050000000000002 4.8350000000000009 4.6158333333333355 5.1473333333333349 31.000000000000004 1.6050000000000002 5.6150000000000011 5.2391666666666685 15.600000000000003 6.1350000000000007 22.450000000000003 31.500000000000004 15.600000000000003 6.4050000000000011 3.5950000000000002 1.98 23.650000000000002 4.9850000000000012 4.0050000000000008 6.2550000000000008 2.5000000000000004 6.5550000000000006 22.450000000000003 6.2350000000000012 2.4650000000000003 26.200000000000006 13.150000000000002 7.0550000000000006 26.100000000000005 30.200000000000003
decision_type=10 10 2 2 2 10 10 2 2 10 2 2 2 8 10 10 2 8 10 10 2 8 2 10 10 2 2 10 8 2
left_child=5 2 8 10 6 -1 22 12 18 15 24 29 -4 14 -6 17 -17 19 -2 -8 -14 -19 -5 -16 26 -26 27 28 -3 -12
right_child=1 3 7 4 13 -7 9 -9 -10 -11 11 -13 20 -15 23 16 -18 21 -20 -21 -22 -23 -24 -25 25 -27 -28 -29 -30 -31
leaf_value=-0.041502118067308053 -0.0043661031499185963 0.030938458219138151 -0.0090988420487428095 -0.0040053038636385825 0.11397109131275661 -0.025197145253789147 0.0082504438186509401 -0.014855846890720168 0.020968078790477119 0.00038415103277456312 0.01456154440054365 0.025953150019902095 0.095976683094375001 0.0042817085967734479 0.009230534144647317 0.013267618040607354 0.052483337327296001 0.10398478078311624 0.0064620412427417928 0.024521351842940201 0.00091585123563516641 0.003174503037327284 0.0068612264128322942 0.027046849870389428 0.0065783816231622418 0.022289759564072822 0.010973867417547894 0.091870601842441155 0.0037102845512668771 -0.015089132546548921
leaf_weight=447.10016181319952 502.76313868165016 182.15762415528297 1722.0162710100412 1488.4581544101238 4.7483059465885153 599.87710574269295 480.33285526931286 1343.6447181403637 142.26910121738911 1632.2170186042786 218.58693382143974 431.32167427241802 3.7586188763380042 201.56887894868851 170.33413517475128 163.26061545312405 33.613302007317543 3.2260578721761695 709.09855614602566 174.29757438600063 420.11325295269489 1547.8836274445057 338.73144391179085 248.53615641593933 1440.7326304167509 215.40248154103756 392.5414977222681 6.9421491026878348 61.628593772649765 41.902986288070679
leaf_count=3218 2925 942 10418 8674 22 3986 2613 8313 756 9308 1147 2256 22 1122 920 891 180 18 3885 942 2497 8551 1929 1290 7795 1131 2048 36 318 219
internal_value=-1.60295e-05 0.00233377 -0.00609324 0.00664014 0.00371569 -0.03216 0.00245748 -0.00999671 0.0039658 0.00447192 0.0129825 0.0198679 -0.00695416 0.0155131 0.0208574 0.00724894 0.0199631 0.00611414 0.00196979 0.0125826 0.00175879 0.00338417 -0.00199082 0.0198018 0.010911 0.00862186 0.0168045 0.0259329 0.0240552 0.00979187
internal_weight=15369.1 14322.1 4843.66 9478.42 6487.21 1046.98 5862.02 3489.53 1354.13 4034.83 2991.22 691.812 2145.89 625.187 423.619 2402.61 196.874 2205.74 1211.86 654.63 423.872 1551.11 1827.19 418.87 2299.4 1656.14 643.27 250.728 243.786 260.49
internal_count=88372 81168 28816 52352 36460 7204 33106 21250 7566 22503 15892 3622 12937 3354 2232 13195 1071 12124 6810 3555 2519 8569 10603 2210 12270 8926 3344 1296 1260 1366
is_linear=0
shrinkage=0.05


Tree=47
num_leaves=31
num_cat=0
split_feature=21 21 21 53 53 21 53 21 21 53 53 51 33 53 45 43 39 50 7 53 22 39 33 33 20 13 7 33 28 18
split_gain=848.171 216.045 119.355 114.282 90.3115 31.5764 45.8055 31.475 30.5189 23.4648 19.0382 17.6438 15.5177 14.4898 14.1101 13.9372 17.4096 14.5766 13.3782 12.7444 14.7839 13.0256 13.0849 12.4254 13.8896 13.5719 13.7798 12.3415 12.2359 12.2262
threshold=4.0250000000000012 5.5450000000000008 2.3650000000000007 5.5891666666666682 5.1273333333333353 6.2550000000000008 6.0075000000000012 5.1250000000000009 4.6850000000000014 4.5391666666666675 4.2141666666666682 3.5000000000000004 9.7500000000000018 4.9641666666666682 26.500000000000004 12.700000000000001 8.1500000000000021 1.5000000000000002 7.2750000000000012 5.3991666666666669 1.5000000000000002 9.7500000000000018 10.400000000000002 4.1000000000000005 7.0550000000000006 6.7150000000000007 6.6450000000000005 30.400000000000002 82.700000000000003 5.8050000000000006
decision_type=10 10 10 2 2 10 2 10 10 2 2 2 2 2 2 2 2 2 8 2 2 2 2 2 8 8 10 2 2 10
left_child=2 4 -1 11 8 28 23 19 10 -4 -2 13 -12 -3 -8 17 -17 -10 -15 20 -6 -22 -23 24 -7 -25 -27 -13 -5 -9
right_child=1 3 9 5 7 6 14 29 15 -11 12 27 -14 18 -16 16 -18 -19 -20 -21 21 22 -24 25 -26 26 -28 -29 -30 -31
leaf_value=-0.037827050274335021 0.016597367252547471 0.021766613080928282 -0.0064330967633378991 -0.00055484474549620977 0.081560862345722601 0.0037851599304428024 0.0016552965796904414 0.0037526518515653379 0.028396225373225888 -0.020465111290378056 -0.0056756605172439325 0.020862160797055964 0.012073946988154132 0.011332010540846777 0.018371872569236721 -0.00027777974314448353 0.02462834264109677 0.011218371885371795 0.087402835946309321 -0.016608265839841412 -0.010290429912913466 0.033217629445661312 -0.013062297458953596 0.0014943739617444063 0.084898039578467352 0.11596130950345351 0.027804219594537511 0.038313079647177645 -0.020207497918801276 -0.007562427069386566
leaf_weight=1164.1542635858059 138.51914376020432 513.37837632000446 429.38692340254784 962.07889498770237 4.6051453649997702 119.59507673978806 1108.9592959880829 549.5909940302372 154.02680151164532 973.16999736428261 870.48182517290115 1561.7961958795786 143.42625845968723 1175.8169351220131 142.44916199147701 415.92892840504646 84.402761816978455 623.07903219759464 5.8081853687763205 881.11405418813229 686.45247468352318 35.942342132329941 26.558599337935448 51.713209211826324 5.5214200615882865 4.4902033656835547 346.08574923872948 108.34270215034485 86.306412115693092 422.08427861332893
leaf_count=9285 821 2849 2906 6137 31 690 7014 3510 872 7002 5690 8583 918 6956 830 2542 507 3745 34 6185 4647 239 177 295 31 25 1965 596 557 2733
internal_value=-6.12911e-05 0.00586623 -0.0259923 0.0121209 -0.00182429 0.00471029 0.00876695 -0.00828923 0.0051102 -0.0161693 -0.000789451 0.0183469 -0.00316482 0.0147531 0.00355816 0.0104325 0.00392372 0.0146231 0.0117059 -0.0125255 -0.00775161 -0.00830077 0.0135518 0.0211262 0.00736469 0.0254061 0.0289333 0.0219942 -0.00217271 -0.00116248
internal_weight=13795.3 11228.6 2566.71 6192.34 5036.21 2827.2 1778.81 2606.35 2429.86 1402.56 1152.43 3365.14 1013.91 1695 1251.41 1277.44 500.332 777.106 1181.63 1634.67 753.559 748.953 62.5009 527.406 125.116 402.289 350.576 1670.14 1048.39 971.675
internal_count=88372 69179 19193 36562 32617 17544 10850 17522 15095 9908 7429 19018 6608 9839 7844 7666 3049 4617 6990 11279 5094 5063 416 3006 721 2285 1990 9179 6694 6243
is_linear=0
shrinkage=0.05


Tree=48
num_leaves=31
num_cat=0
split_feature=16 40 28 28 28 18 40 8 3 21 11 22 40 24 13 0 40 22 28 54 41 17 18 22 24 31 37 5 11 54
split_gain=266.39 60.3947 42.4237 22.8022 18.6396 17.6974 16.2045 22.0104 15.3455 15.3049 16.3895 13.5349 13.6801 18.6046 13.3095 19.9197 16.8336 14.8655 12.9409 12.8361 14.8684 12.6519 17.5896 12.5871 22.6874 23.4585 17.0598 12.4566 14.3489 12.1908
threshold=5.5450000000000008 13.450000000000001 68.90000000000002 29.700000000000003 27.550000000000004 7.2350000000000012 8.9500000000000011 0.75000000000000011 11.350000000000003 6.9150000000000009 7.2650000000000006 38.500000000000007 40.850000000000009 60.500000000000007 6.705000000000001 3.5000000000000004 22.900000000000002 65.500000000000014 35.500000000000007 0.41083333333333322 16.400000000000002 5.5850000000000009 3.7550000000000003 14.500000000000002 64.500000000000014 13.150000000000002 23.650000000000002 6.8050000000000006 6.8550000000000013 1.1283333333333327
decision_type=8 2 2 2 2 8 2 10 8 8 8 2 2 2 8 2 2 2 2 8 2 10 10 2 2 2 2 10 8 8
left_child=1 3 6 -1 11 8 7 -2 -6 10 14 23 -13 -14 15 16 17 -10 -7 20 -9 22 -11 24 26 -26 -3 -20 -29 -4
right_child=2 4 29 -5 5 18 -8 19 9 21 -12 12 13 -15 -16 -17 -18 -19 27 -21 -22 -23 -24 -25 25 -27 -28 28 -30 -31
leaf_value=0.0096050030216489665 -0.008937324786413018 0.013429182458548359 -0.011970852784772782 -0.00019083931861469208 0.0010200437611968462 0.1115882855397916 -0.0008310855537642034 0.036256528221691536 0.029612001059714562 0.18477486357602133 0.11314036360542651 0.027745310455829217 0.049543349185679236 0.19929463668744821 0.010011019108090352 0.011060066155566255 0.12479630573270294 0.14442786205083732 -0.028629133643157265 0.022321703407204699 0.21930724896761067 0.0086012494271099291 0.049079084383166251 0.0097821306650114417 0.2105808996067613 0.019932966388743565 0.07928640280242101 0.17586259642639418 0.027889373226260852 -0.02127155088168799
leaf_weight=1001.2512881606817 1622.3246204555035 57.264899753034115 967.07529456913471 1460.7638786956668 279.42091090232134 7.2413928657770184 1275.109860368073 2.3896001279354095 27.492566943168644 2.5961924716830245 4.051543951034545 314.4033695012331 9.8091405332088453 2.6301838234066954 719.77267143130302 56.259816020727158 7.5370815545320502 3.1412404477596274 5.5802526250481597 12.395661778748037 2.0705399885773659 19.045966163277626 29.803851738572121 243.89041239023209 3.4924627244472495 2.9991389438509941 11.872176155447958 2.2474195957183811 6.0446027293801317 554.24104931205511
leaf_count=9416 17470 492 11019 14693 2551 60 13184 20 241 24 33 2692 79 20 6388 495 61 28 50 121 20 171 267 2099 29 26 100 20 54 6449
internal_value=-5.36996e-06 0.00889565 -0.00859135 0.00379293 0.0158113 0.0120472 -0.00505837 -0.00834675 0.0112138 0.0144888 0.0128257 0.0226262 0.02978 0.0812069 0.0123265 0.0299757 0.0578554 0.0413854 0.057409 0.0484946 0.121235 0.0409415 0.0599523 0.0153084 0.0331296 0.122501 0.0247381 0.0291271 0.0679951 -0.0153593
internal_weight=8714.22 4278.61 4435.61 2462.02 1816.6 1170.24 2914.29 1639.18 1149.12 869.701 818.255 646.362 326.843 12.4393 814.203 94.4307 38.1709 30.6338 21.1137 16.8558 4.46014 51.446 32.4 319.519 75.6287 6.4916 69.1371 13.8723 8.29202 1521.32
internal_count=88372 40089 48283 24109 15980 10443 30815 17631 10259 7708 7246 5537 2791 99 7213 825 330 269 184 161 40 462 291 2746 647 55 592 124 74 17468
is_linear=0
shrinkage=0.05


Tree=49
num_leaves=31
num_cat=0
split_feature=41 17 54 7 21 7 35 17 20 54 37 34 20 44 38 17 54 3 41 11 19 1 39 43 9 14 52 37 41 32
split_gain=66.9906 25.3183 22.8218 20.5257 18.4455 16.9967 15.3699 12.5211 14.0268 15.7136 12.7846 11.69 17.4669 12.3968 11.4082 16.5693 11.386 11.1941 13.5318 12.4779 11.0356 10.7566 12.5161 14.8722 10.7021 10.4244 10.5945 10.3341 10.2407 11.69
threshold=18.900000000000002 2.5350000000000006 -0.38500000000000018 7.3950000000000005 5.1250000000000009 7.3450000000000006 17.500000000000004 4.8450000000000006 4.6150000000000011 1.5550000000000006 28.300000000000004 30.600000000000005 6.8850000000000007 23.300000000000004 7.8500000000000005 4.0050000000000008 2.0291666666666663 20.250000000000004 25.850000000000005 6.6550000000000011 4.8450000000000006 3.5000000000000004 26.200000000000006 23.650000000000002 6.8250000000000011 -1.0000000180025095e-35 -0.21500000000000022 18.650000000000002 27.900000000000002 10.400000000000002
decision_type=2 8 10 8 8 8 2 10 10 8 2 2 10 2 2 10 10 10 2 10 10 10 2 2 8 8 10 2 2 2
left_child=1 -1 -2 4 14 6 16 8 9 -6 -11 13 24 17 -3 -16 -4 -8 19 -19 -20 22 -21 -24 25 26 -13 -18 -28 -30
right_child=2 3 5 -5 7 -7 11 -9 -10 10 -12 12 -14 -15 15 -17 27 18 20 21 -22 -23 23 -25 -26 -27 28 -29 29 -31
leaf_value=-0.027445714368582699 -0.0017456352943541762 0.0025654947186563547 0.0011186557261948645 -0.049347383289819267 -0.005421303026043052 -0.050253099698223662 0.0070374513587672218 -0.0026001105649869436 -0.01208980483860706 0.012954018075150215 0.097861453539922538 -0.0045302784739066045 0.069100869245807481 0.00083267879778315974 -0.012821131310878975 -0.00069639693199505151 0.011310716402907782 -0.032273304452284553 0.0099163289317045506 0.012284258479787813 0.025355367910627841 -0.00067033824088502713 0.031559355499728041 0.14015284133543546 -0.015205007891188199 -0.011285922845084928 0.017448299474257935 0.05849854196448865 0.10371409575518704 0.0042312993963116849
leaf_weight=101.37474532425404 1353.8895302563906 2288.2786093056202 1666.8705525547266 23.152226805686951 601.1738098859787 13.599041998386381 1447.6931336373091 3328.8725524544716 902.74420155584812 78.727178692817688 4.697944536805152 33.030044928193092 8.2965385764837247 436.58712027966976 328.08486247062683 1996.1604466587305 47.931550517678261 17.989860519766808 180.92538079619408 414.46149364113808 321.26587146520615 170.25566086173058 16.257921591401104 3.9114124178886405 123.81617912650108 55.983449399471283 31.93108394742012 15.308086752891539 8.679677337408064 4.4756332337856284
leaf_count=656 7509 12526 8938 147 3416 82 7709 18718 5253 434 26 179 45 2342 1863 11072 247 96 935 2203 1671 905 88 21 667 303 173 78 46 24
internal_value=3.68563e-05 -0.00258977 0.00401535 -0.00232598 -0.00221173 0.00556931 0.00572096 -0.00434257 -0.00799674 -0.00259943 0.0177354 0.00773454 -0.00230831 0.00862295 5.94095e-05 -0.0024079 0.00190872 0.00994493 0.0136862 0.00876244 0.0197931 0.00998288 0.014156 0.0526187 -0.00460538 0.0051814 0.016983 0.0227332 0.0327435 0.0698686
internal_weight=16026.4 9653.27 6373.16 9551.89 9528.74 5019.27 5005.67 4916.22 1587.34 684.599 83.4251 3275.56 266.213 3009.35 4612.52 2324.25 1730.11 2572.76 1125.07 622.876 502.191 604.886 434.631 20.1693 257.916 134.1 78.1164 63.2396 45.0864 13.1553
internal_count=88372 54111 34261 53455 53308 26752 26670 27847 9129 3876 460 17407 1437 15970 25461 12935 9263 13628 5919 3313 2606 3217 2312 109 1392 725 422 325 243 70
is_linear=0
shrinkage=0.05


Tree=50
num_leaves=31
num_cat=0
split_feature=18 54 53 18 17 17 42 30 21 35 13 27 8 52 11 53 47 20 18 54 36 17 28 3 25 30 13 2 11 7
split_gain=60.6125 37.3639 33.0925 28.5871 22.863 21.7649 20.5047 15.7866 20.9253 16.8437 16.4669 14.923 14.3296 14.2469 13.6331 13.4355 13.7652 18.7766 13.301 12.0453 16.6194 11.6378 19.2437 14.8022 16.5396 13.2909 14.0599 13.726 12.3172 11.1509
threshold=4.7250000000000005 0.50166666666666748 4.7775000000000016 3.3250000000000006 6.0150000000000006 4.6450000000000005 29.800000000000004 29.300000000000001 4.4250000000000007 16.200000000000006 6.6850000000000014 26.500000000000004 1.2500000000000002 0.55000000000000016 6.4450000000000012 5.0473333333333352 3.5000000000000004 5.5850000000000009 3.5050000000000003 1.1283333333333327 28.300000000000004 5.3950000000000005 47.250000000000007 9.9500000000000011 74.500000000000014 18.650000000000002 6.8450000000000006 1.5000000000000002 6.7150000000000007 6.995000000000001
decision_type=10 8 2 10 10 8 2 2 10 2 8 2 8 10 10 2 2 10 10 10 2 8 2 8 2 2 10 10 10 10
left_child=2 5 3 -1 7 -2 -6 8 9 -3 11 -11 15 -8 -5 29 -17 -18 -4 -20 -21 23 25 24 28 -23 -27 -28 -16 -7
right_child=1 4 18 14 6 12 13 -9 -10 10 -12 -13 -14 -15 21 16 17 -19 19 20 -22 22 -24 -25 -26 26 27 -29 -30 -31
leaf_value=-0.013292568962774146 -0.0056324800663386399 0.0034950256858592567 -0.019072138520537931 0.083395224232612641 0.0091162201725815441 0.0077218019766786272 0.041411882791235109 -0.0051519936309427005 0.0015692920592049395 0.006253360754426964 0.013333197402263334 0.063091861258577825 -0.036049623132889556 0.0091915626364185293 -0.013856108104673959 -0.0025902996668248045 0.010617706716255188 0.00011733511185509863 -0.0088243235930473857 -0.0032533284037339657 0.027047446336188677 -0.0051017572942529156 0.022106820405224801 -0.0019846321542761809 0.10376437784792499 0.0013171666872619206 0.10182411786189138 0.02392496200554331 0.016054757542828597 -0.011730942791285552
leaf_weight=345.76358059048653 1480.31640163064 510.06428365409374 248.89542578160763 5.1667282134294501 1005.6841685026884 1019.1312066167593 90.416797071695328 455.77274993062019 1849.5428787320852 17.816136509180069 565.22127114236355 32.824149340391159 25.703268811106682 55.287001833319664 43.143443584442139 2255.4688477516174 587.89390267431736 1543.5694379806519 2030.1552429050207 554.91936238110065 49.270963788032532 211.37745489180088 174.9887665361166 1322.1302701532841 4.8097962886095038 36.575587034225464 8.4425059109926242 17.12566764652729 170.198102876544 79.409662425518036
leaf_count=1968 7944 2591 1449 27 5083 5318 435 2348 9576 90 2860 166 138 272 225 11929 3026 8100 11011 2913 257 1114 896 6981 25 192 44 90 888 416
internal_value=3.26455e-05 0.00205031 -0.00443851 -2.04156e-05 0.00555928 -0.000249676 0.011656 0.00351347 0.00484082 0.0102149 0.0157804 0.0430951 0.00119616 0.0291859 0.00228105 0.00137068 0.000132407 0.00301352 -0.00802375 -0.00697988 -0.000782338 0.00207032 0.00915834 6.38346e-06 0.0120732 0.000874379 0.0212018 0.0496469 0.010006 0.00631563
internal_weight=16797.1 11574.1 5222.96 2339.72 4582.63 6991.49 1151.39 3431.24 2975.47 1125.93 615.862 50.6403 5511.18 145.704 1993.96 5485.47 4386.93 2131.46 2883.24 2634.35 604.19 1988.79 448.51 1540.28 218.151 273.521 62.1438 25.5682 213.342 1098.54
internal_count=88372 60292 28080 12450 23421 36871 5790 17631 15283 5707 3116 256 28927 707 10482 28789 23055 11126 15630 14181 3170 10455 2336 8119 1138 1440 326 134 1113 5734
is_linear=0
shrinkage=0.05


Tree=51
num_leaves=31
num_cat=0
split_feature=19 19 21 43 19 10 54 54 38 3 53 20 11 7 33 43 11 12 43 13 20 6 20 26 21 14 20 9 45 16
split_gain=223.645 91.7581 42.259 36.4758 32.633 21.4726 21.3491 19.9322 19.8302 19.6589 18.0565 13.8221 12.1005 11.8574 11.9793 15.899 11.7901 12.0179 11.3675 11.2001 11.939 13.3334 11.0965 10.9502 10.9242 10.7646 11.0413 10.7257 10.7568 12.0134
threshold=3.4350000000000005 5.035000000000001 4.6050000000000013 27.100000000000005 2.1050000000000004 1.0000000180025095e-35 0.53733333333333422 0.93000000000000116 5.1500000000000012 16.250000000000004 4.4225000000000021 7.2950000000000008 6.455000000000001 7.0650000000000004 8.1500000000000021 15.200000000000001 6.5850000000000009 2.7500000000000004 47.750000000000007 6.785000000000001 5.3750000000000009 1.0000000180025095e-35 5.2350000000000012 69.500000000000014 1.6950000000000001 inf 7.4050000000000011 6.6850000000000014 21.950000000000003 6.8950000000000005
decision_type=10 10 10 2 10 8 8 8 2 8 2 8 10 10 2 2 10 8 2 10 10 10 10 2 10 8 10 10 2 10
left_child=4 2 6 5 -1 7 -2 13 -4 19 -6 16 -7 14 25 -16 -11 24 22 -5 21 -21 -8 -14 -18 26 -3 -22 -29 -30
right_child=1 3 8 9 10 12 18 -9 -10 11 -12 -13 23 -15 15 -17 17 -19 -20 20 27 -23 -24 -25 -26 -27 -28 28 29 -31
leaf_value=-0.034909701001464753 -0.0039397542799818747 0.0044849813285993472 -0.0024738425298198733 -0.0021638229215490373 -0.0060728442815006197 -0.051739039654974617 0.0083228241044148565 0.008561727752773628 -0.01030002297879529 -0.038028433709313608 -0.022095659720832116 -0.010981554323021912 -0.0085179423575787987 -0.013373359913118388 -0.0047150253785996519 0.0042765841947048182 0.036135339072594246 0.096449971284074301 0.075028234705718358 0.015275768933686568 0.081020311217950725 0.086123689214889873 -0.0014897586190709881 0.02916543044888293 0.014865184093668649 0.062709749654252286 -0.013492090763129128 -0.0032812337946973194 0.0031968334998117563 0.10301879483523629
leaf_weight=334.43729735910892 1001.4611918926239 3712.3450631201267 1367.2844013720751 347.14861707389355 279.84795193374157 15.398627087473868 954.80642345547676 1574.0986609756947 1983.7576635330915 10.01354958117008 473.05757424235344 49.70529793202877 368.55215348303318 119.29878669977188 1074.7695641666651 906.10233518481255 64.180652916431427 4.6772777885198584 5.8806236684322348 239.43110662698746 4.1185286194086066 6.8303467631340018 412.6157274544239 20.341996267437935 1015.5562215894461 7.8427604734897605 87.42417123913765 198.17059296369553 7.2477662563323957 5.1598737686872482
leaf_count=2200 5405 19260 7470 1763 1553 82 4833 7888 11260 50 2843 257 1942 628 5685 4746 302 23 30 1202 21 34 2241 107 4967 41 463 1011 38 27
internal_value=1.00073e-05 0.0015416 -0.00349078 0.00447036 -0.0219131 0.0029556 0.00161182 0.00356209 -0.0071068 0.0105893 -0.0161401 0.0148061 -0.0082681 0.00222996 0.00255154 -0.000602029 0.0159772 0.0164759 0.00566022 0.00461914 0.0097274 0.0172408 0.00536191 -0.00654683 0.0161295 0.00419215 0.00407137 0.00110935 -0.000453561 0.0447091
internal_weight=16651.6 15564.2 5725.81 9838.41 1087.34 7886.17 2374.76 7481.88 3351.04 1952.24 752.906 1144.13 404.293 5907.78 5788.48 1980.87 1094.43 1084.41 1373.3 808.107 460.958 246.261 1367.42 388.894 1079.74 3807.61 3799.77 214.697 210.578 12.4076
internal_count=88372 81776 31239 50537 6596 40842 12509 38711 18730 9695 4396 5599 2131 30823 30195 10431 5342 5292 7104 4096 2333 1236 7074 2049 5269 19764 19723 1097 1076 65
is_linear=0
shrinkage=0.05


Tree=52
num_leaves=31
num_cat=0
split_feature=20 20 53 53 44 20 38 19 4 21 44 30 20 17 38 52 20 21 18 20 0 19 3 35 41 14 15 8 32 44
split_gain=433.262 188.52 69.1981 62.0097 34.7638 27.0401 20.0851 22.8411 26.5088 19.2758 16.562 16.2887 16.7545 17.7513 16.0939 14.7724 13.5602 13.3824 12.6684 12.4793 12.2681 12.1646 12.3077 11.7336 11.7286 13.0102 14.5863 13.6536 11.6861 11.4889
threshold=2.8050000000000002 4.8350000000000009 4.6158333333333355 5.1473333333333349 31.000000000000004 1.6050000000000002 28.300000000000004 5.035000000000001 2.5000000000000004 5.8150000000000004 15.600000000000003 47.600000000000001 4.4350000000000014 4.245000000000001 36.600000000000001 1.1950000000000001 6.1450000000000005 6.2950000000000008 4.9250000000000007 4.0050000000000008 9.5000000000000018 6.6150000000000011 19.950000000000003 52.550000000000004 11.250000000000002 1.0000000180025095e-35 6.8250000000000011 -1.0000000180025095e-35 26.500000000000004 15.200000000000001
decision_type=10 10 2 2 2 10 2 8 8 10 2 2 10 8 2 10 10 8 10 10 2 10 10 2 2 8 10 8 2 2
left_child=5 2 10 14 6 -1 7 -5 15 11 19 12 13 -4 29 16 -9 18 21 -2 -18 -6 -23 -11 25 -8 27 -27 -14 -3
right_child=1 3 9 4 17 -7 24 8 -10 23 -12 -13 28 -15 -16 -17 20 -19 -20 -21 -22 22 -24 -25 -26 26 -28 -29 -30 -31
leaf_value=-0.040992605345059031 -0.0042188778847557533 0.009136059928186939 0.0033408683084825185 0.006693598281743993 0.029137903060468748 -0.024520812994510963 0.015089687961230447 -0.0058188552993777868 0.098642055316916138 -0.015121506265745287 0.019745420665381541 0.047194855610236452 -0.003332442827486209 -0.013131467805065501 0.031356899526584707 0.0052658490511465145 0.0051962654594605376 0.0050139711193929676 0.015256327256292663 0.0060756003076782583 -0.0044503769552229093 0.036005283966596878 0.13505068745775548 0.049732454348650673 0.0056251827094047609 0.075976422862902335 0.11092629957699914 -0.027805631617006124 0.022143324606256426 0.015652714692770655
leaf_weight=432.35388700664043 501.50168758630753 1845.4061828553677 190.71948696672916 1352.6510803997517 82.295000582933426 588.001061886549 233.90091340243816 1581.1621202528477 6.6747999042272559 1184.3456466495991 144.23000679910183 13.838100194931028 870.44788864254951 1148.2090119123459 106.01658770442009 730.93422727286816 760.35644449293613 227.86418643593788 308.38876108825207 712.83451807498932 581.74350510537624 6.7739516496658307 5.8411556929349899 7.0155979841947547 602.85010960698128 6.2961372435092926 7.7171192914247504 6.3810174912214297 47.469435855746269 1067.6411940008402
leaf_count=3218 2925 9799 1157 7543 426 3986 1292 9087 37 7430 756 81 5147 7119 526 4136 4257 1259 1605 3885 3277 35 29 42 3364 35 43 35 274 5567
internal_value=-1.96304e-05 0.00222013 -0.00583623 0.00629922 0.00354956 -0.0315004 0.00235077 0.00114151 -0.000909923 -0.0095889 0.00372673 -0.00688647 -0.00721808 -0.0107851 0.0122209 -0.00109177 -0.00268143 0.0146999 0.0201725 0.00182414 0.00101485 0.0361463 0.0818661 -0.0147396 0.00942383 0.0184292 0.0567297 0.023738 -0.00201498 0.0115244
internal_weight=15361.9 14341.5 4820.61 9520.89 6501.83 1020.35 5870.67 5013.52 3660.87 3462.05 1358.57 2270.68 2256.85 1338.93 3019.06 3654.2 2923.26 631.163 403.299 1214.34 1342.1 94.9101 12.6151 1191.36 857.145 254.295 20.3943 12.6772 917.917 2913.05
internal_count=88372 81168 28816 52352 36460 7204 33106 28337 20794 21250 7566 13778 13697 8276 15892 20757 16621 3354 2095 6810 7534 490 64 7472 4769 1405 113 70 5421 15366
is_linear=0
shrinkage=0.05


Tree=53
num_leaves=31
num_cat=0
split_feature=21 21 21 53 53 21 53 51 53 53 53 21 53 39 33 28 9 45 25 15 36 45 29 40 39 25 54 37 33 1
split_gain=786.379 195.077 116.595 99.4185 79.3005 36.6495 40.7773 30.153 22.0543 21.2229 18.7388 18.4244 15.5757 15.3228 13.7228 17.7548 13.5567 13.4022 13.4736 13.2674 15.365 12.7048 12.5771 18.4215 12.2599 16.2597 12.165 12.1706 11.8919 15.3569
threshold=4.0250000000000012 5.2250000000000005 2.3650000000000007 5.5891666666666682 5.0208333333333348 6.2550000000000008 6.0075000000000012 3.5000000000000004 4.5391666666666675 4.9573333333333354 5.8573333333333339 4.6850000000000014 4.2141666666666682 13.150000000000002 31.000000000000004 35.500000000000007 6.535000000000001 22.900000000000002 57.500000000000007 6.9250000000000007 42.20000000000001 26.500000000000004 29.800000000000004 8.2000000000000011 9.3000000000000025 24.500000000000004 0.55666666666666631 48.550000000000004 21.250000000000004 5.5000000000000009
decision_type=10 10 10 2 2 10 2 2 2 2 2 10 2 2 2 2 10 2 2 8 2 2 2 2 2 2 10 2 2 8
left_child=2 4 -1 7 11 -5 -7 9 24 19 13 12 -2 28 17 -16 -14 26 -19 -3 22 -8 -21 -24 -4 -26 27 -11 -6 -30
right_child=1 3 8 5 10 6 21 -9 -10 14 -12 -13 16 -15 15 -17 -18 18 -20 20 -22 -23 23 -25 25 -27 -28 -29 29 -31
leaf_value=-0.037298259517636816 0.015555038502346883 0.022028538324602966 -0.0082558457328840464 -0.0025085965883319562 -0.01052607718771692 0.019891401876481196 0.0015908455418789773 0.020421181731001437 -0.019860130103626611 0.0037103571799078148 -0.023792154984762531 0.010727469686589091 0.090027238749039673 0.0066818895203279178 0.074202588212481171 0.012365040016838002 -0.0028784085607771893 0.019305132240839806 0.081425906414843346 -0.00034729089140838151 0.09925663060278804 0.017366319663313541 -0.016488887304560006 0.10187046553867213 0.095960713461861247 0.0032812854216620543 0.013011119124155658 0.099167141541118484 0.0020321972359752141 0.076719298077486175
leaf_weight=1127.935733743012 140.34626388549805 619.49419459700584 403.67006169259548 1380.6937725245953 1712.9939348548651 535.01796327531338 1110.0996273756027 1719.5457439869642 957.16608306020498 1052.5451321750879 217.54033431410789 707.6067673265934 3.9450940191745749 156.53336590528488 18.037844061851501 32.562937423586845 834.86326777935028 37.369184657931328 11.388981506228445 151.04269759356976 4.3234530389308921 144.20671246945858 5.8300604224204999 7.5379790961742401 6.5193230956792858 17.266257405281067 583.06012259423733 3.3498037308454505 75.707526788115501 7.5708624422550193
leaf_count=9285 821 3421 2751 8902 11722 3006 7014 9318 7002 6300 1557 4200 25 1040 104 187 5424 220 67 863 24 830 33 43 40 115 3480 20 507 51
internal_value=-6.94417e-05 0.00556829 -0.0253645 0.0103117 -0.00355194 0.00361165 0.0083342 0.0153138 -0.0156431 0.0118378 -0.00987227 0.00458038 0.000138058 -0.00832161 0.00875195 0.0344085 -0.00244145 0.00798272 0.0338154 0.0186431 0.00621357 0.00340454 0.00376685 0.0502517 -0.00620037 0.0286835 0.00721421 0.00401319 -0.00962906 0.00882202
internal_weight=13785.8 11273.2 2512.56 7416.11 3857.11 3170.02 1789.32 4246.09 1384.62 2526.54 2170.35 1686.76 979.155 1952.81 1738.31 50.6008 838.808 1687.71 48.7582 788.228 168.734 1254.31 164.411 13.368 427.456 23.7856 1638.96 1055.89 1796.27 83.2784
internal_count=88372 69179 19193 43832 25347 19752 10850 24080 9908 14762 14877 10470 6270 13320 10378 291 5449 10087 287 4384 963 7844 939 76 2906 155 9800 6320 12280 558
is_linear=0
shrinkage=0.05


Tree=54
num_leaves=31
num_cat=0
split_feature=16 40 28 54 28 28 25 3 18 31 15 21 37 49 37 0 19 16 13 21 34 21 44 36 11 30 31 53 29 21
split_gain=244.324 63.8224 33.5348 23.6528 16.993 16.6815 16.9508 15.2302 17.0246 22.7133 16.294 14.8914 17.9167 14.3306 13.485 13.0081 12.8226 13.8151 13.8335 13.6076 15.5219 12.7882 13.2341 14.4699 15.5896 12.6398 12.2641 12.2262 12.0516 12.0326
threshold=5.6950000000000012 13.450000000000001 69.100000000000009 0.40166666666666667 41.45000000000001 9.5500000000000025 28.500000000000004 17.950000000000003 2.6250000000000004 6.8000000000000016 7.1050000000000013 7.6550000000000011 10.800000000000002 2.5000000000000004 17.750000000000004 4.5000000000000009 6.3350000000000009 6.5550000000000006 6.7250000000000005 5.4050000000000011 39.000000000000007 5.3850000000000007 16.400000000000002 31.050000000000004 6.7550000000000008 12.250000000000002 47.050000000000004 5.1208333333333345 8.1500000000000021 4.8250000000000011
decision_type=8 2 2 10 2 2 2 8 8 2 8 8 2 2 2 2 8 8 10 8 2 8 2 2 10 2 2 2 2 10
left_child=1 3 16 5 7 6 29 8 9 -3 -9 28 -13 -14 -11 25 17 18 -2 20 -18 22 23 -8 27 -12 -7 -25 -6 -1
right_child=2 4 -4 -5 11 26 21 10 -10 14 15 12 13 -15 -16 -17 19 -19 -20 -21 -22 -23 -24 24 -26 -27 -28 -29 -30 -31
leaf_value=0.039146747880560384 0.0060930007432725749 0.2064028109254763 -0.015297936346014141 -0.0060771627111427095 0.017506982112777198 0.0024131022640854764 0.015146026877436356 0.0215553357183665 0.010751021506488247 -0.03279686224209008 0.050536873755572788 -0.02765796645568927 0.21976805950010858 0.050638016122918378 0.12061132308919907 0.037073334669788675 0.0091808596071167158 -0.014746121257791631 -0.0073523756290640278 -0.004785217510987344 0.12514881425666244 -0.0044018360434368645 -0.0079614565018622276 0.071741998991756831 0.033507152355853151 0.18883949364793995 0.096130042424055345 0.21839306287898538 0.0028299387996469183 0.013774264363242647
leaf_weight=82.296363212168217 228.15960026532412 2.5631864219903928 1421.6821246147156 591.53286430239677 201.11499443650246 1617.2126781567931 141.50557778030634 703.51063737273216 561.19544558227062 3.5871191993355751 3.0563126131892231 2.6542340889573088 2.4412545338273048 2.5719711855053902 2.3848833069205284 11.237289346754549 209.74766249209642 515.1154093593359 1184.3160311430693 413.86199662834406 2.9256710931658736 157.9088379740715 50.937965877354145 3.8103634640574482 17.529097519814968 3.5955338925123215 3.4984613582491866 2.2666631489992142 459.24154768884182 108.11587247252464
leaf_count=738 2409 21 16625 5921 1849 16100 1304 5819 4936 31 24 24 22 23 20 89 2202 5677 12659 4378 30 1492 477 35 161 28 30 21 4227 1000
internal_value=-4.21943e-06 0.00766802 -0.00914298 0.00279231 0.0145781 0.0051934 0.0125967 0.0179276 0.0118169 0.0819017 0.0227536 0.00810432 0.077384 0.132998 0.0284658 0.069877 -0.00571699 -0.00773676 -0.00518052 0.000497001 0.0107762 0.00641342 0.0143182 0.0211916 0.0574316 0.125294 0.0026154 0.126441 0.00729991 0.0247403
internal_weight=8711.58 4735.77 3975.81 2776.61 1959.15 2185.08 564.371 1291.13 569.731 8.53519 721.4 668.024 7.66746 5.01323 5.972 17.8891 2554.13 1927.59 1412.48 626.535 212.673 373.959 216.05 165.112 23.6061 6.65185 1620.71 6.07703 660.357 190.412
internal_count=88372 44392 43980 27279 17113 21358 5228 10968 5008 72 5960 6145 69 45 51 141 27355 20745 15068 6610 2232 3490 1998 1521 217 52 16130 56 6076 1738
is_linear=0
shrinkage=0.05


Tree=55
num_leaves=31
num_cat=0
split_feature=41 17 54 7 54 52 3 35 16 20 6 20 5 22 35 19 3 53 36 3 27 43 37 28 18 20 37 20 53 17
split_gain=61.359 23.7657 20.7198 19.5615 17.8444 19.6793 13.2017 13.295 13.411 11.5339 11.3265 11.0276 10.5994 10.2362 11.2585 12.9151 10.122 10.0787 12.4872 10.0618 9.98668 12.2421 11.4872 10.7433 16.9116 11.2587 10.0002 9.74876 9.70849 14.5527
threshold=18.900000000000002 2.9350000000000005 0.49333333333333346 7.3950000000000005 0.57500000000000073 1.2100000000000004 12.15 19.100000000000005 4.4450000000000012 1.175 1.2500000000000002 1.3150000000000002 7.1850000000000014 73.500000000000014 4.4000000000000012 7.7950000000000008 29.950000000000003 4.4758333333333349 23.900000000000002 19.850000000000005 63.500000000000007 11.300000000000002 30.200000000000003 83.850000000000009 6.4650000000000007 7.1950000000000012 37.250000000000007 4.5950000000000006 4.8955000000000011 4.995000000000001
decision_type=2 8 10 8 10 8 10 2 10 10 8 8 8 2 2 10 10 2 2 8 2 2 2 2 10 8 2 10 2 10
left_child=1 11 6 4 5 13 -2 -8 9 -9 12 -1 -4 14 15 -3 -11 18 27 -16 22 -22 23 -19 -25 -26 -23 -10 -6 -30
right_child=2 3 10 -5 28 -7 7 8 17 16 -12 -13 -14 -15 19 -17 -18 20 -20 -21 21 26 -24 24 25 -27 -28 -29 29 -31
leaf_value=0.039155894857122106 -0.0033076884466648714 0.00057437903499637198 0.0074668139853937554 -0.048978082133926869 0.0036375705044830232 -0.015430046875895033 -0.0012082199204970206 0.062077825177334844 0.099464009444987039 -0.0058828035189472869 -0.048074759086686548 -0.021777220746551348 -0.042256514802756891 0.0086602393323760209 -0.0023330185275865843 0.069592599540997849 0.017422343377031538 0.011357835832595279 -0.018236844574954347 -0.0074242903316555399 -0.020996220396223241 0.0043359625454296264 -0.0043298302921496159 0.1234905368086243 -0.0051188634906334206 0.083433936245927612 0.084686081479072361 0.016871435023983333 -0.006420231137887757 0.0016665031481645721
leaf_weight=7.7203810364007941 1072.2053409963846 1080.7975328862667 2757.1320564895868 22.214815810322762 1559.810819670558 343.31540390849113 992.17356266081333 6.9863660782575598 9.2313805967569369 344.11587734520435 9.2742958515882474 194.25709675252438 10.759551942348478 179.59009872376919 2046.7721102386713 6.8209209442138663 53.887216374278069 822.81728073954582 5.9151637852191916 1845.3713171333075 60.478988707065582 92.175322264432907 118.60801880061626 5.4065352082252529 11.758456721901895 5.1666058748960486 4.0421626567840567 5.8286163955926886 905.3928444236517 1443.0358852148056
leaf_count=42 5939 6027 14377 146 8410 2071 5465 36 48 1893 67 1217 58 1008 11498 31 296 4420 31 10604 325 497 639 28 62 27 22 31 5136 7921
internal_value=4.16919e-05 -0.00247766 0.00384169 -0.0021143 -0.00200368 -0.00383856 0.00134433 0.00330917 0.0062075 -0.00160949 0.00708869 -0.0194481 0.00727353 -0.00306724 -0.00349018 0.00100722 -0.00272743 0.00898104 0.0433204 -0.00474693 0.0083382 -0.00336859 0.0102416 0.0122865 0.0465052 0.0219131 0.00771153 0.0674985 0.000579779 -0.00145119
internal_weight=16023.1 9635.1 6387.96 9433.12 9410.91 5502.67 3610.8 2538.59 1546.42 404.989 2777.17 201.977 2767.89 5159.35 4979.76 1087.62 398.003 1141.43 20.9752 3892.14 1120.45 156.696 963.757 845.149 22.3316 16.9251 96.2175 15.06 3908.24 2348.43
internal_count=88372 54111 34261 52852 52706 31239 19759 13820 8355 2225 14502 1259 14435 29168 28160 6058 2189 6130 110 22102 6020 844 5176 4537 117 89 519 79 21467 13057
is_linear=0
shrinkage=0.05


Tree=56
num_leaves=31
num_cat=0
split_feature=18 42 54 20 9 18 54 54 17 52 17 19 21 3 43 31 20 24 17 42 0 25 21 3 21 20 8 26 21 20
split_gain=55.7902 35.5308 26.524 21.3602 21.3298 20.0699 18.9071 16.9818 15.6755 15.2653 15.0863 14.9569 14.3428 19.9405 12.7177 12.336 11.8364 11.9771 13.2706 13.318 12.274 11.3642 11.2958 10.6305 11.8064 11.0855 10.7775 10.7305 10.3669 10.3118
threshold=4.1950000000000012 24.700000000000003 0.031666666666666454 5.6350000000000007 7.4850000000000012 2.6250000000000004 0.8166666666666661 2.2783333333333342 5.6950000000000012 0.95000000000000073 5.8450000000000006 5.7350000000000012 5.8650000000000011 7.0500000000000007 19.300000000000001 11.650000000000002 4.3150000000000004 53.500000000000007 7.3750000000000009 20.750000000000004 6.5000000000000009 6.5000000000000009 1.1850000000000003 21.350000000000005 2.9950000000000006 6.5450000000000008 1.0000000180025095e-35 14.500000000000002 1.0550000000000004 6.4050000000000011
decision_type=10 2 10 10 8 10 8 8 8 10 10 10 10 8 2 2 10 2 8 2 2 2 8 8 10 10 8 2 10 8
left_child=3 4 -3 5 6 -1 8 12 -2 15 23 16 13 14 -7 -8 17 -10 19 -19 -21 -11 -12 -4 -25 26 27 -26 -23 -24
right_child=1 2 10 -5 -6 7 9 -9 11 21 22 -13 -14 -15 -16 -17 -18 18 -20 20 -22 28 29 24 25 -27 -28 -29 -30 -31
leaf_value=-0.022225914541014306 -0.0035947713746185012 8.4522644368673038e-06 0.0024538303866390053 -0.014336279836209909 -0.048785290782531604 0.03048214678720302 0.013938452416329248 0.018662017073323198 0.0062203566185740425 -0.019741506810140988 0.074969476479776267 -0.0020070143663842937 -0.011909293148118049 -0.0029415952421781525 -0.0098869146126216358 0.0025399972624431111 0.0022501704130605568 0.01593179861141918 0.1088049976712941 0.032534523200061387 0.13295138996322797 0.031975895539502461 0.017665115444355183 0.026520011346896022 0.029217391741687845 0.033050913757449583 -0.031387332472561862 0.004452391412942746 0.0011293936236219083 0.0041012938014746642
leaf_weight=140.12603874504566 3924.1586909145117 1304.0846909880638 849.48422786593437 677.63644488155842 22.504665821790695 75.808361694216728 498.44836214184761 89.426401063799858 240.4741183668375 64.685197845101357 7.7226174175739279 1978.2965886890888 404.22918523848057 1180.5011751502752 26.270731642842293 453.17835932970047 1346.2765629142523 95.374208927154541 4.6349487751722327 8.1975701749324781 4.8395958393812171 27.606203094124794 545.5674045085907 103.50743192434311 49.416623055934906 40.307945147156715 18.791227102279663 380.80139319598675 2042.5271516740322 188.55127812922001
leaf_count=818 21187 6842 4302 3825 126 399 2431 448 1218 335 36 10458 2260 6399 140 2281 6982 480 23 41 24 136 2667 510 249 205 95 1925 10576 954
internal_value=3.64208e-05 0.00126819 0.005651 -0.00670622 -0.00015913 -0.00400818 -5.67493e-05 -0.002571 -0.00139667 0.00324361 0.00901998 0.000948491 -0.00369667 -0.00110831 0.0200929 0.00851034 0.00438824 0.0125304 0.0259533 0.0224111 0.0698108 0.000895892 0.0148142 0.00603977 0.0111782 0.00793291 0.00567805 0.007297 0.00154075 0.0141814
internal_weight=16793.4 14199.4 3488.23 2594 10711.2 1916.36 10688.7 1776.24 7602.25 3086.45 2184.15 3678.09 1686.81 1282.58 102.079 951.627 1699.8 353.52 113.046 108.411 13.0372 2134.82 741.841 1442.31 592.825 489.317 449.009 430.218 2070.13 734.119
internal_count=88372 74083 17785 14289 56298 10464 56172 9646 40413 15759 10943 19226 9198 6938 539 4712 8768 1786 568 545 65 11047 3657 7286 2984 2474 2269 2174 10712 3621
is_linear=0
shrinkage=0.05


Tree=57
num_leaves=31
num_cat=0
split_feature=19 19 21 43 19 50 53 38 3 54 11 20 19 20 17 33 38 35 33 20 17 18 26 43 21 16 28 2 15 0
split_gain=206.897 82.8532 38.1414 33.3647 31.9828 19.3788 19.0487 18.2903 17.468 17.3319 15.7462 14.3869 15.1012 13.6719 17.3039 13.0431 12.8719 12.7149 12.1838 12.1195 16.3324 12.2761 12.2544 18.0165 16.866 18.5561 12.0503 11.7893 12.1774 11.7843
threshold=3.4350000000000005 5.035000000000001 4.6050000000000013 19.100000000000005 1.7850000000000004 2.5000000000000004 4.4225000000000021 5.1500000000000012 27.950000000000003 -1.3466666666666669 6.5150000000000006 3.9550000000000005 7.1450000000000005 6.1450000000000005 6.0250000000000012 5.4500000000000002 20.400000000000002 29.300000000000001 32.650000000000006 3.7350000000000008 3.7750000000000004 4.2550000000000008 22.500000000000004 23.650000000000002 2.7650000000000001 5.3850000000000007 54.000000000000007 1.5000000000000002 6.7350000000000012 8.5000000000000018
decision_type=10 10 10 2 10 2 2 2 10 10 10 10 10 8 10 2 2 2 2 8 10 10 2 2 8 10 2 10 8 2
left_child=4 2 5 8 -1 -2 -6 -4 13 -5 -11 12 18 14 -3 16 29 -16 19 21 -21 -12 23 -22 25 -24 -17 -23 -29 -13
right_child=1 3 7 9 6 -7 -8 -9 -10 10 11 15 -14 -15 17 26 -18 -19 -20 20 22 27 24 -25 -26 -27 -28 28 -30 -31
leaf_value=-0.038450551737310101 0.0047633508015364557 0.002632130066425052 -0.002324850531199811 -0.0098048587623823652 -0.0076017210487058888 -0.0047584049151241994 -0.022905967464563824 -0.0098587004719086126 -0.0038283139566516662 -0.04770196822735559 -0.0022719707629431543 0.0084935926972552131 -0.022884671634564938 -0.0012970216260087242 0.0061744592480685676 -0.0023084123815679271 0.0028435674058485704 0.018476459209814805 0.071764238547782785 0.092291077837753144 -0.0072322308947163644 0.029346645681452461 0.022663645531047421 0.078394000483324233 0.0071143347726577537 0.15340945848109352 0.0070760761186678305 -0.0144126017370704 0.015722715009773146 0.017774602869474281
leaf_weight=215.99883334338665 1566.6691041439772 2456.9981033504009 1364.083812057972 137.11658719182014 334.18192701041698 810.95798084139824 519.22402513027191 1967.7502911537886 1118.0000792294741 12.523887753486632 109.55152985453606 829.20834185183048 24.596107974648476 1263.3424383252859 566.60417431592941 539.42439772188663 480.0490079075098 333.76614162325859 10.02119506895542 9.6381670236587507 8.7744526267051715 122.91553750634193 7.2209104150533658 20.486111626029015 78.152401864528656 4.3477161675691605 934.97994670271873 41.442570850253105 175.42215795814991 582.13525572419167
leaf_count=1468 8056 12632 7470 716 1919 4453 3209 11260 5883 67 535 4122 120 6637 2916 2760 2414 1713 50 48 44 605 35 100 388 21 4757 206 862 2906
internal_value=1.11766e-05 0.0014718 -0.00332203 0.00424579 -0.0212632 0.00151568 -0.016913 -0.00677427 0.00177981 0.00767398 0.00827451 0.00845072 0.0154987 0.00313671 0.00480508 0.00716799 0.0099161 0.0107348 0.0171044 0.0161566 0.0296897 0.0122829 0.0246186 0.052717 0.015455 0.0718005 0.00364267 0.0169756 0.00996389 0.0123217
internal_weight=16645.6 15576.2 5709.46 9866.72 1069.4 2377.63 853.406 3331.83 5738.71 4128.01 3990.89 3978.37 612.569 4620.71 3357.37 3365.8 1891.39 900.37 587.973 577.952 128.62 449.332 118.982 29.2606 89.721 11.5686 1474.4 339.78 216.865 1411.34
internal_count=88372 81776 31239 50537 6596 12509 5128 18730 29781 20756 20040 19973 3014 23898 17261 16959 9442 4629 2894 2844 636 2208 588 144 444 56 7517 1673 1068 7028
is_linear=0
shrinkage=0.05


Tree=58
num_leaves=31
num_cat=0
split_feature=20 20 53 53 44 20 13 53 38 20 52 20 44 38 25 32 32 2 19 20 16 15 21 16 20 4 35 26 53 43
split_gain=404.443 170.856 63.1747 54.8819 31.3172 26.8338 19.93 18.9102 18.3951 19.2942 24.6329 15.0822 14.9218 14.2785 14.8473 13.3848 12.45 13.6687 12.288 12.8609 12.1241 12.0697 11.8579 13.7328 11.4251 11.2279 11.1805 11.8764 11.7846 13.8016
threshold=2.8050000000000002 4.8350000000000009 4.6158333333333355 5.1473333333333349 31.000000000000004 1.6050000000000002 7.4750000000000005 5.2391666666666685 21.250000000000004 5.2150000000000007 1.02 3.9850000000000008 15.600000000000003 22.450000000000003 31.500000000000004 8.1500000000000021 38.300000000000004 2.5000000000000004 5.0250000000000012 6.2750000000000012 5.5050000000000008 6.7950000000000008 6.4050000000000011 3.5950000000000002 3.8650000000000007 1.0000000180025095e-35 30.200000000000003 20.500000000000004 5.0673333333333348 25.450000000000003
decision_type=10 10 2 2 2 10 8 2 2 10 10 10 2 2 2 2 2 8 8 10 10 10 8 10 10 10 2 2 2 2
left_child=5 2 12 13 6 -1 8 11 9 -5 18 -4 24 -3 26 -12 20 -18 19 21 25 -11 23 -6 -2 -13 27 28 29 -15
right_child=1 3 7 4 22 -7 -8 -9 -10 10 15 16 -14 14 -16 -17 17 -19 -20 -21 -22 -23 -24 -25 -26 -27 -28 -29 -30 -31
leaf_value=-0.040495269655838842 -0.0052945385346047395 0.0096329519323146047 -0.012518195722499343 -0.00713119068705983 0.10007248448404765 -0.023859577835218183 -0.050709733565132913 -0.013905326226168661 0.0066795454241179927 0.010509268919250565 0.016839613819681565 -0.0096704956679759622 0.01862634844200476 0.034123561277892615 0.023333718415354837 0.0040967703215901152 0.11112052405245749 -0.0079810702811858297 -0.0023468044738074074 0.015112223305689856 0.00087395581466189376 -0.0065720935547231756 0.0039280584300850525 0.017606625143792114 0.005064051481939242 0.019184542909700276 -0.015276373256521798 0.0066170682775441624 -0.024602878113338944 0.12387603851117708
leaf_weight=418.20029623061419 393.53287476301193 2336.605568960309 664.23087446391582 678.6217202693224 5.1084508597850791 576.65565909445286 17.713497638702393 1316.3560743331909 1761.5950098484755 175.5067938119173 358.61966970562935 702.71290801465511 146.05491596460342 38.113299056887627 443.34088392555714 484.44826279580593 4.95344406366348 4.689686283469201 1921.182521507144 229.81409634649754 707.45657302439213 251.77633157372475 202.58301492035389 429.3159656226635 822.66765415668488 35.411640629172325 42.038883879780769 172.91318744421005 7.2760478109121314 4.825578272342681
leaf_count=3218 2314 12270 4196 4028 22 3986 101 8313 9793 979 1997 4246 756 195 2256 2687 29 27 10873 1246 4226 1402 1122 2210 4496 213 219 889 38 25
internal_value=-2.26733e-05 0.00211329 -0.00558586 0.00597686 0.0033873 -0.0308526 0.00224634 -0.00919849 0.00240637 0.000570351 0.00209795 -0.00627516 0.00352572 0.0115183 0.017736 0.00951725 -0.00342555 0.0531986 -0.000328082 0.00557414 -0.00380327 0.000444086 0.0139179 0.0185764 0.00171226 -0.00828617 0.00837699 0.0128334 0.0342393 0.0442102
internal_weight=15354.3 14359.5 4798.07 9561.4 6516.29 994.856 5879.28 3435.81 5861.56 4099.97 3421.35 2119.46 1362.26 3045.11 708.508 843.068 1455.22 9.64313 2578.28 657.097 1445.58 427.283 637.007 434.424 1216.2 738.125 265.167 223.128 50.2149 42.9389
internal_count=88372 81168 28816 52352 36460 7204 33106 21250 33005 23212 19184 12937 7566 15892 3622 4684 8741 56 14500 3627 8685 2381 3354 2232 6810 4459 1366 1147 258 220
is_linear=0
shrinkage=0.05


Tree=59
num_leaves=31
num_cat=0
split_feature=21 21 21 53 53 21 51 21 53 53 0 33 21 53 15 24 54 39 3 39 25 34 12 52 20 30 33 7 1 38
split_gain=728.516 176.795 113.927 84.4924 84.0108 39.2667 29.4334 28.1969 20.7324 20.4424 19.9215 17.5084 17.2176 16.622 14.5664 14.3525 13.6573 12.8268 16.4341 12.7468 14.3822 12.699 12.4641 16.5391 12.4525 14.4867 12.3085 12.0711 12.0166 11.8569
threshold=4.0250000000000012 5.6450000000000005 2.3650000000000007 5.9255000000000013 5.2391666666666685 5.0250000000000012 3.5000000000000004 4.8850000000000007 4.515833333333334 4.7125000000000012 7.5000000000000009 11.300000000000002 6.8550000000000013 5.8850000000000007 6.9450000000000012 26.500000000000004 2.7008333333333341 39.650000000000006 20.950000000000003 9.3000000000000025 24.500000000000004 6.8000000000000016 -1.0000000180025095e-35 0.61499999999999988 1.2450000000000003 11.650000000000002 18.500000000000004 6.4650000000000007 6.5000000000000009 32.650000000000006
decision_type=10 10 10 2 2 10 2 10 2 2 2 2 10 2 8 2 10 2 10 2 2 2 8 10 10 2 2 10 8 2
left_child=2 4 -1 6 5 9 10 26 19 11 -3 14 17 -9 24 29 -7 -5 -19 -4 -21 -13 23 -23 25 -2 -6 -11 -8 -12
right_child=1 3 8 12 7 16 28 13 -10 27 15 21 -14 -15 -16 -17 -18 18 -20 20 -22 22 -24 -25 -26 -27 -28 -29 -30 -31
leaf_value=-0.036773122613746191 0.0030431728438421127 0.015591632562023944 -0.0078081294612698153 -0.0020275395209884877 -0.016726399468241084 0.011646560182657159 0.020125106197048531 -0.001333769138253667 -0.019109376975153292 0.086863108267872691 0.016842902820394315 -0.0093187449977675304 0.0089448630807938447 -0.014560061117275876 -0.012738598111215253 0.0012097581381165636 0.10656618216339145 0.0055499270764112025 0.090308278847337359 0.092579496562362473 0.0054533060878963974 0.020816887123882872 0.014447867453426544 0.083270110582435192 0.0048907758644936156 0.066398047985414335 0.0090847393753317098 -0.0041566003569116815 0.00082427904495829926 -0.033528036817581749
leaf_weight=1092.9754138812423 17.745143383741379 1037.0237670987844 381.23174088448286 1156.0219940692186 847.12989473342896 1059.3414805531502 2036.9502136707306 1158.0166145861149 962.54389981180429 3.6534417867660514 275.41701418161392 20.781417369842529 637.75756615400314 298.84798395633698 114.26419906318188 625.09231603145599 3.8032140135765067 17.281839907169346 8.5476523041725141 6.6333133429288891 16.565399080514908 20.386617660522461 40.196375414729118 22.084903582930565 520.26140360534191 18.357119351625443 48.851933695375919 1231.9133845865726 83.968052938580513 12.200392484664915
leaf_count=9285 103 5887 2609 7378 6084 6180 10933 7517 7151 22 1620 123 3914 2056 719 3708 21 109 51 38 110 120 238 130 3164 105 347 8124 452 74
internal_value=-7.84572e-05 0.00528258 -0.0247395 0.0112807 -0.00122923 0.00421508 0.0152845 -0.00833943 -0.015118 0.000104031 0.0108501 0.00647518 0.00232391 -0.00404689 0.00352177 0.00546283 0.0119861 -0.00124892 0.0335987 -0.00561842 0.0303657 0.0256212 0.0344045 0.0532921 0.00686127 0.0352576 -0.0153191 -0.00388746 0.019361 0.0147062
internal_weight=13775.8 11315.9 2459.95 5890.26 5425.64 3072.79 4070.65 2352.85 1366.97 2009.64 1949.73 774.077 1819.61 1456.86 670.628 912.71 1063.14 1181.85 25.8295 404.43 23.1987 103.449 82.6679 42.4715 556.364 36.1023 895.982 1235.57 2120.92 287.617
internal_count=88372 69179 19193 34126 35053 19049 22674 16004 9908 12848 11289 4702 11452 9573 4091 5402 6201 7538 160 2757 148 611 488 250 3372 208 6431 8146 11385 1694
is_linear=0
shrinkage=0.05


Tree=60
num_leaves=31
num_cat=0
split_feature=16 40 28 28 28 40 20 16 22 12 54 42 28 26 49 33 20 28 19 54 17 20 17 21 31 31 27 32 13 17
split_gain=223.107 57.3628 31.5159 22.1137 15.7617 14.1763 12.6348 12.0908 15.0863 12.2743 11.5336 11.2729 11.068 11.2337 10.9204 11.9295 12.1546 16.0415 10.7136 10.3239 11.4844 16.5642 15.4066 11.753 12.6625 14.4795 25.4121 17.8495 10.0663 10.6933
threshold=5.6950000000000012 13.450000000000001 69.100000000000009 49.550000000000004 52.300000000000004 19.600000000000005 6.7250000000000005 6.5050000000000008 1.5000000000000002 1.2500000000000002 1.1283333333333327 4.9000000000000012 81.950000000000003 67.500000000000014 3.5000000000000004 8.5000000000000018 1.5250000000000001 54.750000000000007 7.5950000000000006 0.53733333333333422 3.7750000000000004 3.8050000000000002 3.5050000000000003 5.1850000000000014 15.600000000000003 8.9000000000000004 42.500000000000007 9.3000000000000025 6.5950000000000006 4.955000000000001
decision_type=8 2 2 2 2 2 8 8 2 8 8 2 2 2 2 2 10 2 10 10 10 10 10 8 2 2 2 2 10 10
left_child=1 3 6 -1 5 -3 7 9 -9 14 12 -11 13 -4 -2 16 17 -16 19 20 21 22 -5 24 25 27 -27 -23 29 -7
right_child=2 4 10 18 -6 28 -8 8 -10 11 -12 -13 -14 -15 15 -17 -18 -19 -20 -21 -22 23 -24 -25 -26 26 -28 -29 -30 -31
leaf_value=0.005888345713357588 -0.0069252535303314898 0.011154095882048014 -0.0062674789587582845 0.019652488850414016 0.0030339111661357443 0.0091453445092993697 0.0039202330170446031 0.097096475267864524 -0.012713691385875454 0.14970201434556632 -0.020708726144046619 0.023460550197450383 -0.02148699530440952 -0.029424670575494718 0.15415583933771276 -0.011139714323453937 0.0081617520658480401 -0.022292792865199081 0.067813279682944691 -0.013104578743445023 -0.0024884421003328236 -0.045848839912596279 0.20029029770709236 -0.014042799588304386 -0.014007827539879154 0.26136020768216128 0.022750917242415548 0.11763687270793044 0.019682312739066368 0.1109582994736109
leaf_weight=1820.4591957330704 1195.4236541166902 865.36308031529188 617.22329100221395 2.2896417528390876 291.32979281246662 4.4107126742601377 313.26545111089945 3.1418167427182189 700.78108771145344 2.046352967619895 522.00563891232014 13.017810888588427 205.4823359400034 57.226865790784359 3.2505757212638846 95.714531764388084 211.82148052752018 2.1335449293255806 5.2410527020692816 229.97347512096167 687.1172611489892 3.675852023065092 2.4365118071436882 18.907643154263496 6.2781646549701682 2.2787088081240654 2.1865959540009499 3.0589707121253014 815.08335727453232 6.209986612200737
leaf_count=17434 12856 7608 7226 23 2823 35 3252 30 7772 21 6287 136 2442 670 33 1013 2220 22 46 2378 7005 37 24 193 63 23 22 31 6607 40
internal_value=-3.31285e-06 0.00727521 -0.00880264 0.00264647 0.0137754 0.0156259 -0.00548183 -0.00680419 -0.0122236 -0.00430005 -0.0148206 0.0406095 -0.0113276 -0.00823236 -0.00474857 0.00356683 0.0100475 0.0842352 -0.00347916 -0.0038691 -0.000952556 0.0247171 0.112778 0.0132789 0.0428349 0.0746978 0.144517 0.0284067 0.0203125 0.068676
internal_weight=8708.83 4766.3 3942.53 2783.9 1982.4 1691.07 2540.6 2227.33 703.923 1523.41 1401.94 15.0642 879.932 674.45 1508.34 312.92 217.206 5.38412 963.444 958.203 728.229 41.1121 4.72615 36.3859 17.4783 11.2001 4.4653 6.73482 825.704 10.6207
internal_count=88372 44392 43980 27279 17113 14290 27355 24103 7802 16301 16625 157 10338 7896 16144 3288 2275 55 9845 9799 7421 416 47 369 176 113 45 68 6682 75
is_linear=0
shrinkage=0.05


Tree=61
num_leaves=31
num_cat=0
split_feature=41 54 7 17 35 21 41 3 35 20 3 28 43 3 39 26 52 17 54 21 39 13 5 16 20 20 21 30 3 24
split_gain=56.7054 24.9345 19.7821 19.6004 18.6711 18.4348 15.3062 23.9096 16.1331 14.9998 14.2889 12.8412 12.9353 12.6398 12.3616 12.0828 11.6156 11.4978 13.6938 11.0335 11.022 10.9838 10.9058 10.2815 10.0969 14.2182 10.0913 10.9085 12.0876 13.0638
threshold=14.550000000000002 1.4050000000000009 7.3450000000000006 2.5350000000000006 1.0000000180025095e-35 4.4050000000000011 26.200000000000006 19.150000000000002 17.900000000000002 1.2450000000000003 12.950000000000001 87.050000000000011 31.400000000000002 19.050000000000004 6.4500000000000011 53.500000000000007 -1.9599999999999995 4.3650000000000011 -1.0000000180025095e-35 8.1250000000000018 6.0000000000000009 6.785000000000001 6.785000000000001 4.9850000000000012 1.6050000000000002 1.3150000000000002 5.5050000000000008 28.900000000000002 21.050000000000004 34.500000000000007
decision_type=2 10 8 8 2 10 2 10 2 10 10 2 2 8 2 2 10 10 8 10 2 10 10 10 10 10 8 2 8 2
left_child=3 2 6 -1 17 -6 8 -8 -2 10 -10 12 15 19 16 -9 -11 18 -5 -7 -18 -12 -23 24 25 -20 27 -3 -29 -30
right_child=1 26 -4 4 5 13 7 11 9 14 21 -13 -14 -15 -16 -17 20 -19 23 -21 -22 22 -24 -25 -26 -27 -28 28 29 -31
leaf_value=-0.026698741371484161 -0.0039242008229644345 0.01070657102262388 -0.047338145951147756 -0.018853432936598139 -0.00012133226681392443 -0.0040158898551220694 0.00046474280569270437 0.011333972777979852 -0.012605772268421939 -0.0071837375206768306 0.0092501331210479206 0.060743527611278686 0.027030586922491353 -0.009935162311438454 -0.0029503914102819873 -2.3585807645026519e-05 0.0043188874621605533 0.0031409055279905231 0.00085684562528096249 0.075655458098936951 0.046880478044657697 0.1319726664532232 0.048885193884553056 -0.0043759116079938546 0.009930427484239562 0.13612213850914465 -0.00036299536646993081 0.013965875525130201 0.095539861189410352 0.027561060977116459
leaf_weight=88.270894855260849 1566.7055736631155 755.56606592237949 20.466371588408947 138.8358276039362 1530.4218244999647 1769.623842433095 1375.9860939383507 802.95253276824951 14.06180991232395 229.47750855982304 12.213830024003981 12.359133705496786 97.1667220890522 1613.9153635501862 1006.0290371477604 330.58637236058712 2390.7635065317154 1557.4469409137964 3.7881732881069174 4.3562834262847892 15.308638781309126 5.1605898141860989 16.826910972595215 333.31794761121273 64.820598736405373 3.9878419488668442 188.31376145780087 41.572327598929405 12.152663871645929 16.889657214283943
leaf_count=592 8688 3918 128 802 8429 10017 7412 4236 75 1283 64 63 520 9290 5562 1747 13058 8596 20 25 85 27 88 1883 363 21 1015 216 62 87
internal_value=4.60847e-05 0.00270317 0.0017551 -0.00328446 -0.00299006 -0.00467583 0.00188268 0.00500545 0.000326778 0.00213174 0.0298232 0.0100317 0.00952244 -0.00673325 0.00176474 0.00802164 0.00356457 0.000953986 -0.00529844 -0.00382024 0.00458969 0.0472678 0.0683863 -0.000662194 0.0163889 0.0702261 0.0100822 0.012463 0.0312563 0.0560066
internal_weight=16019.3 8910.56 7896.06 7108.79 7020.51 4918.32 7875.6 2619.05 5256.55 3689.84 48.2631 1243.06 1230.71 3387.9 3641.58 1133.54 2635.55 2102.2 544.75 1773.98 2406.07 34.2013 21.9875 405.915 72.5966 7.77602 1014.49 826.181 70.6146 29.0423
internal_count=88372 48334 43036 40038 39446 27761 42908 13978 28930 20242 254 6566 6503 19332 19988 5983 14426 11685 3089 10042 13143 179 115 2287 404 41 5298 4283 365 149
is_linear=0
shrinkage=0.05


Tree=62
num_leaves=31
num_cat=0
split_feature=18 54 19 52 42 17 11 18 21 53 20 11 21 42 35 18 22 17 8 9 9 36 21 35 19 15 3 42 36 19
split_gain=52.0139 31.1808 30.8365 24.35 19.8046 17.5996 14.7447 14.6062 14.5979 14.084 13.7633 13.6581 13.2643 13.0086 15.3438 12.9689 12.1737 11.5375 11.4442 11.1902 11.1881 11.162 10.8718 13.57 12.8692 10.7825 10.7059 10.5865 10.7996 12.9569
threshold=4.7250000000000005 0.26833333333333309 5.0050000000000008 -0.10499999999999994 22.050000000000001 4.5050000000000008 6.4050000000000011 3.3950000000000005 5.0650000000000004 5.2918333333333338 5.3750000000000009 6.8550000000000013 6.5150000000000006 4.4000000000000012 26.200000000000006 4.1950000000000012 65.500000000000014 3.3750000000000004 1.2500000000000002 6.745000000000001 7.4000000000000012 26.500000000000004 1.1850000000000003 20.950000000000006 4.4850000000000012 7.0750000000000011 28.050000000000004 27.700000000000006 11.300000000000002 4.8450000000000006
decision_type=10 8 10 8 2 8 10 10 10 2 10 10 10 2 2 10 2 10 8 8 8 2 8 2 10 8 8 2 2 10
left_child=2 5 8 22 12 -2 -4 -8 10 -9 -1 -10 17 -13 19 -12 21 -5 26 -15 27 -16 23 -3 -25 -6 -19 -7 29 -29
right_child=1 3 6 4 25 20 7 9 11 -11 15 13 -14 14 16 -17 -18 18 -20 -21 -22 -23 -24 24 -26 -27 -28 28 -30 -31
leaf_value=0.0060771187201894283 -0.0067785130568398374 -0.014728092842656677 0.083194978743190887 -0.011728477018820434 0.0071409137250818076 -0.00037789225274336878 -0.019360831892853266 -0.0042202086052640841 -0.0095535723568321938 -0.012561361483875797 -0.012547531372633251 -0.014540872289738924 -0.0066797404245936866 0.086264605242605333 0.020839540116346207 0.004060229756164181 -0.022579001661303586 0.0045587665677733853 -0.043131231242945656 -0.0021102910522077679 -0.05079953798359324 0.069561520171646005 0.012160894856189763 0.11724567316979125 0.030610618397242956 0.032277656784965074 -0.0037784470186420713 0.01853812600117689 0.0089928597294555278 -0.014863758976878262
leaf_weight=1049.4630963206291 992.1302884221077 6.5592058748006847 4.4279285371303549 138.44471175968647 1615.4462250769138 3957.7379742264748 260.16610752046108 1592.4896088689566 619.61848197877407 741.81629617512226 234.34030357003212 95.690554231405258 465.70988902449608 3.6355334371328345 86.308186545968056 235.86453431844711 13.828333854675291 2460.5243253409863 13.35828587412834 243.03211951255798 10.585679918527601 13.608787804841993 654.8048804551363 7.8144624829292324 9.4946167021989805 43.819111540913582 456.49061387777328 39.500821232795715 613.00447076559067 109.56509125232697
leaf_count=5480 5383 33 23 719 8076 20925 1552 8574 3374 4065 1296 532 2474 20 466 1231 75 12708 77 1319 60 73 3238 35 46 215 2369 203 3151 580
internal_value=4.00816e-05 0.00190278 -0.00411793 0.00446232 0.00329846 -0.000723829 -0.0079678 -0.00812338 -0.000262858 -0.00687093 0.00289207 -0.00471981 0.00118302 0.00184687 0.00619786 -0.00421673 0.0213903 0.00237623 0.00304261 -0.00080777 0.000546052 0.0274755 0.0133691 0.0465154 0.0697234 0.00780474 0.00325406 0.00066121 0.00605769 -0.00601263
internal_weight=16789.3 11595 5194.29 5872.47 5193.79 5722.52 2598.9 2594.47 2595.39 2334.31 1519.67 1075.72 3534.53 456.104 360.413 470.205 113.745 3068.82 2930.37 246.668 4730.39 99.917 678.673 23.8683 17.3091 1659.27 2917.01 4719.81 762.07 149.066
internal_count=88372 60292 28080 29990 26638 30302 14214 14191 13866 12639 8007 5859 18347 2485 1953 2527 614 15873 15154 1339 24919 539 3352 114 81 8291 15077 24859 3934 783
is_linear=0
shrinkage=0.05


Tree=63
num_leaves=31
num_cat=0
split_feature=19 19 51 43 19 50 10 43 53 3 54 37 20 21 16 36 20 11 49 3 53 28 16 43 38 11 21 54 33 52
split_gain=191.424 74.7229 35.4942 31.2542 31.0995 26.6749 19.6448 19.0098 18.1975 17.8658 17.0901 16.7129 16.5729 13.3484 14.0145 14.194 12.467 11.391 11.0469 13.0427 11.2309 10.9461 16.8359 10.9005 10.6285 10.5954 11.9957 10.5438 11.6972 11.9313
threshold=3.4350000000000005 5.035000000000001 2.5000000000000004 27.100000000000005 1.7850000000000004 2.5000000000000004 1.0000000180025095e-35 26.000000000000004 4.4225000000000021 16.250000000000004 0.93000000000000116 21.250000000000004 6.0550000000000006 1.3450000000000004 6.2250000000000005 5.4500000000000002 7.2950000000000008 6.455000000000001 2.5000000000000004 25.950000000000003 5.3718333333333339 79.000000000000014 6.6450000000000005 20.950000000000006 42.500000000000007 6.7150000000000007 4.5650000000000004 0.57500000000000073 28.200000000000006 -0.41999999999999965
decision_type=10 10 2 2 8 2 8 2 2 8 8 2 10 10 10 2 8 10 2 10 2 2 10 2 2 10 10 10 2 10
left_child=4 2 5 6 -1 7 10 11 -6 -5 18 -2 -4 -9 -15 -16 -11 -8 20 -20 24 -13 -23 -21 -3 -17 -27 -22 29 -29
right_child=1 3 12 9 8 -7 17 13 -10 16 -12 21 -14 14 15 25 -18 -19 19 23 27 22 -24 -25 -26 26 -28 28 -30 -31
leaf_value=-0.038102468282512264 -0.00014932885558443281 0.0016197185051314237 -0.0060698987646903959 0.0039873600628673759 -0.0073077469568171259 -0.0057969993372249604 -0.051147045474032996 0.064946313975964551 -0.022305978044297473 0.014746584713566907 0.0078108227105513047 0.0093926178185628553 -0.017241504404239907 0.0060685311096740973 0.10407214529883171 0.079462217452913056 -0.010874394095186287 -0.0064812382414027583 0.0046778500910680089 -0.0041113284510098623 -0.010856597818063453 0.075891861446178585 -0.0074547010036758801 0.0071640268116253437 0.082282767131981405 -0.013168541058607125 0.051453026804260352 0.082763631962006257 0.081056692580251999 -0.00063460918560047039
leaf_weight=205.02377837896347 1698.0253377109766 722.17423744499683 1782.7418949007988 814.69227188825607 333.6039481908083 1276.9400793164968 14.818760856986044 14.423346668481825 513.61357238888741 1109.265742123127 1588.6855470985174 321.54892970621586 407.94345685839653 122.18558590114117 7.027458891272544 7.5600829273462287 49.603183507919312 388.42827032506466 3437.958768799901 897.04308471083641 453.1425276696682 15.559709027409555 9.9231202006340009 281.65443812310696 4.1070106774568549 17.618259593844417 12.122865259647368 4.4435794800519934 4.8925035446882239 122.95050969719887
leaf_count=1437 8930 3765 10058 4096 1926 7141 82 72 3233 5342 7888 1674 2367 641 36 38 257 2049 17741 4735 2424 79 50 1437 22 88 65 23 26 650
internal_value=1.19547e-05 0.00140532 -0.00315818 0.00403147 -0.0206288 -3.62074e-05 0.00262867 0.00326847 -0.0164002 0.00966119 0.00320542 0.00189408 -0.00815024 0.0188025 0.0148056 0.038888 0.0136499 -0.00812264 0.00197126 0.00312174 -0.00207791 0.0118925 0.0434364 -0.00141704 0.00207586 0.0266075 0.013172 -0.00723106 0.00518806 0.00227437
internal_weight=16639.7 15587.5 5693.62 9893.86 1052.24 3502.93 7920.3 2225.99 847.218 1973.56 7517.05 2045.06 2190.69 180.938 166.514 44.3287 1158.87 403.247 5928.37 4616.66 1311.71 347.032 25.4828 1178.7 726.281 37.3012 29.7411 585.429 132.287 127.394
internal_count=88372 81776 31239 50537 6596 18814 40842 11673 5159 9695 38711 10733 12425 940 868 227 5599 2131 30823 23913 6910 1803 129 6172 3787 191 153 3123 699 673
is_linear=0
shrinkage=0.05


Tree=64
num_leaves=31
num_cat=0
split_feature=20 20 53 53 44 20 21 53 38 32 44 13 44 54 54 38 20 15 24 25 23 43 52 41 42 53 32 14 20 46
split_gain=377.567 154.832 57.6186 48.4763 28.735 26.5841 21.9882 17.5754 16.4017 14.2762 13.5031 13.1067 12.6654 11.9572 11.9505 11.9267 13.9253 11.8818 11.8548 11.6671 11.6568 11.4828 18.0971 18.5592 12.3964 11.3587 15.6807 11.1179 11.0422 16.5983
threshold=2.8050000000000002 4.8350000000000009 4.6158333333333355 5.3055000000000012 17.250000000000004 1.6050000000000002 6.2950000000000008 5.2391666666666685 36.600000000000001 15.600000000000003 15.600000000000003 7.4200000000000008 24.500000000000004 -1.251666666666666 1.4233333333333336 28.300000000000004 5.2550000000000008 6.4750000000000005 40.500000000000007 67.500000000000014 2.5000000000000004 36.750000000000007 0.76000000000000012 12.950000000000001 14.050000000000002 4.7855000000000016 38.70000000000001 1.0000000180025095e-35 6.0650000000000004 3.5000000000000004
decision_type=10 10 2 2 2 10 10 2 2 2 2 8 2 8 8 2 10 10 2 2 2 2 10 2 2 2 2 10 10 2
left_child=5 2 10 6 15 -1 8 9 11 -4 -2 12 25 -10 27 16 -5 18 -18 -14 -11 -17 23 -23 -25 26 -3 28 -6 -30
right_child=1 3 7 4 14 -7 -8 -9 13 20 -12 -13 19 -15 -16 21 17 -19 -20 -21 -22 22 -24 24 -26 -27 -28 -29 29 -31
leaf_value=-0.040002881292929622 0.0016016118889338228 0.012495916287548592 -0.0080535311954162102 -0.0088890493383258808 0.0021858733123238049 -0.023216964559301879 -0.0035762619739587182 -0.013388333475770356 -0.029522049797353844 0.087559130108889133 0.017608124772137423 -0.051872300682404386 0.018972456400769031 0.031810936163550518 0.025625426503617356 0.0053610640201718013 0.12052752965881847 -8.0958038523765781e-05 0.0034661312644382659 -0.0043768802944703228 0.0014298514961427074 0.16854998223985862 -0.050793170079633188 0.10780332063099632 -0.0014684700455144728 0.0066679956343393288 0.073289860886932692 -0.0059701539372423035 0.017412155688274738 0.0057173577256520135
leaf_weight=404.45144053548574 1218.0457112044096 1066.8182840645313 1688.1846173256636 523.19898775219917 669.92508943378925 565.88134950399399 283.46488218009472 1301.8613500446081 8.4782561063766462 3.9658234715461722 147.74019238352776 8.4771296679973585 573.72546499967575 126.72028492391109 83.468832150101662 481.10137434303761 4.0831159949302656 2322.1176169216633 4.5984929352998734 59.002056494355202 416.63733996450901 3.6387574374675777 3.8831360340118399 4.0952627211809141 7.087266206741333 1890.3532103449106 10.713354825973509 168.90376077592373 484.73717512190342 811.04260328412056
leaf_count=3218 6810 5466 10418 3125 3741 3986 1583 8313 42 22 756 45 2907 620 449 2676 23 13126 26 299 2497 20 22 23 40 10123 54 929 2566 4447
internal_value=-2.63712e-05 0.00201116 -0.00534507 0.00567135 0.00265044 -0.0302136 0.0098504 -0.00882021 0.0108669 -0.00600007 0.00333307 0.0102264 0.0103726 0.0279648 0.00706569 -0.000269635 -0.0015174 0.000137323 0.0585222 0.0167951 0.00224196 0.0068554 0.0452915 0.0704654 0.038549 0.00900335 0.0131004 0.00633996 0.00739771 0.0100923
internal_weight=15346.4 14376.1 4776.44 9599.63 5571.88 970.333 4027.75 3410.65 3744.29 2108.79 1365.79 3609.09 3600.61 135.199 2218.08 3353.8 2854 2330.8 8.68161 632.728 420.603 499.806 18.7044 14.8213 11.1825 2967.88 1077.53 2134.61 1965.7 1295.78
internal_count=88372 81168 28816 52352 31213 7204 21139 21250 19556 12937 7566 18894 18849 662 12132 19081 16300 13175 49 3206 2519 2781 105 83 63 15643 5520 11683 10754 7013
is_linear=0
shrinkage=0.05


Tree=65
num_leaves=31
num_cat=0
split_feature=21 21 21 53 53 0 21 21 45 53 21 40 15 33 53 33 21 33 29 2 25 34 19 41 25 17 15 15 17 39
split_gain=675.694 159.733 111.196 80.3904 70.111 29.8604 25.6412 22.4916 21.4543 19.5349 18.5463 17.6189 16.7532 15.9203 15.788 15.6787 14.2713 14.1634 13.6029 15.7668 12.8948 15.1964 14.0352 12.6829 12.6817 21.8749 12.6611 14.8035 12.5772 12.0799
threshold=4.0250000000000012 5.5450000000000008 2.3650000000000007 5.9255000000000013 5.1273333333333353 7.5000000000000009 5.1250000000000009 4.6850000000000014 21.950000000000003 4.5391666666666675 6.8550000000000013 14.550000000000002 6.6050000000000013 9.3000000000000025 4.054166666666668 20.400000000000002 6.5450000000000008 29.000000000000004 29.100000000000005 1.5000000000000002 49.500000000000007 29.300000000000001 3.8550000000000004 23.650000000000002 74.500000000000014 5.4850000000000012 6.9250000000000007 6.9150000000000009 7.3750000000000009 39.650000000000006
decision_type=10 10 10 2 2 2 10 10 2 2 10 2 10 2 2 2 10 2 2 8 2 2 10 2 2 10 8 10 8 2
left_child=2 4 -1 5 7 16 -6 13 12 -4 29 18 -7 14 -2 -14 17 -3 23 -20 21 -19 -22 -10 -17 -26 27 28 -9 -5
right_child=1 3 9 10 6 8 -8 26 11 -11 -12 -13 15 -15 -16 24 -18 20 19 -21 22 -23 -24 -25 25 -27 -28 -29 -30 -31
leaf_value=-0.036256160716316974 0.019583907328824354 0.013552269781989802 -0.0057195185524701944 -0.0026921760607205511 -0.011338049500449211 -0.032939202290701498 -0.0010228469695155759 0.0099860286550792834 0.042847236486352663 -0.018682098007089389 0.0085137861742698821 -0.0062939467129450276 0.0056312183404871336 0.013747085653632252 -0.0048641182167851764 0.016735290119987461 0.022131533963450536 0.0092448920547983215 0.15449519789111443 0.044237611791190748 0.14492255440960261 0.085385972183119066 0.047150586150033813 -0.0013313081381238806 0.1566474687713493 -0.0095709099149640705 -0.00087808874258078523 0.045223071886381111 0.10410517501806318 0.031496924982397166
leaf_weight=1059.5875760987401 71.168725579977036 1669.4424884915352 423.39713998138905 1210.3470909446478 1592.3249928727746 25.441172331571579 969.11354836821556 1004.7987293154001 61.394936501979828 927.0183699503541 641.65528529882431 27.840657457709312 1309.7685380429029 163.43871766328812 915.61936272680759 280.87318055331707 960.26016600430012 45.303534939885139 5.1014281213283512 8.8976622968912125 4.3217934817075756 7.6612095385789862 24.3584004342556 22.091173335909843 4.330379605293273 3.6458722800016403 264.71892985701561 31.320226803421974 3.5620984882116309 26.399659499526024
leaf_count=9285 407 9252 2906 7764 11279 147 6243 5889 331 7002 3914 154 7519 1023 5999 1570 5063 246 28 49 23 41 133 123 24 21 1575 181 21 160
internal_value=-8.54732e-05 0.00501799 -0.0241314 0.0102932 -0.0016486 0.013947 -0.00743532 0.00438992 0.00885411 -0.0146179 0.00161624 0.0287867 0.00731594 -0.000706915 -0.00310089 0.00795658 0.017233 0.0145467 0.0388054 0.0844167 0.0348806 0.0202585 0.0618838 0.0311572 0.0185008 0.0806706 0.00888434 0.01137 0.0103185 -0.00196237
internal_weight=13765.2 11355.2 2410 6339.13 5016.07 4460.73 2561.44 2454.63 1749.39 1350.42 1878.4 125.326 1624.06 1150.23 986.788 1598.62 2711.35 1751.09 97.4852 13.9991 81.6449 52.9647 28.6802 83.4861 288.849 7.97625 1304.4 1039.68 1008.36 1236.75
internal_count=88372 69179 19193 36562 32617 24724 17522 15095 9966 9908 11838 685 9281 7429 6406 9134 14758 9695 531 77 443 287 156 454 1615 45 7666 6091 5910 7924
is_linear=0
shrinkage=0.05


Tree=66
num_leaves=31
num_cat=0
split_feature=46 28 40 54 28 40 41 3 37 16 40 38 29 7 11 6 36 38 25 18 22 7 21 43 41 25 21 13 31 8
split_gain=204.548 48.6118 37.1296 30.4296 18.9386 16.7318 16.7711 15.743 14.5239 16.9278 13.5897 13.1777 12.6862 12.4768 13.1747 15.4804 24.7743 32.8498 12.3916 12.0938 20.4824 15.7327 20.7466 25.5545 24.6395 16.1752 17.5514 11.733 22.4753 11.7176
threshold=2.5000000000000004 69.100000000000009 14.900000000000002 0.48333333333333367 29.700000000000003 8.4500000000000011 18.650000000000002 27.950000000000003 36.20000000000001 4.285000000000001 20.950000000000006 13.150000000000002 23.650000000000002 6.9150000000000009 6.8450000000000006 -1.0000000180025095e-35 14.050000000000002 11.650000000000002 63.500000000000007 6.455000000000001 74.500000000000014 6.6550000000000011 3.2850000000000006 8.5000000000000018 7.8500000000000005 52.500000000000007 2.0150000000000001 7.205000000000001 13.150000000000002 2.2500000000000004
decision_type=2 2 2 10 2 2 2 10 2 10 2 2 2 10 8 10 2 2 2 8 2 10 10 2 2 2 8 8 2 10
left_child=2 3 4 11 18 29 7 -7 19 10 -10 27 -13 -3 15 -15 -17 -18 -1 21 -21 22 23 25 -25 26 -4 -2 -29 -5
right_child=1 13 8 5 -6 6 -8 -9 9 -11 -12 12 -14 14 -16 16 17 -19 -20 20 -22 -23 -24 24 -26 -27 -28 28 -30 -31
leaf_value=0.011949912723659631 0.0066387681106007887 -0.016749966633599452 0.0061698251475715673 -0.011847735133486238 0.00082183696811181949 -0.0013569032985932597 -0.010979437820119304 0.019311010711406257 0.13441796890668489 0.021275115610033066 0.03757692777923017 0.0017218943251224685 -0.013796686668071663 -0.0024169556562487126 -0.0076610503520568212 -0.025483514193336526 0.32705309086520773 0.043879936849397637 -0.0035781044229112255 0.023689761861409267 0.14295937404660661 0.010719200720069641 0.019739678335622297 0.14292440484258431 -0.025578392574207277 0.24447731276577042 0.18380353649904391 -0.025782228300915901 0.18606380421701063 0.11491162114349088
leaf_weight=904.60049521178007 672.63148565590382 1181.9261575117707 2.745573043823244 1086.7967281863093 1364.1425152570009 473.16116213798523 364.94812894612551 114.41687749326229 7.4494052305817586 29.303923912346363 7.0522137060761452 450.95483155548573 186.01734006404877 9.376397408545019 260.4396924674511 2.5453822389245024 1.88057504594326 2.2489283382892609 149.74804794043303 172.48559298366308 3.6763758957386008 1172.5848160907626 62.114602454006672 3.1485678032040578 6.9767570793628693 2.7442270368337631 2.8177469298243523 2.4288392588496199 2.5839579850435257 1.8261986151337612
leaf_count=8330 6757 14069 21 11952 13613 4906 3858 1172 64 250 56 4590 1914 112 3098 30 22 27 1389 1443 30 9956 523 25 58 23 24 23 25 12
internal_value=-1.03225e-06 -0.00689178 0.00852332 -0.00357951 0.00471169 -0.00740058 -0.00256104 0.00266768 0.0147811 0.0431402 0.0873237 0.00235329 -0.00281005 -0.0145132 -0.00495148 0.0390127 0.09721 0.172837 0.00974448 0.013912 0.0261788 0.0121875 0.0335632 0.0801452 0.0268192 0.145139 0.0961389 0.00720674 0.0834185 -0.0116351
internal_weight=8705.77 4814.18 3891.59 3355.77 2418.49 2041.15 952.526 587.578 1473.1 43.8055 14.5016 1314.62 636.972 1458.42 276.491 16.0513 6.67489 4.1295 1054.35 1429.29 176.162 1253.13 80.5475 18.4329 10.1253 8.30755 5.56332 677.644 5.0128 1088.62
internal_count=88372 52567 35805 35209 23332 21900 9936 6078 12473 370 120 13309 6504 17358 3289 191 79 49 9719 12103 1473 10630 674 151 83 68 45 6805 48 11964
is_linear=0
shrinkage=0.05


Tree=67
num_leaves=31
num_cat=0
split_feature=41 17 7 28 41 20 17 45 22 3 41 29 29 28 3 41 53 19 36 0 44 43 21 17 19 43 36 21 32 21
split_gain=52.206 21.4367 18.5377 18.5198 15.9971 14.7645 15.2132 14.755 14.5876 13.7064 14.2025 12.7485 12.5875 12.314 12.058 21.1082 11.9649 11.5089 11.0681 14.4596 14.0915 20.0344 17.262 14.0724 12.7295 12.1759 12.1035 10.8959 10.5713 10.5053
threshold=18.900000000000002 2.5350000000000006 7.3950000000000005 60.800000000000004 27.100000000000005 4.0050000000000008 4.0050000000000008 17.500000000000004 71.500000000000014 24.650000000000002 42.500000000000007 3.7500000000000004 17.500000000000004 88.350000000000009 19.950000000000003 14.550000000000002 4.0875000000000012 3.9950000000000006 17.500000000000004 7.5000000000000009 15.600000000000003 23.400000000000002 4.1450000000000005 7.2150000000000007 7.5650000000000004 18.050000000000001 7.0000000000000009 2.3650000000000007 26.500000000000004 6.2350000000000012
decision_type=2 8 8 2 2 10 10 2 2 10 2 2 2 2 8 2 2 10 2 2 2 2 8 10 8 2 2 8 2 10
left_child=1 -1 5 12 7 -3 17 -5 11 16 -11 18 -2 -10 -13 -16 -6 28 19 24 23 22 26 27 -8 -25 -22 -21 -7 -29
right_child=3 2 -4 4 9 6 8 -9 13 10 -12 14 -14 -15 15 -17 -18 -19 -20 20 21 -23 -24 25 -26 -27 -28 29 -30 -31
leaf_value=-0.025765704664082824 0.0035642317295381826 0.0020628006436373132 -0.048540546659594487 0.0049442462942249667 0.065725372117330691 0.0051504213924829893 -0.0011846510336796271 -0.014768486945664464 0.0069303886205654801 0.024010015160344705 -0.012695951212099769 -0.0014509311385701867 -0.0022933304187505105 0.093630951354689573 -0.0097859664333925182 -1.4573706802592736e-05 0.007213217744485835 -0.012061813924663515 -0.0026206126678055166 0.059000500853192354 0.04508482772136483 -0.0068480747876683862 0.033949213664724393 0.11173313361415892 0.090591676947811603 0.0028850425580321916 0.14843299154711928 -0.0049129918144463127 -0.039986734084769701 0.025674899712654978
leaf_weight=96.20988604426384 2513.3609962239861 1853.3419160842896 21.389276102185249 1326.8336123898625 8.8457628637552244 176.04149109125137 356.89634877443314 102.24057717621326 335.90770046412945 278.85959752649069 29.103475049138069 2628.0923319458961 1444.1541101634502 4.1459299474954596 1567.9499242007732 853.55714701116085 709.71425661444664 694.44288547337055 714.78531780838966 8.5869234949350339 5.178100258111952 24.954723551869392 53.547458946704865 5.8293436318635923 3.8186737000942221 4.593945249915123 6.2553729265928268 138.19202744960785 14.003642737865446 35.225704863667488
leaf_count=656 13527 10161 147 7016 44 999 1985 555 1880 1407 151 14738 7842 23 8992 4836 3719 4067 3967 46 28 140 299 32 19 25 34 760 80 197
internal_value=5.00641e-05 -0.00228277 -0.00204512 0.00354324 0.00695427 -0.00194027 -0.00291237 0.00353393 -0.00210414 0.0117159 0.0205412 -0.00263972 0.00142672 0.00798744 -0.00379625 -0.00634165 0.00793353 -0.00907815 0.00166116 0.00642037 0.0148945 0.031233 0.0458573 0.00725829 -0.00021307 0.0637596 0.101628 0.0040225 0.00182445 0.00130021
internal_weight=16016.1 9602.95 9506.74 6413.11 2455.6 9485.35 7632 1429.07 6747.52 1026.52 307.963 6407.46 3957.52 340.054 5049.6 2421.51 718.56 884.488 1357.86 643.079 282.364 89.9357 64.9809 192.428 360.715 10.4233 11.4335 182.005 190.045 173.418
internal_count=88372 54111 53455 34261 12892 53308 43147 7571 38001 5321 1558 36098 21369 1903 28566 13828 3763 5146 7532 3565 1561 501 361 1060 2004 57 62 1003 1079 957
is_linear=0
shrinkage=0.05


Tree=68
num_leaves=31
num_cat=0
split_feature=18 42 54 21 17 17 36 19 31 39 50 20 29 3 19 18 28 7 29 42 8 34 54 11 40 54 4 26 53 34
split_gain=48.3917 33.9734 23.8964 19.9344 22.2281 16.6468 16.1604 13.9514 13.4605 13.1745 12.9333 12.8282 11.9295 11.9249 11.8051 15.795 14.7138 12.1811 11.7023 12.002 13.2998 11.6774 11.3264 11.223 11.8551 10.9434 10.8531 10.4931 13.5858 11.8658
threshold=3.9350000000000005 22.050000000000001 0.031666666666666454 4.1450000000000005 5.785000000000001 6.0750000000000011 13.150000000000002 6.995000000000001 38.70000000000001 22.450000000000003 2.5000000000000004 5.2150000000000007 10.950000000000001 8.5500000000000025 5.3350000000000009 6.6350000000000007 66.200000000000017 6.5550000000000006 6.6000000000000005 10.150000000000002 -1.0000000180025095e-35 31.100000000000005 2.203333333333334 6.8350000000000009 5.5000000000000009 2.7008333333333341 -1.0000000180025095e-35 65.500000000000014 4.9041666666666677 16.450000000000003
decision_type=10 2 10 10 8 10 2 10 2 2 2 10 2 8 10 10 2 10 2 2 8 2 10 8 2 8 8 2 2 2
left_child=6 3 8 14 -5 -4 13 -6 9 12 -7 22 -3 21 15 16 -2 -16 19 20 -18 -1 -8 -24 -25 -15 -14 -13 29 -29
right_child=1 2 5 4 7 10 11 -9 -10 -11 -12 27 26 25 17 -17 18 -19 -20 -21 -22 -23 23 24 -26 -27 -28 28 -30 -31
leaf_value=0.012580927601663575 0.004743425843553307 -0.0041178148087047881 0.0050029169873776367 -0.0040460786380939612 0.0024469038683145473 0.021700409005610165 0.00070735868601513527 -0.0070031531603294353 -0.036167986145739892 -0.013337354021819181 0.0084710939196876479 -0.015312137489613643 0.0010924019683501399 -0.014869564941631703 0.068856686576049445 -0.01133025645644955 0.070763124992620732 -0.0015045750850687673 0.010450654202770457 0.015321501182469714 0.014291422523586634 -0.039335564168828364 0.0014714929566963298 0.10948951453342073 0.023273899002568817 0.027449017706381584 0.01224116938381687 0.11842377258333148 -0.014192141481116669 0.0094237081514091589
leaf_weight=75.776781529188156 1119.4414840340614 533.28481160104275 2038.3077796250582 4714.2150566875935 3023.0743314921856 301.67388166487217 388.77332592010498 448.50484883785248 25.606911972165108 158.26602710783482 476.64725682139397 202.9733575284481 584.30029258131981 854.4530690908432 6.1906227469444266 121.66407245397568 28.693378493189812 965.36719357967377 216.8277380913496 54.180403128266335 16.3768520206213 12.637530639767645 15.610127642750742 7.070022031664851 9.1443239450454694 15.554796412587164 348.48742435872555 5.0151745229959506 12.404702126979826 4.9721922129392624
leaf_count=414 5759 2839 10282 25349 15739 1442 2160 2391 136 852 2373 1173 3056 4878 32 624 143 5039 1081 270 82 70 78 35 45 78 1824 28 72 28
internal_value=4.29193e-05 0.000915671 0.0045791 -0.000611502 -0.00181019 0.0073782 -0.00821529 0.00122602 -0.00019927 0.00036776 0.0135987 -0.00210282 0.00184726 -0.012335 0.00326878 0.00596725 0.00743326 -0.00105624 0.0169597 0.0311797 0.0502434 0.00516023 0.00305491 0.031733 0.0608669 -0.014113 0.00525756 -0.0117287 0.0207539 0.0641583
internal_weight=16785.5 15181.1 4466.57 10714.5 8185.79 2816.63 1604.39 3471.58 1649.95 1624.34 778.321 645.963 1466.07 958.422 2528.74 1557.18 1435.52 971.558 316.078 99.2506 45.0702 88.4143 420.598 31.8245 16.2143 870.008 932.788 225.365 22.3921 9.98737
internal_count=88372 79313 22804 56509 43479 14097 9059 18130 8707 8571 3815 3619 7719 5440 13030 7959 7335 5071 1576 495 225 484 2318 158 80 4956 4880 1301 128 56
is_linear=0
shrinkage=0.05


Tree=69
num_leaves=31
num_cat=0
split_feature=19 43 19 19 20 3 53 21 10 3 20 21 11 54 37 53 54 43 41 11 21 17 54 31 16 7 37 20 31 48
split_gain=177.434 57.4858 49.6301 38.0101 34.3769 23.981 21.1924 20.3254 18.7282 16.7098 14.9712 14.6165 13.9166 12.3402 12.3059 11.7875 11.5141 11.0509 10.8264 10.4634 10.4166 10.7305 10.2461 10.1906 10.1404 9.59943 10.1373 10.9871 12.6902 12.2089
threshold=3.8550000000000004 27.100000000000005 2.1050000000000004 5.0950000000000006 6.0550000000000006 19.150000000000002 4.7591666666666681 4.6850000000000014 1.0000000180025095e-35 19.950000000000003 6.5750000000000011 4.3250000000000011 6.6850000000000014 2.2783333333333342 21.250000000000004 4.3273333333333346 1.0800000000000007 16.400000000000002 51.45000000000001 6.455000000000001 5.995000000000001 4.8850000000000007 1.8741666666666668 33.95000000000001 7.4150000000000009 7.0650000000000004 13.450000000000001 4.495000000000001 10.600000000000001 3.5000000000000004
decision_type=10 2 10 10 10 8 2 10 8 10 8 8 8 10 2 2 10 2 2 10 10 10 10 2 8 10 2 8 2 2
left_child=2 3 -1 4 7 13 23 14 11 -7 -11 18 16 -3 -2 -14 -6 -8 -5 -10 21 -19 -9 -4 -16 26 27 29 -29 -13
right_child=1 5 6 8 12 9 17 22 19 10 -12 25 15 -15 24 -17 -18 20 -20 -21 -22 -23 -24 -25 -26 -27 -28 28 -30 -31
leaf_value=-0.033107900722555497 0.0010343332855575311 0.0035762677968544511 -0.0061609548492898032 0.0069200417194853498 0.0024194807700057223 0.094576231355709986 -0.020430043079684462 -0.0048451641041506593 -0.050638139477896908 0.016108908204207257 0.0006889713519492199 0.0021009388318874943 0.034053798430915112 0.060613267325674049 0.010854845230312516 -0.014210671360959782 0.065898457927177884 0.042839568676236339 0.069412280566952561 -0.0065377382724963184 -0.022609007031468314 -0.0032409187715197055 0.014689439731938396 0.054037775306815229 0.088799651495279908 -0.013180866708330239 0.0037545931265697136 0.0011961298951233944 -0.0085399634311115573 0.023373551159544759
leaf_weight=310.32730840146542 1391.0530885010958 1215.1780230998993 794.28881233930588 1741.4972326010466 60.827406212687492 6.4063856154680243 561.52511318027973 2091.283899307251 13.956697627902029 968.01746369898319 187.97732216119766 403.24688920378685 12.843927502632139 9.5576756745576841 318.06387476623058 839.88957074284554 8.0940058231353742 18.220605865120888 6.9582797884941092 370.64581140875816 38.079823598265648 41.200392261147499 69.351694703102112 7.0929503440856925 4.2281953245401374 103.20075953006744 3602.9842047989368 755.98150756955147 600.56900095939636 80.997021213173866
leaf_count=2200 7216 6152 4503 8716 340 31 3438 11739 80 4697 960 2062 69 45 1627 4792 44 106 35 1962 226 238 372 38 21 544 18615 3956 3136 412
internal_value=1.24326e-05 0.0017949 -0.0149489 0.000434689 -0.00305789 0.00890365 -0.0110902 -0.000993053 0.00261556 0.0140477 0.0136015 0.00318247 -0.011737 0.00402138 0.00307399 -0.0134837 0.00987434 -0.0177321 0.00716874 -0.00813808 -0.00219394 0.010889 -0.00421815 -0.00562814 0.0118774 0.00192596 0.00221235 -0.000806282 -0.00311421 0.0056591
internal_weight=16633.5 14862.8 1770.74 12475.7 4795.64 2387.14 1460.41 3873.98 7680.04 1162.4 1155.99 7295.43 921.655 1224.74 1713.35 852.733 68.9214 659.026 1748.46 384.603 97.5008 59.421 2160.64 801.382 322.292 5546.98 5443.78 1840.79 1356.55 484.244
internal_count=88372 77623 10749 65738 26220 11885 8549 20975 39518 5688 5657 37476 5245 6197 8864 4861 384 4008 8751 2042 570 344 12111 4541 1648 28725 28181 9566 7092 2474
is_linear=0
shrinkage=0.05


Tree=70
num_leaves=31
num_cat=0
split_feature=20 20 53 51 20 44 13 21 17 19 5 20 17 20 35 16 38 41 19 28 19 20 24 38 52 15 21 25 44 19
split_gain=352.814 140.768 52.5818 43.7725 26.3528 24.9636 20.9395 16.6925 17.5876 16.5951 17.9634 16.17 17.8062 14.7685 14.0828 13.6387 13.2611 15.5748 14.2996 15.9367 13.0222 13.0626 12.9935 12.7725 16.2293 12.7626 12.7357 12.5796 12.2187 12.1338
threshold=2.8050000000000002 4.8350000000000009 4.6158333333333355 2.5000000000000004 1.6850000000000003 23.300000000000004 7.4200000000000008 5.5450000000000008 4.0850000000000009 4.6050000000000013 7.2150000000000007 5.7950000000000008 3.5650000000000004 4.4350000000000014 52.550000000000004 6.3950000000000005 27.100000000000005 11.250000000000002 4.9250000000000007 84.90000000000002 6.8350000000000009 7.4050000000000011 34.500000000000007 22.450000000000003 -1.5349999999999999 6.4750000000000005 6.0750000000000011 58.500000000000007 15.600000000000003 6.8950000000000005
decision_type=10 10 2 2 10 2 8 10 8 8 8 10 8 10 2 8 2 2 10 2 10 10 2 2 10 10 8 2 2 10
left_child=4 2 28 6 -1 16 9 8 -4 -3 11 12 -11 -10 -9 23 18 -18 19 -5 21 -7 -16 -14 29 -13 -26 -15 -2 -25
right_child=1 3 7 5 -6 20 -8 14 13 10 -12 25 15 27 22 -17 17 -19 -20 -21 -22 -23 -24 24 26 -27 -28 -29 -30 -31
leaf_value=-0.038520629401243824 0.0014950252255628454 0.012782075594389614 0.0087544266420920974 0.0026315893030292733 -0.021800078829391799 0.010123707486163078 -0.051198419360077775 -0.012826806531224708 -0.010865757539678358 0.027339687050761979 0.063698557334696801 0.090878393924425163 0.0019955071086329196 -0.0049979334356892533 0.12832601082652823 -0.0064454823445569036 0.018518493082126275 0.0010320934511425584 -0.004089677588561335 0.053316903074932143 -0.0016372666726131167 0.042467402995336502 0.00072403495452423334 -0.02815629841293002 0.018053867403973207 0.009714083917679129 0.092605766989628163 0.01113593365122359 0.016646368730843807 0.066952898454625168
leaf_weight=441.17118993401527 1219.9318272173405 1695.1763667911291 197.35483196377754 888.99147737026215 505.84214585274458 811.53448937833309 14.61151012778282 1466.6156959161162 1013.8494499772787 72.073322489857674 13.777476891875265 4.8573532700538626 1003.5352932065725 545.96898239850998 3.3621716350316984 372.95614616572857 186.21933335065842 402.7300011664629 1950.079457744956 15.784035757184027 249.35212425887585 32.465694025158882 4.9063347429037094 29.621633261442184 197.31623171269894 1683.8027770072222 5.899827077984809 155.15007734298706 149.35538299381733 3.7815479785203925
leaf_count=3594 6810 8655 1185 4964 3610 4386 81 9447 6397 370 71 24 5495 3246 20 2097 1021 2252 11246 87 1380 176 29 158 1046 8791 32 926 756 20
internal_value=-2.79977e-05 0.00191731 -0.00512067 0.0053919 -0.0295894 0.00181968 0.00857149 -0.00846316 -0.00538062 0.00874331 0.0067223 0.00648963 0.00302458 -0.00700725 -0.01246 0.00193819 -0.000270057 0.0065611 -0.00167931 0.00351581 0.00840188 0.0113679 0.05261 0.00445944 0.0149093 0.00994755 0.0202183 -0.00142768 0.00314766 -0.0173891
internal_weight=15338.1 14391.1 4756.49 9634.57 947.013 4537.16 5097.41 3387.21 1912.32 5082.8 3387.62 3373.84 1685.18 1714.97 1474.88 1613.11 3443.8 588.949 2854.85 904.776 1093.35 844 8.26851 1240.15 236.619 1688.66 203.216 701.119 1369.29 33.4032
internal_count=88372 81168 28816 52352 7204 25512 26840 21250 11754 26759 18104 18033 9218 10569 9496 8848 19570 3273 16297 5051 5942 4562 49 6751 1256 8815 1078 4172 7566 178
is_linear=0
shrinkage=0.05


Tree=71
num_leaves=31
num_cat=0
split_feature=21 21 21 53 53 21 53 33 39 45 53 53 39 39 19 15 32 11 33 53 52 28 41 13 21 53 33 54 5 53
split_gain=626.019 144.145 108.549 70.3886 62.8675 29.7674 30.8867 22.9949 21.2772 24.7399 18.4266 17.2442 18.3095 16.7008 14.3521 13.4198 12.9246 12.8506 17.206 12.6487 12.4353 12.1671 12.8384 12.3075 15.5054 13.52 12.2785 13.9834 12.2754 12.1684
threshold=4.0250000000000012 5.2250000000000005 2.3650000000000007 5.5891666666666682 5.0208333333333348 6.2550000000000008 6.0075000000000012 31.000000000000004 12.750000000000002 19.600000000000005 4.3791666666666673 5.6855000000000002 16.250000000000004 23.300000000000004 7.6650000000000009 6.9450000000000012 18.650000000000002 6.6550000000000011 27.000000000000004 4.3625000000000016 2.1550000000000007 64.40000000000002 15.200000000000001 6.9750000000000005 5.6650000000000009 4.9173333333333353 13.150000000000002 1.2200000000000004 6.6550000000000011 5.0473333333333352
decision_type=10 8 10 2 2 10 2 2 2 2 2 2 2 2 10 8 2 8 2 2 10 2 2 8 10 2 2 10 8 2
left_child=2 4 -1 7 13 -5 -7 8 9 14 -4 12 -6 15 17 19 -11 18 -3 -2 -15 22 23 24 25 -19 -24 -28 29 -26
right_child=1 3 10 5 11 6 -8 -9 -10 16 -12 -13 -14 20 -16 -17 -18 21 -20 -21 -22 -23 26 -25 28 -27 27 -29 -30 -31
leaf_value=-0.035740099943294204 0.014578690331623609 0.020216723380992632 -0.0030552815398529991 -0.0024230353168490509 -0.0079699824845405037 0.017187302986015406 0.0030086549893512901 0.029931976241044267 0.017420144958314079 0.033494381038578977 -0.017238351490602266 -0.018030055184673922 0.013804128473986398 0.02553803876274939 0.094951523623467884 -0.0066520255845412476 -0.0044014792703686847 0.016207676555525529 0.1073908196495596 0.0027763903823582389 0.11582984297209775 0.00094355187154745448 0.0024255875072739606 0.027813534809668583 0.087793470267556295 -0.0061867701664706145 0.012354414984359786 0.065025679158739746 0.014292707908765466 0.021687094378626776
leaf_weight=1027.3054452911019 287.36799615621567 108.80100335180759 293.62385552376509 1378.2883977293968 1608.4532561600208 552.18592202663422 1261.8006269335747 189.17117017507553 1300.3769309073687 150.51221688091755 1040.5692947432399 414.46074745804071 102.71159917116165 41.517685920000076 4.795968919992446 286.10986185073853 26.454048737883568 105.26228439807892 5.9710053056478491 1080.9116776734591 4.1989638060331336 535.66856010258198 786.91784735023975 129.16575072705746 11.424182489514353 187.35230040550232 234.91729786992073 13.315279424190519 567.1371743530035 17.819293916225433
leaf_count=9285 1649 611 1994 8902 11158 3006 7844 994 7021 797 7914 3042 677 245 27 1810 142 579 32 6742 24 3004 4436 718 59 1132 1312 73 3045 98
internal_value=-9.3833e-05 0.00476256 -0.0235235 0.0087614 -0.0031472 0.00311604 0.0073247 0.0128806 0.01211 0.00971689 -0.014117 -0.00887939 -0.00666301 0.0040197 0.00853348 0.0031959 0.0278295 0.00838019 0.0247519 0.00525513 0.0338311 0.00765441 0.00940514 0.0133916 0.0112962 0.00186919 0.00548407 0.0151797 0.0159216 0.047512
internal_weight=13754.6 11393.1 2361.5 7567.34 3825.73 3192.27 1813.99 4375.06 4185.89 2885.51 1334.19 2125.63 1711.16 1700.11 2708.55 1654.39 176.966 2703.75 114.772 1368.28 45.7166 2588.98 2053.31 1018.16 888.995 292.615 1035.15 248.233 596.381 29.2435
internal_count=88372 69179 19193 43832 25347 19752 10850 24080 23086 16065 9908 14877 11835 10470 15126 10201 939 15099 643 8391 269 14456 11452 5631 4913 1711 5821 1385 3202 157
is_linear=0
shrinkage=0.05


Tree=72
num_leaves=31
num_cat=0
split_feature=16 40 28 54 28 28 25 37 32 13 41 18 34 28 13 27 26 3 18 40 30 37 31 26 44 14 32 32 21 37
split_gain=188.427 47.5451 27.7023 20.0334 14.2939 13.5583 14.5615 13.1535 13.3493 14.4441 15.1971 21.1661 16.7053 13.9497 13.2111 14.0793 13.6178 13.2968 16.0165 12.5075 12.396 12.1732 15.3114 12.0019 14.1327 11.8289 13.7044 11.9948 11.6866 32.7639
threshold=5.6950000000000012 13.450000000000001 69.800000000000011 0.40166666666666667 61.000000000000007 9.5500000000000025 28.500000000000004 30.600000000000005 27.100000000000005 7.0750000000000011 21.250000000000004 4.1350000000000007 32.70000000000001 38.70000000000001 6.5950000000000006 35.500000000000007 51.500000000000007 17.950000000000003 2.8350000000000004 23.300000000000004 6.0500000000000016 17.750000000000004 4.2500000000000009 22.500000000000004 43.350000000000001 -1.0000000180025095e-35 3.9000000000000004 6.6000000000000005 6.9750000000000005 15.900000000000002
decision_type=8 2 2 10 2 2 2 2 2 10 2 10 2 2 8 2 2 8 8 2 2 2 2 2 2 8 2 2 10 2
left_child=1 3 -2 5 7 6 -1 14 9 10 11 13 -12 25 15 16 -3 18 21 23 -10 22 -16 28 -25 26 -9 -27 -19 -30
right_child=2 4 -4 -5 -6 -7 -8 8 20 -11 12 -13 -14 -15 17 -17 -18 19 -20 -21 -22 -23 -24 24 -26 27 -28 -29 29 -31
leaf_value=0.022191751916237425 -0.0051838137748348289 0.046974715075386642 -0.014118191587949254 -0.0058177038285685892 -0.0057177722053710096 0.0022378232008944932 0.0054392988629242906 0.089095749714029573 -0.0037126237982456657 0.11889149806911313 -0.013575663463353383 0.02163846161843111 0.089254669480232821 0.026716656455850918 0.111758591163611 0.010211831286348637 0.16779950375987615 -0.0018012612156069179 0.0057620044894255004 0.025488125385529966 0.13519644946837275 0.12954513271701837 -0.012445824456964823 0.015403833129232925 0.13509899691750502 0.14111440613504739 0.25061855992201409 -0.009604384264218134 -0.025210771954551431 0.18112198778399871
leaf_weight=196.87774324417114 2575.5592822059989 5.7558182999491709 1308.353353522718 588.01024007797241 102.7829874008894 1631.9891543015838 380.23622095584869 2.5688600912690163 2.3214604854583731 3.9127679169178 38.954249255359173 80.777112044394016 4.39522811025381 6.8042956441640845 3.7622306719422323 9.4881208315491659 3.9204571768641472 168.44815602898598 747.91173167526722 241.05798918008804 5.2116104662418365 4.234699308872222 7.2878806591033936 563.87366943061352 2.4769323319196692 2.638456158339979 2.6865792945027351 2.6418628841638565 4.6414482668042174 3.2861509397625923
leaf_count=1738 28047 44 15933 5921 990 16130 3490 21 20 32 329 673 36 59 29 75 27 1427 6497 1798 43 33 63 4765 22 20 22 21 40 27
internal_value=1.57684e-06 0.00660652 -0.00819349 0.00238407 0.0124481 0.00456719 0.0111543 0.013421 0.0274892 0.0241263 0.0215053 0.0323981 -0.00314964 0.0825211 0.012203 0.0534908 0.0959283 0.0117501 0.00679748 0.0155922 0.092389 0.0574651 0.029842 0.0123803 0.0159273 0.118561 0.171666 0.0657064 0.000990842 0.0603183
internal_weight=8702.87 4818.95 3883.91 2797.11 2021.84 2209.1 577.114 1919.06 152.912 145.379 141.467 98.1172 43.3495 17.3401 1766.15 19.1644 9.67628 1746.98 763.197 983.784 7.53307 15.2848 11.0501 742.726 566.351 10.5358 5.25544 5.28032 176.376 7.9276
internal_count=88372 44392 43980 27279 17113 21358 5228 16123 1276 1213 1181 816 365 143 14847 146 71 14701 6622 8079 63 125 92 6281 4787 84 43 41 1494 67
is_linear=0
shrinkage=0.05


Tree=73
num_leaves=31
num_cat=0
split_feature=41 7 54 17 35 21 35 3 20 41 1 28 52 3 44 52 22 27 5 3 30 17 54 16 27 29 13 3 19 7
split_gain=47.7901 21.2169 20.843 17.274 16.0442 16.3893 13.7774 17.1035 15.188 15.1695 20.053 12.6278 11.7543 11.7474 12.0617 12.2771 13.0289 12.1788 10.9419 10.9276 10.8445 9.98462 11.2951 10.9125 9.90798 11.4029 9.8655 12.6765 11.3916 9.86335
threshold=14.550000000000002 7.3250000000000011 1.4050000000000009 2.5350000000000006 1.0000000180025095e-35 4.4050000000000011 13.150000000000002 12.15 1.2450000000000003 25.850000000000005 3.5000000000000004 36.20000000000001 2.3700000000000001 27.250000000000004 23.900000000000002 -0.32000000000000001 76.500000000000014 46.500000000000007 6.8450000000000006 19.050000000000004 23.650000000000002 4.245000000000001 1.0000000180025095e-35 4.9850000000000012 45.500000000000007 35.150000000000006 7.0450000000000008 20.550000000000004 4.1450000000000005 7.0950000000000006
decision_type=2 8 10 8 2 10 2 10 10 2 10 2 10 10 2 10 2 2 8 8 2 10 10 10 2 2 10 10 10 10
left_child=3 2 6 -1 21 -6 24 -8 -9 10 11 20 -13 14 15 18 -17 -18 -11 -7 -10 22 -5 -24 -2 -26 27 -12 -28 -30
right_child=1 -3 -4 4 5 19 7 8 9 13 26 12 -14 -15 -16 16 17 -19 -20 -21 -22 -23 23 -25 25 -27 28 -29 29 -31
leaf_value=-0.025438506772249243 -0.0062195485782242264 -0.045186442751934036 0.0093215155462651241 -0.019108099394637354 -2.1709617947583405e-05 -0.0035587631942639976 -0.0012465322675310573 0.029447260067773963 -0.004244665428151685 0.007360529443049834 0.0017212079948874461 0.0077861100957146686 -0.027600004998555951 0.015215502317998345 -0.0076217242062821787 0.011387722201974065 0.0092849328874174981 0.1273539770223559 -0.0096769492705693384 -0.0092688496013092116 0.011875910808321195 0.0027429768613519349 0.017143060385406216 -0.0053617613179870321 0.0051110212873962486 -0.014251387471264344 0.061729748466349946 -0.011385206595556807 0.020065473948507467 -0.018940313522952307
leaf_weight=84.866771265864372 834.31715652346611 23.28039512783289 1023.5028315335512 115.57973231375217 1527.8960703909397 1766.2561941146851 1911.6984444856644 59.68160979449749 536.95534619688988 246.06889213621616 304.44956373423338 1425.2113147675991 23.860670030117035 421.46339099109173 153.13324823975563 537.38319885730743 4.0619632899761182 4.7243378907442093 152.72644507884979 1594.0693308711052 129.48250262439251 1638.1516899764538 66.532785326242447 282.92109970748425 508.28020779788494 89.415974244475365 10.176609039306639 468.21592958271503 42.049280598759651 26.371605455875397
leaf_count=592 4583 150 5285 683 8429 10042 10455 304 2987 1326 1666 7766 137 2182 818 2795 21 24 822 9290 721 9023 368 1611 2782 495 56 2582 231 146
internal_value=5.33056e-05 0.00248396 0.00260847 -0.00301633 -0.00274416 -0.00431528 0.00173762 0.00272153 0.00439019 0.00405686 0.00197607 0.00458368 0.00720344 0.00811935 0.00539577 0.00750527 0.0123752 0.0727699 0.000835695 -0.00626751 -0.00111259 0.000907444 -0.0055585 -0.00107705 -0.00269938 0.00221438 -0.0045042 -0.00622095 0.0123726 0.00503139
internal_weight=16012.8 8936.51 8913.23 7076.27 6991.41 4888.22 7889.73 6457.71 4546.02 4486.33 2966.77 2115.51 1449.07 1519.56 1098.1 944.965 546.17 8.7863 398.795 3360.33 666.438 2103.19 465.034 349.454 1432.01 597.696 851.263 772.665 78.5975 68.4209
internal_count=88372 48334 48184 40038 39446 27761 42899 35039 24584 24280 16292 11611 7903 7988 5806 4988 2840 45 2148 19332 3708 11685 2662 1979 7860 3277 4681 4248 433 377
is_linear=0
shrinkage=0.05


Tree=74
num_leaves=31
num_cat=0
split_feature=18 19 9 54 52 17 42 3 54 18 53 44 48 54 29 23 11 32 11 21 9 40 19 19 17 51 28 23 17 18
split_gain=45.4235 27.4551 26.245 25.6196 18.9143 17.0062 15.4115 14.3889 13.2847 13.1893 13.7374 13.1571 13.2865 12.4072 16.6934 14.3645 13.2941 11.7572 11.558 11.1479 12.5725 11.4745 11.0945 10.8556 10.8961 11.4847 10.5943 11.426 10.5845 10.018
threshold=4.7250000000000005 5.0050000000000008 7.4850000000000012 0.50166666666666748 1.5100000000000009 4.4850000000000012 29.800000000000004 17.950000000000003 0.61333333333333362 3.3950000000000005 5.2918333333333338 19.300000000000001 1.5000000000000002 1.1150000000000009 44.70000000000001 36.500000000000007 7.035000000000001 24.500000000000004 6.4250000000000007 5.4250000000000007 7.0650000000000004 6.3500000000000005 5.0950000000000006 5.1750000000000007 6.7150000000000007 2.5000000000000004 59.20000000000001 39.500000000000007 5.5450000000000008 6.4650000000000007
decision_type=10 10 8 8 8 8 2 10 8 10 2 2 2 8 2 2 8 2 10 10 10 2 8 10 8 2 2 2 10 10
left_child=1 11 3 5 6 -2 -5 17 -6 -3 18 12 -1 -14 15 -15 28 -8 -11 20 21 -18 29 24 25 -9 -27 -28 -17 -7
right_child=2 9 -4 4 8 22 7 23 -10 10 -12 -13 13 14 -16 16 19 -19 -20 -21 -22 -23 -24 -25 -26 26 27 -29 -30 -31
leaf_value=-0.011595120696901436 -0.0054510288220698091 -0.018298005923339314 -0.050688877760517795 0.0059019306402312115 -0.018812265001109003 0.0059437664054129286 0.0021522038773447009 0.044965670848324424 0.0016394542958488728 0.086218262788252384 -0.011973544859534162 -0.0085500302873314227 -0.00054784499880688737 -0.00078963591034704591 0.075279962310968174 0.0068796996736032153 0.168630660467497 0.057262869304695589 -0.0039074822273769735 -0.025651625467570344 0.022806375739877142 0.057084686855990642 -0.00049590907153298158 0.014415615981225389 0.09401777163149308 -0.041400026844220027 0.069208770614818213 -0.0094837171269457256 0.027871127375130152 -0.0027524711352048918
leaf_weight=182.97638893127441 1196.6243556290865 255.11045300960541 23.782800406217575 2533.9645914137363 83.394829362630844 1574.9610930681229 145.71289341151714 61.475884169340134 1658.5128792673349 3.5653473585844031 734.81773120164871 400.69670559465885 1260.9540025442839 340.27651131153107 8.996151849627493 302.78551134467125 4.2790491133928352 10.366216763854025 1584.2329792827368 3.7959418892860404 7.9353753030300131 4.9988375455141068 3771.3737128674984 96.980142816901207 7.993186503648757 8.2484167665243167 8.5386394262313861 10.032935425639151 74.908486142754555 419.35430979728699
leaf_count=1015 6504 1555 137 12781 443 8201 700 289 8478 17 4070 2198 6807 1757 46 1560 21 50 8572 20 40 25 19905 468 35 40 41 47 377 2173
internal_value=4.59636e-05 -0.00385233 0.00178181 0.0018895 0.00477401 -2.67371e-05 0.00725923 0.0171043 0.000660317 -0.00750636 -0.00632103 -0.000219268 0.00130366 0.0024785 0.00758037 0.00675621 0.0131963 0.00581246 -0.00370511 0.0519078 0.0690115 0.108531 0.00109903 0.0262233 0.0381157 0.033055 0.00575371 0.0266967 0.011043 0.00411517
internal_weight=16781.6 5170.33 11611.3 11587.5 4625.22 6962.31 2883.31 349.348 1741.91 2577.73 2322.62 2592.6 2191.91 2008.93 747.976 738.98 398.703 156.079 1587.8 21.0092 17.2133 9.27789 5765.69 193.269 96.2891 88.2959 26.82 18.5716 377.694 1994.32
internal_count=88372 28080 60292 60155 23372 36783 14451 1670 8921 14214 12659 13866 11668 10653 3846 3800 2043 750 8589 106 86 46 30279 920 452 417 128 88 1937 10374
is_linear=0
shrinkage=0.05


Tree=75
num_leaves=31
num_cat=0
split_feature=19 43 19 19 20 19 54 21 53 53 11 43 3 41 41 3 28 18 15 15 39 54 23 9 0 21 31 5 23 35
split_gain=165.266 64.0359 37.8557 29.4431 25.6332 25.7237 21.843 20.3959 17.3532 16.7872 12.6564 12.7078 17.1205 13.0307 15.1988 12.553 13.8174 13.6583 12.0604 12.007 11.8247 13.5444 13.0041 12.9767 11.8066 11.6933 13.1892 11.4639 11.0497 11.621
threshold=3.4350000000000005 20.950000000000006 4.4050000000000011 1.7850000000000004 4.9750000000000005 5.3050000000000006 -0.045000000000000345 4.4850000000000012 5.1941666666666686 4.4225000000000021 7.3150000000000004 35.150000000000006 25.050000000000004 15.200000000000001 31.900000000000002 23.550000000000004 64.800000000000026 7.1950000000000012 6.5250000000000012 7.2750000000000012 8.1500000000000021 0.7850000000000007 83.500000000000014 6.9750000000000005 10.500000000000002 6.0150000000000006 22.900000000000002 6.6650000000000009 27.500000000000004 27.100000000000005
decision_type=10 2 10 8 10 10 10 10 2 2 8 2 8 2 2 8 2 8 8 8 2 10 2 8 2 10 2 10 2 2
left_child=3 2 8 -1 15 -6 7 -3 25 -5 11 -8 13 27 -15 17 -17 18 -4 -9 21 -7 -22 -23 -25 26 -2 -13 -19 -30
right_child=1 6 4 9 5 20 10 19 -10 -11 -12 12 -14 14 -16 16 -18 28 -20 -21 22 23 -24 24 -26 -27 -28 -29 29 -31
leaf_value=-0.037015560018510273 -0.0038910741231209726 0.011453851111868201 0.080980961617199032 -0.0066053429215589725 -0.0066338143750800539 0.00097536977359021513 0.0074951539697707377 -0.0020380155286157621 -0.013702001928235378 -0.021152692195888546 -0.051155401564974459 0.061893031257853698 0.032128379674783498 -0.0040164303306022024 0.036729533274638841 -0.0033131765791559811 0.0089701779390043476 -0.0037544222845446898 0.0052520991659501933 0.070657673598661916 -0.0041198663360401165 0.0077410670172394407 0.08087174885363492 0.056129003750591988 0.0056571170137039925 -0.013511036070539046 0.010493387627310904 0.016773640324026399 0.028879610622947083 0.09565181609486427
leaf_weight=193.76878739148378 1366.6807526946068 389.62712767720222 5.2687530517578116 329.38827878236771 1680.9028400927782 1739.458916708827 2541.9401528090239 1206.9632396250963 598.75708389282227 498.3525882512331 8.7995126098394376 15.610045760869978 126.89886926114559 161.44271400570869 26.666865646839142 923.85745836794376 304.37518990039825 13.367662504315375 2465.1461147218943 5.7069938778877249 924.08329831063747 425.93257427215576 4.5226024687290183 27.979018121957779 19.777160137891769 268.85864685475826 180.39149622619152 143.46250769495964 19.593262583017353 9.7631016969680768
leaf_count=1437 7450 1948 28 1926 9319 9091 12781 6260 3483 3233 49 77 603 798 132 4822 1546 69 12625 30 4876 2147 24 140 101 1555 975 699 99 49
internal_value=1.28867e-05 0.00128823 -0.00079107 -0.0194709 0.000767948 -0.00164143 0.00622178 0.0015017 -0.00632035 -0.0153638 0.00872208 0.00889678 0.016412 0.0106675 0.00175982 0.00387365 -0.00026917 0.00589835 0.00541361 -0.0016959 0.0010296 0.00301657 -0.00370593 0.0105122 0.0352272 -0.00388643 -0.00221382 0.0212013 0.0339274 0.0510862
internal_weight=16627.3 15605.8 10978.7 1021.51 8564.03 4822.66 4627.12 1602.3 2414.69 827.741 3024.82 3016.02 474.081 347.182 188.11 3741.37 1228.23 2513.14 2470.41 1212.67 3141.75 2213.15 928.606 473.689 47.7562 1815.93 1547.07 159.073 42.724 29.3564
internal_count=88372 81776 58399 6596 44936 25698 23377 8238 13463 5159 15139 15090 2309 1706 930 19238 6368 12870 12653 6290 16379 11479 4900 2388 241 9980 8425 776 217 148
is_linear=0
shrinkage=0.05


Tree=76
num_leaves=31
num_cat=0
split_feature=20 20 53 53 20 44 13 53 4 20 52 26 20 33 16 38 0 50 18 19 42 18 31 19 23 44 32 44 16 26
split_gain=329.498 127.903 47.8998 39.3565 26.1775 25.5495 18.216 15.9774 15.7555 14.7518 14.6816 18.198 13.229 12.7784 12.5953 12.0437 11.507 17.0367 13.5768 14.1306 14.4748 14.756 13.1036 13.859 14.3905 11.6807 12.1367 11.3747 11.3602 13.275
threshold=2.8050000000000002 4.8350000000000009 4.6158333333333355 5.1473333333333349 1.6050000000000002 31.000000000000004 7.4750000000000005 5.2391666666666685 1.7500000000000002 5.2150000000000007 1.7250000000000003 10.500000000000002 3.9850000000000008 9.7500000000000018 2.8150000000000004 36.600000000000001 9.5000000000000018 2.5000000000000004 8.1150000000000002 6.3850000000000007 41.900000000000013 6.2550000000000008 3.4500000000000006 4.7650000000000006 5.5000000000000009 16.400000000000002 8.6500000000000004 5.4500000000000002 5.5650000000000004 65.500000000000014
decision_type=10 10 2 2 10 2 8 2 8 10 8 2 10 2 10 2 2 2 10 10 2 10 2 10 2 2 2 2 10 2
left_child=4 2 -2 15 -1 6 8 12 9 -5 14 13 -4 -12 -11 -3 17 27 19 20 21 -19 -23 28 -25 -26 -27 -16 29 -24
right_child=1 3 7 5 -6 -7 -8 -9 -10 10 11 -13 -14 -15 16 -17 -18 18 -20 -21 -22 22 23 24 25 26 -28 -29 -30 -31
leaf_value=-0.039060553544288057 0.0029671505088632328 0.0091552233857779709 -0.011349411842047749 -0.0042536419748159171 -0.021953403732806492 0.012344518263737746 -0.050040242817399244 -0.012518705585113003 0.057459980655766532 0.087194900104804726 0.07694912201342731 0.0087846387142241234 -0.0027464911812271316 0.0017959100619224589 -0.015108591794877033 0.025874349403684195 -0.00088618670954275156 0.0062034481645702379 0.074784780888831184 8.9077338089111111e-05 -0.043605789618558766 -0.0039185879719654485 0.042755542437397646 0.089116993339231843 0.00321125902408062 -0.00085721384586453131 0.041617606463022427 0.0016739771077043707 0.014474104614976783 0.11397024601287464
leaf_weight=379.02022565901279 1372.6823478937149 2999.4737017005682 648.27610303461552 830.76934172213078 545.41388601064682 648.91316677629948 16.837225869297981 1277.8490372598171 12.797034263610838 4.3368529528379431 17.087864980101589 490.52807912230492 1438.3079939037561 8.4546847194433195 167.28861476480961 111.72644902765751 2001.9832875579596 1017.8909098505974 7.1554377526044837 715.08535441756248 13.077387630939482 56.619086518883705 49.658731654286385 6.3871047198772422 121.66125304996967 24.704652786254883 52.682683333754539 254.65204800665379 30.797446757555008 7.5370811074972144
leaf_count=3218 7566 15366 4196 4932 3986 3354 101 8313 68 24 91 2667 8741 46 957 526 11221 5546 40 4008 72 305 263 34 679 134 287 1430 161 40
internal_value=-3.0452e-05 0.00182653 -0.00490423 0.00512443 -0.0289674 0.00292696 0.00189257 -0.00811574 0.002041 0.00192035 0.00293652 0.0109272 -0.00541931 0.0520731 0.0020265 0.00975562 0.00194491 0.00418942 0.0060289 0.00579419 0.00874827 0.00924877 0.0181042 0.0223536 0.0152419 0.0128714 0.0280582 -0.00497988 0.038957 0.05214
internal_weight=15329.7 14405.2 4737.12 9668.11 924.434 6556.91 5907.99 3364.43 5891.15 5878.36 5047.59 516.071 2086.58 25.5425 4531.52 3111.2 4527.18 2525.2 2103.26 2096.1 1381.02 1367.94 350.048 293.429 205.436 199.049 77.3873 421.941 87.9933 57.1958
internal_count=88372 81168 28816 52352 7204 36460 33106 21250 33005 32937 28005 2804 12937 137 25201 15892 25177 13956 11569 11529 7521 7449 1903 1598 1134 1100 421 2387 464 303
is_linear=0
shrinkage=0.05


Tree=77
num_leaves=31
num_cat=0
split_feature=21 21 53 21 53 21 53 21 53 53 33 7 39 21 39 11 15 18 39 42 37 40 15 27 44 45 11 41 42 31
split_gain=585.084 182.409 66.815 50.6144 46.7122 36.199 29.7172 24.1683 23.8516 22.0015 18.7994 18.1999 16.9306 14.3514 14.9844 13.5438 13.375 13.3404 12.8887 12.8886 12.7895 12.3379 12.1231 12.0005 11.9142 12.7623 11.9116 14.8057 11.5366 11.1515
threshold=3.4950000000000006 5.0450000000000008 5.5808333333333353 2.0150000000000001 5.1073333333333339 6.2550000000000008 6.0075000000000012 5.7950000000000008 4.8955000000000011 4.2925000000000013 27.000000000000004 7.3550000000000013 13.150000000000002 4.1450000000000005 19.500000000000004 6.8350000000000009 6.6550000000000011 7.1150000000000011 16.250000000000004 4.6500000000000012 5.4500000000000002 42.300000000000004 7.4650000000000007 36.500000000000007 17.500000000000004 43.350000000000001 6.8550000000000013 5.4500000000000002 9.7500000000000018 17.500000000000004
decision_type=10 10 2 10 2 10 2 10 2 2 2 8 2 10 2 8 8 8 2 2 2 2 8 2 2 2 10 2 2 2
left_child=3 4 7 -1 11 -4 -7 8 21 -5 12 13 -10 -2 20 19 17 -6 -18 -16 -15 -3 -9 -12 25 -8 -17 -28 29 -25
right_child=1 2 5 9 16 6 24 22 10 -11 23 -13 -14 14 15 26 18 -19 -20 -21 -22 -23 -24 28 -26 -27 27 -29 -30 -31
leaf_value=-0.037165426194324308 -0.006763241869500872 0.015063662750570243 -0.0032107119404262267 -0.0039954475351355956 0.0047573271309933754 0.016612278675014937 0.0067849471133846683 0.014756479259941759 -6.8839662034679067e-05 -0.02406014095039051 0.0053431192219490073 0.084085601470815799 0.013733095421796959 0.0080266427964926224 0.076883752114901172 0.12906909654414242 -0.013453808732068232 0.10300228502164842 0.0073894258734767586 -0.0074959743505150153 -0.0020856411491071915 0.095931147724776109 -0.051392617800667798 0.053789011374969498 -0.002359744672831102 0.086241583374042849 -0.049972764341235515 0.064523366546289651 0.027730375311507956 0.15028679937242462
leaf_weight=832.94022141396999 681.79733514040709 613.63703568279743 1544.1847008615732 179.459078989923 66.283946007490158 573.68655182421207 676.49394303560257 2805.9381863474846 1101.5492891669273 572.38835141062737 27.636630997061729 6.3421692103147498 278.33850675821304 452.01612305641174 5.4934041053056744 4.7381532490253475 1546.151914767921 3.6453601047396651 77.905317790806293 25.685697823762894 1014.3145704567432 4.7531804591417304 6.9434944391250601 9.0674103796482068 582.50856171548367 5.0917182117700568 3.6333114653825787 12.668079450726507 23.55907316505909 4.4697164744138709
leaf_count=7813 4866 3339 10070 1332 482 3088 4180 14810 6677 4589 158 39 1628 2780 32 28 11306 27 543 152 6396 26 38 51 3636 28 22 77 134 25
internal_value=-0.000100856 0.00362373 0.00783283 -0.028676 -0.00528707 0.00243256 0.00717428 0.0115785 0.00746804 -0.0192709 0.00395055 -0.000493053 0.00271516 -0.000736839 0.00196889 0.0282884 -0.0115321 0.00987876 -0.012454 0.00737078 0.00103161 0.0156852 0.0145932 0.030285 0.00289102 0.00737852 0.0592869 0.0390041 0.0488667 0.0856509
internal_weight=13743.3 12158.5 8257.86 1584.79 3900.68 3381.97 1837.78 4875.89 2063.01 751.847 1444.62 2206.69 1379.89 2200.35 1518.55 52.2186 1693.99 69.9293 1624.06 31.1791 1466.33 618.39 2812.88 64.7328 1264.09 681.586 21.0395 16.3014 37.0962 13.5371
internal_count=88372 74638 47888 13734 26750 21002 10932 26886 12038 5921 8673 14392 8305 14353 9487 311 12358 509 11849 184 9176 3365 14848 368 7844 4208 127 99 210 76
is_linear=0
shrinkage=0.05


Tree=78
num_leaves=31
num_cat=0
split_feature=16 28 40 28 11 19 16 7 34 54 17 9 20 21 2 25 6 31 0 40 31 3 23 28 18 20 34 46 7 9
split_gain=173.514 47.2378 36.4623 19.0669 16.4537 14.5225 12.9844 12.8709 12.7946 12.6939 14.35 29.587 24.1179 17.2945 12.4374 13.0997 15.4303 12.0168 11.3968 11.1833 10.8056 10.7712 15.7171 10.722 10.1851 9.91165 14.1319 10.1618 12.3581 20.0004
threshold=5.955000000000001 52.300000000000004 19.600000000000005 79.000000000000014 6.5150000000000006 6.2950000000000008 6.9050000000000011 7.3450000000000006 39.550000000000004 0.45816666666666622 3.7750000000000004 6.7550000000000008 4.1550000000000011 4.8850000000000007 5.5000000000000009 40.500000000000007 -1.0000000180025095e-35 15.600000000000003 11.500000000000002 4.1000000000000005 47.050000000000004 6.1500000000000012 38.500000000000007 67.950000000000017 2.1150000000000007 5.955000000000001 39.550000000000004 2.5000000000000004 6.8050000000000006 6.8050000000000006
decision_type=8 2 2 2 8 8 8 10 2 10 8 10 10 8 10 2 8 2 2 2 2 10 2 2 10 10 2 2 10 8
left_child=1 2 7 4 -2 6 19 20 14 10 11 12 -3 -14 18 -16 23 -13 -7 -6 -1 22 -20 -17 -12 27 -27 28 -21 -30
right_child=3 9 -4 -5 5 8 -8 -9 -10 -11 24 17 13 -15 15 16 -18 -19 21 25 -22 -23 -24 -25 -26 26 -28 -29 29 -31
leaf_value=0.0053609251981390667 0.12448008627286629 0.22618679027492616 0.017039556741085513 -0.018097629159520089 -0.015022697322632823 -0.00034137659499407008 -0.019530401673913799 0.097680320155682676 0.12150572842802272 -0.0083088366191903604 0.11754185061497158 0.026869865807130057 0.13978531191179536 0.00031786377861862291 -0.0021898224266848885 0.1897368969266558 0.028570051097207991 -0.03715095340367032 0.15690250300825248 -0.0098897424551449009 0.077215666937824473 -0.016584173936324321 -0.015030184277620302 0.036263360986802468 -0.00039960203220595669 0.0018612026515377252 0.12535979672162054 -0.0094393980899182099 0.17303488596617639 0.024993667851423377
leaf_weight=3193.1100325733423 2.3540945276617995 2.7506927102804175 887.79852617532015 523.89759342372417 439.85787466913462 556.02361354976892 310.79377851635218 3.7895314469933501 2.0876493901014319 559.08198355138302 1.8344025686383236 20.571692973375324 3.7642657607793781 5.4281344190239915 23.139930054545403 2.9730250164866447 15.546602495014669 11.386779144406317 2.2267205640673629 18.303273022174835 5.2407183870673171 184.52460661530495 3.2977982088923454 1.8437842205166814 864.25742477178574 255.94412970542908 2.3375715911388388 779.2957709133625 2.7459980100393322 13.486328721046446
leaf_count=29867 26 25 7009 6515 5036 6197 3693 31 20 5951 18 201 36 56 258 31 173 113 26 203 45 2100 37 22 8796 2840 24 8845 30 148
internal_value=3.64421e-06 0.00531125 0.0080736 -0.00939083 -0.00764767 -0.00776664 -0.0102225 0.00558778 -0.00211211 -0.00237922 0.00126383 0.0291519 0.0962971 0.0574294 -0.00243896 0.0235487 0.0527967 0.0040593 -0.00395429 -0.00830923 0.00547866 -0.0145245 0.0542693 0.13099 -0.000149799 -0.00555489 0.00297892 -0.00826322 0.0182771 0.0500376
internal_weight=8699.69 5559.01 4089.94 3140.68 2616.78 2614.43 1822.76 3202.14 791.664 1469.08 909.993 43.9016 11.9431 9.1924 789.576 43.5033 20.3634 31.9585 746.073 1511.97 3198.35 190.049 5.52452 4.81681 866.092 1072.11 258.282 813.831 34.5356 16.2323
internal_count=88372 52148 36952 36224 29709 29683 20819 29943 8864 15196 9245 431 117 92 8844 484 226 314 8360 17126 29912 2163 63 53 8814 12090 2864 9226 381 178
is_linear=0
shrinkage=0.05


Tree=79
num_leaves=31
num_cat=0
split_feature=41 17 7 28 41 54 52 45 40 16 29 24 22 17 3 9 5 44 39 35 20 21 31 27 38 22 3 21 0 30
split_gain=44.2648 18.9588 17.4349 15.8116 14.1417 13.6341 17.3947 13.3809 12.7147 15.9265 11.3455 10.8348 10.3119 14.6848 11.9054 10.4468 12.8595 10.2498 10.2321 10.0134 9.86777 9.86078 9.82638 9.65923 9.64277 8.88396 8.80198 9.05291 8.77717 12.7967
threshold=18.900000000000002 2.9350000000000005 7.3950000000000005 60.800000000000004 27.100000000000005 0.57500000000000073 1.2100000000000004 17.500000000000004 13.250000000000002 7.6650000000000009 17.500000000000004 64.500000000000014 12.500000000000002 5.0050000000000008 15.950000000000001 6.9150000000000009 6.7950000000000008 26.200000000000006 15.200000000000001 8.4500000000000011 1.3150000000000002 2.0150000000000001 11.650000000000002 30.500000000000004 18.900000000000002 73.500000000000014 25.950000000000003 2.0150000000000001 9.5000000000000018 40.800000000000004
decision_type=2 8 8 2 2 10 8 2 2 10 2 2 2 10 10 8 10 2 2 2 8 8 2 2 2 2 10 10 2 2
left_child=1 20 5 10 7 6 25 19 11 17 -2 12 13 -6 -15 16 -16 26 -11 -5 -1 22 -14 -18 -24 -3 27 -10 -21 -30
right_child=3 2 -4 4 8 -7 -8 -9 9 18 -12 -13 21 14 15 -17 23 -19 -20 28 -22 -23 24 -25 -26 -27 -28 -29 29 -31
leaf_value=0.037298474170065966 0.0033291433798672654 -0.0029703641729056387 -0.04811576848596516 -0.012036739886856199 -0.014158913421164094 0.00057473618308399009 -0.014327969967771926 -0.014326083817349412 0.072237534545899568 0.12252051623282179 -0.0022307711458546442 -0.0065642765058924919 0.0068340561171153294 0.012170974674541079 0.073964901698342092 0.109607388601975 0.044767513799881656 -0.011309110358818861 0.020908445364792083 0.0093180620358484529 -0.01994125369543126 0.0069026890769472915 0.078517055076493494 -0.052927967173304752 -0.0068252937415885688 0.0083271941888645572 0.041814516973409099 0.012819376098401114 0.0021458889307723146 -0.045077430390441008
leaf_weight=7.8487157672643653 2521.228564068675 4936.4758670777082 20.257494248449802 85.498402796685696 15.651712223887442 3907.2536214590073 335.2837779968977 101.37019421160221 6.7931533604860297 6.282962352037428 1442.5218937247992 109.09496636688709 17.530749812722206 21.834196105599403 14.583063468337061 7.9751712977886191 5.6252770870923978 24.569102421402931 4.090471550822258 707.35775699466467 185.10854655504227 619.80668655782938 14.420416772365572 4.5982086658477783 4.2959109246730796 180.36924667656422 46.293442726135254 113.79542063176632 526.78210486471653 14.747461304068564
leaf_count=42 13527 28160 146 455 80 21467 2071 555 34 32 7842 561 87 115 73 39 28 129 21 3695 1217 3188 71 23 21 1008 228 591 2788 78
internal_value=5.69273e-05 -0.00209898 -0.00177983 0.00326315 0.00640053 -0.00167954 -0.00329506 0.00318681 0.010849 0.0221118 0.00130573 0.00812804 0.0103349 0.0285389 0.0407751 0.0598269 0.0438227 0.0188424 0.0824527 0.00451722 -0.017613 0.00838509 0.0337333 0.000827099 0.0589286 -0.00257212 0.0232814 0.0161666 0.0056505 0.000859857
internal_weight=16009.3 9572.6 9379.64 6436.75 2473 9359.38 5452.13 1435.76 1037.24 201.825 3963.75 835.416 726.321 70.2676 54.6159 32.7817 24.8065 191.451 10.3734 1334.39 192.957 656.054 36.2471 10.2235 18.7163 5116.85 166.882 120.589 1248.89 541.53
internal_count=88372 54111 52852 34261 12892 52706 31239 7571 5321 1035 21369 4286 3725 358 278 163 124 982 53 7016 1259 3367 179 51 92 29168 853 625 6561 2866
is_linear=0
shrinkage=0.05


Tree=80
num_leaves=31
num_cat=0
split_feature=18 42 9 28 3 42 39 53 18 47 43 53 20 29 40 17 21 19 9 43 13 21 1 40 8 15 7 1 3 19
split_gain=42.2141 35.1053 22.4719 19.6764 15.007 14.0747 16.1226 13.994 21.0192 20.5053 16.3772 17.1838 13.3759 15.1093 13.3045 12.8586 12.7546 12.6424 12.3493 15.9603 14.2606 11.7419 11.5461 11.515 11.2933 12.9188 10.8575 10.6844 10.8235 10.6754
threshold=3.5050000000000003 25.450000000000003 6.4350000000000014 55.95000000000001 19.650000000000002 34.70000000000001 13.950000000000001 4.7855000000000016 5.0550000000000006 2.5000000000000004 19.300000000000001 5.8008333333333342 5.5850000000000009 22.000000000000004 12.700000000000001 6.5050000000000008 6.8350000000000009 4.0450000000000008 6.8750000000000009 23.400000000000002 6.9250000000000007 1.1050000000000002 3.5000000000000004 30.600000000000005 0.75000000000000011 7.2150000000000007 6.9150000000000009 1.0000000180025095e-35 14.050000000000002 5.8450000000000006
decision_type=10 2 10 2 10 2 2 2 10 2 2 2 8 2 2 8 10 8 8 2 8 8 8 2 8 8 8 10 10 8
left_child=29 2 -2 15 -3 6 24 9 10 -5 11 -9 13 -10 18 17 22 -4 20 -20 -7 -14 -15 27 25 -6 -25 -17 -29 -1
right_child=1 4 3 7 5 14 -8 8 12 -11 -12 -13 21 16 -16 23 -18 -19 19 -21 -22 -23 -24 26 -26 -27 -28 28 -30 -31
leaf_value=-0.0085702343519902229 -0.048226073027025917 0.001951509940657668 0.0015195130855381062 0.0038060404086492959 0.0088487660140506626 0.027609985629486702 -0.0068362526267236844 0.0010984579740785632 0.0030464384448348029 0.023201918378022195 -0.012360201042329587 -0.024132462489734104 0.12063678179766664 0.02200045901146808 0.0026280926589798519 -0.018622168496589309 -0.021067551545895562 -0.0041950583339327259 0.01933246534475096 -0.028272448016978532 0.094034996354718348 -0.00012043326297957367 0.0039026601708336676 0.022681632771640575 -0.042903020758130982 0.083563634026996222 0.117095897538614 0.011621233234447463 -0.00023980050237442339 -0.023113099913089564
leaf_weight=515.62103661894798 24.718823090195656 1658.3602061122656 1200.6811252385378 747.30745621025562 925.25700740516186 169.16741067171097 201.87179152667522 883.53807625174522 1037.4377792328596 166.65355680882931 454.03019118309021 73.063379228115082 2.0151148587465277 278.51989743113518 115.72669275105 56.554930210113525 24.227608174085617 4990.7741044610739 82.079399392008781 22.414916202425957 8.4853205382823926 1953.9713544547558 128.92474776506424 14.732442215085031 10.470363557338713 5.8220121562480918 3.8384208828210822 292.35126848518848 562.2131652534008 167.0799944549799
leaf_count=3009 147 8422 6312 3804 4638 841 1038 4701 5335 820 2469 396 10 1409 588 294 127 26868 407 113 42 10256 651 78 54 28 20 1523 2943 1029
internal_value=4.82707e-05 0.000564802 -0.000598359 -0.000506888 0.00525269 0.00880459 0.0059861 0.00166878 0.000596392 0.00734273 -0.00454022 -0.000828631 0.00271191 0.00631729 0.0169045 -0.00226354 0.0141781 -0.00308686 0.0227601 0.00912081 0.0307827 3.97438e-06 0.0162739 0.00321947 0.00873526 0.00931596 0.0421962 0.00242503 0.00381793 -0.0121294
internal_weight=16777.9 16095.2 12895.6 12870.8 3199.66 1541.29 1143.42 5749.69 4835.73 913.961 1410.63 956.601 3425.1 1469.11 397.874 7121.15 431.672 6191.46 282.147 104.494 177.653 1955.99 407.445 929.69 941.549 931.079 18.5709 911.119 854.564 682.701
internal_count=88372 84334 68163 68016 16171 7749 5758 29978 25354 4624 7566 5097 17788 7522 1991 38038 2187 33180 1403 520 883 10266 2060 4858 4720 4666 98 4760 4466 4038
is_linear=0
shrinkage=0.05


Tree=81
num_leaves=31
num_cat=0
split_feature=19 43 19 19 20 19 54 21 53 53 54 3 41 18 28 11 20 9 26 43 21 31 15 22 39 54 9 23 3 15
split_gain=152.562 58.1387 34.2369 28.5819 22.869 23.3289 19.4618 18.3676 16.0317 15.7053 12.0682 11.42 13.0925 12.1536 12.1436 11.1117 11.0146 10.9452 10.9127 10.8507 10.7271 12.0635 10.7179 11.9606 10.7135 12.2437 11.5105 11.4194 10.5004 10.3738
threshold=3.4350000000000005 20.950000000000006 4.4050000000000011 1.7850000000000004 4.9750000000000005 5.3050000000000006 -0.045000000000000345 4.4850000000000012 5.1941666666666686 4.4225000000000021 1.9100000000000008 23.550000000000004 46.650000000000013 7.1950000000000012 64.800000000000026 7.3150000000000004 3.9850000000000008 6.7150000000000007 74.500000000000014 32.850000000000001 6.0150000000000006 22.900000000000002 6.5250000000000012 33.500000000000007 8.1500000000000021 0.7850000000000007 6.9750000000000005 83.500000000000014 2.5000000000000004 7.2750000000000012
decision_type=10 2 10 8 10 10 10 10 2 2 10 8 2 8 2 8 10 10 2 2 10 2 10 2 2 10 8 2 10 8
left_child=3 2 8 -1 11 -6 7 -3 20 -5 15 13 14 22 -13 -8 -9 -12 -16 -19 21 -2 23 -4 25 -7 -27 -26 -24 -18
right_child=1 6 4 9 5 24 10 16 -10 -11 17 12 -14 -15 18 -17 29 19 -20 -21 -22 -23 28 -25 27 26 -28 -29 -30 -31
leaf_value=-0.03644130843956158 -0.0037112982077848918 0.010859323222635246 0.11363945511261969 -0.0063525625368630947 -0.0063301838533687434 0.00092112440127156171 0.0077570095393987605 0.010313400475358617 -0.013171806367167804 -0.020490508713632817 0.058674918481221285 -0.0036609241552319292 0.054587912466062233 0.031739056478321724 0.0062146674540020479 -0.050673947987808048 -0.0038226900616353749 0.0088344352108871618 0.061602666072682472 0.045511945829959238 -0.012969926480865477 0.010010881155924696 0.065073252468781581 0.0070527119008688653 -0.0039356366965582635 0.0073422470422205184 0.032980950001042932 0.073839902474442387 0.0047199933824732289 0.073481909788764524
leaf_weight=188.02012476325035 1362.7089491486549 392.37568847835064 4.802069887518881 327.91853114962578 1672.270800486207 1740.7518548965454 2900.5724270939827 167.48924471437931 592.44047829508781 489.89545945823193 18.510866433382034 915.41084060072899 10.767203301191328 43.609015598893166 293.38732928037643 8.1593503504991514 1038.8467832505703 88.099427670240402 9.1707965135574323 26.150667116045952 265.9908509105444 181.49618557095528 7.22798928618431 5.8242493271827698 921.43118004500866 428.0657737404108 48.763475403189659 4.7438241988420478 2462.205087646842 4.3579959273338309
leaf_count=1437 7450 1948 24 1926 9319 9091 14461 850 3483 3233 86 4785 56 217 1481 47 5418 427 46 118 1555 975 37 29 4876 2147 241 24 12563 22
internal_value=1.1534e-05 0.00122728 -0.000757768 -0.018863 0.000721293 -0.0015588 0.00591622 0.00145805 -0.00603249 -0.0148216 0.00826597 0.00364769 -0.000305387 0.00557238 -0.00079066 0.0075931 -0.00158882 0.0230083 0.00789353 0.0172295 -0.00369593 -0.00209848 0.00511227 0.0552196 0.000979257 0.00286559 0.00996422 -0.00353727 0.00489665 -0.00349975
internal_weight=16621.5 15615.6 10971.1 1005.83 8568.43 4816.03 4644.56 1603.07 2402.64 817.814 3041.49 3752.4 1228.74 2523.67 1217.97 2908.73 1210.69 132.761 302.558 114.25 1810.2 1544.21 2480.06 10.6263 3143.76 2217.58 476.829 926.175 2469.43 1043.2
internal_count=88372 81776 58399 6596 44936 25698 23377 8238 13463 5159 15139 19238 6368 12870 6312 14508 6290 631 1527 545 9980 8425 12653 53 16379 11479 2388 4900 12600 5440
is_linear=0
shrinkage=0.05


Tree=82
num_leaves=31
num_cat=0
split_feature=20 20 53 21 13 20 19 44 17 32 13 44 13 20 15 38 44 53 27 17 11 36 30 26 5 20 41 18 2 43
split_gain=307.725 115.954 43.4298 35.7232 26.8416 26.0199 25.0917 17.8039 17.1664 15.708 14.9986 14.5397 14.1599 13.1552 17.5074 12.9467 11.0092 10.514 12.559 10.4663 10.8442 11.5738 10.4306 12.2061 10.3122 10.0816 10.0323 9.99069 14.267 10.3082
threshold=2.8050000000000002 4.8350000000000009 4.6158333333333355 6.1350000000000007 7.4200000000000008 1.905 4.6050000000000013 40.45000000000001 3.4450000000000007 5.1500000000000012 6.7950000000000008 22.450000000000003 6.7550000000000008 5.5950000000000006 6.4750000000000005 21.250000000000004 15.600000000000003 5.0473333333333352 4.5000000000000009 3.7750000000000004 6.9650000000000007 31.400000000000002 47.600000000000001 33.500000000000007 7.3250000000000011 4.0050000000000008 12.300000000000002 4.7650000000000006 2.5000000000000004 13.150000000000002
decision_type=10 10 2 10 8 10 10 2 8 2 8 2 8 10 10 2 2 2 2 10 8 2 2 2 8 10 2 10 10 2
left_child=5 2 16 4 6 -1 -3 8 -8 -4 11 -5 17 24 -15 -12 25 18 -11 -18 21 -21 -14 -24 -10 -2 -23 28 -9 -30
right_child=1 3 9 10 -6 -7 7 27 13 12 15 -13 22 14 -16 -17 19 -19 -20 20 -22 26 23 -25 -26 -27 -28 -29 29 -31
leaf_value=-0.035845153203215289 -0.0042331437133202613 0.011264133519235123 -0.011819776218368355 0.00069691495927402683 -0.050617102623516166 -0.018735071191625891 0.02193113307732528 0.085130909602025837 0.00028056190091875244 0.10524099374316181 -0.0062626561788951159 0.013419900655160508 -0.0075327997638392806 0.07817141394849729 0.005795796593025245 0.0035370157865439867 0.041299003981437321 -0.0035877929549102579 0.01013131019438359 -0.0028282064459047036 0.047127846778905365 0.10684491660897476 0.11831092720593375 0.001019572761507038 0.07048007436319545 0.0049916257296720046 0.010358604130790769 0.015993382201322123 0.053914270093317784 -0.036414864315142008
leaf_weight=507.41244462132454 501.51964005827904 2237.9671239852905 1393.942119024694 760.34790699183941 20.347814932465553 395.30589533597231 135.77766592800617 14.688589692115785 1747.2225428819656 3.5373013466596595 1079.5859881788492 318.66335517168045 1489.5912533551455 8.3805941641330701 2798.7104734480381 490.01080369949341 31.225933864712715 260.43492299318314 184.963269084692 93.033795073628426 15.999154910445212 4.6841257363557798 3.5566992759704572 5.8936755806207657 5.2471795529127112 723.39718541502953 6.3411854952573776 70.653899863362312 6.9429057836532575 5.7943091690540314
leaf_count=4304 2925 11404 9003 4352 118 2900 684 69 9745 21 6200 1737 9375 42 14819 2748 154 1669 1125 467 80 23 21 36 26 3885 32 347 33 28
internal_value=-3.28554e-05 0.0017402 -0.00468909 0.00486732 0.00672689 -0.0283525 0.00689284 0.00485195 0.00441154 -0.00776747 -8.36558e-05 0.00445438 -0.00486771 0.00388983 0.00601187 -0.00320331 0.00278635 0.00292203 0.0119161 0.0155115 0.00880446 0.00291221 -0.00720059 0.0451628 0.000490751 0.00121471 0.051351 0.0259357 0.0515491 0.0128225
internal_weight=15321.2 14418.5 4718.12 9700.34 7051.73 902.718 7031.39 4793.42 4695.34 3341.92 2648.61 1079.01 1947.98 4559.56 2807.09 1569.6 1376.2 448.935 188.501 151.284 120.058 104.059 1499.04 9.45037 1752.47 1224.92 11.0253 98.0797 27.4258 12.7372
internal_count=88372 81168 28816 52352 37315 7204 37197 25793 25316 21250 15037 6089 12247 24632 14861 8948 7566 2815 1146 756 602 522 9432 57 9771 6810 55 477 130 61
is_linear=0
shrinkage=0.05


Tree=83
num_leaves=31
num_cat=0
split_feature=21 21 0 21 53 45 18 17 53 33 21 2 53 53 51 14 33 11 31 10 21 35 12 20 9 39 53 42 2 25
split_gain=546.184 165.524 60.0138 49.967 43.9015 25.4313 26.1203 25.3684 24.8745 22.1253 21.7654 21.1587 20.8394 20.67 19.0905 19.6285 14.6753 13.9124 13.9001 13.5171 13.1509 14.4338 19.3639 13.0533 12.9538 12.979 12.9098 12.8447 14.3138 12.7248
threshold=3.4950000000000006 5.0450000000000008 7.5000000000000009 2.0150000000000001 5.3718333333333339 26.200000000000006 4.7250000000000005 4.1450000000000005 6.1675000000000013 29.000000000000004 6.6850000000000014 17.500000000000004 4.2925000000000013 4.701833333333334 3.5000000000000004 0.75000000000000011 11.300000000000002 6.6050000000000013 4.9000000000000012 1.7500000000000002 4.4650000000000007 11.300000000000002 0.75000000000000011 1.2450000000000003 6.9650000000000007 17.050000000000001 4.845833333333335 7.4000000000000012 3.5000000000000004 70.500000000000014
decision_type=10 10 2 10 2 2 10 10 2 2 10 8 2 2 2 8 2 8 2 8 10 2 8 10 10 2 2 2 10 2
left_child=3 4 8 -1 13 6 24 -8 9 10 17 14 -5 16 29 -16 23 -3 -11 20 21 22 -15 -2 25 -4 27 -19 -29 -9
right_child=1 2 5 12 -6 -7 7 11 -10 18 -12 -13 -14 19 15 -17 -18 26 -20 -21 -22 -23 -24 -25 -26 -27 -28 28 -30 -31
leaf_value=-0.036697449019790489 0.024788406346097705 0.038984059222565481 0.0088393680505369655 -0.0038516615894333404 -0.014803897874070958 0.020276833450577528 0.016581214045141374 -0.0062355274640739904 0.0014192036368464904 0.052589736105017951 0.019769069251866462 0.067694030716693332 -0.023446944148517897 -0.001532513247900089 0.0047262786949813489 -0.031153291310998834 0.019568715884834328 0.006088165176980651 0.02160778149076999 0.049683842962803225 -0.00134862400517432 -0.013286800656891185 0.095783377167985628 -0.0001912765514149447 -0.0070414403681874713 0.025354826135529276 0.007700016029199553 0.024595303773493525 0.0038770993954531361 0.012717506145443473
leaf_weight=806.90177631378174 55.645463868975639 41.060380354523659 550.83761943876743 178.9606965854764 892.47112656384706 201.1700289696455 210.21211984753609 1537.3290610313416 539.1614560931921 48.514893293380737 725.0255735963583 11.020912215113638 561.05520489811897 258.80577327311039 1044.4647156894207 39.562023371458054 124.93003369867802 247.00933274626732 142.65076027810574 11.144097797572611 949.85091808438301 716.38143903762102 5.2147055864334098 869.39421414583921 97.510883361101151 151.72670945525169 2130.7036116123199 382.26427944004536 106.61837995052338 93.972277507185936
leaf_count=7813 322 230 3138 1332 6713 1113 1170 9701 3363 248 3701 66 4589 1876 6231 239 733 1298 737 74 6277 5221 38 5496 545 833 12116 2003 563 593
internal_value=-0.000104961 0.00344813 0.00743438 -0.0280917 -0.00507156 0.0029593 0.00202697 -0.000155079 0.0114733 0.012891 0.0120185 -0.00144551 -0.0187081 -0.00216793 -0.00172613 0.00341684 0.00348371 0.0100859 0.0294705 -0.00522452 -0.00554153 -0.00960377 0.000389587 0.00131137 0.0100359 0.0124061 0.00967195 0.0153815 0.020077 -0.00514372
internal_weight=13731.6 12184.7 8300.82 1546.92 3883.84 3937.81 3736.64 2936.56 4363.01 3823.85 3632.68 2726.35 740.016 2991.37 2715.33 1084.03 1049.97 2907.66 191.166 1941.4 1930.25 980.402 264.02 925.04 800.075 702.564 2866.6 735.892 488.883 1631.3
internal_count=88372 74638 47888 13734 26750 23629 22516 18000 24259 20896 19911 16830 5921 20037 16764 6470 6551 16210 985 13486 13412 7135 1914 5818 4516 3971 15980 3864 2566 10294
is_linear=0
shrinkage=0.05


Tree=84
num_leaves=31
num_cat=0
split_feature=46 28 40 40 54 28 19 10 8 21 33 41 9 1 19 36 35 25 28 9 15 0 27 13 37 20 18 22 17 16
split_gain=159.945 40.4613 27.8021 21.9194 19.3597 15.6238 14.636 13.8307 12.9705 12.7884 12.4387 15.2218 12.0236 11.5283 19.338 18.2313 11.2219 10.8452 10.7384 14.9219 13.2136 14.6829 12.9848 11.9809 12.6104 13.376 12.1191 21.7246 11.9568 11.3941
threshold=2.5000000000000004 63.100000000000009 14.900000000000002 6.3500000000000005 0.50166666666666748 29.700000000000003 6.1350000000000007 1.2500000000000002 2.2500000000000004 1.3450000000000004 36.050000000000004 31.000000000000004 7.1950000000000012 4.5000000000000009 7.1850000000000014 12.750000000000002 35.500000000000007 63.500000000000007 43.20000000000001 6.745000000000001 7.1050000000000013 4.5000000000000009 53.500000000000007 6.6550000000000011 36.900000000000006 4.8550000000000013 6.455000000000001 74.500000000000014 5.3950000000000005 4.4850000000000012
decision_type=2 2 2 2 10 2 10 10 10 10 2 2 10 10 10 2 2 2 2 10 8 2 2 10 2 10 8 2 8 8
left_child=2 3 5 8 7 17 -5 10 12 -4 -3 16 -2 -6 -15 -16 -12 -1 20 -20 23 28 -23 -11 26 29 -25 -28 -22 -26
right_child=1 4 9 6 13 -7 -8 -9 -10 18 11 -13 -14 14 15 -17 -18 -19 19 -21 21 22 -24 24 25 -27 27 -29 -30 -31
leaf_value=0.010663694339449333 -0.0082295358506631697 -0.0060862605674913087 0.031049455165707243 -0.00076331171265523661 -0.016285616599301247 0.00057891489420223725 0.010808308234971172 0.086185650436164662 0.11630116132171874 0.035796942393518931 0.00054614367565547809 0.17082538201921343 0.094605308550295419 -0.0066163777155299405 0.19623357344073988 0.013496336313045657 0.10162592371093256 -0.0038132355022108336 0.021959043420246967 -0.0021901623480157042 0.14462216740471703 -0.010871013645090074 0.084735178211918713 0.0089000701926616205 0.12447268128237346 0.004496723563961645 0.022408928350912623 0.16241808735720695 0.030298177075237038 0.035009785906311389
leaf_weight=922.93148696422577 962.43610553443432 738.47322277724743 89.66951846331358 1149.5281725749373 1250.6231767088175 1370.3776905983686 358.47245881706476 4.1771105006337157 2.105771340429782 55.379874207079411 14.21199188381434 1.850429281592368 2.8508684262633315 241.68617356568575 2.2766960412263861 3.4081062227487564 3.4034199416637412 150.45749920606613 85.281946547329426 255.94338893145323 5.6967021450400361 10.852418392896654 5.2789460420608512 856.46816960722208 6.9615330770611772 10.570158459246157 121.6034683957696 2.8352269232273093 3.8211828544735917 7.2818549945950517
leaf_count=8330 10520 8447 710 11710 15030 13613 3591 46 13 417 166 21 30 2888 26 40 39 1389 762 2308 41 84 40 6918 52 83 953 19 28 58
internal_value=4.51584e-06 -0.00619724 0.00741815 -0.00178103 -0.0110341 0.00411719 0.00198742 -0.00454628 -0.00765541 0.0127335 -0.00504632 0.0344058 -0.00792582 -0.0143348 -0.00447233 0.0866804 0.0200755 0.00863446 0.0115833 0.00384541 0.0140129 0.0494743 0.0204159 0.0131557 0.011909 0.0471109 0.0110185 0.0255989 0.0987241 0.0787353
internal_weight=8696.91 4735.5 3961.41 2475.39 2260.11 2443.77 1508 762.116 967.393 1517.64 757.939 19.4658 965.287 1497.99 247.371 5.6848 17.6154 1073.39 1427.97 341.225 1086.75 25.6492 16.1314 1061.1 1005.72 24.8135 980.907 124.439 9.51788 14.2434
internal_count=88372 52567 35805 25864 26703 23332 15301 8719 10563 12473 8673 226 10550 17984 2954 66 205 9719 11763 3070 8693 193 124 8500 8083 193 7890 972 69 110
is_linear=0
shrinkage=0.05


Tree=85
num_leaves=31
num_cat=0
split_feature=41 7 54 17 35 21 35 3 20 41 1 28 52 25 44 24 26 24 16 3 30 23 21 16 15 39 5 20 2 7
split_gain=40.9531 19.7673 17.2344 15.442 14.8187 14.1873 12.3929 15.4696 13.4341 12.9261 18.3898 11.2878 10.8643 10.7902 11.2875 10.2343 10.7628 12.2449 13.4442 10.2328 9.94691 9.83046 9.75767 9.654 9.50174 11.9548 11.854 10.6863 10.162 9.73198
threshold=14.550000000000002 7.3250000000000011 1.4050000000000009 2.5350000000000006 1.0000000180025095e-35 4.4050000000000011 13.150000000000002 12.15 1.2450000000000003 25.850000000000005 3.5000000000000004 36.20000000000001 2.305000000000001 22.500000000000004 23.900000000000002 30.500000000000004 24.500000000000004 48.500000000000007 5.6450000000000005 19.050000000000004 23.650000000000002 4.5000000000000009 8.1250000000000018 6.4450000000000012 6.7150000000000007 8.1500000000000021 6.7550000000000008 3.2050000000000005 5.5000000000000009 6.8050000000000006
decision_type=2 8 10 8 2 10 2 10 10 2 10 2 10 2 2 2 2 2 10 8 2 2 10 10 10 2 10 10 10 10
left_child=3 2 6 -1 -5 -6 21 -8 -9 10 11 20 -13 15 -15 -11 17 18 -17 22 -10 23 -7 -2 25 -18 29 -28 -29 -26
right_child=1 -3 -4 4 5 19 7 8 9 13 -12 12 -14 14 -16 16 24 -19 -20 -21 -22 -23 -24 -25 26 -27 27 28 -30 -31
leaf_value=-0.024356790788412311 -0.044658229291698132 -0.044622058636107242 0.0084913034366841944 0.000972711127157448 -6.2860096266519839e-05 -0.0034434636175938549 -0.0012193801024278062 0.027473997055310312 -0.0040237469676601889 0.0046345120994611879 -0.0043200720866117667 0.0074621222044632569 -0.023881301881589267 0.0072153153597113943 -0.0068973739443340329 -0.0050839348970883949 0.03872974036894266 -0.016298554628374356 0.062677305405082637 -0.0087988027423991418 0.011381957990162958 -0.0020128834485735707 0.069955921543162491 0.04157824657387852 -0.018401018916441646 0.12816931307802379 0.094396980084901258 0.031711730797394748 -0.041851788389375942 0.048982470479531123
leaf_weight=82.039692670106888 23.098310679197315 22.386044979095459 1034.0412594377995 2100.7131593674421 1528.6300087273121 1752.7743475884199 1910.7124301046133 60.859476298093796 534.96924611926079 141.58729392290115 848.606589846313 1427.5289046168327 28.192959815263748 1004.4092433601618 164.95082397758961 15.00266318023205 14.865053310990335 33.437786862254143 14.29444335401058 1580.1918256208301 130.29599925875664 1402.3906972706318 4.5396753102540961 3.7759034335613242 23.737516269087795 4.9904073476791373 6.4659061431884757 94.70970730483532 4.9393793344497672 6.9206175357103339
leaf_count=592 128 150 5285 11685 8429 10017 10455 304 2987 736 4681 7739 164 5232 879 80 78 174 72 9290 721 7711 25 21 124 26 33 492 26 36
internal_value=6.00917e-05 0.0023037 0.00242127 -0.0027909 -0.00253695 -0.00405207 0.00162683 0.00255746 0.00413975 0.00382416 0.00190043 0.00438925 0.00685509 0.00755719 0.00522457 0.0151141 0.0218781 0.00437838 0.0279777 -0.00587919 -0.00100645 -0.00258691 -0.00325385 -0.0325418 0.0288873 0.0612092 0.0241951 0.0321071 0.0280654 -0.0031902
internal_weight=16006.1 8957.17 8934.78 7048.89 6966.85 4866.14 7900.74 6471.48 4560.76 4499.9 2969.59 2120.99 1455.72 1530.31 1169.36 360.951 219.363 62.7349 29.2971 3337.51 665.265 1429.26 1757.31 26.8742 156.629 19.8555 136.773 106.115 99.6491 30.6581
internal_count=88372 48334 48184 40038 39446 27761 42899 35039 24584 24280 16292 11611 7903 7988 6111 1877 1141 326 152 19332 3708 7860 10042 149 815 104 711 551 518 160
is_linear=0
shrinkage=0.05


Tree=86
num_leaves=31
num_cat=0
split_feature=18 9 54 19 42 52 54 42 18 53 11 52 16 52 54 20 28 33 19 2 15 13 19 53 20 15 35 35 30 21
split_gain=39.3707 24.3171 23.6443 20.1725 17.1646 15.6459 15.9438 15.314 14.6433 14.5543 13.1209 13.0592 13.7933 12.5294 12.8495 12.0965 11.4027 11.0556 10.9524 10.7816 10.6618 10.9191 10.8485 13.6677 10.5313 10.1901 26.4995 10.0386 12.8726 11.049
threshold=4.535000000000001 7.6150000000000011 0.47500000000000009 4.745000000000001 31.400000000000002 -0.10499999999999994 0.25833333333333314 23.400000000000002 3.3950000000000005 5.6855000000000002 1.0000000180025095e-35 0.29000000000000031 6.9050000000000011 1.02 1.1283333333333327 3.9850000000000008 69.100000000000009 29.700000000000003 5.4650000000000007 2.5000000000000004 6.8950000000000005 6.9750000000000005 5.1350000000000007 5.8573333333333339 6.0750000000000011 7.0650000000000004 12.950000000000001 39.000000000000007 19.700000000000003 3.6950000000000007
decision_type=10 8 8 8 2 8 10 2 10 2 10 8 10 10 10 10 2 2 10 8 8 10 10 2 8 10 2 2 2 10
left_child=3 2 5 7 13 6 19 -1 -5 10 -10 12 20 18 -15 -7 -9 -17 -4 25 22 -22 -6 -24 27 -2 -27 29 -29 -12
right_child=1 -3 4 8 11 15 -8 16 9 -11 24 -13 -14 14 -16 17 -18 -19 -20 -21 21 -23 23 -25 -26 26 -28 28 -30 -31
leaf_value=-0.0020626005770057998 0.0026227495802030381 -0.050034654215417897 0.0090775566819344903 -0.017701353505747419 0.051347707419138411 -0.012953013294058591 0.012114886873437404 0.006567004115038598 0.081339985388046057 -0.022693165728487615 0.0031351678150792618 0.0092975129288471077 0.086303135112414969 -0.0027924246133556522 0.0041343827828012021 -0.0014211255337755098 0.035505093205261622 -0.017936476949282281 0.0017184082628895184 -0.0023132837086200816 -0.037960561227607957 0.039483471329413058 -0.028978575745685617 0.059191246175944547 -0.013473922196895152 0.14389940804920423 0.0069483146376844683 0.0030535578458451701 0.047685605932978506 -0.0066720058898034383
leaf_weight=1545.5146253556013 2308.7995790690184 22.892988845705986 1236.8838277161121 289.49996487796307 35.05381353199482 283.5507385134697 332.4817306548357 224.0939590036869 4.4226769506931296 118.93745206296444 378.23317003250122 417.97762757539749 9.9298747181892377 1252.3648663312197 1438.5793960094452 2526.0715050250292 40.138643473386765 105.56630700826645 855.12221094965935 1693.6307963728905 11.923632740974428 7.3614943325519553 11.677247747778894 7.0484753400087348 301.81263235211372 4.5922550559043911 15.302012935280798 81.474505990743637 20.150859296321869 1193.1728911995888
leaf_count=8352 12176 139 6072 1797 157 1527 1655 1177 21 674 1976 2019 46 6567 7283 13549 202 569 4335 8942 55 33 54 33 1720 24 81 441 109 6587
internal_value=5.07898e-05 0.00145019 0.00154408 -0.00414224 0.00408934 -0.000305847 0.00159196 -0.000160811 -0.00715994 -0.00570548 -0.00468466 0.0128948 0.0310112 0.00316705 0.000910648 -0.00314086 0.0109629 -0.00208363 0.00606945 0.000722145 0.0234967 -0.00839872 0.0349343 0.00420908 -0.00487732 0.00292978 0.0385612 -0.0033265 0.0119035 -0.00431145
internal_weight=16774.3 12576.8 12553.9 4197.45 5283.92 7269.99 4354.81 1809.75 2387.7 2098.2 1979.27 500.972 82.9945 4782.95 2690.94 2915.19 264.233 2631.64 2092.01 4022.32 73.0647 19.2851 53.7795 18.7257 1974.84 2328.69 19.8943 1673.03 101.625 1571.41
internal_count=88372 65316 65177 23056 26654 38523 22878 9731 13325 11528 10854 2397 378 24257 13850 15645 1379 14118 10407 21223 332 88 244 87 10833 12281 105 9113 550 8563
is_linear=0
shrinkage=0.05


Tree=87
num_leaves=31
num_cat=0
split_feature=19 43 37 19 20 19 54 21 3 21 7 53 53 11 43 3 41 41 17 22 28 52 41 53 20 17 36 17 20 20
split_gain=140.832 52.7769 32.0814 27.9504 24.9205 21.5201 17.3168 16.4416 15.9886 13.3841 13.1571 12.6196 11.4389 11.1634 11.2292 15.1857 11.4917 13.6534 10.6121 13.3513 10.4728 12.3165 10.4683 10.4652 12.7388 11.2601 10.3444 10.3206 10.1546 10.1414
threshold=3.4350000000000005 20.950000000000006 20.750000000000004 2.1050000000000004 5.1950000000000012 5.3050000000000006 -0.045000000000000345 4.4850000000000012 27.850000000000005 5.9750000000000005 7.0650000000000004 4.1925000000000017 4.5025000000000022 7.3150000000000004 35.150000000000006 25.050000000000004 15.200000000000001 31.900000000000002 2.9350000000000005 19.500000000000004 85.15000000000002 0.68000000000000005 51.45000000000001 6.3941666666666679 4.8150000000000004 6.4250000000000007 10.400000000000002 3.2950000000000004 1.6050000000000002 5.5650000000000004
decision_type=10 2 2 10 10 10 10 10 10 10 8 2 2 8 2 8 2 2 8 2 2 10 2 2 10 10 2 10 10 10
left_child=3 2 4 -1 9 12 7 -3 10 -2 22 -5 -6 14 -8 16 -16 28 19 -14 21 23 -4 24 -17 29 -19 -10 -18 -26
right_child=1 6 8 11 5 -7 13 -9 27 -11 -12 -13 18 -15 15 20 17 26 -20 -21 -22 -23 -24 -25 25 -27 -28 -29 -30 -31
leaf_value=-0.031370118011515284 0.0016532889875781388 0.010273378208896494 0.0051233692121167365 -0.0011559199973998518 0.0050720446361701907 -0.0012758567067703026 0.0066775728022001107 -0.0014757732907308416 0.033021084439564551 -0.0052106339296921836 -0.017443358851846995 -0.016716044318892564 0.10356217722814172 -0.050259072489547932 0.019374779204377111 0.023992961863479975 0.066184664668804183 0.093575719772929042 -0.010805313375902915 0.0054425006214989004 0.085684511129372476 0.012052033517605885 0.052017763581386427 0.00071368748816562962 0.006736996721275635 0.12655155175352559 0.01806561625325517 -0.0046205327838471566 -0.0065030981002210317 0.088500299530778412
leaf_weight=288.55577245354652 3072.7572517246008 395.10643507540226 2801.5624121725559 172.85187366604805 128.9914214015007 1494.2208736538887 2567.8593457639217 1208.6038388609886 18.709754303097725 923.70418162643909 64.92884549498558 529.37971192598343 4.2125678807497051 8.2473082542419416 162.07249036431313 18.263650506734848 4.9564663469791403 5.7401848882436779 1741.172081515193 19.588408261537552 7.8254225254058829 68.830011755228043 11.951511189341543 11.023794412612913 6.4999748319387463 8.2898262739181501 21.613707974553108 681.60782577097416 157.05841295421124 9.104619160294531
leaf_count=2200 15918 1948 14558 973 697 7813 12781 6290 96 5108 341 3423 24 49 776 83 23 27 10053 112 36 319 61 53 30 39 105 3618 775 43
internal_value=1.08979e-05 0.00117009 -0.000724697 -0.0182693 -0.00260759 -0.00576214 0.00562683 0.00141887 0.00316059 6.6827e-05 0.00480904 -0.012886 -0.00930154 0.00783406 0.00799119 0.015 0.00960161 0.00123718 -0.010352 0.0228088 0.0296122 0.0260159 0.00532257 0.0440885 0.0554305 0.0794596 0.0339113 -0.0036149 -0.00427939 0.0544424
internal_weight=16615.3 15624.5 10963.4 990.787 7384.65 3388.19 4661.1 1603.71 3578.76 3996.46 2878.44 702.232 1893.96 3057.39 3049.14 481.279 351.441 189.369 1764.97 23.801 129.837 122.012 2813.51 53.1819 42.1581 23.8944 27.3539 700.318 162.015 15.6046
internal_count=88372 81776 58399 6596 39725 18699 23377 8238 18674 21026 14960 4396 10886 15139 15090 2309 1706 930 10189 136 603 567 14619 248 195 112 132 3714 798 73
is_linear=0
shrinkage=0.05


Tree=88
num_leaves=31
num_cat=0
split_feature=20 20 53 53 20 44 53 21 20 13 38 18 30 44 38 52 27 17 19 20 30 32 44 28 35 20 12 32 17 28
split_gain=287.222 105.257 39.7345 32.8594 25.8562 22.1281 18.9195 16.3585 13.5738 14.6769 13.1206 12.6827 14.7094 12.4039 11.3785 11.9243 11.3233 11.3401 15.5892 11.021 10.9578 10.7456 10.7744 19.4578 11.8543 11.9443 10.744 10.5702 11.3914 18.5258
threshold=2.8050000000000002 4.8350000000000009 4.4075000000000015 5.3055000000000012 1.6050000000000002 17.250000000000004 5.2391666666666685 6.2950000000000008 4.455000000000001 6.6550000000000011 36.600000000000001 6.5050000000000008 15.300000000000002 15.200000000000001 5.1500000000000012 0.90999999999999959 27.500000000000004 4.7650000000000006 4.2650000000000006 3.8650000000000007 31.100000000000005 47.750000000000007 36.600000000000001 73.200000000000003 16.500000000000004 6.6850000000000014 1.7500000000000002 27.100000000000005 7.2950000000000008 79.000000000000014
decision_type=10 10 2 2 10 2 2 10 10 8 2 10 2 2 2 10 2 8 10 10 2 2 2 2 2 10 8 2 10 2
left_child=4 2 13 7 -1 26 8 10 9 20 21 -10 16 19 15 -11 -13 18 -18 -2 -4 22 -3 24 -24 -26 27 -5 -29 -30
right_child=1 3 6 5 -6 -7 -8 -9 11 14 -12 12 -14 -15 -16 -17 17 -19 -20 -21 -22 -23 23 -25 25 -27 -28 28 29 -31
leaf_value=-0.038151172592482685 -0.0052395529619722239 0.007623411772969952 0.011054116481140913 -0.0010751822193063617 -0.020697896092295234 0.0059730088862254482 -0.011697517341124578 -0.003576800003249639 -0.00076952741477228194 -0.015391942546833593 0.023859094989029564 0.12064335069631044 0.0064121837619526625 0.022314541778044449 -0.0026773916954229331 -0.0041915307123343406 -0.007401002764458234 -0.013326002905610177 0.13072347245265425 0.0074215831593316007 0.087632450795326292 0.061014227344459208 0.0096203860375241677 -0.048816651803146968 0.050998227253332633 0.0040730784690722046 -0.030964342686812852 0.0060275410498722426 0.014977552598833611 0.11959207880813982
leaf_weight=355.70283895730972 260.44031637907028 3544.5821744352579 55.219703570008278 3021.4332683235407 526.00049280375242 2250.0517169386148 1255.7946818172932 283.37548840045929 760.62725509703159 605.50144556164742 140.6847318559885 5.2511922419071224 46.379367813467979 94.514931738376617 699.57735556364059 391.13445393741131 3.4696000963449443 6.6675180345773706 4.967458575963974 505.42900221049786 5.1031614243984214 9.6429461091756803 58.061775788664818 9.1543078273534757 56.626897796988487 17.831142172217369 28.571295365691185 289.7466231584549 15.195002853870394 5.8654170036315909
leaf_count=3218 1523 18177 345 17160 3986 12132 8313 1583 4457 3872 662 30 266 463 4286 2447 20 38 29 2695 32 48 275 43 269 82 170 1632 86 33
internal_value=-3.51887e-05 0.00165747 -0.00448683 0.00462522 -0.027739 0.00213546 -0.00666303 0.00801595 -0.00421623 -0.00670338 0.00887221 0.00106413 0.0219637 0.00522505 -0.00756529 -0.0109963 0.0573967 0.0354087 0.0739221 0.00311606 0.0175324 0.00830173 0.00816384 0.0216849 0.0265551 0.0397606 -0.000433759 -0.000171983 0.00860824 0.0441131
internal_weight=15312.6 14430.9 4700.08 9730.82 881.703 5610.86 3839.69 4119.96 2583.9 1756.54 3836.58 827.362 66.7351 860.384 1696.21 996.636 20.3558 15.1046 8.43706 765.869 60.3229 3695.9 3686.26 141.674 132.52 74.458 3360.81 3332.24 310.807 21.0604
internal_count=88372 81168 28816 52352 7204 31213 24135 21139 15822 10982 19556 4840 383 4681 10605 6319 117 87 49 4218 377 18894 18846 669 626 351 19081 18911 1751 119
is_linear=0
shrinkage=0.05


Tree=89
num_leaves=31
num_cat=0
split_feature=21 21 53 21 53 21 53 33 39 45 53 39 53 33 19 32 22 13 15 53 21 15 33 29 34 21 7 26 44 45
split_gain=510.238 150.276 54.0857 49.2547 40.6805 31.0363 25.2487 20.4506 20.3596 22.3773 19.7277 18.9669 16.8466 14.2889 14.0788 13.5541 12.1024 11.8123 13.5468 12.5546 18.3255 20.1956 11.8516 11.7151 14.4577 13.7476 14.4317 11.0249 10.693 10.7867
threshold=3.4950000000000006 5.0450000000000008 5.5808333333333353 2.0150000000000001 5.3718333333333339 6.2550000000000008 6.0075000000000012 31.000000000000004 12.750000000000002 19.600000000000005 4.2925000000000013 14.650000000000002 4.701833333333334 20.950000000000006 7.6950000000000012 5.8000000000000016 8.5000000000000018 7.1250000000000009 7.0850000000000009 5.1273333333333353 5.8450000000000006 6.6050000000000013 18.050000000000001 5.7500000000000009 45.850000000000009 4.745000000000001 6.5050000000000008 34.500000000000007 17.500000000000004 43.350000000000001
decision_type=10 10 2 10 2 10 2 2 2 2 2 2 2 2 10 2 2 8 8 2 10 10 2 2 2 10 10 2 2 2
left_child=3 4 7 -1 11 -4 -7 8 9 14 -5 12 13 -2 17 16 -13 18 19 -3 21 -21 -19 24 -14 26 -25 -15 29 -8
right_child=1 2 5 10 -6 6 28 -9 -10 -11 -12 15 23 27 -16 -17 -18 22 -20 20 -22 -23 -24 25 -26 -27 -28 -29 -30 -31
leaf_value=-0.036234396648818827 0.0012043654739536615 0.0097970131119383633 -0.003048743747818319 -0.0037247854076143346 -0.014300772195025423 0.015165403113224181 0.0062677679577951579 0.025918658506264271 0.014781697631033236 0.024317359715507678 -0.022852672603007405 0.11166285919094701 0.00051184218955473962 0.075356000037905824 0.095967114563020872 0.001107284415233758 0.025332770041221104 0.020517113930357649 -0.018951004757344431 0.068171808329764744 0.0089778728684371915 -0.0028283030023792967 0.08985578505207692 0.089179460292236057 0.099559896279020843 0.00062654535763246504 -0.011242952184539363 0.010577944222691888 -0.0023822385744841769 0.077146818808065759
leaf_weight=782.00257416069508 972.08005914837122 1507.0840756297112 1539.6087052300572 178.5213000997901 881.62247946113348 583.54015126824379 681.59194792807102 203.41178075969219 1403.6947225630283 188.9859314262867 550.37020982056856 4.3105039000511161 423.26741255074739 11.442641273140909 4.4013045430183402 85.131172440946102 69.749362751841545 36.359063550829887 52.980837062001228 10.145464330911635 751.27250589430332 782.77065521478653 7.4203511178493491 3.5898117572069159 3.7165834605693808 342.14384725689888 1055.0571757629514 15.419849187135695 582.67556071281433 5.4103835523128501
leaf_count=7813 6086 8053 10070 1332 6713 3088 4180 1028 7393 974 4589 25 2943 63 24 547 429 205 298 61 4021 4789 40 22 26 2217 7592 87 3636 28
internal_value=-0.000108989 0.00328306 0.0070603 -0.0275187 -0.00486357 0.00219791 0.0065567 0.0103941 0.00972857 0.00760581 -0.0181678 -0.00207713 -0.00302282 0.00219845 0.00660396 0.0147152 0.0303574 0.00647902 0.0061153 0.00655054 0.00338207 -0.00191985 0.0322696 -0.00587643 0.00137398 -0.00808647 -0.0109024 0.0381715 0.00260017 0.00682597
internal_weight=13719.8 12208.9 8341.35 1510.89 3867.53 3392.83 1853.22 4948.53 4745.11 3341.42 728.892 2985.91 2826.72 998.943 3152.43 159.191 74.0599 3148.03 3104.25 3051.27 1544.19 792.916 43.7794 1827.77 426.984 1400.79 1058.65 26.8625 1269.68 687.002
internal_count=88372 74638 47888 13734 26750 21002 10932 26886 25858 18465 5921 20037 19036 6236 17491 1001 454 17467 17222 16924 8871 4850 245 12800 2969 9831 7614 150 7844 4208
is_linear=0
shrinkage=0.05


Tree=90
num_leaves=31
num_cat=0
split_feature=16 28 40 40 28 40 40 54 8 11 31 26 44 11 7 12 43 11 22 42 20 38 19 42 37 29 28 29 2 18
split_gain=147.984 39.5092 22.875 18.8013 17.586 13.8822 16.5962 13.2554 11.9779 16.4221 11.2891 12.4797 14.8953 12.2949 11.43 11.2736 11.5213 13.9673 12.7422 10.455 10.3894 14.9237 10.1745 10.1595 15.6193 18.1834 11.6611 11.1186 10.4593 10.1768
threshold=5.955000000000001 42.20000000000001 19.600000000000005 6.8000000000000016 79.000000000000014 6.1500000000000012 27.100000000000005 -0.52166666666666617 0.75000000000000011 6.785000000000001 39.000000000000007 17.500000000000004 9.3000000000000025 6.8450000000000006 7.3450000000000006 1.2500000000000002 15.200000000000001 6.7950000000000008 48.500000000000007 44.20000000000001 6.6950000000000012 8.1500000000000021 6.035000000000001 7.4000000000000012 31.700000000000006 6.0500000000000016 6.4500000000000011 22.000000000000004 1.0000000180025095e-35 6.9750000000000005
decision_type=8 2 2 2 2 2 2 10 10 8 2 2 2 10 10 10 2 8 2 2 10 2 10 2 2 2 2 2 8 10
left_child=1 2 10 7 5 8 20 -3 22 -10 14 -12 -13 -14 -1 -5 17 18 -17 23 -7 -22 -2 24 28 -26 -25 -27 -4 -28
right_child=4 3 19 15 -6 6 -8 -9 9 -11 11 12 13 -15 -16 16 -18 -19 -20 -21 21 -23 -24 26 25 27 29 -29 -30 -31
leaf_value=0.0055810011961184899 -0.015649443138462001 0.010453995869287367 -0.019886248409703655 0.0023117916479635245 -0.01725884357460573 -0.00428118179968273 -0.023707200180189594 -0.010267588426976473 0.1254224170397891 -0.0037391518943394389 0.12163034182463933 -0.0073313821368532015 0.019861585887872856 0.14004663169741507 0.096751594032173038 0.2308784219821739 -0.014977875379219832 0.019549032052811117 0.061573760105596648 0.1054946168831223 0.035944704790857575 0.0014606306606393862 -0.0059212599362315731 0.09509492264156888 0.17825428469420568 0.00041921984311775896 0.0099571932824996431 0.10298710861156005 0.024335749437235654 0.042774414584977813
leaf_weight=2381.9079978838563 671.92536025494337 89.823868662118912 14.396009027957914 1748.7819418609142 509.85040188580751 1146.8213538601995 98.221426881849766 548.14517766982317 3.7640498355030987 7.1085241809487352 3.8615134134888676 14.031038217246534 4.522139832377432 4.0192989185452461 3.4427449479699126 2.1664238125085804 4.7919689267873755 4.5672641992568979 2.2819364368915558 3.2412830516695967 38.57686921954155 168.04970107972622 447.9641201198101 4.1917709633707991 3.3038958087563506 6.1889409571886045 540.68104369938374 4.6105810031294823 187.79252065718174 24.702987879514694
leaf_count=21776 7964 921 111 17129 6515 13041 1173 5876 34 75 34 126 41 36 25 21 46 44 20 23 405 1819 5198 31 23 46 4177 32 1431 179
internal_value=7.02531e-06 0.00485391 0.00849046 4.96083e-06 -0.00877278 -0.00709737 -0.00386191 -0.00735006 -0.011251 0.0409762 0.0060727 0.0385684 0.0243588 0.0764164 0.00571259 0.00266711 0.0476694 0.0809676 0.144028 0.01588 -0.00242171 0.00789876 -0.0117581 0.0155104 0.0247358 0.0756099 0.0120071 0.044208 0.0211871 0.0113911
internal_weight=8693.73 5601.45 3200.89 2400.56 3092.28 2582.43 1451.67 637.969 1130.76 10.8726 2411.78 26.434 22.5725 8.54144 2385.35 1762.59 13.8076 9.01562 4.44836 789.109 1353.45 206.627 1119.89 785.868 216.292 14.1034 569.576 10.7995 202.189 565.384
internal_count=88372 52148 28091 24057 36224 29709 16438 6797 13271 109 22038 237 203 77 21801 17260 131 85 41 6053 15265 2224 13162 6030 1643 101 4387 78 1542 4356
is_linear=0
shrinkage=0.05


Tree=91
num_leaves=31
num_cat=0
split_feature=41 17 7 7 54 20 17 22 35 31 23 28 53 20 5 34 20 9 42 25 21 24 42 3 54 19 32 18 38 44
split_gain=37.6849 16.905 16.5259 14.3276 14.3387 11.7779 13.3522 12.594 11.2909 10.9593 10.8316 13.6946 10.3798 11.0784 10.1441 9.76026 15.3656 10.0185 9.76882 10.4125 9.64756 10.044 9.81843 9.50444 11.9334 10.3183 9.84004 9.54048 9.24445 8.89335
threshold=18.900000000000002 2.5350000000000006 7.3950000000000005 7.3450000000000006 -0.38500000000000018 4.0050000000000008 4.0050000000000008 71.500000000000014 17.500000000000004 38.300000000000004 16.500000000000004 88.350000000000009 5.1608333333333354 7.4250000000000007 6.9350000000000014 30.600000000000005 6.8850000000000007 6.8250000000000011 30.200000000000003 70.500000000000014 7.2150000000000007 59.500000000000007 41.45000000000001 19.950000000000003 -0.28666666666666568 7.7950000000000008 19.600000000000005 6.2350000000000012 35.150000000000006 23.300000000000004
decision_type=2 8 8 8 10 8 10 2 2 2 2 2 2 10 8 2 10 8 2 2 8 2 2 8 10 8 2 8 2 2
left_child=1 -1 5 4 -2 14 12 9 -6 23 -9 -12 -7 -14 -3 20 17 18 19 -17 22 28 29 25 -25 -8 -27 -26 -22 -10
right_child=3 2 -4 -5 8 6 7 10 15 -11 11 -13 13 -15 -16 16 -18 -19 -20 -21 21 -23 -24 24 27 26 -28 -29 -30 -31
leaf_value=-0.023526536076275095 -0.0014628383797166676 0.0034030695503132107 -0.04773940325548446 -0.045643397771329926 0.0010842769031594735 -0.0054195552334672823 -0.00087159448437371101 -0.019027019486424643 0.0088513475300439036 0.01337891779719623 0.0093785151458703406 0.10449681968334211 -0.020462335026394829 0.057536866376233259 -0.0076390679282343429 -0.0035582569380213525 0.062138585530879469 -0.015524916052909855 0.046776645253821025 0.06074330029506067 0.0050263079710244664 -0.031789622948399078 -0.021338748759402858 -0.0099257341217183562 -0.0045839194027780536 0.017095647291313968 0.10384002254184206 0.0029669997259481147 -0.051807581591289245 0.00088275293980406573
leaf_weight=89.779111362993717 1345.8999337255955 1595.3682356923819 19.474387809634209 15.094197064638136 1749.415203794837 682.22544032335281 3249.1757102161646 34.381450310349464 2503.1993574798107 110.28833512961864 304.53576563298702 3.8316886872053137 187.68258480727673 4.6655414849519721 239.1726910173893 117.15161247551441 8.7360311746597272 124.48600625991821 12.208550751209257 6.6533540040254584 100.80280748009682 29.778409421443939 29.32803550362587 768.41751226782799 1679.6690521538258 15.252290740609171 4.1612488180398932 557.05703388154507 7.7016025483608237 407.08148604631424
leaf_count=656 7489 8734 147 102 9263 3989 18242 192 12925 618 1698 20 1152 29 1311 624 45 667 66 35 530 157 154 4552 9485 83 22 3181 41 2163
internal_value=6.3408e-05 -0.00193231 -0.00172727 0.00301336 0.00312736 -0.00163231 -0.00250014 -0.00174453 0.00433954 -0.00224582 0.00759249 0.0105604 -0.00831187 -0.0185704 0.00196348 0.00604095 -0.00308809 -0.00527551 0.00410523 -0.000102652 0.0068395 -0.00606713 0.00744664 -0.00252049 -0.00455013 -0.000654445 0.0356891 -0.00270336 0.00099226 0.00773672
internal_weight=16002.7 9545.14 9455.36 6457.54 6442.44 9435.88 7601.34 6726.77 5096.54 6384.02 342.749 308.367 874.574 192.348 1834.54 3347.13 269.236 260.5 136.014 123.805 3077.89 138.283 2939.61 6273.73 3005.14 3268.59 19.4135 2236.73 108.504 2910.28
internal_count=88372 54111 53455 34261 34159 53308 43263 38093 26670 36183 1910 1718 5170 1181 10045 17407 1437 1392 725 659 15970 728 15242 35565 17218 18347 105 12666 571 15088
is_linear=0
shrinkage=0.05


Tree=92
num_leaves=31
num_cat=0
split_feature=18 9 42 54 21 17 36 17 31 27 19 39 20 3 34 20 52 18 28 41 29 4 48 53 5 3 17 4 2 20
split_gain=36.7286 27.7001 27.3459 17.9561 14.893 18.2535 14.6676 13.9764 12.6954 12.5965 12.3362 11.6599 11.2119 11.152 10.9472 10.8197 13.7302 10.4531 10.4058 12.3679 10.3712 10.2398 10.0481 18.342 12.8963 12.3212 13.619 14.268 11.4515 11.263
threshold=3.9350000000000005 7.4850000000000012 22.050000000000001 0.031666666666666454 4.1450000000000005 5.785000000000001 13.150000000000002 6.0750000000000011 38.70000000000001 50.500000000000007 6.9150000000000009 22.450000000000003 5.2150000000000007 8.5500000000000025 31.100000000000005 6.4050000000000011 1.3400000000000007 7.0150000000000006 33.95000000000001 10.600000000000001 10.950000000000001 -1.0000000180025095e-35 2.5000000000000004 4.6833333333333353 6.8450000000000006 16.050000000000004 5.4150000000000009 -1.0000000180025095e-35 17.500000000000004 1.1050000000000002
decision_type=10 8 2 10 10 8 2 10 2 2 10 2 10 8 2 10 8 10 2 2 2 8 2 2 8 8 10 10 8 10
left_child=6 2 4 8 -2 17 13 -5 11 15 -7 20 -8 14 -1 -9 -17 22 19 -11 -4 -22 23 24 29 -26 -27 -28 -24 -6
right_child=1 -3 3 7 5 10 12 9 -10 18 -12 -13 -14 -15 -16 16 -18 -19 -20 -21 21 -23 28 -25 25 26 27 -29 -30 -31
leaf_value=0.012880647659173079 0.0028668041806830372 -0.04814050458060784 -0.0036495892894171413 0.0044068394876596254 0.048239458227627208 0.0024815426312136913 0.0034430049497812532 0.021336910136113659 -0.035369911532129275 -0.019695935199660231 -0.0058703081394805637 -0.012454792108822506 -0.010502650001523679 -0.012947889990430606 -0.038294268173694079 0.002697536999556059 0.091488957050895714 -0.015237381830399788 -0.00057972815722585024 0.04438716663403814 0.0010632996269039617 0.011881002972210166 -0.00067742367024957407 -0.0073981466257778796 0.030618784633813019 -0.00053399605155156642 0.13300010904336612 0.0034349773346782557 0.060987648418582154 -0.0045420619704200126
leaf_weight=75.442983463406563 2539.2110810577869 28.850275367498398 528.85101678967476 2051.9748212248087 10.442584171891211 2948.3587050884962 417.86238599568605 371.69479581713676 24.962452679872513 10.236448019742964 520.13493195176125 155.51884673535824 220.01096664369106 849.47712276875973 12.130648240447043 144.20931558310986 4.4894013255834571 184.04548780620098 230.32628272473812 28.469217360019684 584.31476663053036 349.66705015301704 1996.1609323620796 1971.2682527154684 67.927075430750847 113.40978275239468 4.049317479133606 4.47088974714279 7.5572547763586035 314.71488745510578
leaf_count=414 13001 178 2830 10258 54 15306 2318 1763 136 49 2788 849 1301 4956 70 726 22 987 1110 136 3054 1817 10720 10793 361 608 21 23 41 1682
internal_value=5.28048e-05 0.000806121 0.000899229 0.00417586 -0.000476459 -0.00151904 -0.0072154 0.0065819 1.56594e-05 0.0122356 0.0012291 0.000561468 -0.00136704 -0.0111965 0.00579193 0.0167768 0.00537826 -0.00355836 0.00345136 0.0274392 0.00194527 0.00511327 -0.00307964 -0.00520304 0.00319892 0.0135534 0.00404623 0.0650122 -0.000444847 -0.00284696
internal_weight=16770.2 15195.3 15166.5 4484.71 10681.8 8142.54 1574.92 2841.4 1643.31 789.425 3468.49 1618.35 637.873 937.051 87.5736 520.394 148.699 4674.05 269.032 38.7057 1462.83 933.982 4490 2486.28 515.015 189.857 121.93 8.52021 2003.72 325.157
internal_count=88372 79313 79135 22750 56385 43384 9059 14064 8686 3806 18094 8550 3619 5440 484 2511 748 25290 1295 185 7701 4871 24303 13542 2749 1013 652 44 10761 1736
is_linear=0
shrinkage=0.05


Tree=93
num_leaves=31
num_cat=0
split_feature=19 19 19 53 11 43 37 3 53 20 18 25 54 28 23 23 44 19 9 21 40 54 19 31 20 43 3 30 17 44
split_gain=130.013 48.0555 27.2062 26.3573 24.9604 24.2772 19.8822 15.4464 14.2497 13.1924 12.6324 12.5663 11.9273 11.8057 11.5918 14.9131 11.8585 11.4749 13.788 12.6133 11.222 10.6298 10.5855 10.5328 10.374 10.1853 10.1798 10.8264 19.5678 12.7815
threshold=3.4350000000000005 4.8050000000000006 1.7850000000000004 4.7691666666666679 6.4450000000000012 27.100000000000005 15.600000000000003 16.250000000000004 4.4225000000000021 5.1950000000000012 4.785000000000001 35.500000000000007 1.8741666666666668 68.90000000000002 19.500000000000004 25.500000000000004 6.9000000000000012 5.3850000000000007 6.4850000000000012 6.8050000000000006 8.9500000000000011 1.3366666666666676 7.1950000000000012 14.750000000000002 6.8750000000000009 10.800000000000002 8.9500000000000011 31.900000000000002 5.7750000000000012 5.7500000000000009
decision_type=10 10 8 2 10 2 2 8 2 10 10 2 10 2 2 2 2 10 10 8 2 8 10 2 8 2 8 2 10 2
left_child=2 3 -1 -2 -3 9 12 -7 25 22 13 -12 -5 23 -15 -16 -17 19 -19 -11 21 -18 26 -8 -9 -4 -6 29 -29 -28
right_child=1 4 8 6 5 7 10 24 -10 17 11 -13 -14 14 15 16 20 18 -20 -21 -22 -23 -24 -25 -26 -27 27 28 -30 -31
leaf_value=-0.035379234256665802 0.00154936869458822 -0.050308552794858713 -0.010139093871213544 -0.0099255994736748079 0.011774224082604525 0.0027285157613876447 0.012418265380346178 0.012927328774106761 -0.01926878236018733 -0.0031249073714347698 -0.01130275221721307 0.0026237817435289809 0.01100230510112972 -0.018487979532934386 0.12304678978305682 0.0021192245667791256 0.049786047203701084 0.057693619534796528 0.0012106037982871343 -0.025684135968727179 0.0074957226752965598 0.15197743350908532 -0.010083093391885303 -0.012090288270746747 -0.0020144493251462404 0.011910226979417552 0.0048103461470798622 0.0046594233637022638 0.034161459091573788 -0.0016580576100702514
leaf_weight=177.7888006195426 1784.3025451600552 21.998171791434288 258.16063697636127 1819.4611704349518 409.52682121098042 880.23845857381821 130.69105918705463 1119.30229601264 474.71211998164654 1020.3076853007078 297.94891420006752 354.94853998720646 70.728170827031136 9.1793654412031156 5.1705721318721762 16.724977865815163 5.9686467051506078 10.837929487228392 3504.225643903017 65.967414826154709 6.0005977749824515 4.4359433948993665 132.20044034719467 65.964247316122055 129.61932767927647 65.704689517617226 2360.476119980216 199.37580116093159 78.270362168550491 1128.9724006354809
leaf_count=1437 9444 130 1542 10540 2060 4377 748 5254 3233 5562 1684 2007 376 51 29 90 34 54 18149 378 34 25 664 377 660 384 11883 1006 396 5764
internal_value=1.09303e-05 0.00111647 -0.0176902 -0.00319569 0.00289864 0.00300467 -0.00623335 0.0078013 -0.0137521 0.00185847 -0.000103285 -0.00373157 -0.00914251 0.00959994 0.0319767 0.0440713 0.0317457 -3.29791e-06 0.00138476 -0.00449489 0.0619498 0.0933548 0.00384664 0.00419734 0.0113766 -0.0056658 0.00428755 0.00347366 0.0129763 0.00271757
internal_weight=16609.2 15632.8 976.366 4571.52 11061.3 11039.3 2787.22 2129.16 798.577 8910.16 897.033 652.897 1890.19 244.135 47.4801 38.3007 33.1302 4601.34 3515.06 1086.28 16.4052 10.4046 4308.82 196.655 1248.92 323.865 4176.62 3767.09 277.646 3489.45
internal_count=88372 81776 6596 25439 56337 56207 15995 10291 5159 45916 5079 3691 10916 1388 263 212 183 24143 18203 5940 93 59 21773 1125 5914 1926 21109 19049 1402 17647
is_linear=0
shrinkage=0.05


Tree=94
num_leaves=31
num_cat=0
split_feature=20 20 53 51 20 44 13 32 38 13 46 5 9 19 38 41 19 28 26 21 12 22 16 14 17 20 35 22 21 18
split_gain=268.091 95.5337 36.3785 29.6628 25.5454 19.124 17.7203 14.2913 13.7485 13.0453 12.9896 12.3313 11.9699 11.5688 11.36 13.5866 11.7117 13.6978 11.2531 11.7922 13.2967 13.191 11.8746 11.8373 12.1468 11.2523 11.2117 10.6273 10.5901 10.4964
threshold=2.8050000000000002 4.8350000000000009 4.6158333333333355 2.5000000000000004 1.6050000000000002 23.300000000000004 7.4200000000000008 5.1500000000000012 31.900000000000002 6.7550000000000008 3.5000000000000004 7.2750000000000012 6.8250000000000011 6.8350000000000009 27.100000000000005 11.250000000000002 4.9250000000000007 84.90000000000002 9.5000000000000018 5.5050000000000008 -1.0000000180025095e-35 46.500000000000007 5.0850000000000009 1.0000000180025095e-35 7.3550000000000013 7.4050000000000011 24.800000000000004 12.500000000000002 4.4650000000000007 8.1150000000000002
decision_type=10 10 2 2 10 2 8 2 2 8 2 8 10 10 2 2 10 2 2 10 10 2 10 8 10 10 2 2 8 8
left_child=4 2 -2 6 -1 14 8 -4 10 -9 11 29 -10 25 16 18 17 -5 -16 20 -20 -22 -21 24 -24 -7 -25 -14 -13 -3
right_child=1 3 7 5 -6 13 -8 9 12 -11 -12 28 27 -15 15 -17 -18 -19 19 22 21 -23 23 26 -26 -27 -28 -29 -30 -31
leaf_value=-0.037685736898816866 0.0025234442457032955 0.0076572722825824294 -0.011043953611017917 0.0021495183236033056 -0.020108187390297554 0.0087613121369564863 -0.05020604806766911 0.0031138674111152497 0.0076666431244763536 -0.0066266429216692499 0.0019217814268413182 0.099188551693420071 -0.011998774643671963 -0.0022693665613558243 0.075412611415939607 0.00072709217316206112 -0.0038881880193709691 0.048142982742346192 0.015457373028436319 0.037414460085437022 0.044048896035294195 0.16289397974725678 -0.0063003867138753406 0.013363934123234651 0.056188558113556775 0.038213702617070994 0.11741641468936247 0.029395625487971519 -0.0031942977050804996 0.085494219919310319
leaf_weight=344.27949208021164 1380.7630989700556 3586.4447730779648 1371.5224685668945 894.98001101613045 517.23165678232908 825.71070615947247 13.51266674697399 447.46655656397343 193.4101328253746 1482.8603450208902 1208.7835584282875 6.8074199557304356 17.108538776636124 251.75406840443611 7.8878474086523047 404.47150304913521 1943.0921637862921 16.486357927322388 13.296700894832611 30.845042526721954 5.7248777896165848 3.9428797364234924 108.52752850949764 6.9167456924915296 8.3769741952419263 33.755369201302528 4.1374109834432602 165.46693727374077 4.0155940949916848 4.3364519327878943
leaf_count=3218 7566 18403 9003 4964 3986 4386 81 2815 955 9432 6428 31 86 1380 43 2252 11246 87 69 165 30 20 589 37 46 176 22 814 20 22
internal_value=-3.69685e-05 0.00157933 -0.00429158 0.0043961 -0.0271326 0.00145253 0.00697739 -0.00714147 0.00712638 -0.00436871 0.00640666 0.0079119 0.0163345 0.00715691 -0.000385512 0.00590466 -0.0016947 0.00298144 0.0169466 0.0144095 0.0478991 0.0925184 0.00956659 0.00285373 -0.00182264 0.00991805 0.0523093 0.0255167 0.0612021 0.00775127
internal_weight=15303.9 14442.4 4682.61 9759.79 861.511 4559.91 5199.89 3301.85 5186.37 1930.33 4810.39 3601.6 375.986 1111.22 3448.69 594.128 2854.56 911.466 189.656 181.768 22.9645 9.66776 158.804 127.959 116.905 859.466 11.0542 182.575 10.823 3590.78
internal_count=88372 81168 28816 52352 7204 25512 26840 21250 26759 12247 24904 18476 1855 5942 19570 3273 16297 5051 1021 978 119 50 859 694 635 4562 59 900 51 18425
is_linear=0
shrinkage=0.05


Tree=95
num_leaves=31
num_cat=0
split_feature=21 21 0 21 53 45 18 17 33 2 53 10 53 33 39 21 39 17 33 28 20 30 25 9 39 21 41 19 54 0
split_gain=475.637 136.364 50.5895 48.5248 37.9131 22.3667 21.4527 23.6076 20.4018 20.0749 19.9286 18.8663 18.7122 17.6608 17.7695 17.597 17.2802 15.6785 13.8536 13.6246 13.1722 14.0151 12.5348 12.3882 12.4675 13.8282 12.1109 12.1645 14.4256 12.0313
threshold=3.4950000000000006 5.0450000000000008 7.5000000000000009 2.0150000000000001 5.3718333333333339 20.550000000000004 4.7250000000000005 4.1450000000000005 29.000000000000004 17.500000000000004 6.1675000000000013 1.7500000000000002 4.2925000000000013 22.450000000000003 11.450000000000001 6.6850000000000014 14.650000000000002 4.8450000000000006 9.3000000000000025 77.600000000000009 1.2450000000000003 11.450000000000001 74.500000000000014 6.9650000000000007 17.050000000000001 6.8050000000000006 15.200000000000001 1.4750000000000003 2.4908333333333337 4.5000000000000009
decision_type=10 10 2 10 2 2 10 10 2 8 2 10 2 2 2 10 2 8 2 2 10 2 2 10 2 10 2 8 10 2
left_child=3 4 8 -1 16 6 23 -8 10 13 11 15 -5 14 -9 26 17 18 20 -10 21 -2 -15 24 -4 -26 27 -3 -29 -13
right_child=1 2 5 12 -6 -7 7 9 19 -11 -12 29 -14 22 -16 -17 -18 -19 -20 -21 -22 -23 -24 -25 25 -27 -28 28 -30 -31
leaf_value=-0.035761469410358973 -0.0043114898759865003 0.047973771295517394 0.0075646234216908111 -0.003557628619120744 -0.013838368632589923 0.015122384603855005 0.015662541742233999 -0.0068784492365522049 0.028404002028656884 0.064897278907504505 0.00024143182365026264 0.13328308060060295 -0.022253570315626015 0.0063217542012372983 0.0026571657695825986 0.01756218300347254 0.013961728031293308 -0.0065161666644377092 0.013756714566951701 -0.015158502845282879 -0.0019046224938711086 0.062157570714608715 0.062607196033495918 -0.0082396763198116212 0.017541202802606997 0.060447247788825764 0.0057452426518728736 0.011331238986623395 0.11077759190225792 0.01549063119418464
leaf_weight=757.47173722833395 15.052072048187258 23.339718416333199 545.04403702914715 177.94727588444948 871.82012888044119 326.71707881987095 207.84925711154938 1522.2435662746429 214.08541287481785 11.220118492841719 503.5533082485199 5.1397710144519788 539.88552141934633 371.14654919505119 719.47160492837429 739.80032195150852 160.73558156937361 1450.2478952556849 182.80168415606022 19.591455310583115 1154.683048479259 16.761428907513618 10.162415415048597 94.342857450246811 127.19351887702942 22.031534552574158 1478.5515663698316 1431.4134587794542 3.6559818238019934 3.7490104138851166
leaf_count=7813 86 118 3074 1332 6713 1820 1140 9543 1097 64 3138 28 4589 2221 4381 3694 1001 10000 1148 113 7708 94 60 527 689 110 8223 7809 18 21
internal_value=-0.000115052 0.00311947 0.00669864 -0.0269339 -0.00466707 0.00259172 0.00146412 -0.000560425 0.0103734 -0.00184046 0.00957132 0.010846 -0.0176189 -0.00212594 -0.00381802 0.0106701 -0.00198419 -0.00289323 0.000943891 0.0247517 -0.00103016 0.0307087 0.00782184 0.00876042 0.0110705 0.0238758 0.00893407 0.0121669 0.0115846 0.0836019
internal_weight=13707.7 12232.4 8380.3 1475.3 3852.1 3957.42 3630.71 2842.09 4422.88 2634.24 4189.2 3685.65 717.833 2623.02 2241.72 3676.76 2980.28 2819.55 1369.3 233.677 1186.5 31.8135 381.309 788.612 694.269 149.225 2936.96 1458.41 1435.07 8.88878
internal_count=88372 74638 47888 13734 26750 23629 21809 17409 24259 16269 23049 19911 5921 16205 13924 19862 20037 19036 9036 1210 7888 180 2281 4400 3873 799 16168 7945 7827 49
is_linear=0
shrinkage=0.05


Tree=96
num_leaves=31
num_cat=0
split_feature=16 28 40 40 40 11 28 26 1 28 54 28 3 5 27 3 31 40 21 21 42 28 23 17 34 20 3 22 24 15
split_gain=136.106 36.8537 26.2588 16.8067 16.3332 15.3446 13.0512 12.8238 13.6611 12.7169 12.9222 12.7096 13.0394 14.3801 18.2267 12.1985 15.9939 12.6415 13.3172 15.138 12.5294 14.3206 12.5093 12.0447 11.5241 13.5558 16.2598 14.7253 14.8108 14.5796
threshold=5.955000000000001 62.300000000000004 12.700000000000001 27.100000000000005 6.1500000000000012 6.5150000000000006 9.5500000000000025 68.500000000000014 4.5000000000000009 79.65000000000002 0.15000000000000077 27.550000000000004 11.350000000000003 7.0050000000000008 31.500000000000004 19.550000000000004 39.000000000000007 11.300000000000002 6.9150000000000009 7.2350000000000012 34.900000000000006 44.70000000000001 25.500000000000004 2.1950000000000007 27.100000000000005 1.5250000000000001 23.950000000000003 45.500000000000007 26.500000000000004 7.0450000000000008
decision_type=8 2 2 2 2 8 2 2 10 2 10 2 8 10 2 10 2 2 10 10 2 2 2 10 2 8 10 2 2 10
left_child=1 2 6 4 7 -6 -1 8 -2 -7 -11 24 13 -13 -15 16 23 -17 20 -20 -19 -22 -18 -8 25 26 -4 -27 29 -29
right_child=3 -3 11 -5 5 9 15 -9 -10 10 -12 12 -14 14 -16 17 22 18 19 -21 21 -23 -24 -25 -26 27 -28 28 -30 -31
leaf_value=0.0082168953745251332 -0.012580077277434126 -0.0059972268587267551 0.023307170636534265 -0.023650465371915591 0.15682844824121286 -0.0024701713899207577 0.084585629122526429 -0.028939532637326466 0.0017155088343520338 0.010581259001214611 -0.021279239546899573 -0.0027363650126496406 0.010096855979855292 0.13322375628683752 0.0058622940331024449 -0.0058881538206666988 0.15878564083342869 0.003896924745281272 0.13992505385793311 -0.023143531973337045 0.15541148155592827 -0.0062945813570377557 0.034091851338412194 0.0034228142484644206 0.0056475827467026493 0.010561208667608964 0.10777158711782309 0.042545004955873024 0.018919186136075905 0.16320235414855566
leaf_weight=787.60731094330549 1025.0959839001298 712.06153216958046 14.758557200431826 171.87998263537884 1.479620799422263 1355.3251546695828 4.5934861898422232 99.212061300873756 199.66862753778696 38.812209330499172 176.78721839934587 346.22104085981846 1116.5013051703572 4.4471854418516141 7.626612663269043 795.18913383036852 2.6778145954012862 114.17148348689079 4.0351747497916213 2.1986800208687782 2.9783969894051543 2.5339935123920441 8.0810772255063039 938.79748898744583 219.18695490062237 311.792405128479 9.280834421515463 63.177280396223068 151.67194577306509 2.6069968268275252
leaf_count=7199 12348 7600 114 2162 15 15331 45 1193 2381 496 2298 3071 9483 39 68 7903 24 1114 40 22 29 26 76 9311 1777 2458 66 488 1175 20
internal_value=1.05311e-05 0.00463307 0.00617466 -0.00845968 -0.00755821 -0.00411284 0.00281563 -0.0116501 -0.0102495 -0.00426443 -0.0155437 0.0101549 0.00743353 -0.000865787 0.0527738 0.000547101 0.00450932 -0.00355726 0.0111627 0.0824108 0.00745167 0.0810767 0.0651273 0.00381801 0.0153504 0.0191943 0.0559162 0.0175263 0.0275129 0.0473266
internal_weight=8690.46 5622.2 4910.14 3068.26 2896.38 1572.4 2662.86 1323.98 1224.76 1570.92 215.599 2247.27 1474.8 358.295 12.0738 1875.26 954.15 921.107 125.918 6.23385 119.684 5.51239 10.7589 943.391 772.475 553.288 24.0394 529.249 217.456 65.7843
internal_count=88372 52148 44548 36224 34062 18140 25789 15922 14729 18125 2794 18759 12661 3178 107 18590 9456 9134 1231 62 1169 55 100 9356 6098 4321 180 4141 1683 508
is_linear=0
shrinkage=0.05


Tree=97
num_leaves=31
num_cat=0
split_feature=41 7 54 17 35 21 35 3 20 52 37 23 49 43 24 54 17 18 24 42 19 53 3 25 21 36 15 3 17 21
split_gain=34.9059 17.7126 14.4391 13.5051 13.6386 12.5313 10.8797 15.2368 17.0862 10.7113 15.342 11.5906 10.4559 11.0347 10.2682 10.2488 11.6444 11.1173 12.3671 9.99467 9.89162 17.2113 11.6649 15.4732 19.6468 11.0284 9.23975 9.21347 9.18716 9.18405
threshold=14.550000000000002 7.3250000000000011 1.4050000000000009 2.5350000000000006 1.0000000180025095e-35 4.4050000000000011 17.900000000000002 13.350000000000003 1.2450000000000003 1.3600000000000001 44.70000000000001 4.5000000000000009 2.5000000000000004 17.050000000000001 26.500000000000004 0.77500000000000091 5.0050000000000008 5.1650000000000009 12.500000000000002 14.550000000000002 3.3050000000000002 5.4391666666666669 29.150000000000002 11.500000000000002 5.8850000000000007 44.100000000000001 7.0850000000000009 19.050000000000004 6.6050000000000013 4.6650000000000009
decision_type=2 8 10 8 2 10 2 10 10 8 2 2 2 2 2 10 10 10 2 2 10 2 10 2 10 2 8 8 10 8
left_child=3 2 6 -1 -5 28 9 -8 -9 11 -11 -2 20 -14 -15 -13 19 18 -18 -17 21 25 -22 24 -24 26 -10 -7 -6 -16
right_child=1 -3 -4 4 5 27 7 8 12 10 -12 15 13 14 29 16 17 -19 -20 -21 22 -23 23 -25 -26 -27 -28 -29 -30 -31
leaf_value=-0.02313058612661777 -0.025050927562695269 -0.043718312790164603 0.0077673133927782427 0.0010256340472418494 0.0010278476426611035 -0.0030335108923746873 -0.00099080919300482679 0.034448708187034563 0.0058895858203260459 -0.0089715699440439719 0.084816827897063601 -0.00064402717768721274 0.010975906437064364 -0.0048855720535106294 0.017139321153643618 0.0083966941887703792 0.061824314319423257 0.026313539014980836 0.00027215218617642503 -0.022643144056531714 -0.0017179309302945665 0.098062873290774122 0.09048307693193941 0.0067927633253056291 -0.023664313388778006 0.089343977699350693 0.077513898002292789 -0.0083122490646951423 -0.013952564262129978 0.0031662007073494703
leaf_weight=79.00769667327404 44.014001071453094 21.015479356050491 1043.3492307364941 2098.7095543444157 1417.8653596118093 1750.8165042772889 1751.8736115694046 47.661206394433975 175.63644331693649 453.05002038180828 4.402740240097045 1792.4542986005545 877.25169602036476 278.29950065910816 156.67827135324478 60.061585187911987 8.7818434685468656 112.78812044858932 115.35143430531025 45.64159569144249 1277.2231153175235 5.6672267019748679 12.286925688385965 207.59418317675591 5.4380409568548194 4.2361043840646735 4.6212408840656272 1565.94512604177 110.30915243923664 471.41302491724491
leaf_count=592 244 150 5285 11685 7817 10042 9553 231 931 2472 24 9928 4684 1502 836 309 46 588 600 237 6879 30 65 1113 30 22 24 9290 612 2551
internal_value=6.52952e-05 0.00213095 0.00223854 -0.00257515 -0.00234126 -0.00379972 0.0015095 0.00282017 0.00471471 -0.00111324 -0.00806891 0.000346955 0.00430705 0.00697838 0.00310936 0.000870525 0.00879397 0.0149509 0.00462668 -0.005006 0.00149222 0.0122362 0.000132461 0.0106214 0.0554625 0.00959982 0.00772581 -0.00552577 -5.34926e-05 0.00665182
internal_weight=15999.4 8976.79 8955.78 7022.65 6943.65 4844.94 7912.43 5275.88 3524.01 2636.55 457.453 2179.09 3476.35 1783.64 906.391 2135.08 342.625 236.921 124.133 105.703 1692.7 190.161 1502.54 225.319 17.725 184.494 180.258 3316.76 1528.17 628.091
internal_count=88372 48334 48184 40038 39446 27761 42899 28451 18898 14448 2496 11952 18667 9573 4889 11708 1780 1234 646 546 9094 1007 8087 1208 95 977 955 19332 8429 3387
is_linear=0
shrinkage=0.05


Tree=98
num_leaves=31
num_cat=0
split_feature=18 42 9 36 3 3 17 54 42 39 53 3 4 30 38 52 16 19 18 20 28 23 28 9 52 5 45 30 42 8
split_gain=34.4932 28.5103 19.6185 18.1153 13.4182 12.6387 12.3401 14.2444 12.3282 14.0081 12.2449 12.0592 13.6743 12.2275 11.9365 13.7692 11.9268 11.9442 12.0745 11.0572 10.4837 10.4665 12.8579 13.604 10.3944 10.5806 10.2562 12.3554 10.5823 10.1925
threshold=3.5050000000000003 25.450000000000003 6.4350000000000014 19.100000000000005 19.650000000000002 5.8500000000000005 5.4850000000000012 0.93000000000000116 34.70000000000001 13.950000000000001 4.2741666666666687 17.050000000000004 0.75000000000000011 30.200000000000003 15.200000000000001 -1.6449999999999998 7.8550000000000013 5.1750000000000007 4.8850000000000007 4.2550000000000008 71.250000000000014 24.500000000000004 57.400000000000013 6.8550000000000013 1.0000000180025095e-35 6.6950000000000012 10.800000000000002 4.2500000000000009 40.45000000000001 0.75000000000000011
decision_type=10 2 10 2 10 8 8 10 2 2 2 8 10 2 2 8 8 8 10 10 2 2 2 10 10 10 2 2 2 8
left_child=-1 2 -2 5 -3 -4 10 11 9 29 -5 12 13 -8 21 -16 17 20 19 -19 -7 22 -10 -24 -15 -26 27 -23 -28 -6
right_child=1 4 3 6 8 16 7 -9 14 -11 -12 -13 -14 24 15 -17 -18 18 -20 -21 -22 26 23 -25 25 -27 28 -29 -30 -31
leaf_value=-0.011075550375202706 -0.047050041532557089 0.0016058173485154496 0.011970410595331115 0.0088519871430502179 0.0085022399982126115 -0.001692527382639033 0.0037321741947991972 0.011804767801280924 0.0075819701119726442 -0.0065658264642421624 -0.0017333814674898699 -0.00081812619106175698 0.084878733300689124 0.0089007976532572489 0.074555737555328253 0.022048829090712679 0.026901814567265821 -0.0015069912525857712 -0.0023443912401493751 -0.01141658450550438 0.0065628035218158734 0.05127013119013514 0.077428485045637416 0.0039028386579414058 0.079062707349077957 0.0251043745810825 0.069441397739208821 -0.0035809251372006684 -0.026860143150785894 -0.041992339310161275
leaf_weight=668.42194052785635 22.629498541355133 1665.3752740174532 152.97070164978504 302.85668057203293 939.96521982550621 2780.0093391388655 997.37073831260204 469.19219076633453 38.889741599559784 200.92496274411678 2790.0109087079763 1387.1013485789299 5.482713669538497 93.274482354521751 13.788467407226561 132.16262537240982 34.157083973288536 400.53702329099178 1993.5520294755697 947.15195198357105 446.32330244779587 10.946210905909536 18.252747997641567 9.5999362021684629 11.44346086680889 44.085510388016701 10.611590117216108 165.35459752380848 3.9015283286571494 10.101190537214277
leaf_count=4038 147 8422 802 1548 4666 14669 5210 2320 196 1038 14962 7265 29 484 71 654 178 2150 10535 5308 2265 53 87 47 60 231 53 810 20 54
internal_value=5.39823e-05 0.000516103 -0.000536046 -0.000454168 0.00472426 -0.00223794 0.00152079 0.00380103 0.00806513 0.00542871 -0.000696852 0.00232185 0.00610376 0.00572694 0.0155854 0.0270093 -0.00256717 -0.00272043 -0.00481573 -0.00847143 -0.000550504 0.00911175 0.0261544 0.0520865 0.0190971 0.0362242 0.0031506 -0.000175318 0.0435529 0.00796538
internal_weight=16766.4 16098 12878.1 12855.5 3219.87 6754.7 6100.82 3007.95 1554.5 1150.99 3092.87 2538.76 1151.66 1146.17 403.507 145.951 6601.73 6567.57 3341.24 1347.69 3226.33 257.556 66.7424 27.8527 148.803 55.529 190.814 176.301 14.5131 950.066
internal_count=88372 84334 68163 68016 16171 35907 32109 15599 7749 5758 16510 13279 6014 5985 1991 725 35105 34927 17993 7458 16934 1266 330 134 775 291 936 863 73 4720
is_linear=0
shrinkage=0.05


Tree=99
num_leaves=31
num_cat=0
split_feature=19 19 43 53 19 20 19 54 3 18 53 30 37 54 53 3 9 37 10 27 4 41 18 40 39 24 24 39 19 36
split_gain=121.092 52.7133 26.0502 24.1815 18.4791 18.0816 16.3686 14.8457 12.8354 12.4037 12.2798 12.2957 14.595 12.2302 12.1543 12.0032 11.1822 11.0745 10.8975 10.7312 10.6704 10.6225 10.6143 10.4728 10.3696 10.1692 10.1337 10.1224 10.8615 10.1154
threshold=3.0550000000000002 4.5850000000000009 23.200000000000006 4.6058333333333357 1.7850000000000004 4.995000000000001 5.3050000000000006 1.7816666666666672 23.950000000000003 2.1150000000000007 5.9108333333333345 7.2500000000000009 11.300000000000002 1.8741666666666668 4.6918333333333342 19.150000000000002 6.4850000000000012 14.900000000000002 1.0000000180025095e-35 80.500000000000014 0.75000000000000011 46.650000000000013 2.9950000000000006 6.6000000000000005 4.9000000000000012 37.500000000000007 44.500000000000007 13.450000000000001 7.0950000000000006 38.300000000000004
decision_type=10 10 2 2 8 10 10 10 8 10 2 2 2 10 2 8 10 2 8 2 10 2 10 2 2 2 2 2 10 2
left_child=4 3 5 9 -1 8 -7 15 -3 -2 11 -9 25 17 19 24 -8 -5 -18 -6 -11 27 -19 -14 -4 -13 29 28 -10 -17
right_child=1 2 7 13 14 6 16 10 21 20 -12 12 23 -15 -16 26 18 22 -20 -21 -22 -23 -24 -25 -26 -27 -28 -29 -30 -31
leaf_value=-0.034827453629543509 0.044505850295489612 0.0056617714456300098 0.0052110426777743158 -0.0099943107859399947 -0.010977594526177494 -0.0056158715634505472 0.049874736243591095 0.0051140630435723405 0.0020854438597081057 0.00051843411041625569 -0.045586021754327827 0.042557062995354611 0.0040820780258535956 0.0082203292033386811 -0.026001839304543646 0.0037558497079758567 0.0012869351405376205 0.059329497235523165 -0.012219709340134112 0.069579419053814193 0.049119741894423842 0.048770841041209823 -0.0033447220782498021 0.046027981835462535 -0.0031046036888138333 0.12089689156904052 0.012930707024832067 -0.011507436530882533 -0.022902437433955206 0.025922594282432571
leaf_weight=172.69058651477098 16.589420810341835 2525.6793078333139 1195.2011485546827 1694.8275024592876 312.70601683109999 1375.3704663962126 11.586084574460982 42.884781017899513 975.79264985024929 1199.1897724717855 6.2050393521785727 8.6569511145353335 27.141590759158134 126.40560519695282 186.44168060272932 871.10896326601505 3275.7169703245163 6.8149114102125159 156.47139224410057 4.1895086616277686 11.400762021541594 10.81002354621887 774.08381083607674 32.940796911716461 546.23002269864082 7.9436635673046103 734.38544341921806 193.24517543613911 45.516890987753868 54.697456866502762
leaf_count=1437 88 12712 5908 9985 1990 7692 56 194 4988 6374 30 39 125 675 1323 4228 16977 39 847 26 61 54 4449 149 2804 36 3563 1025 232 266
internal_value=1.18065e-05 0.000891541 0.0025099 -0.0042212 -0.0207143 0.00102137 -0.00100484 0.00612645 0.00362453 0.00156459 0.0229956 0.0265547 0.0385453 -0.0069498 -0.0158722 0.00550272 0.000836714 -0.00772436 0.000671175 -0.00991259 0.000976138 -0.000574547 -0.00279776 0.0270794 0.0026027 0.0800439 0.00854466 -0.00101374 0.000971804 0.00506548
internal_weight=16602.9 15926.9 12097.6 3829.31 676.028 8570.19 4819.14 3527.4 3751.04 1227.18 125.773 119.568 76.683 2602.13 503.337 3401.62 3443.77 2475.73 3432.19 316.896 1210.59 1225.36 780.899 60.0824 1741.43 16.6006 1660.19 1214.55 1021.31 925.806
internal_count=88372 83596 61925 21671 4776 44583 25572 17342 19011 6523 573 543 349 15148 3339 16769 17880 14473 17824 2016 6435 6299 4488 274 8712 75 8057 6245 5220 4494
is_linear=0
shrinkage=0.05


Tree=100
num_leaves=31
num_cat=0
split_feature=20 20 53 13 21 20 44 19 53 5 13 17 18 20 25 20 18 54 17 22 21 11 18 20 28 44 11 27 20 26
split_gain=249.997 86.7776 33.5419 27.8841 26.9181 25.2456 20.1236 20.0551 17.1471 13.6813 13.1199 12.8193 14.0325 12.9376 12.7337 12.5657 14.1365 13.6258 21.6949 14.2875 12.9722 12.0962 11.8732 13.2365 13.1507 11.861 11.3668 11.3153 11.1189 11.4652
threshold=2.8050000000000002 4.8350000000000009 4.4075000000000015 7.4750000000000005 6.1350000000000007 1.905 36.600000000000001 4.9650000000000007 5.2391666666666685 7.2150000000000007 6.7950000000000008 3.4450000000000007 4.6750000000000007 5.6350000000000007 63.500000000000007 3.9850000000000008 2.4050000000000007 0.77500000000000091 3.5050000000000003 66.500000000000014 5.4450000000000012 6.7350000000000012 6.4850000000000012 4.7750000000000012 32.45000000000001 22.450000000000003 6.7750000000000012 9.5000000000000018 3.8650000000000007 35.500000000000007
decision_type=10 10 2 8 10 10 2 10 2 8 10 8 10 10 2 10 10 10 10 2 8 8 10 10 2 2 8 2 10 2
left_child=5 2 28 4 6 -1 7 21 15 11 25 12 -9 -13 27 16 -4 22 20 -20 -19 -3 -17 24 -24 -6 -12 -8 -2 -30
right_child=1 3 8 -5 10 -7 14 9 -10 -11 26 13 -14 -15 -16 17 -18 18 19 -21 -22 -23 23 -25 -26 -27 -28 -29 29 -31
leaf_value=-0.034317171138310419 -0.0033275558545789842 0.0018209378689074765 0.090332644009163715 -0.049786269355760221 0.00081496683459531091 -0.016904225317905652 -0.021017310048037845 -0.0048688288089265928 -0.010966838545569837 0.047328122340076759 -0.015283301699179356 -0.0012300365012887402 0.032666128290143009 0.0047433005217482746 -0.0063208312289666051 -0.0069163611877904934 -0.0093923076898331168 0.054022539842617047 -0.00094691552419445151 0.023349780905882276 0.00017895223668023497 0.010011823419304818 0.028093878904431699 0.079695397150465364 -0.0085513952240018204 0.012251248211602544 -0.0014582454554543144 0.025680093946822524 0.01617659442774241 0.0021080353933655887
leaf_weight=465.19664523005486 284.27506904304028 555.37843000888824 3.5693871527910224 23.879535585641861 758.86412172019482 376.71299833059311 13.729427829384802 38.14387372136116 1236.5922948420048 17.326951205730438 166.41968616843224 1531.2670016139746 71.717253342270851 2221.6831355988979 43.13334421813488 928.54785186052322 805.84312017261982 32.870940312743187 601.05157245695591 67.279277265071869 16.956893146038055 2392.3897988945246 40.892231374979019 6.5094634294509879 61.008514031767845 323.31718400120735 1394.601536154747 235.26786421239376 273.94674488902092 307.23243632912636
leaf_count=4304 1639 2811 22 148 4352 2900 66 187 8313 85 949 8545 357 11728 207 5676 5235 186 3558 400 103 12103 245 37 360 1737 7965 1112 1434 1608
internal_value=-4.00993e-05 0.00150266 -0.00410799 0.00417785 0.00430984 -0.0265257 0.00590947 0.00535964 -0.00613068 0.00299774 8.98357e-07 0.0027989 0.019634 0.00230608 0.0187605 -0.00379873 -0.00895254 -0.00142194 0.00387187 0.00149898 0.035699 0.00846861 -0.00508823 0.0105699 0.00615416 0.00423172 -0.00293213 0.0231053 0.00477581 0.00873944
internal_weight=15295.6 14453.7 4666.58 9787.12 9763.24 841.91 7120.04 6827.91 3801.12 3880.14 2643.2 3862.81 109.861 3752.95 292.131 2564.53 809.413 1755.12 718.159 668.331 49.8278 2947.77 1036.96 108.41 101.901 1082.18 1561.02 248.997 865.454 581.179
internal_count=88372 81168 28816 52352 52204 7204 37201 35816 24135 20902 15003 20817 544 20273 1385 15822 5257 10565 4247 3958 289 14914 6318 642 605 6089 8914 1178 4681 3042
is_linear=0
shrinkage=0.05


Tree=101
num_leaves=31
num_cat=0
split_feature=21 21 0 53 21 45 33 18 17 53 53 21 2 51 14 21 35 12 49 53 54 38 33 28 26 41 37 40 5 7
split_gain=445.608 136.866 44.6755 36.2171 32.0986 21.0229 18.2357 18.2274 22.3616 17.5509 16.8219 16.5055 16.4716 17.0284 16.3318 15.3673 14.5815 22.5372 17.3188 13.6118 13.5272 14.3141 13.3538 12.1757 11.9402 11.6584 15.095 11.5766 11.3566 12.7783
threshold=3.1950000000000007 5.0250000000000012 7.5000000000000009 5.3650000000000011 2.0150000000000001 28.300000000000004 29.000000000000004 4.7250000000000005 4.1450000000000005 6.1675000000000013 4.701833333333334 6.5650000000000004 13.500000000000002 3.5000000000000004 0.75000000000000011 4.285000000000001 15.600000000000003 0.75000000000000011 2.5000000000000004 4.1416666666666684 1.0116666666666665 5.1500000000000012 20.950000000000006 77.600000000000009 34.500000000000007 15.200000000000001 36.20000000000001 11.650000000000002 6.6650000000000009 6.7150000000000007
decision_type=10 10 2 2 10 2 2 10 10 2 2 10 10 2 8 10 2 8 2 2 10 2 2 2 2 2 2 2 10 8
left_child=4 3 6 10 -1 7 9 -4 -9 11 22 25 13 -10 -15 16 17 -12 -19 -6 -7 -22 -2 -8 27 26 28 -24 -3 -30
right_child=1 2 5 -5 19 20 23 8 12 -11 15 -13 -14 14 -16 -17 -18 18 -20 -21 21 -23 24 -25 -26 -27 -28 -29 29 -31
leaf_value=-0.035300167117963924 0.0015733526592674148 0.027641688687601813 0.008276558068852552 -0.013985191905206466 -0.0017599199102625385 0.014568456719704843 0.026600233029396965 0.015253164843087311 -0.0048918332048892591 0.00022210938474915228 -0.0040356542339282288 0.015900955124261155 0.041573533652810309 0.0042863508291406871 -0.028452827857442738 -0.001642251044158083 -0.016015025963689346 -0.011746986344535436 0.14874963025945373 -0.022847487076303595 0.10610923116894788 0.020632632985158827 0.02925444676907479 -0.01471822859055455 0.0078885733867223203 0.0050396598510027008 -0.019187518652683883 0.12645961253650798 -0.0027727823911783338 0.012846397480422371
leaf_weight=734.42660468816757 1102.0526728183031 111.54071243107319 827.75634600222111 864.94698896259069 93.530502647161484 149.13980767130852 218.06812055408955 219.64545671641827 1646.1934457272291 503.73241898417473 282.76220261305571 939.22804559767246 22.203777000308037 1070.5220328420401 39.49794639647007 1189.0615676864982 483.31748808920383 2.7506094872951499 4.3218250647187233 420.88328499346972 8.7947518378496188 11.054001748561857 6.7734890878200549 19.417408660054207 16.110810212790966 1412.2155081406236 39.017599925398827 5.5913870930671692 148.59427782893181 1102.6246119216084
leaf_count=7813 6965 604 4587 6753 718 800 1099 1189 10454 3139 2146 4653 129 6338 242 7991 3734 20 32 3679 44 60 36 113 91 7886 217 29 811 6000
internal_value=-0.000118575 0.0027382 0.00631811 -0.00494073 -0.0285914 0.00247077 0.00973775 0.00170846 -0.000104975 0.0089855 -0.00241126 0.0101617 -0.0013191 -0.00166464 0.00312139 -0.00521026 -0.0106977 -0.0018306 0.0863293 -0.0190134 0.0197292 0.0585063 0.00244686 0.0232219 0.0362531 0.00824606 0.0114763 0.0732105 0.0123543 0.0109915
internal_weight=13695.8 12446.9 8489.25 3957.69 1248.84 3994.81 4494.44 3825.82 2998.06 4256.95 3092.74 3753.22 2778.42 2756.21 1110.02 1962.21 773.152 289.835 7.07243 514.414 168.989 19.8488 1130.53 237.486 28.4757 2813.99 1401.78 12.3649 1362.76 1251.22
internal_count=88372 76162 48365 27797 12210 23843 24522 22939 18352 23310 21044 20171 17163 17034 6580 13923 5932 2198 52 4397 904 104 7121 1212 156 15518 7632 65 7415 6811
is_linear=0
shrinkage=0.05


Tree=102
num_leaves=31
num_cat=0
split_feature=46 54 40 28 25 38 8 40 36 20 21 7 40 41 0 21 17 21 1 19 36 18 30 51 26 53 54 24 9 34
split_gain=126.278 36.6203 21.1195 21.0393 14.1993 12.3619 14.1827 11.2836 11.2716 11.0176 10.9812 11.889 15.6786 10.9366 10.9188 29.856 11.9921 10.7469 10.7306 16.6449 13.0778 10.1165 14.9689 24.0574 15.1691 16.6461 13.0051 16.0306 12.1729 10.9203
threshold=2.5000000000000004 0.50166666666666748 14.900000000000002 63.100000000000009 51.500000000000007 15.900000000000002 1.0000000180025095e-35 6.1500000000000012 57.20000000000001 7.1950000000000012 3.7750000000000004 6.785000000000001 6.9500000000000011 18.350000000000005 5.5000000000000009 4.9450000000000012 7.3550000000000013 1.425 4.5000000000000009 7.1850000000000014 12.750000000000002 6.3850000000000007 7.8500000000000005 1.5000000000000002 61.500000000000007 4.7591666666666681 -0.58499999999999963 48.500000000000007 6.6950000000000012 26.500000000000004
decision_type=2 10 2 2 2 2 10 2 2 10 10 8 2 2 2 8 8 10 10 10 2 8 2 2 2 2 10 2 8 2
left_child=2 5 4 7 -1 6 -2 -3 -7 21 -11 12 -12 -9 15 -8 -16 -4 -5 -20 -21 -6 23 -23 28 -26 -27 -28 29 -24
right_child=1 3 17 18 9 8 14 13 -10 10 11 -13 -14 -15 16 -17 -18 -19 19 20 -22 22 24 -25 25 26 27 -29 -30 -31
leaf_value=0.0062844133909956447 0.0022829962143841756 -0.010184815805916708 0.026077155569321719 -0.0152333365781814 -0.0048901467351940547 -0.0052909367641684425 0.21126522102802214 0.0033735719351466256 0.094201588056945104 -0.024819804853395612 0.038666733173367246 0.023229874240496853 0.22392938968050596 -0.0083346094107737342 0.0087492306544727488 0.026952371624005059 0.13814968147585069 0.0099196558430476103 -0.005816945941260066 0.16140039818875318 0.013375799647708495 0.20034027780840999 0.012583239141479505 0.030256765360238264 0.15090321099650397 -0.021454826216560828 0.0019806642962163219 0.14556695311812645 -0.015308935761850632 0.12289286611647954
leaf_weight=1654.93430519104 1006.6566671580076 569.96287589520216 110.80903951078653 1211.3309713341296 683.11329222470522 742.47242294996977 2.9108252674341175 523.95719549059868 2.8576699942350379 4.6443661525845519 2.3541462644934628 6.4765914753079423 2.2179757878184319 322.04605825990438 31.037995710968971 8.9614221453666687 1.9000615999102581 1444.4656181931496 237.184445053339 2.6505281627178183 3.4141697436571121 2.4305573776364353 9.3361396640539152 14.37574429810047 3.0378535240888622 8.0496311709284782 4.1575100123882267 3.6508040353655815 62.978530839085579 2.9533499628305426
leaf_count=15618 10577 6533 843 15030 6529 8097 27 5432 30 43 22 61 20 3456 314 97 20 11630 2888 26 40 22 87 135 27 75 40 35 591 27
internal_value=1.30811e-05 -0.0055815 0.00650858 -0.00908549 0.00362973 1.64487e-05 0.00350818 -0.00474693 -0.00490947 -0.00179564 0.0396911 0.0668085 0.128539 -0.00108335 0.0310317 0.072142 0.0162138 0.0110708 -0.0133089 -0.0037255 0.0780688 -0.00261552 0.0113867 0.0548545 0.00362857 0.0436811 0.0231409 0.0691149 -0.0064265 0.0390923
internal_weight=8687.33 4667.34 4019.99 2870.55 2464.71 1796.8 1051.47 1415.97 745.33 809.776 15.6931 11.0487 4.57212 846.003 44.8103 11.8722 32.9381 1555.27 1454.58 243.249 6.0647 794.083 110.97 16.8063 94.1638 18.8958 15.8579 7.80831 75.268 12.2895
internal_count=88372 52567 35805 33405 23332 19162 11035 15421 8127 7714 146 103 42 8888 458 124 334 12473 17984 2954 66 7568 1039 157 882 177 150 75 705 114
is_linear=0
shrinkage=0.05


Tree=103
num_leaves=31
num_cat=0
split_feature=41 7 17 7 28 41 45 40 16 22 31 26 54 52 20 5 17 20 32 29 25 9 29 29 24 53 22 13 7 35
split_gain=32.1597 15.608 15.0368 13.2152 12.3385 12.664 11.6575 11.1917 13.3032 10.2596 12.2923 13.2336 11.5062 15.4804 11.2271 11.3322 11.4708 10.3431 13.0766 10.1759 10.2109 13.76 10.2901 10.1295 9.804 9.65353 9.62208 11.1977 11.5857 10.657
threshold=18.900000000000002 7.3950000000000005 2.9350000000000005 6.4850000000000012 60.800000000000004 27.100000000000005 17.500000000000004 13.250000000000002 7.6650000000000009 71.500000000000014 38.300000000000004 7.5000000000000009 1.9483333333333339 2.4450000000000007 4.0050000000000008 6.8950000000000005 5.2350000000000012 6.7750000000000012 21.250000000000004 33.95000000000001 69.500000000000014 6.8750000000000009 9.3000000000000025 17.500000000000004 64.500000000000014 4.1155000000000017 30.500000000000004 6.8750000000000009 7.0050000000000008 4.9000000000000012
decision_type=2 8 8 10 2 2 2 2 10 2 2 2 10 10 10 8 10 10 2 2 2 10 2 2 2 2 2 10 10 2
left_child=1 2 25 -2 23 6 -6 24 -9 10 14 -12 17 -14 15 -4 26 -11 19 20 21 22 -19 -5 -7 -1 27 -17 29 -29
right_child=3 -3 9 4 5 7 -8 8 -10 12 11 -13 13 -15 -16 16 -18 18 -20 -21 -22 -23 -24 -25 -26 -27 -28 28 -30 -31
leaf_value=0.0012873410485218382 -0.048822464979524714 -0.047392844816942413 0.0036811044880599116 0.0030583708506944857 0.0038303844478585524 0.0093497405056403911 -0.013841139990044242 0.017258991748886062 0.073832179428440295 0.0019423702133560103 0.086647921072972506 0.0094641339208311782 0.099210094234411683 -0.00089570912897492499 -0.0029251790301178956 -0.036309465852929372 -0.018262079540682187 0.015131282571324718 -0.024154262723104791 -0.021556333585305149 0.12315826789778561 0.0040210571181015188 0.11725143595334803 -0.0021951530499961717 -0.0067048666571868157 -0.023468086188045939 -0.0076095740704075253 0.075756568283022602 -0.0091502757424609688 0.02121425663351446
leaf_weight=56.967783071100712 12.380909800529478 18.719430439174175 1355.8161695301533 2528.5748633295298 1345.8103273510933 734.34151569008827 100.27884545922279 194.71829007565975 10.977206766605375 407.30055096745491 5.7780545949935904 142.89029121398926 7.586771145462988 7.8659353852272034 6988.7539974153042 10.00368210673332 128.74441333115101 3.7707422822713905 9.3098984062671644 5.1272037029266349 4.5981791466474524 11.795358180999754 7.1336490213871002 1440.127666130662 109.23749339580536 127.56313119828701 142.96745704114437 11.377002909779547 23.744291812181473 42.084232822060585
leaf_count=366 87 148 7395 13498 7000 3712 552 981 53 2268 31 798 39 42 39927 55 708 21 52 29 26 66 40 7818 560 891 785 61 131 232
internal_value=6.72581e-05 -0.00178187 -0.00169201 0.00278535 0.00288419 0.00563909 0.00260496 0.00982068 0.0202781 -0.00141207 -0.00179215 0.0124639 0.00583134 0.048253 -0.00203566 0.00158975 -0.00631027 0.00437148 0.0280777 0.0430745 0.0552137 0.0414505 0.0819383 0.00115202 0.00727078 -0.0158257 0.00037472 0.0134639 0.0199131 0.0328213
internal_weight=15996.3 9519.9 9501.18 6476.45 6464.07 2495.36 1446.09 1049.27 205.695 9316.65 8852.16 148.668 464.488 15.4527 8703.49 1714.74 358.921 449.036 41.735 32.4251 27.2979 22.6997 10.9044 3968.7 843.579 184.531 230.177 87.2092 77.2055 53.4612
internal_count=88372 54111 53963 34261 34174 12858 7552 5306 1034 52706 50123 829 2583 81 49294 9367 1972 2502 234 182 153 127 61 21316 4272 1257 1264 479 424 293
is_linear=0
shrinkage=0.05


Tree=104
num_leaves=31
num_cat=0
split_feature=18 9 42 36 3 3 17 19 3 42 53 42 39 40 16 19 28 18 24 54 20 39 31 41 15 26 27 13 3 17
split_gain=31.6671 26.8177 26.4279 16.6122 12.2588 11.5449 11.3411 13.5987 14.006 15.0085 11.2184 11.1415 12.7725 11.2774 10.7897 10.9737 11.2274 10.7912 10.5714 12.5838 11.8887 11.393 10.6672 11.7201 11.4433 10.6306 14.9205 10.7188 10.3182 12.4334
threshold=3.5050000000000003 7.4850000000000012 25.450000000000003 19.100000000000005 19.650000000000002 5.8500000000000005 5.4850000000000012 5.5450000000000008 15.65 8.5000000000000018 4.2741666666666687 34.70000000000001 13.950000000000001 12.700000000000001 7.8550000000000013 5.3450000000000006 71.250000000000014 4.8850000000000007 48.500000000000007 -0.26333333333333336 5.7750000000000012 28.200000000000006 6.0500000000000016 19.100000000000005 6.6150000000000011 42.500000000000007 20.500000000000004 6.8050000000000006 17.950000000000003 5.6750000000000007
decision_type=10 8 2 2 10 8 8 10 8 2 2 2 2 2 8 8 2 10 2 10 8 2 2 2 10 2 2 10 10 10
left_child=-1 2 3 5 -4 -2 10 18 -9 -10 -5 12 -6 -13 15 16 -7 -17 22 21 28 -20 23 -8 -24 -25 -27 -28 -21 -30
right_child=1 -3 4 6 11 14 7 8 9 -11 -12 13 -14 -15 -16 17 -18 -19 19 20 -22 -23 24 25 -26 26 27 -29 29 -31
leaf_value=-0.010653820931466607 0.011387805554938747 -0.047559703419354837 0.0016479283567774122 0.0084450192065792171 0.0077198249383150994 -0.0018688371249669889 0.0031250863072191937 0.0063185317505958993 -0.017594490557895463 -0.00052649761029974847 -0.0016660612624395056 0.020235853977078486 -0.0061914088967591624 0.0018306613387082749 0.02534371549065453 -0.0085201900768567627 0.0061796511068054234 -0.0023969065018323559 -0.0011278270530784824 0.035501874710429079 0.0038946149165853534 0.070667375997668203 0.050062736224435501 0.010050568117094306 -0.0009173199798587627 -0.013627091794159383 0.025437538427241335 0.075482520363486433 -0.022921117932920124 0.020977480651992085
leaf_weight=662.92312609404325 154.06424434483051 28.978230863809586 1663.2800101339817 304.29033297300339 952.29240204393864 3045.2213341146708 155.26157940924168 649.52343843877316 151.68046149611473 853.78484711050987 2786.2961425930262 289.29553812742233 199.58093637228012 116.84190183877945 34.71355514228344 1193.7013741284609 505.18164727091789 1811.279480651021 155.05840010941029 111.48687203228474 101.55900409817696 5.729893445968627 11.226007193326948 62.026982992887497 565.70427121222019 10.307934463024138 19.218928918242455 24.137014091014862 18.643651634454727 119.62547074258327
leaf_count=4038 802 189 8401 1546 4708 16121 780 3404 804 4502 14962 1399 1035 587 178 6649 2563 9594 812 549 514 31 58 313 2880 53 98 121 96 585
internal_value=5.59615e-05 0.000496941 0.000583593 -0.000431598 0.00463319 -0.00214215 0.00145786 0.00363966 0.000595641 -0.00310131 -0.000670553 0.00782015 0.00530948 0.0149409 -0.00245845 -0.00260568 -0.00072363 -0.00482933 0.00734397 0.0130163 0.0183187 0.00143069 0.00391802 0.0121016 7.46586e-05 0.0241484 0.0404432 0.0532985 0.024184 0.0150584
internal_weight=16762.9 16100 16071 12849.7 3221.29 6744.16 6105.56 3014.97 1654.99 1005.47 3090.59 1558.01 1151.87 406.137 6590.1 6555.38 3550.4 3004.98 1359.99 512.103 351.315 160.788 847.883 270.952 576.93 115.691 53.6639 43.3559 249.756 138.269
internal_count=88372 84334 84145 68015 16130 35907 32108 15600 8710 5306 16508 7729 5743 1986 35105 34927 18684 16243 6890 2587 1744 843 4303 1365 2938 585 272 219 1230 681
is_linear=0
shrinkage=0.05


Tree=105
num_leaves=31
num_cat=0
split_feature=19 19 11 43 53 19 20 19 21 3 43 7 53 27 54 28 34 17 37 3 9 34 17 30 49 54 3 0 16 1
split_gain=112.162 47.7406 25.4037 23.5819 22.0064 18.0081 16.1427 14.651 13.9941 11.7615 11.6391 11.6301 11.5485 12.3286 11.2287 10.4336 11.481 10.3776 10.7432 10.3546 10.2885 10.2092 9.78039 11.1034 10.8173 15.7547 14.212 11.5118 13.6268 11.3278
threshold=3.0550000000000002 4.5850000000000009 6.4450000000000012 23.200000000000006 4.6058333333333357 1.7850000000000004 4.995000000000001 5.3050000000000006 3.9950000000000006 23.950000000000003 11.900000000000002 6.7550000000000008 4.4758333333333349 80.500000000000014 1.8741666666666668 64.950000000000017 26.200000000000006 2.7550000000000003 13.950000000000001 19.150000000000002 6.4850000000000012 15.300000000000002 6.1050000000000013 14.050000000000002 2.5000000000000004 -1.4618333333333331 6.9500000000000011 9.5000000000000018 6.3550000000000013 1.5000000000000002
decision_type=10 10 10 2 2 8 10 10 10 8 2 10 2 2 10 2 2 8 2 8 10 2 10 2 2 10 10 2 10 10
left_child=5 4 -3 6 10 -1 9 -8 11 22 -2 21 13 -7 17 -11 -17 -6 -19 -10 -9 -5 -4 24 25 -24 -26 -27 -29 -28
right_child=1 2 3 8 14 12 7 20 19 15 -12 -13 -14 -15 -16 16 -18 18 -20 -21 -22 -23 23 -25 26 27 29 28 -30 -31
leaf_value=-0.034276533005936499 -0.0018272150255516694 -0.049933199775742357 0.0039392711389210052 0.013611602463994541 0.031487655474903196 -0.0087550711602561431 -0.0052326187678504834 0.047570720284417153 0.0014878410689584723 -0.0031846533381768558 0.0086362363428108598 0.016871103861446964 -0.022562780772369038 0.082534409281836627 0.0078560881680800523 0.006114075397606669 0.077356117304322333 -0.010075714130297529 -0.0031094636708984495 0.0074817358669106802 0.00072857117191789953 -0.009451491800876715 0.10625255697912415 0.0041908188244028305 0.097323815113626144 -0.005524124870801405 0.047851831762078904 0.079191420499645199 -0.014408679883996854 0.01592267579363384
leaf_weight=167.75622492283583 839.63766096532345 23.156192913651466 2035.7653493732214 97.090293556451797 17.045823648571968 231.7046285122633 1365.55547131598 11.762699037790297 1468.581307426095 914.26931817829609 388.85630647838116 458.70253126323223 261.513940282166 3.7583875209093085 126.99980309605598 303.25966972112656 5.7626538425683966 1596.8054562807083 847.01605463027954 1414.5837868154049 3427.7574131339788 94.871147140860558 3.7921200692653647 244.11024548113346 6.9670259803533545 78.997485339641571 37.51680251955986 9.5010216683149356 6.5824967026710501 107.01966367661953
leaf_count=1437 4491 141 10206 456 98 1442 7668 55 7387 4750 2032 2141 1875 22 675 1507 29 9485 4890 6871 17792 447 20 1220 34 408 183 49 34 527
internal_value=1.12361e-05 0.000850834 0.00238698 0.00248717 -0.00402588 -0.0201118 0.00106836 -0.000850872 0.00592339 0.00352525 0.00148479 0.0125467 -0.0153304 -0.00729794 -0.00664187 -0.000500046 0.0074426 -0.00739007 -0.00766125 0.00442866 0.000888765 0.00221336 0.00547135 0.0117788 0.0191768 0.00631198 0.0275726 0.00232604 0.0408837 0.0242104
internal_weight=16596.7 15932 12115.6 12092.4 3816.36 664.733 8558.62 4805.08 3533.83 3753.54 1228.49 650.664 496.977 235.463 2587.87 1223.29 309.022 2460.87 2443.82 2883.17 3439.52 191.961 2530.25 494.487 250.377 98.8731 151.503 95.081 16.0835 144.536
internal_count=88372 83596 61925 61784 21671 4776 44482 25515 17302 18967 6523 3044 3339 1464 15148 6286 1536 14473 14375 14258 17847 903 12681 2475 1255 511 744 491 83 710
is_linear=0
shrinkage=0.05


Tree=106
num_leaves=31
num_cat=0
split_feature=20 20 53 13 20 53 44 53 38 19 4 20 13 52 20 43 44 11 38 41 19 18 33 30 27 17 16 38 25 53
split_gain=233.102 78.8155 30.5424 26.3749 25.1223 24.69 19.0911 15.867 12.8534 13.4965 18.8084 11.7154 13.4878 11.1933 11.057 12.238 11.0449 11.0068 11.8894 11.8007 12.2193 10.6243 13.3137 11.3181 12.9444 13.1571 10.6023 19.616 11.0896 10.4833
threshold=2.8050000000000002 4.8350000000000009 4.4075000000000015 7.4750000000000005 1.6050000000000002 5.1473333333333349 31.000000000000004 5.2391666666666685 28.300000000000004 5.035000000000001 2.5000000000000004 4.455000000000001 6.6550000000000011 1.1950000000000001 7.1550000000000011 4.6500000000000012 15.200000000000001 6.6450000000000005 18.350000000000005 26.500000000000004 5.5950000000000006 6.5050000000000008 4.4000000000000012 15.300000000000002 27.500000000000004 4.8450000000000006 6.1950000000000012 19.700000000000003 24.500000000000004 4.5741666666666676
decision_type=10 10 2 8 10 2 2 2 2 8 8 10 8 10 10 2 2 10 2 2 8 10 2 2 2 10 10 2 2 2
left_child=4 2 16 5 -1 17 8 11 9 -7 13 12 -4 14 15 -11 -2 -3 29 20 -20 -13 23 24 -23 -26 27 -16 -29 -19
right_child=1 3 7 -5 -6 6 -8 -9 -10 10 -12 21 -14 -15 26 -17 -18 18 19 -21 -22 22 -24 -25 25 -27 -28 28 -30 -31
leaf_value=-0.036786639294764389 0.0025342665480372743 -0.0066769988937453659 0.017218214813593105 -0.049400848664701236 -0.018899720571884084 0.0046804284525947312 0.010396175699858302 -0.010549007146370712 0.0070171784956978471 -0.011535124034392193 0.077615644840522496 -0.00042652344570908937 -0.0068042898487363657 0.0042183487309229535 0.0049811294444163483 -0.0021620978123255957 0.020491239992896943 0.01240897096593787 0.011981043958980683 -8.3293896443951707e-05 0.026820526671066117 0.14039295986811745 -0.018076890898072441 0.016758726320134153 0.089478326321963314 -0.015414342825914203 0.0016557834889547156 0.007548806386791453 0.088893829997333418 0.0039931382717466636
leaf_weight=323.25380262732506 771.98196223378181 127.59768114984035 60.547313436865807 23.092672109603882 499.84644045680761 1388.140866458416 663.56639581918716 1225.8140727356076 883.76633396744728 411.8491503149271 7.5714953839778891 756.28314469754696 1671.7460137158632 740.66391353309155 38.862335816025734 2255.121095508337 96.315385490655899 489.67604276537895 728.13356797397137 156.12669278681278 171.37214948236942 4.4125778824090984 17.037707313895226 34.631671547889709 6.3692495971918088 5.6341235637664795 192.3491503149271 5.8826245814561871 14.559953570365904 1514.5464454591274
leaf_count=3218 4218 640 377 148 3986 7513 3344 8313 4754 2329 36 4457 10605 4121 209 12849 463 2361 3532 770 840 23 100 194 34 32 1086 31 77 7712
internal_value=-4.23668e-05 0.00143053 -0.0039308 0.00397151 -0.0259244 0.00409741 0.00235273 -0.00587215 0.00145399 0.000481381 -0.00110823 -0.00362979 -0.00596465 -0.00127112 -0.00266419 -0.00360954 0.00452613 0.00771126 0.00831126 0.0126058 0.0148082 0.00127659 0.0201945 0.0329681 0.0671638 0.040244 0.0073544 0.0258372 0.0654857 0.00604931
internal_weight=15286.8 14463.7 4650.77 9812.88 823.1 9789.79 6602.33 3782.48 5938.77 5055 3666.86 2556.66 1732.29 3659.29 2918.62 2666.97 868.297 3187.45 3059.85 1055.63 899.506 824.368 68.0853 51.0476 16.416 12.0034 251.654 59.3049 20.4426 2004.22
internal_count=88372 81168 28816 52352 7204 52204 36349 24135 33005 28251 20738 15822 10982 20702 16581 15178 4681 15855 15215 5142 4372 4840 383 283 89 66 1403 317 108 10073
is_linear=0
shrinkage=0.05


Tree=107
num_leaves=31
num_cat=0
split_feature=21 21 53 17 21 21 15 51 53 7 44 39 39 18 53 19 21 33 9 27 18 30 20 43 21 34 20 37 5 33
split_gain=417.667 137.495 40.4008 32.231 26.3164 19.3188 19.1533 18.3147 15.881 15.8092 14.9785 14.8559 14.6231 26.6194 13.1023 12.5859 13.4192 12.3594 12.5321 19.4534 13.6312 12.168 12.1678 17.8883 14.8811 12.9768 11.8387 11.7201 11.4969 11.3222
threshold=2.7650000000000001 5.0250000000000012 5.6855000000000002 5.0850000000000009 5.9250000000000007 1.5850000000000002 7.5050000000000008 3.5000000000000004 4.9173333333333353 6.4650000000000007 16.050000000000004 14.650000000000002 17.050000000000001 5.2250000000000005 5.3718333333333339 4.3250000000000011 6.5650000000000004 22.450000000000003 6.9850000000000012 55.500000000000007 4.4350000000000014 34.050000000000004 5.0150000000000006 18.050000000000001 4.785000000000001 18.450000000000003 8.2300000000000022 51.650000000000006 7.285000000000001 31.000000000000004
decision_type=10 10 2 8 10 10 8 2 2 10 2 2 2 10 2 10 8 2 10 2 10 2 10 2 8 2 8 2 10 2
left_child=5 3 6 26 21 -1 7 8 -3 -5 12 14 17 -14 -11 16 -12 -6 20 -20 -19 -4 23 -13 25 -25 -2 28 29 -10
right_child=1 2 4 9 10 -7 -8 -9 27 11 15 22 13 -15 -16 -17 -18 18 19 -21 -22 -23 -24 24 -26 -27 -28 -29 -30 -31
leaf_value=-0.037643337494818518 -0.00092461459783223113 0.01187715200888481 -0.0045440324889866246 0.059640598222208921 0.0012965534654323994 -0.023971762343887277 -0.050806285314782512 0.012396250781811531 0.0035231652749939421 -0.0079718771752831045 0.0020452215257219324 0.0053442813143090157 0.052557901262572183 0.011174180797143714 -0.016709293506379667 -0.0014756934919640705 0.090866317025175128 0.096281899625004247 0.1157859417607609 -0.011133909753289355 0.0098153953147338824 -0.026418444229925144 -0.0075326411233365698 0.081887968425717494 0.14293183169236778 -0.020641477249163036 0.057241686102423243 0.081575251037547536 0.090316352088841409 0.023174112298265659
leaf_weight=507.03333945572376 2043.8319560438395 977.30260047316551 740.7976443618536 8.2314291372895223 682.16732132434845 526.92924077808857 13.585146158933638 2048.9608310461044 2474.3811263889074 1306.6117515563965 9.5258637517690676 38.172782555222511 44.10483406484127 326.63498750329018 638.84447429329157 894.01747626066208 7.6814865618944159 4.719155713915824 7.5318355709314329 5.0389222353696823 133.51866789162159 69.542968861758709 64.002344325184822 7.2851462289690989 4.6666631251573554 5.3542500436306 8.78541701287031 4.9080273956060401 3.873054474592208 75.537992268800735
leaf_count=5569 13957 5051 4995 53 4079 5171 78 10148 14436 9295 56 243 239 1932 5082 5514 40 25 45 29 784 471 467 52 29 37 52 28 21 394
internal_value=-0.000121783 0.00237568 0.00600237 -0.00511703 0.00124024 -0.030676 0.00849062 0.00863486 0.00645529 -0.00951437 0.00417575 -0.00979004 0.00783681 0.0160974 -0.0108411 -0.000660457 0.0416956 0.00416021 0.0171137 0.0649108 0.0127672 -0.00642128 0.007323 0.024461 0.0666276 0.0384549 -0.000675657 0.0043844 0.00423605 0.0041053
internal_weight=13683.6 12649.6 8523.83 4125.79 2925.28 1033.96 5598.55 5584.96 3536 2073.17 2114.94 2064.94 1203.72 370.74 1945.46 911.225 17.2074 832.976 150.809 12.5708 138.238 810.341 119.481 55.4788 17.3061 12.6394 2052.62 2558.7 2553.79 2549.92
internal_count=88372 77632 48365 29267 18209 10740 30156 30078 19930 15258 12743 15205 7133 2171 14377 5610 96 4962 883 74 809 5466 828 361 118 89 14009 14879 14851 14830
is_linear=0
shrinkage=0.05


Tree=108
num_leaves=31
num_cat=0
split_feature=16 28 40 40 40 11 26 8 11 28 37 25 28 54 28 3 5 27 3 19 18 53 34 40 39 24 5 9 26 3
split_gain=115.884 31.9827 21.844 15.9972 14.9955 12.4376 12.4362 12.7128 13.1024 11.9419 11.6916 13.8465 11.6828 12.0275 11.3736 11.7503 11.8434 16.7796 11.1299 13.6308 14.3722 25.2777 12.7786 11.4062 13.2808 10.8185 10.8227 11.172 10.682 15.4335
threshold=5.955000000000001 62.300000000000004 12.700000000000001 27.100000000000005 6.1500000000000012 6.5150000000000006 68.500000000000014 0.75000000000000011 6.785000000000001 9.5500000000000025 36.20000000000001 8.5000000000000018 79.65000000000002 0.13000000000000031 27.550000000000004 11.350000000000003 7.0050000000000008 31.500000000000004 20.850000000000005 7.1350000000000007 5.4850000000000012 5.3450000000000015 19.800000000000004 6.1500000000000012 38.70000000000001 58.500000000000007 6.745000000000001 6.9850000000000012 73.500000000000014 25.950000000000003
decision_type=8 2 2 2 2 8 2 10 8 2 2 2 2 10 2 8 10 2 10 10 10 2 2 2 2 2 8 8 2 10
left_child=1 2 9 4 6 -6 7 -2 -9 -1 14 -12 -7 -14 -4 16 25 -18 19 -11 22 -22 -21 24 28 -16 -27 -28 -20 -30
right_child=3 -3 10 -5 5 12 -8 8 -10 18 11 -13 13 -15 15 -17 17 -19 23 20 21 -23 -24 -25 -26 26 27 -29 29 -31
leaf_value=0.0077349955727650885 -0.010101900298007822 -0.0057073009950922597 0.013563564846173867 -0.022926717448271058 0.13249069205500322 -0.0021291649271799567 -0.028284752456225304 0.10982371556697862 0.0012919641184892321 0.0030483107959727706 0.1279470289647997 0.024455490089278307 0.01077384721650221 -0.020372020717584035 -0.008422411482604265 0.0085557956621276441 0.11913776544609907 -0.00035055354964376239 -0.017387153147963828 0.07420252532900927 0.20647011038530494 0.025123027844056751 -0.027626925861233966 -0.0005728544035650152 0.10438158404551218 0.039670154424176519 -0.0072593191637456882 0.095651545702166413 0.15309400824711003 -0.026247877046308737
leaf_weight=793.8379817083478 1192.2584341838956 707.34046093374491 763.17113700509071 166.99633427709341 1.6746895760297764 1345.4715779051185 96.045109577476978 4.4422585070133183 7.4353422746062288 1020.8460568115115 3.4006092026829711 65.180739983916283 37.764303900301456 172.96456637978554 264.28437814861536 1098.7627286538482 4.8043976575136167 7.5637345537543297 195.5978996604681 4.9803394898772266 3.1571543067693693 4.9099750518798828 8.0780021771788579 634.93753589689732 2.3342114984989157 25.448535159230232 43.162988603115082 2.80886036902666 2.2621203958988181 2.5540334954857826
leaf_count=7199 14610 7600 5928 2162 15 15331 1193 38 81 10075 25 516 480 2314 2343 9212 38 67 2016 47 27 47 77 6227 25 222 383 25 23 26
internal_value=1.53742e-05 0.00423807 0.00565864 -0.00788466 -0.00700575 -0.0036971 -0.0109702 -0.00958912 0.0418832 0.0025929 0.00925571 0.0295871 -0.00384366 -0.0147904 0.00862478 0.00601969 -0.00198606 0.0460647 0.000421226 0.00387098 0.0436248 0.0960951 0.01121 -0.00386982 -0.0141948 -0.00375636 0.0135099 -0.000971509 -0.0155758 0.057988
internal_weight=8684.48 5659.42 4952.08 3025.05 2858.06 1557.88 1300.18 1204.14 11.8776 2673.5 2278.59 68.5813 1556.2 210.729 2210.01 1446.84 348.073 12.3681 1879.66 1041.97 21.1255 8.06713 13.0583 837.686 202.748 335.705 71.4204 45.9718 200.414 4.81615
internal_count=88372 52148 44548 36224 34062 18140 15922 14729 119 25789 18759 541 18125 2794 18218 12290 3078 105 18590 10273 198 74 124 8317 2090 2973 630 408 2065 49
is_linear=0
shrinkage=0.05


Tree=109
num_leaves=31
num_cat=0
split_feature=41 7 17 54 17 35 3 35 53 52 35 27 29 18 31 28 39 17 21 22 25 19 33 29 40 21 22 41 30 34
split_gain=29.8121 16.1475 13.3244 13.6244 11.9946 12.5992 11.7706 13.3962 12.1332 12.6238 13.068 21.509 10.262 10.209 10.207 13.5384 10.0743 9.46617 12.5212 12.412 11.0342 10.0056 11.4576 10.1945 10.2389 11.213 10.5932 10.4406 10.9643 10.0252
threshold=14.550000000000002 7.3450000000000006 3.4450000000000007 1.4050000000000009 2.5350000000000006 1.0000000180025095e-35 19.950000000000003 55.300000000000004 4.8708333333333345 0.34000000000000014 22.900000000000002 38.500000000000007 19.100000000000005 7.7150000000000007 23.650000000000002 44.70000000000001 15.600000000000003 3.9850000000000008 4.785000000000001 78.500000000000014 38.500000000000007 6.535000000000001 12.250000000000002 8.9000000000000004 23.300000000000004 4.6650000000000009 28.500000000000004 6.4500000000000011 18.950000000000003 23.400000000000002
decision_type=2 8 10 10 8 2 8 2 2 10 2 2 2 10 2 2 2 8 8 2 2 8 2 2 2 8 2 2 2 2
left_child=4 2 -2 12 -1 -6 17 8 9 -8 -11 -12 -4 -14 16 -16 -13 -7 19 21 -21 22 -19 -23 25 26 -25 -28 29 -29
right_child=1 -3 3 -5 5 6 7 -9 -10 10 11 14 13 -15 15 -17 -18 18 -20 20 -22 23 -24 24 -26 -27 27 28 -30 -31
leaf_value=-0.022070586373077423 -0.013297106214632599 -0.045081082744806746 0.002976346137576556 0.0077619348666895516 0.0010751641470884072 -0.0089884265266293849 -0.0084767599104335917 0.091384344956543476 -0.0088894146419326529 -0.0021688175469956905 -0.0022205982433062782 0.022024623694244044 -0.0011168053513363324 0.026135372519778197 0.0052320697355550351 0.11403716156500693 0.11010400583873953 0.0041374102478028306 -0.0030044399253424119 0.12653349640940134 0.0092872664901047768 -0.018452322915532688 -0.019247820520712496 0.046095686815563884 0.097335692606055735 0.087517819155296592 -0.033533155356349167 -0.022852438484070852 0.074891040549389387 0.07137039238227906
leaf_weight=76.48319299519062 138.90563134849072 18.195737697184086 4966.7449396699667 1014.3812578469515 2096.8152161389589 338.56026892364025 336.62177395820618 3.5149305909872046 1524.7638484835625 276.69825644046068 81.445323586463928 62.578889712691307 2821.6248376443982 34.788960173726082 4.4082384556531897 8.13478274643421 3.4240766987204543 697.88501118123531 1341.7342152073979 3.9278804659843427 4.1027380228042603 13.694128811359404 56.628093130886555 19.484845891594887 5.0513876229524604 6.1317693740129462 13.970311164855955 12.276740536093714 6.7375510632991782 3.6661094427108756
leaf_count=592 783 140 26747 5085 11685 1975 1934 20 9074 1541 447 340 15390 189 24 43 20 3822 7719 21 22 75 316 106 28 34 76 67 37 20
internal_value=6.88559e-05 0.00197306 0.00206845 0.00230996 -0.00237839 -0.00216082 -0.00356696 -0.0061529 -0.00630209 -0.00120057 0.00440827 0.0157831 0.00160303 -0.000784894 0.0344513 0.0757977 0.026594 -0.00120875 -3.46356e-06 0.00476979 0.0666339 0.00417519 0.00238229 0.0208734 0.0288731 0.0233191 0.0163066 0.000469617 0.0214141 -0.0011856
internal_weight=15993.4 8994.64 8976.45 8837.54 6998.74 6922.26 4825.44 2301.59 2298.08 773.311 436.69 159.991 7823.16 2856.41 78.546 12.543 66.003 2523.85 2185.29 843.557 8.03062 835.526 754.513 81.0128 67.3187 62.2673 56.1356 36.6507 22.6804 15.9428
internal_count=88372 48334 48194 47411 40038 39446 27761 13443 13423 4349 2415 874 42326 15579 427 67 360 14318 12343 4624 43 4581 4138 443 368 340 306 200 124 87
is_linear=0
shrinkage=0.05


Tree=110
num_leaves=31
num_cat=0
split_feature=18 9 28 42 20 18 19 16 17 18 19 53 29 48 13 17 21 18 20 21 26 40 23 54 13 27 40 23 9 25
split_gain=29.4199 22.3374 20.3633 16.2171 15.6065 15.263 12.896 13.1827 12.1663 17.9514 14.8702 11.906 15.4003 17.5538 14.0002 11.4994 12.3783 11.5953 11.4407 11.6473 11.7057 11.2985 10.9308 10.9265 10.7603 10.6396 10.6312 11.7819 10.5087 10.0674
threshold=4.2350000000000012 7.4850000000000012 56.100000000000009 31.400000000000002 5.6350000000000007 2.6250000000000004 5.0550000000000006 7.0150000000000006 6.4650000000000007 6.6750000000000007 5.0950000000000006 5.0208333333333348 21.550000000000001 2.5000000000000004 6.5650000000000004 5.3750000000000009 7.535000000000001 5.705000000000001 5.5850000000000009 6.8350000000000009 75.500000000000014 48.100000000000009 15.500000000000002 0.64000000000000112 6.8350000000000009 87.500000000000014 15.600000000000003 16.500000000000004 6.5950000000000006 64.500000000000014
decision_type=10 8 2 2 10 10 8 8 8 10 10 2 2 2 8 10 8 10 8 8 2 2 2 10 10 2 2 2 8 2
left_child=4 2 8 11 5 -1 7 -7 9 10 25 14 13 -13 -4 16 -16 24 19 20 21 -14 -12 -5 -17 -2 27 -25 -6 -9
right_child=1 -3 3 23 28 6 -8 29 -10 -11 22 12 18 -15 15 17 -18 -19 -20 -21 -22 -23 -24 26 -26 -27 -28 -29 -30 -31
leaf_value=-0.019081996060026706 0.0017177693147923578 -0.04676591714550072 0.087699332027495969 0.0037738746823344814 0.057278282785426474 0.0014023948472428982 -0.0058117414354810128 0.021033734937807247 0.004112134862380038 -0.0092973525486409834 -0.011492966458675586 -0.0064135645408964319 0.012441319123843374 0.0017322942218730387 0.0031753331133561923 0.0095626544330228609 0.061939637634814262 -0.0041447709108940432 0.001782064315347836 -0.016057646850750087 -0.039238745999901709 0.079078256226730759 -0.0020563861472223961 0.047798973720033625 0.031877736926619674 0.077677419800840919 -0.0037866119468614617 0.017206045535021166 -0.011769521920407732 0.094908802230725689
leaf_weight=129.6648873463273 2979.9043222814798 24.46201004832983 5.313332572579383 273.94311042129993 5.5551244914531699 961.69682469964027 864.45250323414803 31.623811438679695 1124.5940422564745 666.0021380931139 349.63916380703449 986.83412809669971 563.25298501551151 2005.2381718605757 935.63781267404556 107.91293555498123 9.0479899793863279 59.795673683285713 993.66737529635429 38.868950501084328 10.847434192895888 6.4337288886308661 2509.1305138766766 36.56535530090332 108.17452006042004 4.617117002606391 49.536022260785103 225.89444260299206 685.56929534673691 5.3990760147571555
leaf_count=818 15569 167 26 1366 32 5205 4914 157 5744 3520 1878 5200 2816 10371 4723 517 43 281 5176 204 54 32 13477 169 514 24 233 1054 4061 27
internal_value=5.71416e-05 0.000971933 0.00105504 0.00313116 -0.00474024 -0.00249492 -0.00134057 0.0025295 -0.000690117 -0.00151979 -0.000633324 0.00233436 0.00116867 -0.000954343 0.00671339 0.00636084 0.00373816 0.0153415 0.00510664 0.01044 0.0122142 0.0131939 -0.00321052 0.0110605 0.0207337 0.00183528 0.0174584 0.0214682 -0.0112145 0.031807
internal_weight=16759.3 14075.3 14050.9 6416.96 2683.96 1992.84 1863.17 998.72 7633.89 6509.29 5843.29 5831.03 4605.14 2992.07 1225.88 1220.57 944.686 275.883 1613.07 619.403 580.534 569.687 2858.77 585.939 216.087 2984.52 311.996 262.46 691.124 37.0229
internal_count=88372 73158 72991 32779 15214 11121 10303 5389 40212 34468 30948 29957 23853 15571 6104 6078 4766 1312 8282 3106 2902 2848 15355 2822 1031 15593 1456 1223 4093 184
is_linear=0
shrinkage=0.05


Tree=111
num_leaves=31
num_cat=0
split_feature=19 19 43 11 37 20 19 3 39 53 21 54 29 20 53 19 11 9 3 19 54 7 43 34 15 52 53 24 9 11
split_gain=104.181 37.1539 33.4957 25.059 20.0571 18.4293 17.4872 16.9922 15.6444 15.4781 12.709 11.1625 11.0979 11.4185 10.494 12.7572 10.4233 10.3862 10.5758 10.3376 10.2797 10.2423 10.0875 10.3079 9.88314 14.7206 9.78913 13.4927 9.48977 11.1906
threshold=3.8550000000000004 2.1050000000000004 27.100000000000005 6.4450000000000012 20.300000000000004 5.3350000000000009 5.3050000000000006 17.650000000000002 8.5000000000000018 4.7591666666666681 6.7750000000000012 2.2783333333333342 34.70000000000001 6.5750000000000011 4.7491666666666683 3.2350000000000008 6.7350000000000012 7.0550000000000006 27.750000000000004 4.6450000000000005 -0.63249999999999973 6.8250000000000011 16.400000000000002 34.70000000000001 7.0950000000000006 0.13000000000000014 4.054166666666668 32.500000000000007 7.2150000000000007 6.9350000000000014
decision_type=10 10 2 10 2 10 10 8 2 2 10 10 2 8 2 10 10 10 10 10 10 10 2 2 8 8 2 2 8 10
left_child=1 -1 3 -2 5 8 10 11 -5 14 26 20 13 -9 -3 -16 -10 18 -6 -14 -4 -18 -11 -24 -22 -26 27 -7 29 -28
right_child=2 9 7 4 17 6 -8 12 16 22 -12 -13 19 -15 15 -17 21 -19 -20 -21 24 -23 23 -25 25 -27 28 -29 -30 -31
leaf_value=-0.029133550931104171 -0.049733237213841666 -0.0045869898061865755 -0.010148386740723894 0.0023707951566433768 0.0046896767372819389 0.097506300344155972 -0.00041966403857552107 0.011197828891521629 0.0062373447951471006 -0.017292997822339215 -0.025675992993801463 0.058485310747020541 0.095663891396755837 -0.0017641690139215647 -0.032305938085123366 0.092463972038227704 -0.014468743142879468 -0.010758354652653382 -0.0016314332059681261 0.022615782946788003 0.0029606451693923548 -0.002422225776608675 -0.0031233239194010123 0.075349451342242968 0.11298783669432957 0.0055961584226973315 -0.0051460527816982781 -0.011208409185975807 0.044670682855710117 -0.016153281307946951
leaf_weight=262.92624588310719 24.995460689067841 768.83071565628052 159.65426754951477 3719.4980880469084 3500.5945617854595 5.3491536974906904 1752.4484397470951 1056.9686044603586 166.77934172749519 520.01603539288044 91.705740600824356 8.6820416152477247 5.0984487682580939 202.44811208546162 3.1246845424175245 5.9494028687477112 311.13735571503639 131.71264876425266 815.94412514567375 96.77381044626236 906.4266826659441 407.59817276895046 88.693929821252823 4.3920188397169104 5.106673449277876 8.5062006264924985 1261.3426744043827 6.1187255382537842 8.8816659152507764 282.65078336000443
leaf_count=2200 155 4484 824 19145 17935 28 9102 4956 902 3438 568 38 28 1016 22 35 1685 691 4274 455 4501 2205 543 27 25 42 7318 32 50 1648
internal_value=1.03847e-05 -0.0118966 0.00132886 0.000280116 0.000380432 -0.00111407 -0.00390113 0.00667467 0.000948828 -0.00863848 -0.00758526 0.00201745 0.0103982 0.00911422 -0.00395609 0.0494991 -0.00502397 0.00307278 0.00349481 0.0262717 0.00156338 -0.00763711 -0.0145795 0.00057921 0.00359572 0.0458826 -0.00652474 0.0395012 -0.00686464 -0.00716109
internal_weight=16590.4 1653.93 14936.4 12486.8 12461.8 8013.51 3408.5 2449.66 4605.01 1391.01 1656.05 1088.38 1361.29 1259.42 777.905 9.07409 885.515 4448.25 4316.54 101.872 1079.69 718.736 613.102 93.0859 920.04 13.6129 1564.34 11.4679 1552.88 1543.99
internal_count=88372 10749 77623 65738 65583 42683 18746 11885 23937 8549 9644 5430 6455 5972 4541 57 4792 22900 22209 483 5392 3890 4008 570 4568 67 9076 60 9016 8966
is_linear=0
shrinkage=0.05


Tree=112
num_leaves=31
num_cat=0
split_feature=20 20 53 13 20 53 44 32 38 8 21 20 54 13 11 41 5 13 54 18 19 23 23 29 13 32 36 17 21 33
split_gain=217.425 71.7011 30.5561 25.0084 24.7797 21.8081 17.0763 14.88 14.0258 12.029 11.7977 11.2532 11.8524 11.1613 11.5391 10.8631 13.2634 11.7244 13.3945 12.8221 11.9634 10.7077 9.67632 10.4695 11.9838 9.61078 12.4213 16.2947 10.8941 10.9771
threshold=2.8050000000000002 4.8550000000000013 4.6158333333333355 7.4750000000000005 1.6050000000000002 5.3055000000000012 15.600000000000003 5.1500000000000012 36.600000000000001 -1.0000000180025095e-35 6.2950000000000008 5.0950000000000006 1.4233333333333336 6.8050000000000006 6.9650000000000007 15.600000000000003 6.5550000000000006 6.7650000000000006 -1.7449999999999997 7.1750000000000007 8.0250000000000004 79.500000000000014 44.500000000000007 18.900000000000002 6.8550000000000013 3.4500000000000006 11.900000000000002 6.1350000000000007 6.4750000000000005 5.1500000000000012
decision_type=10 10 2 8 10 2 2 2 2 8 10 10 8 8 8 2 8 10 10 10 8 2 2 2 10 2 2 8 10 2
left_child=4 2 25 5 -1 8 -7 -4 10 22 -3 -8 15 14 21 16 -13 -17 -19 20 -20 -9 -10 24 -24 26 27 -2 -27 -30
right_child=1 3 7 -5 -6 6 11 13 9 -11 -12 12 -14 -15 -16 17 -18 18 19 -21 -22 -23 23 -25 -26 28 -28 -29 29 -31
leaf_value=-0.036329545899437071 0.0029979418361758938 0.0068659971894098866 -0.010307698739799533 -0.04903908743395477 -0.018336432007611422 -0.0005616562278066582 -0.012285225477188147 0.00026225875408957797 0.048908590109742182 0.0051551268047497368 -0.0039634706839560083 0.095434417309575317 0.023996602464440034 -0.0066199710740186216 0.08472082234280226 0.0090214610883294095 0.0084815169964924247 0.066994771892029167 -0.00017127844662198253 -0.019131036038900678 0.081795672598480432 0.092287175322447443 -0.028192986812902162 0.052067299560548154 0.041292394130487284 0.0049970836528851412 -0.0092879637287098093 0.063328264324665637 -0.016511770329614629 0.079442142896205395
leaf_weight=313.1089043840766 210.03281474113464 3696.7110031098127 1365.3248253762722 22.328713074326515 492.05274654179811 3113.464443102479 90.767052859067917 786.0079955086112 47.605793327093124 63.887354955077171 269.84936791658401 4.4047377407550803 84.915502175688744 1166.7082569077611 4.1010108590126029 403.80516488850117 1007.4780904948711 7.1341598182916632 787.80497635900974 95.178306266665459 4.4768886417150489 3.1737611740827552 16.791207164525989 13.109874367713926 9.8422404527664167 862.46456594765186 309.59139035642147 11.822184994816778 4.325934723019599 9.5841445624828321
leaf_count=3218 1177 18515 9123 148 3986 17643 535 5000 218 292 1510 23 435 7520 26 2157 5314 38 4251 527 24 20 77 61 45 4598 1746 67 24 54
internal_value=-4.48086e-05 0.00136208 -0.00368631 0.00381546 -0.0253335 0.00393691 0.00190563 -0.00630029 0.00669906 0.0216435 0.00612926 0.00499571 0.00565058 -0.00350874 0.00106705 0.00497626 0.00886002 0.00194952 -0.00124263 -0.00179118 0.000291886 0.000632345 0.0337032 0.0154897 -0.00251506 0.00248798 -0.00281708 0.00621282 0.00570505 0.0496012
internal_weight=15277.9 14472.7 4733.14 9739.55 805.162 9717.23 5599.43 3325.32 4117.8 151.236 3966.56 2485.96 2395.2 1959.99 793.283 2310.28 1011.88 1298.4 894.594 887.46 792.282 789.182 87.3491 39.7433 26.6334 1407.82 531.446 221.855 876.375 13.9101
internal_count=88372 81168 29355 51813 7204 51665 30947 21689 20718 693 20025 13304 12769 12566 5046 12334 5337 6997 4840 4802 4275 5020 401 183 122 7666 2990 1244 4676 78
is_linear=0
shrinkage=0.05


Tree=113
num_leaves=31
num_cat=0
split_feature=21 21 0 53 21 45 21 17 51 53 9 33 10 13 40 17 40 53 30 12 17 19 33 39 44 33 25 3 18 20
split_gain=391.681 125.59 37.9384 30.5715 19.2415 18.9503 18.6806 17.3345 16.2164 16.588 16.0592 15.6204 15.2432 15.1812 15.0919 14.4796 14.4151 14.3859 13.1723 12.8869 23.8912 20.5226 12.5366 12.4341 11.1165 10.766 21.0704 10.855 12.81 10.7575
threshold=2.7650000000000001 5.0250000000000012 7.5000000000000009 4.701833333333334 1.5850000000000002 20.550000000000004 4.285000000000001 5.1050000000000013 3.5000000000000004 4.7125000000000012 7.2250000000000005 29.000000000000004 1.7500000000000002 6.5550000000000006 8.9500000000000011 5.6750000000000007 6.3500000000000005 5.3991666666666669 22.450000000000003 0.75000000000000011 5.3350000000000009 5.1750000000000007 20.950000000000006 21.550000000000001 16.050000000000004 21.250000000000004 74.500000000000014 23.950000000000003 6.2950000000000008 6.1450000000000005
decision_type=10 10 2 2 10 2 10 10 2 2 10 2 10 8 2 10 2 2 2 10 10 10 2 2 2 2 2 10 10 8
left_child=4 3 11 22 -1 7 19 10 9 14 25 12 15 -8 -9 23 -14 -15 -11 -5 21 -21 -2 -3 -10 -4 27 -27 29 -29
right_child=1 2 5 6 -6 -7 13 8 24 18 -12 -13 16 17 -16 -17 -18 -19 -20 20 -22 -23 -24 -25 -26 26 -28 28 -30 -31
leaf_value=-0.037233600566300963 0.00088178753064087042 0.008775957594468 0.0039520886347077754 -0.013721300649652358 -0.023403513702144163 0.013583473841313308 0.078446660827848125 0.07594097466218433 0.0079474730250916528 -0.0022177551294001751 0.099589407810895814 0.021187772820887768 -0.012557277154192099 -0.0018470762018460178 0.0029317535064950478 0.0042275310947046726 0.10582989135295401 -0.011441866865658068 -0.012708684205769403 -0.019955900093417564 -0.031456925793307118 0.12654797107720639 0.033315069897888704 0.0181651480699693 -0.0027750993985502688 0.0057363367090949363 0.13007823348423073 0.0096393456236385164 0.07815529598729487 0.084997671808813333
leaf_weight=490.43599487841129 1196.3259252309799 2272.0165839791298 919.46676585078239 1052.5390608981252 516.20429462194443 333.42636153101921 5.4816403687000266 12.050127089023592 627.84749741852283 1135.5261926427484 4.6073753535747519 242.53139753639698 3.8899510949850065 1232.6218727901578 17.155493348836899 1601.1923917904496 7.5849233269691467 571.93758276849985 406.25667418539524 3.5898899361491221 9.4301376938819867 7.154259130358696 30.555511452257633 417.3909058123827 393.03483606874943 104.69987551867962 4.0840353369712821 34.735901564359665 12.336941376328467 5.4833434224128714
leaf_count=5569 7664 12041 5160 8369 5171 1822 36 61 3598 7180 24 1212 22 8363 88 9117 40 4514 2630 27 75 52 167 2090 2424 556 20 182 68 30
internal_value=-0.000122891 0.00226306 0.00571394 -0.00492088 -0.0301415 0.00216966 -0.00773423 0.00113474 -0.00108679 -0.00427496 0.00643957 0.00884185 0.00814585 -0.00463568 0.0330551 0.00799193 0.065697 -0.00488805 -0.00498209 -0.0129626 0.0266217 0.0775973 0.00168954 0.0102331 0.00381933 0.00604248 0.0179555 0.0150436 0.033585 0.0199134
internal_weight=13671.6 12665 8555.32 4109.64 1006.64 4010.71 2882.75 3677.29 2591.87 1570.99 1085.41 4544.61 4302.07 1810.04 29.2056 4290.6 11.4749 1804.56 1541.78 1072.71 20.1743 10.7441 1226.88 2689.41 1020.88 1080.81 161.34 157.256 52.5562 40.2192
internal_count=88372 77632 48365 29267 10740 23843 21436 22021 15981 9959 6040 24522 23310 12913 149 23248 62 12877 9810 8523 154 79 7831 14131 6022 6016 856 836 280 212
is_linear=0
shrinkage=0.05


Tree=114
num_leaves=31
num_cat=0
split_feature=46 54 28 40 25 2 29 38 5 20 13 35 15 52 19 17 37 26 12 22 20 30 26 28 40 54 25 28 39 37
split_gain=107.196 33.4402 18.6419 17.3923 12.9554 11.8958 14.3063 12.9472 12.3639 12.1306 12.0695 12.1907 11.5601 11.4606 11.2459 13.8875 11.9175 10.983 10.5181 20.8088 10.4847 11.4782 15.2706 10.3367 10.0434 12.8205 12.6807 14.619 23.0418 10.1535
threshold=2.5000000000000004 0.50166666666666748 63.100000000000009 14.900000000000002 51.500000000000007 4.5000000000000009 23.650000000000002 6.4500000000000011 7.1650000000000009 3.7750000000000004 6.6550000000000011 27.550000000000004 6.7150000000000007 -0.044999999999999894 6.3350000000000009 4.705000000000001 5.1500000000000012 72.500000000000014 1.7500000000000002 18.500000000000004 2.3350000000000004 17.500000000000004 31.500000000000004 79.000000000000014 9.4500000000000011 -0.53499999999999981 51.500000000000007 52.300000000000004 6.9000000000000012 20.750000000000004
decision_type=2 10 2 2 2 10 2 2 10 10 10 2 10 10 10 8 2 2 10 2 8 2 2 2 2 8 2 2 2 2
left_child=3 5 14 4 -1 6 23 10 -9 12 11 -7 -8 -10 16 17 20 -16 -4 -20 21 -3 -23 -2 -12 -26 27 28 29 -27
right_child=1 2 18 -5 -6 7 9 8 13 -11 24 -13 -14 -15 15 -17 -18 -19 19 -21 -22 22 -24 -25 25 26 -28 -29 -30 -31
leaf_value=0.0058550663721536446 0.0031580754734660934 0.011212667541972761 -0.012915449892248987 0.010048089781526328 -0.0018514527170184567 0.19862779636906719 0.13398787618711913 0.0009350792857884797 0.0040123210149209691 -0.010325728183360458 0.0029580213587249559 0.026456417889344993 0.015785422056394709 0.17179324415841399 0.019559367536642686 -0.0045273361633985272 -0.0091854337814544339 0.12283184962150891 0.20683344164917583 0.0038499395158684818 -0.00092207597282668342 0.15493037046928859 0.019026374771393038 -0.014140643544552346 0.1596136900597013 0.013161596776874469 -0.014344310459602112 0.017206481585522557 0.22937593317271676 0.13225148368799586
leaf_weight=1667.019408158958 1004.1708727627993 22.753566861152652 1418.043138731271 1579.4189702793956 810.49448082596064 2.0421817973256102 2.4972121044993392 162.10026402026415 2.0058624595403671 443.13654094189405 30.808375522494316 2.0705236047506332 12.047965183854101 2.0662455335259429 74.939139723777771 109.76702444255352 899.98843614012003 2.6660959795117369 1.5890183597803105 6.1463152840733528 289.07195381820202 3.7345652952790243 4.6288704499602318 94.481365159153938 2.1830243095755577 4.9943973273038917 9.4032639265060407 11.925638183951376 2.5360269919037819 2.7894545122981071
leaf_count=15618 10469 231 17887 12473 7714 20 24 1743 21 4872 325 21 112 21 772 1198 9964 27 20 77 3143 38 48 1207 20 43 91 126 23 24
internal_value=1.58968e-05 -0.00518793 -0.00856857 0.00594786 0.00333395 0.000159402 -0.00142367 0.010647 0.00309673 -0.00885097 0.0288955 0.111949 0.0360792 0.0891467 -0.00448669 0.00691827 -0.00623806 0.0231073 -0.0125983 0.0455475 0.00204645 0.0296236 0.0797122 0.00167043 0.0236112 0.0424187 0.034335 0.054912 0.0984844 0.0558392
internal_weight=8681.52 4624.59 2833.33 4056.93 2477.51 1791.26 1556.33 234.925 166.172 457.682 68.7529 4.11271 14.5452 4.07211 1407.55 187.372 1220.18 77.6052 1425.78 7.73533 320.189 31.117 8.36344 1098.65 64.6402 33.8318 31.6488 22.2455 10.3199 7.78385
internal_count=88372 52567 33405 35805 23332 19162 16684 2478 1785 5008 693 41 136 42 15421 1997 13424 799 17984 97 3460 317 86 11676 652 327 307 216 90 67
is_linear=0
shrinkage=0.05


Tree=115
num_leaves=31
num_cat=0
split_feature=41 7 17 3 21 29 43 53 26 30 16 11 28 11 5 4 25 34 23 19 9 16 41 11 36 17 26 35 18 38
split_gain=28.3902 22.1488 20.3014 17.1224 14.1888 13.4251 10.1583 9.43279 9.01962 12.4791 13.5884 11.6068 9.84249 9.16545 9.11494 9.03781 10.5756 9.17069 9.01446 8.94386 8.78313 14.7552 11.5103 8.76723 10.6876 8.7517 11.427 9.64446 11.6802 11.2176
threshold=26.200000000000006 7.3250000000000011 3.4450000000000007 16.050000000000004 4.7250000000000005 37.150000000000006 31.000000000000004 4.9041666666666677 39.500000000000007 18.350000000000005 6.8250000000000011 6.9650000000000007 84.300000000000026 7.1850000000000014 6.9350000000000014 -1.0000000180025095e-35 11.500000000000002 22.050000000000001 24.500000000000004 5.8850000000000007 6.8250000000000011 7.1550000000000011 15.600000000000003 7.1950000000000012 18.650000000000002 4.285000000000001 38.500000000000007 4.6500000000000012 7.7150000000000007 24.050000000000004
decision_type=2 8 10 8 8 2 2 2 2 2 10 10 2 8 8 8 2 2 2 10 8 8 2 8 2 10 2 2 8 2
left_child=1 2 7 23 8 6 -5 18 9 -4 13 14 20 15 -10 -11 17 -17 -1 -16 22 -22 -12 -2 -25 26 -6 29 -29 -27
right_child=3 -3 4 5 25 -7 -8 -9 11 10 12 -13 -14 -15 19 16 -18 -19 -20 -21 21 -23 -24 24 -26 27 -28 28 -30 -31
leaf_value=-0.019119611950313808 -0.00036925409829763025 -0.043063398842967199 -0.002925289366894724 0.0075167979560459815 -0.00065409424884013429 -0.010360172289036082 0.021937743127511077 -0.022498189117704084 0.0034459987851643394 0.0070473338060011992 -0.01511073650979791 0.013110844819135102 -0.029173788319548106 0.071291616315563952 -0.018854432029381921 0.00648185420089511 -0.0073727083199381762 0.072278780155506497 -0.0018330351418736051 0.010215568979565158 0.033154623868678561 0.12223069934948053 0.050451486071711904 0.10985621557821833 -0.0044638871609050425 0.005516703846204808 -0.011191726996994118 -0.0021574957304814073 0.020066833887628126 -0.0090079080575414094
leaf_weight=105.1128768324852 1247.1656740158796 31.141273990273476 1626.9888361692429 1536.4233890026808 501.44309721887112 98.202083490788937 132.66081029176712 127.01518830657005 1888.9149903729558 431.14607748389244 13.716666594147684 300.10555909574032 6.5182942003011695 4.8711820542812339 90.437126353383064 17.172631204128269 261.51352524757385 7.6571447551250449 266.9328148663044 37.401665836572647 15.838221326470377 6.5807054042816153 13.076624497771261 4.0092497915029508 4.1717796623706818 880.37706373631954 528.32903665304184 5589.1947124004364 59.751982107758522 156.57514284551144
leaf_count=649 6619 239 8816 7851 2940 532 687 825 10221 2339 74 1628 34 26 492 92 1417 41 1632 206 83 34 66 21 22 4890 3108 31568 334 886
internal_value=7.04711e-05 -0.000946675 -0.000845291 0.00443427 -0.000448529 0.00760594 0.00866299 -0.0107334 0.00171022 -0.000434594 0.00477345 0.0039367 0.028562 0.00293815 0.00257153 0.00247408 -0.00441185 0.0267727 -0.00671696 -0.0103495 0.0362093 0.0593014 0.0168873 -3.083e-05 0.0515606 -0.00176967 -0.00606047 -0.00110879 -0.00192242 0.00332355
internal_weight=15990.4 12967.8 12936.7 3022.63 12437.6 1767.29 1669.08 499.061 4721.94 2405.08 778.091 2316.86 55.7305 722.361 2016.75 717.489 286.343 24.8298 372.046 127.839 49.2122 22.4189 26.7933 1255.35 8.18103 7715.67 1029.77 6685.9 5648.95 1036.95
internal_count=88372 72640 72401 15732 69295 9070 8538 3106 25569 13022 4206 12547 291 3915 10919 3889 1550 133 2281 698 257 117 140 6662 43 43726 6048 37678 31902 5776
is_linear=0
shrinkage=0.05


Tree=116
num_leaves=31
num_cat=0
split_feature=42 18 53 18 48 16 30 54 17 27 53 31 34 21 29 15 39 43 24 39 52 11 48 25 9 18 22 52 3 17
split_gain=27.7243 23.8156 15.561 14.8305 14.6835 13.0445 13.3732 12.7778 11.9353 13.5332 11.715 11.6075 12.5936 11.5046 10.4464 10.5813 11.506 15.478 10.2713 9.54113 9.47916 11.4928 13.628 12.6995 12.4275 12.7253 12.1627 11.815 11.9164 10.5512
threshold=22.400000000000002 4.535000000000001 5.6855000000000002 7.035000000000001 1.5000000000000002 6.6650000000000009 36.600000000000001 0.031666666666666454 6.0750000000000011 50.500000000000007 4.5955000000000004 22.900000000000002 21.300000000000001 7.5050000000000008 46.900000000000013 7.0650000000000004 9.7500000000000018 10.400000000000002 56.500000000000007 22.450000000000003 -1.4300000000000002 6.8050000000000006 2.5000000000000004 29.500000000000004 6.8550000000000013 6.7250000000000005 6.5000000000000009 -1.8599999999999997 12.950000000000001 6.2550000000000008
decision_type=2 10 2 10 2 8 2 10 10 2 2 2 2 10 2 8 2 2 2 2 8 8 2 2 10 10 2 10 10 10
left_child=1 2 4 5 -1 -3 11 19 14 -10 -6 13 -13 -7 15 -9 -17 -18 -14 20 21 26 23 29 25 27 -2 -24 -29 -23
right_child=7 3 -4 -5 10 6 -8 8 9 -11 -12 12 18 -15 -16 16 17 -19 -20 -21 -22 22 24 -25 -26 -27 -28 28 -30 -31
leaf_value=-0.01394705554346529 0.063894252871874224 -0.00015961314875315155 -0.024162434399744716 -0.0068876765265946834 0.0011356411268227484 0.0069355064780606164 0.0216978139595028 0.0025444036663569963 0.015379691975605665 0.0014887329123090612 -0.0053456219561353628 -0.007977355768377414 0.041358905051145554 -0.027455659633304253 0.048628050651752797 0.014121167228964226 0.0034007964995106527 0.12908754515494861 -0.018091490363730457 -0.012049830803278858 -0.0014424198460493099 0.058689950779830469 0.037812214329446071 -0.0099902095697846777 0.014549914853816411 -0.015106480357133682 -0.0037077351635716204 0.023270903147076728 0.12613378880992138 0.0026842894910364548
leaf_weight=340.79804642498493 6.8957598507404319 6617.1337838843465 99.608164921402931 679.52288924157619 1093.1182740181684 1061.2838382720947 110.8054590523243 2005.6935099512339 519.19767385721207 264.7435614168644 1925.0133300796151 292.61768062412739 24.593835741281509 24.887682348489761 12.716759860515593 51.712266758084297 4.4277335703372938 5.4825107306241989 10.31145505607128 152.14547304809093 1042.2773445099592 14.941374957561491 22.669251218438148 70.273284286260605 73.646099418401718 6.6752975881099692 189.38482174277306 3.9514898955821982 9.794451639056204 19.237164378166199
leaf_count=2030 36 34896 590 3604 5859 5440 573 10000 2470 1265 10916 1517 128 134 62 253 22 27 54 843 5527 80 115 371 373 34 981 20 50 102
internal_value=5.78745e-05 -0.00117003 -0.00468664 0.000208733 -0.00410909 0.000801018 0.00497067 0.00342668 0.00543089 0.0106886 -0.00299821 0.00365959 -0.0045911 0.00614749 0.00344932 0.00317141 0.0235794 0.0729328 0.0237965 -0.000134359 0.00110756 0.00747399 0.015289 0.00216848 0.0270288 0.0483564 -0.00133273 0.0599898 0.0965642 0.0271675
internal_weight=16755.6 12279.7 3458.54 8821.16 3358.93 8141.63 1524.5 4475.87 2863.97 783.941 3018.13 1413.69 327.523 1086.17 2080.03 2067.32 61.6225 9.91024 34.9053 1611.89 1459.75 417.469 221.188 104.452 116.737 43.0905 196.281 36.4152 13.7459 34.1785
internal_count=88372 65741 19395 46346 18805 42742 7846 22631 14099 3735 16775 7273 1699 5574 10364 10302 302 49 182 8532 7689 2162 1145 553 592 219 1017 185 70 182
is_linear=0
shrinkage=0.05


Tree=117
num_leaves=31
num_cat=0
split_feature=19 19 11 43 53 19 54 52 49 37 16 54 48 53 33 18 9 25 16 25 54 2 13 16 42 9 40 0 19 40
split_gain=97.3634 40.0019 23.0723 20.4526 19.0364 17.0936 13.7816 14.6632 11.4309 13.0685 12.8581 11.1476 11.1358 10.9551 10.9453 10.8227 10.6964 10.4897 10.2586 10.2303 10.1583 9.99089 12.904 12.501 9.87174 11.2453 10.1823 9.73557 10.7826 9.60389
threshold=3.0550000000000002 4.5850000000000009 6.4450000000000012 19.100000000000005 4.6058333333333357 1.7850000000000004 0.48333333333333367 -0.020000000000000195 2.5000000000000004 41.45000000000001 5.1850000000000014 -1.3466666666666669 3.5000000000000004 4.6918333333333342 31.400000000000002 2.1150000000000007 7.035000000000001 69.500000000000014 5.1450000000000005 41.500000000000007 1.8741666666666668 1.5000000000000002 7.4750000000000005 7.0850000000000009 6.4500000000000011 6.9350000000000014 5.1500000000000012 11.500000000000002 7.4750000000000005 12.050000000000002
decision_type=10 10 10 2 2 8 8 10 2 2 10 10 2 2 2 10 10 2 8 2 10 8 8 10 2 8 2 2 10 2
left_child=5 4 -3 6 15 -1 8 17 9 10 12 -5 -4 -7 18 -2 -9 29 24 -11 -6 23 -23 -10 25 26 -14 28 -25 -8
right_child=1 2 3 11 20 13 7 16 21 19 -12 -13 14 -15 -16 -17 -18 -19 -20 -21 -22 22 -24 27 -26 -27 -28 -29 -30 -31
leaf_value=-0.033261159210100193 0.040885008791076288 -0.049233008634613933 -0.0043930627574278475 -0.0084430364459071924 -0.0068713983029979322 -0.0087031157342305852 0.010417204640004063 0.0013830477419175344 0.0063071864807735791 0.0021918323608972378 -0.011575437529344392 0.0052497023515018322 0.089476546584621175 -0.024310814477957753 0.092907133279638829 0.00085768172251846477 0.016749309824664448 -0.021857457764518522 0.078008683243982482 0.086873425894049339 0.0076138329006673472 -0.0017725092550892052 0.079269759642733764 -0.03735538272134202 0.00056015285585369809 0.11144901652253032 0.0029896345532956208 0.024449633857419474 0.019238205614563769 0.031193685344557628
leaf_weight=159.06819611787796 17.126016467809677 21.781318664550781 791.79046632349491 153.55656683444977 2437.5166700705886 309.25156757235527 197.55790759623051 2680.7280156314373 898.29648099839687 7.4279546588659269 516.21108707785606 4643.8393781781197 4.2332255989313188 176.65046568214893 3.8294251114130011 1212.2696983665228 118.24665062129498 19.309709891676903 5.0128102153539649 6.8608176112174988 127.3590302914381 1759.0885663628578 4.9255674034357062 41.504725262522697 149.66184729337692 3.9762610346078864 17.356311440467834 11.783624500036238 10.557316571474074 77.418364837765694
leaf_count=1437 88 141 4346 809 14473 2016 996 13608 4656 40 2864 22799 22 1323 22 6435 606 97 27 37 675 9174 25 220 812 21 93 62 56 392
internal_value=1.05314e-05 0.000781181 0.00218123 0.0022736 -0.00370019 -0.0190346 0.000611676 0.00314847 -0.00124229 -0.0047379 -0.00519364 0.00481142 -0.0018178 -0.0143773 0.00925991 0.00141528 0.00203222 0.0137652 0.00748273 0.0428521 -0.00615213 0.000689232 -0.00154622 0.00478776 0.00546516 0.034179 0.0199478 -0.0165903 -0.0258791 0.0162667
internal_weight=16584.2 15939.2 12145 12123.2 3794.27 644.97 7325.78 3093.26 4232.52 1506.36 1492.07 4797.4 975.86 485.902 184.07 1229.4 2798.97 294.286 180.24 14.2888 2564.88 2726.16 1764.01 962.142 175.228 25.5658 21.5895 63.8457 52.062 274.976
internal_count=88372 83596 61925 61784 21671 4776 38176 15699 22477 8284 8207 23608 5343 3339 997 6523 14214 1485 975 77 15148 14193 9199 4994 948 136 115 338 276 1388
is_linear=0
shrinkage=0.05


Tree=118
num_leaves=31
num_cat=0
split_feature=20 20 53 13 51 20 44 44 46 20 38 16 50 38 24 5 30 21 40 13 38 11 30 21 32 52 1 22 44 27
split_gain=202.828 65.2035 26.6836 26.5693 25.3684 24.4281 19.0239 14.2174 13.5735 12.4655 11.8186 13.4014 11.2888 16.308 11.465 11.1086 14.063 12.7515 11.0407 10.8554 10.7339 12.5631 17.2918 23.2545 12.4628 10.4563 10.2381 10.089 11.1425 10.0883
threshold=2.8050000000000002 4.5550000000000006 5.0008333333333352 7.4750000000000005 2.5000000000000004 1.6050000000000002 17.500000000000004 20.400000000000002 3.5000000000000004 7.8750000000000009 26.000000000000004 5.7150000000000007 2.5000000000000004 30.200000000000003 72.500000000000014 7.1450000000000005 7.8500000000000005 4.4250000000000007 10.600000000000001 6.955000000000001 9.6000000000000014 7.0050000000000008 8.1500000000000021 5.6250000000000009 22.900000000000002 1.1950000000000001 2.5000000000000004 47.500000000000007 21.250000000000004 14.500000000000002
decision_type=10 10 2 8 2 10 2 2 2 10 2 10 2 2 2 8 2 8 2 10 2 8 2 8 2 10 8 2 2 2
left_child=5 2 7 4 8 -1 12 29 15 -8 25 -12 13 -6 -14 -3 17 -17 26 27 24 -22 23 -23 -4 -10 -11 28 -9 -2
right_child=1 3 20 -5 6 -7 9 19 10 18 11 -13 14 -15 -16 16 -18 -19 -20 -21 21 22 -24 -25 -26 -27 -28 -29 -30 -31
leaf_value=-0.035876062158511621 0.0080736341404206331 0.0066372634747443055 -0.013932855593336277 -0.048836767082173563 -0.0067703606164572121 -0.017784375773163146 0.0041988596223037945 0.10143255697478155 -0.0049574941974196299 0.028500029267292077 0.079404901083697063 0.0099976140375256702 -7.906729373015357e-05 0.019791654538761718 0.020076209723069116 0.12504408095358102 0.013600316226654039 0.015155359798210291 -0.0048408998995330445 -0.023986052119283188 -0.0054758745374588478 0.15666141462477037 0.0020468337492350656 -0.0016374148480789931 0.011563137445784265 0.0040354396826901666 0.10551137130316079 0.0031696706474459452 0.030742202204971387 -0.0032072088716868573
leaf_weight=303.40479625016451 223.89727713167667 4459.8919834643602 971.26405451446772 24.499113894999027 1162.6845804154873 484.58636693656445 1815.4050247520208 6.5273737460374823 639.96964794397354 9.9610776156187111 7.2020943760871878 202.47705261409283 1866.9596483111382 60.807516530156136 73.327519819140434 6.6706015318632099 24.532010659575462 4.3690129965543756 9.586110904812811 12.636423096060751 365.41703033447266 5.1007319539785394 19.607419669628143 4.2556598782539377 50.418685257434845 653.0950763374567 7.6149232983589163 28.933879941701889 38.185012370347977 1725.9624458923936
leaf_count=3218 1326 22751 6670 166 7043 3986 9812 36 3498 53 37 1047 10567 346 416 31 121 22 51 70 2443 33 130 29 335 3421 40 156 210 10308
internal_value=-4.62809e-05 0.00129798 -0.00469887 0.00317505 0.00329085 -0.0247503 0.000663116 -0.00103297 0.00548406 0.00470191 0.00137019 0.0123816 -0.00168905 -0.00545023 0.000682643 0.00685924 0.0346899 0.0815548 0.0383235 0.0188287 -0.00997004 -0.00296344 0.0287342 0.0846608 -0.0126747 -0.000415385 0.0618657 0.026175 0.041062 -0.00191186
internal_weight=15269.3 14481.3 3452.21 11029.1 11004.6 787.991 5006.35 2036.14 5998.21 1842.57 1502.74 209.679 3163.78 1223.49 1940.29 4495.46 35.5716 11.0396 27.1621 86.2827 1416.06 394.381 28.9638 9.35639 1021.68 1293.06 17.576 73.6463 44.7124 1949.86
internal_count=88372 81168 21746 59422 59256 7204 28328 12106 30928 9956 8003 1084 18372 7389 10983 22925 174 53 144 472 9640 2635 192 62 7005 6919 93 402 246 11634
is_linear=0
shrinkage=0.05


Tree=119
num_leaves=31
num_cat=0
split_feature=21 51 17 53 21 15 21 15 18 12 19 39 33 3 21 39 0 45 31 20 25 28 18 10 54 20 36 41 22 40
split_gain=367.326 116.033 38.9501 36.9736 22.2976 19.3746 19.1693 18.6533 18.4254 20.8633 21.2432 18.2783 17.9332 17.7087 17.0581 15.3896 14.986 14.5728 14.3713 13.9564 18.1946 13.8394 13.747 13.0382 12.8807 16.992 12.643 12.6056 12.3626 11.9955
threshold=2.7650000000000001 2.5000000000000004 5.4850000000000012 5.8966666666666674 4.3250000000000011 6.9250000000000007 1.5850000000000002 7.5050000000000008 4.0550000000000006 0.75000000000000011 5.1550000000000011 27.100000000000005 31.000000000000004 10.950000000000001 6.8550000000000013 38.000000000000007 7.5000000000000009 22.450000000000003 21.550000000000001 1.3150000000000002 33.500000000000007 45.250000000000007 5.4250000000000007 1.7500000000000002 2.7008333333333341 3.0350000000000006 57.20000000000001 55.300000000000004 39.500000000000007 14.900000000000002
decision_type=10 2 10 2 10 8 10 8 10 10 10 2 2 10 10 2 2 2 2 10 2 2 8 10 10 10 2 2 2 2
left_child=6 2 4 7 8 11 -1 15 -2 19 -11 24 22 -14 -5 16 23 -18 -15 20 21 -10 -4 26 27 -26 -3 -6 -23 -19
right_child=1 3 12 14 5 -7 -8 -9 9 10 -12 -13 13 18 -16 -17 17 29 -20 -21 -22 28 -24 -25 25 -27 -28 -29 -30 -31
leaf_value=-0.036827603898663859 0.0073862756393528531 0.010264715452229957 -0.0053947671009835158 -0.0027175569679032049 0.0039816767373054979 -0.0063450367240252704 -0.022837949234361155 -0.050446853862926681 0.12753222529320782 -0.0050221574744073669 0.10110327579256979 0.035921408560400651 -0.04978313632345191 0.035525989385616616 0.0071230758932321189 0.02616701339353061 0.0039318038599869326 0.02884709628086168 0.14556972325875037 -0.010655339840759982 -0.01069579542068181 0.091744152390531686 -0.013524052721125985 0.082999114459494053 0.1305703776562574 -0.012163107678579243 0.071647996016500334 0.1020485377290056 -0.036930425762318017 -0.0088669511144820311
leaf_weight=474.61293718218803 224.6725102737546 2957.9607338011265 1152.2549369260669 1320.795333109796 1725.5053784102201 446.10922878235579 505.85683128237724 13.341069191694258 5.6168242692947405 10.346641547977926 8.6640332192182523 47.452122434973717 4.6687509417533901 13.299572519958021 660.64854356646538 123.80852615833282 1917.6767719984055 104.01138173043728 3.818844959139823 913.99738957732916 16.513957150280476 3.530668169260025 947.83234342187643 6.2039337307214728 4.620551183819769 3.7999462932348251 8.4124926775693876 3.2830921560525885 3.9606679528951645 26.444594606757164
leaf_count=5569 1548 15216 8033 8506 10696 2833 5171 79 33 73 58 261 30 79 3925 607 10864 514 23 6855 101 22 6978 30 23 21 42 20 25 137
internal_value=-0.000124642 0.00215541 -0.00327446 0.00636888 2.87823e-05 0.00297498 -0.0296099 0.00859908 -0.0055067 -0.00851584 0.0433441 0.00530469 -0.00859557 0.0365336 0.000563485 0.0087522 0.00832276 0.00503184 0.060075 -0.00956064 0.0242165 0.0681999 -0.00906376 0.0105902 0.00446839 0.0661586 0.0104388 0.00416791 0.0237139 0.0212021
internal_weight=13659.7 12679.3 5539.95 7139.3 3418.07 2230.77 980.47 5157.86 1187.3 962.63 19.0107 1784.66 2121.87 21.7872 1981.44 5144.52 5020.71 2048.13 17.1184 943.62 29.6221 13.1082 2100.09 2972.58 1737.21 8.4205 2966.37 1728.79 7.49134 130.456
internal_count=88372 77632 37712 39920 22569 13854 10740 27489 8715 7167 131 11021 15143 132 12431 27410 26803 11515 102 7036 181 80 15011 15288 10760 44 15258 10716 47 651
is_linear=0
shrinkage=0.05


Tree=120
num_leaves=31
num_cat=0
split_feature=54 28 28 40 40 5 40 52 40 21 21 53 29 12 22 20 19 8 13 52 21 42 18 3 6 29 24 39 17 42
split_gain=99.3232 27.8075 23.4051 22.2625 14.0248 13.1269 15.6974 15.6858 14.4331 16.6736 13.6133 12.1455 11.8883 11.7621 18.7809 11.5191 11.1896 12.6014 10.6854 10.8314 14.4019 13.0606 16.6753 20.0394 10.7913 15.3969 20.2463 10.8435 12.0012 10.4864
threshold=0.50166666666666748 53.45000000000001 64.40000000000002 19.600000000000005 8.4500000000000011 7.0450000000000008 11.300000000000002 -0.7749999999999998 13.450000000000001 5.1250000000000009 3.7750000000000004 4.3791666666666673 31.700000000000006 1.7500000000000002 18.500000000000004 6.0650000000000004 6.5550000000000006 1.0000000180025095e-35 6.705000000000001 1.5500000000000005 5.1250000000000009 23.200000000000006 5.4650000000000007 22.950000000000003 1.0000000180025095e-35 22.900000000000002 31.500000000000004 6.1500000000000012 4.285000000000001 5.7500000000000009
decision_type=8 2 2 2 2 10 2 10 2 10 10 2 2 10 2 10 8 10 10 10 10 2 10 10 8 2 2 2 10 2
left_child=1 3 4 5 -2 10 -7 -8 9 -9 11 -1 18 -4 -15 -13 -6 -18 19 21 -21 29 23 -23 -20 27 -27 28 -26 -3
right_child=2 12 13 -5 16 6 7 8 -10 -11 -12 15 -14 14 -16 -17 17 -19 24 20 -22 22 -24 -25 25 26 -28 -29 -30 -31
leaf_value=0.00061134356043760852 -0.0076172354920396495 0.027707635111866819 -0.012090688178229766 0.013629657011887293 -0.00059929115078522768 0.0062929848879342172 0.011625154055502544 0.244288733198602 0.053408616489359906 0.057933810951969304 0.0022546298830555533 0.02318918480504369 -0.012731801843757933 0.18271683451787413 0.0048802932276812384 0.0034192746189399509 0.01588528645740285 0.12867274395096273 -0.0024786561097898752 0.17854629210035633 0.022366513337029742 0.055073489953716061 0.016242624622441661 0.23473618419383532 0.14274780921640953 0.17094676919647636 0.02178844327896403 -0.029551330191275517 0.016406829500259054 -0.0069381493393939819
leaf_weight=176.60716634243727 946.54378362745047 28.647659383714199 1370.0571556463838 851.71915558725595 945.66237358003855 61.476956255733967 17.81177707016468 2.4073794484138515 17.331652000546455 2.3938236907124519 2379.1450336948037 227.98365376889706 204.88750782608986 1.9709037169814099 6.0170575007796288 108.86185106635094 68.627537615597248 2.5692033916711798 1079.1275824978948 2.2199584618210784 4.4050838053226471 7.4319973513483983 29.957475706934929 1.9617477059364317 2.1150660738349023 3.6895273849368078 5.9342550858855247 12.458897836506365 16.887506395578384 91.919192112982273
leaf_count=1492 10659 309 17462 6306 9436 559 145 22 137 22 22059 1979 2289 21 75 963 680 24 11805 20 46 76 331 21 20 38 64 134 175 1003
internal_value=1.72062e-05 0.00424942 -0.00674303 0.00649708 -0.00323725 0.00446805 0.0221489 0.046552 0.07466 0.151374 0.00384811 0.0112317 -0.00154545 -0.011738 0.0487587 0.0167999 0.000839868 0.0199553 0.000235731 0.0120527 0.0747002 0.00945732 0.0344687 0.0925934 -0.0015211 0.0236295 0.0789722 0.00670072 0.0304691 0.00129397
internal_weight=8678.83 5337.38 3341.45 3845.74 1963.4 2994.02 101.422 39.9446 22.1329 4.8012 2892.6 513.453 1491.64 1378.05 7.98796 336.846 1016.86 71.1967 1286.76 166.543 6.62504 159.918 39.3512 9.39375 1120.21 41.0853 9.62378 31.4615 19.0026 120.567
internal_count=88372 50015 38357 33684 20799 27378 885 326 181 44 26493 4434 16331 17558 96 2942 10140 704 14042 1806 66 1740 428 97 12236 431 102 329 195 1312
is_linear=0
shrinkage=0.05


Tree=121
num_leaves=31
num_cat=0
split_feature=41 7 17 54 7 17 35 3 35 32 53 23 52 35 27 21 44 41 26 3 34 23 25 3 3 42 21 53 26 22
split_gain=26.3858 14.8655 11.7718 11.7007 11.0653 11.009 11.0667 10.9903 11.6602 11.1004 11.0984 12.6255 12.2016 11.6673 18.3206 12.6698 10.163 9.90364 10.1255 10.645 12.9972 12.4588 13.1289 10.2583 9.86355 11.1275 9.7944 10.7877 11.7934 10.629
threshold=14.550000000000002 7.3450000000000006 3.4450000000000007 0.59500000000000031 7.3950000000000005 2.5350000000000006 1.0000000180025095e-35 19.950000000000003 55.300000000000004 37.150000000000006 4.8708333333333345 83.500000000000014 0.4549999999999999 22.900000000000002 66.500000000000014 1.8550000000000002 6.9000000000000012 28.900000000000002 63.500000000000007 19.150000000000002 12.700000000000001 48.500000000000007 11.500000000000002 5.9500000000000011 29.450000000000003 31.700000000000006 6.3550000000000013 4.7325000000000008 33.500000000000007 52.500000000000007
decision_type=2 8 10 10 8 8 2 8 2 2 2 2 10 2 2 10 2 2 2 10 2 2 2 10 10 2 8 2 2 2
left_child=4 2 -2 17 5 -1 -7 -8 9 10 11 12 -9 -14 -15 -16 -17 -4 19 20 23 -21 -23 -19 26 -26 29 28 -28 -5
right_child=1 -3 3 24 -6 6 7 8 -10 -11 -12 -13 13 14 15 16 -18 18 -20 21 -22 22 -24 -25 25 -27 27 -29 -30 -31
leaf_value=-0.021249877349994405 -0.012595207876326932 -0.044520470885630027 -0.00045250323992538629 0.0024200089743989916 -0.04703991234701646 0.0010919897484308852 -0.00098216874162750014 -0.0078592639358422162 0.082685014654502134 -0.036492240213977865 -0.0080310227555007736 0.09541373709749125 -0.0015708017530798768 0.0094374591881744557 -0.0088043748729268838 0.11321551153720599 0.016163943314697175 -0.040085245191433104 -0.0063709813171953763 0.0058092417623668048 -0.0043609783290659869 0.070746027265207317 0.018546223875501127 0.013826650863170684 0.014238132553287645 -0.021687714977894759 0.061258698712227999 -0.0066335491411683174 -0.0046462391693950274 0.0091300145300128137
leaf_weight=74.611349925398827 137.00081098824739 17.242951244115829 4152.256748765707 1878.0857886523008 13.753148928284643 2094.8022489845753 2512.9311920106411 351.97498463094234 3.7192396074533454 29.30591656267643 1489.5059407353401 3.4077367633581153 258.03497448563576 130.28750085830688 4.6123781651258495 9.9921925961971265 3.6949729770421973 9.2268877178430539 177.33219683170319 312.31899330019951 335.96371993422508 12.968920037150381 169.20014014840126 201.88366919755936 355.08435069024563 22.946578145027161 12.70750378072262 337.72779533267021 14.571926563978193 860.63289140164852
leaf_count=592 783 140 23009 9624 114 11652 14276 2030 20 175 8924 19 1434 705 24 53 20 52 947 1633 1833 66 888 1090 1799 120 64 1803 74 4409
internal_value=7.20367e-05 0.00186023 0.00194919 0.00217427 -0.00223528 -0.00214683 -0.00194004 -0.00326396 -0.00577388 -0.00591813 -0.00552017 -0.000612163 -0.00104353 0.00485623 0.0160173 0.0628643 0.0870156 0.000710751 0.00467347 0.00655385 0.00174818 0.0118706 0.0222624 0.0114704 0.00443198 0.0120574 0.0035032 -0.00419058 0.0260541 0.00452861
internal_weight=15987.8 9007.15 8989.91 8852.91 6980.63 6966.88 6892.27 4797.47 2284.54 2280.82 2251.51 762.005 758.597 406.622 148.587 18.2995 13.6872 5371.15 1218.89 1041.56 547.074 494.488 182.169 211.111 3481.76 378.031 3103.73 365.007 27.2794 2738.72
internal_count=88372 48334 48194 47411 40038 39924 39332 27680 13404 13384 13209 4285 4266 2236 802 97 73 29518 6509 5562 2975 2587 954 1142 17893 1919 15974 1941 138 14033
is_linear=0
shrinkage=0.05


Tree=122
num_leaves=31
num_cat=0
split_feature=18 9 42 3 3 18 7 2 0 42 39 38 52 30 54 17 7 19 35 16 41 7 54 33 54 34 17 23 54 54
split_gain=26.3051 24.2922 21.5668 15.36 11.0881 10.7114 10.697 10.5441 10.2866 9.68577 11.2622 10.7468 11.6535 10.0398 14.7106 17.0098 11.4416 9.6571 12.5595 13.0153 10.5818 9.52745 9.35368 11.2044 10.2764 11.2806 10.0366 9.29504 10.819 9.61649
threshold=3.5050000000000003 7.4850000000000012 25.450000000000003 17.050000000000004 19.650000000000002 6.995000000000001 6.6050000000000013 9.5000000000000018 8.5000000000000018 34.70000000000001 13.950000000000001 15.200000000000001 -1.6449999999999998 19.100000000000005 0.42833333333333418 6.7950000000000008 6.785000000000001 5.8450000000000006 29.100000000000005 7.1750000000000007 40.45000000000001 7.96 -0.29833333333333351 31.800000000000004 1.2350000000000001 10.950000000000001 4.6450000000000005 24.500000000000004 0.22833333333333397 1.5350000000000008
decision_type=10 8 2 10 10 10 8 10 2 2 2 2 8 2 10 10 8 8 2 8 2 8 8 2 10 2 8 2 10 10
left_child=17 2 3 7 -4 6 -5 22 -7 10 13 27 -13 -6 -15 -16 -17 18 -1 -20 -19 -8 -2 26 -25 -26 -24 28 -11 -30
right_child=1 -3 4 5 9 8 21 -9 -10 11 -12 12 -14 14 15 16 -18 20 19 -21 -22 -23 23 24 25 -27 -28 -29 29 -31
leaf_value=-0.010534685418234598 -0.0018948406339483429 -0.046804855233883676 0.001346557966121837 0.020494003314505099 0.010608749951006601 -0.015801649950145446 -0.0015284676592377221 -0.015903387541561596 -0.00094793614529904929 0.0013751950457034342 -0.0059710522307256922 0.067035705298899448 0.019907286760983998 -0.010434937291829571 0.0067459106785027661 0.022480475133172178 0.12973203574805467 -0.022574546607415223 0.0055914020348085194 0.10261816390144254 0.065731927342934551 -0.042318646081193678 -0.0004512561129980793 -0.022137369461872405 0.096776353709077695 -0.018456857580140207 0.0048087261876845937 0.0020745089526861835 0.051820729341859412 -0.019428581544744729
leaf_weight=388.70222616195679 1330.5149075239897 27.142788231372833 1669.3921280056238 55.156627386808395 652.85384401679039 263.35916118323803 6480.7514141052961 85.574147537350655 209.10246288776398 30.527387619018555 198.79877385497093 14.528629481792448 134.98769503831863 166.02774119377136 130.27321429550648 5.1215067952871296 4.8335478007793435 153.03250790387392 102.8250323086977 3.5765061378478995 3.4693531617522231 14.347161278128622 1295.7052380293608 70.007196515798569 4.0280432254075986 4.4925544857978821 3022.2398122996092 193.20302656292915 32.315850183367729 5.5490155518054953
leaf_count=2358 7287 189 8401 292 3205 1411 34416 450 1107 155 1035 71 652 845 614 23 21 1007 631 20 22 73 6892 382 21 24 15660 934 149 25
internal_value=5.83589e-05 0.000456942 0.000536751 -0.000383209 0.00418296 -0.00195681 -0.00143237 0.00151801 -0.00922768 0.00720082 0.00486001 0.0137938 0.0244868 0.00710501 -0.000364002 0.0115598 0.0745551 -0.00979043 -0.00636817 0.00885279 -0.020617 -0.00161857 0.00177832 0.00288994 -0.0158272 0.0360187 0.00323034 0.00768211 0.0235232 0.0413793
internal_weight=16752.4 16100.8 16073.7 12835.3 3238.41 7022.72 6550.26 5812.56 472.462 1569.02 1157.91 411.112 149.516 959.11 306.256 140.228 9.95505 651.606 495.104 106.402 156.502 6495.1 5726.99 4396.47 78.5278 8.5206 4317.95 261.595 68.3923 37.8649
internal_count=88372 84334 84145 68015 16130 37299 34781 30716 2518 7729 5743 1986 723 4708 1503 658 44 4038 3009 651 1029 34489 30266 22979 427 45 22552 1263 329 174
is_linear=0
shrinkage=0.05


Tree=123
num_leaves=31
num_cat=0
split_feature=19 19 11 43 53 43 54 54 31 37 9 54 49 53 53 28 36 53 20 43 2 52 41 37 16 53 13 24 22 38
split_gain=91.2935 43.2131 23.8448 19.8006 18.0422 16.5486 13.5258 13.2658 13.7582 13.1385 14.3552 13.8656 13.1948 12.6008 11.4236 11.8331 11.4432 11.9898 15.4485 11.355 10.8254 11.525 10.811 10.7425 12.4015 12.691 10.7098 15.602 10.5988 10.2316
threshold=2.5450000000000004 4.3850000000000007 6.4450000000000012 23.900000000000002 5.1941666666666686 12.250000000000002 2.4908333333333337 1.8425000000000005 40.45000000000001 27.900000000000002 7.0250000000000012 0.56500000000000072 2.5000000000000004 5.467500000000002 4.5508333333333342 67.950000000000017 24.550000000000004 4.722500000000001 4.1950000000000012 39.45000000000001 2.5000000000000004 2.120000000000001 48.800000000000004 25.400000000000002 5.205000000000001 4.1416666666666684 6.7350000000000012 64.500000000000014 49.500000000000007 11.650000000000002
decision_type=10 10 10 2 2 2 10 10 2 2 10 8 2 2 2 2 2 2 8 2 10 10 2 2 10 2 8 2 2 2
left_child=-1 4 -3 9 5 -2 14 8 19 11 22 12 13 -4 23 -16 -17 -18 -19 26 -21 -22 -11 -7 25 -25 27 -5 29 -29
right_child=1 2 3 7 -6 6 -8 -9 -10 10 -12 -13 -14 -15 15 16 17 18 -20 20 21 -23 -24 24 -26 -27 -28 28 -30 -31
leaf_value=-0.023238250296582226 -0.0053148414800200895 -0.048916090452340716 -0.002523762499711711 -0.0052754417235591636 -0.01191014072733286 0.0079269621887276542 0.053141416573919055 0.023054977232207619 -0.026888054135590228 0.0053484760511705439 -0.015728023288337542 0.0025172894100388287 0.00046268641417328711 -0.011629167674152504 -0.0060552533322745204 0.0040921066916363305 -0.026965208255420738 -0.0012801447810414244 0.10732597040786805 0.0059558985883008467 0.029511789193597787 -0.04499298140155672 0.057715899196393951 0.018299237259479722 -0.0072006626713871924 0.11227065632763773 0.0056247933105924557 0.061427374985417608 -0.0028992009486962498 0.0085309137746249885
leaf_weight=411.71004164963961 1716.6940490975976 23.080437809228897 1482.5120708942413 478.29895876348019 679.72287946939468 240.98346480727196 13.642825752496718 101.982581153512 34.026364400982857 1710.1223911046982 82.280470296740532 3162.284506097436 2806.0189157426357 510.90575706958771 346.28948770463467 48.745400741696358 3.9708900898695019 4.9231814444065067 9.7763508558273315 150.27537681162357 114.03617167472839 5.4380779266357413 9.9127800464630109 6.375469014048579 7.6873523592948905 8.232009291648863 2344.3089335113764 20.915299609303474 26.905694529414177 16.240092575550079
leaf_count=3293 9953 154 8169 2365 4214 1273 68 450 167 8730 430 16056 14555 2920 2022 271 21 26 55 715 543 26 49 33 39 44 11413 103 134 81
internal_value=1.23065e-05 0.000604422 0.00186029 0.00195005 -0.00471658 -0.00268543 0.00385052 0.0053032 0.00473576 0.000819368 0.0046743 -5.32831e-05 -0.001747 -0.00485744 0.00285719 -0.00232417 0.016841 0.0501262 0.0709515 0.00507667 0.014887 0.0261206 0.00565028 0.010999 0.0442042 0.0712566 0.00415992 -0.00217186 0.0210004 0.0383071
internal_weight=16578.3 16166.6 13079.5 13056.5 3087.04 2407.32 690.626 3292.43 3190.44 9764.04 1802.32 7961.72 4799.44 1993.42 676.984 413.705 67.4158 18.6704 14.6995 3156.42 269.75 119.474 1720.04 263.278 22.2948 14.6075 2886.67 542.36 64.0611 37.1554
internal_count=88372 85079 67060 66906 18019 13805 3852 15997 15547 50909 9209 41700 25644 11089 3784 2395 373 102 81 15380 1284 569 8779 1389 116 77 14096 2683 318 184
is_linear=0
shrinkage=0.05


Tree=124
num_leaves=31
num_cat=0
split_feature=20 20 53 20 13 21 44 19 13 32 13 25 5 11 20 17 11 36 27 41 41 9 38 27 27 52 35 11 9 53
split_gain=189.322 60.1197 26.2098 24.0977 22.3865 18.1093 16.8883 14.1938 13.9298 11.7725 11.5417 11.3618 11.0614 10.7505 10.6174 10.2254 12.5024 11.5152 10.9035 10.2131 11.8538 11.5463 11.8429 10.1408 10.1772 13.344 11.8326 9.94412 9.94086 9.92953
threshold=2.8050000000000002 4.8550000000000013 4.6158333333333355 1.905 7.4750000000000005 6.1350000000000007 36.600000000000001 4.9650000000000007 6.8250000000000011 18.900000000000002 6.7950000000000008 63.500000000000007 7.2150000000000007 6.7750000000000012 5.6350000000000007 4.0050000000000008 6.4250000000000007 18.900000000000002 34.500000000000007 5.1500000000000012 4.2500000000000009 6.8050000000000006 27.100000000000005 9.5000000000000018 42.500000000000007 0.95000000000000073 16.500000000000004 6.7350000000000012 6.5550000000000006 5.4055000000000009
decision_type=10 10 2 10 8 10 2 10 8 2 10 2 8 8 10 8 10 2 2 2 2 10 2 2 2 10 2 8 8 2
left_child=3 2 -2 -1 5 6 7 27 15 29 19 23 14 -12 -9 -4 -17 -18 -19 20 -7 22 -22 -8 25 26 -25 -3 -16 -10
right_child=1 4 8 -5 -6 10 11 12 9 -11 13 -13 -14 -15 28 16 17 18 -20 -21 21 -23 -24 24 -26 -27 -28 -29 -30 -31
leaf_value=-0.032338197991259136 0.0022977280997582422 0.00096988615452039257 0.0098291367318875389 -0.014610476818869719 -0.048348222694099233 0.00913009040763481 -0.021144265110105163 -0.00099635666535579487 -0.0082957040591752004 0.001957756716270962 -0.014855113267296044 -0.0070334513648549375 0.041306091896029094 -0.0012997780473906668 0.073849524077285622 0.089465988664422541 0.00033402791965113962 -0.016130463000851327 -0.0031549956258069161 0.0018267059023900863 0.041976550527717232 -0.023250632845183909 0.13304678168478343 0.017669269679199049 0.012408279985734804 0.0061241807042065307 0.056036691646391981 0.0083821158909861398 0.0042023282905615271 -0.017971094248499801
leaf_weight=416.48328226059675 1411.291295260191 557.31157948076725 154.10677702724934 355.16634773463011 20.796478174626827 150.25695733726025 13.755815312266348 1548.0369158387184 1187.7752789184451 218.25268146395683 163.54174397885799 43.564055621623993 18.173769295215607 1384.7733229547739 5.1348206251859656 3.5883664935827246 731.88839191943407 285.64919053018093 373.74100863933563 901.00738972425461 20.394768968224533 5.3251895159482947 4.3272366076707831 30.359446063637733 116.61779628694057 33.590350747108459 59.438703253865242 2405.770547837019 2299.5554255396128 341.39123237133026
leaf_count=4304 7666 2781 971 2900 148 838 66 8557 7785 1399 941 207 85 7913 26 22 4787 1884 2462 5054 113 29 23 140 536 155 273 11938 11990 2379
internal_value=-4.66564e-05 0.00123852 -0.00340403 -0.0241787 0.00347286 0.00358327 0.00489105 0.00438353 -0.00584514 -0.00890532 3.66664e-05 0.0165564 0.00238988 -0.00273157 0.00220631 -0.00239291 -0.00374322 -0.00398363 -0.00877599 0.00400046 0.0148631 0.0435319 0.0579171 0.0206062 0.0229991 0.0330087 0.0430652 0.00698799 0.0043575 -0.0104558
internal_weight=15261.1 14489.4 4707.68 771.65 9781.73 9760.94 7131.31 6833.98 3296.39 1747.42 2629.63 297.326 3870.9 1548.32 3852.73 1548.97 1394.87 1391.28 659.39 1081.31 180.304 30.0472 24.722 253.762 240.006 123.389 89.7981 2963.08 2304.69 1529.17
internal_count=88372 81168 29355 7204 51813 51665 36754 35377 21689 11563 14911 1377 20658 8854 20573 10126 9155 9133 4346 6057 1003 165 136 1170 1104 568 413 14719 12016 10164
is_linear=0
shrinkage=0.05


Tree=125
num_leaves=31
num_cat=0
split_feature=21 21 53 0 21 15 45 18 17 12 5 17 2 7 33 39 45 10 51 20 29 40 14 54 21 19 35 52 31 24
split_gain=344.459 106.125 31.4937 29.8098 19.0838 18.6829 18.3638 16.5702 16.2962 15.6664 15.3021 14.8269 14.0696 14.0495 13.5941 13.8775 15.1768 14.0885 13.2988 12.6031 14.2989 16.6414 12.1703 12.0031 11.8081 12.315 11.4486 14.4694 11.1733 12.1277
threshold=2.7650000000000001 4.8450000000000006 4.7325000000000008 7.5000000000000009 1.5850000000000002 6.4850000000000012 28.300000000000004 4.7250000000000005 4.9350000000000014 0.75000000000000011 7.2150000000000007 4.1450000000000005 17.500000000000004 6.455000000000001 29.000000000000004 13.950000000000001 21.950000000000003 1.7500000000000002 3.5000000000000004 5.6650000000000009 42.500000000000007 15.900000000000002 0.75000000000000011 1.0116666666666665 5.5650000000000004 7.1450000000000005 15.100000000000001 1.8050000000000006 3.7500000000000004 20.500000000000004
decision_type=10 10 2 2 10 10 2 10 8 10 8 10 8 10 2 2 2 8 2 10 2 2 10 10 10 8 2 10 2 2
left_child=4 2 -2 14 -1 -5 7 -7 9 10 -4 -9 18 -10 15 16 19 -17 -13 24 28 -22 -20 -8 -3 -26 27 -11 29 -21
right_child=1 3 8 5 -6 6 23 11 13 26 -12 12 -14 -15 -16 17 -18 -19 22 20 21 -23 -24 -25 25 -27 -28 -29 -30 -31
leaf_value=-0.036423380922338468 0.0012754497705883268 0.0018593717954627329 -0.0043889283561091416 -0.049429020318213696 -0.022280183540228302 0.0073078765638944611 0.013043361922249237 0.011527667586535234 0.063503770963943426 0.032019234938431992 0.10371554265846235 -0.0042439318365020181 0.050150258634066296 -0.012119668939258792 0.018754880316953618 0.010822513497993569 0.017964086341533247 0.094363491769385133 0.0036439883526072484 0.034603696097845728 0.015738066081168383 0.11983882496526584 -0.026026879156813256 0.053298778535972438 0.0088258793392649495 0.049075281578124678 0.0043372129497808911 0.17329154813973197 -0.0040865016475897815 0.0030406790244823195
leaf_weight=459.473812058568 1173.7646012529731 859.9853106290102 768.42081402242184 17.724966302514076 495.96654063463211 903.13611768186092 153.00515693426132 241.97397962212563 6.1667203828692427 4.2841142117977125 3.2874312326312056 1799.8063200861216 13.202262729406355 1512.0953387096524 254.52526453137398 1361.3684971779585 215.95088988542557 5.0654532611370078 1083.3461250215769 38.497982934117317 16.72414027154446 4.9828547760844222 35.699581146240234 21.067256301641464 1264.0006951242685 19.294499486684799 7.5453951880335808 3.1416442543268204 759.80603589117527 145.29573465138674
leaf_count=5569 7644 5012 5691 114 5171 4989 800 1299 39 27 24 11648 71 11762 1258 7122 1095 25 6350 218 102 29 222 105 6417 103 52 20 4563 831
internal_value=-0.000129734 0.00204954 -0.00539128 0.00485865 -0.0290817 0.00179768 0.00201126 0.00133225 -0.00878623 -0.00294563 -0.00392841 -0.000368053 -0.00134977 -0.0118125 0.00750088 0.00689025 0.00514675 0.0111322 -0.00158271 0.00425634 -0.000487548 0.0396345 0.00269743 0.0179153 0.00639293 0.00943103 0.0477131 0.0917879 -0.00141053 0.00965196
internal_weight=13648.6 12693.2 3478.71 9214.46 955.44 4268.96 4251.24 4077.16 2304.94 786.679 771.708 3174.03 2932.05 1518.26 4945.5 4690.97 3324.54 1366.43 2918.85 3108.59 965.307 21.707 1119.05 174.072 2143.28 1283.3 14.9712 7.42576 943.6 183.794
internal_count=88372 77632 25259 52373 10740 25598 25484 24579 17615 5814 5715 19590 18291 11801 26775 25517 18370 7147 18220 17275 5743 131 6572 905 11532 6520 99 47 5612 1049
is_linear=0
shrinkage=0.05


Tree=126
num_leaves=31
num_cat=0
split_feature=54 28 28 40 40 1 19 36 10 8 29 21 20 54 16 5 15 20 53 34 38 7 15 19 22 36 36 30 30 17
split_gain=91.2265 25.2476 21.8323 19.5715 12.8159 12.3978 13.612 13.2821 11.3821 12.2134 11.7588 10.9445 17.0448 17.4605 12.1753 11.0364 10.7771 10.5786 13.0462 20.5185 20.9161 13.4591 13.6537 9.38219 19.3097 10.5034 11.7523 9.34324 10.3193 10.0184
threshold=0.50166666666666748 54.750000000000007 63.100000000000009 23.300000000000004 6.1500000000000012 4.5000000000000009 7.1350000000000007 12.750000000000002 1.2500000000000002 1.0000000180025095e-35 32.70000000000001 2.5550000000000002 1.5250000000000001 0.13000000000000031 3.9150000000000005 7.0450000000000008 7.1550000000000011 6.4750000000000005 4.9508333333333345 25.850000000000005 21.550000000000001 6.8350000000000009 6.7750000000000012 6.8450000000000006 65.500000000000014 13.450000000000001 7.4000000000000012 28.900000000000002 39.550000000000004 3.4450000000000007
decision_type=8 2 2 2 2 8 10 2 10 10 2 8 8 10 10 10 10 8 2 2 2 8 10 10 2 2 2 2 2 8
left_child=1 3 4 11 -2 -4 -7 -8 10 -10 -3 12 13 -1 -14 -13 23 18 -16 20 -20 22 -21 -5 25 26 -25 29 -29 -6
right_child=2 8 5 16 27 6 7 -9 9 -11 -12 15 14 -15 17 -17 -18 -19 19 21 -22 -23 -24 24 -26 -27 -28 28 -30 -31
leaf_value=0.19035071406986917 -0.0083713444493621406 -0.0003273063530959311 -0.013079456297319731 0.013402536299089144 0.014709459525044875 -0.0028465571439955741 0.14403811157650026 0.0060439411930999238 0.013904990523965821 0.14777375629306003 -0.014285807905639991 0.0033393527633416905 -0.0035573933402858445 0.0095562489883094237 0.017501766651323417 0.019312121538355161 0.092187649940496497 -0.0066375180356806358 -0.011778266515453224 0.088351931479728585 0.12370158849056623 0.02727496703611287 0.24302442585361461 0.025902036748952025 0.14922908998286352 -0.0054070870644422368 0.14591349114819332 0.022549678262990071 -0.016095723421739844 -0.0025912405821179678
leaf_weight=2.7264923006296149 671.00945473462343 1217.4646957740188 1229.5737453326583 417.04967673122883 91.53338335454464 242.35226035118103 3.1479463353753081 3.909213662147522 5.0262224823236457 2.5775234699249268 172.2204879373312 3045.112571425736 94.025068707764149 2.617522269487381 192.59256692230701 112.12688471376896 4.5890497714281073 38.537851117551327 11.361795634031298 2.9565161094069454 3.8022337332367888 2.6850174888968477 2.7576061636209488 6.0511164739728027 3.776764176785945 11.54715510457754 3.077398993074894 83.195986077189445 21.800574108958244 975.04890188574791
leaf_count=20 7666 13394 15788 3008 859 3032 29 47 52 25 1959 27492 773 20 1595 948 30 332 96 25 31 22 23 43 25 81 21 842 223 9871
internal_value=1.65881e-05 0.00405462 -0.00649309 0.00609472 -0.00286135 -0.0110177 -0.000853289 0.0675982 -0.00172335 0.0592839 -0.00205715 0.00484142 0.0131772 0.101797 0.0118192 0.00390661 0.0159598 0.0174957 0.0217984 0.0569165 0.022192 0.119609 0.162996 0.0151674 0.045269 0.0262789 0.0663602 0.000294446 0.0145257 -0.00110651
internal_weight=8676.25 5354.68 3321.57 3957.39 1842.59 1478.98 249.409 7.05716 1397.29 7.60375 1389.69 3511.3 354.063 5.34401 348.719 3157.24 446.091 254.694 216.156 23.5632 15.164 8.39914 5.71412 441.502 24.4524 20.6757 9.12852 1171.58 104.997 1066.58
internal_count=88372 50015 38357 34585 19461 18896 3108 76 15430 77 15353 31377 2937 40 2897 28440 3208 2124 1792 197 127 70 48 3178 170 145 64 11795 1065 10730
is_linear=0
shrinkage=0.05


Tree=127
num_leaves=31
num_cat=0
split_feature=41 7 17 3 20 29 52 41 22 43 19 20 24 35 17 18 28 32 26 13 52 22 38 40 29 42 37 44 52 21
split_gain=24.3566 20.1148 18.025 14.8253 12.3539 12.2796 12.004 9.55671 14.3134 9.23663 8.80225 10.4736 8.61654 9.30205 9.18294 8.46356 8.44075 12.3535 10.8375 8.22951 8.17968 8.14876 9.51843 10.7514 8.04044 9.11248 10.4724 17.468 10.4337 13.5942
threshold=26.200000000000006 7.3250000000000011 3.4450000000000007 16.050000000000004 4.3150000000000004 37.150000000000006 -2.4649999999999994 15.200000000000001 4.5000000000000009 31.000000000000004 4.1250000000000009 1.2450000000000003 78.500000000000014 7.2000000000000002 5.205000000000001 7.2350000000000012 87.300000000000011 8.1500000000000021 36.500000000000007 7.2150000000000007 2.5650000000000008 52.500000000000007 24.050000000000004 10.400000000000002 8.5000000000000018 17.500000000000004 15.600000000000003 11.300000000000002 -1.0299999999999998 7.035000000000001
decision_type=2 8 10 8 10 2 8 2 2 2 10 8 2 2 10 10 2 2 2 8 10 2 2 2 2 2 2 2 10 8
left_child=1 2 10 19 6 9 -4 12 -9 16 11 -1 -8 14 -14 -7 -5 -18 -19 20 -2 -10 -23 -24 -11 26 27 -26 -27 -30
right_child=3 -3 4 5 -6 15 7 8 21 24 -12 -13 13 -15 -16 -17 17 18 -20 -21 -22 22 23 -25 25 28 -28 -29 29 -31
leaf_value=0.073376812164044167 -0.00099427082080793768 -0.042291890917749417 -0.013870241034197754 0.0065349839451919571 -0.0013503871517752514 -0.013464258677299907 3.2750023618248053e-05 -0.030716080545662789 0.0040293747023435146 -0.0034882500932116724 -0.014380572278444095 -0.002142014319021775 0.12975263781776619 0.0082612813675056948 0.022118351369169429 0.055612636878378835 0.08180454633201481 0.060294834971198433 -0.044747455160916605 0.053749074473061154 0.025484427011060653 0.011134690038569109 0.018809127641642456 0.11377996402896216 0.093364471784181613 0.069798647920973317 0.020746376571077016 0.012228780721718355 -0.010328900045915029 0.08807256791575982
leaf_weight=4.7512814551591864 1218.6506929695606 29.24529804289341 111.87947759032249 1528.1734074801207 9146.0554723292589 93.210115492343903 1795.6300564110279 26.056407645344734 903.29268974065781 27.54219451546669 352.1246435791254 136.27584771811962 3.8612702935934093 15.953832641243933 4.0707421451807022 4.6558175235986701 9.1762089580297488 4.3800725191831571 5.5884659141302109 7.0666961669921866 29.881571993231773 407.52302512526512 7.7648970484733564 4.836064025759697 17.092032372951511 6.1716649532318106 34.712119594216347 10.841598138213156 34.316365003585815 3.9097420871257773
leaf_count=24 6477 239 629 7760 51567 507 9879 139 4747 141 2250 832 21 88 22 25 43 21 27 37 148 2136 41 26 86 33 176 56 175 20
internal_value=7.29789e-05 -0.000871971 -0.000778214 0.00410427 -0.00040618 0.00703928 0.00222598 0.00279425 0.00598255 0.00804111 -0.0101531 0.000402256 0.000429595 0.0302626 0.0745143 -0.010178 0.00694833 0.0399421 0.00140704 -5.60097e-05 -0.000360547 0.0067051 0.0124581 0.0552575 0.0206048 0.0268039 0.0390852 0.0618741 0.0094749 -0.00026446
internal_weight=15984.7 12949.3 12920.1 3035.37 12426.9 1779.77 3280.87 3168.99 1349.47 1681.9 493.152 141.027 1819.52 23.8858 7.93201 97.8659 1547.32 19.1447 9.96854 1255.6 1248.53 1323.42 420.124 12.601 134.586 107.044 62.6458 27.9336 44.3978 38.2261
internal_count=88372 72640 72401 15732 69295 9070 17728 17099 7089 8538 3106 856 10010 131 43 532 7851 91 48 6662 6625 6950 2203 67 687 546 318 142 228 195
is_linear=0
shrinkage=0.05


Tree=128
num_leaves=31
num_cat=0
split_feature=18 53 8 18 47 18 20 54 28 53 42 27 18 19 36 3 3 28 42 30 24 27 19 18 30 52 11 53 0 26
split_gain=24.7724 20.8776 18.916 17.3464 16.4689 15.903 15.3897 12.9386 12.2869 10.8808 10.1161 11.9514 16.3039 9.78293 13.1577 11.5296 9.95351 9.66935 10.509 9.72868 11.5196 9.61813 9.80956 14.8728 10.798 14.8143 9.51178 12.5986 9.50935 11.6059
threshold=4.7250000000000005 5.2518333333333347 1.2500000000000002 2.6250000000000004 3.5000000000000004 6.9750000000000005 5.7950000000000008 1.9483333333333339 71.050000000000011 4.6558333333333346 18.050000000000001 73.500000000000014 7.1550000000000011 3.9150000000000005 36.750000000000007 13.950000000000001 5.9500000000000011 59.70000000000001 29.800000000000004 14.050000000000002 22.500000000000004 7.5000000000000009 5.4850000000000012 6.7750000000000012 14.900000000000002 1.7450000000000001 6.7950000000000008 5.8225000000000025 8.5000000000000018 15.500000000000002
decision_type=10 2 8 10 2 10 10 8 2 2 2 2 8 8 2 10 8 2 2 2 2 2 8 10 2 8 8 2 2 2
left_child=1 3 4 -1 5 8 -6 9 -2 -8 -7 -12 -13 14 16 -16 -5 -3 -19 20 -20 -10 24 28 25 -23 -25 -28 -24 -30
right_child=2 17 -4 13 6 10 7 -9 21 -11 11 12 -14 -15 15 -17 -18 18 19 -21 -22 22 23 26 -26 -27 27 -29 29 -31
leaf_value=-0.017330632903180102 -5.4873393100044941e-05 -0.013323275726958891 -0.029823582700129737 0.042996627080260974 0.0084223716264659673 -0.015657833363864837 0.078738263427314006 0.1498211371975636 -0.01571388763972249 0.0012037642770492451 -0.0035427739290857054 0.1279518186701574 -0.0047070325511426366 -0.0018446296851925446 0.0019784477431130289 0.0921073621641261 0.0026828445048963363 -0.0056357759098212487 0.12245061033993379 -0.013577435613966245 0.026513691735179756 0.02565106089232554 -0.010101922744662558 0.0010053252155137521 0.0044369389723844486 0.0034554011009934136 -0.00015431726534139272 0.091527062760577704 0.029047102275192208 0.00072572921007908373
leaf_weight=160.06394164264202 6532.5912233218551 593.47010883688927 48.529027611017227 15.612971484661101 1401.8062281012535 243.78898712992668 4.5358195453882209 1.469327613711356 52.405310809612274 1880.778352111578 248.16456663608551 4.1502868831157658 5.2407993376255044 3030.3088790550828 6.4240109324455243 7.9267993867397308 792.15743640065193 444.74370051920414 3.9890945553779664 10.222914800047873 14.512509822845457 191.4944716989994 178.71943965554237 11.192235946655275 382.17739672958851 123.76460978388786 5.6600792706012752 11.087143734097479 41.11188131570816 301.15230683982372
leaf_count=1043 34142 3427 297 78 6898 1303 22 7 263 9783 1289 21 27 16652 33 40 4160 2501 20 52 74 938 911 57 1888 614 28 56 211 1537
internal_value=5.9284e-05 -0.00285533 0.0013279 -0.00120235 0.00145799 0.000275527 0.00445414 0.00150589 0.000828198 0.0013903 -0.00835758 -0.00144754 0.0539201 -0.000532244 0.00430516 0.051762 0.00346205 -0.00907175 -0.00374266 0.0255686 0.0471985 0.00526991 0.00615221 0.00115222 0.0100875 0.0169375 0.0366919 0.0605414 -0.000753716 0.00412762
internal_weight=16749.3 5079.43 11669.8 4012.49 11621.3 8332.7 3288.59 1886.78 7831.36 1885.31 501.345 257.556 9.39109 3852.43 822.121 14.3508 807.77 1066.94 473.468 28.7245 18.5016 1298.76 1246.36 548.923 697.436 315.259 27.9395 16.7472 520.984 342.264
internal_count=88372 28080 60292 22006 59995 43285 16710 9812 40645 9805 2640 1337 48 20963 4311 73 4238 6074 2647 146 94 6503 6240 2800 3440 1552 141 84 2659 1748
is_linear=0
shrinkage=0.05


Tree=129
num_leaves=31
num_cat=0
split_feature=19 19 11 43 21 3 37 23 3 41 40 35 54 22 13 20 50 17 26 32 19 53 54 15 11 29 20 26 24 20
split_gain=85.1019 39.7075 20.6962 17.4685 17.4541 13.107 15.3905 15.2714 13.5261 11.7726 11.474 10.3164 10.2649 16.0845 15.863 11.0692 10.8846 10.26 10.0223 12.6675 9.964 10.6515 9.96228 9.30831 13.3848 9.32799 9.21564 11.8858 9.78276 9.09367
threshold=2.5450000000000004 4.5850000000000009 6.4450000000000012 19.100000000000005 4.6050000000000013 27.950000000000003 27.900000000000002 81.500000000000014 27.050000000000004 48.800000000000004 12.050000000000002 6.9000000000000012 0.51999999999999991 57.500000000000007 6.8550000000000013 6.4250000000000007 1.5000000000000002 2.7550000000000003 26.500000000000004 26.000000000000004 1.635 4.8036666666666674 -1.3466666666666669 6.7650000000000006 6.7750000000000012 31.900000000000002 5.9350000000000014 3.5000000000000004 85.500000000000014 6.5750000000000011
decision_type=10 10 10 2 10 8 2 2 8 2 2 2 10 2 8 10 2 8 2 2 8 2 10 8 8 2 10 2 2 10
left_child=20 4 -3 5 -2 6 8 9 26 10 11 -8 14 15 18 -14 -16 -6 -12 -20 -1 -22 -5 -19 25 -25 27 -4 -28 -24
right_child=1 2 3 22 17 -7 7 -9 -10 -11 12 -13 13 -15 16 -17 -18 23 19 -21 21 -23 29 24 -26 -27 28 -29 -30 -31
leaf_value=-0.035191208831924246 -4.6342128176575525e-05 -0.048498985972700984 0.025797652599523893 -0.0081432984559754625 0.020069273478563118 -0.0037671681932616337 -0.010370808116083574 0.092719293089904162 0.084682249770354587 0.067653829084210318 -0.0013892519569977198 0.0051450867574976264 0.041636529132795051 -0.0099716351681673563 0.044709253814113809 -0.020646761385727064 -0.014032608425098526 -0.012193804294467116 0.02014674999765231 0.078182218057088124 -0.012367908606786987 -0.03481926186531472 0.0057973748658290978 0.010295941686745771 -0.0068453831571243145 -0.026413919157709315 -0.0033675022162713009 0.001309890732926512 0.075690299537237216 -0.00021377254131125544
leaf_weight=113.7812886312604 1773.9040883630514 20.256492160260677 50.302960813045502 152.77345947921276 35.235931634902954 1420.3655524998903 129.58100016415119 5.1522062122821799 4.7491462379693976 7.7999247610568991 50.127676978707314 618.34728668630123 78.963729321956635 24.354824990034103 8.6891522556543332 7.8421547263860694 85.317764654755592 641.03908456861973 102.00821724534035 10.357199892401693 220.97422571480274 69.425883390009403 3917.8741661608219 185.76597818732262 1341.9778531342745 19.082208886742592 1399.3993599116802 3323.5749781429768 3.9239928871393195 749.53060531616211
leaf_count=1080 9610 141 255 809 200 7567 653 26 25 37 260 3124 387 121 43 40 446 3911 525 54 1638 575 18995 1130 8187 116 7543 17049 21 3804
internal_value=1.22105e-05 0.000578713 0.00199866 0.00208285 -0.00374518 0.000545592 0.001582 0.00683404 0.00034252 0.00644014 0.00601215 0.00245691 0.0132445 0.0259355 0.00774463 0.0360098 -0.00860304 -0.00669664 0.0172022 0.0254961 -0.0226494 -0.0177353 0.00442081 -0.00712771 -0.0050282 0.00687631 0.000258676 0.00167499 -0.00314644 0.00483205
internal_weight=16572.5 16168.3 12171.3 12151 3997.01 7330.86 5910.49 1128.54 4781.95 1123.39 1115.59 747.928 367.661 111.161 256.5 86.8059 94.0069 2223.1 162.493 112.365 404.181 290.4 4820.18 2187.87 1546.83 204.848 4777.2 3373.88 1403.32 4667.4
internal_count=88372 85079 61925 61784 23154 38176 30609 5716 24893 5690 5653 3777 1876 548 1328 427 489 13544 839 579 3293 2213 23608 13344 9433 1246 24868 17304 7564 22799
is_linear=0
shrinkage=0.05


Tree=130
num_leaves=31
num_cat=0
split_feature=20 20 13 53 51 44 20 44 46 21 11 50 38 16 38 16 41 21 32 17 19 5 22 30 43 13 38 25 34 4
split_gain=176.886 62.0035 23.9449 22.9279 20.6544 17.0562 16.4938 14.9672 11.9623 11.4089 11.0873 10.7817 12.1509 10.8648 10.6677 11.5342 10.5849 11.2409 9.64927 9.61827 9.57023 9.53616 11.9418 11.133 10.8429 9.7925 9.78089 12.9893 10.8413 10.064
threshold=2.4550000000000005 4.5550000000000006 7.4750000000000005 5.2008333333333345 2.5000000000000004 22.450000000000003 1.6050000000000002 20.950000000000006 3.5000000000000004 5.5250000000000012 6.5650000000000004 2.5000000000000004 30.200000000000003 6.9050000000000011 26.000000000000004 5.7150000000000007 7.2500000000000009 4.8250000000000011 44.600000000000001 3.1950000000000007 4.8850000000000007 7.1450000000000005 46.500000000000007 14.900000000000002 19.100000000000005 7.0050000000000008 35.500000000000007 25.500000000000004 29.500000000000004 -1.0000000180025095e-35
decision_type=10 10 8 2 2 2 10 2 2 10 10 2 2 8 2 10 2 10 2 8 8 8 2 2 2 10 2 2 2 10
left_child=6 3 4 7 8 11 -1 9 21 -2 -5 12 -6 -14 18 -16 -7 20 -10 -12 -18 25 24 -24 -23 26 -3 -28 -29 -30
right_child=1 2 -4 10 5 16 -8 -9 14 -11 19 -13 13 -15 15 -17 17 -19 -20 -21 -22 22 23 -25 -26 -27 27 28 29 -31
leaf_value=-0.035010856255837573 -0.0013157735882948485 0.0061391913962427777 -0.048201255230183059 0.063527894923023298 -0.0056437742863125525 0.014389369356968688 -0.018658074281481304 0.015515063904936635 -0.00083874349840987444 -0.0091952309077038465 0.082598509656015728 0.0009912156230834075 0.0097708928538077083 0.07965800480727149 0.072174347528094693 0.0092863483038296696 0.092037196919215358 0.00261123117787148 0.069386330459992249 -0.01236630729987671 0.010198575948296609 0.03178533402384888 0.093081856516343514 0.0038287305809719206 -0.045719829772789378 -0.0028033910120208918 -0.0030660420235876199 0.019780852959661688 0.030268913304737188 0.10137922668811801
leaf_weight=285.88387564569712 1973.119347050786 4000.7551401406527 22.867072209715843 4.8760759085416785 1305.7790418565273 273.34917148947716 334.75578713417053 112.08037434518337 1290.7184126824141 598.82249365001917 2.674462027847766 2377.8190245777369 61.575030997395515 6.1133404672145835 7.5610245913267127 204.22384589910507 6.5012452900409672 967.38851794600487 4.9101976901292792 875.35064554959536 7.9291808605194101 13.840223461389543 10.788307845592497 5.1673379242420188 6.6956759691238394 291.19365605711937 55.535887718200684 123.43398506939411 12.361707001924517 8.3274217247962934
leaf_count=3218 11915 20343 166 32 7927 1429 2899 636 6894 4036 19 13368 346 34 37 1047 31 5153 25 6195 40 65 50 25 34 1471 263 577 58 39
internal_value=-4.63745e-05 0.00106259 0.0029106 -0.00467006 0.00301645 0.000642101 -0.0261906 -0.0023709 0.00498598 -0.00315034 -0.0116595 -0.00104603 -0.00457303 0.0160828 0.00112797 0.0115315 0.00568738 0.00326465 -0.000572603 -0.012077 0.0470688 0.00627031 0.0317271 0.0641767 0.00651498 0.00606349 0.00667819 0.0174786 0.0253952 0.058891
internal_weight=15252.4 14631.8 11064.8 3566.92 11042 5006.45 620.64 2684.02 6035.51 2571.94 882.901 3751.29 1373.47 67.6884 1507.41 211.785 1255.17 981.819 1295.63 878.025 14.4304 4528.1 36.4915 15.9556 20.5359 4491.61 4200.41 199.659 144.123 20.6891
internal_count=88372 82255 59422 22833 59256 28328 6117 16587 30928 15951 6246 21675 8307 380 8003 1084 6653 5224 6919 6214 71 22925 174 75 99 22751 21280 937 674 97
is_linear=0
shrinkage=0.05


Tree=131
num_leaves=31
num_cat=0
split_feature=21 51 17 53 21 15 21 7 21 51 53 53 21 15 18 33 42 50 9 39 11 11 9 29 11 39 15 44 30 52
split_gain=323.158 96.8502 34.4485 31.623 18.9768 18.1358 18.1345 17.6172 15.8668 15.5525 15.7233 14.9647 14.1333 15.075 13.3759 15.489 13.0199 12.8632 17.3903 11.9698 11.8654 11.7561 11.692 11.6687 12.4804 11.7973 17.8435 10.9872 10.8063 12.2447
threshold=2.7650000000000001 2.5000000000000004 4.8450000000000006 6.0600000000000014 1.5850000000000002 7.5550000000000006 4.8850000000000007 6.4050000000000011 6.8550000000000013 3.5000000000000004 5.0275000000000007 4.8036666666666674 4.0250000000000012 6.9250000000000007 5.5050000000000008 31.000000000000004 13.150000000000002 1.5000000000000002 6.9150000000000009 16.250000000000004 6.5150000000000006 6.785000000000001 6.9050000000000011 32.70000000000001 6.6950000000000012 13.150000000000002 6.7150000000000007 29.700000000000003 14.900000000000002 -0.69499999999999973
decision_type=10 2 8 2 10 8 10 10 10 2 2 2 10 8 10 2 2 2 10 2 10 10 10 2 8 2 10 2 2 10
left_child=4 2 12 5 -1 9 7 -4 -5 10 23 -9 -2 17 15 -8 -17 18 -14 -19 -13 -21 -23 24 28 -26 -27 -12 -3 -30
right_child=1 3 6 8 -6 -7 14 11 -10 -11 27 20 13 -15 -16 16 -18 19 -20 21 -22 22 -24 -25 25 26 -28 -29 29 -31
leaf_value=-0.036020300514220581 -0.0058360767340739118 0.010608419451791858 0.069608042437587156 -0.0040919414662519337 -0.02173311571754577 -0.04980654834441528 0.0017255700534784466 -0.0020177691399901028 0.006023207169452185 0.010624522262168465 0.003899005899342715 0.061585711084047368 0.01371390500871633 -0.0052825152045819362 -0.007474792385520769 0.10238937646725282 0.0094854333086838785 0.0026428912051154052 0.070095739592446041 0.0024650886504633007 -0.012400416298371124 0.04517779273937015 -0.020154812447063613 0.032060430027646122 0.0040531907911629346 0.070608817079825387 0.013939184423159452 -0.010935932389105993 0.10091263012059684 0.032334807366763946
leaf_weight=444.97397916391492 485.93905476480722 40.159453496336937 7.041326791048049 1032.6858745664358 486.55590652674437 13.731038704514502 707.60096260905266 486.64608062058687 620.71962270140648 2520.0907692164183 1991.0615962445736 5.4390840977430335 185.75543531030416 363.6326502636075 564.50981337577105 7.0673363208770743 8.0859780013561231 1099.0591416954994 14.763241216540335 49.373195677995682 1471.0870969891548 48.236345730721951 7.981172949075698 60.731196314096451 582.69801058620214 15.351327627897261 145.97536543011665 133.1586566567421 8.459246024489401 28.234315417706966
leaf_count=5569 3686 203 41 6703 5171 86 4325 3282 3692 12357 11733 38 1014 2321 3754 36 43 6927 80 278 11572 271 44 309 3021 76 736 816 43 145
internal_value=-0.000131883 0.00195226 -0.00303454 0.00577377 -0.0285578 0.00758496 -0.00632305 -0.00933855 -0.000294524 0.00772756 0.00529875 -0.0096217 0.00171645 0.00379134 -0.0017077 0.00279671 0.0528148 0.0061395 0.017865 0.00418774 -0.0121279 0.0202675 0.0359026 0.0109121 0.00934747 0.00736602 0.0193317 0.00296906 0.0285301 0.0481446
internal_weight=13636.8 12705.3 5512.22 7193.06 931.53 5539.65 3257.48 1970.21 1653.41 5525.92 3005.83 1963.17 2254.74 1768.8 1287.26 722.754 15.1533 1405.17 200.519 1204.65 1476.53 105.591 56.2175 881.609 820.878 744.025 161.327 2124.22 76.853 36.6936
internal_count=88372 77632 37712 39920 10740 29525 23091 14933 10395 29439 17082 14892 14621 10935 8158 4404 79 8614 1094 7520 11610 593 315 4533 4224 3833 812 12549 391 188
is_linear=0
shrinkage=0.05


Tree=132
num_leaves=31
num_cat=0
split_feature=46 54 28 37 40 8 19 23 12 21 32 9 21 38 52 7 47 34 0 12 18 17 30 53 18 25 18 32 53 19
split_gain=84.7149 27.1229 15.6609 13.9383 12.8048 12.4465 11.7154 11.2338 11.1628 17.5362 11.7604 10.6906 14.4319 10.6267 15.986 13.3934 10.6025 10.8688 10.1811 16.861 16.8691 12.5544 10.1194 12.1958 10.4446 22.6094 19.3414 15.2655 13.0155 10.1442
threshold=2.5000000000000004 0.56500000000000072 69.800000000000011 35.150000000000006 23.300000000000004 1.0000000180025095e-35 6.3350000000000009 1.5000000000000002 1.7500000000000002 4.1650000000000009 5.8000000000000016 7.5150000000000006 5.4050000000000011 5.7500000000000009 0.95000000000000073 6.745000000000001 2.5000000000000004 39.550000000000004 10.500000000000002 1.2500000000000002 6.3050000000000006 8.2700000000000014 28.050000000000004 5.5891666666666682 6.1850000000000014 36.500000000000007 6.4250000000000007 10.9 5.2326666666666677 4.0650000000000004
decision_type=2 10 2 2 2 10 8 2 10 8 2 8 10 2 10 8 2 2 2 8 10 8 2 2 8 2 10 2 2 10
left_child=3 5 6 4 8 18 -3 -6 11 -10 -11 -1 -13 14 15 -7 17 -8 21 -20 -21 -2 24 -24 28 26 -26 -28 29 -5
right_child=1 2 -4 22 7 13 16 -9 9 10 -12 12 -14 -15 -16 -17 -18 -19 19 20 -22 -23 23 -25 25 -27 27 -29 -30 -31
leaf_value=0.0032815142968420255 0.00099236383668650395 -0.007034386148220698 -0.013853764529687441 0.087350181741290694 0.10484939867100565 0.11044883435962044 0.010908210691200418 0.011694714984995865 0.13336701038971144 0.10155422266482789 -0.011222769417934748 0.11322244982800476 -0.029148957524891706 0.0076998033532607426 0.14853773159677031 0.0095280149295784537 -0.0091008901894123456 0.12810510274718925 -0.0080121196661030233 -0.011967025989183949 0.15302566951229507 0.10288666428987046 -0.035734467276138535 0.09221134868683234 0.20479527801559408 0.0074316146162618241 0.13660822602708639 -0.016579478687814897 -0.0066456712672817485 0.024395321589245431
leaf_weight=3452.1822379976511 1340.8654125109315 1573.5808679163456 793.86122439801693 7.0451741293072692 3.2585165575146666 4.133646145462996 157.26783130317926 476.25358743965626 4.1506178379058865 3.0188138335943213 9.8679589107632619 4.9595404341816893 2.7764767333865166 65.190455891191959 3.3226103931665412 16.060815222561359 89.81830195337534 2.0034847483038893 513.16944398730993 2.9442256316542617 3.2695440649986267 3.0298281982541075 13.366547077894209 2.1640412956476203 3.5638532564044016 10.979272916913031 3.2468898370862007 3.2583835944533348 34.922587543725967 69.744184449315071
leaf_count=30818 14122 17992 10865 57 23 39 1670 3495 35 25 88 37 23 673 30 152 1031 18 5877 30 35 33 115 20 28 92 26 27 313 583
internal_value=1.91212e-05 -0.00466485 -0.00799241 0.00523229 0.00466822 -0.000204437 -0.00543951 0.0123277 0.00361189 0.0439846 0.015196 0.00341308 0.062125 0.018094 0.0469071 0.0301857 0.00463584 0.0123824 -0.00107559 -0.0070208 0.0748484 0.00122209 0.020282 -0.0179064 0.0247493 0.0570582 0.111171 0.059879 0.0186618 0.0301712
internal_weight=8673.28 4568.52 2616.53 4104.76 3956.47 1951.99 1822.67 479.512 3476.96 17.0374 12.8868 3459.92 7.73602 88.7075 23.5171 20.1945 249.09 159.271 1863.28 519.383 6.21377 1343.9 148.291 15.5306 132.76 21.0484 10.0691 6.50527 111.712 76.7894
internal_count=88372 52567 31576 35805 34544 20991 20711 3518 31026 148 113 30878 60 894 221 191 2719 1688 20097 5942 65 14155 1261 135 1126 173 81 53 953 640
is_linear=0
shrinkage=0.05


Tree=133
num_leaves=31
num_cat=0
split_feature=41 7 17 7 28 41 45 40 16 27 21 0 22 21 16 31 1 16 30 9 30 23 13 24 26 29 35 40 17 29
split_gain=22.7268 12.9835 11.6505 11.268 10.2824 9.80604 10.1501 9.80016 11.2349 9.55467 9.00158 10.3863 11.9729 10.2651 11.9853 10.5267 10.9553 9.18845 11.512 9.57313 13.0489 13.0996 10.6411 9.2869 9.12805 9.05358 8.73104 8.73368 10.3614 9.4884
threshold=18.900000000000002 6.455000000000001 2.5350000000000006 6.4850000000000012 60.800000000000004 27.100000000000005 17.500000000000004 13.250000000000002 7.6650000000000009 26.500000000000004 5.6450000000000005 10.500000000000002 17.500000000000004 5.955000000000001 3.2350000000000008 36.050000000000004 7.5000000000000009 5.9150000000000009 22.900000000000002 6.8750000000000009 21.950000000000003 35.500000000000007 6.955000000000001 39.500000000000007 50.500000000000007 38.300000000000004 8.4500000000000011 4.2500000000000009 4.1650000000000009 5.2000000000000002
decision_type=2 10 8 10 2 2 2 2 10 2 8 2 2 10 10 2 10 10 2 10 2 2 10 2 2 2 2 2 10 2
left_child=1 -1 -3 -2 -5 6 26 -7 -9 10 11 -4 -13 15 -15 16 -12 19 -19 20 21 -14 -21 -23 -17 -16 27 28 -6 -29
right_child=3 2 9 4 5 7 -8 8 -10 -11 13 12 17 14 25 24 -18 18 -20 22 -22 23 -24 -25 -26 -27 -28 29 -30 -31
leaf_value=-0.046882955054361831 -0.048012709466165364 -0.020256172123501615 -0.0028328519515711057 0.00085295047024673293 0.08580622737073218 0.0062014394101642702 -0.01318971956297107 0.015464689932177171 0.066176076265541242 -0.00019678128175756602 -0.01969455951591146 -0.016077271487589653 0.1405798753332633 0.062047242931556938 -0.0062574396309887474 0.083596264064965731 0.058202871482870483 -0.00027235736457146317 0.033872069018002778 -0.042561922115381817 -0.0076761926432244018 0.006357513458720019 0.057636435117798215 0.097939284666017534 -0.02233158764638607 0.020371143927406826 0.0044360244831962992 0.039335987006794637 -0.0024411958871309518 -0.026400560772224909
leaf_weight=15.726281039416788 11.088443219661711 81.334729999303818 1588.1349272876978 3983.9651120081544 4.3528536558151272 854.68053606152534 99.022347033023834 198.5724443346262 11.557621628046034 6528.1235311999917 233.51327499747276 37.239533856511116 5.7514872103929582 6.688217192888259 775.78192608058453 4.8259988725185377 4.6025143191218367 89.436069056391716 34.097475692629814 6.2377211302518827 5.7925896048545829 6.1298700273036939 4.6065927743911743 5.0476040691137314 3.5150426477193832 33.289826706051826 1267.8675526306033 6.0330250412225714 14.103322446346281 60.911576956510544
leaf_count=139 87 655 8882 21316 23 4272 552 981 53 37121 1355 209 33 40 4562 27 27 496 189 36 33 35 26 29 20 197 6547 32 74 324
internal_value=7.39404e-05 -0.00148962 -0.00141411 0.00234764 0.00243354 0.00493522 0.00226298 0.00857988 0.0182539 -0.0012506 -0.00366895 -0.00149772 0.00941298 -0.00731244 -0.00461076 -0.0162549 -0.0181889 0.0154553 0.00915212 0.0386531 0.0571003 0.0792649 1.67688e-06 0.0477147 0.0389566 -0.00516179 0.00339369 -0.0120808 0.0183718 -0.0204764
internal_weight=15982 9469.88 9454.15 6512.15 6501.07 2517.1 1452.29 1064.81 210.13 9372.81 2844.69 1782.47 194.339 1062.22 815.76 246.457 238.116 157.099 123.534 33.5659 22.7216 16.929 10.8443 11.1775 8.34104 809.072 1353.27 85.4008 18.4562 66.9446
internal_count=88372 54111 53972 34261 34174 12858 7552 5306 1034 53317 16196 9968 1086 6228 4799 1429 1382 877 685 192 130 97 62 64 47 4759 7000 453 97 356
is_linear=0
shrinkage=0.05


Tree=134
num_leaves=31
num_cat=0
split_feature=42 18 3 54 32 54 27 17 31 52 11 48 54 11 32 9 29 40 24 24 38 37 21 41 41 9 34 40 40 16
split_gain=23.2806 17.7144 18.0134 17.3961 12.969 15.4391 11.7936 11.3568 11.0711 10.9258 13.755 12.1845 10.5999 10.5554 14.3628 10.4557 13.5634 11.7566 11.8195 10.5903 10.1363 10.0371 9.67716 12.5728 9.62618 9.58188 9.41935 13.3948 10.4627 12.8284
threshold=18.350000000000005 3.3950000000000005 15.65 0.031666666666666454 38.300000000000004 -0.17666666666666739 69.500000000000014 6.0550000000000006 38.70000000000001 -1.3399999999999996 6.8050000000000006 1.5000000000000002 1.1150000000000009 6.9850000000000012 17.750000000000004 6.8550000000000013 30.200000000000003 20.950000000000006 40.500000000000007 50.500000000000007 31.700000000000006 17.500000000000004 5.5250000000000012 28.900000000000002 51.45000000000001 7.245000000000001 6.0000000000000009 6.3500000000000005 4.2500000000000009 6.535000000000001
decision_type=2 10 8 10 2 10 2 10 2 8 10 2 8 8 2 8 2 2 2 2 2 2 8 2 2 8 2 2 2 8
left_child=1 -1 25 4 8 -6 7 24 9 10 11 -2 -4 14 -14 16 17 18 -12 -20 -11 -9 23 26 -5 -3 -15 28 29 -28
right_child=3 2 12 6 5 -7 -8 21 -10 20 15 -13 13 22 -16 -17 -18 -19 19 -21 -22 -23 -24 -25 -26 -27 27 -29 -30 -31
leaf_value=-0.011245493759036232 0.072323488984635267 0.0018310603709166002 -0.0038449912788228618 0.0034615817655795772 0.013746502979850328 0.1132811663742477 -0.0053868675624818875 0.013745549442126701 -0.02943213039199806 -0.0022350130727993496 0.018494026929878095 -0.0044236530068218266 0.0022001497354609835 -0.0027921896964137136 -0.013429764841337226 0.004067101132447867 -0.010768930828823938 -0.0078002224672739946 0.088228539929898847 0.037375186575271606 -0.018189083632454865 0.0042474068381781905 -0.011885275813074235 -0.032135555819402292 -0.052437627737471286 -0.044930650281489126 0.10558413495164241 0.019494215584980899 0.099711175871120383 0.0067458563801733491
leaf_weight=442.07908973842859 5.2515736371278754 3744.975103661418 4618.5862944871187 2853.9347288012505 16.074614912271503 5.1422743052244178 294.71894250810146 588.63802338391542 34.696777015924454 1506.7852128222585 53.648147061467171 339.57755927741528 938.64526227861643 20.926790207624435 174.27195185422897 246.17540617287159 27.693501591682434 19.315000310540199 14.549012109637259 34.549598753452301 106.6011503636837 527.30920764803886 27.440109819173813 9.9430785253643972 7.7224676460027686 10.987083829939364 4.7097139954566964 48.895955622196198 11.425372436642645 10.836641952395439
leaf_count=2814 29 19855 25007 14444 87 27 1478 2814 194 8139 278 1778 4787 105 898 1286 144 103 74 179 579 2586 145 52 40 73 23 244 56 54
internal_value=6.01547e-05 -0.00145898 -0.00100933 0.00234798 -0.00104864 0.0378704 0.00426405 0.00497914 -0.00139431 -0.000981072 0.00404595 -0.00325483 -0.00274052 0.00134989 -0.000247342 0.0104044 0.0208221 0.0279895 0.0347175 0.0524442 -0.00328915 0.00925747 0.0145979 0.0214062 0.00331073 0.00169427 0.0269062 0.0350979 0.0633853 0.0366886
internal_weight=16746.1 10063.7 9621.64 6682.38 2410.06 21.2169 4272.32 3977.6 2388.84 2354.15 740.76 344.829 5865.68 1247.09 1112.92 395.931 149.755 122.062 102.747 49.0986 1613.39 1115.95 134.178 106.738 2861.66 3755.96 96.7945 75.8677 26.9717 15.5464
internal_count=88372 54113 51299 34259 12897 114 21362 19884 12783 12589 3871 1807 31371 6364 5685 2064 778 634 531 253 8718 5400 679 534 14484 19928 482 377 133 77
is_linear=0
shrinkage=0.05


Tree=135
num_leaves=31
num_cat=0
split_feature=19 43 11 19 19 3 20 32 54 21 19 53 21 37 15 27 28 11 43 54 11 43 29 10 12 42 52 23 37 7
split_gain=79.7397 29.2223 22.5125 21.3967 21.1258 14.5105 12.3188 14.0601 12.0527 11.7166 11.4192 10.9843 10.6277 10.6241 9.74582 10.5115 9.58269 13.1516 11.6642 9.29965 9.07691 8.85985 8.7705 10.0069 9.00833 9.46081 8.71291 8.71265 10.1461 8.44407
threshold=3.4350000000000005 27.100000000000005 6.4450000000000012 1.7850000000000004 4.4050000000000011 17.650000000000002 6.1750000000000007 37.150000000000006 2.2783333333333342 5.9450000000000012 5.2750000000000012 4.4225000000000021 1.5850000000000002 5.7500000000000009 7.0950000000000006 34.500000000000007 64.600000000000009 7.245000000000001 7.5500000000000016 -0.63249999999999973 6.6550000000000011 10.800000000000002 34.70000000000001 0.75000000000000011 2.7500000000000004 31.000000000000004 3.2850000000000006 14.500000000000002 18.650000000000002 6.455000000000001
decision_type=10 2 10 8 10 8 10 2 10 10 10 2 10 2 8 2 2 8 2 10 10 2 2 8 10 2 10 2 2 10
left_child=3 2 -2 -1 9 8 7 16 14 -4 20 21 13 -7 19 -16 17 -6 -19 -3 -8 -5 23 24 25 -14 -11 28 -9 -12
right_child=1 5 4 11 6 12 10 27 -10 26 29 -13 22 -15 15 -17 -18 18 -20 -21 -22 -23 -24 -25 -26 -27 -28 -29 -30 -31
leaf_value=-0.031849032758455298 -0.048650964469206741 -0.010832393731467225 -0.0022892231460482698 -0.0081993575384093093 0.0009420169929766826 0.099252815796041879 0.020536749178647319 0.069679502244491556 0.057578594584042221 -0.011176002680376501 0.057515490134597884 -0.016154846526298103 0.0085611135852354091 0.022234583808104301 0.00030234126695629509 0.076598979953817689 0.0048971598369533693 0.11479120049146088 0.019498995197092583 0.0023477298976847657 -0.0094154599596969132 0.012523233559904708 0.022237020068784242 -0.027286579324663596 0.078106268433577056 -0.0081628900520381523 0.043214353531605479 -0.020307225829648428 -0.020524629803220396 -0.00039334152574146584
leaf_weight=147.86603890359402 23.829366788268089 156.53176718950272 1949.8142310380936 248.51898933202028 5672.9550713300705 4.7554645091295233 26.459394037723541 6.1512749642133695 9.5098658949136716 558.79968927800655 6.3157383203506461 438.27906110882759 1090.4902680069208 76.633219674229622 9.268676623702051 8.8008262962102872 2293.3562282770872 4.4946329146623603 11.246948093175886 922.98590362071991 574.3632085621357 65.088611431419849 101.4068927615881 20.999510690569878 4.5045742690563193 91.673488929867744 7.4613904654979697 101.96728399395943 6.3204064518213272 1925.9345753788948
leaf_count=1437 165 813 10949 1542 29371 20 146 32 40 3474 31 3233 5135 333 45 42 11513 24 61 4545 3346 384 472 105 21 441 43 534 33 10042
internal_value=1.29628e-05 0.00084426 -9.61291e-05 -0.0144621 -8.11272e-06 0.00580287 0.000967078 0.00191915 0.00153176 -0.00412796 -0.00207606 -0.0110428 0.00920356 0.0267347 0.00104615 0.0374629 0.00216864 0.00106866 0.0467074 0.000436591 -0.00809641 -0.00389843 0.0081136 0.00692767 0.00753313 0.00726421 -0.0104593 -0.0154823 0.0239658 -0.000204061
internal_weight=16566.8 15667 13169.5 899.753 13145.6 2497.56 10629.6 8096.49 1107.1 2516.08 2533.07 751.887 1390.46 81.3887 1097.59 18.0695 7982.05 5688.7 15.7416 1079.52 600.823 313.608 1309.07 1207.67 1186.67 1182.16 566.261 114.439 12.4717 1932.25
internal_count=88372 81776 69764 6596 69599 12012 55133 41568 5485 14466 13565 5159 6527 353 5445 87 40969 29456 85 5358 3492 1926 6174 5702 5597 5576 3517 599 65 10073
is_linear=0
shrinkage=0.05


Tree=136
num_leaves=31
num_cat=0
split_feature=20 20 20 13 44 21 38 53 19 4 17 13 19 20 13 21 54 17 6 53 29 21 28 53 38 13 11 26 19 32
split_gain=165.398 50.6544 23.2808 23.1745 20.2524 22.5376 21.1442 20.2446 15.7938 15.9301 14.1372 14.5682 14.7222 11.2202 11.9803 11.0721 12.0129 11.2793 11.0263 14.2426 16.0335 10.7997 11.9705 10.743 10.5719 10.3888 10.2479 10.4385 13.5914 10.2092
threshold=2.8050000000000002 4.455000000000001 1.6050000000000002 7.5050000000000008 23.650000000000002 3.3650000000000007 28.300000000000004 4.4075000000000015 5.1350000000000007 2.5000000000000004 4.245000000000001 6.6550000000000011 5.0950000000000006 6.0750000000000011 6.9250000000000007 5.4650000000000007 2.0291666666666663 2.7550000000000003 -1.0000000180025095e-35 5.7666666666666684 12.750000000000002 4.6050000000000013 80.90000000000002 5.6673333333333344 49.050000000000004 7.035000000000001 6.6250000000000009 3.5000000000000004 4.1650000000000009 45.150000000000006
decision_type=10 10 10 8 2 10 2 2 10 8 8 8 8 10 10 8 10 10 8 2 2 10 2 2 2 8 10 2 10 2
left_child=2 7 -1 4 5 24 8 -2 -7 13 11 12 -9 14 23 16 17 -13 26 -20 -21 -15 -23 -10 29 -24 -6 28 -28 -3
right_child=1 3 -4 -5 18 6 -8 10 9 -11 -12 15 -14 21 -16 -17 -18 -19 19 20 -22 22 25 -25 -26 -27 27 -29 -30 -31
leaf_value=-0.03455095868605719 0.0030757254819202121 0.0069534880918057894 -0.016238265857954667 -0.047965332596813612 -0.024184635700767551 0.0023584878941023115 0.0072464015549518705 0.11633031568764343 -1.5312107267732069e-05 0.067299934088282651 -0.0086604978723172407 0.069846305571492101 0.010341733632789575 0.012438024251267926 -0.011465346180685369 -0.009228559429151937 -0.02858833964586012 0.0087619373130457066 0.016215420557529 0.018867013553438557 -0.0041284318954120458 -0.0028271248674233474 0.0094993164390322592 -0.0076480204305571691 0.070153750724055983 0.080496995982495212 0.1194580466913686 0.0042280629726070985 0.018915816163548642 0.083866901332910013
leaf_weight=277.09719736874104 659.2810675650835 1418.5660345256329 464.45342459529638 22.582096621394157 31.259322389960289 2979.6255649328232 1053.4198270440102 5.4120511412620518 1234.6592635065317 8.1561102271079999 1918.8114723712206 7.8699229806661597 8.3027900904417038 180.54618756473064 509.70699216425419 185.29551906138659 20.992466166615486 190.18782670795918 558.46310622990131 112.04625681042671 234.34066721796989 972.72293467819691 157.44615562260151 735.72026904672384 6.6975437104701987 5.3268166184425345 4.3060680776834515 1261.4603077471256 15.320067688822745 4.3276352137327185
leaf_count=3218 3594 6921 3986 169 157 16108 5550 33 7238 39 12907 45 51 915 3034 1240 127 1165 2740 589 1243 5471 891 4390 29 30 20 6374 78 20
internal_value=-4.8989e-05 0.00112868 -0.0230812 0.00263653 0.00273603 0.00170898 0.000655861 -0.00466221 -0.000367532 -0.00250263 -0.00684525 0.00148639 0.0521662 -0.0026526 -0.00463277 -0.000232602 0.00737712 0.0111892 0.00702868 0.0112751 0.00330994 0.00107903 -0.000727071 -0.00286529 0.00748241 0.0118227 0.00410084 0.00479103 0.0409753 0.00718742
internal_weight=15244.4 14502.9 741.551 11506.7 11484.1 9266.92 7837.33 2996.15 6783.91 3804.28 2336.87 418.061 13.7148 3796.13 2480.09 404.346 219.05 198.058 2217.2 904.85 346.387 1316.04 1135.5 1970.38 1429.59 162.773 1312.35 1281.09 19.6261 1422.89
internal_count=88372 81168 7204 62006 61837 50636 43666 19162 38116 22008 15568 2661 84 21969 14662 2577 1337 1210 11201 4572 1832 7307 6392 11628 6970 921 6629 6472 98 6941
is_linear=0
shrinkage=0.05


Tree=137
num_leaves=31
num_cat=0
split_feature=21 21 53 17 21 18 21 16 21 33 39 7 23 15 10 39 24 17 53 15 28 45 42 53 41 5 24 54 29 44
split_gain=303.07 88.4713 28.2044 26.5112 21.7672 19.4307 18.8631 16.4924 14.3355 14.134 14.0012 13.7537 13.6864 13.3639 12.9517 12.7339 13.5689 12.6905 12.0566 12.3136 11.628 11.3778 13.2671 11.5075 13.069 11.0956 14.4865 10.6895 10.5758 10.5682
threshold=2.7650000000000001 4.8450000000000006 5.3650000000000011 5.4850000000000012 5.7150000000000007 5.8050000000000006 1.5850000000000002 6.5250000000000012 4.0250000000000012 21.250000000000004 31.400000000000002 6.5050000000000008 17.500000000000004 7.5550000000000006 1.2500000000000002 21.950000000000003 2.5000000000000004 6.5950000000000006 4.7125000000000012 7.0050000000000008 64.600000000000009 15.200000000000001 30.200000000000003 5.0608333333333348 10.400000000000002 7.285000000000001 27.500000000000004 0.59500000000000031 5.7500000000000009 16.050000000000004
decision_type=10 10 2 10 10 10 10 8 10 2 2 10 2 8 10 2 2 10 2 8 2 2 2 2 2 8 2 10 2 2
left_child=6 2 8 13 5 17 -1 10 -2 -4 21 -10 -11 14 15 20 -17 -5 19 -13 25 23 -23 24 27 -3 -27 -6 -20 -9
right_child=1 3 9 4 7 -7 -8 29 11 12 -12 18 -14 -15 -16 16 -18 -19 28 -21 -22 22 -24 -25 -26 26 -28 -29 -30 -31
leaf_value=-0.035616101586570491 -0.0078009057823896057 0.0073883978624042865 -0.015859075336095433 -0.002515607730937044 0.024213613122238402 -0.011331787192160306 -0.021187858218667782 0.0037575385699281936 0.067282301369373729 0.11919082982401473 0.023357565778422681 0.0067413251986819522 0.0084086267066327738 -0.049581901383330296 0.04951182304182894 0.095526323533837304 0.012985096731943894 0.010940879699507742 0.0049841769863567349 -0.019100158076787527 0.0013395095999505808 0.018397426294968478 -0.019855158702168169 0.0021699459066626763 0.0075112492564848692 0.13357461079548216 0.011763267214061245 0.078322769987118332 -0.0061984221420624567 -0.0052039082357125711
leaf_weight=431.03007894381881 955.4813380241394 2954.5916106253862 615.84342940151691 693.17293343693018 47.409406259655952 501.29809273779392 477.46321665495634 737.50358442217112 7.5059190243482581 3.3009244278073337 122.77169907093048 619.95086306333542 17.940958373248577 10.382107451558111 18.023435801267624 5.0189408063888541 625.904256939888 234.47645778208971 276.05610518157482 49.80212464183569 1002.5896233767271 259.29564754664898 24.838358834385872 1231.8547911792994 182.51621976494789 4.0150965452194196 6.2248915210366249 11.303906470537184 903.13717547059059 593.94233432412148
leaf_count=5569 7520 15817 5159 4304 227 3445 5171 4449 39 26 644 3694 143 66 92 24 3123 1492 1927 323 5566 1345 133 6923 885 20 33 53 6428 3732
internal_value=-0.000133792 0.00185946 -0.0049768 0.00440376 0.00173338 -0.00340039 -0.0280333 0.00401768 -0.00282462 -0.0144759 0.00703309 -0.000263425 0.0256238 0.00708201 0.00720945 0.00704364 0.0136417 0.000885709 -0.000537631 0.00481978 0.00599438 0.00589255 0.0150535 0.00412555 0.014112 0.00756847 0.0595255 0.0346311 -0.00358051 -0.000240057
internal_weight=13624.6 12716.2 3449.02 9267.13 4640.38 1428.95 908.493 3211.44 2811.93 637.085 1879.99 1856.45 21.2419 4626.75 4616.37 4598.34 630.923 927.649 1848.95 669.753 3967.42 1757.22 284.134 1473.08 241.23 2964.83 10.24 58.7133 1179.19 1331.45
internal_count=88372 77632 25259 52373 27632 9241 10740 18391 19931 5328 10210 12411 169 24741 24675 24583 3147 5796 12372 4017 21436 9566 1478 8088 1165 15870 53 280 8355 8181
is_linear=0
shrinkage=0.05


Tree=138
num_leaves=31
num_cat=0
split_feature=54 28 28 40 40 21 51 26 54 13 8 46 13 18 33 52 35 3 37 34 15 36 20 26 24 18 26 54 31 13
split_gain=78.4314 22.5758 19.1236 15.6136 14.7717 13.8179 12.587 18.5133 12.6835 12.027 11.3817 11.0927 10.6603 10.6131 10.1553 10.6604 20.2353 12.0951 15.7477 9.78877 16.7091 9.44223 9.39989 15.0538 14.9466 13.8896 13.7002 22.1761 17.8206 16.4729
threshold=0.50166666666666748 65.65000000000002 79.65000000000002 20.950000000000006 8.4500000000000011 3.1950000000000007 1.5000000000000002 30.500000000000004 0.25833333333333314 7.0250000000000012 2.2500000000000004 3.5000000000000004 6.8450000000000006 4.035000000000001 34.150000000000006 -0.21500000000000022 35.500000000000007 15.050000000000002 22.400000000000002 5.8000000000000016 7.0250000000000012 51.20000000000001 5.3950000000000005 46.500000000000007 50.500000000000007 4.8850000000000007 35.500000000000007 1.0583333333333333 4.9000000000000012 6.8550000000000013
decision_type=8 2 2 2 2 10 2 2 10 8 10 2 10 10 2 10 2 8 2 2 8 2 8 2 2 8 2 10 2 10
left_child=1 3 4 -1 10 6 8 -8 -3 -4 -2 22 -10 -11 21 -16 17 18 -17 20 -15 -7 25 24 26 -6 -24 28 -28 -29
right_child=2 5 9 -5 11 14 7 -9 12 13 -12 -13 -14 19 15 16 -18 -19 -20 -21 -22 -23 23 -25 -26 -27 27 29 -30 -31
leaf_value=0.0037472970888658367 -0.0083741407559416881 -0.019830880500338016 -0.020072148044895016 0.011640266699385155 -0.006749708360603679 -0.0073542620846809396 0.21567379882965187 0.027165166069307845 0.013459412516003307 0.11876428916881449 0.092117973585981741 -0.007298066060461246 0.13662878687977692 -0.019540941864490118 -0.020936551036470567 0.18797840595449511 0.20524668088704964 -0.017748809902654126 -0.015648080884300909 -0.015182320861654533 0.19488886223511442 0.049447692306288288 0.02207416680020453 -0.0050301296420112692 -0.0041285603463007093 0.0072313862096651006 0.11931251414616587 0.080354058283497357 0.0051924316879482105 0.25551967087442629
leaf_weight=3914.2037557065487 1546.5857778862119 11.388575226068502 301.09729737788439 745.96965540200472 409.63336165994406 673.86885453760624 2.1043895706534377 3.4177997410297394 4.2091278433799735 2.4471647068858173 2.8227560296654692 481.57796125486493 3.0151051208376884 1.9916691482067101 6.200393199920657 2.1436649113893487 1.9929888620972622 5.5071595460176477 1.7044194415211675 11.931213047355412 1.6704827249050138 7.3965502232313147 68.375403977930546 85.476081639528275 38.333546429872513 313.66896686702967 4.8303644359111848 3.1763761863112441 11.723429292440413 2.3243461921811104
leaf_count=36046 18683 109 4260 5491 3972 7943 22 34 42 33 21 5812 31 27 74 25 22 68 21 167 23 87 699 872 396 3168 46 35 118 25
internal_value=1.9092e-05 0.00373541 -0.00606589 0.00501075 -0.00481554 -0.00448554 0.0327103 0.0990018 0.0130425 -0.0176962 -0.00819106 -0.00113012 0.0648654 0.0219579 -0.00577018 0.0317852 0.060591 0.0297743 0.0977868 0.00676543 0.0782708 -0.00673756 0.00203811 0.0112372 0.0220359 -0.000686634 0.0331271 0.0673942 0.0384924 0.154371
internal_weight=8670.79 5383.12 3287.67 4660.17 2968.53 722.949 24.135 5.52219 18.6128 319.138 1549.41 1419.12 7.22423 18.0405 698.814 17.5486 11.3482 9.35524 3.84808 15.5934 3.66215 681.265 937.542 214.24 128.763 723.302 90.4299 22.0545 16.5538 5.50072
internal_count=88372 50015 38357 41537 33847 8478 238 56 182 4510 18704 15143 73 250 8240 210 136 114 46 217 50 8030 9331 2191 1319 7140 923 224 164 60
is_linear=0
shrinkage=0.05


Tree=139
num_leaves=31
num_cat=0
split_feature=7 41 17 21 17 40 3 41 35 1 25 24 22 29 38 9 28 53 43 5 20 22 7 41 22 17 18 19 52 23
split_gain=21.4727 21.1526 10.2844 10.3042 12.9765 12.6634 11.0631 14.8989 15.7779 13.2588 12.4308 12.2916 11.5266 10.9187 11.4175 10.5872 10.4651 10.3717 13.6781 11.5898 12.0607 11.553 9.93519 9.81713 11.0678 10.4072 10.3182 9.80938 9.5685 10.141
threshold=7.3250000000000011 14.550000000000002 3.4450000000000007 3.6050000000000004 6.7350000000000012 7.2500000000000009 13.750000000000002 26.200000000000006 16.050000000000004 3.5000000000000004 23.500000000000004 30.500000000000004 76.500000000000014 19.600000000000005 12.950000000000001 6.955000000000001 37.150000000000006 5.0336666666666678 3.9000000000000004 7.0750000000000011 4.7550000000000008 36.500000000000007 6.5950000000000006 4.9000000000000012 71.500000000000014 4.245000000000001 6.285000000000001 7.8550000000000013 0.26000000000000006 5.5000000000000009
decision_type=8 2 10 8 10 2 10 2 2 10 2 2 2 2 2 8 2 2 2 10 10 2 10 2 2 10 8 10 10 2
left_child=1 23 -3 4 5 22 -5 8 -8 -10 11 -9 -13 16 -15 28 -12 18 -17 20 21 -20 -4 25 -25 26 -1 -27 -11 -30
right_child=-2 2 3 6 -6 -7 7 10 9 15 13 12 -14 14 -16 17 -18 -19 19 -21 -22 -23 -24 24 -26 27 -28 -29 29 -31
leaf_value=-0.0025268966792908994 -0.039748625134032656 -0.011930550785744195 -0.045342096497214213 -0.0014815867624306943 -0.014643812743540494 0.0030852558245960493 -0.0055824529451641448 0.0031364085845561594 0.0048213634413934517 -0.012533555994989518 -0.00142514070454625 0.018865039996855286 0.089058047707799015 0.0046150322761070606 -0.012059207279639529 -0.016930346261480166 0.010759750760966722 0.00059149981636862255 0.038087203606191521 -0.0089047946891666115 0.0049143278616075245 0.12150642089493675 0.014039413285574551 -0.0039440997882410197 0.0075737552644298961 0.0020212414132540781 -0.021056631843791168 0.053715789437020836 0.052190663807688879 -0.0013398494641371794
leaf_weight=502.64960395544767 33.777551993727684 135.17637187242508 7.1432163417339316 2493.2967452704906 72.266665026545525 772.63479864597321 778.26081502437592 167.38716942071915 1825.6287959516048 298.1761611700058 249.9485450387001 258.04106949269772 5.9842438399791709 233.36226892471313 183.30774621665478 11.445508629083632 597.34018187224865 116.4705313295126 7.2092301994562247 7.0552295446395865 6.2570974379777899 9.7825310379266721 506.67543792724609 4137.5370741784573 219.6447281986475 1978.3419589102268 88.331131972372532 9.2195851355791074 9.1616185009479505 257.99089986085892
leaf_count=3006 289 783 37 13598 382 3987 4336 850 9885 1662 1315 1304 30 1209 960 61 2981 639 38 39 35 51 2568 24069 1242 10992 546 44 50 1384
internal_value=7.48766e-05 0.000159234 0.001757 0.00196548 0.00597257 0.0071307 0.0012411 0.00259263 0.000648832 0.00255124 0.00640765 0.013736 0.020456 0.00390634 -0.00272055 -0.00317666 0.00716523 0.00825596 0.0296378 0.0472261 0.0642599 0.0861135 0.0132139 -0.00191638 -0.00336349 0.000528921 -0.00529645 0.00226103 -0.00637634 0.000495904
internal_weight=15979.5 15945.7 9010 8874.83 1358.72 1286.45 7516.11 5022.81 3327.44 2549.18 1695.37 431.412 264.025 1263.96 416.67 723.549 847.289 158.22 41.7496 30.3041 23.2489 16.9918 513.819 6935.72 4357.18 2578.54 590.981 1987.56 565.329 267.153
internal_count=88372 88083 48184 47401 6974 6592 40427 26829 18180 13844 8649 2184 1334 6465 2169 3959 4296 863 224 163 124 89 2605 39899 25311 14588 3552 11036 3096 1434
is_linear=0
shrinkage=0.05


Tree=140
num_leaves=31
num_cat=0
split_feature=9 18 53 18 47 18 20 28 11 3 29 16 20 21 17 20 19 24 13 53 24 19 54 3 27 16 38 41 52 18
split_gain=22.7253 22.2883 18.9494 15.5972 15.0266 15.0258 14.4157 11.0519 9.54741 11.4486 13.2011 16.0403 10.427 10.1292 9.9663 11.5675 11.6131 12.7463 13.1215 9.48717 9.29381 13.1985 11.6631 13.0139 9.37199 13.8064 13.6788 12.9706 17.2154 12.0429
threshold=7.4850000000000012 4.7250000000000005 5.2518333333333347 2.6250000000000004 3.5000000000000004 6.9750000000000005 5.7950000000000008 71.050000000000011 6.7350000000000012 9.5500000000000025 4.2500000000000009 6.3050000000000006 3.5750000000000006 1.3050000000000004 5.4850000000000012 5.2950000000000008 4.285000000000001 49.500000000000007 6.8450000000000006 4.6558333333333346 57.500000000000007 6.6050000000000013 -0.33499999999999946 30.050000000000004 52.500000000000007 6.9450000000000012 13.150000000000002 22.450000000000003 0.099999999999999825 6.1450000000000005
decision_type=8 10 2 10 2 10 10 2 8 8 2 10 8 10 8 10 8 2 10 2 2 10 10 8 2 10 2 2 8 10
left_child=1 2 3 -1 5 7 20 -3 12 10 11 -10 13 -5 -11 16 17 18 -16 -8 -6 22 23 -22 25 26 29 -26 -29 -24
right_child=-2 4 -4 8 6 -7 19 -9 9 14 -12 -13 -14 -15 15 -17 -18 -19 -20 -21 21 -23 24 -25 27 -27 -28 28 -30 -31
leaf_value=-0.016512581706106168 -0.046300101232352078 -9.6554363560116525e-05 -0.0085926896002882971 0.057601485721670675 0.0057741619425543044 -0.0081945064999060634 0.071971385783658609 0.0049374124868574662 0.019569329090617139 -0.0023431397779173891 0.0048782468148773203 0.092138804944293898 -0.008275755985508117 0.0029262072898592765 -0.011177281177893725 -0.0048314975031296045 0.0037386711485547699 0.038094027240331313 0.025344271177382555 0.0011587763437183917 -0.00054673134701430212 -0.015701897230218406 0.050173665287960967 0.084543441958693802 -0.0038857168821101237 0.07314513029487861 0.0021417741696923573 0.066957007624841761 -0.034991529426576073 0.0052699622279942723
leaf_weight=156.99351582676172 26.391377590596676 6544.2076339870691 1056.9212711751461 8.9660534709691984 1084.1857786625624 500.32515387237072 4.7418142259120932 1308.3055466264486 51.85211543738842 1865.9065448045731 331.64953303337097 8.9252420812845212 625.07397146522999 153.41989679634571 44.995458692312241 240.38631284236908 398.45934702455997 59.238466188311577 54.240831166505814 1888.3169378936291 87.607949793338776 30.978887170553207 57.937097057700157 4.7364702373743048 48.933488681912422 18.443401515483856 38.373662039637566 16.940663874149323 5.4805469810962704 20.115807116031647
leaf_count=1043 194 34224 6059 43 5306 2649 22 6525 279 10230 1766 44 3444 808 235 1344 2155 299 274 9819 448 156 274 24 234 87 184 81 27 95
internal_value=6.06863e-05 0.000133878 -0.00263834 -0.00106507 0.00133625 0.000206858 0.00418905 0.000742154 -0.000434028 0.000831096 0.00880404 0.0302263 -0.00534321 0.00594507 -0.000343718 0.00433537 0.00829202 0.0197407 0.00878476 0.00133615 0.00800923 0.0153624 0.0185856 0.00381766 0.0251984 0.0329514 0.0265843 0.0105442 0.0420371 0.0386011
internal_weight=16743.1 16716.7 5057.03 4000.11 11659.6 8352.84 3306.79 7852.51 3843.11 3055.65 392.427 60.7774 787.46 162.386 2663.23 797.32 556.934 158.475 99.2363 1893.06 1413.73 329.548 298.569 92.3444 206.225 134.87 116.427 71.3547 22.4212 78.0529
internal_count=88372 88178 28023 21964 60155 43398 16757 40749 20921 16626 2089 323 4295 851 14537 4307 2963 808 509 9841 6916 1610 1454 472 982 640 553 342 108 369
is_linear=0
shrinkage=0.05


Tree=141
num_leaves=31
num_cat=0
split_feature=19 19 11 43 43 53 20 32 41 19 31 53 9 28 32 20 3 36 11 43 31 4 23 19 53 54 20 52 16 51
split_gain=74.7882 33.1701 20.5388 15.9657 15.8823 15.3878 13.5585 14.982 12.0222 11.5008 10.7969 10.9674 10.7077 10.4629 10.0933 12.2357 13.0587 15.3229 10.0482 10.3613 10.0427 9.58436 12.9332 9.48979 10.2475 9.30478 10.159 9.40036 9.93546 9.2529
threshold=2.5450000000000004 4.3850000000000007 6.4450000000000012 27.100000000000005 35.150000000000006 5.1941666666666686 5.995000000000001 36.600000000000001 39.000000000000007 6.6550000000000011 10.400000000000002 4.0241666666666687 7.3650000000000011 64.600000000000009 29.300000000000001 6.4850000000000012 17.950000000000003 20.950000000000006 7.245000000000001 10.800000000000002 22.900000000000002 -1.0000000180025095e-35 8.5000000000000018 1.635 4.8036666666666674 -0.89749999999999985 4.1550000000000011 -1.5349999999999999 4.9450000000000012 3.5000000000000004
decision_type=10 10 10 2 2 2 10 2 2 10 2 2 8 2 2 10 10 2 10 2 2 10 2 8 2 10 10 10 10 2
left_child=23 3 -3 5 6 20 7 13 -5 12 21 -12 -8 18 -11 -16 17 -17 29 -20 -2 -6 -23 -1 -25 26 -13 28 -27 -4
right_child=1 2 4 8 10 -7 9 -9 -10 14 11 25 -14 -15 15 16 -18 -19 19 -21 -22 22 -24 24 -26 27 -28 -29 -30 -31
leaf_value=-0.034249014093373352 -0.0041989030268845843 -0.047974545874005944 0.0022640585044205359 0.0098892468667876425 0.0084536416168600765 -0.011859114509365802 -0.0033601445643660771 -0.01446995241118228 0.097651552212607906 0.002027303848458797 0.094225395763229081 0.047613349606931921 0.051402230039125044 0.0053286484725940733 -0.015189167469249105 0.012058067614396727 0.015677074410125152 0.11893063869601649 0.093166995810031614 0.013491736510826578 0.0064058491267797116 0.10434903355016456 0.02253843885838552 -0.01153541836901225 -0.033979594991916204 0.012887830108939777 -0.033817546107677447 0.003052231255312841 0.099967393221631617 -0.0028210874646832046
leaf_weight=107.51422923058271 2036.3883398324251 20.835429407656193 5133.9238751530647 134.37998878955841 203.74955803155899 630.42240615189075 2490.8837874084711 130.73194590210915 4.0188744664192191 973.12178914248943 3.2745934426784506 4.4188639670610419 8.9584048986434919 2481.8074340224266 13.366655111312864 5.4357435107231131 20.613324359059334 8.7569526135921461 5.8284038603305843 13.605639949440954 250.735943980515 5.012141987681388 133.59596242010593 216.7721853852272 66.446083687245846 8.9655891805887205 28.747333481907845 329.9251245111227 5.1613792628049842 1083.3279253840446
leaf_count=1080 11846 154 25897 742 958 4002 13353 680 22 5034 14 21 42 12259 68 28 107 45 30 70 1407 23 620 1638 575 43 145 1556 24 5889
internal_value=1.32791e-05 0.000535593 0.00162878 -0.00415561 0.00170771 -0.00494274 0.00128675 0.00233093 0.0124377 -0.00133743 0.00891165 0.00311519 -0.0031639 0.00258285 0.00313324 0.0254738 0.0410898 0.0779989 0.0014902 0.0373869 -0.00303631 0.0153538 0.0254968 -0.0216021 -0.0168011 0.00232427 -0.0229682 0.00476243 0.0447029 0.00137799
internal_weight=16560.7 16170 13114 3055.95 13093.2 2917.55 12370.4 8849.23 138.399 3521.14 722.851 380.493 2499.84 8718.49 1021.29 48.1727 34.806 14.1927 6236.69 19.434 2287.12 342.358 138.608 390.732 283.218 377.218 33.1662 344.052 14.127 6217.25
internal_count=88372 85079 67060 18019 66906 17255 63502 44825 764 18677 3404 1803 13395 44145 5282 248 180 73 31886 100 13253 1601 643 3293 2213 1789 166 1623 67 31786
is_linear=0
shrinkage=0.05


Tree=142
num_leaves=31
num_cat=0
split_feature=20 20 13 44 21 20 17 21 4 38 13 32 41 18 29 20 5 53 26 31 27 19 43 28 36 30 25 15 18 19
split_gain=155.032 52.5514 22.7673 21.0766 23.3079 15.9565 15.7272 15.7045 14.3715 13.4786 12.4049 11.7124 11.2356 15.6792 11.0622 10.2253 10.6406 11.0153 10.1917 16.3289 12.0523 11.8526 11.2501 10.0904 14.1386 11.1797 9.99926 9.93073 9.91319 9.85985
threshold=2.4550000000000005 4.3150000000000004 7.5050000000000008 17.500000000000004 3.3650000000000007 1.6050000000000002 5.6050000000000013 1.7650000000000003 1.7500000000000002 29.800000000000004 6.9250000000000007 14.900000000000002 24.550000000000004 6.7550000000000008 5.7500000000000009 5.0150000000000006 6.7650000000000006 5.4255000000000013 65.500000000000014 17.500000000000004 54.500000000000007 6.6750000000000007 20.950000000000006 85.950000000000017 10.400000000000002 15.100000000000001 24.500000000000004 6.5750000000000011 4.2350000000000012 4.4650000000000007
decision_type=10 10 8 2 10 10 8 10 8 2 10 2 2 10 2 10 10 2 2 2 2 10 2 2 2 2 2 8 10 8
left_child=5 6 3 4 -3 -1 7 28 9 10 27 -9 -5 14 -14 16 -12 -18 21 -20 -21 -13 -23 29 -25 -26 -10 -6 -2 -17
right_child=1 2 -4 12 8 -7 -8 11 26 -11 15 18 13 -15 -16 23 17 -19 19 20 -22 22 -24 24 25 -27 -28 -29 -30 -31
leaf_value=-0.03410280567396301 0.02324392646951488 0.0070778761481134073 -0.047775897328087992 0.0069342522790808176 -0.025576304740998663 -0.017638326040632434 -0.011714245918757377 -0.0069351969748354175 0.11461351788591967 0.0065816454660868294 0.056671416556247647 -0.0019485506335167218 -0.013878147555290588 -0.014383764184600507 0.0056136198374901313 0.0065202292059083683 -0.0078421752715992117 -0.026269001858270236 0.0072819883416175499 0.13140350072574766 0.011468338766014665 0.073009774117110599 -0.0077252599541364451 -0.041206367338506092 0.1174762909497835 0.026516167498519913 0.023543407508533992 0.00032932990600459183 0.0018600937368848801 -0.006207764988953559
leaf_weight=268.87583126500249 78.606630027294159 1320.5448335260153 22.61728723347187 2995.9876661747694 37.276181429624557 325.06974722445011 736.751525208354 1285.1641640886664 4.1465691477060309 647.17943455278873 5.6185062527656546 230.04418363422155 81.723727315664291 146.9205949306488 665.94933070242405 202.12796446681023 314.65127646923065 109.2670906484127 20.220926888287071 5.7906060293316823 3.2818237766623497 10.646597363054754 7.2554516792297354 4.9062751829624203 5.0232830494642249 10.314049690961836 11.036087200045584 4888.7313209399581 174.54064692556858 615.45331603288651
leaf_count=3218 423 6485 174 15298 211 2899 5136 8451 21 3412 34 1438 426 802 3500 1049 1909 744 128 36 21 70 48 27 27 58 57 27829 984 3457
internal_value=-4.94509e-05 0.000966391 0.00234274 0.00243668 0.000995214 -0.0250917 -0.00555294 -0.00305267 -0.000176423 -0.000284274 -0.00100173 -0.00492451 0.00546599 0.000548787 0.00348309 -0.00541338 -0.0116858 -0.0125918 0.00439618 0.0322869 0.0880186 0.00110106 0.040289 -0.00219763 0.0326738 0.0563074 0.0484158 0.000133296 0.00850015 -0.00306106
internal_weight=15235.7 14641.8 12089.5 12066.9 8176.28 593.946 2552.3 1815.55 6855.73 6840.55 6193.37 1562.4 3890.58 894.594 747.673 1267.36 429.537 423.918 277.24 29.2934 9.07243 247.946 17.902 837.825 20.2436 15.3373 15.1827 4926.01 253.147 817.581
internal_count=88372 82255 65520 65346 45320 6117 16735 11599 38835 38757 35345 10192 20026 4728 3926 7305 2687 2653 1741 185 57 1556 118 4618 112 85 78 28040 1407 4506
is_linear=0
shrinkage=0.05


Tree=143
num_leaves=31
num_cat=0
split_feature=21 51 17 53 21 21 15 15 18 12 33 3 21 39 19 39 33 45 34 39 53 20 3 43 25 39 36 44 31 54
split_gain=283.979 81.6277 30.6185 26.0318 18.7183 17.0516 18.5049 16.414 15.6683 18.1834 15.5601 14.8493 14.5862 14.168 13.5148 13.3637 13.1193 15.2349 13.0203 12.9328 14.9757 12.75 13.1458 11.9854 12.8749 14.2139 12.3308 11.635 13.4106 12.4252
threshold=2.7650000000000001 2.5000000000000004 5.4850000000000012 6.0600000000000014 1.5850000000000002 4.245000000000001 6.9250000000000007 7.5550000000000006 4.0550000000000006 0.75000000000000011 27.000000000000004 10.950000000000001 7.0750000000000011 26.500000000000004 5.1550000000000011 13.450000000000001 18.050000000000001 20.550000000000004 29.300000000000001 15.200000000000001 5.4455000000000009 1.4550000000000003 17.050000000000004 4.4000000000000012 26.500000000000004 28.200000000000006 44.100000000000001 16.400000000000002 28.350000000000005 -0.60166666666666624
decision_type=10 2 8 2 10 10 8 8 10 8 2 10 10 2 10 2 2 2 2 2 2 10 8 2 2 2 2 2 2 10
left_child=4 2 5 7 -1 8 13 16 -2 21 15 -12 27 -7 -11 -4 17 19 -15 20 -3 22 -10 26 -25 -26 -18 28 29 -5
right_child=1 3 10 12 -6 6 -8 -9 9 14 11 -13 -14 18 -16 -17 23 -19 -20 -21 -22 -23 -24 24 25 -27 -28 -29 -30 -31
leaf_value=-0.035204525943161806 0.0072433767437270653 0.0056879048072805234 -0.0096152605765771719 0.033259025173704389 -0.02064603060164549 0.0038532212874359466 -0.0064119446700663697 -0.04920381782105139 0.053385533424698851 -0.0018025489448041207 -0.042936994519327483 0.034669362189940461 0.0079082179995806808 0.020329504998048725 0.082288205202062301 0.0037870535871939825 0.019250414931718831 0.014217556904243804 0.093849963523569974 0.0095748728045371746 -0.0018247357440191545 -0.010905811833395436 -0.0054059233631255652 -0.00018897859481152351 0.010443521514129452 0.03618497356365049 0.087797467749470642 -0.0081104460957386673 0.018633759129244521 -0.0029937377680832392
leaf_weight=417.42190366983414 200.44071011990309 1893.8376387655735 1827.1072532460093 24.725536018610001 468.69068656861782 1848.8289347812533 475.76747487485409 13.012639500200747 15.886598750948904 9.6435768380761164 7.4000866487622252 36.895638354122639 410.86273385584354 50.316180430352688 9.470345661044119 207.07810780405998 265.05242691189051 477.14062581956387 6.8408048599958411 1029.7781124785542 1020.9520306512713 767.98465290665627 23.681880868971348 268.66283549368382 552.97550112754107 59.386770859360695 6.7272486686706534 582.2772326990962 98.211191758513451 536.02545324712992
leaf_count=5569 1394 9931 13511 154 5171 11459 3063 86 95 69 48 225 2414 267 60 1366 1308 2293 36 5303 6046 5971 148 1389 2850 285 34 3813 616 3398
internal_value=-0.000135502 0.00177003 -0.00282939 0.00525621 -0.0275041 8.70211e-05 0.00240926 0.00688653 -0.005298 -0.00833889 -0.00761252 0.0217044 -0.00025765 0.00461119 0.0398618 -0.00825092 0.00701746 0.00577894 0.0291288 0.00475819 0.00305648 -0.00947975 0.0181986 0.011768 0.00893635 0.0129399 0.0209471 -0.00296063 0.00158988 -0.00139522
internal_weight=13613.1 12727 5487.34 7239.63 886.113 3408.86 2381.75 5587.53 1027.11 826.667 2078.48 44.2957 1652.1 1905.99 19.1139 2034.19 5574.51 4421.71 57.157 3944.57 2914.79 807.553 39.5685 1152.8 881.025 612.362 271.78 1241.24 658.962 560.751
internal_count=88372 77632 37712 39920 10740 22562 14825 29525 7737 6343 15150 273 10395 11762 129 14877 29439 23573 303 21280 15977 6214 243 5866 4524 3135 1342 7981 4168 3552
is_linear=0
shrinkage=0.05


Tree=144
num_leaves=31
num_cat=0
split_feature=16 28 40 40 4 22 54 27 19 20 0 20 37 28 14 2 38 25 18 38 43 38 9 21 9 19 11 5 25 35
split_gain=72.3895 22.5388 19.7241 15.0668 13.9045 12.9264 12.536 13.912 11.3727 11.8752 11.6365 14.7472 14.0402 19.7678 18.341 11.3692 18.8196 36.0773 11.9064 11.0538 10.6435 11.8319 18.8418 10.2628 14.2359 12.4236 15.1335 12.9934 12.1364 11.8384
threshold=5.955000000000001 29.700000000000003 6.8000000000000016 27.100000000000005 1.0000000180025095e-35 1.5000000000000002 0.9199999999999996 74.500000000000014 4.8450000000000006 2.2250000000000005 4.5000000000000009 4.2550000000000008 5.4500000000000002 59.350000000000001 -1.0000000180025095e-35 2.5000000000000004 13.450000000000001 33.500000000000007 4.0750000000000011 35.150000000000006 10.400000000000002 32.650000000000006 6.7950000000000008 7.5050000000000008 6.8250000000000011 4.4850000000000012 6.705000000000001 6.7350000000000012 23.500000000000004 19.600000000000005
decision_type=8 2 2 2 10 2 8 2 8 8 2 8 2 2 10 10 2 2 10 2 2 2 10 8 8 10 10 8 2 2
left_child=1 19 -3 4 5 -2 8 -8 10 -10 11 -7 13 -13 -15 -9 18 -18 -17 -1 21 -12 -23 -4 25 28 -27 29 -25 -28
right_child=3 2 23 -5 -6 6 7 15 9 -11 20 12 -14 14 -16 16 17 -19 -20 -21 -22 22 -24 24 -26 26 27 -29 -30 -31
leaf_value=0.0079903526656399538 0.038475040681237652 -0.0060289852956120866 0.0024671132878079484 -0.021434211142161375 0.013818941468025057 0.18171210927403658 -0.01080394309080443 0.0026279684992757276 0.11014230827521557 -0.0049325484419426614 0.01291324154347002 -0.0075145404625531738 0.0050537863703587543 0.04997731011597515 0.28241040472510448 0.1268124164674205 -0.015640902814240267 0.2949235838307056 -0.024838761392758816 -0.013574291711679943 -0.010593831487666721 0.21186593369488402 -0.015721970748152424 0.093388452208033448 -0.0064141176530152152 -0.002805373157309209 0.23804758982479718 0.058859991403322959 -0.038318249118192295 0.091272283391657619
leaf_weight=2059.6604855060577 16.102107185870409 804.08884464949369 2781.9345050677657 157.5732219144702 89.757100515067577 1.761858463287356 1274.1595141962171 25.271651607006788 2.2461461275815955 1188.879750084132 62.86436104029417 2.6352426335215595 14.922206006944178 1.5806787982583048 1.832841984927654 1.7469870075583438 1.7127139046788218 2.0597164183855057 4.9946653470396996 61.189973011612892 63.750266999006271 1.9453940391540521 1.7077480927109716 2.4955259561538714 18.642149426043034 4.534656390547755 2.6279936805367443 7.0632458925247201 5.8476682379841805 2.8786447867751122
leaf_count=17126 188 8552 25568 2162 1059 20 16157 324 24 14354 747 29 175 20 23 22 22 26 64 517 764 23 21 22 168 40 22 59 51 23
internal_value=1.86194e-05 0.00327303 0.000880486 -0.00639645 -0.0055379 -0.00618857 -0.00645954 -0.0099404 -0.0030672 -0.00471555 0.00976539 0.042774 0.0311012 0.0953598 0.174779 0.0208061 0.0644991 0.153925 0.0144591 0.00736818 0.00400511 0.0179967 0.105475 0.00284644 0.0267807 0.0510981 0.0754975 0.103746 0.00107643 0.161319
internal_weight=8668.47 5750.96 3630.11 2917.5 2759.93 2670.17 2654.07 1309.95 1344.13 1191.13 153.001 22.7328 20.971 6.04876 3.41352 35.7857 10.5141 3.77243 6.74165 2120.85 130.268 66.5175 3.65314 2826.02 44.0899 25.4477 17.1045 12.5699 8.34319 5.50664
internal_count=88372 52148 34505 36224 34062 33003 32815 16615 16200 14378 1822 267 247 72 43 458 134 48 86 17643 1555 791 44 25953 385 217 144 104 73 45
is_linear=0
shrinkage=0.05


Tree=145
num_leaves=31
num_cat=0
split_feature=7 41 28 3 41 1 53 30 17 2 42 41 52 20 40 37 17 35 3 32 53 23 52 35 27 44 40 43 17 18
split_gain=20.6148 19.3006 9.52423 11.2236 12.164 12.5113 11.101 15.377 12.5832 10.231 10.0733 11.2346 9.71166 9.5401 9.41108 9.45464 9.22237 9.61133 10.4784 10.6644 10.4006 10.7121 10.8571 11.1592 17.7097 9.21216 9.74127 10.0107 14.1248 11.2022
threshold=6.455000000000001 14.550000000000002 61.650000000000006 24.650000000000002 23.900000000000002 3.5000000000000004 4.6158333333333355 19.100000000000005 4.6450000000000005 1.5000000000000002 27.700000000000006 44.100000000000001 1.3700000000000006 5.8750000000000009 10.150000000000002 22.100000000000005 2.5350000000000006 1.0000000180025095e-35 19.950000000000003 37.150000000000006 4.8708333333333345 83.500000000000014 0.4549999999999999 22.900000000000002 38.500000000000007 31.000000000000004 4.9000000000000012 6.8000000000000016 4.4850000000000012 3.8150000000000004
decision_type=10 2 2 10 2 10 2 2 10 8 2 2 10 10 2 2 8 2 8 2 2 2 10 2 2 2 2 2 10 10
left_child=-1 16 -3 -4 5 6 7 -5 -8 13 11 -6 -9 -7 -12 -16 -2 25 -19 20 21 22 -20 -24 -25 26 -18 29 -29 -28
right_child=1 2 3 4 10 9 8 12 -10 -11 14 -13 -14 -15 15 -17 17 18 19 -21 -22 -23 23 24 -26 -27 27 28 -30 -31
leaf_value=-0.04673933713818379 -0.019728517740059435 0.00042310844889590043 0.0018668453379502533 0.014279574560631487 0.01895338067864543 0.10422094145789383 -0.014798327863099795 0.040578502080495751 0.0096712529665367707 -0.01057862131109491 -0.017794277609642455 -0.021695913758923557 0.13307638521194071 -0.0092119863580984382 0.00041502072189555749 0.083966111936549126 -0.0052861416691833002 -0.00066077098159205544 -0.007103989814395039 -0.035756676997278282 -0.0074183185351528284 0.085515290202599681 -0.0014513320214152104 -0.0016079665657806445 0.032533248669031879 0.015442624990440069 0.01847750321617548 -0.0040707165488614626 0.0095816065616363896 -0.0055839562919640104
leaf_weight=23.480281144380569 71.304107822477818 5680.5942015424371 2322.3297023922205 32.560165718197823 376.80752623081207 3.837727263569831 64.229700587689877 6.4091490060091001 288.64556500315666 164.24165310710669 41.410971701145172 17.800735384225845 5.0924725830554962 3.5852395743131638 10.210482150316237 5.065872609615325 545.88446201384068 2499.8937755823135 350.00040329247713 28.48253957927227 1475.8240491300821 3.6252582967281333 257.50614406168461 75.207575559616089 76.74105890840292 107.29048316180706 54.07615964114666 265.73141027987003 660.03232226520777 458.62932893633842
leaf_count=216 592 30841 12162 161 1808 20 353 32 1539 886 209 91 25 20 50 24 3013 14279 2034 175 8937 19 1435 410 402 615 290 1549 3636 2549
internal_value=7.60737e-05 0.000144978 0.00166916 0.003787 0.00815922 0.00329453 0.00817202 0.031835 0.00521735 -0.00798362 0.0142884 0.0171197 0.081533 0.0494337 -0.0054206 0.0281218 -0.00183943 -0.00165346 -0.00289323 -0.00535461 -0.00496785 -0.000228556 -0.000637854 0.00488937 0.0156349 0.00117224 0.000400663 0.00255875 0.00566284 -0.00304614
internal_weight=15976.5 15953.1 9022.82 3342.23 1019.9 568.602 396.937 44.0618 352.875 171.665 451.296 394.608 11.5016 7.42297 56.6873 15.2764 6930.23 6858.92 4767.28 2267.39 2238.9 763.08 759.455 409.455 151.949 2091.64 1984.35 1438.47 925.764 512.705
internal_count=88372 88156 48221 17380 5218 3036 2110 218 1892 926 2182 1899 57 40 283 74 39935 39343 27691 13412 13237 4300 4281 2247 812 11652 11037 8024 5185 2839
is_linear=0
shrinkage=0.05


Tree=146
num_leaves=31
num_cat=0
split_feature=9 42 18 53 48 18 38 53 29 16 19 42 38 3 20 39 0 16 30 31 34 21 2 36 9 19 18 36 17 40
split_gain=21.5704 21.4149 17.7727 14.2942 12.1015 12.0327 10.5939 10.3203 10.2459 14.7583 12.248 11.5418 10.9705 10.7373 9.77775 12.5088 9.86411 9.65443 11.2019 9.82408 10.7612 9.95035 9.64836 9.55845 10.7766 9.46025 20.226 15.0338 12.0645 11.2896
threshold=7.4850000000000012 22.050000000000001 4.535000000000001 5.6855000000000002 1.5000000000000002 7.035000000000001 35.500000000000007 4.5955000000000004 12.250000000000002 5.6750000000000007 5.0950000000000006 31.000000000000004 27.700000000000006 32.500000000000007 4.455000000000001 27.100000000000005 7.5000000000000009 6.6650000000000009 36.600000000000001 26.000000000000004 21.650000000000002 7.5050000000000008 3.5000000000000004 23.650000000000002 6.7550000000000008 5.3650000000000011 6.2750000000000012 23.300000000000004 5.1550000000000011 27.450000000000006
decision_type=8 2 10 2 2 10 2 2 2 10 8 2 2 10 8 2 2 8 2 2 2 10 8 2 8 8 10 2 10 2
left_child=1 2 3 4 23 17 8 -6 9 -3 11 12 13 14 15 -10 -16 22 19 21 -21 -19 25 -1 -25 26 27 -4 -28 -30
right_child=-2 6 5 -5 7 -7 -8 -9 10 -11 -12 -13 -14 -15 16 -17 -18 18 -20 20 -22 -23 -24 24 -26 -27 28 -29 29 -31
leaf_value=-0.015405746443012633 -0.045930493833888426 -0.0036526620891105506 0.0017790108907946357 -0.023283224954240692 0.0014014087166115592 -0.0063797752318666984 -0.010266719340522576 -0.0047409955576225649 0.018315394342904655 0.0049773743344687909 0.0025945859784422677 0.017275608438882137 -0.018017598508593125 0.078516278692007835 -0.0031443323058111179 -0.035079045028159499 0.011815927218727321 0.005722381816532611 0.019603705676540736 -0.0097936616193949506 0.026310952182550557 -0.02511726140498842 -0.0037595192520848038 0.073582040198299545 -0.00052562438895278885 -0.001527946510942807 -0.012935920427630147 0.010144052710018205 -0.00032794032527460931 0.051168548835136024
leaf_weight=297.95627896487713 25.454998381435871 980.40482360124588 1438.4235807806253 94.068433843553066 1077.1711439043283 640.60328444838524 146.06844234466553 1872.7816335484385 214.52943973243237 1001.3998143821955 1514.188235193491 334.98124592006207 44.391723364591599 5.3004613518714896 273.7083904594183 11.559950828552244 184.42760926485062 1133.6596342921257 111.4526943564415 209.90445910394192 22.888758435845375 26.77300001680851 1406.5864613652229 6.0015371441841117 26.865162879228592 2220.2529705315828 283.75786747038364 857.21290284395218 265.89086478948593 11.086756795644758
leaf_count=1835 194 5174 7475 576 5776 3442 759 10748 1034 4918 7659 1599 224 26 1388 60 903 5769 567 1092 118 147 7421 33 156 11922 1521 4436 1343 57
internal_value=6.14819e-05 0.000131525 -0.000989685 -0.00406604 -0.00351504 0.000213564 0.00298832 -0.00249811 0.00341246 0.000708069 0.00548734 0.00958517 0.00607503 0.00762612 0.00707696 0.0155853 0.00287808 0.000742329 0.00435053 0.00313033 -0.00624377 0.00501086 -9.50925e-05 -0.012583 0.0130066 0.000920215 0.00282317 0.0049026 -0.00568998 0.00173334
internal_weight=16739.8 16714.3 12003.3 3374.84 3280.78 8628.49 4710.96 2949.95 4564.89 1981.8 2583.09 1068.9 733.918 689.526 684.225 226.089 458.136 7987.89 1504.68 1393.23 232.793 1160.43 6483.21 330.823 32.8667 5076.62 2856.37 2295.64 560.735 276.978
internal_count=88372 88178 64434 19124 18548 45310 23744 16524 22985 10092 12893 5234 3635 3411 3385 1094 2291 41868 7693 7126 1210 5916 34175 2024 189 26754 14832 11911 2921 1400
is_linear=0
shrinkage=0.05


Tree=147
num_leaves=31
num_cat=0
split_feature=19 43 19 3 37 23 11 37 43 10 3 31 44 16 38 22 27 18 26 18 11 19 53 32 35 3 42 27 54 13
split_gain=69.7955 30.9445 25.7047 13.8759 15.5729 12.9497 11.1777 10.9284 12.1934 10.6629 10.3804 10.8918 12.6076 11.8392 9.93365 11.0287 9.73653 9.66046 12.4639 10.1386 9.50854 9.27993 9.86047 9.18036 12.9506 9.64874 18.4995 12.5911 9.15042 11.6948
threshold=2.5450000000000004 19.100000000000005 4.1250000000000009 27.950000000000003 27.900000000000002 81.500000000000014 7.3750000000000009 7.8500000000000005 35.150000000000006 1.2500000000000002 28.150000000000002 7.8500000000000005 16.400000000000002 5.3650000000000011 35.500000000000007 48.500000000000007 74.500000000000014 3.9050000000000007 51.500000000000007 3.3950000000000005 6.4450000000000012 1.635 4.8036666666666674 10.600000000000001 6.0500000000000016 5.0500000000000007 8.9000000000000004 38.500000000000007 0.48333333333333367 6.6650000000000009
decision_type=10 2 10 8 2 2 8 2 2 10 8 2 2 10 2 2 2 10 2 8 10 8 2 2 2 10 2 2 8 8
left_child=21 2 -2 4 20 9 7 14 -9 23 17 -12 13 -13 16 -16 -3 18 19 -10 -4 -1 -23 24 -6 26 -26 -28 29 -22
right_child=1 6 3 -5 5 -7 -8 8 10 -11 11 12 -14 -15 15 -17 -18 -19 -20 -21 28 22 -24 -25 25 -27 27 -29 -30 -31
leaf_value=-0.033767443789347096 -0.0064923840212255919 -0.0042270434874398174 -0.048014706102313426 -0.0039678719689901255 -0.005914267169134825 0.079372028738029649 -0.049127283715906085 0.0036084925895479222 0.0047581458598837667 0.078958778769127033 0.048312280162247756 -0.016422655551024696 -0.021517757946319046 0.046391630678862428 0.056424210382316056 -0.021770342053468266 0.034615426791310258 0.0062353340552370861 -0.0092548158840061491 0.068667054713742931 -0.013201875235522657 -0.011153369567642731 -0.0334323061449927 0.00034049892353866373 -0.039742721895855163 0.011124784051363253 0.020275352164167756 0.13312532952204628 0.0022276351916208875 -0.00094001022934571063
leaf_weight=104.47548404335976 1798.6833872944117 649.70324525237083 10.308654136955736 1727.5312271416187 119.49117709696293 6.0046359896659842 10.034342989325522 4151.3581085428596 8.9032978713512438 4.9560263007879248 35.86856284737587 10.295741736888884 17.949025690555573 27.639576032757759 14.295556843280794 6.5871608704328528 16.544403433799744 436.56066323816776 13.154488593339918 20.482540547847748 207.45395544171333 214.9283851608634 64.589995004236698 509.86857460439205 3.9117568135261527 584.2688559666276 4.1197260469198209 6.1789613217115402 2665.4679836928844 3103.5028748065233
leaf_count=1080 10956 3312 76 9325 605 29 70 20567 39 26 158 47 83 120 77 35 84 2061 61 93 1131 1638 575 2615 20 2941 21 31 13665 16831
internal_value=1.45539e-05 0.00051483 -0.00103801 5.77824e-05 0.00102026 0.00612313 0.00359558 0.00369338 0.00455066 0.00576636 0.0114023 0.0268093 0.0130079 0.0293437 -0.00219816 0.0317588 -0.0032625 0.00845166 0.0311962 0.049304 -3.56425e-05 -0.0210536 -0.0163015 0.00547092 0.00911431 0.0121149 0.0528232 0.0879826 4.71159e-05 -0.0017083
internal_weight=16555.1 16171.1 10751.7 8953.06 7225.53 1238.8 5419.38 5409.34 4722.21 1232.8 570.854 91.7529 55.8843 37.9353 687.13 20.8827 666.248 479.101 42.5403 29.3858 5986.73 383.994 279.518 1227.84 717.97 598.479 14.2104 10.2987 5976.42 3310.96
internal_count=88372 85079 58272 47316 37991 6288 26807 26737 23229 6259 2662 408 250 167 3508 112 3396 2254 193 132 31703 3293 2213 6233 3618 3013 72 52 31627 17962
is_linear=0
shrinkage=0.05


Tree=148
num_leaves=31
num_cat=0
split_feature=20 20 13 44 21 20 53 32 4 32 7 3 38 21 53 13 36 11 20 21 3 40 45 41 29 34 13 53 52 44
split_gain=144.982 48.0719 21.6167 19.0648 20.8037 15.867 14.982 12.862 13.5219 11.7375 10.4179 10.2043 10.1493 11.0054 12.2344 11.0506 12.0461 10.915 10.5037 10.2821 9.80573 9.56751 12.0768 9.35518 9.34364 9.30031 9.29561 14.3129 9.46147 9.94873
threshold=2.4550000000000005 4.3150000000000004 7.5050000000000008 17.500000000000004 3.3650000000000007 1.385 5.2008333333333345 26.200000000000006 1.7500000000000002 5.6500000000000012 6.9850000000000012 13.950000000000001 41.300000000000004 6.1350000000000007 4.5863333333333349 6.8750000000000009 19.100000000000005 6.8150000000000004 6.285000000000001 6.995000000000001 5.7500000000000009 3.0500000000000003 11.450000000000001 21.800000000000001 13.150000000000002 4.4000000000000012 6.9250000000000007 3.8975000000000004 2.4050000000000007 32.70000000000001
decision_type=10 10 8 2 10 10 2 2 8 2 8 10 2 10 2 10 2 8 10 10 10 2 2 2 2 2 10 2 8 2
left_child=5 6 3 4 -3 -1 9 8 12 -2 26 -11 13 -6 24 16 25 18 -18 -19 -9 22 -20 -14 -15 -16 28 -28 -5 -30
right_child=1 2 -4 10 7 -7 -8 20 -10 11 -12 -13 23 14 15 -17 17 19 21 -21 -22 -23 -24 -25 -26 -27 27 -29 29 -31
leaf_value=-0.037340766451065752 -0.0067418311002595578 0.0066815452236207405 -0.04749289868126455 0.0047905998088825334 7.1313853538046258e-05 -0.019209410692336532 -0.012795495554426507 -0.035987186656467142 0.0468559933199258 -0.0061559425737727803 0.0139140462700628 0.0050151358958370404 0.023504436184010581 0.06458261677511791 -0.012459923950549231 -0.01086191113963432 -0.018861792323962397 0.0094683009019175812 0.0090924464939742336 -0.017461312753903949 0.0075553529303904222 -0.0067659108743667838 0.10160369486972992 -0.010074425999563307 -0.0067363470914650172 0.0060850304782797621 0.090858944740258907 -0.003157898609462668 0.024004168405600976 -0.010120004026387915
leaf_weight=170.92881306260824 1125.8971633389592 1326.9286208748817 21.815912440419197 2995.3342178612947 4440.4348254650831 410.31068965420127 531.5873616784811 13.206235855817793 14.819406032562254 321.07197292894125 315.16039136052132 562.67970310151577 76.796975910663605 11.159193038940431 79.796696156263351 560.02094984054565 229.91314959526062 138.65818067640066 15.055108845233919 47.618134871125221 617.72900199145079 124.26194863021374 4.6074111312627783 28.418023779988289 7.8042295873165122 442.53436251729727 4.0853615105152121 444.35073161125183 118.8664932101965 26.037881076335907
leaf_count=2114 7366 6485 174 15371 24700 4003 3943 74 74 1965 1610 3461 383 59 482 3438 1426 838 86 288 3383 713 27 149 42 2673 18 2314 589 124
internal_value=-5.08776e-05 0.000921008 0.00223345 0.00232322 0.000951193 -0.0245414 -0.00533092 -0.000158387 -0.000848183 -0.0033564 0.00519806 0.00095662 -0.000962077 -0.00122757 -0.00469904 -0.00516007 -0.00221013 -0.00730373 -0.0122307 0.00258424 0.00664396 -0.00163786 0.0307701 0.014435 0.0352319 0.00325191 0.00443261 -0.00230138 0.00539425 0.0178724
internal_weight=15227.9 14646.6 12105.4 12083.6 8179.76 581.24 2541.24 6852.83 6221.9 2009.65 3903.84 883.752 6207.08 6101.86 1661.43 1642.47 1082.44 560.114 373.838 186.276 630.935 143.924 19.6625 105.215 18.9634 522.331 3588.67 448.436 3140.24 144.904
internal_count=88372 82255 65520 65346 45320 6117 16735 38835 35378 12792 20026 5426 35304 34772 10072 9971 6533 3378 2252 1126 3457 826 113 532 101 3155 18416 2332 16084 713
is_linear=0
shrinkage=0.05


Tree=149
num_leaves=31
num_cat=0
split_feature=21 21 53 0 21 15 45 39 33 33 21 7 17 31 33 10 40 31 27 53 26 15 22 54 45 54 54 23 16 21
split_gain=265.795 75.0105 25.7405 22.5054 18.5574 16.1539 15.4815 14.0654 16.0733 13.6114 12.5886 11.964 11.6405 11.8711 11.3639 11.2253 12.3358 10.8544 12.593 10.7955 10.7318 10.2078 11.4511 10.1628 10.4645 10.059 10.6226 10.5694 10.3302 11.409
threshold=2.7650000000000001 4.8450000000000006 5.3650000000000011 7.5000000000000009 1.5850000000000002 6.4850000000000012 28.300000000000004 17.500000000000004 28.200000000000006 10.800000000000002 4.0250000000000012 6.5050000000000008 6.1650000000000009 45.550000000000004 29.000000000000004 1.7500000000000002 6.3500000000000005 28.350000000000005 19.500000000000004 4.1925000000000017 12.500000000000002 7.1650000000000009 62.500000000000007 1.0116666666666665 38.000000000000007 0.42833333333333418 0.48333333333333367 61.500000000000007 6.3150000000000004 6.5650000000000004
decision_type=10 10 2 2 10 10 2 2 2 2 10 10 10 2 2 10 2 2 2 2 2 10 2 10 2 10 10 2 8 10
left_child=4 2 10 14 -1 -5 7 8 12 -4 -2 -12 13 21 15 25 -17 -11 -19 -13 -10 -7 -23 -8 -25 28 27 -27 29 -3
right_child=1 3 9 5 -6 6 23 -9 20 17 11 19 -14 -15 -16 16 -18 18 -20 -21 -22 22 -24 24 -26 26 -28 -29 -30 -31
leaf_value=-0.034786020147853217 -0.0072900275010881303 0.003161448717717388 -0.01669768978026917 -0.048499433066745271 -0.020102605355315512 0.00015103372100339492 0.011495645149753646 0.0064645152610762861 -0.025629261531167097 -0.0018603083256934199 0.061468445693230039 0.011846299008172488 -0.0058533962623285715 0.081324811312894832 0.016448024542668232 -0.018177641502971697 0.083027574685695382 0.1492578942957597 0.021560240829310625 -0.0016487715603791247 0.015317285841429898 0.018360933081780512 0.11932546038574246 0.026834459007134871 0.10454245556839865 0.032699576686101871 0.0078951077070215942 -0.010933113671373864 -0.0040765032528286204 0.010291763149415642
leaf_weight=404.19389209151268 944.97855937480927 2154.4665161222219 542.80800069123507 16.189060777425766 460.15205262601376 1909.2548661082983 155.76145258545876 892.8275268599391 17.324096962809563 72.951447285711765 7.8318920582532874 162.50106696784496 1047.3450112193823 4.5539741814136496 260.67221583425999 4.4253173619508734 9.4205766320228559 2.5466282293200475 7.9818465784192085 1683.2327609360218 209.7070352807641 14.280193671584131 3.4958247095346442 16.048499628901485 5.9343789815902701 79.415181696414948 1386.3035052493215 16.818593293428421 349.7171997949481 758.52767018973827
leaf_count=5569 7520 11861 4642 114 5171 11327 800 5109 96 601 39 885 6747 27 1258 24 45 21 64 11487 1175 79 19 78 27 423 7255 88 2146 3675
internal_value=-0.000137643 0.00168312 -0.00464399 0.00401002 -0.026969 0.00135202 0.00154073 0.000914261 -0.000631428 -0.013807 -0.0025934 -0.000198976 -0.00160879 0.000692722 0.00628305 0.00572628 0.0506811 0.00498902 0.0524478 -0.000460646 0.0121928 0.000502172 0.0382166 0.0159872 0.0478121 0.00559511 0.00901021 0.025074 0.00404332 0.00501814
internal_weight=13601.7 12737.3 3424.83 9312.49 864.346 4292.72 4276.53 4098.79 3205.96 626.288 2798.54 1853.57 2978.93 1931.58 5019.77 4759.09 13.8459 83.4799 10.5285 1845.73 227.031 1927.03 17.776 177.744 21.9829 4745.25 1482.54 96.2338 3262.71 2912.99
internal_count=88372 77632 25259 52373 10740 25598 25484 24579 19470 5328 19931 12411 18199 11452 26775 25517 69 686 85 12372 1271 11425 98 905 105 25448 7766 511 17682 15536
is_linear=0
shrinkage=0.05


Tree=150
num_leaves=31
num_cat=0
split_feature=54 0 16 20 19 21 20 28 15 10 29 41 17 22 12 22 8 21 53 36 31 36 40 9 11 0 13 1 24 54
split_gain=68.4647 19.8051 17.6233 17.8901 12.7775 12.3202 13.5598 11.7917 14.4365 11.2038 11.4842 10.7707 19.2778 13.6686 12.6811 10.9734 10.1714 12.7949 16.4697 15.7254 13.4131 10.1692 9.96833 10.1367 10.2869 15.4091 10.082 11.0526 17.5421 9.84058
threshold=0.50166666666666748 10.500000000000002 6.9750000000000005 6.6550000000000011 6.4250000000000007 2.5550000000000002 1.5250000000000001 78.700000000000003 7.1450000000000005 1.2500000000000002 18.750000000000004 18.050000000000001 2.1950000000000007 88.500000000000014 1.7500000000000002 46.500000000000007 1.0000000180025095e-35 1.6950000000000001 4.4355000000000011 28.900000000000002 5.1500000000000012 30.350000000000005 10.150000000000002 7.035000000000001 6.9150000000000009 5.5000000000000009 6.6550000000000011 1.5000000000000002 64.500000000000014 0.13000000000000031
decision_type=8 2 8 10 10 10 8 2 8 10 2 2 8 2 10 2 10 8 2 2 2 2 2 10 10 2 8 10 2 10
left_child=1 5 3 7 -5 6 29 11 -9 -3 -11 13 -13 14 16 -16 -2 18 -18 -19 -21 -8 -7 26 25 -25 27 28 -24 -1
right_child=2 9 -4 4 -6 22 21 8 -10 10 -12 12 -14 -15 15 -17 17 19 -20 20 -22 -23 23 24 -26 -27 -28 -29 -30 -31
leaf_value=0.12965857724363858 -0.0028252911760931407 -0.0060961789403526133 -0.01483868589841968 0.010101240136673375 0.076089285904669762 0.0010696396641299826 0.0077739081933394282 -0.017649318830952422 0.12657380680639946 -0.0043843153606454958 0.15294666457441308 0.12848869603546495 -0.0085245064590241254 0.12935744738898883 0.020147393552200913 0.14559823353495169 0.030862598129861488 -0.0041072229308952496 0.20307830203536592 0.13750622001361615 0.025656988465810628 0.027558349562670361 0.032414206077236996 0.0079887441884863106 0.017090769942905329 0.18192413434697352 0.0043638376550160325 0.012322370693100375 0.15664483242752303 0.018060593664130726
leaf_weight=4.1758205294609061 1407.3594412170351 553.98738205805421 454.67944220453501 117.88849180936813 7.8227031677961341 2015.8327344730496 407.20465855300426 208.78081891313195 1.749669775366782 2.3924290761351577 2.251379020512104 2.5739879161119452 985.08236201107502 1.9951435104012478 5.2626061141490927 2.6065105572342873 4.4937673136591902 44.256460383534431 2.0089244246482849 3.8019438982009879 9.0866199880838376 77.275761485099792 16.809755824506286 2.7125982120633116 110.57313807308674 2.3998639434576035 2118.6807107105851 85.627451822161674 3.4197019189596167 3.7486784607172012
leaf_count=26 15595 6165 6204 1335 90 19924 3271 2969 23 23 20 25 11360 21 53 26 39 462 21 37 97 621 133 22 895 20 18146 695 27 27
internal_value=1.66049e-05 0.00346701 -0.00570727 -0.00422698 0.0142075 0.00449417 0.0119907 -0.005092 -0.0164507 -0.00544788 0.0718918 -0.00412326 -0.00816743 -0.00142603 -0.00160247 0.0617008 -0.00194111 0.0176096 0.0840665 0.0100473 0.0586509 0.0109296 0.00364677 0.00586667 0.0202968 0.0896365 0.00511624 0.0201752 0.0534149 0.0768672
internal_weight=8666.54 5407.09 3259.45 2804.77 125.711 4848.46 492.405 2679.06 210.53 558.631 4.64381 2468.53 987.656 1480.87 1478.88 7.86912 1471.01 63.6477 6.50269 57.145 12.8886 484.48 4356.06 2340.22 115.686 5.11246 2224.54 105.857 20.2295 7.9245
internal_count=88372 50015 38357 32153 1425 43807 3945 30728 2992 6208 43 27736 11385 16351 16330 79 16251 656 60 596 134 3892 39862 19938 937 42 19001 855 160 53
is_linear=0
shrinkage=0.05


Tree=151
num_leaves=31
num_cat=0
split_feature=7 17 41 29 22 5 29 20 54 52 20 32 52 7 29 27 11 20 24 31 53 28 29 31 31 15 28 11 21 32
split_gain=19.6698 18.2344 15.729 10.6609 10.0619 10.7959 12.2493 10.9015 9.87558 11.9474 9.81882 11.7727 9.46159 9.42903 9.31505 9.03584 10.2127 9.86332 8.64143 22.812 9.71554 9.32523 8.38224 8.8163 8.48024 11.8639 8.1087 8.15788 12.1201 12.9151
threshold=7.3950000000000005 3.4450000000000007 18.900000000000002 42.500000000000007 71.500000000000014 6.8950000000000005 18.600000000000005 4.0050000000000008 1.9100000000000008 2.4450000000000007 6.7750000000000012 21.250000000000004 -0.17500000000000021 6.5750000000000011 33.95000000000001 20.500000000000004 6.6150000000000011 1.175 3.5000000000000004 30.200000000000003 4.3273333333333346 55.100000000000009 8.9000000000000004 26.200000000000006 14.050000000000002 6.8850000000000007 16.250000000000004 6.9250000000000007 4.745000000000001 8.9000000000000004
decision_type=8 10 2 2 2 8 2 8 10 8 10 2 10 10 2 2 8 8 2 2 2 2 2 2 2 10 2 10 10 2
left_child=1 -1 4 12 5 7 -7 -3 10 -10 26 14 13 -4 22 16 -15 -18 19 20 -9 -22 -12 24 25 -24 -6 -28 29 -29
right_child=-2 2 3 -5 8 6 -8 18 9 -11 11 -13 -14 15 -16 -17 17 -19 -20 -21 21 -23 23 -25 -26 -27 27 28 -30 -31
leaf_value=-0.009050598303203556 -0.044248307521226903 0.003746939538985976 -0.032633337696411309 -0.010278740363405047 -0.013598630378677704 -0.0015718205095293322 -0.010131760877663126 0.08683011654602571 0.082299800124303449 -0.0036550358116315095 0.015781358108682485 -0.022784472401578857 0.0042397847334609412 0.065175711105283696 -0.020680001601736168 -0.0010163179385602684 0.06148591323035766 0.0047191238167426279 -0.0016000137603674918 0.10173166769687102 -0.013875202117817951 0.020869425452150148 0.11723452266530754 0.0091751380748625929 0.13449718056867208 -0.0092587131151682794 0.00071088267066113993 0.068443601623854544 0.0042199921782606785 0.007830776219631878
leaf_weight=521.3387673869729 24.989620164036751 1302.94058573246 21.589847296476364 163.01169282197952 65.288699865341187 1135.4140886962414 661.38332362473011 3.6218484938144675 9.180179223418234 7.2238982170820263 9.6666922122240084 8.9466363638639432 3798.4732612520456 7.2924548685550681 5.0240627974271765 1932.2750319540501 7.7703839540481559 502.21844521164894 5353.1379602774978 6.8638539761304846 39.662347316741943 37.638149961829185 3.8369255959987658 4.1080219298601142 6.4511232227087021 3.5862185508012772 236.06390807032585 19.535076305270195 59.132719665765762 15.97535854578018
leaf_count=3303 242 7070 120 898 364 6457 3829 20 44 38 53 51 19454 40 29 10407 37 2708 30791 38 232 213 20 22 35 20 1309 104 338 86
internal_value=7.67829e-05 0.000146235 0.000457026 0.0023449 -0.000893107 -0.00127868 -0.00472265 -0.000361089 0.00636001 0.0444477 0.00493229 0.0280343 0.00267312 0.000264953 0.0419496 0.000554911 0.00642415 0.00558404 -0.00134484 0.0142154 0.0067923 0.0030422 0.05333 0.0735149 0.0925652 0.056124 0.00250424 0.00568329 0.0180857 0.0411752
internal_weight=15973.6 15948.7 15427.3 6432.63 8994.68 8540.66 1796.8 6743.86 454.02 16.4041 437.615 41.6197 6269.62 2471.15 32.673 2449.56 517.281 509.989 5440.92 87.7862 80.9223 77.3005 27.649 17.9823 13.8743 7.42314 395.996 330.707 94.6432 35.5104
internal_count=88372 88130 84827 33664 51163 48650 10286 38364 2513 82 2431 230 32766 13312 179 13192 2785 2745 31294 503 465 445 150 97 75 40 2201 1837 528 190
is_linear=0
shrinkage=0.05


Tree=152
num_leaves=31
num_cat=0
split_feature=9 18 42 36 3 19 43 28 33 16 3 28 17 9 24 53 0 11 44 53 33 3 37 19 35 25 18 41 16 41
split_gain=20.5414 19.9646 17.0057 15.8398 11.92 11.0065 12.0226 10.9209 10.4131 9.86879 10.0187 9.10243 9.5982 13.8575 12.6224 10.954 9.29136 10.5455 9.71464 9.18798 9.87693 14.5879 9.11708 8.943 11.8588 11.2831 12.2809 9.74319 8.89063 10.8926
threshold=7.4850000000000012 3.5050000000000003 31.000000000000004 19.100000000000005 19.450000000000003 4.4650000000000007 20.950000000000006 97.300000000000011 22.450000000000003 6.8350000000000009 25.950000000000003 47.900000000000006 6.4850000000000012 6.7150000000000007 13.500000000000002 5.4736666666666673 5.5000000000000009 6.6850000000000014 17.750000000000004 4.2741666666666687 11.650000000000002 20.050000000000004 19.600000000000005 5.8450000000000006 29.100000000000005 66.500000000000014 3.2350000000000008 40.45000000000001 7.8550000000000013 10.400000000000002
decision_type=8 10 2 2 8 8 2 2 2 10 10 2 10 10 2 2 2 8 2 2 2 8 2 8 2 2 10 2 8 2
left_child=1 23 3 8 -4 6 9 11 28 -6 -11 12 19 14 -14 -16 -17 -18 -19 20 22 -22 -5 24 -1 -26 -27 -25 -3 -30
right_child=-2 2 4 7 5 -7 -8 -9 -10 10 -12 -13 13 -15 15 16 17 18 -20 -21 21 -23 -24 27 25 26 -28 -29 29 -31
leaf_value=-0.0093712435995264402 -0.045591486363255385 -0.0012447685781619155 0.0012641645040094591 0.0092825669570881231 0.013657931888303677 0.0065810140582321141 0.062428038502813803 0.084309022488448168 -0.0083487659766959335 0.11182620425097059 0.017739240628644477 0.0031156185324961311 0.090005745068444026 0.0022465642600628037 -0.0029809554671625105 0.0056052926132804546 0.020168542332973723 0.11882615371900221 0.023926100777510423 -0.0027337667472828882 0.006325823018417151 0.097134968445216685 -0.015740223765623659 -0.021172338776197053 0.0032527688098065374 0.017258764536083108 0.11644169565900533 0.062595506882945059 0.070172311602381576 0.0076944334543357813
leaf_weight=379.61746147274971 24.603014901280403 7003.2159627079964 748.08331255614758 191.90325036644936 157.32687166333199 512.32055692374706 15.869942292571066 3.9952365756034842 535.31639052927494 5.3335856199264509 6.0262109786272049 4163.4134470671415 7.0189987719058982 332.5785920470953 29.846736937761307 13.890239402651785 10.324231922626497 8.4551350474357587 3.9595927298068991 2226.4340125024319 11.096567660570146 7.3531466573476783 44.923387989401817 147.22892470657825 91.443403512239456 8.9505187422037107 4.7919721603393546 3.5550740435719481 9.2798797041177732 28.102143079042435
leaf_count=2354 194 37124 3717 962 738 2489 76 20 2940 23 26 21426 36 1701 148 73 53 43 21 12015 58 38 231 1007 566 56 28 22 45 142
internal_value=6.17243e-05 0.000128935 0.000472563 -3.84905e-05 0.00564729 0.0103525 0.0208219 0.0016663 -0.0016261 0.0169076 0.0619144 0.00161947 -0.000537578 0.00658859 0.0262371 0.0195039 0.0378254 0.0575072 0.0885584 -0.00170361 0.0072811 0.0425179 0.00453602 -0.00856252 -0.00525488 0.00960114 0.0518436 -0.0191973 -0.00111496 0.0232042
internal_weight=16736.3 16711.7 16076.1 14631.1 1444.96 696.877 184.557 7055.19 7575.91 168.687 11.3598 7051.2 2887.78 406.074 73.4949 66.4759 36.6292 22.739 12.4147 2481.71 255.276 18.4497 236.827 635.587 484.803 105.186 13.7425 150.784 7040.6 37.382
internal_count=88372 88178 84145 77076 7069 3352 863 36825 40251 787 49 36805 15379 2075 374 338 190 117 64 13304 1289 96 1193 4033 3004 650 84 1029 37311 187
is_linear=0
shrinkage=0.05


Tree=153
num_leaves=31
num_cat=0
split_feature=19 43 19 37 19 43 54 10 34 43 25 3 43 9 25 21 35 37 27 3 43 41 19 3 54 9 27 40 36 0
split_gain=64.9824 28.2898 23.8354 14.8961 14.3483 11.9293 11.3474 12.7327 11.4169 11.0092 10.5711 10.2892 10.1685 12.5031 9.93774 11.1911 12.8946 9.87579 9.79714 10.126 9.74356 10.369 10.5586 9.46089 14.4413 13.5368 12.7342 10.3649 9.92091 9.66108
threshold=2.5450000000000004 17.500000000000004 4.1250000000000009 27.900000000000002 6.4750000000000005 5.7500000000000009 1.5150000000000003 2.7500000000000004 10.150000000000002 34.70000000000001 34.500000000000007 16.250000000000004 15.600000000000003 6.7950000000000008 63.500000000000007 2.6550000000000007 8.4500000000000011 7.8500000000000005 72.500000000000014 13.950000000000001 35.150000000000006 20.350000000000005 7.6650000000000009 8.2500000000000018 1.5550000000000006 6.7250000000000005 23.500000000000004 3.7500000000000004 5.7500000000000009 4.5000000000000009
decision_type=10 2 10 2 10 2 10 8 2 2 2 10 2 10 2 10 2 2 2 10 2 2 10 8 10 8 2 2 2 2
left_child=-1 2 -2 5 10 23 7 17 9 -8 -5 12 -6 -14 15 16 -12 -3 -10 -20 -19 22 -22 24 25 -4 -26 -28 -27 -29
right_child=1 6 3 4 11 -7 8 -9 18 -11 14 -13 13 -15 -16 -17 -18 20 19 -21 21 -23 -24 -25 26 28 27 29 -30 -31
leaf_value=-0.020496857586412055 -0.0065560259290148417 -0.0028070116853431506 -0.012408976585773437 0.0019224266977640411 0.0021903667086501269 -0.002859593951673236 0.014730428529375212 -0.034040121417183627 0.0025633433180292037 0.048352450780550331 -0.0054738759074745612 -0.0095080574406171316 0.0068863397739919721 0.090396482474956852 0.0015329483168194224 0.013499413652712842 0.053213990128745364 0.0026408931534251008 -0.0039615124568783081 0.090625468999529057 0.016412483889866335 6.8876632270814641e-06 -0.030235555445797608 0.00039943083238470033 -0.010077575093613796 -0.010361141536159973 0.12634475809725543 -0.017841894557126599 0.017655078127904518 0.07796779916802607
leaf_weight=377.33456385135651 1709.5313389897346 735.79805248230696 71.16592488437891 404.27074534446001 146.94469282031059 3826.9267255589366 175.12545037269592 23.798901781439781 308.39531895518303 28.278727665543556 12.431545734405516 248.66268579661846 10.794050768017771 7.6647485941648474 148.91831767559052 351.99097632616758 37.874707207083702 4546.9794331789017 5.0030057877302152 6.5132079869508743 341.10828989744186 179.80142526328564 12.577766403555868 2590.5811912119389 6.9296818077564266 38.366421893239021 5.5580888539552715 4.1424995213747007 179.14103165268898 7.2118507325649261
leaf_count=3293 10468 3856 384 2085 735 20372 829 144 1441 121 60 1272 53 38 765 1821 183 22807 24 30 1577 856 60 13820 34 203 27 20 959 35
internal_value=1.45962e-05 0.000493167 -0.00119116 -5.88264e-05 0.00469446 -0.00102612 0.00308954 0.0024575 0.010143 0.0194048 0.00806349 -0.00307979 0.00658427 0.0415627 0.0125674 0.0166521 0.0387112 0.00260684 0.0042542 0.0495339 0.00339092 0.0097835 0.0147536 0.00139082 0.00960885 0.00651994 0.0470085 0.0703989 0.0127133 0.0430128
internal_weight=16549.8 16172.5 9809.11 8099.58 1369.55 6730.02 6363.38 5840.06 523.316 203.404 955.486 414.066 165.403 18.4588 551.216 402.297 50.3063 5816.26 319.912 11.5162 5080.47 533.487 353.686 2903.1 312.515 288.673 23.8421 16.9124 217.507 11.3544
internal_count=88372 85079 53334 42866 7012 35854 31745 29300 2445 950 4914 2098 826 91 2829 2064 243 29156 1495 54 25300 2493 1637 15482 1662 1546 116 82 1162 55
is_linear=0
shrinkage=0.05


Tree=154
num_leaves=31
num_cat=0
split_feature=20 20 13 44 38 17 53 20 21 50 32 36 18 34 17 31 26 28 3 53 52 20 32 22 37 52 23 41 3 25
split_gain=135.987 47.8451 20.5491 17.5924 18.2801 17.2038 15.507 19.0989 14.0559 13.3819 13.463 13.5472 13.8566 14.0025 14.236 14.0387 12.5886 17.584 12.5233 12.4767 12.227 12.1436 11.3223 12.3954 10.2377 10.1585 11.2501 13.6692 10.1509 10.4025
threshold=2.2250000000000005 4.3150000000000004 7.5050000000000008 23.650000000000002 25.450000000000003 5.6050000000000013 5.4391666666666669 5.2550000000000008 1.7650000000000003 2.5000000000000004 44.100000000000001 6.8000000000000016 6.495000000000001 5.1500000000000012 5.6050000000000013 12.950000000000001 39.500000000000007 82.700000000000003 9.4500000000000011 3.8975000000000004 1.2600000000000009 1.2450000000000003 15.600000000000003 74.500000000000014 10.800000000000002 -3.1649999999999987 50.500000000000007 15.600000000000003 19.950000000000003 71.500000000000014
decision_type=10 10 8 2 2 8 2 10 10 2 2 2 10 2 8 2 2 2 10 2 10 10 2 2 2 8 2 2 10 2
left_child=21 5 3 4 6 8 9 18 -2 10 11 -3 -13 24 -15 -16 17 19 -8 -6 -9 -1 -10 -24 -14 26 27 -11 -5 -30
right_child=1 2 -4 28 16 -7 7 20 22 25 -12 12 13 14 15 -17 -18 -19 -20 -21 -22 -23 23 -25 -26 -27 -28 -29 29 -31
leaf_value=-0.041380411515170301 0.0080511467077184328 0.0057368019716949811 -0.047229312391412141 0.0029208649896337881 0.08959039861196115 -0.011720801235197538 0.0073544532232648549 -0.0018215428502187374 -0.0062925300692122949 0.120235959555409 0.039849542864430931 -0.0034364758198589863 0.072144368687107358 -0.0023942707138738888 0.010046412282876616 0.08065408666124918 0.0016447032554570064 -0.020613921837838466 -0.011610892343403449 0.01156568186221819 0.0075624418410503262 -0.021978037530276429 0.003678070414080763 0.080515642013048769 0.014124965342483304 0.0047991924473273911 -0.0036976035749693766 0.023208283831335341 0.010769919919464585 -0.011265577226229994
leaf_weight=101.99624059349298 259.13479174673557 697.73895335197449 21.048286974430084 1149.7386423945427 5.1569113433361045 750.30770275741816 99.813197746872902 1988.4882156401873 1356.3178052157164 6.3332782536745098 20.974990963935852 2059.3014685213566 14.477024987339975 131.63106989860535 19.529839769005779 11.007737308740614 806.24629358947277 43.388734474778175 680.36530657857656 793.6463331580162 420.5379603356123 385.24165214598179 241.58969485014677 5.3652714043855658 16.013070538640022 2015.8175434917212 10.144794106483458 8.5037168413400632 1043.8101406693459 56.455571904778481
leaf_count=1308 1444 3845 174 5766 23 5355 646 11226 9100 31 107 11567 77 736 109 63 4202 234 4437 4117 2301 4090 1522 33 89 10183 51 42 5208 286
internal_value=-5.107e-05 0.00080841 0.00213134 0.00221721 0.00130593 -0.00532855 0.000340168 -0.00238536 -0.0027533 0.00207464 -6.68611e-05 -0.000350702 -0.00223683 0.010586 0.00474113 0.035498 0.00611045 0.0103856 -0.00918454 0.0120694 -0.000183403 -0.0260396 -0.00449961 0.00534742 0.0416732 0.0051919 0.0368802 0.0646252 0.0062062 0.00963926
internal_weight=15220.1 14732.9 12120.2 12099.1 9849.12 2612.72 8200.68 3189.2 1862.41 5011.47 2970.67 2949.7 2251.96 192.659 162.169 30.5376 1648.44 842.192 780.179 798.803 2409.03 487.238 1603.27 246.955 30.4901 2040.8 24.9818 14.837 2250 1100.27
internal_count=88372 82974 65520 65346 54086 17454 45510 18610 12099 26900 16593 16486 12641 1074 908 172 8576 4374 5083 4140 13527 5398 10655 1555 166 10307 124 73 11260 5494
is_linear=0
shrinkage=0.05


Tree=155
num_leaves=31
num_cat=0
split_feature=21 51 17 53 21 15 33 21 53 21 42 5 15 21 39 0 36 53 10 11 2 11 24 21 32 9 24 24 0 42
split_gain=249.061 70.0736 27.5712 21.8811 18.3775 15.1648 14.9704 13.8938 13.3649 14.006 12.3854 12.3572 12.0128 13.7256 11.481 11.2255 11.4971 11.2417 10.7533 10.2325 10.0752 11.3787 10.4675 9.92626 9.89211 10.8232 10.901 17.6658 9.83098 9.6722
threshold=2.7650000000000001 2.5000000000000004 4.8450000000000006 6.1008333333333349 1.5850000000000002 7.5550000000000006 31.000000000000004 6.8550000000000013 4.8208333333333355 4.8050000000000006 13.150000000000002 7.2150000000000007 6.9250000000000007 4.1150000000000011 38.000000000000007 7.5000000000000009 57.20000000000001 5.1208333333333345 1.7500000000000002 6.995000000000001 13.500000000000002 7.0150000000000006 48.500000000000007 4.3850000000000007 4.1000000000000005 6.9350000000000014 55.500000000000007 40.500000000000007 4.5000000000000009 21.500000000000004
decision_type=10 2 8 2 10 8 2 10 2 10 2 8 8 10 2 2 2 2 10 8 10 10 2 8 2 10 2 2 2 2
left_child=4 2 11 5 -1 14 8 -5 -4 -10 -8 12 13 19 15 16 18 -18 -3 -2 21 -17 -22 -13 25 -15 27 -27 -21 -11
right_child=1 3 6 7 -6 -7 10 -9 9 29 -12 23 -14 24 -16 20 17 -19 -20 28 22 -23 -24 -25 -26 26 -28 -29 -30 -31
leaf_value=-0.03437241405349431 -0.0053661777512760368 0.0076932987680183853 0.00037660781052143734 -0.0041018719782014027 -0.019576773600266911 -0.048647332503028884 0.061390137915288016 0.0054915740267298613 -0.011288047074528094 -0.0010236931347457979 0.0016675471406994949 0.12705195604976774 -0.0059188959704316972 0.0098104074148456042 0.020592309660822386 0.0040238512546078766 0.0038013929357195958 0.11400307150786454 0.069211875329205752 0.12784530050548676 0.065553424588533873 -0.010497762793539311 -0.0057125083306674655 0.019304377517833839 0.0025376548204768391 0.031500309791248647 -0.02075796354565522 0.1411300178289718 -0.00036740273072896444 -0.010829097735084878
leaf_weight=391.69588473811746 436.27229350060225 3124.1079341620207 650.83078999072313 970.68000742048025 452.13101478666067 12.544910959899424 14.875719875097273 617.49606831371784 1294.9489780515432 876.65954098105431 20.846487484872341 3.415401324629781 456.09938391298056 448.85972180217505 138.7623997181654 2233.3491170182824 4.2755383402109128 5.0446183830499649 7.1196273863315573 2.8419632762670508 13.074023067951204 143.56950600445271 8.503937214612959 5.7129794657230386 878.00429923087358 12.654884837567812 4.9163384884595862 5.1783058792352668 3.154822900891304 352.6737694889307
leaf_count=5569 3311 15628 4208 6336 5171 88 80 3650 10554 5746 123 24 3063 2569 654 12583 20 24 31 21 68 794 44 34 5448 71 28 28 24 2380
internal_value=-0.00013743 0.00160414 -0.00267309 0.00481737 -0.0264448 0.00626568 -0.00564991 -0.00037186 -0.00601204 -0.00765921 0.0265377 0.00156157 0.00132582 0.00316986 0.00638701 0.00603115 0.00799823 0.063449 0.00783318 -0.00447452 0.00345549 0.00314672 0.0374673 0.0596183 0.00567493 0.0115157 0.0451611 0.063334 0.0603944 -0.00383669
internal_weight=13590.3 12746.5 5467.95 7278.53 843.827 5690.35 3210.84 1588.18 3175.11 2524.28 35.7222 2257.11 2247.98 1791.88 5677.81 5539.04 3140.55 9.32016 3131.23 442.269 2398.5 2376.92 21.578 9.12838 1349.61 471.609 22.7495 17.8332 5.99679 1229.33
internal_count=88372 77632 37712 39920 10740 29934 23091 9986 22888 18680 203 14621 14563 11500 29846 29192 15703 44 15659 3356 13489 13377 112 58 8144 2696 127 99 45 8126
is_linear=0
shrinkage=0.05


Tree=156
num_leaves=31
num_cat=0
split_feature=54 28 28 40 40 21 13 49 22 23 28 15 32 8 8 33 29 36 13 17 5 3 18 52 52 27 44 26 32 42
split_gain=63.1873 18.4026 16.5406 13.1655 13.1632 11.72 11.1292 10.4784 10.1947 10.1831 11.755 11.0689 9.72272 10.183 9.30619 9.23229 9.44372 10.7054 9.73034 20.3381 9.62344 17.0849 25.0749 16.6401 25.5557 16.4313 10.7969 20.8262 9.34628 14.6268
threshold=0.50166666666666748 65.65000000000002 79.65000000000002 8.4500000000000011 20.950000000000006 3.1950000000000007 7.0250000000000012 3.5000000000000004 48.500000000000007 35.500000000000007 81.700000000000003 7.0250000000000012 35.850000000000001 -1.0000000180025095e-35 2.2500000000000004 34.150000000000006 32.70000000000001 54.150000000000006 6.705000000000001 4.0250000000000012 6.9250000000000007 18.050000000000004 5.8550000000000013 1.0000000180025095e-35 0.47000000000000003 32.500000000000007 16.400000000000002 52.500000000000007 10.600000000000001 8.5000000000000018
decision_type=8 2 2 2 2 10 8 2 2 2 2 10 2 10 10 2 2 2 8 10 10 8 10 10 10 2 2 2 2 2
left_child=1 4 3 14 -1 7 12 -3 9 10 -8 -12 -4 -14 -2 16 17 18 19 -7 -20 22 -22 26 25 -25 -24 -28 29 -17
right_child=2 5 6 -5 -6 15 8 -9 -10 -11 11 -13 13 -15 -16 28 -18 -19 20 -21 21 -23 23 24 -26 -27 27 -29 -30 -31
leaf_value=0.0032976576575650309 -0.0077434886014897137 0.045360241111342396 -0.020097639253201946 -0.00086689328812488548 0.010490123707577183 0.13282239016285113 0.20741169976168475 -0.036006169576528392 -0.024095291295947261 0.0071016026988024797 -0.044502185110760137 0.14013351216949385 0.12604940331958436 -0.022349761919847871 0.079193941573481863 0.19483621157895437 -0.021310792752324326 0.076585995844976329 -0.009985517257873713 0.0066577003214036831 -0.021798426882483915 -0.0087748991172800616 -0.017149136033820244 0.12860489091601085 0.049692591799719132 0.34006609524498788 0.0070552052371303416 0.23048496544398561 0.00091333574419054028 0.031700961106130403
leaf_weight=3944.7808259502053 1522.5562539063394 20.190315172076229 284.40640588849783 1410.9473142251372 758.43380748480558 3.3439438641071311 1.7838316708803192 4.9212228506803504 7.3376036882400504 5.8038169518113136 1.6264526098966601 1.620479132980108 2.3478740006685257 2.2771753408014765 3.0844461917877188 1.8676150441169763 90.677241407334805 4.0956979990005484 426.49916039407253 71.375708218663931 10.537769593298437 49.357827693223953 5.3507261946797389 2.0166217833757387 4.7465312704443932 1.6872608289122579 2.8853666186332703 1.6333649083971975 10.84210731834173 5.1988844573497772
leaf_count=36046 18683 191 4191 15143 5491 31 23 47 103 80 23 21 35 34 21 20 1116 45 5078 848 115 576 63 25 57 20 36 20 129 61
internal_value=1.66631e-05 0.00331982 -0.00550298 -0.00434816 0.0044575 -0.00414056 -0.0165419 0.0294145 0.0214121 0.0522315 0.104296 0.0476458 -0.0189282 0.052984 -0.00756772 -0.00535801 -0.00629918 -0.00396647 -0.00453585 0.012304 -0.00702887 0.00909335 0.039655 0.0750037 0.126502 0.224934 0.0309098 0.0878173 0.0300744 0.0748162
internal_weight=8664.23 5420.44 3243.79 2936.59 4703.21 717.227 307.204 25.1115 18.1722 10.8346 5.03076 3.24693 289.031 4.62505 1525.64 692.116 674.207 583.53 579.434 74.7197 504.715 78.2155 28.8576 18.3199 8.45041 3.70388 9.86946 4.51873 17.9086 7.0665
internal_count=88372 50015 38357 33847 41537 8478 4510 238 250 147 67 44 4260 69 18704 8240 8030 6914 6869 879 5990 912 336 221 102 45 119 56 210 81
is_linear=0
shrinkage=0.05


Tree=157
num_leaves=31
num_cat=0
split_feature=7 41 17 3 19 34 39 22 5 29 41 52 20 20 43 29 11 25 51 37 18 5 17 22 44 52 52 22 32 31
split_gain=18.8738 16.865 14.1576 11.9779 10.7639 10.8452 12.0379 10.6814 10.8802 10.264 9.08647 12.3293 8.78816 8.7112 8.42494 8.34945 10.6786 17.0122 12.0654 9.74782 9.16434 8.68054 12.0955 9.48066 9.17863 9.04535 9.04363 9.87902 8.61214 8.22952
threshold=6.455000000000001 26.200000000000006 3.6550000000000007 16.050000000000004 4.1250000000000009 15.500000000000002 19.500000000000004 53.500000000000007 7.3050000000000006 37.150000000000006 14.550000000000002 -2.1049999999999991 1.4550000000000003 5.8050000000000006 31.000000000000004 18.600000000000005 7.1250000000000009 62.500000000000007 2.5000000000000004 19.100000000000005 5.4850000000000012 6.5850000000000009 6.6050000000000013 35.500000000000007 12.250000000000002 1.4950000000000001 -0.46500000000000019 23.500000000000004 32.050000000000004 43.850000000000001
decision_type=10 2 10 8 10 2 2 2 8 2 2 10 8 8 2 2 8 2 2 2 10 10 10 2 2 8 10 2 2 2
left_child=-1 2 4 -3 5 12 -7 8 15 14 -9 -12 -2 -6 -5 16 21 19 -19 -18 -21 22 23 24 25 26 -4 -28 -17 -13
right_child=1 3 7 9 13 6 -8 10 -10 -11 11 29 -14 -15 -16 28 17 18 -20 20 -22 -23 -24 -25 -26 -27 27 -29 -30 -31
leaf_value=-0.046349726217864519 0.055439629677161685 -0.0002641191629632463 0.079184945870812873 0.0059556776885252745 -0.0079033513932613795 0.019218257930137182 -0.04366349576795208 -0.00037700174384574359 -0.03935670079290593 -0.0097285462698121685 -0.013303784927680105 0.005902200853274614 -0.01213452309548374 -0.023790205691929266 0.018883535347067534 -0.0026795080647235062 -0.0046185372112065573 0.12078989089786703 0.020416484406354841 0.0095397212690591024 0.087445360479918396 -0.00037258750827707301 0.081918685684449072 -0.021933955348017682 -0.018160024397735317 0.092775539221111106 -0.033084730620465838 0.049734445389018528 -0.018070489119740241 -0.041259502669546068
leaf_weight=21.861772745847702 5.0535730719566336 1258.198101401329 5.3726609051227578 1565.3177272826433 421.66920584440231 92.447633765637875 8.2938168719410879 1873.7034985870123 18.648810468614101 96.956878527998924 90.674193680286407 1634.353929631412 100.42861508578062 108.48592120409012 137.05883049964905 3142.0605764761567 40.822454154491425 6.3852603882551175 5.6370655968785286 9.0853756591677648 6.4581958502531043 5167.194772079587 6.7734265178441992 15.415201961994169 9.1134189218282682 6.2154090404510489 8.190836966037752 6.4253751933574685 93.598025426268578 9.3025180101394636
leaf_count=216 25 6645 30 7833 2636 550 53 10705 115 530 515 8812 603 720 687 17772 229 35 33 52 35 28665 38 86 51 33 45 35 539 49
internal_value=7.61097e-05 0.000139746 -0.000652063 0.00347834 -0.00738403 0.00230847 0.0140413 -0.000244239 -0.00120722 0.00609528 0.00203706 0.00464511 -0.0088971 -0.0111543 0.0069965 -0.0011238 9.93559e-05 0.019729 0.0737265 0.00821188 0.0419087 -0.000157585 0.0191613 0.0107825 0.0250623 0.0400943 0.0237134 0.00332308 -0.00312472 0.00563528
internal_weight=15971.2 15949.3 12891.8 3057.53 736.379 206.224 100.741 12155.4 8547.4 1799.33 3608.03 1734.33 105.482 530.155 1702.38 8528.75 5293.09 68.3884 12.0223 56.366 15.5436 5224.7 57.5063 50.7329 35.3177 26.2043 19.9889 14.6162 3235.66 1643.66
internal_count=88372 88156 72461 15695 4587 1231 603 67874 47793 9050 20081 9376 628 3356 8520 47678 29367 384 68 316 87 28983 318 280 194 143 110 80 18311 8861
is_linear=0
shrinkage=0.05


Tree=158
num_leaves=31
num_cat=0
split_feature=9 42 3 54 32 54 27 31 18 30 52 11 27 0 43 9 29 48 40 24 17 54 32 11 15 37 42 25 41 45
split_gain=19.5699 18.9344 16.0572 14.0815 11.589 12.6369 10.7178 10.4143 10.371 9.45849 9.48723 11.6324 11.2022 14.2767 17.133 10.8591 12.6743 10.4849 10.3548 10.0071 9.44513 9.22844 9.67869 13.2651 9.14305 9.01729 9.4688 11.187 9.01432 8.86545
threshold=7.4850000000000012 18.350000000000005 15.65 0.031666666666666454 38.300000000000004 -0.17666666666666739 69.500000000000014 38.70000000000001 2.9950000000000006 37.800000000000004 -1.3399999999999996 6.8050000000000006 26.500000000000004 1.5000000000000002 7.0000000000000009 6.8550000000000013 30.200000000000003 1.5000000000000002 20.950000000000006 40.500000000000007 6.0550000000000006 1.1150000000000009 17.750000000000004 6.9850000000000012 6.8350000000000009 27.100000000000005 31.700000000000006 73.500000000000014 51.45000000000001 7.8500000000000014
decision_type=8 2 8 10 2 10 2 2 10 2 8 10 2 2 2 10 2 2 2 2 10 8 2 10 10 2 2 2 2 2
left_child=1 2 -1 4 7 -6 20 9 -4 10 11 17 13 14 24 16 18 -3 19 -13 28 -10 29 -24 -12 -22 27 -27 -5 -23
right_child=-2 3 8 6 5 -7 -8 -9 21 -11 12 15 -14 -15 -16 -17 -18 -19 -20 -21 25 22 23 -25 -26 26 -28 -29 -30 -31
leaf_value=0.001252054670681961 -0.045265462561196908 0.066342769612674449 -0.015534000825794151 0.003200901437299797 0.013228730272277568 0.10089985075227781 -0.0053114213334349587 -0.028692525715534267 -0.0035530457744404604 -0.01573172576304302 0.039337812426803676 0.019226169919596064 -0.0052247911776330041 0.0014897285880253713 0.0092542586123201629 0.0039242775639223518 -0.0097285604922765275 -0.0033821882957963444 -0.0060881370750050789 0.050665398948002441 0.010504009942671659 0.0040461976761368519 -0.013436698096670677 0.026771797463747683 0.12374156612786316 -0.0092150228426429708 0.020644464554723418 0.071968963276770354 -0.052051824870252006 -0.018067311122749799
leaf_weight=3911.517026796937 23.779465980827808 5.4817947894334784 157.03448607027531 2860.8045694380999 16.174439877271656 5.5105784386396399 293.94371908903122 33.980864778161049 4659.7805991098285 101.63474458456039 6.5817400366067869 52.19566947221756 1056.19667288661 431.85777734220028 24.639392048120499 238.3153473585844 27.025884434580803 328.15045948326588 18.628560826182365 49.139106661081314 931.55175299942493 1042.8919968605042 178.94281467795372 23.168021634221077 6.2604642510414124 150.07012777030468 39.031131565570831 4.3668699115514746 7.4009498655796042 47.382985517382622
leaf_count=20919 194 29 1052 14409 87 27 1473 194 25415 547 35 267 5731 2341 133 1239 141 1720 100 245 4441 5311 934 116 33 745 180 21 39 254
internal_value=6.13223e-05 0.000125827 -0.0012493 0.0021859 -0.000879135 0.0355076 0.00390301 -0.00121066 -0.00285083 -0.00081261 -0.000137039 0.00459827 -0.00236864 0.00405881 0.0336595 0.0105165 0.0212045 -0.00223656 0.0281733 0.0344716 0.00458129 -0.00251621 0.00122217 -0.00882759 0.0804839 0.00846401 -0.00135859 -0.00691946 0.00305833 0.00308515
internal_weight=16733.4 16709.7 10020.7 6688.94 2401.77 21.685 4287.17 2380.09 6109.2 2346.11 2244.47 718.937 1525.54 469.339 37.4816 385.305 146.989 333.632 119.963 101.335 3993.23 5952.17 1292.39 202.111 12.8422 1125.02 193.468 154.437 2868.21 1090.27
internal_count=88372 88178 54001 34177 12869 114 21308 12755 33082 12561 12014 3741 8273 2542 201 1992 753 1749 612 512 19835 32030 6615 1050 68 5387 946 766 14448 5565
is_linear=0
shrinkage=0.05


Tree=159
num_leaves=31
num_cat=0
split_feature=19 19 11 53 43 43 3 37 3 23 28 23 42 54 41 11 40 18 32 41 1 11 13 15 41 40 24 19 53 53
split_gain=60.4944 26.2654 16.9288 14.1472 12.2619 11.7332 10.8819 11.816 11.7943 11.5175 10.3818 14.9559 15.3847 16.0584 10.9342 15.1749 14.8658 17.0935 13.821 11.6871 10.5043 10.3244 12.4266 10.3796 10.2795 10.403 10.0077 9.29472 10.116 9.09793
threshold=2.5450000000000004 4.5850000000000009 6.4450000000000012 4.6058333333333357 19.100000000000005 11.900000000000002 27.950000000000003 27.900000000000002 27.050000000000004 81.500000000000014 77.000000000000014 42.500000000000007 22.400000000000002 0.69999999999999962 19.600000000000005 6.7950000000000008 3.3500000000000001 4.7250000000000005 11.900000000000002 32.70000000000001 1.5000000000000002 6.7750000000000012 6.745000000000001 6.8250000000000011 48.800000000000004 12.050000000000002 57.500000000000007 1.4750000000000003 4.8036666666666674 5.467500000000002
decision_type=10 10 10 2 2 2 8 2 8 2 2 2 2 10 2 10 2 10 2 2 8 8 8 8 2 2 2 8 2 2
left_child=27 3 -3 5 6 -2 7 8 -4 24 21 20 13 -13 16 -16 -15 18 -18 -17 -12 22 29 -23 25 -9 -22 -1 -29 -5
right_child=1 2 4 10 -6 -7 -8 9 -10 -11 11 12 -14 14 15 19 17 -19 -20 -21 26 23 -24 -25 -26 -27 -28 28 -30 -31
leaf_value=-0.037079023221353646 -0.0020237695838584962 -0.047354162169419733 0.00016873253139155668 -0.0038882773019690282 0.0036353735311486926 0.0080972166640894874 -0.0035413195390510536 0.0017744807378394052 0.077073826877321505 0.076912939144820225 0.017867366323629511 -0.023122458881508837 -0.015359730950796169 0.12591143554785253 -0.038658505587893119 0.016040208970446581 0.13019494735325896 0.012933396308135021 0.018525453408973658 0.11159026683155913 -0.02458162667768414 -0.014100432468525352 0.0061386162886555504 -0.0056270794747821339 0.061559027913167808 0.01198234923218405 0.016989478179622829 -0.011388133986750678 -0.033155618621726911 -0.024837682032919452
leaf_weight=65.234291605651379 928.59976623952389 17.621469676494598 4781.0597047954798 353.94953025132418 4864.8494717627764 414.03853067755699 1414.8082778304815 754.50665526092052 4.9906150102615348 5.6831239908933631 32.156196288764477 11.275992788374422 23.018925562500954 6.7586903125047675 8.3914388790726679 10.479412280023096 7.6914295405149478 17.958572417497635 4.331118032336235 4.6072386652231208 67.321146927773952 532.44395383447409 321.79603560268879 1125.1878561452031 8.1349595934152585 372.96903026103973 18.443749159574509 237.00127105414867 68.888530477881432 60.714758850634098
leaf_count=707 5089 141 24868 2154 23608 2150 7567 3777 25 26 190 70 140 37 49 61 42 102 25 26 397 3285 1953 6894 37 1876 107 1931 655 383
internal_value=1.46705e-05 0.000472653 0.00161788 -0.00307239 0.00168857 0.00109731 0.000398639 0.00133907 0.000248925 0.00591065 -0.00522023 0.00537314 0.020192 0.0316386 0.0418928 0.0152404 0.0589247 0.0438238 0.0899661 0.0452198 -0.00650407 -0.0061602 -0.00123413 -0.00834878 0.00555532 0.00515124 -0.0156418 -0.0199445 -0.0162903 -0.00695567
internal_weight=16544.9 16173.8 12224.6 3949.16 12207 1342.64 7342.15 5927.34 4786.05 1141.29 2606.53 212.434 94.5128 71.4939 60.2179 23.4781 36.7398 29.9811 12.0225 15.0867 117.921 2394.09 736.46 1657.63 1135.61 1127.48 85.7649 371.124 305.89 414.664
internal_count=88372 85079 61925 23154 61784 7239 38176 30609 24893 5716 15915 1246 552 412 342 136 206 169 67 87 694 14669 4490 10179 5690 5653 504 3293 2586 2537
is_linear=0
shrinkage=0.05


Tree=160
num_leaves=31
num_cat=0
split_feature=20 20 13 44 21 17 15 0 20 4 32 53 32 37 18 4 44 41 18 29 23 13 50 38 44 45 41 17 36 6
split_gain=127.302 43.9038 19.5268 16.2346 17.4541 16.1827 12.2371 13.8793 12.096 11.5738 11.7825 11.4842 11.1481 10.5228 14.6582 9.93038 9.82905 9.77234 14.4029 10.1284 9.56931 9.56628 10.6933 15.0284 10.8179 13.4496 19.9201 11.6609 10.6729 12.4168
threshold=2.2250000000000005 4.3150000000000004 7.5050000000000008 17.500000000000004 3.3650000000000007 4.245000000000001 6.6550000000000011 7.5000000000000009 1.2450000000000003 1.7500000000000002 26.200000000000006 4.4075000000000015 24.500000000000004 22.400000000000002 5.3250000000000011 -1.0000000180025095e-35 28.350000000000005 24.550000000000004 6.7550000000000008 5.7500000000000009 37.500000000000007 6.8150000000000004 2.5000000000000004 28.300000000000004 10.150000000000002 28.300000000000004 25.300000000000004 5.455000000000001 16.350000000000005 1.2500000000000002
decision_type=10 10 8 2 10 8 10 2 10 8 2 2 2 2 10 10 2 2 10 2 2 10 2 2 2 2 2 8 2 8
left_child=8 5 3 4 -3 6 7 13 -1 10 21 -7 16 14 -2 -14 -8 -5 19 -19 -18 28 23 -23 27 -26 -27 -24 29 -6
right_child=1 2 -4 17 9 11 12 -9 -10 -11 -12 -13 15 -15 -16 -17 20 18 -20 -21 -22 22 24 -25 25 26 -28 -29 -30 -31
leaf_value=-0.041119448241856739 0.0014852276464159672 0.0060765026964058402 -0.046973697701654354 0.0061206449074448803 0.004438721576617212 0.00070453557221202381 -0.001889167367605595 0.10276828151131673 -0.02143008838965715 0.042374707589358795 0.0062260562503974604 -0.0091882323278313447 0.0028221343830721569 -0.049919165504038104 0.10400696967212156 0.066001616653524608 0.096689175008642561 -0.013681477571432938 -0.014171447039491532 0.0049936793998426243 -0.0010966255334842624 -0.0068862612557921837 0.0081922446900845394 0.011613430222615583 -0.0074594746793675507 0.01100744380195904 0.14910335293142241 -0.0017304423922233616 -0.0014456096927238237 0.081589205637044693
leaf_weight=98.288180954754353 10.587609447538858 1336.5830497890711 20.290677979588509 3026.2999239563942 1202.264054402709 359.12880125641823 579.74962766468525 5.8893428668379775 377.97374144941568 15.948465198278425 633.53918009996414 1601.9389464855194 12.977944493293762 4.7089511454105368 5.1983040347695342 11.942950718104839 5.0338045135140401 81.407517850399017 146.30037346482277 671.2555074095726 4.9741284996271133 1549.5283398702741 529.91625373065472 118.15087048709393 500.3859938532114 13.012486934661867 3.2670053094625464 670.98646545410156 1609.4304186999798 5.2379495203495017
leaf_count=1308 64 6485 174 15298 6726 2098 3654 36 4090 78 3453 11341 74 29 33 68 28 426 802 3500 29 9381 2801 659 2718 76 20 3739 9156 28
internal_value=-5.10468e-05 0.000771246 0.0020351 0.0021172 0.000849852 -0.00512216 0.00177432 0.0351178 -0.0254935 -0.000169733 -0.000268993 -0.00737658 0.000343098 0.015678 0.0352457 0.0330999 -0.00104108 0.00476092 0.000183513 0.00297379 0.0480878 -0.000932449 -0.00272372 -0.0055756 4.53194e-05 -0.00600439 0.0387208 0.00264809 0.00122022 0.00477339
internal_weight=15212.2 14735.9 12133.8 12113.5 8188.25 2602.13 641.063 26.3842 476.262 6851.67 6835.72 1961.07 614.678 20.4949 15.7859 24.9209 589.758 3925.26 898.963 752.663 10.0079 6202.18 3385.25 1667.68 1717.57 516.665 16.2795 1200.9 2816.93 1207.5
internal_count=88372 82974 65520 65346 45320 17454 4015 162 5398 38835 38757 13439 3853 126 97 142 3711 20026 4728 3926 57 35304 19394 10040 9354 2814 96 6540 15910 6754
is_linear=0
shrinkage=0.05


Tree=161
num_leaves=31
num_cat=0
split_feature=21 21 17 15 33 45 8 53 3 39 19 39 23 29 41 21 18 18 27 33 54 3 33 7 32 34 3 31 47 42
split_gain=233.399 67.7727 28.4905 17.7475 16.9287 17.4801 18.4046 17.6743 16.8866 16.0612 15.9658 14.8155 14.203 19.501 14.1341 13.893 13.794 13.1965 11.4288 11.3375 10.5676 10.3506 10.3215 10.7748 10.482 12.3112 12.0489 19.0909 9.96233 9.94094
threshold=2.5550000000000002 5.2250000000000005 4.8450000000000006 7.6700000000000008 29.000000000000004 29.600000000000005 -1.0000000180025095e-35 6.1008333333333349 19.950000000000003 15.200000000000001 3.3050000000000002 13.150000000000002 44.500000000000007 27.100000000000005 6.9000000000000012 1.5850000000000002 3.9050000000000007 5.1650000000000009 47.500000000000007 20.950000000000006 -0.20833333333333343 16.850000000000005 5.4500000000000002 7.1650000000000009 4.4000000000000012 11.250000000000002 9.0500000000000025 26.500000000000004 1.5000000000000002 21.250000000000004
decision_type=10 10 10 8 2 2 10 2 10 2 10 2 2 2 2 10 10 8 2 2 10 10 2 8 2 2 8 2 2 2
left_child=15 2 22 4 5 7 8 9 16 -3 -10 17 18 -14 21 -1 -7 19 -12 -4 29 -6 24 -24 25 -2 27 -27 -16 -9
right_child=1 3 11 -5 14 6 -8 20 10 -11 12 -13 13 -15 28 -17 -18 -19 -20 -21 -22 -23 23 -25 -26 26 -28 -29 -30 -31
leaf_value=-0.033954440417171161 -0.0051946489083356528 0.0028478433299191745 -0.0049370909625004516 -0.048370522222768129 0.011231116922677632 0.083947140308480647 0.001239241334423229 0.00013339999605143857 -0.039053823965106718 0.0087120732678968374 0.078990731710476755 0.0060693605966914066 0.0034163432130666829 0.08938880785954402 0.068773389313546776 -0.020352692159860027 0.0067251988322923383 -0.011134896787345784 0.029273683337370873 0.018979736343982055 -0.0041885998606499934 0.043908877250976565 0.0069230973232324647 0.077868790912665645 -0.0038556354061737674 0.021845690328519709 0.0064686550351760828 0.11948823061789951 0.0078780732787296932 0.018799593342822978
leaf_weight=379.62836332991719 205.75541950017214 4165.9046784266829 1225.376636967063 15.980954550206659 41.364444598555565 6.1191476583480826 149.78238108754158 224.74533776938915 6.0544552952051154 1622.3035408630967 33.927890539169312 215.61868057399988 30.485085427761078 8.41717980802059 6.8496385812759391 371.40600502118468 105.24603360891342 1293.6821592897177 17.532581210136414 51.638956792652607 1067.9557486623526 58.509038865566254 467.71927317976952 5.413702428340911 977.91124761849642 45.334405899047852 323.12556280195713 5.6273758560419074 345.1347551047802 104.48887245357037
leaf_count=5569 1325 22529 8923 115 202 28 739 1391 27 8195 166 1465 147 42 31 4450 529 10185 87 330 6906 281 2919 31 6912 287 2107 37 1766 651
internal_value=-0.000136406 0.00144971 -0.00323689 0.00426795 0.00437317 0.00381004 0.0146 0.0032731 0.0242312 0.00449145 0.0395503 -0.00651974 0.0448169 0.022018 0.0137736 -0.027228 0.0109683 -0.00757566 0.0620521 -0.00396996 -0.00177421 0.0303748 0.00126707 0.00773488 -0.000697377 0.00462906 0.0100323 0.0326277 0.0090631 0.00605748
internal_weight=13579 12828 4817.2 8010.8 7994.82 7542.96 357.565 7185.4 207.782 5788.21 96.4172 2786.32 90.3627 38.9023 451.858 751.034 111.365 2570.7 51.4605 1277.02 1397.19 99.8735 2030.89 473.133 1557.75 579.843 374.087 50.9618 351.984 329.234
internal_count=88372 78353 34521 43832 43717 41437 1765 39672 1026 30724 469 20903 442 189 2280 10019 557 19438 253 9253 8948 483 13618 2950 10668 3756 2431 324 1797 2042
is_linear=0
shrinkage=0.05


Tree=162
num_leaves=31
num_cat=0
split_feature=54 0 16 20 19 41 17 8 18 4 43 12 22 21 20 19 22 28 15 36 33 21 44 29 0 31 40 19 37 27
split_gain=58.1994 17.4296 16.0478 16.5331 10.8425 10.6084 16.3743 11.6677 14.3248 14.141 18.728 12.7838 11.1995 10.4586 11.3417 10.3219 10.2842 10.027 10.0269 9.59819 9.17865 9.16493 13.3172 9.09269 14.5744 16.903 12.0243 10.3572 10.8781 17.7073
threshold=0.50166666666666748 10.500000000000002 6.9750000000000005 6.6550000000000011 6.4250000000000007 18.050000000000001 2.1950000000000007 1.0000000180025095e-35 5.995000000000001 1.0000000180025095e-35 18.050000000000001 1.7500000000000002 88.500000000000014 2.5550000000000002 1.5250000000000001 4.6050000000000013 46.500000000000007 63.100000000000009 7.2350000000000012 32.850000000000001 3.6500000000000008 1.6950000000000001 5.4500000000000002 37.800000000000004 5.5000000000000009 13.450000000000001 10.150000000000002 6.3650000000000011 23.650000000000002 12.500000000000002
decision_type=8 2 8 10 10 2 8 10 10 10 2 10 2 10 8 10 2 2 10 2 2 8 2 2 2 2 2 10 2 2
left_child=1 13 3 5 -5 7 -7 11 19 10 15 12 17 14 -1 -10 -13 23 -3 21 -21 22 -9 27 25 -25 -27 -2 -29 -30
right_child=2 18 -4 4 -6 6 -8 8 9 -11 -12 16 -14 -15 -16 -17 -18 -19 -20 20 -22 -23 -24 24 -26 26 -28 28 29 -31
leaf_value=0.068491127734148269 -0.0029013607304825963 -0.0056137486433908944 -0.014117992080453907 0.0098912880926084312 0.069063759337726502 0.11117291688449092 -0.0089281206990835284 -0.013026410207467552 0.10119589571338927 0.0076855852620735512 -0.0021486698215728538 0.019657784313828239 0.107567331401103 0.003348953828908183 0.0099970061531012497 0.25176542932936702 0.13981180987257688 -0.0086985807478025048 0.10805062265965122 0.018540785572359358 0.14392208149327029 -0.0076220799564960381 0.14144306196251108 0.018209471647628504 -0.001050141860530677 0.25144347478267565 0.075723773707630559 0.00085119600247038319 0.13813569012005827 0.024112052053182752
leaf_weight=8.4291148707270604 818.53894846141338 553.65705751627684 444.9245254509151 118.28750570118427 8.2837156355380994 2.8456047847867003 1058.5276152938604 2.9401985928416243 2.3776707723736745 5.6118627414107323 2.2829415202140808 5.296325869858264 2.2706292271614066 4378.120870642364 491.36874444037676 2.1834807842969894 2.6830457299947739 583.88880287483335 1.94707941263914 3.8662292137742034 2.3450017794966698 44.413390748202801 2.6554982736706734 4.6797816678881663 13.48505926132202 1.8527716249227526 2.0515720248222351 55.614522218704224 3.7998449057340613 32.758338056504726
leaf_count=53 8564 6188 6204 1335 90 25 12615 25 24 60 26 53 22 39862 3892 23 25 7543 20 39 21 470 24 48 148 21 20 567 38 327
internal_value=1.62576e-05 0.00317546 -0.0053007 -0.00389134 0.013764 -0.00473239 -0.00860612 -0.00215562 0.0180051 0.0665192 0.11476 -0.00306239 -0.00339398 0.0041312 0.0109835 0.173275 0.0600593 -0.0035601 -0.00521542 0.00725644 0.0658775 -2.44124e-05 0.0602787 -0.000343594 0.0313684 0.0822957 0.15911 -0.00111207 0.0147777 0.0359636
internal_weight=8661.99 5433.52 3228.46 2783.54 126.571 2656.97 1061.37 1595.6 68.6763 12.456 6.84409 1526.92 1518.94 4877.92 499.798 4.56115 7.97937 1516.67 555.604 56.2203 6.21123 50.0091 5.5957 932.781 22.0692 8.58413 3.90434 910.712 92.1727 36.5582
internal_count=88372 50015 38357 32153 1425 30728 12640 18088 712 133 73 17376 17298 43807 3945 47 78 17276 6208 579 60 519 49 9733 237 89 41 9496 932 365
is_linear=0
shrinkage=0.05


Tree=163
num_leaves=31
num_cat=0
split_feature=7 17 41 20 34 22 29 28 3 42 25 21 32 35 52 28 25 18 44 30 20 5 15 34 20 20 10 37 20 34
split_gain=18.0103 15.8566 13.8952 10.668 10.071 9.88549 9.54263 9.99398 9.91263 9.88642 12.5927 11.5637 11.7781 13.0939 11.9073 11.5073 10.3935 12.21 10.531 9.51979 9.37954 9.79472 14.3732 9.28284 9.89643 9.22455 11.5514 15.6237 11.0823 10.5384
threshold=7.3950000000000005 3.4450000000000007 28.300000000000004 4.3150000000000004 36.600000000000001 58.500000000000007 39.550000000000004 85.500000000000014 18.950000000000003 29.800000000000004 34.500000000000007 4.7650000000000006 8.9000000000000004 41.050000000000004 0.59999999999999998 55.400000000000013 72.500000000000014 6.0650000000000004 26.000000000000004 4.9000000000000012 2.2250000000000005 6.745000000000001 6.8350000000000009 12.300000000000002 4.9150000000000009 6.1750000000000007 -1.0000000180025095e-35 20.650000000000002 5.6650000000000009 15.300000000000002
decision_type=8 10 2 10 2 2 2 2 8 2 2 10 2 2 10 2 2 10 2 2 10 10 10 2 10 10 10 2 10 2
left_child=1 -1 3 4 -3 -6 7 8 -4 10 11 23 14 19 25 -12 18 -18 -17 -14 -7 -22 -23 -10 -25 26 29 28 -28 -13
right_child=-2 2 6 -5 5 20 -8 -9 9 -11 15 12 13 -15 -16 16 17 -19 -20 -21 21 22 -24 24 -26 -27 27 -29 -30 -31
leaf_value=-0.0084862458309854661 -0.043780677691637231 0.0027585894457428789 0.00074216295832613892 -0.0010473098738077269 -0.017728095443668931 -0.034428925506967384 -0.008675710720232958 0.028079864014566022 -0.011351652380515978 -0.0072239626501166918 -0.0023204108178212653 0.062040949429053673 0.035992782377042523 0.083944476955452207 0.011695761526069598 0.018852229919747453 -0.049902535266595049 0.025376669624063621 -0.014772933835995967 2.7051244536563642e-05 -0.015762297411078631 0.10186576517419499 0.0130089162610607 -0.0021711274797528808 0.027403901147755923 0.013672486619324825 0.077382195376351229 0.018051556935994362 0.16221811164333469 0.009047120234858751
leaf_weight=515.54475725442171 23.375743977725506 3321.8034465834498 990.73372695595026 9688.3017966002226 114.35146676003933 8.5310219675302488 138.47440378367901 45.391449436545372 55.273309648036957 101.38774092495441 305.01806722581387 16.953676462173462 22.977680161595345 5.8384625911712638 46.615165814757347 209.77265340089798 13.733690142631533 8.8624563664197904 26.192582055926323 92.328800484538078 9.7777079939842242 7.1735962629318264 12.448850393295286 52.947341904044151 60.728435397148132 21.002232700586319 18.362810641527179 9.1567002087831479 4.8706079125404349 21.003772363066673
leaf_count=3303 242 17792 5188 54606 627 45 767 213 266 518 1568 85 114 29 225 997 67 43 131 461 53 39 69 252 300 105 91 46 24 106
internal_value=7.53719e-05 0.000139664 0.000427871 -0.000194914 0.00218219 -0.0103911 0.00404282 0.00487 0.0043644 0.00764765 0.00916817 0.0156333 0.0222692 0.010893 0.0322585 0.00425766 0.0120176 -0.0203772 0.0151198 0.00719412 0.011728 0.0251213 0.0454933 0.00545607 0.0136286 0.0427516 0.0514331 0.0733665 0.095167 0.0327168
internal_weight=15968.9 15945.6 15430 13162.4 3474.09 152.283 2267.63 2129.15 2083.76 1093.03 991.638 428.059 259.11 121.145 137.965 563.579 258.561 22.5961 235.965 115.306 37.9312 29.4002 19.6224 168.949 113.676 91.3498 70.3476 32.3901 23.2334 37.9574
internal_count=88372 88130 84827 73231 18625 833 11596 10829 10616 5428 4910 2104 1286 604 682 2806 1238 110 1128 575 206 161 108 818 552 457 352 161 115 191
is_linear=0
shrinkage=0.05


Tree=164
num_leaves=31
num_cat=0
split_feature=9 18 42 3 54 36 21 5 15 18 19 53 37 7 34 43 5 37 27 3 34 38 52 13 37 33 18 44 26 31
split_gain=18.634 18.2516 13.8915 12.5699 12.3701 11.6528 11.6079 12.636 12.0813 11.1473 10.7382 15.0067 10.3839 10.0516 11.7686 14.3183 12.5643 9.72838 9.68764 9.55652 10.3817 9.50119 9.69261 14.0993 9.93014 10.0411 9.13363 9.08672 10.7495 8.67188
threshold=7.4850000000000012 3.9350000000000005 17.300000000000001 16.050000000000004 0.031666666666666454 13.150000000000002 4.1450000000000005 6.6550000000000011 6.6050000000000013 6.5450000000000008 4.0650000000000004 4.345833333333335 23.000000000000004 6.8250000000000011 23.900000000000002 5.4500000000000002 6.8050000000000006 31.400000000000002 69.500000000000014 8.5500000000000025 31.100000000000005 31.700000000000006 -0.15999999999999986 6.5850000000000009 14.900000000000002 30.400000000000002 6.8650000000000011 16.900000000000002 62.500000000000007 4.9000000000000012
decision_type=8 10 2 8 10 2 10 8 10 10 8 2 2 10 2 2 10 2 2 8 2 2 8 8 2 2 10 2 2 2
left_child=1 5 3 -3 21 19 7 8 -5 10 11 -9 13 -13 16 -16 -15 -11 -6 20 -1 22 24 -24 25 -4 -27 -7 -29 -30
right_child=-2 2 4 6 18 27 -8 9 -10 17 -12 12 -14 14 15 -17 -18 -19 -20 -21 -22 -23 23 -25 -26 26 -28 28 29 -31
leaf_value=0.013936613592740675 -0.044945784729607717 0.0015404678439842434 0.0051138176952037033 0.10195377071140284 0.0044615978086867663 0.0030609368178434421 -0.003874219864471882 -0.00042679502102134064 0.017303219399516921 -0.021345586166131719 -0.00060285623380903477 0.012938524903846508 -0.02863071579723199 0.099888158859075496 0.036041302370644353 0.1456646990605738 0.020259321885227433 0.039817449070009656 -0.0047253200936835851 -0.010460372943451283 -0.037075505060660839 -0.012525246492484847 0.070351500828364472 -0.0056024875052314372 -0.0014773340675444122 0.024716126524421251 0.11000331477098779 -0.018752972344197816 0.079404493457682995 0.0015058877744244187
leaf_weight=74.303725391626358 22.967212311923504 3404.1436188668013 840.45431372523308 4.5227734744548789 4210.493605107069 504.00393710285425 3533.1741485148668 114.19910779595375 61.929448127746582 81.071895509958267 786.39211519062519 42.925853952765465 8.0056063234806043 5.844289317727088 6.1352236866950971 5.7895456701517105 32.510612279176712 7.0681475698947898 307.94551348686218 806.78958324342966 11.520196974277495 154.50756964087486 6.1673378348350516 656.19779247045517 900.29668675363064 20.339334696531299 3.7121064811944953 99.613217502832413 4.9962036162614849 12.539193190634249
leaf_count=414 194 17953 4395 23 20792 2893 19125 552 312 424 4062 210 39 28 30 29 159 37 1539 4948 70 848 34 3620 4793 111 20 614 29 75
internal_value=6.02647e-05 0.000122133 0.000643758 -0.000772263 0.00225794 -0.00511348 -0.00245107 0.00189714 0.0230646 0.000606592 0.00210645 0.0119972 0.0260155 0.0307092 0.0458808 0.0892641 0.0323927 -0.0164408 0.00383548 -0.008773 0.00708923 -0.000503068 0.000262234 -0.00489527 0.00219795 0.00602539 0.0378794 0.000145349 -0.0123983 0.0237008
internal_weight=16730.6 16707.6 15193.8 8093.71 7100.11 1513.77 4689.57 1156.39 66.4522 1089.94 1001.8 215.41 101.211 93.2055 50.2797 11.9248 38.3549 88.14 4518.44 892.614 85.8239 2581.68 2427.17 662.365 1764.8 864.506 24.0514 621.153 117.149 17.5354
internal_count=88372 88178 79135 42983 36152 9043 25030 5905 335 5570 5109 1047 495 456 246 59 187 461 22331 5432 484 13821 12973 3654 9319 4526 131 3611 718 104
is_linear=0
shrinkage=0.05


Tree=165
num_leaves=31
num_cat=0
split_feature=19 11 43 19 53 19 3 20 32 19 54 11 53 27 7 25 2 34 22 9 35 53 53 15 48 13 38 7 15 17
split_gain=56.6409 24.3703 21.6606 17.2899 14.9952 13.8803 13.0658 10.4731 12.7613 10.9613 9.93643 8.92085 8.87935 10.9306 10.5253 13.7943 12.9395 8.84577 9.73339 11.6606 11.6125 11.2687 9.03505 8.84306 11.3854 11.9902 9.01268 8.83902 8.80321 8.90406
threshold=3.0550000000000002 6.4450000000000012 27.100000000000005 4.205000000000001 5.1941666666666686 1.635 17.650000000000002 6.1850000000000014 37.150000000000006 5.2750000000000012 2.2783333333333342 6.6150000000000011 4.4758333333333349 80.500000000000014 6.705000000000001 18.500000000000004 2.5000000000000004 26.200000000000006 64.500000000000014 6.8450000000000006 14.950000000000001 3.4408333333333334 4.9863333333333344 6.7350000000000012 1.5000000000000002 6.6950000000000012 34.70000000000001 6.455000000000001 7.0950000000000006 4.745000000000001
decision_type=10 10 2 10 2 8 8 10 2 10 10 10 2 2 8 2 10 2 2 8 2 2 2 10 2 10 2 10 8 10
left_child=5 -2 3 4 17 -1 10 8 -5 11 28 -9 13 14 15 16 -7 23 21 20 -20 -19 -22 24 25 -3 -26 -11 -4 -30
right_child=1 2 6 7 -6 12 -8 9 -10 27 -12 -13 -14 -15 -16 -17 -18 18 19 -21 22 -23 -24 -25 26 -27 -28 -29 29 -31
leaf_value=-0.032542177278231992 -0.047733885269656232 -0.030122849987322859 -0.00016173490684141185 0.0016530404571307542 -0.013019550157763866 0.019363589778936305 0.0080932208459461169 0.043558694269655023 -0.0147592128894429 0.059632394230490549 0.05062482967567461 -0.0081609369810825769 -0.01850497372692668 0.078082430204514441 -0.010824901220379893 0.0019597421092583745 0.14741356282718784 0.099506694773691728 0.09824757234897534 -0.0011607191881405851 -0.004157990615596659 0.00096260243053190126 0.095173955685583997 -0.0020001311809816598 -0.016393906334360376 0.069503570884796403 0.040663698869696299 -0.00041147854949083153 -0.029770958613212536 0.053358350739731247
leaf_weight=97.228543311357498 26.064122602343559 4.7518734484910956 1092.1392375528812 8673.5725760906935 405.84789299964905 4.4149519726634017 1412.166357845068 8.4394084364175779 120.07996654510498 6.1490362882614127 9.9426221102476102 690.41740269958973 246.33922879397869 3.8964917734265319 199.40555695444345 27.62961907684803 3.5666608437895775 2.931949868798255 8.7317566722631472 17.322439655661583 8.6483676731586439 275.11351481080055 3.1133611649274817 1014.0234737768769 239.61126600950956 8.2868172675371152 7.1268172413110724 1904.2891930639744 4.1567644774913814 14.312284082174299
leaf_count=1080 202 27 5378 44643 2656 32 6549 47 644 29 40 4090 2052 24 1367 196 25 14 51 104 51 1624 20 5911 1403 47 42 9938 20 66
internal_value=1.56479e-05 0.000574675 0.00065371 -0.000147871 -0.00444146 -0.0152991 0.00489419 0.000603506 0.00142893 -0.00217826 0.000862643 -0.00753637 -0.0118441 -0.00497623 -0.00635331 0.0186854 0.076584 -0.00225144 0.00523867 0.0290385 0.0545649 0.00200174 0.0221354 -0.00410874 -0.0123396 0.0331953 -0.0147458 -0.000218218 0.000417152 0.0346487
internal_weight=16539.7 15957.2 15931.2 13398.5 1995.51 582.481 2532.72 11402.9 8793.65 2609.3 1120.55 698.857 485.253 238.913 235.017 35.6112 7.98161 1589.66 315.861 37.8159 20.4935 278.045 11.7617 1273.8 259.777 13.0387 246.738 1910.44 1110.61 18.469
internal_count=88372 83596 83394 71341 11950 4776 12053 59391 45287 14104 5504 4137 3696 1644 1620 253 57 9294 1864 226 122 1638 71 7430 1519 74 1445 9967 5464 86
is_linear=0
shrinkage=0.05


Tree=166
num_leaves=31
num_cat=0
split_feature=20 20 13 38 21 13 32 44 34 15 53 30 53 18 50 53 15 37 19 26 19 3 38 41 13 34 28 39 49 13
split_gain=119.649 46.1749 18.5519 15.6195 15.7344 15.0358 14.5439 14.2887 14.6642 12.9189 12.2062 12.7418 11.2339 12.3044 11.1051 10.3207 9.7492 9.25564 8.96151 8.93283 10.1025 8.73872 11.4581 15.5207 10.525 9.96881 13.1695 9.51549 8.65668 11.0583
threshold=1.905 4.2950000000000008 7.5050000000000008 21.250000000000004 6.1350000000000007 6.745000000000001 5.1500000000000012 23.900000000000002 36.600000000000001 6.705000000000001 4.9573333333333354 46.300000000000004 3.7773333333333343 5.5850000000000009 1.5000000000000002 3.8975000000000004 6.9250000000000007 40.95000000000001 6.6750000000000007 57.500000000000007 2.4150000000000005 20.950000000000003 43.650000000000006 24.550000000000004 6.6150000000000011 23.200000000000006 72.600000000000009 10.800000000000002 2.5000000000000004 6.9450000000000012
decision_type=10 10 8 2 10 10 2 2 2 8 2 2 2 8 2 2 8 2 10 2 10 10 2 2 10 2 2 2 2 10
left_child=-1 6 3 4 7 9 12 28 16 -6 -8 18 13 -2 -14 19 -9 -7 -12 20 -5 24 -23 25 -17 26 27 -24 -3 -30
right_child=1 2 -4 15 5 17 10 8 -10 -11 11 -13 14 -15 -16 21 -18 -19 -20 -21 -22 22 23 -25 -26 -27 -28 -29 29 -31
leaf_value=-0.028993426581981941 0.0060304626436698712 0.0027317328917348337 -0.046733974924173881 0.010261808288405718 -0.0043484901893835809 -0.0046403120241808333 0.0028870725518783517 0.006010206610355691 -0.021320687217006543 0.011901000535034286 -0.010812798750633151 0.084317177813329799 -0.01824230897976117 0.10030875714607222 -0.0073545713267283543 0.028658248107262287 0.017775484425830164 -0.034706170983664839 0.010309277290727259 -0.012859088899029683 0.094169350301709198 0.0068850537335854436 0.092377915449878445 -0.026197139140585454 0.0018967829745126518 0.00059088478586103105 -0.0082251152867854806 0.0082655681728844455 0.0002541470159898758 -0.0091859830634405757
leaf_weight=348.89475851878524 64.501261539757252 3391.3103953078389 19.55906667560339 5.9838436841964748 217.09383214265108 1617.1550389900804 709.55028998851776 815.4950238764286 42.775574743747711 280.17342568933964 410.45255821198225 3.749091573059558 298.64156783372164 3.6570319384336463 1085.3763114362955 37.524616912007332 224.5646253824234 26.009297274053097 57.216848023235798 5.7316167056560507 8.9570434391498548 1351.3404451608658 18.931289881467826 9.1973663419485074 1757.9498084113002 9.07371938228607 5.5727004557847968 4.0885997265577307 2007.0684199780226 366.93879029899836
leaf_count=4304 394 17807 174 26 1262 9687 4322 3957 205 1616 2946 25 2403 23 7542 193 1085 157 411 25 39 7001 87 46 9110 43 28 21 11317 2116
internal_value=-5.0877e-05 0.000628858 0.00192271 0.0020007 0.000930971 -0.00281087 -0.00537693 0.00210051 0.0073705 0.0048069 -0.00125629 -0.00749263 -0.00872799 0.011089 -0.00970391 0.00499207 0.00855051 -0.00511622 -0.00822863 0.0402071 0.0605643 0.00476413 0.00772796 0.0320335 0.00245609 0.0462523 0.0607427 0.0774386 0.0011107 -0.00120497
internal_weight=15204.5 14855.6 12222.5 12202.9 8988.58 2140.43 2633.14 6848.15 1082.84 497.267 1180.97 471.418 1452.18 68.1583 1384.02 3214.35 1040.06 1643.16 467.669 20.6725 14.9409 3193.68 1398.2 46.8637 1795.47 37.6663 28.5926 23.0199 5765.32 2374.01
internal_count=88372 84068 66002 65828 49209 12722 18066 36487 5247 2878 7704 3382 10362 417 9945 16619 5042 9844 3357 90 65 16529 7226 225 9303 179 136 108 31240 13433
is_linear=0
shrinkage=0.05


Tree=167
num_leaves=31
num_cat=0
split_feature=21 51 17 28 21 5 18 21 15 33 16 21 33 19 39 41 13 15 39 29 25 37 40 7 54 18 22 22 34 20
split_gain=218.895 59.6796 24.5138 19.4257 17.89 14.7932 13.761 13.7321 16.4568 13.5636 15.6042 13.4828 12.901 17.7876 12.6222 12.45 12.1706 13.0943 11.9734 11.8886 11.5454 12.0506 11.4725 11.1501 12.6385 10.9584 10.8844 10.8841 11.7673 11.5781
threshold=2.7650000000000001 2.5000000000000004 5.4850000000000012 57.800000000000004 1.5850000000000002 7.5950000000000006 5.4050000000000011 4.0550000000000006 6.9250000000000007 22.450000000000003 3.5950000000000002 7.0750000000000011 22.900000000000002 6.995000000000001 26.200000000000006 56.95000000000001 7.0050000000000008 7.0150000000000006 12.750000000000002 28.050000000000004 21.500000000000004 3.5000000000000004 12.300000000000002 6.5050000000000008 -0.16666666666666666 5.8950000000000005 68.500000000000014 67.500000000000014 22.900000000000002 6.0750000000000011
decision_type=10 2 8 2 10 8 10 10 8 2 10 10 2 8 2 2 10 8 2 2 2 2 2 10 10 8 2 2 2 8
left_child=4 2 5 9 -1 7 18 -2 14 23 -11 -8 19 -14 15 -9 -10 22 -5 25 21 -12 -18 24 -3 -4 -20 -21 -29 -30
right_child=1 3 12 6 -6 -7 11 8 16 10 20 -13 13 -15 -16 -17 17 -19 26 27 -22 -23 -24 -25 -26 -27 -28 28 29 -31
leaf_value=-0.033536502968452939 -0.0061097964733968849 -0.015386379768087885 -0.0070294156353576283 0.0023924587032490077 -0.018578630657099256 0.084651884284501433 -0.002849035472967886 0.0027836338469486 -0.011332328361818014 -0.025422128427811514 0.031888862396738243 0.0075722308928401708 0.0084144752293121659 0.12598418815992271 0.025885222944980718 0.10013774096758271 0.0086496421565970278 -0.0051258259438803425 0.015881663832595018 -0.0030939372631399614 0.019128652676143065 -0.0063804265042458818 0.05593362127908319 0.0053584967008809548 0.09620302335516473 -0.016436448225200462 -0.014606772699761298 0.0061335285439451772 0.084788917695749103 -0.029591355439053862
leaf_weight=368.1030206605792 729.70542760938406 3.9770670831203461 1083.5219690203667 794.98243912309408 437.46770351752639 5.1649565175175658 1687.7632445320487 2066.0654400736094 366.30029816180468 24.432179689407349 26.157255172729492 380.304542735219 69.091689974069595 3.3742198199033728 61.715115919709206 3.2892129570245734 39.486739724874496 113.16690500825644 340.21443231403828 408.38621531426907 445.04173596948385 96.316165201365948 19.00157330930233 3476.9272943362594 7.0095674917101842 433.42562257498503 32.029566265642643 32.332815460860729 10.867472134530541 2.7780112475156793
leaf_count=5569 5749 20 7908 4279 5171 32 10300 12904 2414 117 127 2158 439 19 320 18 254 747 1696 3053 2210 489 124 18331 35 3389 158 243 77 22
internal_value=-0.000135458 0.00146006 -0.00250195 0.00441061 -0.0254136 9.70033e-05 0.00151719 -3.14924e-05 0.0016303 0.00670507 0.0137031 -0.000932631 -0.00683049 0.0138889 0.00360291 0.00293838 -0.00618404 0.00480206 0.00585772 -0.00759214 0.0153875 0.00179294 0.0240112 0.00551741 0.0558086 -0.00971721 0.0132583 -0.000497334 0.0225661 0.0615028
internal_weight=13568.4 12762.8 5447.67 7315.16 805.571 3403.9 3235.29 3398.73 2669.03 4079.86 591.947 2068.07 2043.78 72.4659 2131.07 2069.35 537.956 171.655 1167.23 1971.31 567.515 122.473 58.4883 3487.91 10.9866 1516.95 372.244 454.365 45.9783 13.6455
internal_count=88372 77632 37712 39920 10740 22562 18591 22530 16781 21329 2943 12458 15150 458 13242 12922 3539 1125 6133 14692 2826 616 378 18386 55 11297 1854 3395 342 99
is_linear=0
shrinkage=0.05


Tree=168
num_leaves=31
num_cat=0
split_feature=28 40 3 18 1 37 54 19 23 11 38 5 18 5 23 13 35 24 10 41 19 36 24 5 40 0 31 7 34 30
split_gain=54.5295 21.4062 15.6738 13.7717 13.3934 12.4433 12.3745 11.5349 13.1475 11.361 14.2687 14.1711 16.0889 12.0691 12.5929 11.0216 10.7389 10.5922 15.7928 20.2891 10.5683 14.9493 13.9015 30.4498 17.2872 15.1657 12.1416 11.2891 11.7627 10.9058
threshold=61.650000000000006 11.300000000000002 17.950000000000003 2.1150000000000007 4.5000000000000009 15.600000000000003 0.93000000000000116 7.745000000000001 30.500000000000004 6.8050000000000006 30.600000000000005 6.7750000000000012 2.4050000000000007 6.6950000000000012 16.500000000000004 6.5950000000000006 47.70000000000001 7.5000000000000009 -1.0000000180025095e-35 14.900000000000002 6.205000000000001 16.350000000000005 21.500000000000004 6.7150000000000007 20.400000000000002 5.5000000000000009 14.050000000000002 6.6950000000000012 13.150000000000002 12.250000000000002
decision_type=2 2 10 8 8 2 8 10 2 8 2 10 8 10 2 8 2 2 10 2 8 2 2 10 2 2 2 8 2 2
left_child=1 6 3 5 -2 -3 9 -6 -9 11 13 -1 -13 -11 17 -5 -14 18 19 -15 -17 22 23 -22 25 26 -25 -24 -29 -27
right_child=4 2 -4 15 7 -7 -8 8 -10 10 -12 12 16 14 -16 20 -18 -19 -20 -21 21 -23 27 24 -26 29 -28 28 -30 -31
leaf_value=0.0015462105216364431 -0.0079217897996115769 0.010820108479039043 0.008858624460746917 0.037689226744361565 0.0010360652970853013 0.13807454951376408 -0.0069168064017284875 -0.017679724250327634 0.15995393280611547 -0.034443502052140966 -0.022237462783954991 0.12561469276717449 0.011646538756164213 0.18517641122345685 -0.0019007881035342841 -0.0015409045630968175 0.086195003432298162 0.0088783220438843503 -0.021383230804419583 0.020110261899088013 -0.038226549329707031 -0.0012996574804497298 0.059174941201925492 0.26100897006185997 0.009940680526323388 0.13583020522945521 0.11331014965128861 -0.033216050535040301 0.017813686601054101 0.0036546822981576967
leaf_weight=867.64927925169468 2053.1690569221973 4.282014623284339 1642.4360338971019 20.291082844138145 416.21215789392591 3.4839987605810165 577.44970849528909 1.8234222717583168 2.4297059923410416 25.826874308288097 80.424672067165375 3.1955506503581992 301.72044838964939 3.6730165779590607 1177.051166407764 1057.0360314622521 4.9094561710953704 185.24922780692577 4.0275575742125493 3.7747933343052864 5.8226121887564686 122.72579322755337 12.166806899011133 2.758921831846239 4.3542712256312361 3.2869116961956024 2.807246558368206 14.398590616881846 52.353642575442791 2.9714669659733772
leaf_count=8404 26109 35 13379 152 5099 26 6714 22 27 256 825 29 2915 35 11428 9096 47 1791 39 37 51 1060 98 23 35 29 24 120 441 26
internal_value=1.75886e-05 0.00252653 0.00560594 0.0015239 -0.00625685 0.0679092 -0.000282739 0.00187323 0.0837979 0.00115878 -0.00175719 0.00482401 0.0140033 -0.000580339 5.62853e-05 0.00112762 0.0128401 0.0117659 0.0583812 0.101515 0.000548336 0.0104229 0.0246782 0.0598243 0.0951119 0.126475 0.186518 0.01488 0.00680647 0.0730735
internal_weight=8659.76 6186.13 2951.18 1308.74 2473.63 7.76601 3234.95 420.465 4.25313 2657.5 1480.03 1177.47 309.825 1399.6 1373.78 1300.97 306.63 196.725 11.4754 7.44781 1280.68 223.646 100.92 22.0014 16.1788 11.8245 5.56617 78.919 66.7522 6.25838
internal_count=88372 57115 24595 11216 31257 61 32520 5148 49 25806 14411 11395 2991 13586 13330 11155 2962 1902 111 72 11003 1907 847 188 137 102 47 659 561 55
is_linear=0
shrinkage=0.05


Tree=169
num_leaves=31
num_cat=0
split_feature=7 17 41 20 34 22 29 29 28 3 42 25 21 32 35 52 28 25 18 44 38 54 7 23 13 26 30 17 21 27
split_gain=17.2966 14.6617 12.7646 9.45042 9.2544 9.18692 8.80491 8.64258 8.96966 9.11264 9.09202 11.1947 10.4021 10.395 11.3453 10.4085 10.1929 9.50471 11.5139 9.52173 9.05027 9.23664 10.0237 11.4399 10.9102 10.2839 8.97526 11.3322 12.2927 10.5997
threshold=6.455000000000001 3.4450000000000007 28.300000000000004 4.3150000000000004 36.600000000000001 58.500000000000007 31.100000000000005 39.550000000000004 85.500000000000014 18.950000000000003 29.800000000000004 34.500000000000007 4.7650000000000006 8.9000000000000004 41.050000000000004 0.59999999999999998 55.400000000000013 72.500000000000014 6.0650000000000004 26.000000000000004 12.250000000000002 -0.33499999999999946 6.9250000000000007 11.500000000000002 6.955000000000001 15.500000000000002 10.400000000000002 5.3750000000000009 3.4350000000000005 41.500000000000007
decision_type=10 10 2 10 2 2 2 2 2 8 2 2 10 2 2 10 2 2 10 2 2 10 10 2 10 2 2 10 10 2
left_child=-1 -2 3 4 -3 -6 -7 8 9 26 11 12 -11 15 -15 -14 -13 19 -19 20 -18 -22 23 -23 -24 -25 27 28 29 -4
right_child=1 2 7 -5 5 6 -8 -9 -10 10 -12 16 13 14 -16 -17 17 18 -20 -21 21 22 24 25 -26 -27 -28 -29 -30 -31
leaf_value=-0.046008113973594972 -0.0081854746828267846 0.0025963693170787793 0.065450333027680913 -0.00099117915635873132 -0.017204467630810457 0.0033315431147116562 0.084812479315994282 -0.0082815144309980101 0.026472699749804658 0.0051647125569961247 -0.0069829284029323015 -0.0020828183114019699 0.039962604951273427 0.0068635167959062923 0.07674009827083976 0.011107794343213446 0.0090682298552260468 -0.049235097195200452 0.02396140343291106 -0.014265882849592793 -0.033835937060164932 0.10232689730799308 0.1255871230960377 -0.038950548064863609 0.040876236223024512 0.026662881937839601 -0.002959203223238535 -0.0013656884869032435 0.008903913481526575 0.013891558922788448
leaf_weight=20.336153201758862 512.6132649704814 3329.2657495141029 20.637119933962822 9680.0688681006432 113.13472451269627 34.533538267016411 3.6676557064056388 137.48149885237217 46.079310148954391 169.56569731235504 101.05090790987015 304.71830168366432 93.562254905700684 115.77272215485573 6.1157591342926017 46.928913697600365 123.52542511373758 13.356062069535257 8.9881089180707914 25.96226866543293 5.3240279108285895 4.4701447635889044 5.5529488921165493 6.7073145806789389 12.047362029552458 54.46565817296505 623.43697787821293 195.2344367057085 132.83254291117191 19.282868534326553
leaf_count=216 3304 17796 102 54623 627 186 20 766 213 818 519 1569 457 575 29 225 578 67 43 131 27 21 26 32 56 258 3269 1026 699 94
internal_value=7.47658e-05 0.000133535 0.00040984 -0.000187756 0.00204668 -0.0100459 0.0111544 0.00386977 0.00465201 0.00417082 0.00730824 0.00875663 0.0148166 0.0210542 0.0103696 0.0303241 0.00412472 0.0113888 -0.0197913 0.0143153 0.017814 0.0300117 0.0340952 0.0251111 0.0676028 0.0194687 0.000695766 0.00688795 0.0162157 0.0405455
internal_weight=15966.7 15946.4 15433.8 13160.7 3480.6 151.336 38.2012 2273.1 2135.62 2089.54 1098.11 997.063 431.945 262.38 121.888 140.491 565.118 260.399 22.3442 238.055 212.093 88.5675 83.2434 65.6431 17.6003 61.173 991.424 367.987 172.753 39.92
internal_count=88372 88156 84852 73252 18629 833 206 11600 10834 10621 5431 4912 2104 1286 604 682 2808 1239 110 1129 998 420 393 311 82 290 5190 1921 895 196
is_linear=0
shrinkage=0.05


Tree=170
num_leaves=31
num_cat=0
split_feature=9 18 53 17 18 18 19 27 18 53 27 2 45 39 19 18 19 54 2 32 9 18 0 33 44 40 52 13 52 43
split_gain=17.7511 17.3146 16.2191 13.377 17.0052 12.4806 11.2858 16.1972 10.4606 10.5221 10.2816 11.7311 10.1452 9.81192 12.4496 9.40673 10.1733 10.0429 16.686 15.1682 13.1228 12.4103 10.4554 9.25495 9.21567 10.472 9.20954 11.6681 10.4072 11.9959
threshold=7.4850000000000012 4.7250000000000005 5.2518333333333347 4.5250000000000012 6.3450000000000006 2.6250000000000004 5.4250000000000007 88.500000000000014 6.5550000000000006 5.6773333333333342 65.500000000000014 6.5000000000000009 24.400000000000002 34.150000000000006 5.2350000000000012 5.9450000000000012 7.6250000000000009 1.0000000000000004 1.5000000000000002 18.900000000000002 6.9250000000000007 6.6150000000000011 6.5000000000000009 32.650000000000006 4.1000000000000005 37.150000000000006 0.27999999999999964 6.8950000000000005 -0.18500000000000003 13.150000000000002
decision_type=8 10 2 10 10 10 10 2 10 2 2 8 2 2 10 10 10 10 10 2 10 8 2 2 2 2 10 8 10 2
left_child=1 2 5 4 23 -1 7 8 10 -10 11 24 -12 -6 -15 16 -8 -17 19 20 22 -21 -19 -3 25 -5 27 -11 29 -29
right_child=-2 3 -4 6 13 -7 15 -9 9 26 12 -13 -14 14 -16 17 -18 18 -20 21 -22 -23 -24 -25 -26 -27 -28 28 -30 -31
leaf_value=-0.014964302023835543 -0.044635147230325536 0.00065942711520444936 -0.0078851133705946149 0.0089765330111343158 -0.010251138970070843 -0.00032529667712654671 -0.0017903779269511349 0.097109472314577644 -0.0060252088737717466 0.0083086358962843037 -0.00385153984596091 -0.0097118098588681243 0.043869047845039463 -0.012929329685688683 0.099588232002640886 0.0014562874426200731 -0.037158227128013074 -0.022907960260597195 0.0020496243895402207 0.11390281687685289 -0.040748804728159498 0.018663387333937017 0.038371903456081484 -0.026827723433575191 0.0039665165222417878 0.052153152909987323 -0.002820573342251935 0.069156592934835101 0.092531689967766728 -0.014261880830969029
leaf_weight=151.34503372013569 22.185770437121391 1936.5371441990137 1042.9606976956129 1381.2441883683205 585.71901644766331 3833.3702583760023 2052.3684024214745 4.6570278555154792 470.08635237812996 73.149789154529572 404.81543274223804 117.40725514292717 11.452580481767653 5.2236000150442106 4.6441044360399246 2479.2024171352386 20.535570591688156 8.1805694550275785 131.2388342320919 8.9435336589813197 7.6306701004505149 5.5388707816600808 46.672632768750191 31.11554229259491 1747.8792690038681 14.187661424279211 103.49307428300381 8.1578041613102013 8.5464335680007917 9.1364299952983838
leaf_count=1043 194 10221 6059 6811 3134 20921 10681 23 2400 364 2023 588 60 29 26 12976 110 40 639 43 37 27 225 176 8805 70 518 40 42 47
internal_value=5.97013e-05 0.000119059 -0.0023342 0.00117527 -0.00201584 -0.000881306 0.00207269 0.00391233 0.00381255 -0.00192073 0.00486124 0.00580592 -0.00253863 -0.00941815 0.0400256 0.000389993 -0.00214076 0.00234206 0.0128894 0.0313728 0.0206866 0.077478 0.0292329 0.000224758 0.00638553 0.00941552 0.00760825 0.0185114 0.0473935 0.0250872
internal_weight=16727.6 16705.4 5027.68 11677.8 2563.24 3984.72 9114.52 4354.21 4349.56 672.57 3676.99 3260.72 416.268 595.587 9.8677 4760.31 2072.9 2687.41 208.205 76.9663 62.4839 14.4824 54.8532 1967.65 3143.31 1395.43 202.484 98.9905 25.8407 17.2942
internal_count=88372 88178 28023 60155 13586 21964 46569 21791 21768 3411 18357 16274 2083 3189 55 24778 10791 13987 1011 372 302 70 265 10397 15686 6881 1011 493 129 87
is_linear=0
shrinkage=0.05


Tree=171
num_leaves=31
num_cat=0
split_feature=19 11 43 19 3 37 39 19 41 52 52 35 43 29 7 30 24 53 21 17 13 43 19 53 37 24 3 34 34 43
split_gain=53.0809 23.5084 22.5148 19.5448 12.4435 13.1782 10.9196 11.0587 10.7044 10.3173 15.0564 13.8945 10.0021 9.98019 9.72297 10.5714 9.05642 14.5898 8.96802 9.43389 8.95245 9.42174 8.92458 9.67343 8.9207 8.91071 10.9585 10.952 10.4134 10.0073
threshold=2.5450000000000004 6.4450000000000012 20.950000000000006 4.1250000000000009 27.850000000000005 21.800000000000001 12.250000000000002 6.9350000000000014 51.45000000000001 -0.40000000000000008 0.019999999999999754 29.800000000000004 5.7500000000000009 30.200000000000003 7.0650000000000004 28.350000000000005 28.500000000000004 5.0536666666666674 4.9450000000000012 4.0450000000000008 7.2350000000000012 12.250000000000002 1.4750000000000003 4.8036666666666674 5.7500000000000009 45.500000000000007 19.450000000000003 20.250000000000004 45.250000000000007 43.20000000000001
decision_type=10 10 2 10 8 2 2 10 2 10 10 2 2 2 10 2 2 2 10 10 10 2 8 2 2 2 8 2 2 2
left_child=22 -2 3 -3 5 12 25 16 14 -9 11 13 -5 -11 -7 -16 17 -8 -19 -20 21 -14 -1 -24 -23 29 27 -27 -28 -4
right_child=1 2 6 4 -6 8 7 9 -10 10 -12 -13 20 -15 15 -17 -18 18 19 -21 -22 24 23 -25 -26 26 28 -29 -30 -31
leaf_value=-0.036311935726579356 -0.047471069152918766 -0.0054824089679971176 0.0018897717159444107 0.002227192954404167 -0.0034968233778765894 0.0042941468985729881 0.028719212831516808 -0.014097732729144802 0.053100744203791683 0.0062896532488252764 0.007629651068472413 0.10422260768533956 -0.0057233857150930795 0.083054772348759229 -0.02763370201942322 0.045341858944267621 -0.0073006809388946135 -0.038030587258087743 -0.040883726195800316 0.0038668486976430813 0.049470772075697479 -0.011540850472336772 -0.010609753010706673 -0.032314530347916988 0.001054663421727561 0.0071973309034520641 0.011081117584811243 -0.0054570319399878716 0.079391319410818464 0.019586734546678808
leaf_weight=61.519040323793888 25.563924163579941 1799.4654735997319 2167.6147633045912 2188.3567387908697 1837.9735983759165 2425.7436142861843 48.444911196827888 31.10461300611496 11.086475521326063 15.180446267127996 83.805124253034592 8.2594221979379636 1229.0506862252951 5.8716836720705023 40.892809256911278 5.6481392234563819 550.40353779494762 15.653705582022665 12.523536399006842 197.55850210785866 8.3557231277227384 153.85875995457172 232.70748424530029 65.863957822322845 1628.1603797376156 553.31952096521854 794.3955477103591 247.4468033015728 5.6185460835695258 82.940167412161827
leaf_count=707 205 11118 10526 11627 9931 12310 248 158 51 76 414 41 6594 29 216 30 2800 75 64 1003 44 828 1931 655 8589 2703 3774 1222 27 376
internal_value=1.6009e-05 0.000438715 0.000514558 -0.000703245 0.000199245 0.0010825 0.00337671 -0.00136823 0.00407965 0.0114052 0.0184179 0.0492628 -0.000346707 0.0277003 0.00385982 -0.0187775 -0.00360233 0.00382193 -0.00152125 0.00119915 -0.00221216 -0.00235558 -0.0189708 -0.0153978 -3.28278e-05 0.0045703 0.00742198 0.00328697 0.0115609 0.00254196
internal_weight=16534.4 16174.3 16148.7 11328.6 9529.13 7691.15 4820.14 968.805 2483.37 144.221 113.117 29.3116 5207.78 21.0521 2472.28 46.5409 824.584 274.181 225.736 210.082 3019.43 3011.07 360.09 298.571 1782.02 3851.34 1600.78 800.766 800.014 2250.55
internal_count=88372 85079 84874 61338 50220 40289 23536 4908 12607 718 560 146 27682 105 12556 246 4190 1390 1142 1067 16055 16011 3293 2586 9417 18628 7726 3925 3801 10902
is_linear=0
shrinkage=0.05


Tree=172
num_leaves=31
num_cat=0
split_feature=20 20 13 44 38 17 32 50 36 46 28 52 7 18 16 26 28 19 21 13 53 52 7 53 16 21 26 34 9 23
split_gain=112.465 42.169 17.6498 14.3103 15.4026 14.0655 13.6799 13.3995 15.915 13.8574 14.8642 13.0238 11.8428 12.2487 11.6388 11.2486 15.968 11.0964 10.9254 10.7553 14.9572 12.3449 11.5461 10.7497 11.6598 11.8246 10.9153 11.8597 10.4916 10.3453
threshold=1.905 4.2950000000000008 7.5050000000000008 23.650000000000002 25.450000000000003 5.7550000000000008 5.8000000000000016 2.5000000000000004 6.8000000000000016 3.5000000000000004 81.350000000000009 -0.5399999999999997 7.0950000000000006 4.9750000000000005 6.8950000000000005 39.500000000000007 82.700000000000003 6.535000000000001 2.4650000000000003 6.7950000000000008 5.0008333333333352 3.4150000000000014 6.6350000000000007 4.7691666666666679 4.9850000000000012 2.9950000000000006 15.500000000000002 15.300000000000002 6.8350000000000009 13.500000000000002
decision_type=10 10 8 2 2 8 2 2 2 2 2 10 8 10 8 2 2 10 10 10 2 8 8 2 10 10 2 2 10 2
left_child=-1 5 3 4 7 6 29 8 12 18 -11 14 -3 -14 28 16 -6 -8 -9 22 21 -21 -10 24 -19 -26 27 -25 -12 -2
right_child=1 2 -4 -5 15 -7 17 9 19 10 11 -13 13 -15 -16 -17 -18 23 -20 20 -22 -23 -24 26 25 -27 -28 -29 -30 -31
leaf_value=-0.028480294058397294 0.0079331673472626176 0.0032598818299861016 -0.046506504249321033 0.0054892135955108331 0.011058373609921337 -0.011636058522195833 -0.00014292545838723159 0.012678913981637951 -0.016433137588931071 -0.0034249602017268907 0.065346785480650926 0.0065551276003127726 0.0052424310517336101 0.095399727956019809 0.13104868554293991 0.0012653107243031669 -0.020206969597329941 0.089447191981820301 0.0031865536916287972 -0.001232823999161316 -0.0092694168939538111 0.044927114920293637 0.0016640407116599734 0.12315181123574104 -0.027366815788473747 0.090180704972642176 0.00050501780168492316 0.0091013220914556835 -0.018848612823377214 -0.0081948070010695578
leaf_weight=340.10532231628895 110.00349240005016 893.90434228628874 18.854731552302837 2269.7099800109863 810.68755007535219 634.62684953957796 759.59873459488153 351.40999680757523 95.755085468292236 1386.9155270010233 9.0129407942295092 231.73512347042561 7.963410481810568 7.1495606154203415 3.5700947642326346 812.85007282346487 43.004336655139923 9.956393815577032 2206.4078088030219 758.51458086073399 1199.4529025107622 14.766274049878119 1107.6736110374331 4.0710613727569562 6.3584778606891614 3.2243069112300873 53.900172896683216 5.179289273917675 6.2767719924449912 1034.6016604602337
leaf_count=4304 765 5052 174 11260 4154 4722 4791 1618 553 7724 50 1285 45 41 20 4214 234 57 11595 4021 7481 74 6371 28 36 21 371 35 36 7240
internal_value=-5.1606e-05 0.000599175 0.00183218 0.00190678 0.00108934 -0.00515569 -0.00308582 0.000206669 -0.00183161 0.00219143 -0.00140003 0.00980693 0.00400194 0.0478935 0.0497627 0.00547505 0.0094834 0.00175057 0.00449068 -0.00350117 -0.00577368 -0.000351372 0.000224074 0.0191444 0.0515544 0.0121842 0.00911659 0.0592947 0.0307827 -0.00664481
internal_weight=15197.2 14857.1 12235.6 12216.8 9947.05 2621.52 1986.89 8280.51 4085.18 4195.33 1637.51 250.595 909.017 15.113 18.8598 1666.54 853.692 842.288 2557.82 3176.16 1972.73 773.281 1203.43 82.6897 19.5392 9.58278 63.1505 9.25035 15.2897 1144.61
internal_count=88372 84068 66002 65828 54568 18066 13344 45966 23638 22328 9115 1391 5138 86 106 8602 4388 5339 13213 18500 11576 4095 6924 548 114 57 434 63 86 8005
is_linear=0
shrinkage=0.05


Tree=173
num_leaves=31
num_cat=0
split_feature=21 21 53 15 39 45 53 33 15 28 21 23 21 33 7 53 35 17 53 41 41 34 21 13 34 54 17 40 7 29
split_gain=205.497 58.7434 20.864 19.3531 17.724 18.4379 21.4565 19.1177 15.0246 14.1649 14.9521 14.4304 13.6646 13.6171 13.1318 12.1553 12.2262 11.4588 13.423 11.1652 11.0896 15.1831 11.1632 11.0666 10.9188 10.873 10.7878 11.5162 11.4815 15.6706
threshold=2.5550000000000002 4.745000000000001 4.515833333333334 6.9350000000000014 17.500000000000004 19.600000000000005 5.1273333333333353 29.700000000000003 7.6700000000000008 77.600000000000009 6.6850000000000014 13.500000000000002 1.5250000000000001 10.800000000000002 7.0050000000000008 5.3718333333333339 11.650000000000002 3.8050000000000002 4.9333333333333353 13.450000000000001 5.7500000000000009 26.000000000000004 4.4450000000000012 6.8450000000000006 45.850000000000009 1.8133333333333341 5.4350000000000014 19.000000000000004 6.9050000000000011 32.70000000000001
decision_type=10 10 2 8 2 2 2 2 8 2 10 2 10 2 10 2 2 10 2 2 2 2 10 10 2 10 8 2 8 2
left_child=12 2 -2 4 5 6 -3 26 9 10 14 -12 -1 15 -5 16 24 18 -13 -9 21 22 25 -23 -4 -18 28 -28 -8 -30
right_child=1 3 13 8 -6 -7 7 19 -10 -11 11 17 -14 -15 -16 -17 20 -19 -20 -21 -22 23 -24 -25 -26 -27 27 -29 29 -31
leaf_value=-0.033636831641391592 0.0028325815444678109 0.0064485251200129649 -0.00025894012931820424 -0.0054768548599271535 0.0086826906190436131 0.011580110073785253 0.00084403084943846158 0.026693708618365931 -0.048005406884622778 -0.015092201912736612 0.050488120886526516 0.0020701526979244249 -0.019783109543960967 0.0034281568223360455 0.0058438530080234695 -0.015550658060534395 -0.026412495484835742 0.0049991638828815509 0.099886853788679258 0.0049575058559436849 -0.010194086470751708 0.015394535161153348 0.027064949623636515 0.10302138287566619 0.070965516432511824 0.052352999724763039 -0.0017537756620687928 -0.012581861081239751 0.011335775834743912 0.07999048087625879
leaf_weight=332.02238872274756 720.19931478053331 1927.5532540231943 463.77356760203838 839.75655437260866 1763.938102170825 570.6739392504096 1197.7033244669437 96.252200894057751 17.313523478806019 164.72939435392618 21.263430267572403 6.940357491374014 383.67859185487032 283.52613517642021 368.60465959459543 448.37055771797895 35.92323924601078 237.53677321970463 7.090088739991188 152.97764821350574 1133.0584946498275 7.8870297372341138 22.460912883281708 6.6336581110954285 5.4440932720899573 4.9900546446442595 1896.1774953976274 282.08223534375429 150.85192143172026 8.7962513417005521
leaf_count=5181 4669 9884 3506 4864 9327 2923 6931 490 130 1005 109 31 4838 2087 2086 4001 293 1213 32 821 8870 59 155 52 39 38 12033 1799 854 52
internal_value=-0.000134617 0.00131854 -0.00463548 0.00323915 0.00425397 0.00301063 0.00215453 -3.23224e-05 -0.00167073 -0.00118333 0.000363529 0.0109358 -0.02621 -0.0068653 -0.00202353 -0.00823641 -0.00628453 0.00759264 0.0515004 0.013352 -0.00893952 0.00930935 -0.00125721 0.0554261 0.000567441 -0.0168057 -0.0009758 -0.003156 0.00252296 0.0151185
internal_weight=13558.2 12842.5 3132.27 9710.24 8047.01 6283.07 5712.39 3784.84 1663.23 1645.92 1481.19 272.831 715.701 2412.07 1208.36 2128.54 1680.17 251.567 14.0304 249.23 1210.95 77.8949 63.3742 14.5207 469.218 40.9133 3535.61 2178.26 1357.35 159.648
internal_count=88372 78353 23769 54584 45114 35787 32864 22980 9470 9340 8335 1385 10019 19100 6950 17013 13012 1276 63 1311 9467 597 486 111 3545 331 21669 13832 7837 906
is_linear=0
shrinkage=0.05


Tree=174
num_leaves=31
num_cat=0
split_feature=54 0 28 40 20 48 1 34 40 41 11 13 12 27 28 17 3 44 10 19 10 24 37 41 24 20 37 1 22 20
split_gain=51.5959 15.3018 14.8548 11.8245 11.1795 12.2097 17.3017 12.536 21.2061 10.6508 13.6617 10.2635 9.90465 16.34 9.69118 13.3724 15.9241 10.4861 9.6141 9.56203 14.9131 11.1932 14.6184 12.0443 16.1039 15.5224 9.21788 12.0699 9.07043 9.23749
threshold=0.50166666666666748 10.500000000000002 79.65000000000002 6.1500000000000012 6.3550000000000013 2.5000000000000004 6.5000000000000009 7.5500000000000016 14.100000000000003 51.45000000000001 6.8750000000000009 7.0250000000000012 1.2500000000000002 36.500000000000007 27.550000000000004 2.1950000000000007 13.950000000000001 41.050000000000004 1.2500000000000002 6.3350000000000009 -1.0000000180025095e-35 71.500000000000014 22.400000000000002 14.550000000000002 15.500000000000002 4.3150000000000004 30.600000000000005 3.5000000000000004 48.500000000000007 4.0750000000000011
decision_type=8 2 2 2 8 2 8 2 2 2 10 8 8 2 2 10 10 2 10 8 10 2 2 2 2 10 2 10 2 8
left_child=1 14 3 -2 9 6 7 8 -6 19 -11 -4 18 -14 17 16 -16 -1 -3 -5 -21 23 -23 24 25 -22 -7 -28 29 -13
right_child=2 12 11 4 5 26 -8 -9 -10 10 -12 28 13 -15 15 -17 -18 -19 -20 20 21 22 -24 -25 -26 -27 27 -29 -30 -31
leaf_value=0.007265971356630878 -0.0080645633155438812 -0.0063042679987566456 -0.018014798229427462 -0.0043516995859594265 0.029255242785918442 -0.010484720092444805 0.12808422790569013 0.013182416275609938 0.23080101288056937 0.13481189721478867 -0.044981069753968511 0.14220067432984881 0.13568861301785839 -0.011802387012118604 0.16127784436647946 0.0020815005420312216 0.01337105089389194 -0.036114500181539999 0.068501488076923397 -0.0063121301766976782 0.21775530550916897 0.0052885858914752592 0.19553076676002715 0.00037855901049615515 0.02568667224016782 0.04227003644395913 0.0091801916915565107 0.13694223333091404 -0.023484821317541343 0.026612985152710107
leaf_weight=1693.4066366553307 1082.2908554002643 539.7998422048986 279.98359920457006 1451.4578371047974 4.7068994902074328 68.945015747100115 3.7317285947501651 85.679120693355799 1.8058541268110273 3.0561262667179099 1.6148775964975355 2.1335273161530504 3.2910039499402037 4.3732076659798622 2.868152141571044 3183.882327709347 4.9785509184002876 14.045949310064314 4.3296049833297721 97.986367296427488 2.2620361745357505 1.9699568822979916 2.0717110335826874 47.957531332969666 39.815947044640779 2.8450633250176907 7.3584440462291223 2.4687986597418785 7.1484204642474642 9.1052183173596859
leaf_count=13704 13613 6095 4260 16082 57 813 38 911 19 37 20 26 31 44 22 29915 43 123 38 1082 20 22 22 541 421 31 89 29 103 121
internal_value=1.91859e-05 0.00297962 -0.00501365 -0.00392353 -0.00146874 0.0105595 0.022538 0.0182657 0.0851398 -0.00274144 0.0726532 -0.0156383 -0.00491401 0.0515301 0.00386868 0.00224217 0.0674344 0.00690911 -0.00570904 -0.00295535 0.0074431 0.0213493 0.102804 0.0178049 0.0364083 0.119996 -0.00402724 0.0412766 0.0205484 0.0485558
internal_weight=8657.37 5450.98 3206.39 2908.02 1825.73 174.696 95.9236 92.1919 6.51275 1651.04 4.671 298.371 551.794 7.66421 4899.18 3191.73 7.8467 1707.45 544.129 1646.37 194.909 96.9222 4.04167 92.8806 44.923 5.1071 78.7723 9.82724 18.3872 11.2387
internal_count=88372 50015 38357 33847 20234 1956 1025 987 76 18278 57 4510 6208 75 43807 29980 65 13827 6133 18221 2139 1057 44 1013 472 51 931 118 250 147
is_linear=0
shrinkage=0.05


Tree=175
num_leaves=31
num_cat=0
split_feature=7 41 35 3 1 49 27 41 52 39 20 24 21 25 18 3 22 18 16 28 21 19 13 52 22 0 34 52 18 40
split_gain=16.51 14.0541 8.46862 9.5944 12.0396 10.9692 10.8076 10.2527 10.2443 11.4705 11.1916 16.3412 9.85246 11.5422 9.44162 9.18388 11.5941 9.0595 10.7056 9.97577 10.0792 9.87102 11.3067 13.9546 10.5505 15.3992 9.70179 9.78382 20.1718 10.0543
threshold=6.455000000000001 14.550000000000002 17.500000000000004 22.850000000000005 3.5000000000000004 2.5000000000000004 70.500000000000014 25.700000000000006 -0.10499999999999994 6.4500000000000011 2.8050000000000002 23.500000000000004 4.5450000000000008 8.5000000000000018 6.1350000000000007 19.150000000000002 54.500000000000007 5.0550000000000006 7.1550000000000011 18.500000000000004 4.5050000000000008 6.245000000000001 6.9750000000000005 0.53499999999999981 55.500000000000007 6.5000000000000009 20.650000000000002 -0.93000000000000027 6.9350000000000014 9.6000000000000014
decision_type=10 2 2 10 10 2 2 2 10 2 10 2 8 2 10 8 2 8 10 2 10 10 10 10 2 2 2 10 10 2
left_child=-1 -2 -3 8 5 6 -5 12 -4 -10 11 -11 13 -6 -8 16 -13 18 19 -7 -21 22 -22 -24 -23 -26 27 28 -19 -30
right_child=1 2 3 4 7 17 14 -9 9 10 -12 15 -14 -15 -16 -17 -18 26 -20 20 21 24 23 -25 25 -27 -28 -29 29 -31
leaf_value=-0.045817980077513545 -0.0015697852620524923 -0.00080533083388201828 -0.0018934170637334589 0.0049117221069660856 0.070778532651952317 -0.0047581308018714253 -0.028663380456541966 0.0082449680547459145 0.0054593537604416056 -0.035663619452243674 -0.0046498276038477076 0.04583487255904771 -0.010500958243745976 0.0025425007866200135 0.019496605917200399 0.090775337684593171 -0.04223272700323645 0.017479678339611487 0.067049646663731866 0.035208908521449193 -0.0064114997397376125 0.01728608919629945 -0.013571325516571118 0.11561054070747268 0.0060844106297716985 0.12152105035589122 -0.0037141038897047828 0.0086773385742838841 0.056066952849624499 0.16217842955230941
leaf_weight=19.573886945843697 6896.751204714179 2891.9160825833678 1733.6504627242684 788.8069134503603 6.5053829103708258 43.495878256857395 44.15489786863327 210.67650034278631 1584.4459944069386 8.8290820419788343 534.20482794195414 16.218206658959396 287.86938010901213 130.85888223350048 13.224965021014212 7.2519288808107367 4.8561996668577185 42.687128782272339 11.169262379407881 82.126796543598175 64.393713027238846 42.382593527436256 3.922847628593443 4.4755910634994507 5.1481805592775327 6.583513006567955 135.87991350889206 332.97824414074421 5.5410419404506666 3.7385883778333664
leaf_count=216 39935 15600 9483 4093 34 233 229 1026 8219 45 2887 82 1607 691 69 35 25 231 55 413 339 222 21 24 27 33 724 1725 29 20
internal_value=7.41414e-05 0.000130479 0.00142649 0.00247492 0.00506065 0.00733625 0.00338768 -0.000774847 0.000968067 0.00326921 -0.00280431 0.0237297 -0.0052436 0.00577407 -0.0175634 0.0422421 0.0255414 0.0115952 0.0191463 0.0170275 0.0215607 0.0127284 0.000705117 0.0552707 0.0289016 0.0708644 0.00777197 0.0118264 0.032004 0.0988173
internal_weight=15964.3 15944.7 9047.99 6156.08 2266.62 1630.71 846.187 635.91 3889.46 2155.81 571.36 37.1554 425.234 137.364 57.3799 28.3263 21.0744 784.523 263.698 252.529 209.033 126.906 72.7922 8.39844 54.1143 11.7317 520.825 384.945 51.9668 9.27963
internal_count=88372 88156 48221 32621 11845 8487 4391 3358 20776 11293 3074 187 2332 725 298 142 107 4096 1367 1312 1079 666 384 45 282 60 2729 2005 280 49
is_linear=0
shrinkage=0.05


Tree=176
num_leaves=31
num_cat=0
split_feature=9 48 28 17 18 49 50 18 42 20 21 22 13 52 36 38 19 41 5 34 5 43 36 52 50 13 39 1 27 21
split_gain=16.912 16.6502 14.1721 11.1949 11.7345 14.9687 12.2555 10.7828 10.6108 12.1537 10.9389 10.8797 10.6814 9.65296 9.5267 11.5024 9.153 12.1709 9.38414 10.5351 11.7544 8.74071 8.65189 9.98715 12.9153 8.92033 8.6759 10.0124 8.90979 10.4192
threshold=7.4850000000000012 1.5000000000000002 56.100000000000009 4.5850000000000009 4.9350000000000014 3.5000000000000004 3.5000000000000004 6.3350000000000009 22.400000000000002 4.1350000000000007 7.4450000000000012 13.500000000000002 6.7950000000000008 -2.9549999999999992 15.500000000000002 5.1500000000000012 3.9150000000000005 11.450000000000001 6.8850000000000007 31.900000000000002 7.0150000000000006 11.650000000000002 19.700000000000003 -1.4300000000000002 2.5000000000000004 6.7950000000000008 19.500000000000004 5.5000000000000009 70.500000000000014 4.4250000000000007
decision_type=8 2 2 10 10 2 2 8 2 8 10 2 10 10 2 2 8 2 8 2 10 2 2 10 2 10 2 8 2 8
left_child=1 22 3 7 5 6 16 -3 10 11 13 -10 -13 -4 15 21 18 -18 -5 20 -20 -14 -1 24 -24 -25 27 28 29 -27
right_child=-2 2 8 4 -6 -7 -8 -9 9 -11 -12 12 14 -15 -16 -17 17 -19 19 -21 -22 -23 23 25 -26 26 -28 -29 -30 -31
leaf_value=-0.012556738115360797 -0.044332785571741085 -0.0022979422611618368 0.061845646872238702 0.0035200548555386008 0.0018700842877883964 -0.011411445553514213 -0.0096039560347571506 -0.011093106105527432 0.041564713288006178 0.0034178994477595697 -0.013625282213659055 -0.0014181895542482079 0.072158665258339583 0.0011218032791971355 0.010332049338704699 -0.0024893342940777788 -0.0080378396825267363 0.0023498992265599534 0.040707126887540586 -0.021744064031925969 -0.0091130281922636568 0.02757003654848075 0.077735586872212936 -0.02164026347594572 -0.017119193174900023 0.02084252829088842 0.063566667819347542 0.071094927480343434 0.060098732274221946 -0.028899080714067001
leaf_weight=379.88992265611887 21.428164422512054 2221.3498594686389 6.5530227422714225 238.73884223401546 3950.6452541947365 399.06443931907415 328.65317699313164 413.32822032272816 32.209163978695869 1718.0893171280622 127.5444001853466 109.18645657598972 19.976969718933105 5080.7992353141308 121.44861970841885 15.42609593272209 408.59095875918865 909.99309302121401 56.170099020004272 11.309711441397665 15.001409754157065 24.43454547226429 9.2576318532228452 38.178918853402138 5.8602515608072272 16.523457229137421 6.5373837500810614 4.8734096288681021 4.9013820588588706 29.013035595417023
leaf_count=2304 194 12157 34 1247 20442 2302 1902 2271 151 8405 703 513 91 26566 567 73 2248 5030 289 58 78 116 50 207 33 90 37 26 26 162
internal_value=5.84152e-05 0.000115362 0.000391244 -0.000939745 0.000201995 -0.00258152 -0.000791431 -0.00367773 0.00203356 0.00509011 0.000837429 0.0139937 0.0109364 0.00120002 0.0183775 0.0347068 0.000974795 -0.00086896 0.00854327 0.0230828 0.0302061 0.0476267 -0.00891757 0.00308883 0.0409664 -0.00263587 0.00909546 0.00265736 -0.00395521 -0.0108497
internal_weight=16725 16703.5 16208.5 8952.85 6318.17 2367.52 1968.46 2634.68 7255.67 2040.77 5214.9 322.682 290.473 5087.35 181.286 59.8376 1639.8 1318.58 321.22 82.4812 71.1715 44.4115 495.035 115.145 15.1179 100.028 61.8487 55.3113 50.4379 45.5365
internal_count=88372 88178 85243 48024 33596 13154 10852 14428 37219 9916 27303 1511 1360 26600 847 280 8950 7278 1672 425 367 207 2935 631 83 548 341 304 278 252
is_linear=0
shrinkage=0.05


Tree=177
num_leaves=31
num_cat=0
split_feature=19 11 43 19 53 21 3 3 20 32 9 19 19 19 53 2 16 37 52 27 52 26 53 28 20 34 9 27 30 31
split_gain=49.405 22.4044 20.6445 19.3175 13.4442 12.0089 9.91828 9.51431 9.35312 11.755 10.4266 10.0701 8.74865 8.72544 9.31375 8.2184 10.2067 8.21355 9.05379 8.82104 10.0603 9.57363 8.12043 10.3073 8.01655 9.35817 9.72355 11.0525 8.61031 9.71502
threshold=2.5450000000000004 6.4450000000000012 27.100000000000005 4.205000000000001 5.1941666666666686 1.5850000000000002 19.150000000000002 19.950000000000003 6.1850000000000014 37.150000000000006 6.4850000000000012 5.2750000000000012 6.7250000000000005 1.4750000000000003 4.8036666666666674 9.5000000000000018 4.7650000000000006 17.300000000000001 1.3100000000000001 55.500000000000007 1.9300000000000006 37.500000000000007 4.4491666666666676 19.400000000000002 5.5950000000000006 20.950000000000006 6.8250000000000011 33.500000000000007 11.650000000000002 16.050000000000004
decision_type=10 10 2 10 2 10 8 10 10 2 10 10 10 8 2 10 10 2 10 2 8 2 2 2 10 2 10 2 2 2
left_child=13 -2 3 4 -3 12 -7 -8 9 -5 -10 22 24 -1 15 -15 -17 -6 -19 20 21 -20 23 -12 25 -4 -27 -28 -26 -30
right_child=1 2 5 8 17 6 7 -9 10 -11 11 -13 -14 14 -16 16 -18 18 19 -21 -22 -23 -24 -25 28 26 27 -29 29 -31
leaf_value=-0.035896522232535838 -0.047205588754681213 -0.0026765087695369691 0.04193518811989632 0.0015370392369848625 -0.015981696246198426 0.00062689484309972536 0.070260153303765033 0.0067276106585198135 0.054218131525945339 -0.014284518256121545 0.096959382582288395 -0.0003854597401420143 -0.017193619218107546 -0.012034512175946394 -0.031788708970497209 -0.012988950153206842 0.099881518448614981 -0.0076562910371373166 0.03653431005741415 -0.036257013359442737 0.0028864872547372938 0.14277190028705128 -0.0082437966975473457 0.0042129012576646438 -0.025781810794406581 -0.020280368696392548 0.084412730619358334 0.0005090879358750287 0.046498540413846767 -0.035393718005427309
leaf_weight=59.614273734390736 24.656015641987324 1770.7660435438156 61.635234445333481 8685.9448450803757 341.13152138888836 1222.1723538637161 5.9224080592393866 1180.4205296039581 8.1962196379899961 119.00779923796654 4.0425502359867087 1903.3030035495758 15.12406951189041 222.70739021897316 64.067124530673027 4.3168716356158239 3.7366014942526817 58.996047735214233 4.6557695791125298 3.7836914733052245 6.6386443972587594 3.8944467008113861 677.96606973558664 11.567252919077871 15.169412329792975 15.223707094788553 6.7204249501228359 9.4360334277152997 13.752822130918505 4.9161739051342002
leaf_count=707 205 10581 261 44643 2303 5995 26 5459 37 644 22 9935 65 1866 655 34 31 384 30 24 41 24 4049 61 69 67 29 40 63 22
internal_value=1.57747e-05 0.000420421 0.00049313 -0.00028102 -0.00458244 0.0046211 0.0037881 0.00704477 0.000544529 0.00132319 -0.0020873 -0.00226501 0.0187521 -0.0184504 -0.0149227 -0.0102402 0.03938 -0.0126353 0.00200592 0.032051 0.0490672 0.0849233 -0.00742286 0.0282319 0.0230377 0.030619 0.00839227 0.0354096 0.00219838 0.0249336
internal_weight=16529.5 16175 16150.4 13599.9 2189.87 2550.49 2408.52 1186.34 11410 8804.95 2605.08 2596.88 141.978 354.442 294.828 230.761 8.05347 419.1 77.9686 18.9726 15.1889 8.55022 693.576 15.6098 126.854 93.0154 31.3802 16.1565 33.8384 18.669
internal_count=88372 85079 84874 72778 13387 12096 11480 5485 59391 45287 14104 14067 616 3293 2586 1931 65 2806 503 119 95 54 4132 83 551 397 136 69 154 85
is_linear=0
shrinkage=0.05


Tree=178
num_leaves=31
num_cat=0
split_feature=20 20 13 44 53 33 17 32 50 16 13 38 23 32 53 38 42 7 33 40 18 27 15 21 47 29 20 21 16 36
split_gain=105.597 38.501 17.3778 13.8793 13.915 12.8692 13.7283 11.5186 11.4049 12.8572 12.8144 15.6859 11.6382 11.0615 10.9184 15.4673 10.8321 11.7246 10.1632 13.4384 9.50431 9.42848 9.14744 9.01556 10.5182 14.211 10.8126 10.1633 12.1143 10.1118
threshold=1.905 4.2350000000000012 7.5050000000000008 17.500000000000004 4.7936666666666676 9.7500000000000018 5.4850000000000012 26.200000000000006 2.5000000000000004 2.8150000000000004 6.7950000000000008 27.900000000000002 77.500000000000014 7.2500000000000009 3.7773333333333343 15.600000000000003 4.6500000000000012 6.6250000000000009 8.9000000000000004 7.2500000000000009 6.4250000000000007 75.500000000000014 6.5750000000000011 2.8850000000000002 1.5000000000000002 19.600000000000005 4.5150000000000006 4.1150000000000011 4.9250000000000007 11.650000000000002
decision_type=10 10 8 2 2 2 8 2 2 10 10 2 2 2 2 2 2 8 2 2 10 2 8 10 2 2 10 10 8 2
left_child=-1 5 3 4 16 6 13 8 10 -10 12 -12 22 14 15 -2 17 -3 -15 -20 21 -19 -6 -18 25 26 29 28 -28 -25
right_child=1 2 -4 -5 7 -7 -8 -9 9 -11 11 -13 -14 18 -16 -17 23 20 19 -21 -22 -23 -24 24 -26 -27 27 -29 -30 -31
leaf_value=-0.02796092765773403 0.0082901228705775272 0.079146346915563853 -0.046378615677808328 0.0041961035198496213 -0.039330998678238048 -0.012028909962099484 -0.0096626571487185824 0.0060281074791792288 0.066203375165617001 0.00076110360429685275 -0.0073819923289704277 0.010701643832544685 0.063016489105092485 0.0050323869634222107 -0.005410434826973942 0.094232017061451845 0.0065277164524821787 0.0083295334204427432 0.13451749767555821 0.0011482900241182382 0.058468837160710975 0.064615503720786213 0.001049007165284056 -0.013759603684180707 -0.0031190607755699042 0.082164039482165593 0.097598604424663338 -0.021281231791425378 -0.014489053110378656 0.084367013440154362
leaf_weight=331.55445621162653 61.081516683101654 6.3827422261238089 18.776716582477093 3975.4446842372417 14.220426894724367 539.52782638370991 577.06692392379045 622.88792456686497 7.5228743553161612 3216.5984045118093 1629.4503085538745 129.44267235696316 7.4971110299229613 433.56056617200375 774.82162364572287 5.7261145412921897 703.67949494719505 360.33667020499706 3.5420633032917967 4.04651989787817 10.179493889212607 7.5970052182674399 1021.2333446517587 3.9830225408077222 673.33940607309341 7.8064879179000846 4.6105195432901356 25.318817377090454 5.0520162433385858 7.7023350596427917
leaf_count=4304 370 31 178 20166 89 4014 4228 3391 37 17398 10152 722 45 2676 5320 29 3361 1773 24 29 48 37 6146 22 3526 41 22 128 24 41
internal_value=-5.31102e-05 0.000569631 0.00168656 0.00175911 0.000614592 -0.00523017 -0.00325791 -0.000444871 -0.00111397 0.000913801 -0.00344734 -0.00605116 0.000943879 -0.000376686 -0.00373818 0.0156562 0.00449359 0.0119447 0.00603642 0.0634 0.0108103 0.00949171 0.000494447 0.00249225 -0.00140942 0.0197234 0.00927822 -0.00463202 0.038994 0.05092
internal_weight=15190 14858.4 12459.1 12440.3 8464.84 2399.37 1859.85 6648.85 6025.97 3224.12 2801.84 1758.89 1042.95 1282.78 841.629 66.8076 1815.99 384.496 441.149 7.58858 378.113 367.934 1035.45 1431.49 727.813 54.4732 46.6667 34.9814 9.66254 11.6854
internal_count=88372 84068 67378 67200 47034 16690 12676 37980 34589 17435 17154 10874 6280 8448 5719 399 9054 1889 2729 53 1858 1810 6235 7165 3804 278 237 174 46 63
is_linear=0
shrinkage=0.05


Tree=179
num_leaves=31
num_cat=0
split_feature=21 21 15 53 33 39 45 53 15 28 21 21 17 23 7 21 39 20 53 15 7 30 27 17 7 29 24 40 43 43
split_gain=192.817 54.125 18.9976 17.9715 16.3771 16.8864 19.0977 23.3235 14.4343 13.596 14.0424 13.5171 12.9843 12.7524 12.6619 11.741 15.0881 12.5148 11.603 11.7329 12.5082 13.2605 11.4609 10.8778 13.5188 15.4818 11.4408 11.2361 10.6321 12.4146
threshold=2.5550000000000002 4.705000000000001 6.9350000000000014 4.515833333333334 30.400000000000002 17.500000000000004 19.600000000000005 5.1273333333333353 7.6700000000000008 77.600000000000009 6.6850000000000014 1.5250000000000001 7.4450000000000012 13.500000000000002 7.0050000000000008 4.1650000000000009 16.250000000000004 8.2300000000000022 5.2455000000000016 6.6750000000000007 6.7750000000000012 27.900000000000002 46.500000000000007 5.3950000000000005 6.9050000000000011 32.70000000000001 50.500000000000007 19.600000000000005 26.200000000000006 32.20000000000001
decision_type=10 10 8 2 2 2 2 2 8 2 10 10 10 2 8 10 2 8 2 8 8 2 2 8 8 2 2 2 2 2
left_child=11 3 4 -2 5 6 7 12 9 10 14 -1 -3 -12 -4 -5 17 18 -17 20 21 -20 -23 24 28 -26 -27 -25 -9 -30
right_child=1 2 8 15 -6 -7 -8 23 -10 -11 13 -13 -14 -15 -16 16 -18 -19 19 -21 -22 22 -24 27 25 26 -28 -29 29 -31
leaf_value=-0.033226091002478225 0.0023700731967943021 0.0056822855854558275 -0.0055162682607165338 -0.010868765449276502 0.014426344030603725 0.0078878001576564317 0.010982597115916017 -0.0014218598101437743 -0.047703819390527702 -0.014955008936525611 0.047018227906521576 -0.019277997170632378 0.09034122393646371 0.0072248591941180655 0.0054736394734949843 -0.0014215720330253876 0.022463171720561666 0.081754455469773002 -0.0092089324427219784 -0.013573825828905817 0.12385315770047906 0.16033507856157425 0.0096276857418942097 -0.0017397096501089824 0.012521346023412787 0.026179934596044663 0.14116532104422766 -0.012321195248303029 0.021724553940359031 -0.0032094584482676709
leaf_weight=322.04968173056841 701.88058959692717 1894.1271670013666 846.68616162985563 992.43206013739109 362.96878926455975 1750.1983474642038 574.8649573251605 975.58754919469357 16.945488311350346 164.80849649012089 21.876323983073235 377.07341954484582 4.5399574488401404 252.65147887170315 379.59253811091185 794.04578948765993 53.077143594622612 4.1663538888096801 19.896923713386066 419.09294896572828 2.6277999356389037 2.4105033054947844 2.6465554013848305 1959.4261332303286 151.01587970554829 4.5183238685131055 4.150353416800499 287.71544327586889 117.41223756968975 86.847959108650684
leaf_count=5181 4558 9786 4943 8579 1811 9230 2926 5624 132 1019 109 4838 23 1276 2147 5531 356 27 169 3581 21 20 22 12485 853 26 23 1858 694 524
internal_value=-0.000131444 0.00126002 0.00304815 -0.00462972 0.00404414 0.00356165 0.00231225 0.0014036 -0.00179008 -0.00132297 0.000174014 -0.0257032 0.00588472 0.0103959 -0.00211436 -0.00677477 -0.00364447 -0.0047576 -0.00504811 -0.0114949 0.020093 0.00916643 0.081464 -0.000968554 0.00259788 0.0162514 0.0812322 -0.00309452 0.000749965 0.011123
internal_weight=13547.3 12848.2 9855.93 2992.28 8173.37 7810.4 6060.21 5485.34 1682.56 1665.61 1500.81 699.123 1898.67 274.528 1226.28 2290.4 1297.96 1244.89 1240.72 446.675 27.5818 24.954 5.05706 3586.67 1339.53 159.685 8.66868 2247.14 1179.85 204.26
internal_count=88372 78353 55489 22864 45863 44052 34822 31896 9626 9494 8475 10019 9809 1385 7090 18306 9727 9371 9344 3813 232 211 42 22087 7744 902 49 14343 6842 1218
is_linear=0
shrinkage=0.05


Tree=180
num_leaves=31
num_cat=0
split_feature=54 16 28 20 40 41 17 22 8 18 27 22 12 21 51 26 54 36 49 19 42 28 37 14 41 7 26 22 21 4
split_gain=47.5416 14.3158 14.0179 13.298 11.0591 10.1771 13.9688 10.7672 10.751 12.8252 13.5372 13.3554 11.1526 10.1656 9.8163 13.7118 10.5304 9.55552 9.30809 8.91234 8.78686 9.44978 9.33283 11.8673 10.2362 9.32387 9.39903 9.14599 8.73962 15.2882
threshold=0.50166666666666748 6.8650000000000011 65.65000000000002 6.6550000000000011 20.950000000000006 18.050000000000001 2.1950000000000007 88.500000000000014 1.0000000180025095e-35 5.995000000000001 46.500000000000007 50.500000000000007 1.7500000000000002 3.1950000000000007 1.5000000000000002 40.500000000000007 0.25833333333333314 32.850000000000001 3.5000000000000004 6.5250000000000012 7.4000000000000012 6.4500000000000011 31.700000000000006 -1.0000000180025095e-35 14.050000000000002 6.6150000000000011 57.500000000000007 29.500000000000004 2.0150000000000001 -1.0000000180025095e-35
decision_type=8 8 2 10 2 2 8 2 10 10 2 2 10 10 2 2 10 2 2 8 2 2 2 10 2 10 2 2 8 10
left_child=2 3 4 5 -1 7 -7 8 12 17 -11 -12 18 14 16 -16 -4 19 -2 -10 22 -22 27 24 -24 26 -23 -6 29 -29
right_child=1 -3 13 -5 20 6 -8 -9 9 10 11 -13 -14 -15 15 -17 -18 -19 -20 -21 21 25 23 -25 -26 -27 -28 28 -30 -31
leaf_value=0.0027686624001665447 -0.0045138946471456219 -0.012145132599163756 -0.020580068940317879 0.012937600143757839 0.00030824087687553501 0.098198166426428007 -0.0083275890399217654 0.10749590381853498 -0.0048503376199192649 0.018593126601337683 0.19749477927635611 0.037161356493941415 0.055068731989460967 -0.0048643056565812054 0.14352862014666035 -0.0072350249157762921 0.054024624088338614 0.066255863387825228 0.0070751790396050189 0.091414168739771429 0.076353598657670219 0.069518144197618273 0.15251344455514804 0.011038018421224554 0.036606811915913993 0.0043570272642068876 -0.011564346046287659 0.12202349934707364 0.01886283444403139 0.0083021068496148334
leaf_weight=3981.2817970439792 1242.9934276863933 552.81873260065913 11.651446066796785 120.3915012255311 67.608783230185509 3.0869911834597579 994.31290178373456 2.2624451890587798 46.134083546698093 6.9690462052822095 2.870516300201416 2.3721420988440514 8.3455355539917928 684.19715899974108 3.6791372001171103 2.5558029413223267 7.9621972963213912 6.1617407277226439 201.3248622789979 2.5365554988384238 4.7421030253171912 10.869824126362802 4.168457917869091 7.4749278351664525 3.5077939257025719 542.72446426004171 5.3250539302825919 5.7956595048308372 113.27871615439653 6.0305279493331891
leaf_count=36046 14213 7836 109 1327 482 25 11926 20 479 72 28 22 78 8240 32 24 73 56 2250 25 29 72 25 51 24 3900 36 35 799 38
internal_value=1.8583e-05 -0.00482873 0.00285143 -0.00329653 0.0038304 -0.0040723 -0.00799789 -0.00149973 -0.001662 0.0179136 0.0642531 0.124949 -0.00256546 -0.00370146 0.0270784 0.0817282 0.00970585 0.00759337 -0.00289848 0.000166656 0.00930927 0.00606891 0.0180961 0.055881 0.0995479 0.00547259 0.0428573 0.0151254 0.0231328 0.0640335
internal_weight=8655.43 3192.58 5462.85 2639.76 4752.81 2519.37 997.4 1521.97 1519.71 67.0441 12.2117 5.24266 1452.66 710.046 25.8486 6.23494 19.6136 54.8324 1444.32 48.6706 771.526 563.661 207.865 15.1512 7.67625 558.919 16.1949 192.714 125.105 11.8262
internal_count=88372 38357 50015 30521 41537 29194 11951 17243 17223 682 122 50 16541 8478 238 56 182 560 16463 504 5491 4037 1454 100 49 4008 108 1354 872 73
is_linear=0
shrinkage=0.05


Tree=181
num_leaves=31
num_cat=0
split_feature=7 17 41 24 31 22 28 35 44 25 20 21 32 52 47 34 28 42 20 11 9 30 41 46 52 13 38 37 38 16
split_gain=15.8861 13.3741 11.3748 9.28216 12.6482 9.0336 10.6606 9.79743 11.2285 11.3863 15.7579 9.86966 9.06842 8.99438 8.98829 9.71843 9.50883 13.1286 10.582 10.9417 9.39462 10.1657 9.29103 9.13946 9.69279 8.96058 9.43368 9.26295 12.8158 8.95163
threshold=7.3250000000000011 3.4450000000000007 17.700000000000006 3.5000000000000004 31.000000000000004 71.500000000000014 89.600000000000009 4.6500000000000012 26.500000000000004 69.500000000000014 5.7150000000000007 4.3850000000000007 24.500000000000004 -2.3149999999999991 2.5000000000000004 4.6500000000000012 65.100000000000009 20.950000000000006 6.5950000000000006 6.8250000000000011 6.7950000000000008 32.800000000000004 6.0500000000000016 1.5000000000000002 -0.17500000000000021 7.2650000000000006 8.9000000000000004 18.350000000000005 8.1500000000000021 6.0450000000000008
decision_type=8 10 2 2 2 2 2 2 2 2 8 8 2 10 2 2 2 2 8 10 8 2 2 2 10 8 2 2 2 10
left_child=1 -1 3 4 -3 7 -7 8 -5 -10 -11 14 -13 -4 15 16 18 -18 20 -20 21 -9 -17 -16 -25 26 27 -24 -29 -26
right_child=-2 2 13 5 -6 6 -8 11 9 10 -12 12 -14 -15 23 22 17 -19 19 -21 -22 -23 25 24 29 -27 -28 28 -30 -31
leaf_value=-0.0078333159024135818 -0.037467189929474287 0.0088498361583309818 -0.0070199347818015378 0.0004621141699560197 0.078475637102353071 0.0053092502619769945 0.088692614875548123 0.015135813485245848 0.010699502617923906 0.14545017268896662 0.015643161561158369 -0.0031122104212568131 -0.011787170280513633 0.0022105283373845472 0.034463133390388354 -0.0088319128398409233 0.017256220674995226 0.091463157243267035 0.0015815095483484619 0.11715660468915341 -0.0042843901412435905 0.090185429503224779 0.01336065944092092 -0.010437329593501273 0.020597882141352348 0.071084640817571168 -0.00278250626936914 -0.0048897322874608493 0.067954419237934646 -0.0033259564405610578
leaf_weight=509.00709442794323 28.129330106079578 116.3892796933651 274.39330514520407 1678.6613507419825 6.9099833518266669 415.0901929885149 3.8689534068107596 53.975572928786278 162.60106307268143 3.824066057801244 6.016293317079545 3771.0448183789849 327.41250015795231 6911.1484341770411 14.643484979867933 187.25858597457409 18.772916182875637 8.7329654246568662 3.7869915962219221 4.4591891169548035 89.840452700853348 4.9237223267555228 286.70741622149944 356.46867580711842 54.729603707790375 4.8780161291360846 368.8102253973484 146.3894470334053 6.2977884262800208 136.91909223794937
leaf_count=3301 289 662 1530 9298 37 2294 19 293 927 22 34 22224 1960 36195 83 1034 99 47 21 25 487 26 1527 2003 296 26 2065 788 35 725
internal_value=7.46829e-05 0.000140958 0.000404101 -0.000863876 0.0127518 -0.00107072 0.00607927 -0.0014599 0.00171023 0.0138602 0.0660875 -0.0024637 -0.00380522 0.00185805 0.000682455 0.00315373 0.0136982 0.0408165 0.00894675 0.0640797 0.00589016 0.0214096 0.00120903 -0.00452056 -0.00556205 0.00352153 0.00311374 0.00806281 -0.00188518 0.00350603
internal_weight=15962.1 15934 15425 8239.41 123.299 8116.11 418.959 7697.15 1851.1 172.441 9.84036 5846.05 4098.46 7185.54 1747.59 1184.83 184.492 27.5059 156.986 8.24618 148.74 58.8993 1000.34 562.761 548.117 813.083 808.205 439.395 152.687 191.649
internal_count=88372 88083 84782 47057 699 46358 2313 44045 10281 983 56 33764 24184 37725 9580 6473 998 146 852 46 806 319 5475 3107 3024 4441 4415 2350 823 1021
is_linear=0
shrinkage=0.05


Tree=182
num_leaves=31
num_cat=0
split_feature=9 18 47 54 18 19 42 48 28 5 26 18 18 28 30 18 21 32 29 19 20 9 30 35 29 30 27 37 43 22
split_gain=16.126 15.4182 11.5042 11.9519 11.6628 11.897 12.2779 10.8857 10.9531 12.5178 14.7246 10.579 10.3378 14.1623 9.6156 9.46696 14.8266 11.7293 9.3429 9.28251 9.41485 11.544 11.2258 12.3859 11.0722 9.56124 9.82638 12.5275 10.7735 10.6295
threshold=7.6150000000000011 4.0750000000000011 3.5000000000000004 0.9533333333333337 6.9750000000000005 5.4450000000000012 26.800000000000001 3.5000000000000004 70.15000000000002 6.6250000000000009 14.500000000000002 6.7750000000000012 6.245000000000001 78.350000000000009 36.050000000000004 6.3850000000000007 5.1850000000000014 9.3000000000000025 29.100000000000005 6.2250000000000005 5.6350000000000007 6.6150000000000011 14.050000000000002 25.450000000000003 15.700000000000001 27.100000000000005 33.500000000000007 23.300000000000004 19.700000000000003 56.500000000000007
decision_type=8 10 2 10 10 10 2 2 2 8 2 10 10 2 2 10 10 2 2 8 10 10 2 2 2 2 2 2 2 2
left_child=1 19 4 -4 5 6 12 -7 -9 -10 -11 18 -3 -14 -5 16 -15 -18 -12 20 22 24 -1 -24 -22 26 -25 28 29 -28
right_child=-2 2 3 14 -6 7 -8 8 9 10 11 -13 13 15 -16 -17 17 -19 -20 -21 21 -23 23 25 -26 -27 27 -29 -30 -31
leaf_value=-0.0035979261272030064 -0.04634525002819042 0.0015234202292926267 0.0020103426180624398 0.0088796920823454931 -0.0076558026452588487 -0.0031360222592181105 0.0063802110603035714 0.00025582570269861799 0.0873974223185007 0.056382504228544364 0.0067208891586311827 0.037321944544235479 -0.0062995280477569863 -0.0017262144024909815 0.040019584869169254 0.0074212242227629363 0.036072897463068347 0.1554212069012019 -0.032799490817024261 -0.012136307290311819 0.11531882558546379 -0.010139562843426424 0.00052489891172090547 0.0070503008671436345 -0.0036733452432434082 -0.011788582259124658 0.055522735482463947 0.089773894932315426 -0.016973820186180818 -0.00040462678283908744
leaf_weight=857.47575201094151 18.702097021043301 4385.7051921188831 3372.8673512414098 419.77386377751827 495.48595090955496 3333.7075737863779 1091.2379936277866 590.97642011940479 5.7091691046953192 16.863921985030174 107.52241180837154 24.23514661192894 783.25370462983847 6.7011914551258078 26.346235483884811 43.641172885894775 3.9424906075000745 4.3082835376262665 17.370781257748604 300.19065750390291 3.6154438853263846 417.77714736014605 265.64254711568356 42.110310181975365 4.2566095143556595 20.292379356920719 30.271852418780327 9.9402568191289884 10.41412992030382 11.810401171445845
leaf_count=4930 178 22860 17324 1963 2650 17933 5299 3133 29 83 544 119 4116 32 122 215 20 21 87 1881 21 2598 1491 237 25 114 164 56 61 66
internal_value=5.77275e-05 0.000109683 0.000665766 0.00302762 -0.000160939 0.000195617 0.00155625 -0.00190319 0.00348559 0.0146021 0.0120983 0.00709051 0.000549256 -0.00452578 0.0107187 0.0191852 0.0535213 0.0983927 0.00122419 -0.00404014 -0.00258795 -0.00900926 -0.000397787 0.00662953 0.0509769 0.0196194 0.0257157 0.0383045 0.0285587 0.0398267
internal_weight=16722.1 16703.4 14729.6 3818.99 10910.7 10415.2 6318.79 4096.39 762.678 171.701 165.992 149.128 5227.55 841.847 446.12 58.5931 14.952 8.25077 124.893 1973.8 1673.61 425.649 1247.96 390.482 7.87205 124.839 104.547 62.4366 52.4964 42.0823
internal_count=88372 88194 76550 19409 57141 54491 32563 21928 3995 862 833 750 27264 4404 2085 288 73 41 631 11644 9763 2644 7119 2189 46 698 584 347 291 230
is_linear=0
shrinkage=0.05


Tree=183
num_leaves=31
num_cat=0
split_feature=19 11 19 43 37 39 19 39 3 24 21 5 31 3 20 32 52 40 9 52 20 52 25 50 20 26 20 16 24 42
split_gain=45.9918 20.2026 16.2099 16.0091 13.3941 12.2014 11.7466 11.3945 12.0783 15.1232 16.9646 11.8713 15.3778 10.6812 10.2359 10.2377 11.7082 10.2319 10.3693 10.1734 10.4604 13.1617 10.0779 11.857 20.3352 9.92847 9.54073 9.36718 10.6408 9.35693
threshold=3.4350000000000005 6.4450000000000012 1.7850000000000004 27.100000000000005 20.300000000000004 8.1500000000000021 6.8550000000000013 6.4500000000000011 30.950000000000003 59.500000000000007 5.7950000000000008 6.705000000000001 10.9 17.650000000000002 6.035000000000001 20.400000000000002 0.7100000000000003 6.1500000000000012 6.9750000000000005 1.325 7.0250000000000012 1.2100000000000004 65.500000000000014 3.5000000000000004 6.6450000000000005 84.500000000000014 4.7950000000000008 2.8150000000000004 35.500000000000007 17.300000000000001
decision_type=10 10 8 2 2 2 10 2 10 2 10 10 2 8 8 2 10 2 10 8 8 10 2 2 8 2 8 8 2 2
left_child=2 -2 -1 4 5 7 25 14 9 -9 11 -11 -13 -5 -3 16 -16 22 19 20 -19 -22 -18 -24 -25 -7 27 28 -4 -10
right_child=1 3 26 13 -6 6 -8 8 29 10 -12 12 -14 -15 15 -17 17 18 -20 -21 21 -23 23 24 -26 -27 -28 -29 -30 -31
leaf_value=-0.028165134346814075 -0.046899831046475389 0.00051917530179785242 0.099790374166066217 0.00067318449603533722 0.002175767318543445 -0.0063051600221258278 0.008083539764157736 0.0014175805780739352 0.11271116947526039 -0.011353818897483076 -0.0024823574261343758 0.12869781502159378 0.029705540462510616 0.0072073834669601411 -0.0056522595103070394 -0.012460183756260748 -0.010074698343959462 0.013037308309098217 0.043795288668760479 -0.0023218000516548216 0.086365915802353949 -0.023786430731109039 -0.02678168498313438 0.14013996381062604 0.0055346318030444069 0.058426129697751794 -0.014481177524216344 -0.0041363458152492739 -0.011938974447869302 0.011128515578196456
leaf_weight=123.17983414232731 22.329407103359699 5128.8424181342125 4.6610877811908704 1117.8858887702227 4571.2529538571835 1646.8961692079902 160.80549664795399 126.70430684089661 5.1804491579532606 3.750271305441859 14.399529129266737 9.4045233428478259 6.7309252023696891 1419.7045350819826 765.09709814935923 300.39069525897503 129.44837436079979 85.419416397809982 22.594567276537418 110.27670441567898 10.898384660482405 3.6101531088352194 6.0329572409391412 4.6859053969383231 6.9933876693248758 5.9450923800468436 345.39911449700594 357.61687009036541 3.9258159846067429 4.0306998789310455
leaf_count=1437 194 26923 28 5472 23347 9353 849 701 29 21 81 50 36 6511 4344 1698 717 474 126 616 61 20 33 25 38 34 2670 2437 24 23
internal_value=1.71028e-05 0.000625568 -0.0114187 0.000693304 -9.36201e-06 -0.00117653 -0.00481721 -0.000197522 0.0125753 0.00938928 0.0388494 0.0687784 0.087403 0.00432887 -0.000528195 -0.00424455 -0.00208929 0.0050852 0.0116088 0.00814908 0.0197044 0.0589568 -0.00523467 0.0301382 0.0595403 -0.00607233 -0.00851985 -0.0028972 0.0487092 0.0682597
internal_weight=16524.1 15689.3 834.783 15667 13129.4 8558.14 1813.65 6744.49 170.201 160.99 34.2852 19.8857 16.1354 2537.59 6574.29 1445.45 1145.06 379.96 232.799 210.205 99.928 14.5085 147.161 17.7123 11.6793 1652.84 711.603 366.204 8.5869 9.21115
internal_count=88372 81776 6596 81582 69599 46252 10236 36016 941 889 188 107 86 11983 35075 8152 6454 2110 1297 1171 555 81 813 96 63 9387 5159 2489 52 52
is_linear=0
shrinkage=0.05


Tree=184
num_leaves=31
num_cat=0
split_feature=20 20 12 17 44 4 38 53 20 15 13 36 19 52 32 40 53 50 38 27 52 17 36 29 20 26 26 25 29 13
split_gain=99.1063 35.2853 16.4481 13.3912 12.4043 14.1873 13.4005 12.4281 16.0913 11.6336 11.0967 11.4504 12.5867 10.8077 12.6331 13.5468 10.6719 10.9103 10.602 18.7906 15.6417 10.4902 12.2554 12.8385 12.6854 10.4255 17.444 14.0092 12.0568 15.4942
threshold=1.905 4.3150000000000004 2.2500000000000004 4.245000000000001 23.650000000000002 1.7500000000000002 22.450000000000003 5.4391666666666669 5.1950000000000012 6.6550000000000011 6.8750000000000009 19.100000000000005 6.7350000000000012 1.2900000000000005 7.8500000000000005 14.900000000000002 4.3108333333333348 1.5000000000000002 5.4500000000000002 31.500000000000004 0.034999999999999656 4.1650000000000009 19.700000000000003 23.650000000000002 3.2050000000000005 29.500000000000004 27.500000000000004 70.500000000000014 31.700000000000006 6.9350000000000014
decision_type=10 10 8 8 2 8 2 2 10 10 10 2 10 10 2 2 2 2 2 2 10 10 2 2 10 2 2 2 2 10
left_child=-1 3 4 9 5 6 7 -3 10 -2 11 12 -9 -10 15 -15 -5 -18 19 -14 -21 -11 23 24 -23 26 -8 28 29 -28
right_child=1 2 -4 16 -6 -7 25 8 13 21 -12 -13 18 14 -16 -17 17 -19 -20 20 -22 22 -24 -25 -26 -27 27 -29 -30 -31
leaf_value=-0.027440475966265157 0.032884287370042224 0.0015269848982175835 -0.024404176978404978 0.0021829636541210568 0.0051427750735006193 0.040849892340801386 0.0063822089429477515 -0.0013119662014321653 -0.0021757316802717454 -0.0021566567098774358 -0.018101793401079463 -0.012212100720178481 -0.022678558372334803 0.01156236559126256 -0.00063959414793610505 0.051643770239959211 -0.018151975180360012 -0.0065955296181813179 0.010143720042892638 0.19142698913291073 0.053305274431111493 0.080175554097542567 -0.0075688030446518853 0.11052141957983752 0.0097839409825707987 0.0018132622589321426 0.028910211301584089 0.1097146942288027 0.084977906616459986 -0.03543110124367551
leaf_weight=323.32305439189076 28.264152832329273 4672.5445040017366 60.123383313417435 289.9927381426096 2272.261775135994 22.33424699306488 724.29387366771698 164.56828703731298 1830.5537827312946 566.33115798979998 238.76686739176512 229.70963429659605 3.7985109388828304 130.39362604916096 216.36980659514666 25.146505624055862 236.80984284728765 1484.6633193045855 19.367650434374809 3.5331916362047178 4.8819675296545029 8.1918068304657918 27.62775619328022 4.9942077025771132 29.266955435276031 1481.4256346449256 59.376072242856026 5.2357469052076331 7.6198560297489157 11.107198283076285
leaf_count=4304 175 25060 400 1760 11211 106 3738 1087 10403 3622 1636 1522 25 718 1181 135 1960 10566 125 23 32 64 188 32 181 7693 304 27 39 55
internal_value=-5.44985e-05 0.000541382 0.0016833 -0.00465731 0.00181267 0.00104454 0.000954093 -6.31747e-05 -0.00265468 0.00149554 -0.00947353 -0.00463591 0.00423651 -0.000596997 0.00717359 0.0180424 -0.00669048 -0.00818526 0.0331493 0.06963 0.111297 0.000101514 0.0183501 0.0352177 0.0251778 0.00430474 0.00887481 0.0305379 0.0252302 0.0187709
internal_weight=15182.9 14859.6 12183.4 2676.14 12123.3 9851.03 9828.69 7539.63 2867.09 664.676 664.626 425.859 196.15 2202.46 371.91 155.54 2011.47 1721.47 31.5813 12.2137 8.41516 636.412 70.0807 42.453 37.4588 2289.06 807.633 83.3389 78.1031 70.4833
internal_count=88372 84068 65520 18548 65120 53909 53803 41947 16887 4262 4450 2814 1292 12437 2034 853 14286 12526 205 80 55 4087 465 277 245 11856 4163 425 398 359
is_linear=0
shrinkage=0.05


Tree=185
num_leaves=31
num_cat=0
split_feature=21 21 53 21 21 35 16 53 21 14 18 29 6 20 32 18 37 39 18 13 17 23 15 28 21 35 41 7 38 21
split_gain=180.677 43.3125 26.8414 24.8173 16.0496 15.5565 14.9711 12.7012 10.9649 10.4089 9.5153 13.7034 11.4282 11.8591 12.1529 13.6805 15.664 10.5933 9.63816 9.45649 11.8561 12.4111 9.25749 9.18048 9.86496 14.1733 10.4024 18.9691 18.1781 24.6458
threshold=3.1950000000000007 5.6450000000000005 5.385833333333335 1.5850000000000002 4.4650000000000007 14.600000000000003 6.6550000000000011 3.9866666666666677 4.1850000000000014 0.75000000000000011 5.785000000000001 53.350000000000001 -1.0000000180025095e-35 3.6150000000000007 32.70000000000001 6.3350000000000009 19.100000000000005 29.700000000000003 6.5150000000000006 6.6350000000000007 6.205000000000001 22.500000000000004 7.6700000000000008 77.950000000000003 7.035000000000001 47.900000000000006 18.350000000000005 6.9050000000000011 12.250000000000002 7.2750000000000012
decision_type=10 10 2 10 10 2 8 2 10 8 10 2 10 10 2 8 2 2 10 8 10 2 8 2 10 2 2 10 2 10
left_child=3 2 4 -1 5 -2 22 -5 -4 19 11 -10 13 -12 -15 16 -16 -14 -19 20 -8 -22 -3 24 -21 26 -26 -28 -29 -30
right_child=1 6 8 7 -6 -7 9 -9 10 -11 12 -13 17 14 15 -17 -18 18 -20 23 21 -23 -24 -25 25 -27 27 28 29 -31
leaf_value=-0.032273060888807013 0.0025443362080323339 0.0057378278247228838 -0.020314746822301145 0.0035319306470810007 0.0027929958830784571 -0.0072082235534066388 0.066708267400627116 -0.018118891977120029 -0.0020943779684624002 -0.021480620143867191 0.060806079515198778 0.09834511905075205 -0.017920348517847604 -0.0069178447733351141 0.020164422867726239 -0.0071854818239863857 0.17196517507582379 -0.015647501833589261 0.10916656105968128 -1.332426817912862e-05 0.063499309503019102 -0.013908913371214877 -0.047751499112286197 -0.0060050332394920138 0.00014839410892023016 0.097520405718602099 0.010052670934524359 0.13473982827663442 0.095784905988399061 -0.022978455302043819
leaf_weight=336.33432697504759 675.91855511069298 4904.8450854197145 140.60541144013405 78.041137181222439 2795.521827340126 1035.0581078752875 11.897349417209623 513.10528087243438 733.81038604676723 54.563640609383583 6.8459942415356627 3.4117188379168502 321.7383865788579 450.99118740856647 3.638739921152589 7.3668158948421487 3.1885362342000008 3.027567818760871 3.1621718853712082 757.67745421826839 7.0501251816749599 19.501851618289948 8.1024412363767606 429.45199803262949 123.10003563761711 4.7207505553960791 80.528620690107346 6.1732082962989834 8.525943875312807 8.9581248015165311
leaf_count=5569 4879 25024 1315 784 16579 7883 69 5857 5313 344 47 25 2439 3407 26 56 25 21 21 4553 43 121 63 2599 685 27 464 34 49 51
internal_value=-0.000131007 0.00143563 -0.0015513 -0.0214299 0.000458608 -0.00335549 0.00431061 -0.0152606 -0.00694987 -3.98078e-05 -0.00572739 -0.00162956 -0.00950384 -0.00452269 -0.00548412 0.0400699 0.0910598 -0.0166739 0.0481167 0.000762813 0.0252301 0.00664465 0.00564961 9.99097e-05 0.00274902 0.0117702 0.00998911 0.0216163 0.0609787 0.0349354
internal_weight=13536.9 12609.4 6184.29 927.481 4506.5 1710.98 6425.1 591.146 1677.79 1512.15 1537.18 737.222 799.959 472.031 465.185 14.1941 6.82728 327.928 6.18974 1457.59 38.4493 26.552 4912.95 1419.14 989.684 232.007 227.286 104.186 23.6573 17.4841
internal_count=88372 76162 42036 12210 29341 12762 34126 6641 12695 9039 11380 5338 6042 3561 3514 107 51 2481 42 8695 233 164 25087 8462 5863 1310 1283 598 134 100
is_linear=0
shrinkage=0.05


end of trees

feature_importances:
B6_WinRate=389
B5_WinRate=361
Avg_WinRate=346
B4_WinRate=270
B1_WinRate_Over_Avg=221
B2_WinRate=209
B3_WinRate=195
WaterTemp=189
B1_Course_Win=178
B2_Course_3in=151
B1_Course_3in=140
Diff_WinRate_1_2=133
B4_Course_3in=127
B5_ExTime=126
B4_ExTime=115
B5_Course_3in=110
B1_WinRate=108
B5_Course_2in=104
B3_Course_3in=104
B6_ExTime=103
B2_ExTime=96
B1_Motor=92
B4_Course_2in=92
B6_Course_2in=92
B5_Course_Win=91
B3_ExTime=89
B2_Course_Win=86
B6_Course_Win=86
B2_Course_2in=85
B4_Motor=77
B6_Motor=74
B5_Motor=72
B3_Motor=71
B4_Course_Win=69
B3_Course_Win=66
B3_Course_2in=66
B1_Course_2in=63
B1_ExTime=59
B2_Motor=58
R=56
B6_Course_3in=41
B3_Tilt=39
B6_RankScore=36
Wave=29
B4_Tilt=29
B5_Tilt=26
WindSpeed=23
B5_RankScore=22
B1_Tilt=21
B1_RankScore=19
B4_RankScore=19
B2_Tilt=17
B3_RankScore=15
B6_Tilt=14
B2_RankScore=11

parameters:
[boosting: gbdt]
[objective: multiclass]
[metric: multi_error]
[tree_learner: serial]
[device_type: cpu]
[data_sample_strategy: bagging]
[data: ]
[valid: ]
[num_iterations: 200]
[learning_rate: 0.05]
[num_leaves: 31]
[num_threads: 0]
[seed: 0]
[deterministic: 0]
[force_col_wise: 0]
[force_row_wise: 0]
[histogram_pool_size: -1]
[max_depth: -1]
[min_data_in_leaf: 20]
[min_sum_hessian_in_leaf: 0.001]
[bagging_fraction: 1]
[pos_bagging_fraction: 1]
[neg_bagging_fraction: 1]
[bagging_freq: 0]
[bagging_seed: 3]
[bagging_by_query: 0]
[feature_fraction: 1]
[feature_fraction_bynode: 1]
[feature_fraction_seed: 2]
[extra_trees: 0]
[extra_seed: 6]
[early_stopping_round: 0]
[early_stopping_min_delta: 0]
[first_metric_only: 0]
[max_delta_step: 0]
[lambda_l1: 0]
[lambda_l2: 0]
[linear_lambda: 0]
[min_gain_to_split: 0]
[drop_rate: 0.1]
[max_drop: 50]
[skip_drop: 0.5]
[xgboost_dart_mode: 0]
[uniform_drop: 0]
[drop_seed: 4]
[top_rate: 0.2]
[other_rate: 0.1]
[min_data_per_group: 100]
[max_cat_threshold: 32]
[cat_l2: 10]
[cat_smooth: 10]
[max_cat_to_onehot: 4]
[top_k: 20]
[monotone_constraints: ]
[monotone_constraints_method: basic]
[monotone_penalty: 0]
[feature_contri: ]
[forcedsplits_filename: ]
[refit_decay_rate: 0.9]
[cegb_tradeoff: 1]
[cegb_penalty_split: 0]
[cegb_penalty_feature_lazy: ]
[cegb_penalty_feature_coupled: ]
[path_smooth: 0]
[interaction_constraints: ]
[verbosity: -1]
[saved_feature_importance_type: 0]
[use_quantized_grad: 0]
[num_grad_quant_bins: 4]
[quant_train_renew_leaf: 0]
[stochastic_rounding: 1]
[linear_tree: 0]
[max_bin: 255]
[max_bin_by_feature: ]
[min_data_in_bin: 3]
[bin_construct_sample_cnt: 200000]
[data_random_seed: 1]
[is_enable_sparse: 1]
[enable_bundle: 1]
[use_missing: 1]
[zero_as_missing: 0]
[feature_pre_filter: 1]
[pre_partition: 0]
[two_round: 0]
[header: 0]
[label_column: ]
[weight_column: ]
[group_column: ]
[ignore_column: ]
[categorical_feature: ]
[forcedbins_filename: ]
[precise_float_parser: 0]
[parser_config_file: ]
[objective_seed: 5]
[num_class: 6]
[is_unbalance: 0]
[scale_pos_weight: 1]
[sigmoid: 1]
[boost_from_average: 1]
[reg_sqrt: 0]
[alpha: 0.9]
[fair_c: 1]
[poisson_max_delta_step: 0.7]
[tweedie_variance_power: 1.5]
[lambdarank_truncation_level: 30]
[lambdarank_norm: 1]
[label_gain: ]
[lambdarank_position_bias_regularization: 0]
[eval_at: ]
[multi_error_top_k: 1]
[auc_mu_weights: ]
[num_machines: 1]
[local_listen_port: 12400]
[time_out: 120]
[machine_list_filename: ]
[machines: ]
[gpu_platform_id: -1]
[gpu_device_id: -1]
[gpu_use_dp: 0]
[num_gpu: 1]

end of parameters

pandas_categorical:[]
