season,league,matchday,date,kickoff,home,away,home_goals,away_goals,result,stadium
2021,J1,第１節第１日,2021-02-26,18:04,川崎Ｆ,横浜FM,2,0,H,等々力
2021,J1,第１節第２日,2021-02-27,14:00,浦和,FC東京,1,1,D,埼玉
2021,J1,第１節第２日,2021-02-27,14:00,札幌,横浜FC,5,1,H,札幌ド
2021,J1,第１節第２日,2021-02-27,14:03,大分,徳島,1,1,D,昭和電ド
2021,J1,第１節第２日,2021-02-27,14:03,広島,仙台,1,1,D,Ｅスタ
2021,J2,第１節第１日,2021-02-27,14:03,長崎,金沢,2,1,H,トラスタ
2021,J2,第１節第１日,2021-02-27,14:05,北九州,新潟,1,4,A,ミクスタ
2021,J1,第１節第２日,2021-02-27,15:03,鹿島,清水,1,3,A,カシマ
2021,J1,第１節第２日,2021-02-27,15:03,湘南,鳥栖,0,1,A,レモンＳ
2021,J1,第１節第２日,2021-02-27,16:03,Ｃ大阪,柏,2,0,H,ヤンマー
2021,J1,第１節第２日,2021-02-27,17:03,神戸,Ｇ大阪,1,0,H,ノエスタ
2021,J2,第１節第２日,2021-02-28,13:03,相模原,京都,0,2,A,ギオンス
2021,J1,第１節第３日,2021-02-28,13:05,福岡,名古屋,1,2,A,ベススタ
2021,J2,第１節第２日,2021-02-28,14:03,水戸,大宮,1,2,A,Ｋｓスタ
2021,J2,第１節第２日,2021-02-28,14:03,千葉,甲府,1,1,D,フクアリ
2021,J2,第１節第２日,2021-02-28,14:03,群馬,秋田,2,1,H,正田スタ
2021,J2,第１節第２日,2021-02-28,14:03,町田,山形,1,1,D,Ｇスタ
2021,J2,第１節第２日,2021-02-28,14:04,栃木,岡山,0,2,A,カンセキ
2021,J2,第１節第２日,2021-02-28,15:03,東京Ｖ,愛媛,3,0,H,味スタ
2021,J2,第１節第２日,2021-02-28,15:03,琉球,磐田,1,0,H,タピスタ
2021,J2,第１節第２日,2021-02-28,15:30,山口,松本,0,0,D,みらスタ
2021,J1,第１１節第１日,2021-03-03,18:03,川崎Ｆ,Ｃ大阪,3,2,H,等々力
2021,J2,第２節第１日,2021-03-06,13:33,新潟,長崎,1,0,H,デンカＳ
2021,J1,第２節第１日,2021-03-06,14:03,清水,福岡,2,2,D,アイスタ
2021,J1,第２節第１日,2021-03-06,14:03,FC東京,Ｃ大阪,3,2,H,味スタ
2021,J1,第２節第１日,2021-03-06,14:03,徳島,神戸,1,1,D,鳴門大塚
2021,J2,第２節第１日,2021-03-06,14:03,大宮,甲府,0,2,A,ＮＡＣＫ
2021,J2,第２節第１日,2021-03-06,14:03,北九州,水戸,1,2,A,ミクスタ
2021,J2,第２節第１日,2021-03-06,14:03,磐田,町田,1,3,A,ヤマハ
2021,J1,第２節第１日,2021-03-06,14:04,仙台,川崎Ｆ,1,5,A,ユアスタ
2021,J1,第２節第１日,2021-03-06,15:03,横浜FC,大分,1,2,A,ニッパツ
2021,J1,第２節第１日,2021-03-06,15:03,鳥栖,浦和,2,0,H,駅スタ
2021,J1,第２節第１日,2021-03-06,16:03,柏,湘南,2,1,H,三協Ｆ柏
2021,J1,第２節第１日,2021-03-06,16:03,名古屋,札幌,1,0,H,豊田ス
2021,J2,第２節第１日,2021-03-06,16:03,琉球,山口,2,1,H,タピスタ
2021,J1,第２節第２日,2021-03-07,13:03,横浜FM,広島,3,3,D,日産ス
2021,J2,第２節第２日,2021-03-07,13:03,相模原,群馬,0,0,D,ギオンス
2021,J2,第２節第２日,2021-03-07,14:03,岡山,金沢,0,1,A,Ｃスタ
2021,J2,第２節第２日,2021-03-07,14:03,京都,松本,0,0,D,サンガＳ
2021,J2,第２節第２日,2021-03-07,14:03,栃木,秋田,0,1,A,カンセキ
2021,J2,第２節第２日,2021-03-07,14:03,愛媛,千葉,1,1,D,ニンスタ
2021,J2,第２節第２日,2021-03-07,15:03,東京Ｖ,山形,0,2,A,味スタ
2021,J1,第３節第１日,2021-03-10,18:01,柏,名古屋,0,1,A,三協Ｆ柏
2021,J1,第３節第１日,2021-03-10,18:03,浦和,横浜FC,2,0,H,埼玉
2021,J1,第３節第１日,2021-03-10,18:03,FC東京,神戸,2,3,A,味スタ
2021,J1,第３節第１日,2021-03-10,18:03,福岡,横浜FM,1,3,A,ベススタ
2021,J1,第３節第１日,2021-03-10,19:03,広島,札幌,2,1,H,Ｅスタ
2021,J1,第３節第１日,2021-03-10,19:03,鹿島,湘南,3,1,H,カシマ
2021,J1,第３節第１日,2021-03-10,19:03,Ｃ大阪,清水,2,1,H,ヤンマー
2021,J1,第３節第１日,2021-03-10,19:03,川崎Ｆ,徳島,2,0,H,等々力
2021,J1,第３節第１日,2021-03-10,19:04,鳥栖,仙台,5,0,H,駅スタ
2021,J1,第４節第１日,2021-03-13,14:01,徳島,福岡,1,2,A,鳴門大塚
2021,J2,第３節第１日,2021-03-13,14:03,長崎,愛媛,1,1,D,トラスタ
2021,J2,第３節第１日,2021-03-13,14:03,山口,新潟,1,2,A,みらスタ
2021,J2,第３節第１日,2021-03-13,14:03,磐田,水戸,3,2,H,ヤマハ
2021,J1,第４節第１日,2021-03-13,16:00,横浜FC,Ｃ大阪,1,4,A,ニッパツ
2021,J1,第４節第１日,2021-03-13,16:03,鹿島,広島,1,1,D,カシマ
2021,J1,第４節第１日,2021-03-13,16:03,湘南,仙台,3,1,H,レモンＳ
2021,J1,第４節第１日,2021-03-13,17:33,川崎Ｆ,柏,1,0,H,等々力
2021,J1,第４節第１日,2021-03-13,18:03,神戸,名古屋,0,1,A,ノエスタ
2021,J1,第４節第２日,2021-03-14,13:03,横浜FM,浦和,3,0,H,日産ス
2021,J3,第１節第１日,2021-03-14,13:03,YS横浜,富山,0,1,A,ニッパツ
2021,J3,第１節第１日,2021-03-14,13:03,宮崎,岩手,0,1,A,ユニスタ
2021,J3,第１節第１日,2021-03-14,13:03,福島,藤枝,0,0,D,とうスタ
2021,J3,第１節第１日,2021-03-14,13:03,今治,熊本,0,1,A,夢スタ
2021,J1,第４節第２日,2021-03-14,14:03,清水,鳥栖,0,0,D,アイスタ
2021,J2,第３節第２日,2021-03-14,14:03,町田,東京Ｖ,2,2,D,Ｇスタ
2021,J2,第３節第２日,2021-03-14,14:03,松本,山形,1,1,D,サンアル
2021,J2,第３節第２日,2021-03-14,14:03,金沢,北九州,1,1,D,石川西部
2021,J2,第３節第２日,2021-03-14,14:03,群馬,琉球,0,2,A,正田スタ
2021,J2,第３節第２日,2021-03-14,14:03,千葉,秋田,0,2,A,フクアリ
2021,J2,第３節第２日,2021-03-14,14:03,岡山,相模原,0,0,D,Ｃスタ
2021,J2,第３節第２日,2021-03-14,14:03,甲府,栃木,2,1,H,ＪＩＴス
2021,J3,第１節第１日,2021-03-14,14:03,讃岐,長野,0,2,A,ピカスタ
2021,J3,第１節第１日,2021-03-14,14:03,鹿児島,鳥取,2,3,A,白波スタ
2021,J3,第１節第１日,2021-03-14,14:03,岐阜,八戸,0,0,D,長良川
2021,J1,第４節第２日,2021-03-14,15:03,大分,FC東京,1,1,D,昭和電ド
2021,J1,第５節第１日,2021-03-17,18:01,FC東京,湘南,3,2,H,味スタ
2021,J1,第５節第１日,2021-03-17,18:03,福岡,鹿島,1,0,H,ベススタ
2021,J1,第５節第１日,2021-03-17,18:04,浦和,札幌,0,0,D,埼玉
2021,J1,第５節第１日,2021-03-17,19:03,横浜FM,徳島,1,0,H,ニッパツ
2021,J1,第５節第１日,2021-03-17,19:03,名古屋,横浜FC,3,0,H,豊田ス
2021,J1,第５節第１日,2021-03-17,19:03,鳥栖,柏,2,0,H,駅スタ
2021,J1,第５節第１日,2021-03-17,19:03,Ｃ大阪,大分,1,0,H,ヤンマー
2021,J1,第５節第１日,2021-03-17,19:03,広島,清水,1,0,H,Ｅスタ
2021,J1,第５節第１日,2021-03-17,19:03,神戸,川崎Ｆ,1,1,D,ノエスタ
2021,J3,第２節第１日,2021-03-20,13:03,福島,YS横浜,2,1,H,とうスタ
2021,J3,第２節第１日,2021-03-20,13:03,沼津,今治,1,0,H,愛鷹
2021,J1,第６節第１日,2021-03-20,14:03,札幌,神戸,3,4,A,札幌ド
2021,J2,第４節第１日,2021-03-20,14:03,新潟,群馬,3,1,H,デンカＳ
2021,J3,第２節第１日,2021-03-20,14:03,熊本,鹿児島,2,2,D,えがおＳ
2021,J2,第４節第１日,2021-03-20,16:03,琉球,長崎,3,1,H,タピスタ
2021,J2,第４節第１日,2021-03-20,16:03,東京Ｖ,金沢,2,4,A,味スタ
2021,J1,第６節第２日,2021-03-21,13:03,FC東京,仙台,2,1,H,味スタ
2021,J3,第２節第２日,2021-03-21,13:03,藤枝,岐阜,1,3,A,藤枝サ
2021,J3,第２節第２日,2021-03-21,13:03,鳥取,岩手,1,1,D,Ａｘｉｓ
2021,J1,第６節第２日,2021-03-21,14:03,鳥栖,福岡,0,0,D,駅スタ
2021,J1,第６節第２日,2021-03-21,14:03,徳島,横浜FC,2,1,H,鳴門大塚
2021,J1,第６節第２日,2021-03-21,14:03,大分,広島,1,3,A,昭和電ド
2021,J2,第４節第２日,2021-03-21,14:03,京都,磐田,3,4,A,サンガＳ
2021,J2,第４節第２日,2021-03-21,14:03,山形,栃木,1,2,A,ＮＤスタ
2021,J2,第４節第２日,2021-03-21,14:03,松本,千葉,0,1,A,サンアル
2021,J2,第４節第２日,2021-03-21,14:03,愛媛,甲府,0,1,A,ニンスタ
2021,J2,第４節第２日,2021-03-21,14:03,北九州,秋田,1,1,D,ミクスタ
2021,J3,第２節第２日,2021-03-21,14:03,長野,宮崎,1,1,D,長野Ｕ
2021,J3,第２節第２日,2021-03-21,14:03,富山,八戸,2,1,H,富山
2021,J1,第６節第２日,2021-03-21,15:01,湘南,Ｃ大阪,0,0,D,レモンＳ
2021,J1,第６節第２日,2021-03-21,15:04,浦和,川崎Ｆ,0,5,A,埼玉
2021,J1,第６節第２日,2021-03-21,16:03,鹿島,名古屋,0,1,A,カシマ
2021,J1,第６節第２日,2021-03-21,16:03,柏,清水,1,2,A,三協Ｆ柏
2021,J2,第４節第２日,2021-03-21,16:03,水戸,町田,3,0,H,Ｋｓスタ
2021,J2,第４節第２日,2021-03-21,16:03,相模原,大宮,2,1,H,ギオンス
2021,J2,第４節第２日,2021-03-21,16:03,山口,岡山,0,0,D,みらスタ
2021,J2,第３節第３日,2021-03-24,19:03,大宮,京都,1,2,A,ＮＡＣＫ
2021,J2,第５節第１日,2021-03-27,14:03,千葉,琉球,1,2,A,フクアリ
2021,J2,第５節第１日,2021-03-27,14:03,磐田,山口,1,2,A,エコパ
2021,J2,第５節第１日,2021-03-27,14:03,大宮,長崎,4,0,H,ＮＡＣＫ
2021,J2,第５節第１日,2021-03-27,14:03,甲府,町田,0,1,A,ＪＩＴス
2021,J2,第５節第１日,2021-03-27,14:03,新潟,東京Ｖ,7,0,H,デンカＳ
2021,J2,第５節第２日,2021-03-28,13:03,秋田,京都,1,0,H,ソユスタ
2021,J3,第３節第１日,2021-03-28,13:03,YS横浜,熊本,0,0,D,ニッパツ
2021,J3,第３節第１日,2021-03-28,13:03,鹿児島,福島,2,0,H,白波スタ
2021,J3,第３節第１日,2021-03-28,13:03,今治,鳥取,2,0,H,夢スタ
2021,J3,第３節第１日,2021-03-28,13:03,八戸,沼津,1,0,H,プラスタ
2021,J3,第３節第１日,2021-03-28,13:03,岩手,長野,0,0,D,いわスタ
2021,J2,第５節第２日,2021-03-28,14:03,群馬,北九州,0,2,A,正田スタ
2021,J2,第５節第２日,2021-03-28,14:03,山形,岡山,0,1,A,ＮＤスタ
2021,J2,第５節第２日,2021-03-28,14:03,水戸,松本,3,0,H,Ｋｓスタ
2021,J2,第５節第２日,2021-03-28,14:03,金沢,相模原,2,1,H,石川西部
2021,J2,第５節第２日,2021-03-28,14:03,栃木,愛媛,2,1,H,カンセキ
2021,J3,第３節第１日,2021-03-28,14:03,宮崎,富山,2,1,H,ユニスタ
2021,J3,第３節第１日,2021-03-28,14:03,岐阜,讃岐,4,0,H,長良川
2021,J1,第７節第１日,2021-04-02,19:03,Ｃ大阪,鳥栖,1,0,H,ヤンマー
2021,J1,第７節第２日,2021-04-03,13:03,横浜FM,湘南,1,1,D,日産ス
2021,J3,第４節第１日,2021-04-03,13:03,岩手,今治,3,2,H,いわスタ
2021,J1,第７節第２日,2021-04-03,14:03,広島,Ｇ大阪,0,0,D,Ｅスタ
2021,J1,第７節第２日,2021-04-03,14:03,名古屋,FC東京,0,0,D,豊田ス
2021,J1,第７節第２日,2021-04-03,14:03,仙台,神戸,0,2,A,ユアスタ
2021,J1,第７節第２日,2021-04-03,14:03,福岡,札幌,1,2,A,ベススタ
2021,J2,第６節第１日,2021-04-03,14:03,長崎,甲府,2,1,H,トラスタ
2021,J2,第６節第１日,2021-04-03,14:03,北九州,山形,0,0,D,ミクスタ
2021,J1,第７節第２日,2021-04-03,15:04,浦和,鹿島,2,1,H,埼玉
2021,J1,第７節第２日,2021-04-03,17:03,横浜FC,柏,1,1,D,ニッパツ
2021,J2,第６節第１日,2021-04-03,17:03,琉球,大宮,0,0,D,タピスタ
2021,J1,第７節第２日,2021-04-03,19:01,川崎Ｆ,大分,2,0,H,等々力
2021,J2,第６節第２日,2021-04-04,13:03,相模原,新潟,2,2,D,ギオンス
2021,J2,第６節第２日,2021-04-04,13:03,岡山,磐田,0,1,A,Ｃスタ
2021,J3,第４節第２日,2021-04-04,13:03,沼津,YS横浜,1,0,H,愛鷹
2021,J1,第７節第３日,2021-04-04,14:03,清水,徳島,0,3,A,アイスタ
2021,J2,第６節第２日,2021-04-04,14:03,京都,千葉,2,1,H,サンガＳ
2021,J2,第６節第２日,2021-04-04,14:03,松本,秋田,3,1,H,サンアル
2021,J2,第６節第２日,2021-04-04,14:03,山口,栃木,0,1,A,みらスタ
2021,J2,第６節第２日,2021-04-04,14:03,愛媛,群馬,1,2,A,ニンスタ
2021,J2,第６節第２日,2021-04-04,14:03,町田,金沢,0,1,A,Ｇスタ
2021,J3,第４節第２日,2021-04-04,14:03,長野,八戸,1,1,D,長野Ｕ
2021,J3,第４節第２日,2021-04-04,14:03,讃岐,藤枝,0,1,A,ピカスタ
2021,J3,第４節第２日,2021-04-04,14:03,富山,福島,2,2,D,富山
2021,J3,第４節第２日,2021-04-04,14:03,熊本,宮崎,1,2,A,えがおＳ
2021,J2,第６節第２日,2021-04-04,15:03,東京Ｖ,水戸,2,1,H,味スタ
2021,J1,第８節第１日,2021-04-06,19:03,横浜FM,Ｃ大阪,1,0,H,日産ス
2021,J1,第８節第２日,2021-04-07,19:01,鹿島,柏,2,1,H,カシマ
2021,J1,第８節第２日,2021-04-07,19:02,清水,浦和,0,2,A,アイスタ
2021,J1,第８節第２日,2021-04-07,19:03,川崎Ｆ,鳥栖,1,0,H,等々力
2021,J1,第８節第２日,2021-04-07,19:03,横浜FC,広島,0,3,A,ニッパツ
2021,J1,第８節第２日,2021-04-07,19:03,湘南,名古屋,0,0,D,レモンＳ
2021,J1,第８節第２日,2021-04-07,19:03,Ｇ大阪,福岡,0,0,D,パナスタ
2021,J1,第８節第２日,2021-04-07,19:03,神戸,大分,1,0,H,ノエスタ
2021,J1,第８節第２日,2021-04-07,19:03,徳島,仙台,1,0,H,鳴門大塚
2021,J1,第８節第２日,2021-04-07,19:03,FC東京,札幌,2,1,H,味スタ
2021,J2,第７節第１日,2021-04-10,13:03,秋田,大宮,0,0,D,ソユスタ
2021,J3,第５節第１日,2021-04-10,13:03,藤枝,長野,1,1,D,藤枝サ
2021,J1,第９節第１日,2021-04-10,14:03,広島,湘南,0,1,A,Ｅスタ
2021,J2,第７節第１日,2021-04-10,14:03,群馬,長崎,1,2,A,正田スタ
2021,J2,第７節第１日,2021-04-10,14:03,甲府,北九州,1,1,D,ＪＩＴス
2021,J2,第７節第１日,2021-04-10,14:03,磐田,松本,4,1,H,ヤマハ
2021,J1,第９節第１日,2021-04-10,15:03,Ｃ大阪,福岡,2,2,D,ヤンマー
2021,J2,第７節第１日,2021-04-10,16:03,東京Ｖ,山口,3,1,H,味スタ
2021,J3,第５節第２日,2021-04-11,13:03,八戸,岩手,0,3,A,プラスタ
2021,J3,第５節第２日,2021-04-11,13:03,福島,熊本,1,2,A,とうスタ
2021,J3,第５節第２日,2021-04-11,13:03,YS横浜,鹿児島,0,0,D,ニッパツ
2021,J1,第９節第２日,2021-04-11,13:08,札幌,鹿島,2,2,D,札幌ド
2021,J1,第９節第２日,2021-04-11,14:03,FC東京,川崎Ｆ,2,4,A,味スタ
2021,J2,第７節第２日,2021-04-11,14:03,栃木,相模原,0,0,D,栃木グ
2021,J2,第７節第２日,2021-04-11,14:03,金沢,千葉,0,1,A,石川西部
2021,J2,第７節第２日,2021-04-11,14:03,山形,新潟,0,2,A,ＮＤスタ
2021,J2,第７節第２日,2021-04-11,14:03,町田,京都,0,1,A,Ｇスタ
2021,J2,第７節第２日,2021-04-11,14:03,水戸,琉球,0,2,A,Ｋｓスタ
2021,J3,第５節第２日,2021-04-11,14:03,讃岐,富山,2,3,A,ピカスタ
2021,J3,第５節第２日,2021-04-11,14:03,宮崎,鳥取,2,1,H,ユニスタ
2021,J1,第９節第２日,2021-04-11,14:04,仙台,横浜FM,0,0,D,ユアスタ
2021,J1,第９節第２日,2021-04-11,15:03,大分,名古屋,0,3,A,昭和電ド
2021,J1,第９節第２日,2021-04-11,15:03,鳥栖,横浜FC,3,0,H,駅スタ
2021,J1,第９節第２日,2021-04-11,16:01,浦和,徳島,1,0,H,埼玉
2021,J2,第７節第２日,2021-04-11,16:03,愛媛,岡山,2,2,D,ニンスタ
2021,J1,第９節第２日,2021-04-11,17:03,柏,Ｇ大阪,1,0,H,三協Ｆ柏
2021,J1,第９節第２日,2021-04-11,17:03,神戸,清水,1,1,D,ノエスタ
2021,J1,第１８節第１日,2021-04-14,18:03,Ｃ大阪,徳島,1,2,A,ヤンマー
2021,J1,第１８節第１日,2021-04-14,19:03,鳥栖,Ｇ大阪,0,1,A,駅スタ
2021,J1,第１９節第１日,2021-04-14,19:03,川崎Ｆ,福岡,3,1,H,等々力
2021,J1,第１９節第１日,2021-04-14,19:33,名古屋,広島,1,0,H,豊田ス
2021,J1,第１０節第１日,2021-04-16,19:03,札幌,横浜FM,1,3,A,札幌ド
2021,J2,第８節第１日,2021-04-17,13:03,秋田,山形,0,0,D,ソユスタ
2021,J1,第１０節第２日,2021-04-17,14:01,大分,柏,0,1,A,昭和電ド
2021,J1,第１０節第２日,2021-04-17,14:03,徳島,鹿島,0,1,A,鳴門大塚
2021,J1,第１０節第２日,2021-04-17,14:03,横浜FC,仙台,2,2,D,ニッパツ
2021,J1,第１０節第２日,2021-04-17,14:03,福岡,FC東京,1,0,H,ベススタ
2021,J2,第８節第１日,2021-04-17,14:03,京都,北九州,6,1,H,サンガＳ
2021,J2,第８節第１日,2021-04-17,14:03,新潟,金沢,1,0,H,デンカＳ
2021,J2,第８節第１日,2021-04-17,14:03,山口,群馬,1,0,H,みらスタ
2021,J2,第８節第１日,2021-04-17,14:03,長崎,町田,0,3,A,トラスタ
2021,J2,第８節第１日,2021-04-17,14:03,大宮,愛媛,0,1,A,ＮＡＣＫ
2021,J2,第８節第１日,2021-04-17,14:03,千葉,栃木,0,0,D,フクアリ
2021,J2,第８節第１日,2021-04-17,14:03,松本,甲府,3,3,D,サンアル
2021,J1,第１０節第２日,2021-04-17,15:03,湘南,神戸,0,0,D,レモンＳ
2021,J2,第８節第１日,2021-04-17,16:03,岡山,水戸,1,2,A,Ｃスタ
2021,J2,第８節第１日,2021-04-17,17:03,琉球,東京Ｖ,2,0,H,タピスタ
2021,J2,第８節第２日,2021-04-18,13:03,相模原,磐田,1,2,A,ギオンス
2021,J1,第１０節第３日,2021-04-18,14:03,川崎Ｆ,広島,1,1,D,等々力
2021,J1,第１０節第３日,2021-04-18,15:03,Ｃ大阪,浦和,1,0,H,ヤンマー
2021,J1,第１０節第３日,2021-04-18,15:03,名古屋,鳥栖,1,2,A,豊田ス
2021,J1,第１０節第３日,2021-04-18,17:03,Ｇ大阪,清水,0,0,D,パナスタ
2021,J2,第９節第１日,2021-04-21,18:03,東京Ｖ,京都,0,2,A,味フィ西
2021,J2,第９節第１日,2021-04-21,19:03,栃木,新潟,2,2,D,カンセキ
2021,J2,第９節第１日,2021-04-21,19:03,水戸,千葉,0,1,A,Ｋｓスタ
2021,J2,第９節第１日,2021-04-21,19:03,金沢,秋田,2,1,H,石川西部
2021,J2,第９節第１日,2021-04-21,19:03,磐田,大宮,3,2,H,ヤマハ
2021,J2,第９節第１日,2021-04-21,19:03,北九州,山口,0,0,D,ミクスタ
2021,J2,第９節第１日,2021-04-21,19:03,群馬,岡山,1,0,H,正田スタ
2021,J2,第９節第１日,2021-04-21,19:03,甲府,相模原,2,0,H,ＪＩＴス
2021,J2,第９節第１日,2021-04-21,19:03,愛媛,松本,3,1,H,ニンスタ
2021,J2,第９節第１日,2021-04-21,19:03,山形,長崎,1,3,A,ＮＤスタ
2021,J2,第９節第１日,2021-04-21,19:03,町田,琉球,3,0,H,Ｇスタ
2021,J3,第４節第３日,2021-04-21,19:03,鳥取,岐阜,0,1,A,Ａｘｉｓ
2021,J1,第１１節第２日,2021-04-22,19:33,名古屋,Ｇ大阪,2,0,H,豊田ス
2021,J1,第１１節第３日,2021-04-24,13:03,札幌,仙台,2,1,H,札幌厚別
2021,J1,第１１節第３日,2021-04-24,14:01,横浜FM,横浜FC,5,0,H,日産ス
2021,J1,第１１節第３日,2021-04-24,14:03,FC東京,鳥栖,1,2,A,味スタ
2021,J1,第１１節第３日,2021-04-24,14:03,広島,福岡,1,2,A,Ｅスタ
2021,J2,第１０節第１日,2021-04-24,14:03,愛媛,新潟,0,2,A,ニンスタ
2021,J1,第１１節第３日,2021-04-24,16:03,柏,徳島,5,1,H,三協Ｆ柏
2021,J1,第１１節第３日,2021-04-24,17:03,鹿島,神戸,1,1,D,カシマ
2021,J2,第１０節第２日,2021-04-25,13:03,秋田,水戸,1,0,H,ソユスタ
2021,J3,第６節第１日,2021-04-25,13:03,今治,YS横浜,1,1,D,夢スタ
2021,J3,第６節第１日,2021-04-25,13:03,鳥取,讃岐,1,0,H,Ａｘｉｓ
2021,J3,第６節第１日,2021-04-25,13:03,沼津,藤枝,1,1,D,愛鷹
2021,J3,第６節第１日,2021-04-25,13:05,鹿児島,宮崎,1,0,H,白波スタ
2021,J1,第１１節第４日,2021-04-25,14:03,清水,湘南,1,1,D,アイスタ
2021,J2,第１０節第２日,2021-04-25,14:03,金沢,栃木,1,1,D,石川西部
2021,J2,第１０節第２日,2021-04-25,14:03,山形,磐田,1,0,H,ＮＤスタ
2021,J2,第１０節第２日,2021-04-25,14:03,長崎,東京Ｖ,1,1,D,トラスタ
2021,J2,第１０節第２日,2021-04-25,14:03,岡山,北九州,1,0,H,Ｃスタ
2021,J2,第１０節第２日,2021-04-25,14:03,松本,群馬,1,0,H,サンアル
2021,J2,第１０節第２日,2021-04-25,14:03,山口,京都,0,2,A,みらスタ
2021,J2,第１０節第２日,2021-04-25,14:03,大宮,町田,0,1,A,ＮＡＣＫ
2021,J2,第１０節第２日,2021-04-25,14:03,千葉,相模原,0,1,A,フクアリ
2021,J3,第６節第１日,2021-04-25,14:03,富山,岐阜,1,0,H,富山
2021,J3,第６節第１日,2021-04-25,14:03,熊本,八戸,2,2,D,えがおＳ
2021,J1,第１１節第４日,2021-04-25,16:03,浦和,大分,3,2,H,埼玉
2021,J2,第１０節第２日,2021-04-25,17:03,琉球,甲府,1,0,H,タピスタ
2021,J1,第２２節第１日,2021-04-29,15:03,名古屋,川崎Ｆ,0,4,A,豊田ス
2021,J2,第１１節第１日,2021-05-01,13:03,秋田,岡山,0,1,A,ソユスタ
2021,J3,第７節第１日,2021-05-01,13:03,藤枝,富山,1,1,D,藤枝サ
2021,J1,第１２節第１日,2021-05-01,14:01,福岡,浦和,2,0,H,ベススタ
2021,J1,第１２節第１日,2021-05-01,14:03,仙台,柏,1,0,H,ユアスタ
2021,J1,第１２節第１日,2021-05-01,14:03,FC東京,横浜FM,0,3,A,味スタ
2021,J2,第１１節第１日,2021-05-01,14:03,京都,愛媛,3,2,H,サンガＳ
2021,J2,第１１節第１日,2021-05-01,14:03,群馬,山形,1,2,A,正田スタ
2021,J2,第１１節第１日,2021-05-01,14:03,甲府,金沢,2,0,H,ＪＩＴス
2021,J2,第１１節第１日,2021-05-01,14:03,新潟,千葉,2,0,H,デンカＳ
2021,J2,第１１節第１日,2021-05-01,14:03,磐田,栃木,3,2,H,ヤマハ
2021,J2,第１１節第１日,2021-05-01,14:03,北九州,松本,1,2,A,ミクスタ
2021,J1,第１２節第１日,2021-05-01,15:03,神戸,広島,3,0,H,ノエスタ
2021,J2,第１１節第１日,2021-05-01,15:03,相模原,琉球,1,5,A,ギオンス
2021,J3,第７節第１日,2021-05-01,15:04,讃岐,沼津,1,0,H,ピカスタ
2021,J1,第１２節第１日,2021-05-01,16:03,鳥栖,徳島,2,0,H,駅スタ
2021,J1,第１２節第１日,2021-05-01,17:33,横浜FC,鹿島,0,3,A,ニッパツ
2021,J3,第７節第２日,2021-05-02,13:03,宮崎,今治,2,1,H,ユニスタ
2021,J3,第７節第２日,2021-05-02,13:03,岩手,鹿児島,2,1,H,いわスタ
2021,J3,第７節第２日,2021-05-02,13:03,八戸,鳥取,2,0,H,プラスタ
2021,J1,第１２節第２日,2021-05-02,14:03,大分,清水,1,0,H,昭和電ド
2021,J2,第１１節第２日,2021-05-02,14:03,水戸,長崎,1,0,H,Ｋｓスタ
2021,J1,第１２節第２日,2021-05-02,15:03,Ｃ大阪,Ｇ大阪,1,1,D,ヤンマー
2021,J1,第１２節第２日,2021-05-02,15:03,湘南,札幌,0,0,D,レモンＳ
2021,J2,第１１節第２日,2021-05-02,15:03,町田,山口,0,2,A,Ｇスタ
2021,J2,第１１節第２日,2021-05-02,15:03,東京Ｖ,大宮,1,1,D,味スタ
2021,J3,第７節第２日,2021-05-02,17:03,長野,福島,0,1,A,長野Ｕ
2021,J3,第７節第２日,2021-05-02,19:03,岐阜,熊本,0,1,A,長良川
2021,J1,第１２節第３日,2021-05-04,15:03,川崎Ｆ,名古屋,3,2,H,等々力
2021,J2,第１２節第１日,2021-05-05,14:03,山形,甲府,2,2,D,ＮＤスタ
2021,J2,第１２節第１日,2021-05-05,14:03,大宮,新潟,2,3,A,ＮＡＣＫ
2021,J2,第１２節第１日,2021-05-05,14:03,長崎,秋田,1,2,A,トラスタ
2021,J2,第１２節第１日,2021-05-05,14:03,岡山,町田,1,2,A,Ｃスタ
2021,J2,第１２節第１日,2021-05-05,14:03,金沢,水戸,2,3,A,石川西部
2021,J2,第１２節第１日,2021-05-05,14:03,愛媛,磐田,0,0,D,ニンスタ
2021,J2,第１２節第１日,2021-05-05,14:03,山口,千葉,0,1,A,みらスタ
2021,J2,第１２節第１日,2021-05-05,15:03,東京Ｖ,群馬,3,1,H,味スタ
2021,J2,第１２節第１日,2021-05-05,15:05,松本,相模原,2,1,H,サンアル
2021,J2,第１２節第１日,2021-05-05,16:03,栃木,北九州,1,2,A,カンセキ
2021,J3,第５節第３日,2021-05-05,16:03,岐阜,沼津,3,1,H,長良川
2021,J2,第１２節第１日,2021-05-05,18:03,琉球,京都,0,0,D,タピスタ
2021,J1,第１３節第１日,2021-05-08,14:03,鳥栖,広島,0,0,D,駅スタ
2021,J1,第１３節第１日,2021-05-08,15:03,名古屋,Ｃ大阪,1,0,H,豊田ス
2021,J1,第１３節第１日,2021-05-08,18:03,Ｇ大阪,川崎Ｆ,0,2,A,パナスタ
2021,J2,第１３節第１日,2021-05-08,18:03,愛媛,琉球,1,1,D,ニンスタ
2021,J1,第１３節第２日,2021-05-09,13:03,横浜FM,神戸,2,0,H,日産ス
2021,J2,第１３節第２日,2021-05-09,13:03,秋田,磐田,1,1,D,ソユスタ
2021,J2,第１３節第２日,2021-05-09,13:04,相模原,町田,1,1,D,ギオンス
2021,J1,第１３節第２日,2021-05-09,14:03,福岡,柏,1,0,H,ベススタ
2021,J1,第１３節第２日,2021-05-09,14:03,清水,横浜FC,1,1,D,アイスタ
2021,J2,第１３節第２日,2021-05-09,14:03,新潟,松本,0,0,D,デンカＳ
2021,J2,第１３節第２日,2021-05-09,14:03,金沢,山口,0,1,A,石川西部
2021,J2,第１３節第２日,2021-05-09,14:03,水戸,栃木,1,1,D,Ｋｓスタ
2021,J2,第１３節第２日,2021-05-09,14:03,千葉,岡山,4,2,H,フクアリ
2021,J2,第１３節第２日,2021-05-09,14:03,甲府,東京Ｖ,2,0,H,ＪＩＴス
2021,J2,第１３節第２日,2021-05-09,14:03,京都,山形,1,0,H,サンガＳ
2021,J1,第１３節第２日,2021-05-09,15:03,湘南,大分,2,0,H,レモンＳ
2021,J1,第１３節第２日,2021-05-09,15:03,徳島,札幌,1,2,A,鳴門大塚
2021,J2,第１３節第２日,2021-05-09,15:03,群馬,大宮,1,1,D,正田スタ
2021,J1,第１３節第２日,2021-05-09,16:03,浦和,仙台,2,0,H,埼玉
2021,J2,第１３節第２日,2021-05-09,16:03,北九州,長崎,0,1,A,ミクスタ
2021,J1,第１３節第２日,2021-05-09,17:01,鹿島,FC東京,3,0,H,カシマ
2021,J1,第２０節第１日,2021-05-12,18:03,Ｇ大阪,広島,1,2,A,パナスタ
2021,J1,第２０節第１日,2021-05-12,19:03,川崎Ｆ,仙台,2,2,D,等々力
2021,J1,第２１節第１日,2021-05-12,19:03,名古屋,鹿島,0,2,A,豊田ス
2021,J3,第８節第１日,2021-05-15,13:03,鹿児島,藤枝,0,3,A,白波スタ
2021,J1,第１４節第１日,2021-05-15,14:03,清水,名古屋,0,3,A,アイスタ
2021,J1,第１４節第１日,2021-05-15,14:03,仙台,福岡,0,1,A,ユアスタ
2021,J2,第１４節第１日,2021-05-15,14:03,甲府,秋田,1,0,H,ＪＩＴス
2021,J2,第１４節第１日,2021-05-15,14:03,磐田,群馬,1,0,H,ヤマハ
2021,J2,第１４節第１日,2021-05-15,14:03,長崎,千葉,2,2,D,トラスタ
2021,J2,第１４節第１日,2021-05-15,14:03,山口,相模原,1,0,H,みらスタ
2021,J2,第１４節第１日,2021-05-15,14:04,松本,金沢,0,0,D,サンアル
2021,J1,第１４節第１日,2021-05-15,15:03,鹿島,横浜FM,5,3,H,カシマ
2021,J1,第１４節第１日,2021-05-15,16:01,神戸,Ｃ大阪,1,1,D,ノエスタ
2021,J1,第１４節第１日,2021-05-15,16:03,柏,FC東京,0,4,A,三協Ｆ柏
2021,J1,第１４節第１日,2021-05-15,16:03,大分,鳥栖,1,1,D,昭和電ド
2021,J1,第１４節第１日,2021-05-15,16:04,広島,徳島,0,1,A,Ｅスタ
2021,J1,第１４節第１日,2021-05-15,17:03,横浜FC,湘南,2,0,H,ニッパツ
2021,J2,第１４節第１日,2021-05-15,18:03,琉球,栃木,4,2,H,タピスタ
2021,J3,第８節第２日,2021-05-16,13:03,岩手,岐阜,0,2,A,いわスタ
2021,J3,第８節第２日,2021-05-16,13:03,今治,讃岐,1,1,D,夢スタ
2021,J3,第８節第２日,2021-05-16,13:03,YS横浜,宮崎,0,2,A,ニッパツ
2021,J2,第１４節第２日,2021-05-16,14:03,山形,愛媛,1,0,H,ＮＤスタ
2021,J2,第１４節第２日,2021-05-16,14:03,大宮,岡山,0,0,D,ＮＡＣＫ
2021,J2,第１４節第２日,2021-05-16,14:03,京都,水戸,1,0,H,サンガＳ
2021,J3,第８節第２日,2021-05-16,14:03,熊本,長野,2,0,H,えがおＳ
2021,J3,第８節第２日,2021-05-16,14:03,福島,八戸,2,0,H,郡山西部
2021,J3,第８節第２日,2021-05-16,14:03,富山,沼津,3,0,H,富山
2021,J1,第１４節第２日,2021-05-16,15:03,川崎Ｆ,札幌,2,0,H,等々力
2021,J2,第１４節第２日,2021-05-16,15:03,町田,新潟,2,1,H,Ｇスタ
2021,J2,第１４節第２日,2021-05-16,15:03,東京Ｖ,北九州,2,0,H,味スタ
2021,J1,第１４節第２日,2021-05-16,17:03,Ｇ大阪,浦和,0,3,A,パナスタ
2021,J2,第１５節第１日,2021-05-19,18:33,秋田,山口,1,1,D,ソユスタ
2021,J1,第１５節第１日,2021-05-22,14:00,札幌,清水,2,0,H,札幌ド
2021,J1,第１５節第１日,2021-05-22,14:03,仙台,大分,2,1,H,ユアスタ
2021,J1,第１５節第１日,2021-05-22,14:03,鳥栖,鹿島,2,1,H,駅スタ
2021,J1,第１５節第１日,2021-05-22,15:03,川崎Ｆ,横浜FC,3,1,H,等々力
2021,J1,第１５節第１日,2021-05-22,16:04,浦和,神戸,2,0,H,埼玉
2021,J1,第１５節第１日,2021-05-22,17:03,福岡,湘南,2,1,H,ベススタ
2021,J1,第１５節第１日,2021-05-22,17:03,横浜FM,柏,1,1,D,日産ス
2021,J1,第１５節第１日,2021-05-22,18:03,徳島,名古屋,0,0,D,鳴門大塚
2021,J2,第１５節第２日,2021-05-22,18:03,琉球,山形,0,2,A,タピスタ
2021,J1,第１５節第１日,2021-05-22,19:01,FC東京,Ｇ大阪,1,0,H,味スタ
2021,J2,第１５節第３日,2021-05-23,14:03,岡山,長崎,0,1,A,Ｃスタ
2021,J2,第１５節第３日,2021-05-23,14:03,栃木,松本,3,0,H,カンセキ
2021,J2,第１５節第３日,2021-05-23,14:03,北九州,大宮,3,1,H,ミクスタ
2021,J2,第１５節第３日,2021-05-23,14:03,水戸,甲府,0,1,A,Ｋｓスタ
2021,J2,第１５節第３日,2021-05-23,14:03,千葉,町田,1,1,D,フクアリ
2021,J2,第１５節第３日,2021-05-23,14:03,新潟,京都,0,1,A,デンカＳ
2021,J2,第１５節第３日,2021-05-23,14:03,金沢,群馬,1,1,D,石川西部
2021,J1,第１５節第２日,2021-05-23,15:03,Ｃ大阪,広島,1,2,A,ヤンマー
2021,J2,第１５節第３日,2021-05-23,15:03,東京Ｖ,磐田,0,2,A,味スタ
2021,J3,第６節第２日,2021-05-26,13:03,福島,岩手,2,1,H,とうスタ
2021,J1,第１６節第１日,2021-05-26,19:01,広島,浦和,2,2,D,Ｅスタ
2021,J1,第１６節第１日,2021-05-26,19:03,湘南,川崎Ｆ,1,1,D,レモンＳ
2021,J1,第１６節第１日,2021-05-26,19:03,大分,横浜FM,0,1,A,昭和電ド
2021,J1,第１６節第１日,2021-05-26,19:03,名古屋,仙台,0,1,A,豊田ス
2021,J1,第１６節第１日,2021-05-26,19:03,柏,神戸,1,2,A,三協Ｆ柏
2021,J1,第１６節第１日,2021-05-26,19:03,横浜FC,福岡,1,1,D,ニッパツ
2021,J1,第１６節第１日,2021-05-26,19:03,清水,FC東京,3,0,H,アイスタ
2021,J1,第１６節第１日,2021-05-26,19:03,鹿島,Ｃ大阪,1,0,H,カシマ
2021,J1,第１６節第１日,2021-05-26,19:05,札幌,鳥栖,0,0,D,札幌ド
2021,J1,第１６節第２日,2021-05-27,19:03,Ｇ大阪,徳島,2,1,H,パナスタ
2021,J2,第１５節第４日,2021-05-27,19:03,相模原,愛媛,0,1,A,ギオンス
2021,J3,第９節第１日,2021-05-29,13:03,藤枝,熊本,0,1,A,藤枝サ
2021,J2,第１６節第１日,2021-05-29,14:03,長崎,山口,3,0,H,トラスタ
2021,J2,第１６節第１日,2021-05-29,14:03,大宮,千葉,0,2,A,ＮＡＣＫ
2021,J2,第１６節第１日,2021-05-29,14:03,群馬,栃木,0,0,D,正田スタ
2021,J2,第１６節第１日,2021-05-29,16:03,東京Ｖ,秋田,3,1,H,味スタ
2021,J2,第１６節第１日,2021-05-29,16:03,磐田,金沢,1,0,H,ヤマハ
2021,J1,第１７節第１日,2021-05-29,19:03,柏,札幌,1,2,A,三協Ｆ柏
2021,J2,第１６節第２日,2021-05-30,12:05,松本,岡山,1,3,A,サンアル
2021,J1,第１７節第２日,2021-05-30,13:03,横浜FM,清水,2,1,H,日産ス
2021,J3,第９節第２日,2021-05-30,13:03,沼津,福島,0,1,A,愛鷹
2021,J3,第９節第２日,2021-05-30,13:03,八戸,今治,2,1,H,プラスタ
2021,J3,第９節第２日,2021-05-30,13:03,鳥取,富山,0,3,A,Ａｘｉｓ
2021,J1,第１７節第２日,2021-05-30,14:03,神戸,鳥栖,1,1,D,ノエスタ
2021,J1,第１７節第２日,2021-05-30,14:03,FC東京,広島,0,0,D,味スタ
2021,J2,第１６節第２日,2021-05-30,14:03,山形,相模原,2,0,H,ＮＤスタ
2021,J2,第１６節第２日,2021-05-30,14:03,新潟,琉球,2,1,H,デンカＳ
2021,J2,第１６節第２日,2021-05-30,14:03,京都,甲府,0,0,D,サンガＳ
2021,J3,第９節第２日,2021-05-30,14:03,讃岐,岩手,1,1,D,ピカスタ
2021,J1,第１７節第２日,2021-05-30,15:03,仙台,Ｃ大阪,1,1,D,ユアスタ
2021,J1,第１７節第２日,2021-05-30,15:03,大分,福岡,2,1,H,昭和電ド
2021,J2,第１６節第２日,2021-05-30,15:03,町田,北九州,0,1,A,Ｇスタ
2021,J1,第１７節第２日,2021-05-30,15:04,徳島,湘南,1,1,D,鳴門大塚
2021,J3,第９節第２日,2021-05-30,16:03,長野,鹿児島,1,2,A,長野Ｕ
2021,J3,第９節第２日,2021-05-30,16:03,岐阜,YS横浜,1,2,A,長良川
2021,J1,第１７節第２日,2021-05-30,17:03,Ｇ大阪,横浜FC,2,0,H,パナスタ
2021,J2,第１６節第２日,2021-05-30,17:03,愛媛,水戸,0,5,A,ニンスタ
2021,J1,第１７節第２日,2021-05-30,18:04,浦和,名古屋,0,0,D,埼玉
2021,J1,第１７節第２日,2021-05-30,19:01,川崎Ｆ,鹿島,2,1,H,等々力
2021,J1,第１９節第２日,2021-06-02,19:03,湘南,Ｇ大阪,0,0,D,レモンＳ
2021,J1,第２１節第２日,2021-06-02,19:03,横浜FC,川崎Ｆ,0,2,A,ニッパツ
2021,J2,第１７節第１日,2021-06-04,19:03,群馬,水戸,2,1,H,正田スタ
2021,J3,第１０節第１日,2021-06-05,13:03,YS横浜,鳥取,2,1,H,ニッパツ
2021,J2,第１７節第２日,2021-06-05,13:30,山口,愛媛,2,2,D,みらスタ
2021,J2,第１７節第２日,2021-06-05,14:03,北九州,磐田,0,2,A,ミクスタ
2021,J2,第１７節第２日,2021-06-05,14:03,甲府,新潟,2,2,D,ＪＩＴス
2021,J2,第１７節第２日,2021-06-05,14:03,松本,町田,1,5,A,サンアル
2021,J2,第１７節第２日,2021-06-05,15:03,相模原,長崎,0,1,A,ギオンス
2021,J2,第１７節第２日,2021-06-05,15:03,秋田,琉球,1,1,D,ソユスタ
2021,J3,第１０節第１日,2021-06-05,15:03,今治,長野,0,0,D,夢スタ
2021,J2,第１７節第２日,2021-06-05,19:03,岡山,東京Ｖ,0,1,A,Ｃスタ
2021,J3,第１０節第２日,2021-06-06,13:03,鹿児島,讃岐,1,2,A,白波スタ
2021,J3,第１０節第２日,2021-06-06,13:03,福島,岐阜,1,2,A,とうスタ
2021,J3,第１０節第２日,2021-06-06,13:03,宮崎,八戸,2,0,H,ユニスタ
2021,J2,第１７節第３日,2021-06-06,14:03,栃木,京都,0,0,D,カンセキ
2021,J2,第１７節第３日,2021-06-06,14:03,金沢,大宮,1,0,H,石川西部
2021,J2,第１７節第３日,2021-06-06,14:03,千葉,山形,1,1,D,フクアリ
2021,J3,第１０節第２日,2021-06-06,14:03,熊本,沼津,0,1,A,えがおＳ
2021,J3,第１０節第２日,2021-06-06,17:03,岩手,藤枝,4,0,H,いわスタ
2021,J3,第１１節第１日,2021-06-12,15:03,岐阜,宮崎,3,1,H,長良川
2021,J3,第１１節第２日,2021-06-13,13:03,沼津,鹿児島,0,2,A,愛鷹
2021,J3,第１１節第２日,2021-06-13,13:03,藤枝,今治,1,1,D,藤枝サ
2021,J3,第１１節第２日,2021-06-13,13:03,鳥取,長野,1,8,A,チュスタ
2021,J3,第１１節第２日,2021-06-13,13:03,八戸,YS横浜,3,0,H,プラスタ
2021,J2,第１８節第１日,2021-06-13,14:03,長崎,松本,1,0,H,トラスタ
2021,J2,第１８節第１日,2021-06-13,14:03,山形,山口,2,0,H,ＮＤスタ
2021,J2,第１８節第１日,2021-06-13,14:03,水戸,相模原,2,0,H,Ｋｓスタ
2021,J2,第１８節第１日,2021-06-13,14:03,新潟,岡山,0,1,A,デンカＳ
2021,J2,第１８節第１日,2021-06-13,14:03,京都,群馬,2,2,D,サンガＳ
2021,J2,第１８節第１日,2021-06-13,14:03,千葉,東京Ｖ,0,1,A,フクアリ
2021,J3,第１１節第２日,2021-06-13,14:03,富山,熊本,1,1,D,富山
2021,J3,第１１節第２日,2021-06-13,14:03,讃岐,福島,1,2,A,ピカスタ
2021,J2,第１８節第１日,2021-06-13,15:03,町田,秋田,0,2,A,Ｇスタ
2021,J2,第１８節第１日,2021-06-13,15:03,磐田,甲府,1,0,H,ヤマハ
2021,J2,第１８節第１日,2021-06-13,18:03,愛媛,金沢,1,3,A,ニンスタ
2021,J2,第１８節第１日,2021-06-13,19:03,大宮,栃木,1,1,D,ＮＡＣＫ
2021,J2,第１８節第１日,2021-06-13,19:03,琉球,北九州,3,0,H,タピスタ
2021,J1,第１８節第２日,2021-06-19,13:03,福岡,神戸,1,2,A,ベススタ
2021,J1,第１８節第２日,2021-06-19,14:03,札幌,大分,2,0,H,札幌厚別
2021,J3,第１２節第１日,2021-06-19,17:03,岩手,沼津,3,2,H,いわスタ
2021,J1,第１８節第２日,2021-06-19,18:01,横浜FC,FC東京,0,1,A,ニッパツ
2021,J2,第１９節第１日,2021-06-19,18:03,栃木,長崎,0,2,A,カンセキ
2021,J2,第１９節第１日,2021-06-19,18:03,甲府,山口,2,2,D,ＪＩＴス
2021,J2,第１９節第１日,2021-06-19,18:03,松本,大宮,0,0,D,サンアル
2021,J1,第１８節第２日,2021-06-19,19:03,広島,柏,1,0,H,Ｅスタ
2021,J2,第１９節第１日,2021-06-19,19:03,岡山,琉球,3,0,H,Ｃスタ
2021,J2,第１９節第１日,2021-06-19,19:03,金沢,京都,1,2,A,石川西部
2021,J2,第１９節第１日,2021-06-19,19:03,磐田,千葉,1,0,H,ヤマハ
2021,J3,第１２節第１日,2021-06-19,19:03,鹿児島,八戸,0,0,D,白波スタ
2021,J3,第１２節第２日,2021-06-20,13:03,YS横浜,藤枝,4,3,H,ニッパツ
2021,J3,第１２節第２日,2021-06-20,14:03,長野,富山,4,0,H,長野Ｕ
2021,J2,第１９節第２日,2021-06-20,15:03,相模原,東京Ｖ,0,2,A,ギオンス
2021,J3,第１２節第２日,2021-06-20,15:03,宮崎,讃岐,2,2,D,ユニスタ
2021,J3,第１２節第２日,2021-06-20,16:03,今治,岐阜,3,0,H,夢スタ
2021,J1,第１８節第３日,2021-06-20,17:03,鹿島,仙台,1,1,D,カシマ
2021,J2,第１９節第２日,2021-06-20,18:03,水戸,山形,0,1,A,Ｋｓスタ
2021,J2,第１９節第２日,2021-06-20,19:03,群馬,町田,0,1,A,正田スタ
2021,J2,第１９節第２日,2021-06-20,19:03,北九州,愛媛,0,2,A,ミクスタ
2021,J1,第１８節第３日,2021-06-20,19:04,浦和,湘南,0,3,A,埼玉
2021,J3,第１２節第２日,2021-06-20,19:33,熊本,鳥取,1,1,D,えがおＳ
2021,J2,第１９節第３日,2021-06-21,19:03,秋田,新潟,0,2,A,ソユスタ
2021,J1,第１９節第３日,2021-06-23,18:03,神戸,横浜FC,5,0,H,ノエスタ
2021,J1,第１９節第３日,2021-06-23,19:01,横浜FM,鳥栖,2,0,H,ニッパツ
2021,J1,第１９節第３日,2021-06-23,19:03,大分,鹿島,0,0,D,昭和電ド
2021,J1,第１９節第３日,2021-06-23,19:03,柏,浦和,0,2,A,三協Ｆ柏
2021,J1,第１９節第３日,2021-06-23,19:03,徳島,FC東京,0,1,A,鳴門大塚
2021,J1,第１９節第３日,2021-06-23,19:03,仙台,清水,2,3,A,ユアスタ
2021,J2,第２０節第１日,2021-06-26,14:03,長崎,磐田,0,1,A,トラスタ
2021,J2,第２０節第１日,2021-06-26,15:03,秋田,相模原,1,1,D,ソユスタ
2021,J3,第１３節第１日,2021-06-26,17:03,岩手,YS横浜,0,2,A,いわスタ
2021,J3,第１３節第１日,2021-06-26,17:03,藤枝,宮崎,2,1,H,藤枝サ
2021,J2,第２０節第１日,2021-06-26,18:03,東京Ｖ,栃木,2,1,H,味スタ
2021,J2,第２０節第１日,2021-06-26,18:03,新潟,水戸,0,0,D,デンカＳ
2021,J3,第１３節第１日,2021-06-26,18:03,讃岐,熊本,1,2,A,ピカスタ
2021,J3,第１３節第１日,2021-06-26,18:03,富山,今治,1,1,D,富山
2021,J2,第２０節第１日,2021-06-26,18:33,京都,岡山,2,0,H,サンガＳ
2021,J2,第２０節第１日,2021-06-26,18:33,琉球,松本,4,0,H,タピスタ
2021,J2,第２０節第１日,2021-06-26,19:03,山形,金沢,4,1,H,ＮＤスタ
2021,J2,第２０節第１日,2021-06-26,19:03,北九州,千葉,0,0,D,ミクスタ
2021,J3,第１３節第１日,2021-06-26,19:03,鳥取,福島,0,1,A,Ａｘｉｓ
2021,J3,第１３節第２日,2021-06-27,16:03,沼津,長野,0,1,A,愛鷹
2021,J1,第２０節第２日,2021-06-27,18:03,横浜FC,清水,1,1,D,ニッパツ
2021,J1,第２０節第２日,2021-06-27,18:03,徳島,横浜FM,0,1,A,鳴門大塚
2021,J2,第２０節第２日,2021-06-27,18:03,甲府,群馬,6,2,H,ＪＩＴス
2021,J1,第２０節第２日,2021-06-27,18:33,鹿島,札幌,4,0,H,カシマ
2021,J1,第２０節第２日,2021-06-27,19:01,浦和,福岡,2,0,H,埼玉
2021,J1,第２０節第２日,2021-06-27,19:03,湘南,柏,2,4,A,レモンＳ
2021,J1,第２０節第２日,2021-06-27,19:03,FC東京,大分,3,0,H,味スタ
2021,J2,第２０節第２日,2021-06-27,19:03,町田,愛媛,5,0,H,Ｇスタ
2021,J2,第２０節第２日,2021-06-27,19:03,山口,大宮,0,1,A,みらスタ
2021,J3,第１３節第２日,2021-06-27,19:03,岐阜,鹿児島,1,0,H,長良川
2021,J3,第１４節第１日,2021-07-03,16:03,今治,鹿児島,1,2,A,夢スタ
2021,J1,第２１節第３日,2021-07-03,18:03,神戸,湘南,3,1,H,ノエスタ
2021,J2,第２１節第１日,2021-07-03,18:03,相模原,北九州,0,0,D,ギオンス
2021,J2,第２１節第１日,2021-07-03,18:03,栃木,町田,1,1,D,栃木グ
2021,J2,第２１節第１日,2021-07-03,18:03,水戸,山口,0,0,D,Ｋｓスタ
2021,J2,第２１節第１日,2021-07-03,18:03,松本,東京Ｖ,2,1,H,サンアル
2021,J3,第１４節第１日,2021-07-03,18:03,富山,岩手,1,0,H,富山
2021,J2,第２１節第１日,2021-07-03,18:04,千葉,群馬,2,0,H,フクアリ
2021,J2,第２１節第１日,2021-07-03,18:33,京都,長崎,0,2,A,サンガＳ
2021,J1,第２１節第３日,2021-07-03,19:01,柏,横浜FM,1,2,A,三協Ｆ柏
2021,J1,第２１節第３日,2021-07-03,19:03,広島,鳥栖,1,1,D,Ｅスタ
2021,J1,第２１節第３日,2021-07-03,19:03,仙台,浦和,0,0,D,ユアスタ
2021,J2,第２１節第１日,2021-07-03,19:03,大宮,山形,1,3,A,ＮＡＣＫ
2021,J2,第２１節第１日,2021-07-03,19:03,金沢,琉球,1,2,A,石川西部
2021,J2,第２１節第１日,2021-07-03,19:03,磐田,新潟,3,2,H,エコパ
2021,J2,第２１節第１日,2021-07-03,19:03,岡山,甲府,1,3,A,Ｃスタ
2021,J3,第１４節第１日,2021-07-03,19:03,鳥取,沼津,1,4,A,Ａｘｉｓ
2021,J3,第１４節第２日,2021-07-04,13:03,八戸,藤枝,1,0,H,プラスタ
2021,J1,第２１節第４日,2021-07-04,13:08,札幌,徳島,1,0,H,札幌厚別
2021,J3,第１４節第２日,2021-07-04,15:03,宮崎,福島,3,2,H,ユニスタ
2021,J3,第１４節第２日,2021-07-04,15:03,YS横浜,讃岐,1,2,A,ニッパツ
2021,J1,第２１節第４日,2021-07-04,18:03,清水,大分,1,0,H,アイスタ
2021,J2,第２１節第２日,2021-07-04,19:03,愛媛,秋田,1,3,A,ニンスタ
2021,J3,第１４節第２日,2021-07-04,19:03,長野,岐阜,2,1,H,長野Ｕ
2021,J3,第１５節第１日,2021-07-10,17:03,藤枝,鳥取,0,2,A,藤枝サ
2021,J1,第２２節第２日,2021-07-10,18:03,横浜FM,福岡,2,0,H,ニッパツ
2021,J1,第２２節第２日,2021-07-10,19:03,大分,浦和,1,0,H,昭和電ド
2021,J1,第２２節第２日,2021-07-10,19:03,仙台,札幌,1,1,D,ユアスタ
2021,J3,第１５節第１日,2021-07-10,19:03,八戸,讃岐,1,1,D,プラスタ
2021,J3,第１５節第１日,2021-07-10,19:03,鹿児島,富山,2,2,D,白波スタ
2021,J3,第１５節第２日,2021-07-11,15:03,福島,今治,4,1,H,あいづ
2021,J3,第１５節第２日,2021-07-11,16:03,沼津,宮崎,1,1,D,愛鷹
2021,J1,第２２節第３日,2021-07-11,18:03,広島,横浜FC,0,1,A,Ｅスタ
2021,J1,第２２節第３日,2021-07-11,18:03,徳島,清水,2,2,D,鳴門大塚
2021,J2,第２２節第１日,2021-07-11,18:03,秋田,千葉,1,1,D,ソユスタ
2021,J2,第２２節第１日,2021-07-11,18:03,長崎,大宮,1,1,D,トラスタ
2021,J2,第２２節第１日,2021-07-11,18:03,山形,松本,1,0,H,ＮＤスタ
2021,J2,第２２節第１日,2021-07-11,18:03,甲府,愛媛,1,0,H,ＪＩＴス
2021,J2,第２２節第１日,2021-07-11,18:03,新潟,栃木,3,0,H,デンカＳ
2021,J2,第２２節第１日,2021-07-11,18:33,琉球,相模原,0,1,A,タピスタ
2021,J1,第２２節第３日,2021-07-11,19:01,湘南,FC東京,0,1,A,レモンＳ
2021,J1,第２２節第３日,2021-07-11,19:03,柏,鹿島,2,1,H,三協Ｆ柏
2021,J2,第２２節第１日,2021-07-11,19:03,金沢,岡山,0,0,D,石川西部
2021,J2,第２２節第１日,2021-07-11,19:03,山口,磐田,2,2,D,みらスタ
2021,J2,第２２節第１日,2021-07-11,19:03,北九州,京都,0,2,A,ミクスタ
2021,J3,第１５節第２日,2021-07-11,19:03,長野,YS横浜,2,2,D,長野Ｕ
2021,J3,第１５節第２日,2021-07-11,19:03,熊本,岩手,1,1,D,えがおＳ
2021,J2,第２２節第１日,2021-07-11,19:04,群馬,東京Ｖ,2,2,D,正田スタ
2021,J2,第２２節第１日,2021-07-11,19:33,町田,水戸,2,1,H,Ｇスタ
2021,J2,第２３節第１日,2021-07-17,18:03,松本,水戸,0,1,A,サンアル
2021,J2,第２３節第１日,2021-07-17,18:03,栃木,甲府,0,1,A,栃木グ
2021,J2,第２３節第１日,2021-07-17,18:03,千葉,金沢,2,1,H,フクアリ
2021,J1,第１８節第４日,2021-07-17,18:33,清水,川崎Ｆ,0,2,A,アイスタ
2021,J2,第２３節第１日,2021-07-17,18:33,京都,新潟,1,1,D,サンガＳ
2021,J1,第２１節第５日,2021-07-17,18:34,福岡,Ｇ大阪,0,1,A,ベススタ
2021,J1,第２０節第３日,2021-07-17,19:03,Ｃ大阪,神戸,1,1,D,ヨドコウ
2021,J1,第２０節第３日,2021-07-17,19:03,鳥栖,名古屋,3,1,H,駅スタ
2021,J2,第２３節第１日,2021-07-17,19:03,長崎,北九州,3,2,H,トラスタ
2021,J2,第２３節第１日,2021-07-17,19:03,磐田,山形,1,2,A,ヤマハ
2021,J2,第２３節第１日,2021-07-17,19:03,山口,秋田,1,0,H,みらスタ
2021,J2,第２３節第２日,2021-07-18,18:03,岡山,群馬,0,1,A,Ｃスタ
2021,J2,第２３節第２日,2021-07-18,19:03,大宮,琉球,2,2,D,ＮＡＣＫ
2021,J2,第２３節第２日,2021-07-18,19:03,町田,相模原,1,0,H,Ｇスタ
2021,J2,第２３節第２日,2021-07-18,19:03,愛媛,東京Ｖ,2,2,D,ニンスタ
2021,J1,第２１節第６日,2021-07-21,19:03,Ｃ大阪,FC東京,3,3,D,ヨドコウ
2021,J1,第２２節第４日,2021-07-21,19:03,Ｇ大阪,神戸,1,2,A,パナスタ
2021,J1,第２節第３日,2021-07-24,19:03,Ｇ大阪,鹿島,0,1,A,パナスタ
2021,J1,第２２節第５日,2021-07-24,19:03,鳥栖,Ｃ大阪,3,3,D,駅スタ
2021,J1,第３節第２日,2021-07-27,19:03,Ｇ大阪,大分,2,1,H,パナスタ
2021,J1,第４節第３日,2021-07-30,18:03,札幌,Ｇ大阪,0,2,A,札幌厚別
2021,J1,第５節第２日,2021-08-03,19:03,仙台,Ｇ大阪,0,1,A,ユアスタ
2021,J1,第６節第３日,2021-08-06,19:03,Ｇ大阪,横浜FM,2,3,A,パナスタ
2021,J1,第２３節第１日,2021-08-09,15:03,札幌,浦和,2,1,H,札幌ド
2021,J2,第２４節第１日,2021-08-09,17:03,相模原,栃木,0,0,D,ギオンス
2021,J1,第２３節第１日,2021-08-09,18:03,横浜FC,名古屋,2,0,H,ニッパツ
2021,J1,第２３節第１日,2021-08-09,18:03,清水,横浜FM,2,2,D,アイスタ
2021,J1,第２３節第１日,2021-08-09,18:03,神戸,柏,1,2,A,ノエスタ
2021,J2,第２４節第１日,2021-08-09,18:03,新潟,大宮,2,2,D,デンカＳ
2021,J2,第２４節第１日,2021-08-09,18:03,甲府,磐田,2,2,D,ＪＩＴス
2021,J2,第２４節第１日,2021-08-09,18:33,京都,町田,2,1,H,サンガＳ
2021,J2,第２４節第１日,2021-08-09,18:33,秋田,松本,1,4,A,ソユスタ
2021,J1,第２３節第１日,2021-08-09,19:03,大分,川崎Ｆ,0,2,A,昭和電ド
2021,J1,第２３節第１日,2021-08-09,19:03,Ｃ大阪,仙台,0,0,D,ヨドコウ
2021,J1,第２３節第１日,2021-08-09,19:03,福岡,広島,1,1,D,ベススタ
2021,J1,第２３節第１日,2021-08-09,19:03,鳥栖,FC東京,1,0,H,駅スタ
2021,J1,第２３節第１日,2021-08-09,19:03,湘南,鹿島,1,2,A,レモンＳ
2021,J2,第２４節第１日,2021-08-09,19:03,北九州,琉球,1,2,A,ミクスタ
2021,J2,第２４節第１日,2021-08-09,19:03,山形,千葉,3,1,H,ＮＤスタ
2021,J2,第２４節第１日,2021-08-09,19:03,群馬,愛媛,1,1,D,正田スタ
2021,J2,第２４節第１日,2021-08-09,19:03,水戸,東京Ｖ,1,1,D,Ｋｓスタ
2021,J2,第２４節第１日,2021-08-09,19:03,岡山,山口,1,0,H,Ｃスタ
2021,J1,第２３節第１日,2021-08-09,19:04,徳島,Ｇ大阪,2,1,H,鳴門大塚
2021,J1,第１８節第５日,2021-08-12,19:03,横浜FM,名古屋,2,0,H,ニッパツ
2021,J1,第２４節第１日,2021-08-13,19:03,清水,Ｇ大阪,0,1,A,アイスタ
2021,J1,第２４節第２日,2021-08-14,14:03,札幌,FC東京,3,2,H,札幌ド
2021,J2,第２５節第１日,2021-08-14,18:03,相模原,甲府,2,1,H,ギオンス
2021,J2,第２５節第１日,2021-08-14,18:04,千葉,新潟,0,0,D,フクアリ
2021,J2,第２５節第１日,2021-08-14,18:33,琉球,水戸,0,1,A,タピスタ
2021,J1,第２４節第２日,2021-08-14,19:03,浦和,鳥栖,2,1,H,浦和駒場
2021,J1,第２４節第２日,2021-08-14,19:03,仙台,横浜FC,0,0,D,ユアスタ
2021,J1,第２４節第２日,2021-08-14,19:03,柏,川崎Ｆ,0,0,D,三協Ｆ柏
2021,J2,第２５節第１日,2021-08-14,19:03,町田,岡山,1,1,D,Ｇスタ
2021,J2,第２５節第１日,2021-08-14,19:03,大宮,秋田,1,1,D,ＮＡＣＫ
2021,J2,第２５節第１日,2021-08-14,19:03,磐田,東京Ｖ,2,1,H,ヤマハ
2021,J1,第２４節第３日,2021-08-15,18:03,横浜FM,大分,5,1,H,ニッパツ
2021,J1,第２４節第３日,2021-08-15,18:03,名古屋,湘南,1,0,H,豊田ス
2021,J1,第２４節第３日,2021-08-15,18:33,鹿島,徳島,3,0,H,カシマ
2021,J1,第２４節第３日,2021-08-15,19:03,福岡,Ｃ大阪,2,1,H,ベススタ
2021,J2,第２５節第２日,2021-08-15,19:03,愛媛,北九州,2,2,D,ニンスタ
2021,J1,第２５節第１日,2021-08-21,18:03,横浜FM,仙台,5,0,H,ニッパツ
2021,J1,第２５節第１日,2021-08-21,18:03,神戸,鹿島,1,0,H,ノエスタ
2021,J2,第２６節第１日,2021-08-21,18:03,栃木,東京Ｖ,2,2,D,栃木グ
2021,J2,第２６節第１日,2021-08-21,18:03,甲府,千葉,1,1,D,ＪＩＴス
2021,J1,第２５節第１日,2021-08-21,19:01,Ｇ大阪,FC東京,0,0,D,パナスタ
2021,J1,第２５節第１日,2021-08-21,19:03,Ｃ大阪,横浜FC,3,1,H,ヨドコウ
2021,J1,第２５節第１日,2021-08-21,19:03,大分,札幌,1,1,D,昭和電ド
2021,J1,第２５節第１日,2021-08-21,19:03,柏,鳥栖,1,3,A,三協Ｆ柏
2021,J1,第２５節第１日,2021-08-21,19:03,広島,川崎Ｆ,1,1,D,Ｅスタ
2021,J1,第２５節第１日,2021-08-21,19:03,湘南,清水,1,1,D,レモンＳ
2021,J1,第２５節第１日,2021-08-21,19:03,徳島,浦和,0,1,A,鳴門大塚
2021,J2,第２６節第１日,2021-08-21,19:03,岡山,大宮,1,0,H,Ｃスタ
2021,J2,第２６節第１日,2021-08-21,19:03,金沢,磐田,1,2,A,石川西部
2021,J1,第２５節第２日,2021-08-22,18:03,名古屋,福岡,1,0,H,豊田ス
2021,J2,第２６節第２日,2021-08-22,18:03,松本,愛媛,0,1,A,サンアル
2021,J2,第２６節第２日,2021-08-22,18:03,新潟,相模原,2,1,H,デンカＳ
2021,J2,第２６節第２日,2021-08-22,18:34,秋田,長崎,1,1,D,ソユスタ
2021,J2,第２６節第２日,2021-08-22,19:03,山形,琉球,2,2,D,ＮＤスタ
2021,J2,第２６節第２日,2021-08-22,19:03,水戸,京都,0,2,A,Ｋｓスタ
2021,J2,第２６節第２日,2021-08-22,19:03,群馬,山口,3,0,H,正田スタ
2021,J2,第２６節第２日,2021-08-22,19:03,北九州,町田,2,1,H,ミクスタ
2021,J2,第２５節第３日,2021-08-25,18:03,栃木,群馬,0,1,A,栃木グ
2021,J1,第２６節第１日,2021-08-25,19:03,Ｃ大阪,湘南,1,5,A,ヨドコウ
2021,J1,第２６節第１日,2021-08-25,19:03,徳島,柏,0,1,A,鳴門大塚
2021,J1,第２６節第１日,2021-08-25,19:03,大分,神戸,1,3,A,昭和電ド
2021,J1,第２６節第１日,2021-08-25,19:03,仙台,FC東京,1,2,A,ユアスタ
2021,J1,第２６節第１日,2021-08-25,19:03,鳥栖,横浜FM,0,4,A,駅スタ
2021,J1,第２６節第１日,2021-08-25,19:03,浦和,広島,1,0,H,浦和駒場
2021,J1,第２６節第１日,2021-08-25,19:03,清水,鹿島,0,4,A,アイスタ
2021,J1,第２６節第１日,2021-08-25,19:03,横浜FC,Ｇ大阪,3,1,H,ニッパツ
2021,J1,第２６節第１日,2021-08-25,19:03,福岡,川崎Ｆ,1,0,H,ベススタ
2021,J1,第２６節第１日,2021-08-25,19:03,札幌,名古屋,0,2,A,札幌厚別
2021,J2,第２４節第２日,2021-08-25,19:03,金沢,長崎,0,2,A,石川西部
2021,J1,第２７節第１日,2021-08-28,14:01,札幌,川崎Ｆ,0,2,A,札幌ド
2021,J3,第１６節第１日,2021-08-28,17:03,岩手,八戸,3,2,H,いわスタ
2021,J1,第２７節第１日,2021-08-28,18:03,神戸,FC東京,0,1,A,ノエスタ
2021,J2,第２７節第１日,2021-08-28,18:03,千葉,長崎,2,0,H,フクアリ
2021,J3,第１６節第１日,2021-08-28,18:03,讃岐,鹿児島,1,2,A,ピカスタ
2021,J3,第１６節第１日,2021-08-28,18:03,岐阜,福島,0,4,A,長良川
2021,J2,第２７節第１日,2021-08-28,18:33,琉球,秋田,2,1,H,タピスタ
2021,J2,第２７節第１日,2021-08-28,18:33,京都,東京Ｖ,3,1,H,サンガＳ
2021,J3,第１６節第１日,2021-08-28,18:33,富山,藤枝,2,1,H,富山
2021,J1,第２７節第１日,2021-08-28,19:03,Ｇ大阪,Ｃ大阪,0,1,A,パナスタ
2021,J1,第２７節第１日,2021-08-28,19:03,広島,大分,4,1,H,Ｅスタ
2021,J2,第２７節第１日,2021-08-28,19:03,北九州,岡山,0,0,D,ミクスタ
2021,J2,第２７節第１日,2021-08-28,19:03,水戸,新潟,4,0,H,Ｋｓスタ
2021,J2,第２７節第１日,2021-08-28,19:03,磐田,相模原,1,1,D,ヤマハ
2021,J2,第２７節第１日,2021-08-28,19:03,山口,山形,2,1,H,みらスタ
2021,J3,第１６節第１日,2021-08-28,19:03,鳥取,熊本,1,2,A,Ａｘｉｓ
2021,J1,第２７節第１日,2021-08-28,19:04,横浜FM,鹿島,0,2,A,日産ス
2021,J3,第１６節第２日,2021-08-29,15:03,宮崎,長野,0,2,A,ユニスタ
2021,J3,第１６節第２日,2021-08-29,16:03,今治,沼津,0,0,D,夢スタ
2021,J1,第２７節第２日,2021-08-29,18:03,名古屋,清水,1,1,D,豊田ス
2021,J1,第２７節第２日,2021-08-29,19:03,湘南,浦和,0,0,D,レモンＳ
2021,J1,第２７節第２日,2021-08-29,19:03,仙台,鳥栖,0,1,A,ユアスタ
2021,J1,第２７節第２日,2021-08-29,19:03,柏,横浜FC,2,1,H,三協Ｆ柏
2021,J1,第２７節第２日,2021-08-29,19:03,福岡,徳島,3,0,H,ベススタ
2021,J2,第２７節第２日,2021-08-29,19:03,群馬,金沢,0,0,D,正田スタ
2021,J2,第２７節第２日,2021-08-29,19:03,町田,甲府,3,0,H,Ｇスタ
2021,J2,第２７節第２日,2021-08-29,19:03,大宮,松本,4,0,H,ＮＡＣＫ
2021,J2,第２７節第２日,2021-08-29,19:03,愛媛,栃木,0,1,A,ニンスタ
2021,J3,第１７節第１日,2021-09-04,15:03,YS横浜,岐阜,0,3,A,ニッパツ
2021,J3,第１７節第１日,2021-09-04,17:03,藤枝,讃岐,5,0,H,藤枝サ
2021,J2,第２８節第１日,2021-09-04,18:03,新潟,北九州,0,0,D,デンカＳ
2021,J2,第２８節第１日,2021-09-04,18:03,松本,磐田,0,4,A,サンアル
2021,J2,第２８節第１日,2021-09-04,18:03,秋田,群馬,1,0,H,ソユスタ
2021,J2,第２８節第１日,2021-09-04,18:03,相模原,千葉,1,0,H,ギオンス
2021,J2,第２８節第１日,2021-09-04,18:04,甲府,京都,3,0,H,ＪＩＴス
2021,J2,第２８節第１日,2021-09-04,19:03,山形,水戸,0,1,A,ＮＤスタ
2021,J2,第２８節第１日,2021-09-04,19:03,長崎,琉球,3,1,H,トラスタ
2021,J2,第２８節第１日,2021-09-04,19:03,金沢,町田,0,4,A,石川西部
2021,J3,第１７節第１日,2021-09-04,19:03,八戸,宮崎,0,1,A,プラスタ
2021,J3,第１７節第２日,2021-09-05,15:03,福島,鳥取,2,1,H,とうスタ
2021,J3,第１７節第２日,2021-09-05,16:03,沼津,富山,2,1,H,愛鷹
2021,J3,第１７節第２日,2021-09-05,17:03,熊本,今治,1,0,H,えがおＳ
2021,J1,第２４節第４日,2021-09-05,18:03,広島,神戸,1,1,D,Ｅスタ
2021,J2,第２８節第２日,2021-09-05,18:03,栃木,山口,3,2,H,栃木グ
2021,J2,第２８節第２日,2021-09-05,18:03,岡山,愛媛,0,0,D,Ｃスタ
2021,J3,第１７節第２日,2021-09-05,18:03,長野,岩手,0,1,A,長野Ｕ
2021,J2,第２８節第２日,2021-09-05,19:03,大宮,東京Ｖ,2,1,H,ＮＡＣＫ
2021,J2,第２５節第４日,2021-09-07,19:03,松本,京都,2,2,D,サンアル
2021,J1,第１９節第４日,2021-09-08,19:03,札幌,Ｃ大阪,0,3,A,札幌厚別
2021,J1,第２８節第１日,2021-09-10,19:04,名古屋,徳島,3,0,H,豊田ス
2021,J3,第１８節第１日,2021-09-11,16:03,岐阜,鳥取,0,3,A,長良川
2021,J2,第２９節第１日,2021-09-11,18:03,千葉,磐田,1,3,A,フクアリ
2021,J2,第２９節第１日,2021-09-11,18:03,東京Ｖ,松本,2,0,H,味スタ
2021,J3,第１８節第１日,2021-09-11,18:03,富山,長野,3,0,H,富山
2021,J1,第２８節第２日,2021-09-11,18:04,鹿島,福岡,0,3,A,カシマ
2021,J1,第２８節第２日,2021-09-11,18:04,Ｃ大阪,札幌,0,2,A,ヨドコウ
2021,J2,第２９節第１日,2021-09-11,18:04,水戸,秋田,0,3,A,Ｋｓスタ
2021,J1,第２８節第２日,2021-09-11,18:05,横浜FC,浦和,0,2,A,ニッパツ
2021,J2,第２９節第１日,2021-09-11,18:05,新潟,山形,1,2,A,デンカＳ
2021,J1,第２８節第２日,2021-09-11,18:34,大分,湘南,2,0,H,昭和電ド
2021,J2,第２９節第１日,2021-09-11,18:34,京都,琉球,2,1,H,サンガＳ
2021,J1,第２８節第２日,2021-09-11,19:03,鳥栖,清水,2,1,H,駅スタ
2021,J2,第２９節第１日,2021-09-11,19:03,長崎,相模原,0,0,D,トラスタ
2021,J2,第２９節第１日,2021-09-11,19:03,北九州,金沢,1,0,H,ミクスタ
2021,J2,第２９節第１日,2021-09-11,19:03,岡山,栃木,0,1,A,Ｃスタ
2021,J1,第２８節第２日,2021-09-11,19:04,広島,横浜FM,1,3,A,Ｅスタ
2021,J2,第２９節第１日,2021-09-11,19:04,山口,町田,0,1,A,みらスタ
2021,J3,第１８節第１日,2021-09-11,19:04,鹿児島,岩手,1,2,A,白波スタ
2021,J3,第１８節第２日,2021-09-12,15:03,福島,沼津,2,1,H,とうスタ
2021,J3,第１８節第２日,2021-09-12,15:04,讃岐,八戸,0,1,A,ピカスタ
2021,J3,第１８節第２日,2021-09-12,15:04,宮崎,YS横浜,1,1,D,ユニスタ
2021,J3,第１８節第２日,2021-09-12,15:34,今治,藤枝,4,3,H,夢スタ
2021,J2,第２９節第２日,2021-09-12,18:03,群馬,甲府,0,3,A,正田スタ
2021,J1,第２８節第３日,2021-09-12,18:33,Ｇ大阪,仙台,2,3,A,パナスタ
2021,J1,第２８節第３日,2021-09-12,19:04,FC東京,柏,0,1,A,味スタ
2021,J2,第２９節第２日,2021-09-12,19:04,愛媛,大宮,3,3,D,ニンスタ
2021,J2,第２５節第５日,2021-09-14,19:03,長崎,山形,5,1,H,トラスタ
2021,J2,第２５節第５日,2021-09-14,19:03,山口,金沢,4,1,H,みらスタ
2021,J3,第１９節第１日,2021-09-18,13:03,YS横浜,今治,0,0,D,ニッパツ
2021,J1,第２９節第２日,2021-09-18,18:03,神戸,札幌,1,0,H,神戸ユ
2021,J1,第２９節第２日,2021-09-18,18:03,柏,広島,0,3,A,三協Ｆ柏
2021,J1,第２９節第２日,2021-09-18,18:03,鹿島,Ｇ大阪,3,1,H,カシマ
2021,J1,第２９節第２日,2021-09-18,18:03,湘南,福岡,1,1,D,レモンＳ
2021,J2,第３０節第１日,2021-09-18,18:03,千葉,愛媛,1,0,H,フクアリ
2021,J2,第３０節第１日,2021-09-18,18:03,甲府,大宮,1,0,H,ＪＩＴス
2021,J2,第３０節第１日,2021-09-18,18:03,栃木,水戸,0,0,D,カンセキ
2021,J1,第２９節第２日,2021-09-18,18:33,徳島,川崎Ｆ,1,3,A,鳴門大塚
2021,J1,第２９節第２日,2021-09-18,19:01,名古屋,横浜FM,2,1,H,豊田ス
2021,J1,第２９節第２日,2021-09-18,19:03,鳥栖,大分,0,0,D,駅スタ
2021,J1,第２９節第２日,2021-09-18,19:03,清水,仙台,2,1,H,アイスタ
2021,J1,第２９節第２日,2021-09-18,19:03,FC東京,横浜FC,4,0,H,味スタ
2021,J2,第３０節第１日,2021-09-18,19:03,琉球,群馬,0,1,A,タピスタ
2021,J2,第３０節第１日,2021-09-18,19:03,町田,長崎,3,3,D,Ｇスタ
2021,J2,第３０節第１日,2021-09-18,19:03,山形,京都,0,2,A,ＮＤスタ
2021,J2,第３０節第１日,2021-09-18,19:03,磐田,岡山,1,1,D,ヤマハ
2021,J3,第１９節第１日,2021-09-18,19:03,鳥取,鹿児島,0,2,A,Ａｘｉｓ
2021,J1,第２９節第２日,2021-09-18,19:04,浦和,Ｃ大阪,2,0,H,埼玉
2021,J3,第１９節第２日,2021-09-19,13:03,藤枝,福島,1,0,H,藤枝サ
2021,J2,第３０節第２日,2021-09-19,15:03,秋田,北九州,1,1,D,ソユスタ
2021,J3,第１９節第２日,2021-09-19,15:03,沼津,讃岐,0,2,A,愛鷹
2021,J2,第３０節第２日,2021-09-19,17:03,相模原,山口,2,0,H,ギオンス
2021,J3,第１９節第２日,2021-09-19,17:03,岩手,宮崎,0,1,A,いわスタ
2021,J2,第３０節第２日,2021-09-19,18:03,東京Ｖ,新潟,1,3,A,味スタ
2021,J3,第１９節第２日,2021-09-19,18:03,長野,熊本,0,2,A,長野Ｕ
2021,J2,第３０節第２日,2021-09-19,19:03,金沢,松本,1,1,D,石川西部
2021,J1,第３２節第１日,2021-09-22,19:03,広島,Ｃ大阪,0,1,A,Ｅスタ
2021,J1,第３２節第１日,2021-09-22,19:03,FC東京,名古屋,1,1,D,味スタ
2021,J1,第３２節第１日,2021-09-22,19:03,鹿島,川崎Ｆ,1,2,A,カシマ
2021,J1,第３０節第１日,2021-09-24,19:05,清水,神戸,0,2,A,アイスタ
2021,J1,第３０節第２日,2021-09-25,14:03,仙台,徳島,0,1,A,ユアスタ
2021,J2,第３１節第１日,2021-09-25,14:03,群馬,千葉,0,1,A,正田スタ
2021,J2,第３１節第１日,2021-09-25,14:03,新潟,甲府,1,0,H,デンカＳ
2021,J2,第３１節第１日,2021-09-25,14:03,大宮,相模原,1,0,H,ＮＡＣＫ
2021,J1,第３０節第２日,2021-09-25,15:03,FC東京,浦和,1,2,A,味スタ
2021,J1,第３０節第２日,2021-09-25,18:03,横浜FC,横浜FM,2,2,D,ニッパツ
2021,J3,第２０節第１日,2021-09-25,18:03,鹿児島,岐阜,1,0,H,白波スタ
2021,J2,第３１節第１日,2021-09-25,18:33,京都,栃木,2,0,H,サンガＳ
2021,J2,第３１節第１日,2021-09-25,19:03,愛媛,山形,0,4,A,ニンスタ
2021,J2,第３１節第１日,2021-09-25,19:03,磐田,琉球,2,0,H,ヤマハ
2021,J2,第３１節第１日,2021-09-25,19:03,山口,長崎,1,3,A,みらスタ
2021,J1,第３０節第２日,2021-09-25,19:04,福岡,鳥栖,3,0,H,ベススタ
2021,J1,第３０節第３日,2021-09-26,13:01,札幌,広島,0,2,A,札幌ド
2021,J2,第３１節第２日,2021-09-26,13:03,岡山,秋田,1,1,D,Ｃスタ
2021,J3,第２０節第２日,2021-09-26,13:03,宮崎,沼津,2,1,H,ユニスタ
2021,J3,第２０節第２日,2021-09-26,13:03,富山,鳥取,0,2,A,富山
2021,J2,第３１節第２日,2021-09-26,13:33,松本,北九州,2,1,H,サンアル
2021,J2,第３１節第２日,2021-09-26,14:03,水戸,金沢,2,1,H,Ｋｓスタ
2021,J3,第２０節第２日,2021-09-26,14:03,讃岐,YS横浜,0,1,A,ピカスタ
2021,J3,第２０節第２日,2021-09-26,14:03,熊本,福島,1,0,H,えがおＳ
2021,J1,第３０節第３日,2021-09-26,15:03,Ｃ大阪,鹿島,1,2,A,ヨドコウ
2021,J2,第３１節第２日,2021-09-26,15:03,東京Ｖ,町田,0,1,A,味スタ
2021,J3,第２０節第２日,2021-09-26,15:03,今治,岩手,0,1,A,夢スタ
2021,J1,第３０節第３日,2021-09-26,16:03,名古屋,大分,1,0,H,豊田ス
2021,J1,第３０節第３日,2021-09-26,17:03,川崎Ｆ,湘南,2,1,H,等々力
2021,J1,第３０節第３日,2021-09-26,19:03,Ｇ大阪,柏,2,1,H,パナスタ
2021,J1,第２８節第４日,2021-09-29,19:03,川崎Ｆ,神戸,3,1,H,等々力
2021,J1,第３１節第１日,2021-10-01,19:03,湘南,横浜FM,0,1,A,レモンＳ
2021,J2,第３２節第１日,2021-10-02,13:03,秋田,愛媛,0,2,A,ソユスタ
2021,J1,第３１節第２日,2021-10-02,13:34,福岡,清水,1,2,A,ベススタ
2021,J2,第３２節第１日,2021-10-02,14:03,長崎,京都,2,0,H,トラスタ
2021,J2,第３２節第１日,2021-10-02,14:03,甲府,山形,2,0,H,ＪＩＴス
2021,J1,第３１節第２日,2021-10-02,15:03,神戸,浦和,5,1,H,ノエスタ
2021,J3,第２１節第１日,2021-10-02,15:03,岐阜,今治,2,1,H,長良川
2021,J1,第３１節第２日,2021-10-02,16:03,鹿島,横浜FC,1,2,A,カシマ
2021,J1,第３１節第２日,2021-10-02,16:03,柏,仙台,1,1,D,三協Ｆ柏
2021,J1,第３１節第２日,2021-10-02,17:03,川崎Ｆ,FC東京,1,0,H,等々力
2021,J2,第３２節第１日,2021-10-02,18:33,琉球,岡山,1,1,D,タピスタ
2021,J1,第３１節第２日,2021-10-02,19:03,Ｇ大阪,札幌,1,5,A,パナスタ
2021,J3,第２１節第１日,2021-10-02,19:03,鹿児島,YS横浜,1,3,A,白波スタ
2021,J1,第３１節第３日,2021-10-03,13:03,徳島,鳥栖,3,0,H,鳴門大塚
2021,J2,第３２節第２日,2021-10-03,13:03,相模原,水戸,4,4,D,ギオンス
2021,J3,第２１節第２日,2021-10-03,13:03,鳥取,宮崎,0,4,A,チュスタ
2021,J3,第２１節第２日,2021-10-03,13:03,沼津,八戸,7,2,H,愛鷹
2021,J3,第２１節第２日,2021-10-03,13:03,福島,富山,1,3,A,とうスタ
2021,J2,第３２節第２日,2021-10-03,14:03,栃木,大宮,1,3,A,カンセキ
2021,J2,第３２節第２日,2021-10-03,14:03,千葉,松本,0,0,D,フクアリ
2021,J2,第３２節第２日,2021-10-03,14:03,山口,東京Ｖ,1,2,A,みらスタ
2021,J2,第３２節第２日,2021-10-03,14:03,北九州,群馬,2,2,D,ミクスタ
2021,J2,第３２節第２日,2021-10-03,14:04,金沢,新潟,1,0,H,石川西部
2021,J1,第３１節第３日,2021-10-03,15:03,広島,名古屋,1,0,H,Ｅスタ
2021,J2,第３２節第２日,2021-10-03,15:03,町田,磐田,1,2,A,Ｇスタ
2021,J3,第２１節第２日,2021-10-03,15:05,長野,讃岐,0,0,D,長野Ｕ
2021,J1,第３１節第３日,2021-10-03,16:03,大分,Ｃ大阪,1,0,H,昭和電ド
2021,J3,第２１節第２日,2021-10-03,19:03,熊本,藤枝,3,2,H,えがおＳ
2021,J3,第１９節第３日,2021-10-06,19:03,八戸,富山,0,1,A,プラスタ
2021,J3,第２２節第１日,2021-10-09,13:03,YS横浜,長野,0,0,D,ニッパツ
2021,J2,第３３節第１日,2021-10-09,14:03,新潟,山口,1,0,H,デンカＳ
2021,J2,第３３節第１日,2021-10-09,14:03,甲府,琉球,1,0,H,ＪＩＴス
2021,J2,第３３節第１日,2021-10-09,14:04,大宮,金沢,2,2,D,ＮＡＣＫ
2021,J2,第３３節第１日,2021-10-09,15:03,東京Ｖ,岡山,1,2,A,味スタ
2021,J2,第３３節第１日,2021-10-09,15:03,磐田,北九州,4,1,H,ヤマハ
2021,J3,第２２節第１日,2021-10-09,17:03,岩手,鳥取,2,1,H,いわスタ
2021,J3,第２２節第２日,2021-10-10,13:03,八戸,熊本,0,5,A,プラスタ
2021,J3,第２２節第２日,2021-10-10,13:03,今治,宮崎,0,1,A,夢スタ
2021,J3,第２２節第２日,2021-10-10,13:03,福島,鹿児島,1,1,D,とうスタ
2021,J2,第３３節第２日,2021-10-10,14:03,山形,秋田,2,1,H,ＮＤスタ
2021,J2,第３３節第２日,2021-10-10,14:03,京都,相模原,2,1,H,サンガＳ
2021,J2,第３３節第２日,2021-10-10,14:03,水戸,群馬,2,1,H,Ｋｓスタ
2021,J2,第３３節第２日,2021-10-10,14:03,松本,栃木,0,1,A,サンアル
2021,J3,第２２節第２日,2021-10-10,14:03,藤枝,沼津,5,1,H,藤枝サ
2021,J3,第２２節第２日,2021-10-10,14:03,讃岐,岐阜,0,0,D,ピカスタ
2021,J2,第３３節第２日,2021-10-10,15:03,町田,千葉,0,1,A,Ｇスタ
2021,J2,第３３節第２日,2021-10-10,16:03,愛媛,長崎,0,2,A,ニンスタ
2021,J2,第３４節第１日,2021-10-16,13:03,秋田,町田,0,2,A,ソユスタ
2021,J3,第２３節第１日,2021-10-16,13:03,沼津,熊本,1,3,A,愛鷹
2021,J1,第３２節第２日,2021-10-16,14:03,鳥栖,湘南,1,1,D,駅スタ
2021,J2,第３４節第１日,2021-10-16,14:03,相模原,山形,0,1,A,ギオンス
2021,J2,第３４節第１日,2021-10-16,14:03,北九州,東京Ｖ,2,2,D,ミクスタ
2021,J2,第３４節第１日,2021-10-16,14:03,長崎,新潟,1,1,D,トラスタ
2021,J1,第３２節第２日,2021-10-16,15:03,清水,柏,0,1,A,アイスタ
2021,J1,第３２節第２日,2021-10-16,15:04,浦和,Ｇ大阪,1,1,D,埼玉
2021,J1,第３２節第２日,2021-10-16,16:03,横浜FC,徳島,5,3,H,ニッパツ
2021,J1,第３２節第２日,2021-10-16,16:03,神戸,福岡,1,0,H,ノエスタ
2021,J2,第３４節第１日,2021-10-16,18:33,琉球,愛媛,0,1,A,タピスタ
2021,J1,第３２節第２日,2021-10-16,19:02,横浜FM,札幌,2,1,H,日産ス
2021,J2,第３４節第２日,2021-10-17,13:03,岡山,松本,3,0,H,Ｃスタ
2021,J3,第２３節第２日,2021-10-17,13:03,富山,讃岐,1,0,H,富山
2021,J3,第２３節第２日,2021-10-17,13:03,八戸,福島,1,1,D,プラスタ
2021,J3,第２３節第２日,2021-10-17,13:03,宮崎,鹿児島,3,2,H,ユニスタ
2021,J3,第２３節第２日,2021-10-17,13:03,鳥取,YS横浜,1,2,A,Ａｘｉｓ
2021,J1,第３２節第３日,2021-10-17,14:03,大分,仙台,2,0,H,昭和電ド
2021,J2,第３４節第２日,2021-10-17,14:03,金沢,甲府,1,2,A,石川西部
2021,J2,第３４節第２日,2021-10-17,14:03,栃木,磐田,1,1,D,カンセキ
2021,J2,第３４節第２日,2021-10-17,14:03,山口,水戸,2,2,D,ＳＶ下関
2021,J2,第３４節第２日,2021-10-17,14:03,千葉,大宮,2,1,H,フクアリ
2021,J3,第２３節第２日,2021-10-17,14:03,長野,藤枝,1,3,A,長野Ｕ
2021,J2,第３４節第２日,2021-10-17,16:03,群馬,京都,1,1,D,正田スタ
2021,J3,第２３節第２日,2021-10-17,16:03,岐阜,岩手,2,2,D,長良川
2021,J3,第２０節第３日,2021-10-20,19:03,八戸,長野,0,0,D,プラスタ
2021,J1,第３３節第１日,2021-10-22,19:03,浦和,柏,5,1,H,埼玉
2021,J3,第２４節第１日,2021-10-23,13:03,藤枝,岩手,2,2,D,藤枝サ
2021,J1,第３３節第２日,2021-10-23,14:03,仙台,広島,2,0,H,ユアスタ
2021,J1,第３３節第２日,2021-10-23,14:03,FC東京,鹿島,1,2,A,味スタ
2021,J2,第３５節第１日,2021-10-23,14:03,山形,群馬,1,0,H,ＮＤスタ
2021,J2,第３５節第１日,2021-10-23,14:03,大宮,北九州,3,1,H,ＮＡＣＫ
2021,J2,第３５節第１日,2021-10-23,14:03,甲府,長崎,2,1,H,ＪＩＴス
2021,J2,第３５節第１日,2021-10-23,14:03,新潟,秋田,1,2,A,デンカＳ
2021,J1,第３３節第２日,2021-10-23,14:06,徳島,大分,1,1,D,鳴門大塚
2021,J1,第３３節第２日,2021-10-23,15:03,湘南,横浜FC,2,1,H,レモンＳ
2021,J2,第３５節第１日,2021-10-23,15:03,磐田,愛媛,2,2,D,エコパ
2021,J3,第２４節第１日,2021-10-23,15:03,鹿児島,沼津,3,1,H,白波スタ
2021,J1,第３３節第２日,2021-10-23,17:03,Ｇ大阪,鳥栖,1,0,H,パナスタ
2021,J3,第２４節第２日,2021-10-24,13:03,今治,富山,4,2,H,夢スタ
2021,J3,第２４節第２日,2021-10-24,13:03,YS横浜,八戸,2,1,H,ニッパツ
2021,J3,第２４節第２日,2021-10-24,13:03,福島,宮崎,2,1,H,Ｊスタ
2021,J3,第２４節第２日,2021-10-24,14:02,岐阜,長野,3,2,H,長良川
2021,J1,第３３節第３日,2021-10-24,14:03,札幌,福岡,0,0,D,札幌ド
2021,J2,第３５節第２日,2021-10-24,14:03,東京Ｖ,千葉,1,5,A,味スタ
2021,J2,第３５節第２日,2021-10-24,14:03,京都,山口,1,1,D,サンガＳ
2021,J2,第３５節第２日,2021-10-24,14:03,町田,栃木,0,0,D,Ｇスタ
2021,J2,第３５節第２日,2021-10-24,14:03,水戸,岡山,1,1,D,Ｋｓスタ
2021,J3,第２４節第２日,2021-10-24,14:03,熊本,讃岐,0,0,D,えがおＳ
2021,J1,第３３節第３日,2021-10-24,15:03,名古屋,神戸,2,2,D,豊田ス
2021,J2,第３５節第２日,2021-10-24,15:03,相模原,金沢,1,1,D,ギオンス
2021,J2,第３５節第２日,2021-10-24,15:03,松本,琉球,1,2,A,サンアル
2021,J1,第３３節第３日,2021-10-24,17:03,川崎Ｆ,清水,1,0,H,等々力
2021,J1,第３３節第３日,2021-10-24,19:03,Ｃ大阪,横浜FM,2,1,H,ヨドコウ
2021,J2,第３６節第１日,2021-10-30,13:03,秋田,金沢,1,1,D,ソユスタ
2021,J3,第２５節第１日,2021-10-30,13:03,岩手,福島,2,1,H,いわスタ
2021,J3,第２５節第１日,2021-10-30,13:03,富山,YS横浜,0,1,A,富山
2021,J2,第３６節第１日,2021-10-30,14:03,大宮,磐田,1,2,A,ＮＡＣＫ
2021,J2,第３６節第１日,2021-10-30,14:03,長崎,水戸,2,1,H,トラスタ
2021,J2,第３６節第１日,2021-10-30,14:03,千葉,山口,0,0,D,フクアリ
2021,J2,第３６節第１日,2021-10-30,14:03,群馬,松本,1,0,H,正田スタ
2021,J2,第３６節第１日,2021-10-30,14:04,北九州,相模原,1,2,A,ミクスタ
2021,J2,第３６節第１日,2021-10-30,14:05,愛媛,京都,0,1,A,ニンスタ
2021,J2,第３６節第１日,2021-10-30,15:03,東京Ｖ,甲府,0,0,D,味スタ
2021,J2,第３６節第１日,2021-10-30,18:33,琉球,町田,0,0,D,タピスタ
2021,J2,第３６節第２日,2021-10-31,13:03,岡山,新潟,1,1,D,Ｃスタ
2021,J3,第２５節第２日,2021-10-31,13:03,長野,鳥取,3,2,H,長野Ｕ
2021,J3,第２５節第２日,2021-10-31,13:03,宮崎,藤枝,1,1,D,ユニスタ
2021,J3,第２５節第２日,2021-10-31,13:03,沼津,岐阜,1,1,D,愛鷹
2021,J2,第３６節第２日,2021-10-31,14:03,栃木,山形,1,2,A,栃木グ
2021,J3,第２５節第２日,2021-10-31,14:03,鹿児島,熊本,1,0,H,白波スタ
2021,J3,第２５節第２日,2021-10-31,14:03,讃岐,今治,0,0,D,ピカスタ
2021,J2,第３７節第１日,2021-11-03,13:03,相模原,秋田,0,1,A,ギオンス
2021,J1,第３４節第１日,2021-11-03,13:07,川崎Ｆ,浦和,1,1,D,等々力
2021,J1,第３４節第１日,2021-11-03,13:09,横浜FM,Ｇ大阪,0,1,A,日産ス
2021,J2,第３７節第１日,2021-11-03,14:01,山口,琉球,2,0,H,みらスタ
2021,J1,第３４節第１日,2021-11-03,14:03,横浜FC,鳥栖,0,0,D,ニッパツ
2021,J1,第３４節第１日,2021-11-03,14:03,FC東京,清水,4,0,H,味スタ
2021,J2,第３７節第１日,2021-11-03,14:03,新潟,磐田,0,1,A,デンカＳ
2021,J2,第３７節第１日,2021-11-03,14:03,水戸,北九州,0,0,D,Ｋｓスタ
2021,J2,第３７節第１日,2021-11-03,14:03,京都,大宮,1,0,H,サンガＳ
2021,J2,第３７節第１日,2021-11-03,14:03,栃木,千葉,0,1,A,栃木グ
2021,J2,第３７節第１日,2021-11-03,14:03,山形,東京Ｖ,1,2,A,ＮＤスタ
2021,J2,第３７節第１日,2021-11-03,14:03,町田,松本,3,2,H,Ｇスタ
2021,J2,第３７節第１日,2021-11-03,14:03,長崎,群馬,4,1,H,トラスタ
2021,J2,第３７節第１日,2021-11-03,14:03,甲府,岡山,1,2,A,ＪＩＴス
2021,J1,第３４節第１日,2021-11-03,14:04,徳島,Ｃ大阪,0,1,A,鳴門大塚
2021,J1,第３４節第１日,2021-11-03,15:03,名古屋,柏,2,0,H,豊田ス
2021,J1,第３４節第１日,2021-11-03,15:03,広島,鹿島,1,4,A,Ｅスタ
2021,J1,第３４節第１日,2021-11-03,15:05,福岡,大分,1,0,H,ベススタ
2021,J1,第３４節第１日,2021-11-03,16:03,神戸,仙台,4,2,H,ノエスタ
2021,J1,第３４節第１日,2021-11-03,16:03,札幌,湘南,1,1,D,札幌ド
2021,J2,第３７節第１日,2021-11-03,18:03,金沢,愛媛,2,1,H,石川西部
2021,J1,第３５節第１日,2021-11-06,14:03,清水,札幌,2,2,D,アイスタ
2021,J1,第３５節第１日,2021-11-06,15:03,神戸,徳島,1,0,H,ノエスタ
2021,J1,第３５節第１日,2021-11-06,16:03,横浜FM,FC東京,8,0,H,日産ス
2021,J2,第３８節第１日,2021-11-07,13:03,岡山,山形,1,0,H,Ｃスタ
2021,J2,第３８節第１日,2021-11-07,13:03,秋田,栃木,1,1,D,ソユスタ
2021,J3,第２６節第１日,2021-11-07,13:03,YS横浜,沼津,2,1,H,ニッパツ
2021,J3,第２６節第１日,2021-11-07,13:03,鳥取,藤枝,4,3,H,Ａｘｉｓ
2021,J3,第２６節第１日,2021-11-07,13:03,岩手,熊本,0,0,D,北上
2021,J3,第２６節第１日,2021-11-07,13:03,今治,福島,3,2,H,夢スタ
2021,J3,第２６節第１日,2021-11-07,13:04,八戸,鹿児島,1,1,D,プラスタ
2021,J1,第３５節第２日,2021-11-07,14:01,鳥栖,川崎Ｆ,3,1,H,駅スタ
2021,J1,第３５節第２日,2021-11-07,14:03,仙台,名古屋,1,1,D,ユアスタ
2021,J1,第３５節第２日,2021-11-07,14:03,大分,Ｇ大阪,2,3,A,昭和電ド
2021,J1,第３５節第２日,2021-11-07,14:03,鹿島,浦和,1,0,H,カシマ
2021,J2,第３８節第１日,2021-11-07,14:03,大宮,山口,1,2,A,ＮＡＣＫ
2021,J2,第３８節第１日,2021-11-07,14:03,千葉,水戸,2,2,D,フクアリ
2021,J2,第３８節第１日,2021-11-07,14:03,愛媛,町田,0,0,D,ニンスタ
2021,J2,第３８節第１日,2021-11-07,14:03,松本,新潟,1,1,D,サンアル
2021,J2,第３８節第１日,2021-11-07,14:03,磐田,京都,1,0,H,ヤマハ
2021,J2,第３８節第１日,2021-11-07,14:03,東京Ｖ,長崎,0,3,A,味スタ
2021,J3,第２６節第１日,2021-11-07,14:03,讃岐,宮崎,0,2,A,ピカスタ
2021,J3,第２６節第１日,2021-11-07,14:03,岐阜,富山,2,0,H,長良川
2021,J1,第３５節第２日,2021-11-07,15:03,湘南,広島,0,0,D,レモンＳ
2021,J1,第３５節第２日,2021-11-07,15:04,福岡,横浜FC,1,1,D,ベススタ
2021,J2,第３８節第１日,2021-11-07,15:04,北九州,甲府,0,1,A,ミクスタ
2021,J1,第３５節第２日,2021-11-07,16:03,柏,Ｃ大阪,1,0,H,三協Ｆ柏
2021,J2,第３８節第１日,2021-11-07,16:03,琉球,金沢,2,1,H,タピスタ
2021,J2,第３８節第１日,2021-11-07,19:03,群馬,相模原,1,1,D,正田スタ
2021,J2,第３９節第１日,2021-11-13,14:01,山口,北九州,0,1,A,みらスタ
2021,J2,第３９節第１日,2021-11-13,14:03,新潟,愛媛,2,0,H,デンカＳ
2021,J2,第３９節第１日,2021-11-13,14:03,長崎,栃木,3,0,H,トラスタ
2021,J2,第３９節第１日,2021-11-13,16:03,琉球,千葉,2,2,D,タピスタ
2021,J2,第３９節第２日,2021-11-14,13:03,相模原,岡山,2,3,A,ギオンス
2021,J3,第２７節第１日,2021-11-14,13:03,鹿児島,今治,0,3,A,白波スタ
2021,J3,第２７節第１日,2021-11-14,13:03,藤枝,八戸,2,0,H,藤枝サ
2021,J3,第２７節第１日,2021-11-14,13:03,宮崎,岐阜,4,3,H,ユニスタ
2021,J3,第２７節第１日,2021-11-14,13:03,福島,長野,1,1,D,Ｊスタ
2021,J3,第２７節第１日,2021-11-14,13:03,沼津,鳥取,2,1,H,愛鷹
2021,J2,第３９節第２日,2021-11-14,13:08,甲府,松本,3,2,H,ＪＩＴス
2021,J2,第３９節第２日,2021-11-14,14:03,山形,大宮,2,2,D,ＮＤスタ
2021,J2,第３９節第２日,2021-11-14,14:03,水戸,磐田,1,3,A,Ｋｓスタ
2021,J2,第３９節第２日,2021-11-14,14:03,京都,秋田,3,1,H,サンガＳ
2021,J2,第３９節第２日,2021-11-14,14:03,町田,群馬,1,1,D,Ｇスタ
2021,J2,第３９節第２日,2021-11-14,14:03,金沢,東京Ｖ,0,4,A,石川西部
2021,J3,第２７節第１日,2021-11-14,14:03,YS横浜,岩手,1,3,A,三ツ沢陸
2021,J3,第２７節第１日,2021-11-14,14:03,熊本,富山,2,2,D,えがおＳ
2021,J3,第２８節第１日,2021-11-20,13:03,藤枝,鹿児島,0,1,A,藤枝サ
2021,J1,第３６節第１日,2021-11-20,14:02,Ｇ大阪,名古屋,1,3,A,パナスタ
2021,J1,第３６節第１日,2021-11-20,14:03,鳥栖,札幌,1,0,H,駅スタ
2021,J1,第３６節第１日,2021-11-20,14:03,FC東京,徳島,0,2,A,味スタ
2021,J1,第３６節第１日,2021-11-20,14:03,Ｃ大阪,川崎Ｆ,1,4,A,ヨドコウ
2021,J2,第４０節第１日,2021-11-20,14:03,磐田,長崎,2,2,D,ヤマハ
2021,J1,第３６節第１日,2021-11-20,14:04,仙台,湘南,0,2,A,ユアスタ
2021,J1,第３６節第１日,2021-11-20,14:04,浦和,横浜FM,2,1,H,埼玉
2021,J1,第３６節第１日,2021-11-20,15:03,横浜FC,神戸,0,2,A,ニッパツ
2021,J1,第３６節第１日,2021-11-20,15:03,清水,広島,1,0,H,アイスタ
2021,J1,第３６節第１日,2021-11-20,15:03,鹿島,大分,0,0,D,カシマ
2021,J1,第３６節第１日,2021-11-20,16:03,柏,福岡,0,0,D,三協Ｆ柏
2021,J2,第４０節第１日,2021-11-20,16:04,岡山,京都,0,0,D,Ｃスタ
2021,J2,第４０節第２日,2021-11-21,13:03,秋田,甲府,0,2,A,ソユスタ
2021,J3,第２８節第２日,2021-11-21,13:03,八戸,岐阜,2,1,H,プラスタ
2021,J3,第２８節第２日,2021-11-21,13:03,岩手,讃岐,3,1,H,北上
2021,J3,第２８節第２日,2021-11-21,13:03,鳥取,今治,2,1,H,Ａｘｉｓ
2021,J3,第２８節第２日,2021-11-21,13:05,富山,宮崎,2,1,H,富山
2021,J3,第２８節第２日,2021-11-21,13:10,熊本,YS横浜,1,0,H,えがおＳ
2021,J2,第４０節第２日,2021-11-21,14:03,東京Ｖ,琉球,1,1,D,味スタ
2021,J2,第４０節第２日,2021-11-21,14:03,栃木,金沢,1,0,H,カンセキ
2021,J2,第４０節第２日,2021-11-21,14:03,群馬,新潟,0,0,D,正田スタ
2021,J2,第４０節第２日,2021-11-21,14:03,千葉,北九州,2,0,H,フクアリ
2021,J2,第４０節第２日,2021-11-21,14:03,大宮,水戸,1,3,A,ＮＡＣＫ
2021,J2,第４０節第２日,2021-11-21,14:03,山形,町田,3,5,A,ＮＤスタ
2021,J2,第４０節第２日,2021-11-21,14:03,愛媛,相模原,1,2,A,ニンスタ
2021,J2,第４０節第２日,2021-11-21,14:03,松本,山口,1,1,D,サンアル
2021,J3,第２８節第２日,2021-11-21,14:03,長野,沼津,1,1,D,長野Ｕ
2021,J1,第３７節第１日,2021-11-27,14:03,Ｃ大阪,名古屋,2,1,H,ヨドコウ
2021,J1,第３７節第１日,2021-11-27,14:03,福岡,仙台,2,2,D,ベススタ
2021,J1,第３７節第１日,2021-11-27,14:03,川崎Ｆ,Ｇ大阪,4,1,H,等々力
2021,J1,第３７節第１日,2021-11-27,14:03,神戸,横浜FM,0,2,A,ノエスタ
2021,J1,第３７節第１日,2021-11-27,14:03,湘南,徳島,0,1,A,レモンＳ
2021,J1,第３７節第１日,2021-11-27,14:04,大分,横浜FC,2,0,H,昭和電ド
2021,J1,第３７節第１日,2021-11-27,14:04,浦和,清水,0,1,A,埼玉
2021,J1,第３７節第１日,2021-11-27,14:04,広島,FC東京,1,2,A,Ｅスタ
2021,J1,第３７節第１日,2021-11-27,14:04,札幌,柏,3,1,H,札幌ド
2021,J1,第３７節第１日,2021-11-27,14:04,鹿島,鳥栖,1,0,H,カシマ
2021,J2,第４１節第１日,2021-11-28,13:03,相模原,松本,1,1,D,ギオンス
2021,J3,第２９節第１日,2021-11-28,13:03,鹿児島,長野,0,2,A,白波スタ
2021,J3,第２９節第１日,2021-11-28,13:03,岩手,富山,1,0,H,いわスタ
2021,J3,第２９節第１日,2021-11-28,13:03,宮崎,熊本,1,0,H,ユニスタ
2021,J3,第２９節第１日,2021-11-28,13:03,YS横浜,福島,0,2,A,ニッパツ
2021,J2,第４１節第１日,2021-11-28,13:05,秋田,東京Ｖ,1,4,A,ソユスタ
2021,J3,第２９節第１日,2021-11-28,13:05,今治,八戸,3,0,H,夢スタ
2021,J2,第４１節第１日,2021-11-28,13:06,琉球,新潟,1,1,D,タピスタ
2021,J2,第４１節第１日,2021-11-28,14:03,山口,甲府,0,1,A,みらスタ
2021,J2,第４１節第１日,2021-11-28,14:03,群馬,磐田,0,0,D,正田スタ
2021,J2,第４１節第１日,2021-11-28,14:03,千葉,京都,0,0,D,フクアリ
2021,J2,第４１節第１日,2021-11-28,14:03,水戸,愛媛,2,1,H,Ｋｓスタ
2021,J2,第４１節第１日,2021-11-28,14:03,長崎,岡山,0,1,A,トラスタ
2021,J2,第４１節第１日,2021-11-28,14:03,町田,大宮,0,0,D,Ｇスタ
2021,J3,第２９節第１日,2021-11-28,14:03,讃岐,鳥取,1,3,A,ピカスタ
2021,J3,第２９節第１日,2021-11-28,14:03,岐阜,藤枝,0,0,D,長良川
2021,J2,第４１節第１日,2021-11-28,14:04,金沢,山形,2,1,H,石川西部
2021,J2,第４１節第１日,2021-11-28,14:05,北九州,栃木,1,2,A,ミクスタ
2021,J1,第３８節第１日,2021-12-04,14:02,横浜FM,川崎Ｆ,1,1,D,日産ス
2021,J1,第３８節第１日,2021-12-04,14:03,Ｇ大阪,湘南,0,0,D,パナスタ
2021,J1,第３８節第１日,2021-12-04,14:03,名古屋,浦和,0,0,D,豊田ス
2021,J1,第３８節第１日,2021-12-04,14:03,横浜FC,札幌,0,1,A,ニッパツ
2021,J1,第３８節第１日,2021-12-04,14:03,仙台,鹿島,0,1,A,ユアスタ
2021,J1,第３８節第１日,2021-12-04,14:03,清水,Ｃ大阪,2,1,H,アイスタ
2021,J1,第３８節第１日,2021-12-04,14:03,鳥栖,神戸,0,2,A,駅スタ
2021,J1,第３８節第１日,2021-12-04,14:03,柏,大分,2,3,A,三協Ｆ柏
2021,J1,第３８節第１日,2021-12-04,14:03,FC東京,福岡,0,0,D,味スタ
2021,J1,第３８節第１日,2021-12-04,14:03,徳島,広島,2,4,A,鳴門大塚
2021,J2,第４２節第１日,2021-12-05,13:03,大宮,群馬,3,1,H,ＮＡＣＫ
2021,J2,第４２節第１日,2021-12-05,13:03,山形,北九州,5,1,H,ＮＤスタ
2021,J2,第４２節第１日,2021-12-05,13:03,新潟,町田,0,2,A,デンカＳ
2021,J2,第４２節第１日,2021-12-05,13:03,愛媛,山口,1,1,D,ニンスタ
2021,J2,第４２節第１日,2021-12-05,13:03,栃木,琉球,1,2,A,カンセキ
2021,J2,第４２節第１日,2021-12-05,13:03,松本,長崎,1,2,A,サンアル
2021,J2,第４２節第１日,2021-12-05,13:03,磐田,秋田,2,1,H,ヤマハ
2021,J2,第４２節第１日,2021-12-05,13:03,東京Ｖ,相模原,3,0,H,味スタ
2021,J2,第４２節第１日,2021-12-05,13:03,甲府,水戸,3,3,D,ＪＩＴス
2021,J2,第４２節第１日,2021-12-05,13:03,岡山,千葉,1,3,A,Ｃスタ
2021,J2,第４２節第１日,2021-12-05,13:04,京都,金沢,0,0,D,サンガＳ
2021,J3,第３０節第１日,2021-12-05,14:03,福島,讃岐,1,1,D,Ｊスタ
2021,J3,第３０節第１日,2021-12-05,14:03,富山,鹿児島,1,1,D,富山
2021,J3,第３０節第１日,2021-12-05,14:03,藤枝,YS横浜,0,3,A,藤枝サ
2021,J3,第３０節第１日,2021-12-05,14:03,鳥取,八戸,3,0,H,Ａｘｉｓ
2021,J3,第３０節第１日,2021-12-05,14:03,長野,今治,0,0,D,長野Ｕ
2021,J3,第３０節第１日,2021-12-05,14:04,熊本,岐阜,2,0,H,えがおＳ
2021,J3,第３０節第１日,2021-12-05,14:05,沼津,岩手,1,1,D,愛鷹
2022,J1,第１節第１日,2022-02-18,19:05,川崎Ｆ,FC東京,1,0,H,等々力
2022,J2,第１節第１日,2022-02-19,13:03,栃木,秋田,1,0,H,カンセキ
2022,J1,第１節第２日,2022-02-19,14:03,Ｇ大阪,鹿島,1,3,A,パナスタ
2022,J1,第１節第２日,2022-02-19,14:03,京都,浦和,1,0,H,サンガＳ
2022,J1,第１節第２日,2022-02-19,14:03,広島,鳥栖,0,0,D,Ｅスタ
2022,J1,第１節第２日,2022-02-19,14:03,清水,札幌,1,1,D,アイスタ
2022,J2,第１節第１日,2022-02-19,14:03,千葉,岩手,0,1,A,フクアリ
2022,J2,第１節第１日,2022-02-19,14:03,群馬,山形,1,0,H,正田スタ
2022,J2,第１節第１日,2022-02-19,14:03,横浜FC,大宮,3,2,H,ニッパツ
2022,J2,第１節第１日,2022-02-19,14:03,長崎,東京Ｖ,1,1,D,トラスタ
2022,J2,第１節第１日,2022-02-19,14:03,徳島,金沢,0,0,D,鳴門大塚
2022,J1,第１節第２日,2022-02-19,14:04,横浜FM,Ｃ大阪,2,2,D,日産ス
2022,J1,第１節第２日,2022-02-19,14:04,福岡,磐田,1,1,D,ベススタ
2022,J1,第１節第２日,2022-02-19,15:03,湘南,柏,0,2,A,レモンＳ
2022,J1,第１節第２日,2022-02-19,15:03,名古屋,神戸,2,0,H,豊田ス
2022,J2,第１節第２日,2022-02-20,13:33,山口,熊本,1,1,D,みらスタ
2022,J2,第１節第２日,2022-02-20,14:03,岡山,甲府,4,1,H,Ｃスタ
2022,J2,第１節第２日,2022-02-20,14:03,仙台,新潟,0,0,D,ユアスタ
2022,J2,第１節第２日,2022-02-20,14:03,町田,琉球,0,0,D,Ｇスタ
2022,J1,第９節第１日,2022-02-23,14:03,横浜FM,川崎Ｆ,4,2,H,日産ス
2022,J1,第９節第１日,2022-02-23,16:04,浦和,神戸,2,2,D,埼玉
2022,J2,第２節第１日,2022-02-26,13:03,大宮,新潟,2,2,D,ＮＡＣＫ
2022,J1,第２節第１日,2022-02-26,13:33,磐田,清水,1,2,A,エコパ
2022,J1,第２節第１日,2022-02-26,14:03,Ｃ大阪,京都,1,1,D,ヨドコウ
2022,J1,第２節第１日,2022-02-26,15:01,浦和,Ｇ大阪,0,1,A,埼玉
2022,J1,第２節第１日,2022-02-26,15:03,鹿島,川崎Ｆ,0,2,A,カシマ
2022,J1,第２節第１日,2022-02-26,15:03,札幌,広島,1,1,D,札幌ド
2022,J1,第２節第１日,2022-02-26,15:03,鳥栖,湘南,1,1,D,駅スタ
2022,J2,第２節第１日,2022-02-26,15:03,琉球,千葉,1,2,A,タピスタ
2022,J1,第２節第１日,2022-02-26,16:03,神戸,福岡,0,0,D,ノエスタ
2022,J2,第２節第２日,2022-02-27,13:03,甲府,大分,1,1,D,ＪＩＴス
2022,J2,第２節第２日,2022-02-27,13:03,熊本,山形,0,3,A,えがおＳ
2022,J2,第２節第２日,2022-02-27,14:03,横浜FC,長崎,1,0,H,ニッパツ
2022,J2,第２節第２日,2022-02-27,14:03,群馬,金沢,0,0,D,正田スタ
2022,J2,第２節第２日,2022-02-27,14:03,岡山,徳島,1,1,D,Ｃスタ
2022,J2,第２節第２日,2022-02-27,14:03,東京Ｖ,栃木,3,0,H,味スタ
2022,J2,第２節第２日,2022-02-27,14:03,山口,秋田,2,0,H,みらスタ
2022,J2,第２節第２日,2022-02-27,14:03,水戸,仙台,2,3,A,Ｋｓスタ
2022,J2,第２節第２日,2022-02-27,14:03,町田,岩手,1,0,H,Ｇスタ
2022,J1,第２節第２日,2022-02-27,15:03,柏,横浜FM,3,1,H,三協Ｆ柏
2022,J1,第１０節第１日,2022-03-02,19:03,川崎Ｆ,浦和,2,1,H,等々力
2022,J1,第１０節第１日,2022-03-02,19:33,横浜FM,神戸,2,0,H,日産ス
2022,J2,第３節第１日,2022-03-05,13:03,大宮,熊本,1,2,A,ＮＡＣＫ
2022,J2,第３節第１日,2022-03-05,13:33,新潟,山口,1,1,D,デンカＳ
2022,J1,第３節第１日,2022-03-05,14:03,京都,磐田,1,4,A,サンガＳ
2022,J2,第３節第１日,2022-03-05,14:03,栃木,岡山,0,1,A,カンセキ
2022,J2,第３節第１日,2022-03-05,14:03,長崎,甲府,1,2,A,トラスタ
2022,J2,第３節第１日,2022-03-05,16:03,琉球,岩手,1,2,A,タピスタ
2022,J1,第３節第２日,2022-03-06,14:03,福岡,札幌,0,0,D,ベススタ
2022,J1,第３節第２日,2022-03-06,14:03,横浜FM,清水,2,0,H,日産ス
2022,J1,第３節第２日,2022-03-06,14:03,名古屋,鳥栖,1,1,D,豊田ス
2022,J2,第３節第２日,2022-03-06,14:03,大分,横浜FC,1,2,A,昭和電ド
2022,J2,第３節第２日,2022-03-06,14:03,千葉,山形,0,0,D,フクアリ
2022,J2,第３節第２日,2022-03-06,14:03,仙台,群馬,0,0,D,ユアスタ
2022,J2,第３節第２日,2022-03-06,14:03,水戸,秋田,0,1,A,Ｋｓスタ
2022,J2,第３節第２日,2022-03-06,14:03,徳島,東京Ｖ,1,1,D,鳴門大塚
2022,J2,第３節第２日,2022-03-06,14:03,金沢,町田,1,2,A,石川西部
2022,J1,第３節第２日,2022-03-06,15:03,Ｇ大阪,川崎Ｆ,2,2,D,パナスタ
2022,J1,第３節第２日,2022-03-06,15:03,鹿島,柏,1,0,H,カシマ
2022,J1,第３節第２日,2022-03-06,15:04,浦和,湘南,2,0,H,埼玉
2022,J1,第３節第２日,2022-03-06,16:03,Ｃ大阪,FC東京,0,1,A,ヨドコウ
2022,J1,第３節第２日,2022-03-06,16:03,広島,神戸,1,1,D,Ｅスタ
2022,J2,第１節第３日,2022-03-09,19:03,大分,水戸,1,1,D,昭和電ド
2022,J1,第４節第１日,2022-03-11,19:03,神戸,鹿島,0,2,A,ノエスタ
2022,J2,第４節第１日,2022-03-12,13:03,仙台,岩手,3,0,H,ユアスタ
2022,J3,第１節第１日,2022-03-12,13:03,YS横浜,岐阜,0,0,D,ニッパツ
2022,J1,第４節第２日,2022-03-12,14:03,磐田,Ｇ大阪,1,1,D,ヤマハ
2022,J1,第４節第２日,2022-03-12,14:03,清水,Ｃ大阪,1,3,A,アイスタ
2022,J1,第４節第２日,2022-03-12,14:03,札幌,横浜FM,1,1,D,札幌ド
2022,J2,第４節第１日,2022-03-12,14:03,徳島,熊本,2,2,D,鳴門大塚
2022,J2,第４節第１日,2022-03-12,14:03,甲府,山形,1,1,D,ＪＩＴス
2022,J2,第４節第１日,2022-03-12,14:03,長崎,大分,4,1,H,トラスタ
2022,J2,第４節第１日,2022-03-12,14:03,山口,琉球,2,3,A,みらスタ
2022,J3,第１節第１日,2022-03-12,14:03,藤枝,鳥取,3,0,H,藤枝サ
2022,J1,第４節第２日,2022-03-12,15:03,FC東京,広島,2,1,H,味スタ
2022,J1,第４節第２日,2022-03-12,15:04,湘南,京都,1,1,D,レモンＳ
2022,J1,第４節第２日,2022-03-12,16:03,柏,福岡,1,0,H,三協Ｆ柏
2022,J1,第４節第２日,2022-03-12,17:03,川崎Ｆ,名古屋,1,0,H,等々力
2022,J3,第１節第１日,2022-03-12,19:33,相模原,沼津,1,0,H,ギオンス
2022,J2,第４節第２日,2022-03-13,13:03,秋田,新潟,1,0,H,ソユスタ
2022,J3,第１節第２日,2022-03-13,13:03,宮崎,八戸,2,0,H,ユニスタ
2022,J3,第１節第２日,2022-03-13,13:04,今治,福島,0,1,A,夢スタ
2022,J3,第１節第２日,2022-03-13,13:05,鹿児島,いわき,1,1,D,白波スタ
2022,J2,第４節第２日,2022-03-13,14:03,町田,岡山,3,1,H,Ｇスタ
2022,J2,第４節第２日,2022-03-13,14:03,群馬,東京Ｖ,0,1,A,正田スタ
2022,J2,第４節第２日,2022-03-13,14:03,金沢,千葉,0,1,A,石川西部
2022,J2,第４節第２日,2022-03-13,14:03,横浜FC,水戸,3,2,H,ニッパツ
2022,J2,第４節第２日,2022-03-13,14:03,栃木,大宮,1,1,D,カンセキ
2022,J3,第１節第２日,2022-03-13,14:03,讃岐,松本,1,2,A,ピカスタ
2022,J3,第１節第２日,2022-03-13,14:04,北九州,長野,0,2,A,ミクスタ
2022,J1,第４節第３日,2022-03-13,15:03,鳥栖,浦和,1,0,H,駅スタ
2022,J3,第１節第２日,2022-03-13,15:03,愛媛,富山,1,2,A,ニンスタ
2022,J1,第５節第１日,2022-03-18,19:03,横浜FM,鳥栖,0,0,D,ニッパツ
2022,J2,第５節第１日,2022-03-19,13:03,大宮,徳島,0,2,A,ＮＡＣＫ
2022,J2,第５節第１日,2022-03-19,13:03,秋田,金沢,2,3,A,ソユスタ
2022,J3,第２節第１日,2022-03-19,13:03,沼津,福島,0,5,A,愛鷹
2022,J1,第５節第２日,2022-03-19,14:03,京都,FC東京,0,1,A,サンガＳ
2022,J1,第５節第２日,2022-03-19,14:03,Ｇ大阪,福岡,2,3,A,パナスタ
2022,J1,第５節第２日,2022-03-19,14:03,清水,神戸,0,0,D,アイスタ
2022,J1,第５節第２日,2022-03-19,14:03,広島,川崎Ｆ,0,2,A,Ｅスタ
2022,J2,第５節第１日,2022-03-19,14:03,大分,山口,1,1,D,昭和電ド
2022,J2,第５節第１日,2022-03-19,14:03,新潟,甲府,2,0,H,デンカＳ
2022,J3,第２節第１日,2022-03-19,14:03,藤枝,長野,1,1,D,藤枝サ
2022,J1,第５節第２日,2022-03-19,15:03,鹿島,湘南,2,1,H,カシマ
2022,J3,第２節第１日,2022-03-19,15:03,岐阜,愛媛,3,0,H,長良川
2022,J1,第５節第２日,2022-03-19,15:04,浦和,磐田,4,1,H,埼玉
2022,J1,第５節第２日,2022-03-19,16:03,Ｃ大阪,札幌,2,2,D,ヨドコウ
2022,J2,第５節第１日,2022-03-19,16:03,琉球,水戸,1,2,A,タピスタ
2022,J3,第２節第２日,2022-03-20,13:03,YS横浜,松本,1,2,A,ニッパツ
2022,J3,第２節第２日,2022-03-20,13:03,今治,富山,2,1,H,夢スタ
2022,J3,第２節第２日,2022-03-20,13:03,鹿児島,八戸,2,1,H,白波スタ
2022,J3,第２節第２日,2022-03-20,13:03,いわき,相模原,1,0,H,Ｊスタ
2022,J3,第２節第２日,2022-03-20,13:03,宮崎,北九州,2,2,D,ユニスタ
2022,J1,第５節第３日,2022-03-20,14:03,名古屋,柏,1,1,D,豊田ス
2022,J2,第５節第２日,2022-03-20,14:03,山形,仙台,2,3,A,ＮＤスタ
2022,J2,第５節第２日,2022-03-20,14:03,千葉,群馬,0,1,A,フクアリ
2022,J2,第５節第２日,2022-03-20,14:03,東京Ｖ,町田,2,1,H,味スタ
2022,J2,第５節第２日,2022-03-20,14:03,岩手,栃木,1,1,D,北上
2022,J2,第５節第２日,2022-03-20,14:03,岡山,横浜FC,1,1,D,Ｃスタ
2022,J3,第２節第２日,2022-03-20,14:03,讃岐,鳥取,4,1,H,ピカスタ
2022,J2,第５節第３日,2022-03-21,13:03,熊本,長崎,2,0,H,えがおＳ
2022,J2,第６節第１日,2022-03-23,19:03,徳島,秋田,0,0,D,鳴門大塚
2022,J2,第６節第１日,2022-03-23,19:03,大分,琉球,4,1,H,昭和電ド
2022,J2,第６節第２日,2022-03-26,13:03,岩手,山口,0,0,D,北上
2022,J2,第６節第２日,2022-03-26,13:03,大宮,岡山,1,1,D,ＮＡＣＫ
2022,J3,第３節第１日,2022-03-26,13:03,相模原,宮崎,2,1,H,ギオンス
2022,J2,第６節第２日,2022-03-26,14:03,甲府,横浜FC,1,2,A,ＪＩＴス
2022,J2,第６節第２日,2022-03-26,14:03,新潟,群馬,3,2,H,デンカＳ
2022,J2,第６節第２日,2022-03-26,14:03,山形,東京Ｖ,3,3,D,ＮＤスタ
2022,J2,第６節第２日,2022-03-26,14:03,長崎,金沢,0,1,A,トラスタ
2022,J2,第６節第２日,2022-03-26,14:03,栃木,千葉,2,1,H,カンセキ
2022,J2,第６節第２日,2022-03-26,14:03,仙台,町田,0,3,A,ユアスタ
2022,J2,第６節第２日,2022-03-26,14:03,水戸,熊本,2,0,H,Ｋｓスタ
2022,J3,第３節第１日,2022-03-26,14:03,松本,鹿児島,1,2,A,サンアル
2022,J3,第３節第２日,2022-03-27,13:03,鳥取,今治,1,1,D,Ａｘｉｓ
2022,J3,第３節第２日,2022-03-27,13:03,福島,YS横浜,2,1,H,Ｊスタ
2022,J3,第３節第２日,2022-03-27,13:03,八戸,藤枝,1,0,H,プラスタ
2022,J3,第３節第２日,2022-03-27,13:03,沼津,岐阜,2,0,H,愛鷹
2022,J3,第３節第２日,2022-03-27,14:03,長野,讃岐,3,1,H,長野Ｕ
2022,J3,第３節第２日,2022-03-27,14:03,富山,北九州,1,2,A,富山
2022,J3,第３節第２日,2022-03-27,15:03,愛媛,いわき,1,2,A,ニンスタ
2022,J2,第７節第１日,2022-03-30,18:33,秋田,甲府,0,0,D,ソユスタ
2022,J2,第７節第１日,2022-03-30,19:03,千葉,新潟,1,0,H,フクアリ
2022,J2,第７節第１日,2022-03-30,19:03,横浜FC,山形,2,1,H,ニッパツ
2022,J2,第７節第１日,2022-03-30,19:03,群馬,長崎,2,3,A,正田スタ
2022,J2,第７節第１日,2022-03-30,19:03,水戸,栃木,0,1,A,Ｋｓスタ
2022,J2,第７節第１日,2022-03-30,19:03,琉球,東京Ｖ,2,5,A,タピスタ
2022,J2,第７節第１日,2022-03-30,19:03,岡山,岩手,0,1,A,Ｃスタ
2022,J2,第７節第１日,2022-03-30,19:03,金沢,熊本,2,2,D,石川西部
2022,J2,第７節第１日,2022-03-30,19:03,町田,大宮,3,0,H,Ｇスタ
2022,J2,第７節第１日,2022-03-30,19:03,山口,徳島,0,0,D,みらスタ
2022,J2,第７節第１日,2022-03-30,19:03,仙台,大分,1,3,A,ユアスタ
2022,J1,第６節第１日,2022-04-01,19:04,福岡,鳥栖,0,0,D,ベススタ
2022,J3,第４節第１日,2022-04-02,13:03,YS横浜,愛媛,0,1,A,ニッパツ
2022,J1,第６節第２日,2022-04-02,14:03,Ｇ大阪,名古屋,3,1,H,パナスタ
2022,J3,第４節第１日,2022-04-02,14:03,藤枝,讃岐,1,0,H,藤枝サ
2022,J1,第６節第２日,2022-04-02,15:03,湘南,広島,0,1,A,レモンＳ
2022,J1,第６節第２日,2022-04-02,15:03,柏,磐田,2,0,H,三協Ｆ柏
2022,J1,第６節第２日,2022-04-02,15:03,川崎Ｆ,Ｃ大阪,1,4,A,等々力
2022,J1,第６節第２日,2022-04-02,16:03,鹿島,清水,2,1,H,カシマ
2022,J1,第６節第２日,2022-04-02,16:03,神戸,京都,1,3,A,ノエスタ
2022,J1,第６節第２日,2022-04-02,19:03,横浜FM,FC東京,2,1,H,日産ス
2022,J1,第６節第２日,2022-04-02,19:03,札幌,浦和,1,1,D,札幌ド
2022,J2,第８節第１日,2022-04-03,13:03,秋田,岩手,3,1,H,ソユスタ
2022,J2,第８節第１日,2022-04-03,13:03,熊本,新潟,1,2,A,えがおＳ
2022,J3,第４節第２日,2022-04-03,13:03,相模原,松本,1,4,A,ギオンス
2022,J3,第４節第２日,2022-04-03,13:03,いわき,富山,1,1,D,いわきＧ
2022,J3,第４節第２日,2022-04-03,13:03,福島,長野,1,1,D,とうスタ
2022,J3,第４節第２日,2022-04-03,13:03,宮崎,鹿児島,1,1,D,ユニスタ
2022,J2,第８節第１日,2022-04-03,14:03,群馬,水戸,2,1,H,正田スタ
2022,J2,第８節第１日,2022-04-03,14:03,横浜FC,琉球,3,1,H,ニッパツ
2022,J2,第８節第１日,2022-04-03,14:03,栃木,金沢,0,2,A,カンセキ
2022,J2,第８節第１日,2022-04-03,14:03,町田,千葉,1,1,D,Ｇスタ
2022,J2,第８節第１日,2022-04-03,14:03,甲府,仙台,2,3,A,ＪＩＴス
2022,J2,第８節第１日,2022-04-03,14:03,山口,大宮,1,0,H,みらスタ
2022,J2,第８節第１日,2022-04-03,14:03,徳島,長崎,0,0,D,鳴門大塚
2022,J3,第４節第２日,2022-04-03,14:03,北九州,今治,3,0,H,ミクスタ
2022,J2,第８節第１日,2022-04-03,17:03,東京Ｖ,大分,1,0,H,味スタ
2022,J1,第７節第１日,2022-04-05,19:03,Ｃ大阪,柏,0,1,A,ヨドコウ
2022,J1,第７節第２日,2022-04-06,18:33,京都,Ｇ大阪,1,1,D,サンガＳ
2022,J1,第７節第２日,2022-04-06,19:03,FC東京,神戸,3,1,H,味スタ
2022,J1,第７節第２日,2022-04-06,19:03,磐田,川崎Ｆ,1,1,D,ヤマハ
2022,J1,第７節第２日,2022-04-06,19:03,福岡,鹿島,0,1,A,ベススタ
2022,J1,第７節第２日,2022-04-06,19:03,広島,横浜FM,2,0,H,Ｅスタ
2022,J1,第７節第２日,2022-04-06,19:03,鳥栖,札幌,5,0,H,駅スタ
2022,J1,第７節第２日,2022-04-06,19:33,浦和,清水,1,1,D,埼玉
2022,J1,第７節第２日,2022-04-06,19:33,名古屋,湘南,2,1,H,豊田ス
2022,J2,第９節第１日,2022-04-09,13:03,岩手,群馬,0,1,A,北上
2022,J2,第９節第１日,2022-04-09,14:03,大宮,甲府,1,3,A,ＮＡＣＫ
2022,J2,第９節第１日,2022-04-09,14:03,長崎,町田,1,0,H,トラスタ
2022,J2,第９節第１日,2022-04-09,15:03,東京Ｖ,熊本,2,3,A,味スタ
2022,J2,第９節第１日,2022-04-09,17:03,琉球,岡山,3,3,D,タピスタ
2022,J1,第８節第１日,2022-04-09,19:03,川崎Ｆ,柏,1,0,H,等々力
2022,J1,第８節第２日,2022-04-10,13:03,清水,Ｇ大阪,1,1,D,アイスタ
2022,J3,第５節第１日,2022-04-10,13:03,今治,八戸,1,0,H,夢スタ
2022,J3,第５節第１日,2022-04-10,13:03,鳥取,YS横浜,3,0,H,チュスタ
2022,J3,第５節第１日,2022-04-10,13:03,鹿児島,藤枝,2,0,H,白波スタ
2022,J3,第５節第１日,2022-04-10,13:03,沼津,北九州,4,0,H,愛鷹
2022,J1,第８節第２日,2022-04-10,14:02,FC東京,浦和,0,0,D,味スタ
2022,J1,第８節第２日,2022-04-10,14:03,広島,福岡,1,0,H,Ｅスタ
2022,J1,第８節第２日,2022-04-10,14:03,神戸,Ｃ大阪,0,1,A,ノエスタ
2022,J2,第９節第２日,2022-04-10,14:03,新潟,栃木,2,0,H,デンカＳ
2022,J2,第９節第２日,2022-04-10,14:03,大分,徳島,1,0,H,昭和電ド
2022,J2,第９節第２日,2022-04-10,14:03,千葉,横浜FC,1,1,D,フクアリ
2022,J2,第９節第２日,2022-04-10,14:03,仙台,山口,2,1,H,ユアスタ
2022,J2,第９節第２日,2022-04-10,14:03,山形,秋田,5,1,H,ＮＤスタ
2022,J2,第９節第２日,2022-04-10,14:03,金沢,水戸,1,1,D,石川西部
2022,J3,第５節第１日,2022-04-10,14:03,讃岐,福島,0,0,D,ピカスタ
2022,J3,第５節第１日,2022-04-10,14:03,富山,岐阜,1,3,A,富山
2022,J3,第５節第１日,2022-04-10,14:03,長野,いわき,0,4,A,長野Ｕ
2022,J1,第８節第２日,2022-04-10,15:03,名古屋,札幌,0,2,A,豊田ス
2022,J1,第８節第２日,2022-04-10,15:03,湘南,磐田,0,0,D,レモンＳ
2022,J1,第８節第２日,2022-04-10,15:03,鹿島,横浜FM,0,3,A,カシマ
2022,J3,第５節第１日,2022-04-10,15:03,愛媛,相模原,2,1,H,ニンスタ
2022,J3,第５節第１日,2022-04-10,15:03,松本,宮崎,2,2,D,サンアル
2022,J1,第８節第２日,2022-04-10,16:03,京都,鳥栖,3,1,H,サンガＳ
2022,J1,第９節第２日,2022-04-16,13:03,札幌,FC東京,0,0,D,札幌ド
2022,J2,第１０節第１日,2022-04-16,13:03,岩手,大分,1,2,A,北上
2022,J3,第６節第１日,2022-04-16,13:03,YS横浜,長野,0,1,A,ニッパツ
2022,J2,第１０節第１日,2022-04-16,14:03,金沢,甲府,2,3,A,石川西部
2022,J2,第１０節第１日,2022-04-16,14:03,大宮,千葉,2,1,H,ＮＡＣＫ
2022,J3,第６節第１日,2022-04-16,14:03,鹿児島,鳥取,1,0,H,白波スタ
2022,J2,第１０節第１日,2022-04-16,17:03,琉球,群馬,0,1,A,タピスタ
2022,J2,第１０節第２日,2022-04-17,13:03,秋田,長崎,0,1,A,ソユスタ
2022,J3,第６節第２日,2022-04-17,13:03,いわき,今治,0,1,A,いわきＧ
2022,J3,第６節第２日,2022-04-17,13:03,八戸,讃岐,1,2,A,プラスタ
2022,J3,第６節第２日,2022-04-17,13:03,福島,相模原,1,0,H,とうスタ
2022,J3,第６節第２日,2022-04-17,13:04,宮崎,沼津,2,1,H,ユニスタ
2022,J1,第９節第３日,2022-04-17,14:03,Ｇ大阪,湘南,0,1,A,パナスタ
2022,J2,第１０節第２日,2022-04-17,14:03,栃木,熊本,1,1,D,栃木グ
2022,J2,第１０節第２日,2022-04-17,14:03,山口,東京Ｖ,3,1,H,みらスタ
2022,J2,第１０節第２日,2022-04-17,14:03,横浜FC,仙台,2,1,H,ニッパツ
2022,J2,第１０節第２日,2022-04-17,14:03,水戸,徳島,1,1,D,Ｋｓスタ
2022,J2,第１０節第２日,2022-04-17,14:03,岡山,新潟,1,1,D,Ｃスタ
2022,J2,第１０節第２日,2022-04-17,14:03,町田,山形,1,1,D,Ｇスタ
2022,J3,第６節第２日,2022-04-17,14:03,藤枝,富山,0,2,A,藤枝サ
2022,J3,第６節第２日,2022-04-17,14:03,岐阜,松本,1,3,A,長良川
2022,J3,第６節第２日,2022-04-17,14:03,北九州,愛媛,0,0,D,ミクスタ
2022,J1,第９節第３日,2022-04-17,15:03,鹿島,名古屋,0,0,D,カシマ
2022,J1,第９節第３日,2022-04-17,15:04,鳥栖,清水,0,0,D,駅スタ
2022,J1,第９節第３日,2022-04-17,16:03,磐田,広島,2,2,D,ヤマハ
2022,J1,第９節第３日,2022-04-17,17:03,福岡,Ｃ大阪,0,0,D,ベススタ
2022,J1,第９節第３日,2022-04-17,19:03,柏,京都,0,2,A,三協Ｆ柏
2022,J1,第２節第３日,2022-04-20,19:03,FC東京,名古屋,0,0,D,味スタ
2022,J2,第１１節第１日,2022-04-20,19:03,徳島,岩手,5,0,H,鳴門大塚
2022,J2,第１１節第１日,2022-04-20,19:08,大分,金沢,1,3,A,昭和電ド
2022,J3,第４節第３日,2022-04-21,19:03,八戸,沼津,0,2,A,プラスタ
2022,J2,第１１節第２日,2022-04-22,19:03,熊本,岡山,1,1,D,えがおＳ
2022,J2,第１１節第３日,2022-04-23,14:02,東京Ｖ,千葉,1,1,D,味スタ
2022,J2,第１１節第３日,2022-04-23,14:03,新潟,長崎,2,1,H,デンカＳ
2022,J2,第１１節第３日,2022-04-23,14:03,山形,大宮,2,0,H,ＮＤスタ
2022,J2,第１１節第３日,2022-04-23,14:03,仙台,琉球,2,0,H,ユアスタ
2022,J2,第１１節第３日,2022-04-23,14:04,甲府,町田,1,0,H,ＪＩＴス
2022,J2,第１１節第３日,2022-04-23,16:03,栃木,横浜FC,0,0,D,カンセキ
2022,J2,第１１節第３日,2022-04-23,16:03,水戸,山口,3,2,H,Ｋｓスタ
2022,J2,第１１節第４日,2022-04-24,17:03,群馬,秋田,0,1,A,正田スタ
2022,J2,第１２節第１日,2022-04-27,18:33,秋田,岡山,0,1,A,ソユスタ
2022,J2,第１２節第１日,2022-04-27,19:03,徳島,山形,0,1,A,鳴門大塚
2022,J2,第１２節第１日,2022-04-27,19:03,千葉,山口,2,0,H,フクアリ
2022,J2,第１２節第１日,2022-04-27,19:03,熊本,仙台,0,2,A,えがおＳ
2022,J2,第１２節第１日,2022-04-27,19:03,横浜FC,町田,1,1,D,ニッパツ
2022,J2,第１２節第１日,2022-04-27,19:03,長崎,水戸,1,0,H,トラスタ
2022,J2,第１２節第１日,2022-04-27,19:03,大分,栃木,0,0,D,昭和電ド
2022,J2,第１２節第１日,2022-04-27,19:03,新潟,岩手,2,0,H,デンカＳ
2022,J2,第１２節第１日,2022-04-27,19:03,琉球,金沢,1,1,D,タピスタ
2022,J2,第１２節第１日,2022-04-27,19:03,大宮,群馬,3,2,H,ＮＡＣＫ
2022,J2,第１２節第１日,2022-04-27,19:33,甲府,東京Ｖ,2,0,H,ＪＩＴス
2022,J1,第１０節第２日,2022-04-28,19:03,磐田,名古屋,2,1,H,ヤマハ
2022,J3,第７節第１日,2022-04-29,13:03,今治,宮崎,0,0,D,夢スタ
2022,J3,第７節第１日,2022-04-29,13:03,いわき,八戸,3,1,H,Ｊスタ
2022,J1,第１０節第３日,2022-04-29,13:08,札幌,湘南,1,0,H,札幌ド
2022,J1,第１０節第３日,2022-04-29,14:03,清水,広島,2,2,D,アイスタ
2022,J3,第７節第１日,2022-04-29,14:03,愛媛,福島,0,0,D,ニンスタ
2022,J3,第７節第１日,2022-04-29,14:03,北九州,藤枝,0,1,A,ミクスタ
2022,J3,第７節第１日,2022-04-29,14:03,富山,鳥取,3,2,H,富山
2022,J1,第１０節第３日,2022-04-29,15:03,京都,福岡,0,1,A,サンガＳ
2022,J3,第７節第１日,2022-04-29,15:03,長野,鹿児島,2,1,H,長野Ｕ
2022,J1,第１０節第３日,2022-04-29,16:03,Ｃ大阪,鹿島,0,3,A,ヨドコウ
2022,J1,第１０節第３日,2022-04-29,16:03,柏,鳥栖,1,4,A,三協Ｆ柏
2022,J1,第１０節第３日,2022-04-29,19:03,FC東京,Ｇ大阪,2,0,H,国立
2022,J2,第１３節第１日,2022-04-30,14:03,山口,栃木,2,1,H,みらスタ
2022,J2,第１３節第１日,2022-04-30,14:03,千葉,大分,0,3,A,フクアリ
2022,J3,第７節第２日,2022-04-30,14:03,讃岐,岐阜,2,1,H,ピカスタ
2022,J2,第１３節第１日,2022-04-30,16:03,水戸,甲府,2,1,H,Ｋｓスタ
2022,J2,第１３節第１日,2022-04-30,18:03,琉球,新潟,1,1,D,タピスタ
2022,J3,第７節第２日,2022-04-30,19:03,松本,沼津,1,0,H,サンアル
2022,J2,第１３節第２日,2022-05-01,13:03,岩手,熊本,1,2,A,いわスタ
2022,J2,第１３節第２日,2022-05-01,13:04,岡山,東京Ｖ,2,1,H,Ｃスタ
2022,J2,第１３節第２日,2022-05-01,14:03,群馬,横浜FC,3,3,D,正田スタ
2022,J2,第１３節第２日,2022-05-01,14:03,町田,徳島,0,2,A,Ｇスタ
2022,J2,第１３節第２日,2022-05-01,14:03,山形,長崎,2,0,H,ＮＤスタ
2022,J2,第１３節第２日,2022-05-01,14:04,金沢,大宮,1,2,A,石川西部
2022,J2,第１３節第２日,2022-05-01,16:03,仙台,秋田,3,1,H,ユアスタ
2022,J1,第１１節第１日,2022-05-03,14:03,名古屋,京都,1,1,D,豊田ス
2022,J1,第１１節第１日,2022-05-03,14:03,広島,柏,1,2,A,Ｅスタ
2022,J1,第１１節第１日,2022-05-03,15:03,湘南,清水,1,4,A,レモンＳ
2022,J1,第１１節第１日,2022-05-03,15:03,鹿島,磐田,3,1,H,カシマ
2022,J1,第１１節第１日,2022-05-03,15:03,鳥栖,Ｃ大阪,1,1,D,駅スタ
2022,J1,第１１節第１日,2022-05-03,17:03,福岡,FC東京,5,1,H,ベススタ
2022,J2,第１４節第１日,2022-05-04,13:03,岩手,長崎,0,4,A,いわスタ
2022,J2,第１４節第１日,2022-05-04,13:03,秋田,琉球,2,1,H,ソユスタ
2022,J3,第８節第１日,2022-05-04,13:03,沼津,長野,1,0,H,愛鷹
2022,J1,第１１節第２日,2022-05-04,14:03,Ｇ大阪,札幌,0,0,D,パナスタ
2022,J2,第１４節第１日,2022-05-04,14:03,横浜FC,熊本,0,1,A,ニッパツ
2022,J2,第１４節第１日,2022-05-04,14:03,山口,町田,3,1,H,みらスタ
2022,J2,第１４節第１日,2022-05-04,14:03,新潟,金沢,1,0,H,デンカＳ
2022,J2,第１４節第１日,2022-05-04,14:03,大分,大宮,1,1,D,昭和電ド
2022,J2,第１４節第１日,2022-05-04,14:03,東京Ｖ,仙台,3,1,H,味スタ
2022,J2,第１４節第１日,2022-05-04,14:03,徳島,千葉,1,0,H,鳴門大塚
2022,J2,第１４節第１日,2022-05-04,14:03,岡山,水戸,2,1,H,Ｃスタ
2022,J2,第１４節第１日,2022-05-04,14:03,甲府,群馬,1,0,H,ＪＩＴス
2022,J3,第８節第１日,2022-05-04,14:03,讃岐,今治,0,1,A,ピカスタ
2022,J3,第８節第１日,2022-05-04,14:03,藤枝,岐阜,4,3,H,藤枝サ
2022,J3,第８節第１日,2022-05-04,15:03,松本,北九州,0,0,D,サンアル
2022,J3,第８節第１日,2022-05-04,16:00,福島,いわき,0,1,A,とうスタ
2022,J2,第１４節第１日,2022-05-04,16:03,栃木,山形,1,2,A,カンセキ
2022,J3,第８節第２日,2022-05-05,13:03,鹿児島,富山,4,1,H,白波スタ
2022,J3,第８節第２日,2022-05-05,13:03,YS横浜,宮崎,0,4,A,ニッパツ
2022,J1,第１２節第１日,2022-05-06,19:03,Ｃ大阪,磐田,2,1,H,ヨドコウ
2022,J1,第１２節第２日,2022-05-07,14:03,広島,鹿島,3,0,H,Ｅスタ
2022,J1,第１２節第２日,2022-05-07,14:04,清水,川崎Ｆ,0,2,A,アイスタ
2022,J1,第１２節第２日,2022-05-07,15:03,横浜FM,名古屋,2,1,H,日産ス
2022,J1,第１２節第２日,2022-05-07,16:03,札幌,京都,1,0,H,札幌ド
2022,J1,第１２節第２日,2022-05-07,17:03,福岡,湘南,0,0,D,ベススタ
2022,J2,第１５節第１日,2022-05-08,13:03,秋田,横浜FC,1,0,H,ソユスタ
2022,J2,第１５節第１日,2022-05-08,13:05,熊本,琉球,0,2,A,えがおＳ
2022,J1,第１２節第３日,2022-05-08,14:03,Ｇ大阪,神戸,2,0,H,パナスタ
2022,J2,第１５節第１日,2022-05-08,14:03,新潟,東京Ｖ,4,3,H,デンカＳ
2022,J2,第１５節第１日,2022-05-08,14:03,水戸,町田,0,0,D,Ｋｓスタ
2022,J2,第１５節第１日,2022-05-08,14:03,金沢,山口,1,0,H,石川西部
2022,J2,第１５節第１日,2022-05-08,14:03,群馬,徳島,0,0,D,正田スタ
2022,J2,第１５節第１日,2022-05-08,14:03,長崎,仙台,0,2,A,トラスタ
2022,J2,第１５節第１日,2022-05-08,14:04,山形,大分,1,1,D,ＮＤスタ
2022,J2,第１５節第１日,2022-05-08,15:04,千葉,岡山,1,0,H,フクアリ
2022,J1,第１２節第３日,2022-05-08,15:05,FC東京,鳥栖,0,1,A,味スタ
2022,J1,第１２節第３日,2022-05-08,16:03,柏,浦和,0,0,D,三協Ｆ柏
2022,J2,第１５節第１日,2022-05-08,16:03,栃木,甲府,0,0,D,カンセキ
2022,J1,第１３節第１日,2022-05-13,19:33,浦和,広島,0,0,D,埼玉
2022,J1,第１３節第２日,2022-05-14,14:03,磐田,FC東京,2,1,H,ヤマハ
2022,J1,第１３節第２日,2022-05-14,14:03,京都,清水,0,0,D,サンガＳ
2022,J1,第１３節第２日,2022-05-14,14:03,名古屋,Ｃ大阪,1,0,H,豊田ス
2022,J2,第１６節第１日,2022-05-14,14:03,大分,熊本,1,2,A,昭和電ド
2022,J2,第１６節第１日,2022-05-14,14:03,甲府,山口,1,1,D,ＪＩＴス
2022,J2,第１６節第１日,2022-05-14,14:03,長崎,大宮,0,0,D,トラスタ
2022,J1,第１３節第２日,2022-05-14,15:03,神戸,鳥栖,4,0,H,ノエスタ
2022,J1,第１３節第２日,2022-05-14,15:03,鹿島,札幌,4,1,H,カシマ
2022,J2,第１６節第１日,2022-05-14,15:03,東京Ｖ,水戸,0,2,A,味スタ
2022,J1,第１３節第２日,2022-05-14,16:03,川崎Ｆ,福岡,2,0,H,等々力
2022,J1,第１３節第２日,2022-05-14,16:03,湘南,横浜FM,1,4,A,レモンＳ
2022,J1,第１３節第２日,2022-05-14,19:03,柏,Ｇ大阪,0,1,A,三協Ｆ柏
2022,J2,第１６節第１日,2022-05-14,19:03,琉球,栃木,1,0,H,タピスタ
2022,J3,第９節第１日,2022-05-15,13:03,いわき,藤枝,2,2,D,Ｊスタ
2022,J3,第９節第１日,2022-05-15,13:03,鳥取,福島,0,4,A,Ａｘｉｓ
2022,J3,第９節第１日,2022-05-15,13:03,今治,鹿児島,0,1,A,夢スタ
2022,J3,第９節第１日,2022-05-15,13:03,沼津,愛媛,1,1,D,愛鷹
2022,J3,第９節第１日,2022-05-15,13:03,宮崎,讃岐,0,0,D,ユニスタ
2022,J2,第１６節第２日,2022-05-15,14:03,町田,新潟,2,1,H,Ｇスタ
2022,J2,第１６節第２日,2022-05-15,14:03,岡山,群馬,0,1,A,Ｃスタ
2022,J2,第１６節第２日,2022-05-15,14:03,仙台,金沢,4,1,H,ユアスタ
2022,J2,第１６節第２日,2022-05-15,14:03,横浜FC,徳島,2,1,H,ニッパツ
2022,J3,第９節第１日,2022-05-15,14:03,八戸,北九州,1,0,H,プラスタ
2022,J3,第９節第１日,2022-05-15,14:03,富山,YS横浜,5,1,H,富山
2022,J2,第１６節第２日,2022-05-15,15:03,千葉,秋田,0,1,A,フクアリ
2022,J3,第９節第１日,2022-05-15,19:03,長野,松本,0,0,D,長野Ｕ
2022,J3,第９節第１日,2022-05-15,19:03,岐阜,相模原,2,0,H,長良川
2022,J1,第１１節第３日,2022-05-18,19:03,神戸,川崎Ｆ,0,1,A,ノエスタ
2022,J2,第１５節第２日,2022-05-18,19:03,大宮,岩手,0,1,A,ＮＡＣＫ
2022,J3,第４節第４日,2022-05-18,19:03,岐阜,鳥取,3,0,H,長良川
2022,J1,第１１節第３日,2022-05-18,19:34,浦和,横浜FM,3,3,D,埼玉
2022,J3,第７節第３日,2022-05-19,19:03,相模原,YS横浜,0,0,D,ギオンス
2022,J2,第１７節第１日,2022-05-21,13:03,熊本,千葉,1,1,D,えがおＳ
2022,J1,第１４節第１日,2022-05-21,13:04,広島,京都,3,1,H,Ｅスタ
2022,J1,第１４節第１日,2022-05-21,14:03,Ｃ大阪,Ｇ大阪,3,1,H,ヨドコウ
2022,J1,第１４節第１日,2022-05-21,14:03,清水,名古屋,1,2,A,アイスタ
2022,J2,第１７節第１日,2022-05-21,14:03,新潟,横浜FC,3,0,H,デンカＳ
2022,J2,第１７節第１日,2022-05-21,14:03,秋田,東京Ｖ,3,3,D,ソユスタ
2022,J2,第１７節第１日,2022-05-21,14:03,大宮,仙台,2,4,A,ＮＡＣＫ
2022,J2,第１７節第１日,2022-05-21,14:03,金沢,山形,1,1,D,石川西部
2022,J2,第１７節第１日,2022-05-21,14:04,徳島,栃木,0,1,A,鳴門大塚
2022,J1,第１４節第１日,2022-05-21,15:03,湘南,神戸,2,1,H,レモンＳ
2022,J1,第１４節第１日,2022-05-21,15:03,FC東京,柏,0,0,D,味スタ
2022,J2,第１７節第１日,2022-05-21,16:03,水戸,岩手,3,0,H,Ｋｓスタ
2022,J1,第１４節第１日,2022-05-21,17:03,鳥栖,川崎Ｆ,0,0,D,駅スタ
2022,J1,第１４節第１日,2022-05-21,17:04,浦和,鹿島,1,1,D,埼玉
2022,J2,第１７節第１日,2022-05-21,18:04,岡山,大分,1,0,H,Ｃスタ
2022,J1,第１４節第１日,2022-05-21,19:03,福岡,横浜FM,1,0,H,ベススタ
2022,J2,第１７節第１日,2022-05-21,19:03,琉球,甲府,1,1,D,タピスタ
2022,J2,第１７節第２日,2022-05-22,14:03,山口,長崎,1,2,A,みらスタ
2022,J2,第１７節第２日,2022-05-22,14:03,町田,群馬,2,0,H,Ｇスタ
2022,J1,第１４節第２日,2022-05-22,15:03,磐田,札幌,1,2,A,ヤマハ
2022,J2,第１８節第１日,2022-05-25,18:03,岩手,横浜FC,1,3,A,いわスタ
2022,J3,第８節第３日,2022-05-25,18:33,鳥取,愛媛,1,2,A,Ａｘｉｓ
2022,J1,第１５節第１日,2022-05-25,19:03,Ｃ大阪,浦和,2,0,H,ヨドコウ
2022,J1,第１５節第１日,2022-05-25,19:03,清水,FC東京,0,3,A,アイスタ
2022,J1,第１５節第１日,2022-05-25,19:03,神戸,磐田,0,0,D,ノエスタ
2022,J1,第１５節第１日,2022-05-25,19:03,川崎Ｆ,湘南,0,4,A,等々力
2022,J1,第１５節第１日,2022-05-25,19:03,鹿島,鳥栖,4,4,D,カシマ
2022,J2,第１８節第１日,2022-05-25,19:03,長崎,千葉,0,2,A,トラスタ
2022,J2,第１８節第１日,2022-05-25,19:03,栃木,町田,1,0,H,カンセキ
2022,J2,第１８節第１日,2022-05-25,19:03,東京Ｖ,金沢,1,3,A,味スタ
2022,J2,第１８節第１日,2022-05-25,19:03,水戸,新潟,0,3,A,Ｋｓスタ
2022,J2,第１８節第１日,2022-05-25,19:03,大宮,琉球,1,0,H,ＮＡＣＫ
2022,J2,第１８節第１日,2022-05-25,19:03,大分,秋田,1,1,D,昭和電ド
2022,J2,第１８節第１日,2022-05-25,19:03,群馬,熊本,2,3,A,正田スタ
2022,J2,第１８節第１日,2022-05-25,19:03,山形,山口,1,0,H,ＮＤスタ
2022,J2,第１８節第１日,2022-05-25,19:03,仙台,岡山,0,0,D,ユアスタ
2022,J1,第１５節第１日,2022-05-25,19:05,札幌,柏,1,6,A,札幌ド
2022,J1,第１５節第１日,2022-05-25,19:06,横浜FM,京都,2,0,H,ニッパツ
2022,J1,第１５節第１日,2022-05-25,19:33,名古屋,福岡,1,0,H,豊田ス
2022,J2,第１８節第１日,2022-05-25,19:33,甲府,徳島,1,1,D,ＪＩＴス
2022,J2,第１９節第１日,2022-05-28,13:03,熊本,甲府,1,1,D,えがおＳ
2022,J1,第１６節第１日,2022-05-28,14:03,広島,名古屋,1,0,H,Ｅスタ
2022,J3,第１０節第１日,2022-05-28,14:03,北九州,YS横浜,0,1,A,ミクスタ
2022,J1,第１６節第１日,2022-05-28,17:03,福岡,浦和,0,0,D,ベススタ
2022,J2,第１９節第１日,2022-05-28,18:03,東京Ｖ,大宮,1,1,D,味スタ
2022,J3,第１０節第２日,2022-05-29,12:05,松本,今治,2,1,H,サンアル
2022,J3,第１０節第２日,2022-05-29,13:03,相模原,富山,0,1,A,ギオンス
2022,J3,第１０節第２日,2022-05-29,13:03,いわき,鳥取,2,0,H,Ｊスタ
2022,J3,第１０節第２日,2022-05-29,13:03,福島,宮崎,0,0,D,あいづ
2022,J1,第１６節第２日,2022-05-29,13:07,神戸,札幌,4,1,H,ノエスタ
2022,J1,第１６節第２日,2022-05-29,14:03,京都,川崎Ｆ,1,0,H,サンガＳ
2022,J2,第１９節第２日,2022-05-29,14:03,新潟,山形,3,0,H,デンカＳ
2022,J2,第１９節第２日,2022-05-29,14:03,仙台,栃木,2,1,H,ユアスタ
2022,J2,第１９節第２日,2022-05-29,14:03,長崎,岡山,0,0,D,トラスタ
2022,J2,第１９節第２日,2022-05-29,14:03,町田,秋田,2,0,H,Ｇスタ
2022,J2,第１９節第２日,2022-05-29,14:03,横浜FC,山口,1,0,H,ニッパツ
2022,J3,第１０節第２日,2022-05-29,14:03,讃岐,鹿児島,0,4,A,ピカスタ
2022,J3,第１０節第２日,2022-05-29,14:03,藤枝,沼津,3,1,H,藤枝サ
2022,J3,第１０節第２日,2022-05-29,14:03,長野,岐阜,2,2,D,長野Ｕ
2022,J1,第１６節第２日,2022-05-29,15:03,湘南,Ｃ大阪,0,2,A,レモンＳ
2022,J1,第１６節第２日,2022-05-29,15:03,FC東京,鹿島,3,1,H,味スタ
2022,J2,第１９節第２日,2022-05-29,15:03,千葉,水戸,2,1,H,フクアリ
2022,J3,第１０節第２日,2022-05-29,15:03,愛媛,八戸,3,1,H,ニンスタ
2022,J1,第１６節第２日,2022-05-29,16:03,柏,清水,3,1,H,三協Ｆ柏
2022,J1,第１６節第２日,2022-05-29,16:04,磐田,横浜FM,0,2,A,ヤマハ
2022,J1,第１６節第２日,2022-05-29,17:04,鳥栖,Ｇ大阪,2,1,H,駅スタ
2022,J2,第１９節第２日,2022-05-29,18:03,群馬,大分,0,1,A,正田スタ
2022,J2,第１９節第２日,2022-05-29,18:33,琉球,徳島,3,3,D,タピスタ
2022,J2,第１９節第２日,2022-05-29,19:03,金沢,岩手,2,1,H,石川西部
2022,J3,第１１節第１日,2022-06-04,13:03,YS横浜,いわき,0,6,A,ニッパツ
2022,J3,第１１節第１日,2022-06-04,13:03,相模原,北九州,3,2,H,ギオンス
2022,J2,第２０節第１日,2022-06-04,16:03,徳島,新潟,1,1,D,鳴門大塚
2022,J2,第２０節第１日,2022-06-04,18:03,岡山,金沢,5,1,H,Ｃスタ
2022,J3,第１１節第２日,2022-06-05,13:03,鹿児島,沼津,1,0,H,白波スタ
2022,J3,第１１節第２日,2022-06-05,13:03,宮崎,長野,1,0,H,ユニスタ
2022,J3,第１１節第２日,2022-06-05,13:03,鳥取,松本,0,0,D,Ａｘｉｓ
2022,J3,第１１節第２日,2022-06-05,13:04,福島,藤枝,0,6,A,とうスタ
2022,J3,第１１節第２日,2022-06-05,13:05,今治,愛媛,2,0,H,夢スタ
2022,J2,第２０節第２日,2022-06-05,14:03,秋田,熊本,2,2,D,ソユスタ
2022,J2,第２０節第２日,2022-06-05,14:03,横浜FC,東京Ｖ,1,1,D,ニッパツ
2022,J2,第２０節第２日,2022-06-05,14:03,大分,町田,3,1,H,昭和電ド
2022,J2,第２０節第２日,2022-06-05,14:03,千葉,仙台,2,0,H,フクアリ
2022,J2,第２０節第２日,2022-06-05,14:03,山口,群馬,2,1,H,みらスタ
2022,J2,第２０節第２日,2022-06-05,14:03,大宮,水戸,0,2,A,ＮＡＣＫ
2022,J2,第２０節第２日,2022-06-05,14:03,山形,琉球,4,0,H,ＮＤスタ
2022,J3,第１１節第２日,2022-06-05,14:03,富山,讃岐,1,0,H,富山
2022,J2,第２０節第２日,2022-06-05,18:03,岩手,甲府,1,0,H,いわスタ
2022,J2,第２０節第２日,2022-06-05,18:03,栃木,長崎,2,3,A,カンセキ
2022,J3,第１１節第２日,2022-06-05,19:03,岐阜,八戸,0,0,D,長良川
2022,J3,第１２節第１日,2022-06-11,14:04,松本,藤枝,2,0,H,サンアル
2022,J2,第２１節第１日,2022-06-11,18:03,甲府,千葉,1,1,D,ＪＩＴス
2022,J2,第２１節第１日,2022-06-11,18:03,徳島,仙台,2,2,D,鳴門大塚
2022,J2,第２１節第１日,2022-06-11,18:03,金沢,横浜FC,1,1,D,石川西部
2022,J2,第２１節第１日,2022-06-11,18:33,琉球,長崎,1,2,A,タピスタ
2022,J2,第２１節第１日,2022-06-11,19:03,大分,新潟,1,2,A,昭和電ド
2022,J2,第２１節第２日,2022-06-12,13:03,山口,岡山,0,1,A,みらスタ
2022,J3,第１２節第２日,2022-06-12,13:03,沼津,YS横浜,2,1,H,愛鷹
2022,J2,第２１節第２日,2022-06-12,14:03,秋田,大宮,0,1,A,ソユスタ
2022,J2,第２１節第２日,2022-06-12,14:03,町田,熊本,1,1,D,Ｇスタ
2022,J2,第２１節第２日,2022-06-12,14:03,水戸,山形,1,0,H,Ｋｓスタ
2022,J3,第１２節第２日,2022-06-12,14:03,岐阜,鹿児島,2,1,H,長良川
2022,J3,第１２節第２日,2022-06-12,14:03,八戸,鳥取,0,3,A,プラスタ
2022,J3,第１２節第２日,2022-06-12,14:03,讃岐,いわき,1,2,A,ピカスタ
2022,J3,第１２節第２日,2022-06-12,14:03,北九州,福島,1,1,D,ミクスタ
2022,J3,第１２節第２日,2022-06-12,14:04,宮崎,富山,0,1,A,ユニスタ
2022,J3,第１２節第２日,2022-06-12,16:03,長野,愛媛,1,1,D,長野Ｕ
2022,J3,第１２節第２日,2022-06-12,16:03,今治,相模原,1,3,A,夢スタ
2022,J2,第２１節第２日,2022-06-12,18:03,群馬,栃木,0,0,D,正田スタ
2022,J2,第２１節第２日,2022-06-12,18:03,東京Ｖ,岩手,2,2,D,味スタ
2022,J2,第１６節第３日,2022-06-15,18:03,岩手,山形,3,3,D,いわスタ
2022,J3,第８節第４日,2022-06-15,19:03,八戸,相模原,2,1,H,プラスタ
2022,J2,第２２節第１日,2022-06-18,14:03,千葉,大宮,1,1,D,フクアリ
2022,J3,第１３節第１日,2022-06-18,17:03,福島,岐阜,0,1,A,とうスタ
2022,J1,第１７節第１日,2022-06-18,18:03,湘南,FC東京,2,0,H,レモンＳ
2022,J1,第１７節第１日,2022-06-18,18:03,清水,福岡,3,1,H,アイスタ
2022,J1,第１７節第１日,2022-06-18,18:03,鹿島,京都,1,0,H,カシマ
2022,J2,第２２節第１日,2022-06-18,18:03,岩手,徳島,1,0,H,いわスタ
2022,J2,第２２節第１日,2022-06-18,18:03,東京Ｖ,山口,3,0,H,味スタ
2022,J2,第２２節第１日,2022-06-18,18:03,熊本,水戸,0,0,D,えがおＳ
2022,J2,第２２節第１日,2022-06-18,18:03,仙台,横浜FC,2,3,A,ユアスタ
2022,J2,第２２節第１日,2022-06-18,18:03,栃木,大分,1,1,D,栃木グ
2022,J3,第１３節第１日,2022-06-18,18:03,相模原,讃岐,0,1,A,ギオンス
2022,J3,第１３節第１日,2022-06-18,18:03,愛媛,松本,3,2,H,ニンスタ
2022,J1,第１７節第１日,2022-06-18,18:04,磐田,鳥栖,3,1,H,ヤマハ
2022,J1,第１７節第１日,2022-06-18,19:03,柏,神戸,3,1,H,三協Ｆ柏
2022,J1,第１７節第１日,2022-06-18,19:03,広島,Ｃ大阪,2,1,H,Ｅスタ
2022,J1,第１７節第１日,2022-06-18,19:03,Ｇ大阪,横浜FM,1,2,A,パナスタ
2022,J1,第１７節第１日,2022-06-18,19:03,川崎Ｆ,札幌,5,2,H,等々力
2022,J2,第２２節第１日,2022-06-18,19:03,長崎,群馬,2,0,H,トラスタ
2022,J2,第２２節第１日,2022-06-18,19:03,山形,甲府,0,1,A,ＮＤスタ
2022,J2,第２２節第１日,2022-06-18,19:03,岡山,琉球,1,0,H,Ｃスタ
2022,J3,第１３節第１日,2022-06-18,19:03,鹿児島,YS横浜,3,0,H,白波スタ
2022,J1,第１７節第１日,2022-06-18,19:04,浦和,名古屋,3,0,H,埼玉
2022,J3,第１３節第２日,2022-06-19,13:03,いわき,北九州,2,2,D,Ｊスタ
2022,J3,第１３節第２日,2022-06-19,13:05,鳥取,宮崎,2,0,H,チュスタ
2022,J2,第２２節第２日,2022-06-19,14:03,新潟,秋田,3,0,H,デンカＳ
2022,J3,第１３節第２日,2022-06-19,14:03,藤枝,今治,1,2,A,藤枝サ
2022,J3,第１３節第２日,2022-06-19,16:03,長野,八戸,2,1,H,長野Ｕ
2022,J2,第２２節第２日,2022-06-19,18:03,町田,金沢,3,2,H,Ｇスタ
2022,J3,第１３節第２日,2022-06-19,18:03,富山,沼津,1,0,H,富山
2022,J2,第２３節第１日,2022-06-25,16:01,仙台,山形,1,1,D,ユアスタ
2022,J1,第１８節第１日,2022-06-25,16:03,横浜FM,柏,4,0,H,日産ス
2022,J3,第１４節第１日,2022-06-25,17:03,YS横浜,藤枝,0,3,A,ニッパツ
2022,J2,第２３節第１日,2022-06-25,18:03,水戸,岡山,1,1,D,Ｋｓスタ
2022,J3,第１４節第１日,2022-06-25,18:03,富山,長野,1,0,H,富山
2022,J1,第１８節第１日,2022-06-25,18:33,福岡,広島,1,3,A,ベススタ
2022,J3,第１４節第１日,2022-06-25,18:33,鳥取,相模原,2,2,D,Ａｘｉｓ
2022,J1,第１８節第１日,2022-06-25,19:03,川崎Ｆ,磐田,1,1,D,等々力
2022,J2,第２３節第１日,2022-06-25,19:03,長崎,秋田,0,0,D,トラスタ
2022,J2,第２３節第１日,2022-06-25,19:03,熊本,大分,1,2,A,えがおＳ
2022,J3,第１４節第１日,2022-06-25,19:03,愛媛,鹿児島,1,0,H,ニンスタ
2022,J1,第１８節第２日,2022-06-26,14:03,札幌,Ｇ大阪,1,0,H,札幌ド
2022,J2,第２３節第２日,2022-06-26,14:03,千葉,東京Ｖ,3,1,H,フクアリ
2022,J3,第１４節第２日,2022-06-26,14:03,八戸,福島,1,0,H,プラスタ
2022,J3,第１４節第２日,2022-06-26,15:03,宮崎,岐阜,1,4,A,ユニスタ
2022,J3,第１４節第２日,2022-06-26,16:33,今治,沼津,0,0,D,夢スタ
2022,J1,第１８節第２日,2022-06-26,18:03,名古屋,鹿島,1,1,D,豊田ス
2022,J1,第１８節第２日,2022-06-26,18:03,Ｃ大阪,清水,1,1,D,ヨドコウ
2022,J1,第１８節第２日,2022-06-26,18:03,神戸,浦和,0,1,A,ノエスタ
2022,J2,第２３節第２日,2022-06-26,18:03,徳島,群馬,1,0,H,鳴門大塚
2022,J2,第２３節第２日,2022-06-26,18:03,栃木,岩手,1,1,D,カンセキ
2022,J2,第２３節第２日,2022-06-26,18:03,横浜FC,新潟,2,0,H,ニッパツ
2022,J3,第１４節第２日,2022-06-26,18:03,松本,いわき,2,1,H,サンアル
2022,J3,第１４節第２日,2022-06-26,18:03,北九州,讃岐,1,0,H,ミクスタ
2022,J1,第１８節第２日,2022-06-26,18:33,京都,湘南,0,1,A,サンガＳ
2022,J2,第２３節第２日,2022-06-26,18:33,琉球,町田,0,1,A,タピスタ
2022,J1,第１８節第２日,2022-06-26,19:03,鳥栖,FC東京,5,0,H,駅スタ
2022,J2,第２３節第２日,2022-06-26,19:03,大宮,金沢,0,1,A,ＮＡＣＫ
2022,J2,第２３節第２日,2022-06-26,19:03,山口,甲府,2,1,H,みらスタ
2022,J1,第１５節第２日,2022-06-29,19:03,Ｇ大阪,広島,2,0,H,パナスタ
2022,J2,第２４節第１日,2022-07-02,14:03,秋田,山口,0,1,A,ソユスタ
2022,J3,第１５節第１日,2022-07-02,15:03,沼津,鳥取,3,0,H,愛鷹
2022,J3,第１５節第１日,2022-07-02,16:33,いわき,宮崎,2,0,H,Ｊスタ
2022,J3,第１５節第１日,2022-07-02,17:03,藤枝,愛媛,2,0,H,藤枝サ
2022,J3,第１５節第１日,2022-07-02,17:03,福島,富山,1,1,D,とうスタ
2022,J1,第１９節第１日,2022-07-02,18:03,FC東京,福岡,2,2,D,味スタ
2022,J2,第２４節第１日,2022-07-02,18:03,岩手,大宮,1,0,H,いわスタ
2022,J2,第２４節第１日,2022-07-02,18:03,水戸,横浜FC,1,2,A,Ｋｓスタ
2022,J2,第２４節第１日,2022-07-02,18:03,町田,仙台,2,3,A,Ｇスタ
2022,J2,第２４節第１日,2022-07-02,18:03,甲府,長崎,0,1,A,ＪＩＴス
2022,J3,第１５節第１日,2022-07-02,18:03,北九州,鹿児島,1,2,A,ミクスタ
2022,J3,第１５節第１日,2022-07-02,18:03,相模原,長野,1,2,A,ギオンス
2022,J1,第１９節第１日,2022-07-02,18:33,京都,札幌,2,1,H,サンガＳ
2022,J1,第１９節第１日,2022-07-02,18:33,柏,鹿島,1,2,A,三協Ｆ柏
2022,J1,第１９節第１日,2022-07-02,18:33,広島,磐田,3,0,H,Ｅスタ
2022,J1,第１９節第１日,2022-07-02,19:03,清水,横浜FM,3,5,A,国立
2022,J1,第１９節第１日,2022-07-02,19:03,湘南,名古屋,0,0,D,レモンＳ
2022,J1,第１９節第１日,2022-07-02,19:03,Ｇ大阪,浦和,1,1,D,パナスタ
2022,J1,第１９節第１日,2022-07-02,19:03,Ｃ大阪,川崎Ｆ,2,1,H,ヨドコウ
2022,J2,第２４節第１日,2022-07-02,19:03,岡山,熊本,0,2,A,Ｃスタ
2022,J2,第２４節第１日,2022-07-02,19:03,大分,千葉,3,2,H,昭和電ド
2022,J2,第２４節第１日,2022-07-02,19:03,金沢,徳島,0,1,A,石川西部
2022,J2,第２４節第１日,2022-07-02,19:03,山形,栃木,0,2,A,ＮＤスタ
2022,J3,第１５節第１日,2022-07-02,19:03,八戸,松本,0,1,A,プラスタ
2022,J1,第１９節第１日,2022-07-02,19:33,鳥栖,神戸,0,2,A,駅スタ
2022,J2,第２４節第１日,2022-07-02,19:33,群馬,新潟,0,2,A,正田スタ
2022,J3,第１５節第２日,2022-07-03,16:03,讃岐,YS横浜,1,0,H,ピカスタ
2022,J2,第２４節第２日,2022-07-03,18:03,東京Ｖ,琉球,2,1,H,味スタ
2022,J3,第１５節第２日,2022-07-03,19:03,岐阜,今治,0,5,A,長良川
2022,J2,第２５節第１日,2022-07-06,18:03,岩手,琉球,0,1,A,いわスタ
2022,J1,第２０節第１日,2022-07-06,19:03,FC東京,札幌,3,0,H,味スタ
2022,J1,第２０節第１日,2022-07-06,19:03,横浜FM,広島,3,0,H,日産ス
2022,J1,第２０節第１日,2022-07-06,19:03,湘南,Ｇ大阪,1,0,H,レモンＳ
2022,J1,第２０節第１日,2022-07-06,19:03,神戸,清水,2,1,H,ノエスタ
2022,J1,第２０節第１日,2022-07-06,19:03,磐田,福岡,0,1,A,ヤマハ
2022,J1,第２０節第１日,2022-07-06,19:03,鹿島,Ｃ大阪,3,3,D,カシマ
2022,J1,第２０節第１日,2022-07-06,19:03,柏,名古屋,0,1,A,三協Ｆ柏
2022,J2,第２５節第１日,2022-07-06,19:03,町田,水戸,2,3,A,Ｇスタ
2022,J2,第２５節第１日,2022-07-06,19:03,新潟,千葉,1,2,A,デンカＳ
2022,J2,第２５節第１日,2022-07-06,19:03,栃木,東京Ｖ,0,1,A,カンセキ
2022,J2,第２５節第１日,2022-07-06,19:03,岡山,大宮,4,2,H,Ｃスタ
2022,J2,第２５節第１日,2022-07-06,19:03,熊本,徳島,1,1,D,えがおＳ
2022,J2,第２５節第１日,2022-07-06,19:03,横浜FC,秋田,1,1,D,ニッパツ
2022,J2,第２５節第１日,2022-07-06,19:03,金沢,群馬,2,1,H,石川西部
2022,J2,第２５節第１日,2022-07-06,19:03,山口,大分,0,0,D,みらスタ
2022,J2,第２５節第１日,2022-07-06,19:03,長崎,山形,1,1,D,トラスタ
2022,J2,第２５節第１日,2022-07-06,19:03,仙台,甲府,3,0,H,ユアスタ
2022,J1,第２０節第１日,2022-07-06,19:33,浦和,京都,2,2,D,埼玉
2022,J3,第１６節第１日,2022-07-09,16:03,沼津,讃岐,1,0,H,愛鷹
2022,J3,第１６節第１日,2022-07-09,17:03,YS横浜,八戸,3,1,H,ニッパツ
2022,J3,第１６節第１日,2022-07-09,18:03,相模原,藤枝,0,1,A,ギオンス
2022,J3,第１６節第１日,2022-07-09,18:04,松本,富山,1,0,H,サンアル
2022,J3,第１６節第１日,2022-07-09,18:33,鳥取,北九州,1,2,A,Ａｘｉｓ
2022,J1,第２１節第１日,2022-07-09,19:03,磐田,神戸,0,1,A,ヤマハ
2022,J1,第２１節第１日,2022-07-09,19:03,川崎Ｆ,Ｇ大阪,4,0,H,等々力
2022,J3,第１６節第１日,2022-07-09,19:03,鹿児島,福島,2,1,H,白波スタ
2022,J1,第２１節第２日,2022-07-10,14:03,札幌,鹿島,0,0,D,札幌ド
2022,J1,第２１節第２日,2022-07-10,18:03,広島,湘南,1,1,D,Ｅスタ
2022,J1,第２１節第２日,2022-07-10,18:03,名古屋,清水,0,2,A,豊田ス
2022,J2,第２６節第１日,2022-07-10,18:03,水戸,金沢,1,1,D,Ｋｓスタ
2022,J2,第２６節第１日,2022-07-10,18:03,千葉,栃木,0,1,A,フクアリ
2022,J2,第２６節第１日,2022-07-10,18:03,甲府,秋田,3,1,H,ＪＩＴス
2022,J2,第２６節第１日,2022-07-10,18:03,長崎,岩手,2,2,D,トラスタ
2022,J2,第２６節第１日,2022-07-10,18:04,徳島,横浜FC,1,1,D,鳴門大塚
2022,J1,第２１節第２日,2022-07-10,19:03,浦和,FC東京,3,0,H,埼玉
2022,J1,第２１節第２日,2022-07-10,19:03,福岡,京都,1,0,H,ベススタ
2022,J1,第２１節第２日,2022-07-10,19:03,鳥栖,柏,0,1,A,駅スタ
2022,J1,第２１節第２日,2022-07-10,19:03,Ｃ大阪,横浜FM,2,2,D,ヨドコウ
2022,J2,第２６節第１日,2022-07-10,19:03,大分,岡山,2,2,D,昭和電ド
2022,J2,第２６節第１日,2022-07-10,19:03,大宮,東京Ｖ,2,2,D,ＮＡＣＫ
2022,J2,第２６節第１日,2022-07-10,19:03,山形,熊本,0,1,A,ＮＤスタ
2022,J2,第２６節第１日,2022-07-10,19:03,山口,新潟,1,3,A,みらスタ
2022,J2,第２６節第１日,2022-07-10,19:03,群馬,町田,0,2,A,正田スタ
2022,J3,第１６節第２日,2022-07-10,19:03,長野,今治,1,1,D,長野Ｕ
2022,J3,第１６節第２日,2022-07-10,19:03,岐阜,いわき,1,2,A,長良川
2022,J3,第１６節第２日,2022-07-10,19:03,愛媛,宮崎,2,0,H,ニンスタ
2022,J2,第２６節第１日,2022-07-10,19:04,琉球,仙台,1,1,D,タピスタ
2022,J3,第１７節第１日,2022-07-15,19:03,富山,八戸,2,1,H,富山
2022,J3,第１７節第２日,2022-07-16,16:33,いわき,沼津,4,0,H,Ｊスタ
2022,J1,第２２節第１日,2022-07-16,18:03,清水,浦和,1,2,A,アイスタ
2022,J2,第２７節第１日,2022-07-16,18:03,甲府,水戸,1,1,D,ＪＩＴス
2022,J2,第２７節第１日,2022-07-16,18:03,岩手,仙台,1,5,A,いわスタ
2022,J1,第２２節第１日,2022-07-16,18:04,鹿島,神戸,1,1,D,カシマ
2022,J3,第１７節第２日,2022-07-16,18:33,鳥取,長野,0,1,A,Ａｘｉｓ
2022,J1,第２２節第１日,2022-07-16,19:03,柏,札幌,1,0,H,三協Ｆ柏
2022,J1,第２２節第１日,2022-07-16,19:03,Ｇ大阪,Ｃ大阪,1,2,A,パナスタ
2022,J1,第２２節第１日,2022-07-16,19:03,湘南,福岡,0,0,D,レモンＳ
2022,J1,第２２節第１日,2022-07-16,19:03,鳥栖,横浜FM,2,2,D,駅スタ
2022,J2,第２７節第１日,2022-07-16,19:03,金沢,新潟,0,3,A,石川西部
2022,J2,第２７節第１日,2022-07-16,19:03,大分,群馬,2,1,H,昭和電ド
2022,J3,第１７節第３日,2022-07-17,15:03,宮崎,藤枝,1,3,A,ユニスタ
2022,J1,第２２節第２日,2022-07-17,18:03,FC東京,磐田,2,0,H,味スタ
2022,J2,第２７節第２日,2022-07-17,18:03,横浜FC,千葉,4,0,H,ニッパツ
2022,J2,第２７節第２日,2022-07-17,18:03,岡山,栃木,0,0,D,Ｃスタ
2022,J2,第２７節第２日,2022-07-17,18:03,町田,長崎,1,2,A,Ｇスタ
2022,J2,第２７節第２日,2022-07-17,18:03,秋田,山形,0,2,A,ソユスタ
2022,J3,第１７節第３日,2022-07-17,18:03,讃岐,愛媛,0,2,A,ピカスタ
2022,J3,第１７節第３日,2022-07-17,18:03,松本,福島,1,0,H,サンアル
2022,J3,第１７節第３日,2022-07-17,18:03,北九州,岐阜,2,1,H,ミクスタ
2022,J1,第２２節第２日,2022-07-17,18:33,京都,広島,1,1,D,サンガＳ
2022,J2,第２７節第２日,2022-07-17,18:33,琉球,大宮,1,1,D,タピスタ
2022,J3,第１７節第３日,2022-07-17,19:03,鹿児島,相模原,0,1,A,白波スタ
2022,J2,第２７節第３日,2022-07-18,19:03,熊本,山口,1,0,H,えがおＳ
2022,J3,第１８節第１日,2022-07-23,16:03,沼津,今治,0,1,A,愛鷹
2022,J3,第１８節第１日,2022-07-23,17:03,福島,鳥取,3,2,H,とうスタ
2022,J3,第１８節第１日,2022-07-23,17:03,藤枝,北九州,3,1,H,藤枝サ
2022,J2,第２８節第１日,2022-07-23,18:03,新潟,岡山,2,3,A,デンカＳ
2022,J2,第２８節第１日,2022-07-23,18:03,徳島,琉球,0,0,D,鳴門大塚
2022,J2,第２８節第１日,2022-07-23,18:03,岩手,町田,1,3,A,いわスタ
2022,J3,第１８節第１日,2022-07-23,18:03,相模原,愛媛,2,3,A,ギオンス
2022,J2,第２８節第１日,2022-07-23,19:03,山形,群馬,0,1,A,ＮＤスタ
2022,J2,第２８節第１日,2022-07-23,19:03,栃木,山口,2,1,H,カンセキ
2022,J2,第２８節第１日,2022-07-23,19:03,仙台,長崎,1,2,A,ユアスタ
2022,J2,第２８節第１日,2022-07-23,19:03,大宮,秋田,0,0,D,ＮＡＣＫ
2022,J3,第１８節第１日,2022-07-23,19:03,八戸,鹿児島,0,1,A,プラスタ
2022,J3,第１８節第１日,2022-07-23,19:03,岐阜,讃岐,2,1,H,長良川
2022,J3,第１８節第２日,2022-07-24,17:03,YS横浜,富山,1,2,A,ニッパツ
2022,J2,第２８節第２日,2022-07-24,18:03,東京Ｖ,横浜FC,0,1,A,味スタ
2022,J2,第２８節第２日,2022-07-24,19:03,熊本,金沢,3,0,H,えがおＳ
2022,J3,第１８節第２日,2022-07-24,19:03,長野,宮崎,3,2,H,長野Ｕ
2022,J1,第２３節第１日,2022-07-30,14:03,札幌,名古屋,2,2,D,札幌厚別
2022,J3,第１９節第１日,2022-07-30,17:03,藤枝,鹿児島,2,1,H,藤枝サ
2022,J3,第１９節第１日,2022-07-30,17:03,福島,今治,1,1,D,とうスタ
2022,J2,第２９節第１日,2022-07-30,18:03,水戸,大宮,1,0,H,Ｋｓスタ
2022,J2,第２９節第１日,2022-07-30,18:03,栃木,徳島,1,1,D,カンセキ
2022,J2,第２９節第１日,2022-07-30,18:03,横浜FC,岩手,0,3,A,ニッパツ
2022,J3,第１９節第１日,2022-07-30,18:03,富山,いわき,1,1,D,富山
2022,J3,第１９節第１日,2022-07-30,18:03,北九州,沼津,1,0,H,ミクスタ
2022,J3,第１９節第１日,2022-07-30,18:04,讃岐,長野,0,1,A,ピカスタ
2022,J1,第２３節第１日,2022-07-30,18:33,磐田,湘南,1,0,H,ヤマハ
2022,J2,第２９節第１日,2022-07-30,18:33,琉球,熊本,2,0,H,タピスタ
2022,J3,第１９節第１日,2022-07-30,18:33,鳥取,岐阜,4,0,H,Ａｘｉｓ
2022,J1,第２３節第１日,2022-07-30,19:03,Ｃ大阪,福岡,2,0,H,ヨドコウ
2022,J1,第２３節第１日,2022-07-30,19:03,Ｇ大阪,京都,1,1,D,パナスタ
2022,J1,第２３節第１日,2022-07-30,19:03,広島,FC東京,1,2,A,Ｅスタ
2022,J1,第２３節第１日,2022-07-30,19:03,神戸,柏,0,1,A,ノエスタ
2022,J2,第２９節第１日,2022-07-30,19:03,山形,町田,1,0,H,ＮＤスタ
2022,J2,第２９節第１日,2022-07-30,19:03,大分,東京Ｖ,2,2,D,昭和電ド
2022,J2,第２９節第１日,2022-07-30,19:03,岡山,千葉,1,1,D,Ｃスタ
2022,J2,第２９節第１日,2022-07-30,19:03,長崎,新潟,2,2,D,トラスタ
2022,J2,第２９節第１日,2022-07-30,19:03,群馬,甲府,1,1,D,正田スタ
2022,J2,第２９節第１日,2022-07-30,19:03,山口,仙台,2,2,D,みらスタ
2022,J1,第２３節第１日,2022-07-30,19:04,浦和,川崎Ｆ,3,1,H,埼玉
2022,J1,第２３節第１日,2022-07-30,19:04,横浜FM,鹿島,2,0,H,日産ス
2022,J3,第１９節第２日,2022-07-31,15:03,宮崎,相模原,0,0,D,ユニスタ
2022,J3,第１９節第２日,2022-07-31,18:03,松本,八戸,0,1,A,サンアル
2022,J3,第１９節第２日,2022-07-31,18:03,愛媛,YS横浜,2,0,H,ニンスタ
2022,J1,第２３節第２日,2022-07-31,18:04,清水,鳥栖,3,3,D,アイスタ
2022,J2,第２９節第２日,2022-07-31,19:03,金沢,秋田,0,3,A,石川西部
2022,J3,第１７節第４日,2022-08-06,16:03,今治,YS横浜,5,2,H,夢スタ
2022,J1,第２４節第１日,2022-08-06,18:03,鹿島,広島,0,2,A,カシマ
2022,J2,第３０節第１日,2022-08-06,18:03,岩手,岡山,1,3,A,いわスタ
2022,J2,第３０節第１日,2022-08-06,18:03,東京Ｖ,長崎,1,0,H,味スタ
2022,J2,第３０節第１日,2022-08-06,18:04,甲府,琉球,5,2,H,ＪＩＴス
2022,J2,第３０節第１日,2022-08-06,18:04,新潟,徳島,2,2,D,デンカＳ
2022,J1,第２４節第１日,2022-08-06,18:33,京都,柏,1,2,A,サンガＳ
2022,J1,第２４節第１日,2022-08-06,19:03,名古屋,浦和,3,0,H,豊田ス
2022,J1,第２４節第１日,2022-08-06,19:03,Ｃ大阪,神戸,3,0,H,ヨドコウ
2022,J2,第３０節第１日,2022-08-06,19:03,町田,大分,1,1,D,Ｇスタ
2022,J2,第３０節第１日,2022-08-06,19:03,大宮,横浜FC,3,2,H,ＮＡＣＫ
2022,J2,第３０節第１日,2022-08-06,19:03,金沢,仙台,1,4,A,石川西部
2022,J2,第３０節第１日,2022-08-06,19:03,山口,山形,0,1,A,みらスタ
2022,J3,第１８節第３日,2022-08-07,16:33,いわき,松本,0,0,D,Ｊスタ
2022,J2,第３０節第２日,2022-08-07,18:03,秋田,水戸,1,1,D,ソユスタ
2022,J1,第２４節第２日,2022-08-07,18:04,FC東京,清水,0,2,A,味スタ
2022,J1,第２４節第２日,2022-08-07,19:03,湘南,札幌,1,5,A,レモンＳ
2022,J1,第２４節第２日,2022-08-07,19:03,鳥栖,磐田,2,0,H,駅スタ
2022,J2,第３０節第２日,2022-08-07,19:03,群馬,千葉,0,3,A,正田スタ
2022,J2,第３０節第２日,2022-08-07,19:03,熊本,栃木,2,0,H,えがおＳ
2022,J1,第２４節第２日,2022-08-07,19:04,川崎Ｆ,横浜FM,2,1,H,等々力
2022,J1,第２５節第１日,2022-08-13,14:03,札幌,神戸,0,2,A,札幌ド
2022,J2,第３１節第１日,2022-08-13,18:03,岩手,秋田,0,1,A,いわスタ
2022,J2,第３１節第１日,2022-08-13,18:03,甲府,熊本,2,2,D,ＪＩＴス
2022,J3,第２０節第１日,2022-08-13,18:03,讃岐,宮崎,1,1,D,ピカスタ
2022,J1,第２５節第１日,2022-08-13,18:33,磐田,浦和,0,6,A,エコパ
2022,J2,第３１節第１日,2022-08-13,19:03,山形,金沢,4,1,H,ＮＤスタ
2022,J2,第３１節第１日,2022-08-13,19:03,岡山,山口,3,2,H,Ｃスタ
2022,J2,第３１節第１日,2022-08-13,19:03,長崎,琉球,2,3,A,トラスタ
2022,J2,第３１節第１日,2022-08-13,19:03,仙台,大宮,2,3,A,ユアスタ
2022,J3,第２０節第１日,2022-08-13,19:03,八戸,いわき,0,5,A,プラスタ
2022,J3,第２０節第２日,2022-08-14,16:03,今治,岐阜,1,0,H,夢スタ
2022,J3,第２０節第２日,2022-08-14,17:03,YS横浜,北九州,1,0,H,ニッパツ
2022,J1,第２５節第２日,2022-08-14,18:03,鹿島,福岡,2,0,H,カシマ
2022,J2,第３１節第２日,2022-08-14,18:03,栃木,新潟,0,2,A,カンセキ
2022,J2,第３１節第２日,2022-08-14,18:03,千葉,町田,1,2,A,フクアリ
2022,J3,第２０節第２日,2022-08-14,18:03,鹿児島,松本,4,2,H,白波スタ
2022,J3,第２０節第２日,2022-08-14,18:03,長野,富山,1,0,H,長野Ｕ
2022,J3,第２０節第２日,2022-08-14,18:03,愛媛,鳥取,7,2,H,ニンスタ
2022,J1,第２５節第２日,2022-08-14,18:33,柏,広島,2,3,A,三協Ｆ柏
2022,J1,第２５節第２日,2022-08-14,19:03,Ｇ大阪,清水,0,2,A,パナスタ
2022,J1,第２５節第２日,2022-08-14,19:03,鳥栖,名古屋,0,0,D,駅スタ
2022,J2,第３１節第２日,2022-08-14,19:04,徳島,大分,2,2,D,鳴門大塚
2022,J2,第３１節第３日,2022-08-16,19:03,横浜FC,群馬,1,0,H,ニッパツ
2022,J2,第２８節第３日,2022-08-17,19:03,千葉,甲府,0,0,D,フクアリ
2022,J1,第２６節第１日,2022-08-19,19:33,名古屋,磐田,1,0,H,豊田ス
2022,J1,第２６節第２日,2022-08-20,14:03,札幌,鳥栖,1,2,A,札幌ド
2022,J3,第２１節第１日,2022-08-20,16:33,いわき,福島,4,1,H,Ｊスタ
2022,J1,第２６節第２日,2022-08-20,18:03,清水,柏,1,1,D,アイスタ
2022,J2,第３２節第１日,2022-08-20,18:03,千葉,徳島,0,0,D,フクアリ
2022,J2,第３２節第１日,2022-08-20,18:03,新潟,熊本,1,0,H,デンカＳ
2022,J2,第３２節第１日,2022-08-20,18:03,横浜FC,岡山,1,0,H,ニッパツ
2022,J3,第２１節第１日,2022-08-20,18:03,相模原,鹿児島,0,1,A,ギオンス
2022,J3,第２１節第１日,2022-08-20,18:33,富山,愛媛,2,1,H,富山
2022,J2,第３２節第１日,2022-08-20,18:34,琉球,山形,2,2,D,タピスタ
2022,J1,第２６節第２日,2022-08-20,19:03,福岡,川崎Ｆ,1,4,A,ベススタ
2022,J1,第２６節第２日,2022-08-20,19:03,広島,Ｇ大阪,5,2,H,Ｅスタ
2022,J2,第３２節第１日,2022-08-20,19:03,群馬,仙台,1,0,H,正田スタ
2022,J2,第３２節第１日,2022-08-20,19:03,大分,岩手,3,0,H,昭和電ド
2022,J2,第３２節第１日,2022-08-20,19:03,大宮,町田,0,2,A,ＮＡＣＫ
2022,J2,第３２節第１日,2022-08-20,19:03,山口,水戸,1,0,H,みらスタ
2022,J2,第３２節第１日,2022-08-20,19:03,秋田,栃木,0,3,A,ソユスタ
2022,J3,第２１節第１日,2022-08-20,19:03,八戸,長野,3,1,H,プラスタ
2022,J3,第２１節第２日,2022-08-21,15:03,宮崎,鳥取,0,2,A,ユニスタ
2022,J3,第２１節第２日,2022-08-21,16:03,今治,讃岐,2,1,H,夢スタ
2022,J3,第２１節第２日,2022-08-21,17:03,YS横浜,沼津,4,2,H,ニッパツ
2022,J2,第３２節第２日,2022-08-21,18:03,東京Ｖ,甲府,0,0,D,味スタ
2022,J3,第２１節第２日,2022-08-21,18:04,北九州,松本,0,1,A,ミクスタ
2022,J1,第２６節第３日,2022-08-21,19:03,湘南,鹿島,1,1,D,レモンＳ
2022,J2,第２８節第４日,2022-08-23,19:03,水戸,大分,2,0,H,Ｋｓスタ
2022,J2,第２７節第４日,2022-08-24,19:03,東京Ｖ,徳島,0,1,A,味スタ
2022,J1,第２７節第１日,2022-08-26,19:03,鳥栖,福岡,1,1,D,駅スタ
2022,J3,第２２節第１日,2022-08-27,16:03,沼津,相模原,1,1,D,愛鷹
2022,J3,第２２節第１日,2022-08-27,17:03,藤枝,いわき,0,3,A,藤枝サ
2022,J3,第２２節第１日,2022-08-27,17:03,福島,八戸,1,0,H,とうスタ
2022,J1,第２７節第２日,2022-08-27,18:03,清水,京都,1,0,H,アイスタ
2022,J1,第２７節第２日,2022-08-27,18:03,名古屋,Ｇ大阪,0,2,A,豊田ス
2022,J2,第３３節第１日,2022-08-27,18:03,水戸,琉球,0,0,D,Ｋｓスタ
2022,J2,第３３節第１日,2022-08-27,18:03,岩手,新潟,0,2,A,いわスタ
2022,J2,第３３節第１日,2022-08-27,18:03,甲府,金沢,2,2,D,ＪＩＴス
2022,J3,第２２節第１日,2022-08-27,18:03,愛媛,岐阜,1,1,D,ニンスタ
2022,J3,第２２節第１日,2022-08-27,18:03,松本,讃岐,1,0,H,サンアル
2022,J3,第２２節第１日,2022-08-27,18:33,鳥取,富山,3,0,H,Ａｘｉｓ
2022,J1,第２７節第２日,2022-08-27,19:03,Ｃ大阪,広島,0,3,A,ヨドコウ
2022,J1,第２７節第２日,2022-08-27,19:03,川崎Ｆ,鹿島,2,1,H,等々力
2022,J1,第２７節第２日,2022-08-27,19:03,柏,FC東京,3,6,A,三協Ｆ柏
2022,J2,第３３節第１日,2022-08-27,19:03,仙台,千葉,0,2,A,ユアスタ
2022,J2,第３３節第１日,2022-08-27,19:03,町田,横浜FC,0,1,A,Ｇスタ
2022,J2,第３３節第１日,2022-08-27,19:03,徳島,山口,2,1,H,鳴門大塚
2022,J3,第２２節第２日,2022-08-28,15:03,宮崎,YS横浜,1,0,H,ユニスタ
2022,J2,第３３節第２日,2022-08-28,18:03,秋田,大分,0,1,A,ソユスタ
2022,J3,第２２節第２日,2022-08-28,18:03,長野,北九州,1,0,H,長野Ｕ
2022,J3,第２２節第２日,2022-08-28,18:03,鹿児島,今治,3,4,A,白波スタ
2022,J2,第３３節第２日,2022-08-28,19:03,熊本,東京Ｖ,1,0,H,えがおＳ
2022,J2,第３３節第２日,2022-08-28,19:33,群馬,岡山,0,1,A,正田スタ
2022,J3,第２０節第３日,2022-08-30,19:03,相模原,福島,1,3,A,ギオンス
2022,J1,第２０節第２日,2022-08-31,19:03,川崎Ｆ,鳥栖,4,0,H,等々力
2022,J1,第２４節第３日,2022-08-31,19:03,福岡,Ｇ大阪,0,1,A,ベススタ
2022,J2,第８節第２日,2022-08-31,19:06,山形,岡山,0,2,A,ＮＤスタ
2022,J1,第２８節第１日,2022-09-02,19:35,札幌,Ｃ大阪,2,1,H,札幌ド
2022,J2,第３４節第１日,2022-09-03,13:03,琉球,秋田,0,1,A,タピスタ
2022,J3,第２３節第１日,2022-09-03,16:04,沼津,鹿児島,0,1,A,愛鷹
2022,J3,第２３節第１日,2022-09-03,16:34,いわき,長野,1,0,H,Ｊスタ
2022,J2,第３４節第１日,2022-09-03,18:03,千葉,長崎,0,1,A,フクアリ
2022,J3,第２３節第１日,2022-09-03,18:03,富山,福島,3,2,H,富山
2022,J1,第２８節第２日,2022-09-03,18:04,鹿島,浦和,2,2,D,カシマ
2022,J3,第２３節第１日,2022-09-03,18:04,松本,愛媛,2,1,H,サンアル
2022,J3,第２３節第１日,2022-09-03,18:04,相模原,鳥取,2,2,D,ギオンス
2022,J2,第３４節第１日,2022-09-03,18:05,新潟,大分,0,1,A,デンカＳ
2022,J1,第２８節第２日,2022-09-03,18:33,広島,清水,2,0,H,Ｅスタ
2022,J1,第２８節第２日,2022-09-03,18:34,磐田,柏,2,2,D,エコパ
2022,J2,第３４節第１日,2022-09-03,19:03,山形,岩手,4,1,H,ＮＤスタ
2022,J2,第３４節第１日,2022-09-03,19:03,仙台,水戸,1,2,A,ユアスタ
2022,J3,第２３節第１日,2022-09-03,19:03,岐阜,YS横浜,3,0,H,長良川
2022,J1,第２８節第２日,2022-09-03,19:04,福岡,名古屋,2,3,A,ベススタ
2022,J1,第２８節第２日,2022-09-03,19:04,湘南,川崎Ｆ,2,1,H,レモンＳ
2022,J1,第２８節第２日,2022-09-03,19:04,Ｇ大阪,鳥栖,0,3,A,パナスタ
2022,J1,第２８節第２日,2022-09-03,19:04,京都,神戸,2,0,H,サンガＳ
2022,J2,第３４節第１日,2022-09-03,19:04,徳島,甲府,2,0,H,鳴門大塚
2022,J2,第３４節第１日,2022-09-03,19:04,山口,横浜FC,3,3,D,みらスタ
2022,J2,第３４節第１日,2022-09-03,19:05,金沢,東京Ｖ,2,1,H,石川西部
2022,J3,第２３節第１日,2022-09-03,19:05,八戸,宮崎,1,2,A,プラスタ
2022,J1,第２８節第２日,2022-09-03,19:08,FC東京,横浜FM,2,2,D,味スタ
2022,J3,第２３節第２日,2022-09-04,16:03,今治,北九州,2,3,A,夢スタ
2022,J2,第３４節第２日,2022-09-04,18:04,栃木,群馬,1,1,D,栃木グ
2022,J3,第２３節第２日,2022-09-04,18:04,讃岐,藤枝,1,1,D,ピカスタ
2022,J2,第３４節第２日,2022-09-04,19:03,熊本,大宮,1,0,H,えがおＳ
2022,J2,第３４節第２日,2022-09-04,19:05,岡山,町田,2,0,H,Ｃスタ
2022,J2,第３２節第３日,2022-09-06,19:03,金沢,長崎,3,3,D,石川西部
2022,J1,第２５節第３日,2022-09-07,19:03,横浜FM,湘南,3,0,H,日産ス
2022,J3,第２４節第１日,2022-09-10,17:03,藤枝,八戸,2,0,H,藤枝サ
2022,J3,第２４節第１日,2022-09-10,17:03,福島,松本,0,1,A,とうスタ
2022,J1,第２９節第１日,2022-09-10,18:03,清水,湘南,1,1,D,アイスタ
2022,J2,第３５節第１日,2022-09-10,18:03,町田,山口,0,1,A,Ｇスタ
2022,J2,第３５節第１日,2022-09-10,18:03,千葉,金沢,1,0,H,フクアリ
2022,J2,第３５節第１日,2022-09-10,18:03,岩手,水戸,1,0,H,いわスタ
2022,J2,第３５節第１日,2022-09-10,18:03,横浜FC,栃木,0,0,D,ニッパツ
2022,J2,第３５節第１日,2022-09-10,18:03,甲府,大宮,0,3,A,ＪＩＴス
2022,J2,第３５節第１日,2022-09-10,18:03,東京Ｖ,群馬,1,1,D,味スタ
2022,J2,第３５節第１日,2022-09-10,18:03,新潟,琉球,3,0,H,デンカＳ
2022,J3,第２４節第１日,2022-09-10,18:03,富山,宮崎,2,1,H,富山
2022,J1,第２９節第１日,2022-09-10,18:33,川崎Ｆ,広島,4,0,H,等々力
2022,J2,第３５節第１日,2022-09-10,18:33,秋田,徳島,0,0,D,ソユスタ
2022,J3,第２４節第１日,2022-09-10,18:33,鳥取,沼津,3,0,H,Ａｘｉｓ
2022,J1,第２９節第１日,2022-09-10,19:03,横浜FM,福岡,1,0,H,日産ス
2022,J1,第２９節第１日,2022-09-10,19:03,京都,鹿島,1,1,D,サンガＳ
2022,J1,第２９節第１日,2022-09-10,19:03,Ｇ大阪,FC東京,0,0,D,パナスタ
2022,J1,第２９節第１日,2022-09-10,19:03,神戸,名古屋,0,0,D,ノエスタ
2022,J1,第２９節第１日,2022-09-10,19:03,Ｃ大阪,鳥栖,2,1,H,ヨドコウ
2022,J2,第３５節第１日,2022-09-10,19:03,大分,仙台,1,0,H,昭和電ド
2022,J2,第３５節第１日,2022-09-10,19:03,長崎,熊本,1,3,A,トラスタ
2022,J3,第２４節第１日,2022-09-10,19:03,岐阜,長野,1,1,D,長良川
2022,J3,第２４節第１日,2022-09-10,19:03,愛媛,今治,3,2,H,ニンスタ
2022,J1,第２９節第１日,2022-09-10,19:04,浦和,柏,4,1,H,埼玉
2022,J2,第３５節第１日,2022-09-10,19:04,岡山,山形,2,1,H,Ｃスタ
2022,J1,第２９節第２日,2022-09-11,13:09,札幌,磐田,4,0,H,札幌ド
2022,J3,第２４節第２日,2022-09-11,17:03,YS横浜,相模原,0,4,A,ニッパツ
2022,J3,第２４節第２日,2022-09-11,18:03,北九州,いわき,0,1,A,ミクスタ
2022,J3,第２４節第２日,2022-09-11,18:03,鹿児島,讃岐,3,2,H,白波スタ
2022,J2,第３６節第１日,2022-09-14,18:03,岩手,千葉,1,2,A,いわスタ
2022,J1,第２６節第４日,2022-09-14,19:03,神戸,FC東京,2,1,H,ノエスタ
2022,J1,第２６節第４日,2022-09-14,19:03,京都,横浜FM,1,2,A,サンガＳ
2022,J2,第３６節第１日,2022-09-14,19:03,東京Ｖ,秋田,0,2,A,味スタ
2022,J2,第３６節第１日,2022-09-14,19:03,山口,金沢,1,1,D,みらスタ
2022,J2,第３６節第１日,2022-09-14,19:03,熊本,町田,0,0,D,えがおＳ
2022,J2,第３６節第１日,2022-09-14,19:03,大宮,大分,2,2,D,ＮＡＣＫ
2022,J2,第３６節第１日,2022-09-14,19:03,水戸,長崎,0,1,A,Ｋｓスタ
2022,J2,第３６節第１日,2022-09-14,19:03,群馬,琉球,0,0,D,正田スタ
2022,J2,第３６節第１日,2022-09-14,19:03,栃木,仙台,0,1,A,カンセキ
2022,J3,第２１節第３日,2022-09-14,19:03,岐阜,藤枝,0,3,A,長良川
2022,J2,第３６節第１日,2022-09-14,19:04,山形,横浜FC,2,0,H,ＮＤスタ
2022,J2,第３６節第１日,2022-09-14,19:04,徳島,岡山,1,0,H,鳴門大塚
2022,J1,第２２節第３日,2022-09-14,19:33,名古屋,川崎Ｆ,1,1,D,豊田ス
2022,J2,第３６節第１日,2022-09-14,19:33,甲府,新潟,1,2,A,ＪＩＴス
2022,J1,第２６節第４日,2022-09-14,19:34,浦和,Ｃ大阪,0,1,A,埼玉
2022,J1,第３０節第１日,2022-09-16,19:03,鳥栖,鹿島,1,1,D,駅スタ
2022,J3,第２５節第１日,2022-09-17,13:03,YS横浜,讃岐,0,0,D,ニッパツ
2022,J3,第２５節第１日,2022-09-17,15:03,沼津,富山,1,0,H,愛鷹
2022,J1,第３０節第２日,2022-09-17,18:03,磐田,Ｃ大阪,2,2,D,ヤマハ
2022,J1,第３０節第２日,2022-09-17,19:03,福岡,清水,3,2,H,ベススタ
2022,J1,第３０節第２日,2022-09-17,19:03,柏,川崎Ｆ,1,1,D,三協Ｆ柏
2022,J1,第３０節第２日,2022-09-17,19:03,名古屋,広島,0,0,D,豊田ス
2022,J1,第３０節第２日,2022-09-17,19:03,湘南,浦和,0,0,D,レモンＳ
2022,J2,第３７節第１日,2022-09-17,19:03,岡山,長崎,3,0,H,Ｃスタ
2022,J3,第２５節第１日,2022-09-17,19:03,八戸,岐阜,3,1,H,プラスタ
2022,J2,第３７節第２日,2022-09-18,13:01,仙台,徳島,1,1,D,ユアスタ
2022,J1,第３０節第３日,2022-09-18,14:03,横浜FM,札幌,0,0,D,日産ス
2022,J2,第３７節第２日,2022-09-18,14:03,秋田,群馬,0,1,A,ソユスタ
2022,J3,第２５節第２日,2022-09-18,14:03,藤枝,相模原,1,0,H,藤枝サ
2022,J3,第２５節第２日,2022-09-18,14:03,松本,鳥取,2,1,H,サンアル
2022,J3,第２５節第２日,2022-09-18,15:33,今治,いわき,1,0,H,夢スタ
2022,J2,第３７節第２日,2022-09-18,18:03,新潟,水戸,2,0,H,デンカＳ
2022,J2,第３７節第２日,2022-09-18,18:03,金沢,大分,3,3,D,石川西部
2022,J2,第３７節第２日,2022-09-18,18:03,町田,東京Ｖ,2,2,D,Ｇスタ
2022,J2,第３７節第２日,2022-09-18,18:03,横浜FC,甲府,1,0,H,ニッパツ
2022,J2,第３７節第２日,2022-09-18,18:03,山形,千葉,2,0,H,ＮＤスタ
2022,J3,第２５節第２日,2022-09-18,18:03,長野,福島,0,1,A,長野Ｕ
2022,J2,第３７節第２日,2022-09-18,18:33,琉球,山口,0,1,A,タピスタ
2022,J1,第３０節第３日,2022-09-18,19:03,FC東京,京都,2,0,H,国立
2022,J1,第３０節第３日,2022-09-18,19:03,神戸,Ｇ大阪,2,1,H,ノエスタ
2022,J2,第３７節第２日,2022-09-18,19:03,大宮,栃木,3,1,H,ＮＡＣＫ
2022,J3,第２５節第３日,2022-09-19,18:03,鹿児島,北九州,1,0,H,白波スタ
2022,J2,第３７節第３日,2022-09-20,19:03,熊本,岩手,1,0,H,えがおＳ
2022,J3,第２０節第４日,2022-09-21,15:03,沼津,藤枝,0,0,D,愛鷹
2022,J2,第３１節第４日,2022-09-21,19:03,水戸,東京Ｖ,1,2,A,Ｋｓスタ
2022,J2,第３３節第３日,2022-09-21,19:03,長崎,栃木,1,1,D,トラスタ
2022,J2,第３８節第１日,2022-09-24,14:03,群馬,山口,1,6,A,正田スタ
2022,J2,第３８節第１日,2022-09-24,16:03,東京Ｖ,山形,1,0,H,味スタ
2022,J3,第２６節第１日,2022-09-24,18:33,鳥取,鹿児島,6,0,H,Ａｘｉｓ
2022,J2,第３８節第１日,2022-09-24,19:03,大分,甲府,2,1,H,昭和電ド
2022,J2,第３８節第１日,2022-09-24,19:03,長崎,横浜FC,0,2,A,トラスタ
2022,J3,第２６節第１日,2022-09-24,19:03,愛媛,藤枝,0,1,A,ニンスタ
2022,J2,第３８節第２日,2022-09-25,13:03,岡山,仙台,3,0,H,Ｃスタ
2022,J3,第２６節第２日,2022-09-25,13:03,いわき,岐阜,2,1,H,Ｊスタ
2022,J2,第３８節第２日,2022-09-25,14:03,新潟,大宮,1,0,H,デンカＳ
2022,J2,第３８節第２日,2022-09-25,14:03,岩手,金沢,1,3,A,いわスタ
2022,J2,第３８節第２日,2022-09-25,14:03,千葉,熊本,0,1,A,フクアリ
2022,J2,第３８節第２日,2022-09-25,14:03,秋田,町田,2,1,H,ソユスタ
2022,J3,第２６節第２日,2022-09-25,14:03,讃岐,富山,0,4,A,ピカスタ
2022,J3,第２６節第２日,2022-09-25,14:03,宮崎,今治,2,3,A,ユニスタ
2022,J3,第２６節第２日,2022-09-25,14:03,相模原,八戸,0,2,A,ギオンス
2022,J3,第２６節第２日,2022-09-25,15:03,福島,北九州,2,1,H,とうスタ
2022,J3,第２６節第２日,2022-09-25,15:03,松本,YS横浜,0,1,A,サンアル
2022,J2,第３８節第２日,2022-09-25,17:03,徳島,水戸,1,1,D,鳴門大塚
2022,J2,第３８節第２日,2022-09-25,18:03,栃木,琉球,0,0,D,栃木グ
2022,J3,第２６節第２日,2022-09-25,18:03,長野,沼津,2,1,H,長野Ｕ
2022,J1,第３１節第１日,2022-10-01,14:03,Ｃ大阪,湘南,1,1,D,ヨドコウ
2022,J1,第３１節第１日,2022-10-01,14:03,福岡,神戸,0,1,A,ベススタ
2022,J2,第３９節第１日,2022-10-01,14:03,山形,新潟,1,1,D,ＮＤスタ
2022,J2,第３９節第１日,2022-10-01,14:03,群馬,大宮,1,0,H,正田スタ
2022,J3,第２７節第１日,2022-10-01,14:03,藤枝,YS横浜,4,1,H,藤枝サ
2022,J2,第３９節第１日,2022-10-01,14:04,甲府,栃木,0,1,A,ＪＩＴス
2022,J1,第３１節第１日,2022-10-01,15:03,広島,浦和,4,1,H,Ｅスタ
2022,J1,第３１節第１日,2022-10-01,15:03,鳥栖,京都,0,1,A,駅スタ
2022,J1,第３１節第１日,2022-10-01,15:03,鹿島,FC東京,0,1,A,カシマ
2022,J1,第３１節第１日,2022-10-01,16:03,Ｇ大阪,柏,0,0,D,パナスタ
2022,J1,第３１節第１日,2022-10-01,16:03,名古屋,横浜FM,0,4,A,豊田ス
2022,J1,第３１節第１日,2022-10-01,16:03,札幌,川崎Ｆ,4,3,H,札幌厚別
2022,J2,第３９節第１日,2022-10-01,16:03,徳島,町田,3,2,H,鳴門大塚
2022,J2,第３９節第１日,2022-10-01,18:33,琉球,横浜FC,0,1,A,タピスタ
2022,J2,第３９節第１日,2022-10-01,19:03,大分,長崎,3,1,H,昭和電ド
2022,J3,第２７節第１日,2022-10-01,19:03,鹿児島,長野,4,1,H,白波スタ
2022,J2,第３９節第２日,2022-10-02,13:03,熊本,秋田,1,2,A,えがおＳ
2022,J3,第２７節第２日,2022-10-02,13:03,今治,鳥取,3,0,H,夢スタ
2022,J3,第２７節第２日,2022-10-02,13:03,八戸,愛媛,1,0,H,プラスタ
2022,J3,第２７節第２日,2022-10-02,13:03,いわき,讃岐,4,1,H,Ｊスタ
2022,J3,第２７節第２日,2022-10-02,13:03,沼津,松本,0,0,D,愛鷹
2022,J2,第３９節第２日,2022-10-02,14:03,水戸,千葉,0,1,A,Ｋｓスタ
2022,J2,第３９節第２日,2022-10-02,14:03,山口,岩手,2,2,D,ＳＶ下関
2022,J2,第３９節第２日,2022-10-02,14:03,金沢,岡山,3,1,H,石川西部
2022,J2,第３９節第２日,2022-10-02,14:03,仙台,東京Ｖ,0,2,A,ユアスタ
2022,J3,第２７節第２日,2022-10-02,14:03,富山,相模原,1,0,H,富山
2022,J3,第２７節第２日,2022-10-02,14:03,岐阜,福島,1,1,D,長良川
2022,J3,第２７節第２日,2022-10-02,14:03,北九州,宮崎,4,0,H,ミクスタ
2022,J2,第３３節第４日,2022-10-05,19:03,大宮,山形,1,1,D,ＮＡＣＫ
2022,J3,第２８節第１日,2022-10-08,13:03,YS横浜,鹿児島,0,1,A,ニッパツ
2022,J1,第３２節第１日,2022-10-08,14:03,磐田,鹿島,3,3,D,ヤマハ
2022,J1,第３２節第１日,2022-10-08,14:03,神戸,広島,4,0,H,ノエスタ
2022,J1,第３２節第１日,2022-10-08,14:03,横浜FM,Ｇ大阪,0,2,A,日産ス
2022,J2,第４０節第１日,2022-10-08,14:03,長崎,徳島,1,2,A,トラスタ
2022,J3,第２８節第１日,2022-10-08,14:03,相模原,今治,0,2,A,ギオンス
2022,J1,第３２節第１日,2022-10-08,14:04,札幌,福岡,1,2,A,札幌ド
2022,J1,第３２節第１日,2022-10-08,14:04,京都,名古屋,1,1,D,サンガＳ
2022,J2,第４０節第１日,2022-10-08,14:04,新潟,仙台,3,0,H,デンカＳ
2022,J2,第４０節第１日,2022-10-08,14:04,秋田,千葉,3,0,H,ソユスタ
2022,J1,第３２節第１日,2022-10-08,14:05,川崎Ｆ,清水,3,2,H,等々力
2022,J2,第４０節第１日,2022-10-08,14:06,熊本,群馬,5,1,H,えがおＳ
2022,J1,第３２節第１日,2022-10-08,15:04,FC東京,湘南,0,2,A,味スタ
2022,J1,第３２節第１日,2022-10-08,15:04,浦和,鳥栖,2,1,H,埼玉
2022,J1,第３２節第１日,2022-10-08,16:04,柏,Ｃ大阪,0,0,D,三協Ｆ柏
2022,J2,第４０節第１日,2022-10-08,17:03,岩手,東京Ｖ,0,2,A,いわスタ
2022,J3,第２８節第１日,2022-10-08,19:03,愛媛,長野,2,2,D,ニンスタ
2022,J3,第２８節第２日,2022-10-09,13:03,宮崎,福島,4,1,H,ユニスタ
2022,J3,第２８節第２日,2022-10-09,13:03,鳥取,いわき,1,3,A,チュスタ
2022,J3,第２８節第２日,2022-10-09,13:04,藤枝,松本,1,0,H,藤枝サ
2022,J2,第４０節第２日,2022-10-09,13:08,甲府,岡山,1,2,A,ＪＩＴス
2022,J2,第４０節第２日,2022-10-09,14:03,山形,水戸,0,0,D,ＮＤスタ
2022,J2,第４０節第２日,2022-10-09,14:03,町田,栃木,0,1,A,Ｇスタ
2022,J2,第４０節第２日,2022-10-09,14:03,大宮,山口,2,1,H,ＮＡＣＫ
2022,J3,第２８節第２日,2022-10-09,14:03,讃岐,沼津,0,0,D,ピカスタ
2022,J3,第２８節第２日,2022-10-09,14:03,岐阜,富山,1,3,A,長良川
2022,J2,第４０節第２日,2022-10-09,14:05,金沢,琉球,1,2,A,石川西部
2022,J3,第２８節第２日,2022-10-09,14:05,北九州,八戸,2,1,H,ミクスタ
2022,J2,第４０節第２日,2022-10-09,18:03,横浜FC,大分,2,3,A,ニッパツ
2022,J1,第２５節第４日,2022-10-12,19:03,FC東京,Ｃ大阪,4,0,H,味スタ
2022,J1,第２５節第４日,2022-10-12,19:03,川崎Ｆ,京都,3,1,H,等々力
2022,J1,第２７節第３日,2022-10-12,19:03,神戸,湘南,1,0,H,ノエスタ
2022,J1,第２７節第３日,2022-10-12,19:03,横浜FM,磐田,0,1,A,日産ス
2022,J1,第２７節第３日,2022-10-12,19:34,浦和,札幌,1,1,D,埼玉
2022,J3,第２９節第１日,2022-10-15,13:03,YS横浜,今治,2,1,H,ニッパツ
2022,J2,第４１節第１日,2022-10-15,14:03,長崎,山口,0,1,A,トラスタ
2022,J3,第２９節第１日,2022-10-15,14:03,松本,岐阜,2,1,H,サンアル
2022,J2,第４１節第１日,2022-10-15,14:04,東京Ｖ,新潟,1,0,H,味スタ
2022,J3,第２９節第２日,2022-10-16,13:03,沼津,いわき,0,4,A,愛鷹
2022,J3,第２９節第２日,2022-10-16,13:03,福島,讃岐,0,2,A,とうスタ
2022,J3,第２９節第２日,2022-10-16,13:03,富山,藤枝,1,4,A,富山
2022,J3,第２９節第２日,2022-10-16,13:04,鳥取,八戸,0,1,A,Ａｘｉｓ
2022,J3,第２９節第２日,2022-10-16,13:08,鹿児島,宮崎,1,2,A,白波スタ
2022,J2,第４１節第２日,2022-10-16,14:03,群馬,岩手,5,1,H,正田スタ
2022,J2,第４１節第２日,2022-10-16,14:03,千葉,琉球,2,1,H,フクアリ
2022,J2,第４１節第２日,2022-10-16,14:03,岡山,秋田,1,2,A,Ｃスタ
2022,J2,第４１節第２日,2022-10-16,14:03,大分,山形,0,3,A,昭和電ド
2022,J3,第２９節第２日,2022-10-16,14:03,長野,相模原,3,1,H,長野Ｕ
2022,J2,第４１節第２日,2022-10-16,14:04,栃木,水戸,2,3,A,カンセキ
2022,J3,第２９節第２日,2022-10-16,14:05,愛媛,北九州,1,1,D,ニンスタ
2022,J2,第４１節第２日,2022-10-16,16:02,仙台,熊本,2,1,H,ユアスタ
2022,J2,第４１節第２日,2022-10-16,18:03,横浜FC,金沢,2,3,A,ニッパツ
2022,J2,第４１節第２日,2022-10-16,18:33,徳島,大宮,3,1,H,鳴門大塚
2022,J2,第４１節第３日,2022-10-19,19:04,町田,甲府,1,2,A,Ｇスタ
2022,J3,第３０節第１日,2022-10-22,13:03,藤枝,宮崎,1,1,D,藤枝サ
2022,J1,第３１節第２日,2022-10-22,16:05,清水,磐田,1,1,D,アイスタ
2022,J3,第３０節第２日,2022-10-23,13:03,福島,鹿児島,1,1,D,とうスタ
2022,J3,第３０節第２日,2022-10-23,13:04,今治,松本,1,2,A,夢スタ
2022,J3,第３０節第２日,2022-10-23,13:04,八戸,富山,2,1,H,プラスタ
2022,J3,第３０節第２日,2022-10-23,13:04,いわき,愛媛,2,1,H,Ｊスタ
2022,J2,第４２節第１日,2022-10-23,14:03,東京Ｖ,岡山,2,0,H,味スタ
2022,J2,第４２節第１日,2022-10-23,14:03,大宮,長崎,3,3,D,ＮＡＣＫ
2022,J2,第４２節第１日,2022-10-23,14:03,山形,徳島,3,0,H,ＮＤスタ
2022,J2,第４２節第１日,2022-10-23,14:03,新潟,町田,2,1,H,デンカＳ
2022,J2,第４２節第１日,2022-10-23,14:03,水戸,群馬,2,1,H,Ｋｓスタ
2022,J2,第４２節第１日,2022-10-23,14:03,秋田,仙台,0,0,D,ソユスタ
2022,J3,第３０節第２日,2022-10-23,14:03,讃岐,相模原,2,2,D,ピカスタ
2022,J3,第３０節第２日,2022-10-23,14:03,長野,YS横浜,2,1,H,長野Ｕ
2022,J3,第３０節第２日,2022-10-23,14:03,北九州,鳥取,2,3,A,ミクスタ
2022,J2,第４２節第１日,2022-10-23,14:04,琉球,大分,1,0,H,タピスタ
2022,J2,第４２節第１日,2022-10-23,14:04,甲府,岩手,2,0,H,ＪＩＴス
2022,J2,第４２節第１日,2022-10-23,14:04,山口,千葉,1,3,A,みらスタ
2022,J2,第４２節第１日,2022-10-23,14:04,熊本,横浜FC,3,4,A,えがおＳ
2022,J2,第４２節第１日,2022-10-23,14:06,金沢,栃木,0,0,D,石川西部
2022,J3,第３０節第２日,2022-10-23,19:03,岐阜,沼津,2,1,H,長良川
2022,J3,第２５節第４日,2022-10-27,13:33,宮崎,愛媛,3,3,D,ユニスタ
2022,J3,第３１節第１日,2022-10-29,13:03,YS横浜,福島,2,0,H,ニッパツ
2022,J1,第３３節第１日,2022-10-29,15:03,清水,鹿島,0,1,A,アイスタ
2022,J1,第３３節第１日,2022-10-29,15:03,Ｇ大阪,磐田,2,0,H,パナスタ
2022,J1,第３３節第１日,2022-10-29,15:03,福岡,柏,2,1,H,ベススタ
2022,J1,第３３節第１日,2022-10-29,15:03,広島,札幌,1,2,A,Ｅスタ
2022,J1,第３３節第１日,2022-10-29,15:03,名古屋,FC東京,2,1,H,豊田ス
2022,J1,第３３節第１日,2022-10-29,15:04,湘南,鳥栖,3,0,H,レモンＳ
2022,J1,第３３節第１日,2022-10-29,15:04,川崎Ｆ,神戸,2,1,H,等々力
2022,J1,第３３節第１日,2022-10-29,15:04,横浜FM,浦和,4,1,H,日産ス
2022,J1,第３３節第１日,2022-10-29,15:04,京都,Ｃ大阪,0,0,D,サンガＳ
2022,J3,第３１節第２日,2022-10-30,13:03,鹿児島,愛媛,0,1,A,白波スタ
2022,J3,第３１節第２日,2022-10-30,13:03,富山,今治,2,3,A,富山
2022,J3,第３１節第２日,2022-10-30,13:03,鳥取,藤枝,1,1,D,Ａｘｉｓ
2022,J3,第３１節第２日,2022-10-30,13:03,沼津,八戸,1,2,A,愛鷹
2022,J3,第３１節第２日,2022-10-30,13:03,宮崎,いわき,1,0,H,ユニスタ
2022,J3,第３１節第２日,2022-10-30,13:06,松本,長野,2,1,H,サンアル
2022,J3,第３１節第２日,2022-10-30,14:03,讃岐,北九州,2,2,D,ピカスタ
2022,J3,第３１節第２日,2022-10-30,14:03,相模原,岐阜,0,0,D,ギオンス
2022,J1,第３４節第１日,2022-11-05,14:03,Ｃ大阪,名古屋,0,1,A,ヨドコウ
2022,J1,第３４節第１日,2022-11-05,14:03,鹿島,Ｇ大阪,0,0,D,カシマ
2022,J1,第３４節第１日,2022-11-05,14:03,FC東京,川崎Ｆ,2,3,A,味スタ
2022,J1,第３４節第１日,2022-11-05,14:03,札幌,清水,4,3,H,札幌ド
2022,J1,第３４節第１日,2022-11-05,14:03,磐田,京都,0,0,D,ヤマハ
2022,J1,第３４節第１日,2022-11-05,14:03,神戸,横浜FM,1,3,A,ノエスタ
2022,J1,第３４節第１日,2022-11-05,14:04,柏,湘南,1,2,A,三協Ｆ柏
2022,J1,第３４節第１日,2022-11-05,14:04,浦和,福岡,1,1,D,埼玉
2022,J1,第３４節第１日,2022-11-05,14:05,鳥栖,広島,2,2,D,駅スタ
2022,J3,第３２節第１日,2022-11-06,13:03,八戸,YS横浜,0,1,A,プラスタ
2022,J3,第３２節第１日,2022-11-06,13:03,いわき,鹿児島,3,0,H,Ｊスタ
2022,J3,第３２節第１日,2022-11-06,13:03,今治,藤枝,1,0,H,夢スタ
2022,J3,第３２節第１日,2022-11-06,13:03,長野,鳥取,1,2,A,長野Ｕ
2022,J3,第３２節第１日,2022-11-06,13:03,福島,沼津,2,0,H,とうスタ
2022,J3,第３２節第１日,2022-11-06,14:03,岐阜,宮崎,1,2,A,長良川
2022,J3,第３２節第１日,2022-11-06,14:03,富山,松本,4,3,H,富山
2022,J3,第３２節第１日,2022-11-06,14:03,北九州,相模原,3,1,H,ミクスタ
2022,J3,第３２節第１日,2022-11-06,15:03,愛媛,讃岐,1,1,D,ニンスタ
2022,J3,第３３節第１日,2022-11-12,13:03,YS横浜,鳥取,0,4,A,ニッパツ
2022,J3,第３３節第１日,2022-11-12,15:04,愛媛,沼津,1,1,D,ニンスタ
2022,J3,第３３節第２日,2022-11-13,13:02,鹿児島,岐阜,1,0,H,白波スタ
2022,J3,第３３節第２日,2022-11-13,13:03,藤枝,福島,3,1,H,藤枝サ
2022,J3,第３３節第２日,2022-11-13,13:03,今治,長野,3,3,D,夢スタ
2022,J3,第３３節第２日,2022-11-13,13:08,宮崎,松本,4,1,H,ユニスタ
2022,J3,第３３節第２日,2022-11-13,14:03,讃岐,八戸,0,1,A,ピカスタ
2022,J3,第３３節第２日,2022-11-13,14:03,北九州,富山,1,2,A,ミクスタ
2022,J3,第３３節第２日,2022-11-13,14:04,相模原,いわき,1,2,A,ギオンス
2022,J3,第３４節第１日,2022-11-20,14:03,富山,鹿児島,2,4,A,富山
2022,J3,第３４節第１日,2022-11-20,14:03,八戸,今治,2,1,H,プラスタ
2022,J3,第３４節第１日,2022-11-20,14:03,岐阜,北九州,1,2,A,長良川
2022,J3,第３４節第１日,2022-11-20,14:03,福島,愛媛,0,3,A,とうスタ
2022,J3,第３４節第１日,2022-11-20,14:03,長野,藤枝,0,0,D,長野Ｕ
2022,J3,第３４節第１日,2022-11-20,14:03,いわき,YS横浜,1,1,D,Ｊスタ
2022,J3,第３４節第１日,2022-11-20,14:03,沼津,宮崎,1,2,A,愛鷹
2022,J3,第３４節第１日,2022-11-20,14:03,松本,相模原,1,0,H,サンアル
2022,J3,第３４節第１日,2022-11-20,14:03,鳥取,讃岐,3,0,H,Ａｘｉｓ
2023,J1,第１節第１日,2023-02-17,19:04,川崎Ｆ,横浜FM,1,2,A,等々力
2023,J2,第１節第１日,2023-02-18,13:09,甲府,山形,1,2,A,ＪＩＴス
2023,J1,第１節第２日,2023-02-18,14:03,横浜FC,名古屋,0,1,A,ニッパツ
2023,J1,第１節第２日,2023-02-18,14:03,京都,鹿島,0,2,A,サンガＳ
2023,J1,第１節第２日,2023-02-18,14:03,広島,札幌,0,0,D,Ｅスタ
2023,J1,第１節第２日,2023-02-18,14:03,FC東京,浦和,2,0,H,味スタ
2023,J1,第１節第２日,2023-02-18,14:03,神戸,福岡,1,0,H,ノエスタ
2023,J1,第１節第２日,2023-02-18,14:03,Ｃ大阪,新潟,2,2,D,ヨドコウ
2023,J2,第１節第１日,2023-02-18,14:03,清水,水戸,0,0,D,アイスタ
2023,J2,第１節第１日,2023-02-18,14:03,長崎,千葉,0,1,A,トラスタ
2023,J2,第１節第１日,2023-02-18,14:03,群馬,秋田,0,0,D,正田スタ
2023,J2,第１節第１日,2023-02-18,14:04,いわき,藤枝,2,3,A,いわきＧ
2023,J2,第１節第１日,2023-02-18,14:04,磐田,岡山,2,3,A,ヤマハ
2023,J2,第１節第１日,2023-02-18,14:05,山口,大宮,1,0,H,みらスタ
2023,J1,第１節第２日,2023-02-18,15:03,柏,Ｇ大阪,2,2,D,三協Ｆ柏
2023,J1,第１節第２日,2023-02-18,15:04,鳥栖,湘南,1,5,A,駅スタ
2023,J2,第１節第２日,2023-02-19,14:03,徳島,大分,1,2,A,鳴門大塚
2023,J2,第１節第２日,2023-02-19,14:03,東京Ｖ,金沢,1,0,H,味スタ
2023,J2,第１節第２日,2023-02-19,14:03,町田,仙台,0,0,D,Ｇスタ
2023,J2,第１節第２日,2023-02-19,16:03,栃木,熊本,1,1,D,カンセキ
2023,J1,第２節第１日,2023-02-24,19:03,湘南,横浜FC,2,2,D,レモンＳ
2023,J2,第２節第１日,2023-02-25,13:02,甲府,徳島,1,1,D,ＪＩＴス
2023,J2,第２節第１日,2023-02-25,14:02,大宮,金沢,2,0,H,ＮＡＣＫ
2023,J1,第２節第２日,2023-02-25,14:03,横浜FM,浦和,2,0,H,日産ス
2023,J2,第２節第１日,2023-02-25,14:03,藤枝,長崎,2,0,H,藤枝サ
2023,J2,第２節第１日,2023-02-25,14:03,千葉,山形,1,3,A,フクアリ
2023,J1,第２節第２日,2023-02-25,15:03,札幌,神戸,1,3,A,札幌ド
2023,J1,第２節第２日,2023-02-25,15:03,Ｇ大阪,鳥栖,1,1,D,パナスタ
2023,J1,第２節第２日,2023-02-25,15:04,福岡,Ｃ大阪,2,1,H,ベススタ
2023,J1,第２節第２日,2023-02-25,16:03,鹿島,川崎Ｆ,1,2,A,カシマ
2023,J1,第２節第２日,2023-02-25,16:03,名古屋,京都,1,0,H,豊田ス
2023,J2,第２節第２日,2023-02-26,13:03,熊本,秋田,0,1,A,えがおＳ
2023,J2,第２節第２日,2023-02-26,13:04,岡山,清水,0,0,D,Ｃスタ
2023,J2,第２節第２日,2023-02-26,13:10,仙台,栃木,1,0,H,ユアスタ
2023,J2,第２節第２日,2023-02-26,13:13,大分,東京Ｖ,1,0,H,レゾド
2023,J2,第２節第２日,2023-02-26,13:18,山口,磐田,1,1,D,みらスタ
2023,J1,第２節第３日,2023-02-26,14:03,広島,新潟,1,2,A,Ｅスタ
2023,J2,第２節第２日,2023-02-26,14:04,町田,群馬,2,0,H,Ｇスタ
2023,J1,第２節第３日,2023-02-26,15:03,柏,FC東京,1,1,D,三協Ｆ柏
2023,J2,第２節第２日,2023-02-26,15:03,水戸,いわき,2,2,D,Ｋｓスタ
2023,J1,第３節第１日,2023-03-03,19:03,横浜FM,広島,1,1,D,ニッパツ
2023,J1,第３節第２日,2023-03-04,13:03,川崎Ｆ,湘南,1,1,D,等々力
2023,J1,第３節第２日,2023-03-04,14:03,横浜FC,鹿島,1,3,A,ニッパツ
2023,J1,第３節第２日,2023-03-04,14:03,新潟,札幌,2,2,D,デンカＳ
2023,J1,第３節第２日,2023-03-04,14:03,神戸,Ｇ大阪,4,0,H,ノエスタ
2023,J1,第３節第２日,2023-03-04,14:03,京都,FC東京,2,0,H,サンガＳ
2023,J2,第３節第１日,2023-03-04,14:03,徳島,仙台,1,1,D,鳴門大塚
2023,J2,第３節第１日,2023-03-04,14:03,磐田,山形,2,1,H,ヤマハ
2023,J2,第３節第１日,2023-03-04,14:03,長崎,清水,1,1,D,トラスタ
2023,J2,第３節第１日,2023-03-04,14:03,藤枝,秋田,0,1,A,藤枝サ
2023,J3,第１節第１日,2023-03-04,14:03,相模原,鳥取,2,3,A,ギオンス
2023,J1,第３節第２日,2023-03-04,15:03,福岡,柏,1,0,H,ベススタ
2023,J3,第１節第１日,2023-03-04,15:03,鹿児島,FC大阪,2,1,H,白波スタ
2023,J3,第１節第１日,2023-03-04,15:03,琉球,八戸,1,0,H,タピスタ
2023,J1,第３節第２日,2023-03-04,15:04,鳥栖,名古屋,1,0,H,駅スタ
2023,J1,第３節第２日,2023-03-04,15:05,浦和,Ｃ大阪,2,1,H,浦和駒場
2023,J2,第３節第２日,2023-03-05,13:03,いわき,山口,0,1,A,いわきＧ
2023,J2,第３節第２日,2023-03-05,13:03,熊本,大宮,3,0,H,えがおＳ
2023,J3,第１節第２日,2023-03-05,13:03,YS横浜,富山,1,2,A,ニッパツ
2023,J3,第１節第２日,2023-03-05,13:03,宮崎,長野,0,2,A,ユニスタ
2023,J3,第１節第２日,2023-03-05,13:03,奈良,松本,0,2,A,ロートＦ
2023,J3,第１節第２日,2023-03-05,13:07,今治,福島,1,0,H,里山Ｓ
2023,J2,第３節第２日,2023-03-05,14:03,東京Ｖ,甲府,0,0,D,味スタ
2023,J2,第３節第２日,2023-03-05,14:03,千葉,群馬,2,2,D,フクアリ
2023,J2,第３節第２日,2023-03-05,14:03,大分,栃木,1,0,H,レゾド
2023,J3,第１節第２日,2023-03-05,14:03,北九州,岐阜,1,1,D,ミクスタ
2023,J3,第１節第２日,2023-03-05,14:03,讃岐,沼津,1,0,H,ピカスタ
2023,J2,第３節第２日,2023-03-05,14:04,金沢,町田,1,2,A,石川西部
2023,J2,第３節第２日,2023-03-05,15:03,水戸,岡山,1,1,D,Ｋｓスタ
2023,J3,第１節第２日,2023-03-05,15:03,愛媛,岩手,1,5,A,ニンスタ
2023,J2,第４節第１日,2023-03-11,13:03,甲府,藤枝,2,1,H,ＪＩＴス
2023,J3,第２節第１日,2023-03-11,13:03,YS横浜,鳥取,1,3,A,ニッパツ
2023,J1,第４節第１日,2023-03-11,14:03,神戸,浦和,0,1,A,ノエスタ
2023,J1,第４節第１日,2023-03-11,14:03,新潟,川崎Ｆ,1,0,H,デンカＳ
2023,J2,第４節第１日,2023-03-11,14:03,大宮,磐田,1,0,H,ＮＡＣＫ
2023,J2,第４節第１日,2023-03-11,14:03,山口,熊本,1,3,A,みらスタ
2023,J3,第２節第１日,2023-03-11,15:03,鹿児島,今治,1,1,D,白波スタ
2023,J3,第２節第１日,2023-03-11,17:03,琉球,岩手,2,1,H,タピスタ
2023,J3,第２節第２日,2023-03-12,13:03,奈良,八戸,1,1,D,ロートＦ
2023,J3,第２節第２日,2023-03-12,13:04,宮崎,FC大阪,0,1,A,ユニスタ
2023,J1,第４節第２日,2023-03-12,14:03,Ｃ大阪,鳥栖,2,1,H,ヨドコウ
2023,J2,第４節第２日,2023-03-12,14:03,町田,水戸,3,0,H,Ｇスタ
2023,J2,第４節第２日,2023-03-12,14:03,徳島,東京Ｖ,0,2,A,鳴門大塚
2023,J2,第４節第２日,2023-03-12,14:03,清水,大分,0,0,D,アイスタ
2023,J2,第４節第２日,2023-03-12,14:03,岡山,金沢,3,0,H,Ｃスタ
2023,J2,第４節第２日,2023-03-12,14:03,栃木,長崎,0,0,D,カンセキ
2023,J2,第４節第２日,2023-03-12,14:03,秋田,千葉,1,0,H,ソユスタ
2023,J2,第４節第２日,2023-03-12,14:03,仙台,いわき,0,1,A,ユアスタ
2023,J3,第２節第２日,2023-03-12,14:03,北九州,讃岐,3,0,H,ミクスタ
2023,J3,第２節第２日,2023-03-12,14:03,沼津,富山,2,1,H,愛鷹
2023,J3,第２節第２日,2023-03-12,14:04,岐阜,松本,1,1,D,長良川
2023,J1,第４節第２日,2023-03-12,15:03,鹿島,福岡,0,0,D,カシマ
2023,J1,第４節第２日,2023-03-12,15:03,柏,名古屋,0,3,A,三協Ｆ柏
2023,J1,第４節第２日,2023-03-12,15:03,湘南,京都,0,2,A,レモンＳ
2023,J1,第４節第２日,2023-03-12,15:03,FC東京,横浜FC,3,1,H,味スタ
2023,J3,第２節第２日,2023-03-12,15:03,相模原,福島,2,1,H,ニッパツ
2023,J3,第２節第２日,2023-03-12,15:03,愛媛,長野,1,1,D,ニンスタ
2023,J1,第４節第２日,2023-03-12,15:05,札幌,横浜FM,2,0,H,札幌ド
2023,J1,第４節第２日,2023-03-12,16:03,Ｇ大阪,広島,1,2,A,パナスタ
2023,J2,第４節第２日,2023-03-12,17:03,群馬,山形,1,0,H,正田スタ
2023,J1,第５節第１日,2023-03-18,14:03,名古屋,FC東京,0,0,D,豊田ス
2023,J1,第５節第１日,2023-03-18,14:03,横浜FM,鹿島,2,1,H,日産ス
2023,J1,第５節第１日,2023-03-18,14:03,横浜FC,京都,1,4,A,ニッパツ
2023,J3,第３節第１日,2023-03-18,14:03,沼津,八戸,0,1,A,愛鷹
2023,J3,第３節第１日,2023-03-18,14:03,FC大阪,岩手,0,3,A,花園
2023,J2,第５節第１日,2023-03-18,14:04,磐田,清水,2,2,D,エコパ
2023,J1,第５節第１日,2023-03-18,15:03,浦和,新潟,2,1,H,浦和駒場
2023,J1,第５節第１日,2023-03-18,15:03,Ｇ大阪,札幌,2,2,D,パナスタ
2023,J3,第３節第１日,2023-03-18,15:03,岐阜,鹿児島,1,0,H,長良川
2023,J1,第５節第１日,2023-03-18,15:04,鳥栖,神戸,0,1,A,駅スタ
2023,J1,第５節第１日,2023-03-18,16:03,川崎Ｆ,Ｃ大阪,0,0,D,等々力
2023,J3,第３節第２日,2023-03-19,13:03,今治,琉球,2,2,D,里山Ｓ
2023,J3,第３節第２日,2023-03-19,13:03,鳥取,愛媛,2,3,A,Ａｘｉｓ
2023,J3,第３節第２日,2023-03-19,13:03,YS横浜,松本,0,3,A,ニッパツ
2023,J3,第３節第２日,2023-03-19,13:04,福島,宮崎,0,1,A,とうスタ
2023,J1,第５節第２日,2023-03-19,14:03,福岡,湘南,2,1,H,ベススタ
2023,J1,第５節第２日,2023-03-19,14:03,広島,柏,1,0,H,Ｅスタ
2023,J2,第５節第２日,2023-03-19,14:03,大分,千葉,2,1,H,レゾド
2023,J2,第５節第２日,2023-03-19,14:03,いわき,徳島,1,0,H,いわきＧ
2023,J2,第５節第２日,2023-03-19,14:03,金沢,山口,5,2,H,石川西部
2023,J2,第５節第２日,2023-03-19,14:03,群馬,仙台,1,2,A,正田スタ
2023,J2,第５節第２日,2023-03-19,14:03,藤枝,東京Ｖ,0,5,A,藤枝サ
2023,J2,第５節第２日,2023-03-19,14:03,熊本,長崎,0,2,A,えがおＳ
2023,J2,第５節第２日,2023-03-19,14:03,山形,町田,0,3,A,ＮＤスタ
2023,J2,第５節第２日,2023-03-19,14:03,岡山,甲府,2,3,A,Ｃスタ
2023,J2,第５節第２日,2023-03-19,14:03,栃木,大宮,2,1,H,カンセキ
2023,J2,第５節第２日,2023-03-19,14:03,秋田,水戸,1,1,D,ソユスタ
2023,J3,第３節第２日,2023-03-19,14:03,長野,奈良,0,3,A,長野Ｕ
2023,J3,第３節第２日,2023-03-19,14:03,讃岐,相模原,1,0,H,ピカスタ
2023,J3,第３節第２日,2023-03-19,14:03,富山,北九州,3,2,H,富山
2023,J2,第６節第１日,2023-03-25,14:03,大宮,大分,3,0,H,ＮＡＣＫ
2023,J2,第６節第１日,2023-03-25,14:03,千葉,岡山,1,1,D,フクアリ
2023,J2,第６節第１日,2023-03-25,14:03,徳島,秋田,0,0,D,鳴門大塚
2023,J2,第６節第１日,2023-03-25,14:03,仙台,金沢,2,3,A,ユアスタ
2023,J2,第６節第１日,2023-03-25,14:03,長崎,山形,3,2,H,トラスタ
2023,J3,第４節第１日,2023-03-25,14:04,岩手,沼津,1,1,D,いわスタ
2023,J2,第６節第１日,2023-03-25,15:03,東京Ｖ,熊本,3,0,H,味スタ
2023,J3,第４節第２日,2023-03-26,13:03,奈良,YS横浜,2,2,D,ロートＦ
2023,J3,第４節第２日,2023-03-26,13:03,鳥取,讃岐,2,2,D,Ａｘｉｓ
2023,J3,第４節第２日,2023-03-26,13:03,鹿児島,相模原,2,1,H,白波スタ
2023,J2,第６節第２日,2023-03-26,14:03,山口,藤枝,0,3,A,みらスタ
2023,J2,第６節第２日,2023-03-26,14:03,いわき,町田,0,1,A,いわきＧ
2023,J3,第４節第２日,2023-03-26,14:03,北九州,今治,0,1,A,ミクスタ
2023,J3,第４節第２日,2023-03-26,14:03,富山,長野,3,3,D,富山
2023,J3,第４節第２日,2023-03-26,14:03,八戸,岐阜,1,0,H,プラスタ
2023,J3,第４節第２日,2023-03-26,14:04,松本,宮崎,1,1,D,サンアル
2023,J2,第６節第２日,2023-03-26,15:03,水戸,甲府,2,4,A,Ｋｓスタ
2023,J3,第４節第２日,2023-03-26,15:03,愛媛,FC大阪,2,1,H,ニンスタ
2023,J3,第４節第２日,2023-03-26,17:03,琉球,福島,0,1,A,タピスタ
2023,J2,第６節第３日,2023-03-29,19:03,清水,群馬,1,3,A,アイスタ
2023,J2,第６節第３日,2023-03-29,19:03,磐田,栃木,2,0,H,ヤマハ
2023,J1,第６節第１日,2023-03-31,19:03,柏,浦和,0,3,A,三協Ｆ柏
2023,J2,第７節第１日,2023-04-01,13:03,甲府,清水,1,0,H,ＪＩＴス
2023,J1,第６節第２日,2023-04-01,14:03,京都,神戸,0,3,A,サンガＳ
2023,J1,第６節第２日,2023-04-01,14:03,新潟,名古屋,1,3,A,デンカＳ
2023,J1,第６節第２日,2023-04-01,14:03,横浜FC,福岡,1,1,D,ニッパツ
2023,J2,第７節第１日,2023-04-01,14:03,大分,磐田,2,1,H,レゾド
2023,J2,第７節第１日,2023-04-01,14:03,仙台,長崎,0,1,A,ユアスタ
2023,J2,第７節第１日,2023-04-01,14:03,秋田,山口,0,1,A,ソユスタ
2023,J3,第５節第１日,2023-04-01,14:03,FC大阪,富山,0,1,A,花園
2023,J1,第６節第２日,2023-04-01,15:03,湘南,Ｇ大阪,4,1,H,レモンＳ
2023,J1,第６節第２日,2023-04-01,15:03,鹿島,広島,1,2,A,カシマ
2023,J2,第７節第１日,2023-04-01,15:03,東京Ｖ,大宮,1,0,H,味スタ
2023,J1,第６節第２日,2023-04-01,15:04,鳥栖,FC東京,1,0,H,駅スタ
2023,J3,第５節第１日,2023-04-01,15:04,岐阜,琉球,3,1,H,長良川
2023,J1,第６節第２日,2023-04-01,16:03,Ｃ大阪,横浜FM,2,1,H,ヨドコウ
2023,J1,第６節第２日,2023-04-01,19:03,札幌,川崎Ｆ,3,4,A,札幌ド
2023,J2,第７節第２日,2023-04-02,13:03,熊本,徳島,1,1,D,えがおＳ
2023,J3,第５節第２日,2023-04-02,13:03,今治,奈良,1,1,D,里山Ｓ
2023,J2,第７節第２日,2023-04-02,14:03,金沢,千葉,2,0,H,石川西部
2023,J2,第７節第２日,2023-04-02,14:03,岡山,いわき,1,1,D,Ｃスタ
2023,J2,第７節第２日,2023-04-02,14:03,山形,水戸,0,1,A,ＮＤスタ
2023,J2,第７節第２日,2023-04-02,14:03,町田,藤枝,1,0,H,Ｇスタ
2023,J2,第７節第２日,2023-04-02,14:03,栃木,群馬,1,2,A,カンセキ
2023,J3,第５節第２日,2023-04-02,14:03,松本,鳥取,0,0,D,サンアル
2023,J3,第５節第２日,2023-04-02,14:03,讃岐,鹿児島,2,0,H,ピカスタ
2023,J3,第５節第２日,2023-04-02,14:03,相模原,沼津,0,0,D,ギオンス
2023,J3,第５節第２日,2023-04-02,14:03,八戸,北九州,1,1,D,プラスタ
2023,J3,第５節第２日,2023-04-02,14:03,福島,岩手,0,2,A,とうスタ
2023,J3,第５節第２日,2023-04-02,14:04,長野,YS横浜,1,0,H,長野Ｕ
2023,J3,第５節第２日,2023-04-02,15:03,宮崎,愛媛,0,0,D,ユニスタ
2023,J2,第８節第１日,2023-04-08,13:03,甲府,仙台,0,3,A,ＪＩＴス
2023,J3,第６節第１日,2023-04-08,13:03,YS横浜,鹿児島,1,1,D,ニッパツ
2023,J2,第８節第１日,2023-04-08,14:03,大宮,山形,2,1,H,ＮＡＣＫ
2023,J2,第８節第１日,2023-04-08,14:03,千葉,徳島,2,2,D,フクアリ
2023,J2,第８節第１日,2023-04-08,14:03,いわき,大分,1,3,A,いわきＧ
2023,J2,第８節第１日,2023-04-08,14:03,山口,栃木,1,1,D,みらスタ
2023,J2,第８節第１日,2023-04-08,14:03,藤枝,岡山,2,2,D,藤枝サ
2023,J2,第８節第１日,2023-04-08,14:03,群馬,長崎,1,0,H,正田スタ
2023,J3,第６節第１日,2023-04-08,14:03,沼津,福島,1,1,D,愛鷹
2023,J3,第６節第１日,2023-04-08,14:03,岩手,相模原,1,1,D,いわスタ
2023,J2,第８節第１日,2023-04-08,14:04,清水,東京Ｖ,2,1,H,アイスタ
2023,J2,第８節第１日,2023-04-08,14:04,町田,秋田,0,1,A,Ｇスタ
2023,J3,第６節第１日,2023-04-08,15:03,愛媛,岐阜,2,1,H,ニンスタ
2023,J2,第８節第１日,2023-04-08,17:03,水戸,磐田,1,5,A,Ｋｓスタ
2023,J3,第６節第１日,2023-04-08,17:03,琉球,奈良,0,2,A,タピスタ
2023,J1,第７節第１日,2023-04-08,19:03,横浜FM,横浜FC,5,0,H,日産ス
2023,J3,第６節第２日,2023-04-09,13:03,FC大阪,今治,3,1,H,花園
2023,J3,第６節第２日,2023-04-09,13:03,鳥取,八戸,3,3,D,Ａｘｉｓ
2023,J1,第７節第２日,2023-04-09,14:03,Ｃ大阪,札幌,2,3,A,ヨドコウ
2023,J1,第７節第２日,2023-04-09,14:03,神戸,新潟,0,0,D,ノエスタ
2023,J1,第７節第２日,2023-04-09,14:03,広島,鳥栖,1,0,H,Ｅスタ
2023,J3,第６節第２日,2023-04-09,14:03,富山,宮崎,2,0,H,富山
2023,J3,第６節第２日,2023-04-09,14:03,長野,讃岐,4,0,H,長野Ｕ
2023,J3,第６節第２日,2023-04-09,14:03,北九州,松本,2,4,A,ミクスタ
2023,J1,第７節第２日,2023-04-09,15:03,Ｇ大阪,川崎Ｆ,2,0,H,パナスタ
2023,J1,第７節第２日,2023-04-09,15:03,福岡,京都,2,1,H,ベススタ
2023,J1,第７節第２日,2023-04-09,15:03,名古屋,浦和,0,0,D,豊田ス
2023,J2,第８節第２日,2023-04-09,15:03,熊本,金沢,3,1,H,えがおＳ
2023,J1,第７節第２日,2023-04-09,15:04,FC東京,湘南,2,2,D,味スタ
2023,J1,第７節第２日,2023-04-09,19:03,柏,鹿島,1,0,H,三協Ｆ柏
2023,J2,第９節第１日,2023-04-12,19:03,大宮,群馬,0,1,A,ＮＡＣＫ
2023,J2,第９節第１日,2023-04-12,19:03,清水,仙台,1,1,D,アイスタ
2023,J2,第９節第１日,2023-04-12,19:03,金沢,いわき,3,0,H,石川西部
2023,J2,第９節第１日,2023-04-12,19:03,藤枝,千葉,3,1,H,藤枝サ
2023,J2,第９節第１日,2023-04-12,19:03,徳島,水戸,0,2,A,鳴門大塚
2023,J2,第９節第１日,2023-04-12,19:03,大分,山口,3,1,H,レゾド
2023,J2,第９節第１日,2023-04-12,19:03,東京Ｖ,秋田,2,1,H,味スタ
2023,J2,第９節第１日,2023-04-12,19:03,長崎,甲府,2,1,H,トラスタ
2023,J2,第９節第１日,2023-04-12,19:03,栃木,山形,2,1,H,カンセキ
2023,J2,第９節第１日,2023-04-12,19:03,岡山,熊本,0,0,D,Ｃスタ
2023,J2,第９節第１日,2023-04-12,19:04,磐田,町田,1,1,D,ヤマハ
2023,J3,第７節第１日,2023-04-15,13:03,福島,鳥取,0,0,D,とうスタ
2023,J1,第８節第１日,2023-04-15,14:03,横浜FC,広島,0,3,A,ニッパツ
2023,J1,第８節第１日,2023-04-15,14:03,新潟,福岡,3,2,H,デンカＳ
2023,J3,第７節第１日,2023-04-15,14:03,相模原,長野,0,1,A,ギオンス
2023,J1,第８節第１日,2023-04-15,15:03,湘南,横浜FM,1,1,D,レモンＳ
2023,J1,第８節第１日,2023-04-15,15:03,浦和,札幌,4,1,H,埼玉
2023,J1,第８節第１日,2023-04-15,15:04,川崎Ｆ,名古屋,1,2,A,等々力
2023,J1,第８節第１日,2023-04-15,15:04,鳥栖,柏,1,1,D,駅スタ
2023,J1,第８節第１日,2023-04-15,16:03,京都,Ｇ大阪,2,1,H,サンガＳ
2023,J1,第８節第１日,2023-04-15,16:03,鹿島,神戸,1,5,A,カシマ
2023,J1,第８節第１日,2023-04-15,16:03,FC東京,Ｃ大阪,1,2,A,味スタ
2023,J3,第７節第１日,2023-04-15,17:03,琉球,北九州,2,0,H,タピスタ
2023,J2,第１０節第１日,2023-04-16,13:03,甲府,栃木,1,0,H,ＪＩＴス
2023,J3,第７節第２日,2023-04-16,13:03,鹿児島,宮崎,3,3,D,白波スタ
2023,J3,第７節第２日,2023-04-16,13:03,今治,富山,3,2,H,里山Ｓ
2023,J3,第７節第２日,2023-04-16,13:03,奈良,岩手,1,0,H,ロートＦ
2023,J2,第１０節第１日,2023-04-16,14:03,いわき,群馬,2,1,H,いわきＧ
2023,J2,第１０節第１日,2023-04-16,14:03,千葉,東京Ｖ,1,0,H,フクアリ
2023,J2,第１０節第１日,2023-04-16,14:03,山口,清水,0,6,A,みらスタ
2023,J2,第１０節第１日,2023-04-16,14:03,徳島,長崎,0,4,A,鳴門大塚
2023,J2,第１０節第１日,2023-04-16,14:03,山形,金沢,0,1,A,ＮＤスタ
2023,J2,第１０節第１日,2023-04-16,14:03,仙台,岡山,1,1,D,ユアスタ
2023,J2,第１０節第１日,2023-04-16,14:03,秋田,大宮,2,1,H,ソユスタ
2023,J3,第７節第２日,2023-04-16,14:03,讃岐,愛媛,0,0,D,ピカスタ
2023,J3,第７節第２日,2023-04-16,14:03,八戸,YS横浜,1,1,D,プラスタ
2023,J3,第７節第２日,2023-04-16,14:03,岐阜,FC大阪,0,1,A,長良川
2023,J3,第７節第２日,2023-04-16,14:04,松本,沼津,3,4,A,サンアル
2023,J2,第１０節第１日,2023-04-16,14:05,町田,大分,3,1,H,Ｇスタ
2023,J2,第１０節第１日,2023-04-16,15:03,水戸,藤枝,1,4,A,Ｋｓスタ
2023,J2,第１０節第１日,2023-04-16,16:03,磐田,熊本,1,1,D,ヤマハ
2023,J2,第１１節第１日,2023-04-21,19:03,熊本,千葉,2,2,D,えがおＳ
2023,J2,第１１節第２日,2023-04-22,14:03,大宮,清水,0,3,A,ＮＡＣＫ
2023,J2,第１１節第２日,2023-04-22,14:03,甲府,町田,1,0,H,ＪＩＴス
2023,J2,第１１節第２日,2023-04-22,14:03,岡山,山口,1,1,D,Ｃスタ
2023,J1,第９節第１日,2023-04-22,14:04,広島,FC東京,1,2,A,Ｅスタ
2023,J2,第１１節第２日,2023-04-22,14:04,長崎,秋田,4,2,H,トラスタ
2023,J2,第１１節第２日,2023-04-22,15:03,東京Ｖ,山形,1,2,A,味スタ
2023,J1,第９節第１日,2023-04-22,19:03,神戸,横浜FM,2,3,A,ノエスタ
2023,J1,第９節第２日,2023-04-23,14:03,新潟,鹿島,0,2,A,デンカＳ
2023,J1,第９節第２日,2023-04-23,14:03,Ｃ大阪,柏,1,0,H,ヨドコウ
2023,J1,第９節第２日,2023-04-23,14:03,札幌,福岡,2,2,D,札幌ド
2023,J2,第１１節第３日,2023-04-23,14:03,栃木,いわき,1,0,H,カンセキ
2023,J2,第１１節第３日,2023-04-23,14:03,群馬,徳島,0,0,D,正田スタ
2023,J2,第１１節第３日,2023-04-23,14:03,藤枝,仙台,3,2,H,藤枝サ
2023,J2,第１１節第３日,2023-04-23,14:03,大分,水戸,0,1,A,レゾド
2023,J2,第１１節第３日,2023-04-23,14:03,金沢,磐田,1,2,A,石川西部
2023,J1,第９節第２日,2023-04-23,14:04,京都,鳥栖,2,3,A,サンガＳ
2023,J1,第９節第２日,2023-04-23,15:03,名古屋,湘南,2,2,D,豊田ス
2023,J1,第９節第２日,2023-04-23,16:03,Ｇ大阪,横浜FC,1,1,D,パナスタ
2023,J1,第９節第２日,2023-04-23,16:03,川崎Ｆ,浦和,1,1,D,等々力
2023,J3,第８節第１日,2023-04-29,13:03,鳥取,奈良,0,2,A,Ａｘｉｓ
2023,J3,第８節第１日,2023-04-29,13:03,FC大阪,沼津,0,1,A,花園
2023,J1,第１０節第１日,2023-04-29,14:03,Ｃ大阪,広島,0,1,A,ヨドコウ
2023,J1,第１０節第１日,2023-04-29,14:03,横浜FC,札幌,1,4,A,ニッパツ
2023,J1,第１０節第１日,2023-04-29,14:03,神戸,湘南,2,0,H,ノエスタ
2023,J2,第１２節第１日,2023-04-29,14:03,いわき,長崎,0,1,A,いわきＧ
2023,J2,第１２節第１日,2023-04-29,14:03,磐田,徳島,2,3,A,ヤマハ
2023,J2,第１２節第１日,2023-04-29,14:03,山形,山口,1,1,D,ＮＤスタ
2023,J2,第１２節第１日,2023-04-29,14:03,清水,栃木,2,0,H,アイスタ
2023,J2,第１２節第１日,2023-04-29,14:03,秋田,岡山,0,1,A,ソユスタ
2023,J2,第１２節第１日,2023-04-29,14:03,群馬,甲府,2,1,H,正田スタ
2023,J2,第１２節第１日,2023-04-29,14:03,仙台,大分,1,0,H,ユアスタ
2023,J3,第８節第１日,2023-04-29,14:03,岩手,鹿児島,0,2,A,いわスタ
2023,J3,第８節第１日,2023-04-29,14:03,富山,松本,3,0,H,富山
2023,J3,第８節第１日,2023-04-29,14:03,讃岐,八戸,0,3,A,ピカスタ
2023,J3,第８節第１日,2023-04-29,14:03,北九州,相模原,1,1,D,ミクスタ
2023,J2,第１２節第１日,2023-04-29,14:04,町田,熊本,2,1,H,Ｇスタ
2023,J1,第１０節第１日,2023-04-29,15:03,柏,京都,1,1,D,三協Ｆ柏
2023,J1,第１０節第１日,2023-04-29,15:03,FC東京,新潟,2,1,H,味スタ
2023,J1,第１０節第１日,2023-04-29,15:03,横浜FM,名古屋,1,1,D,日産ス
2023,J2,第１２節第１日,2023-04-29,15:03,千葉,大宮,1,0,H,フクアリ
2023,J3,第８節第１日,2023-04-29,15:03,愛媛,琉球,2,1,H,ニンスタ
2023,J1,第１０節第１日,2023-04-29,17:03,福岡,川崎Ｆ,1,3,A,ベススタ
2023,J2,第１２節第１日,2023-04-29,17:03,水戸,東京Ｖ,0,2,A,Ｋｓスタ
2023,J1,第１０節第１日,2023-04-29,19:03,鹿島,Ｇ大阪,4,0,H,カシマ
2023,J3,第８節第２日,2023-04-30,13:03,YS横浜,今治,4,2,H,ニッパツ
2023,J3,第８節第２日,2023-04-30,13:03,宮崎,岐阜,2,1,H,ユニスタ
2023,J2,第１２節第２日,2023-04-30,14:03,金沢,藤枝,1,1,D,石川西部
2023,J3,第８節第２日,2023-04-30,15:05,長野,福島,2,3,A,長野Ｕ
2023,J3,第９節第１日,2023-05-03,13:03,奈良,宮崎,3,0,H,ロートＦ
2023,J2,第１３節第１日,2023-05-03,13:53,熊本,群馬,2,0,H,えがおＳ
2023,J3,第９節第１日,2023-05-03,13:56,福島,讃岐,0,0,D,とうスタ
2023,J1,第１１節第１日,2023-05-03,14:03,Ｇ大阪,Ｃ大阪,1,2,A,パナスタ
2023,J1,第１１節第１日,2023-05-03,14:03,京都,川崎Ｆ,0,1,A,サンガＳ
2023,J1,第１１節第１日,2023-05-03,14:03,札幌,鹿島,0,1,A,札幌ド
2023,J2,第１３節第１日,2023-05-03,14:03,大宮,町田,0,1,A,ＮＡＣＫ
2023,J2,第１３節第１日,2023-05-03,14:03,山口,千葉,1,1,D,みらスタ
2023,J2,第１３節第１日,2023-05-03,14:03,甲府,いわき,1,0,H,ＪＩＴス
2023,J2,第１３節第１日,2023-05-03,14:03,徳島,清水,1,1,D,鳴門大塚
2023,J2,第１３節第１日,2023-05-03,14:03,仙台,秋田,2,2,D,ユアスタ
2023,J2,第１３節第１日,2023-05-03,14:03,岡山,山形,2,0,H,Ｃスタ
2023,J2,第１３節第１日,2023-05-03,14:03,長崎,水戸,4,0,H,トラスタ
2023,J2,第１３節第１日,2023-05-03,14:03,藤枝,大分,0,2,A,藤枝サ
2023,J3,第９節第１日,2023-05-03,14:03,岐阜,YS横浜,1,2,A,長良川
2023,J3,第９節第１日,2023-05-03,14:03,岩手,長野,1,4,A,いわスタ
2023,J3,第９節第１日,2023-05-03,14:03,沼津,愛媛,1,2,A,愛鷹
2023,J1,第１１節第１日,2023-05-03,15:03,福岡,FC東京,1,0,H,ベススタ
2023,J1,第１１節第１日,2023-05-03,15:03,名古屋,神戸,2,2,D,豊田ス
2023,J1,第１１節第１日,2023-05-03,15:03,湘南,柏,1,2,A,レモンＳ
2023,J3,第９節第１日,2023-05-03,15:03,松本,FC大阪,1,0,H,サンアル
2023,J1,第１１節第１日,2023-05-03,15:04,鳥栖,横浜FM,1,3,A,駅スタ
2023,J2,第１３節第１日,2023-05-03,16:03,栃木,金沢,4,0,H,カンセキ
2023,J2,第１３節第１日,2023-05-03,17:03,東京Ｖ,磐田,0,0,D,味スタ
2023,J3,第９節第１日,2023-05-03,18:33,琉球,鳥取,2,3,A,タピスタ
2023,J1,第１１節第１日,2023-05-03,19:03,横浜FC,新潟,1,0,H,ニッパツ
2023,J3,第９節第２日,2023-05-04,14:01,鹿児島,北九州,2,0,H,白波スタ
2023,J3,第９節第２日,2023-05-04,14:03,相模原,富山,1,1,D,ギオンス
2023,J3,第９節第２日,2023-05-04,14:04,八戸,今治,0,1,A,プラスタ
2023,J1,第１２節第１日,2023-05-06,14:03,札幌,FC東京,5,1,H,札幌ド
2023,J1,第１２節第１日,2023-05-06,19:03,名古屋,Ｇ大阪,1,0,H,豊田ス
2023,J1,第１２節第２日,2023-05-07,13:01,広島,福岡,3,1,H,Ｅスタ
2023,J2,第１４節第１日,2023-05-07,13:03,熊本,甲府,2,0,H,えがおＳ
2023,J1,第１２節第２日,2023-05-07,14:03,新潟,柏,0,0,D,デンカＳ
2023,J1,第１２節第２日,2023-05-07,14:03,神戸,横浜FC,3,0,H,ノエスタ
2023,J1,第１２節第２日,2023-05-07,14:03,横浜FM,京都,4,1,H,日産ス
2023,J1,第１２節第２日,2023-05-07,14:03,Ｃ大阪,鹿島,0,1,A,ヨドコウ
2023,J2,第１４節第１日,2023-05-07,14:03,清水,いわき,9,1,H,アイスタ
2023,J2,第１４節第１日,2023-05-07,14:03,群馬,山口,2,1,H,正田スタ
2023,J2,第１４節第１日,2023-05-07,14:03,大宮,徳島,1,3,A,ＮＡＣＫ
2023,J2,第１４節第１日,2023-05-07,14:03,町田,岡山,1,1,D,Ｇスタ
2023,J2,第１４節第１日,2023-05-07,14:03,山形,藤枝,3,2,H,ＮＤスタ
2023,J2,第１４節第１日,2023-05-07,14:03,秋田,栃木,2,1,H,ソユスタ
2023,J2,第１４節第１日,2023-05-07,14:03,長崎,東京Ｖ,1,2,A,トラスタ
2023,J2,第１４節第１日,2023-05-07,14:03,大分,金沢,4,3,H,レゾド
2023,J1,第１２節第２日,2023-05-07,15:03,川崎Ｆ,鳥栖,1,0,H,等々力
2023,J2,第１４節第１日,2023-05-07,15:03,水戸,仙台,1,0,H,Ｋｓスタ
2023,J2,第１４節第１日,2023-05-07,19:03,千葉,磐田,0,1,A,フクアリ
2023,J1,第１０節第２日,2023-05-10,19:33,浦和,鳥栖,0,2,A,埼玉
2023,J1,第１３節第１日,2023-05-12,19:34,FC東京,川崎Ｆ,2,1,H,国立
2023,J2,第１５節第１日,2023-05-13,13:03,岡山,大宮,1,1,D,Ｃスタ
2023,J3,第１０節第１日,2023-05-13,13:03,YS横浜,相模原,2,2,D,ニッパツ
2023,J3,第１０節第１日,2023-05-13,13:03,奈良,FC大阪,0,1,A,ロートＦ
2023,J2,第１５節第１日,2023-05-13,13:19,山口,徳島,2,2,D,みらスタ
2023,J2,第１５節第１日,2023-05-13,14:02,仙台,山形,2,1,H,ユアスタ
2023,J1,第１３節第２日,2023-05-13,14:03,神戸,広島,2,0,H,ノエスタ
2023,J2,第１５節第１日,2023-05-13,14:03,磐田,群馬,4,2,H,ヤマハ
2023,J2,第１５節第１日,2023-05-13,14:03,甲府,千葉,0,1,A,ＪＩＴス
2023,J2,第１５節第１日,2023-05-13,14:03,金沢,長崎,2,0,H,石川西部
2023,J2,第１５節第１日,2023-05-13,14:05,清水,藤枝,5,0,H,アイスタ
2023,J2,第１５節第１日,2023-05-13,15:01,大分,熊本,1,1,D,レゾド
2023,J1,第１３節第２日,2023-05-13,15:03,湘南,札幌,2,4,A,レモンＳ
2023,J2,第１５節第１日,2023-05-13,15:03,東京Ｖ,町田,0,1,A,味スタ
2023,J1,第１３節第２日,2023-05-13,16:03,柏,横浜FC,0,1,A,三協Ｆ柏
2023,J2,第１５節第１日,2023-05-13,17:03,水戸,栃木,2,2,D,Ｋｓスタ
2023,J3,第１０節第１日,2023-05-13,18:03,長野,松本,2,1,H,長野Ｕ
2023,J3,第１０節第２日,2023-05-14,13:03,鳥取,沼津,2,2,D,ヤジン
2023,J3,第１０節第２日,2023-05-14,13:33,八戸,岩手,2,3,A,プラスタ
2023,J3,第１０節第２日,2023-05-14,13:33,鹿児島,琉球,2,0,H,白波スタ
2023,J1,第１３節第３日,2023-05-14,13:34,京都,Ｃ大阪,0,1,A,サンガＳ
2023,J1,第１３節第３日,2023-05-14,13:34,福岡,鳥栖,0,0,D,ベススタ
2023,J1,第１３節第３日,2023-05-14,13:34,新潟,横浜FM,2,1,H,デンカＳ
2023,J2,第１５節第２日,2023-05-14,13:34,いわき,秋田,0,1,A,いわきＧ
2023,J1,第１３節第３日,2023-05-14,13:35,鹿島,名古屋,2,0,H,国立
2023,J3,第１０節第２日,2023-05-14,13:35,今治,愛媛,0,0,D,里山Ｓ
2023,J3,第１０節第２日,2023-05-14,14:03,富山,福島,1,0,H,富山
2023,J3,第１０節第２日,2023-05-14,14:03,讃岐,岐阜,0,2,A,ピカスタ
2023,J3,第１０節第２日,2023-05-14,14:03,北九州,宮崎,0,1,A,ミクスタ
2023,J1,第１３節第３日,2023-05-14,16:04,浦和,Ｇ大阪,3,1,H,埼玉
2023,J2,第１６節第１日,2023-05-17,13:33,山形,大分,5,0,H,ＮＤスタ
2023,J2,第１６節第１日,2023-05-17,19:03,千葉,清水,1,0,H,フクアリ
2023,J2,第１６節第１日,2023-05-17,19:03,徳島,金沢,2,0,H,鳴門大塚
2023,J2,第１６節第１日,2023-05-17,19:03,いわき,大宮,2,1,H,いわきＧ
2023,J2,第１６節第１日,2023-05-17,19:03,秋田,甲府,0,1,A,ソユスタ
2023,J2,第１６節第１日,2023-05-17,19:03,熊本,仙台,0,1,A,えがおＳ
2023,J2,第１６節第１日,2023-05-17,19:03,藤枝,磐田,0,1,A,藤枝サ
2023,J2,第１６節第１日,2023-05-17,19:03,町田,山口,2,0,H,Ｇスタ
2023,J2,第１６節第１日,2023-05-17,19:03,栃木,東京Ｖ,0,2,A,カンセキ
2023,J2,第１６節第１日,2023-05-17,19:03,群馬,水戸,2,1,H,正田スタ
2023,J2,第１６節第１日,2023-05-17,19:03,長崎,岡山,0,0,D,トラスタ
2023,J1,第１４節第１日,2023-05-19,19:34,札幌,京都,2,1,H,札幌ド
2023,J1,第１４節第２日,2023-05-20,13:03,福岡,浦和,0,0,D,ベススタ
2023,J1,第１４節第２日,2023-05-20,15:03,名古屋,広島,2,1,H,豊田ス
2023,J1,第１４節第２日,2023-05-20,15:03,鹿島,FC東京,1,1,D,カシマ
2023,J1,第１４節第２日,2023-05-20,15:04,湘南,Ｃ大阪,0,2,A,レモンＳ
2023,J1,第１４節第２日,2023-05-20,16:03,柏,神戸,1,1,D,三協Ｆ柏
2023,J1,第１４節第２日,2023-05-20,16:03,横浜FC,川崎Ｆ,2,1,H,ニッパツ
2023,J1,第１４節第２日,2023-05-20,17:05,鳥栖,新潟,2,0,H,駅スタ
2023,J1,第１４節第２日,2023-05-20,19:03,Ｇ大阪,横浜FM,0,2,A,パナスタ
2023,J2,第１７節第１日,2023-05-21,14:03,藤枝,徳島,3,0,H,藤枝サ
2023,J2,第１７節第１日,2023-05-21,14:03,大分,長崎,1,1,D,レゾド
2023,J2,第１７節第１日,2023-05-21,14:03,千葉,栃木,1,0,H,フクアリ
2023,J2,第１７節第１日,2023-05-21,14:03,大宮,仙台,1,1,D,ＮＡＣＫ
2023,J2,第１７節第１日,2023-05-21,14:03,金沢,甲府,0,1,A,石川西部
2023,J2,第１７節第１日,2023-05-21,14:03,町田,清水,2,1,H,Ｇスタ
2023,J2,第１７節第１日,2023-05-21,14:03,山形,秋田,2,1,H,ＮＤスタ
2023,J2,第１７節第１日,2023-05-21,14:03,山口,東京Ｖ,0,2,A,みらスタ
2023,J2,第１７節第１日,2023-05-21,15:03,水戸,熊本,0,3,A,Ｋｓスタ
2023,J2,第１７節第１日,2023-05-21,16:04,磐田,いわき,1,1,D,ヤマハ
2023,J2,第１７節第１日,2023-05-21,19:03,岡山,群馬,2,1,H,Ｃスタ
2023,J1,第１５節第１日,2023-05-27,13:03,札幌,名古屋,1,2,A,札幌ド
2023,J3,第１１節第１日,2023-05-27,13:03,YS横浜,北九州,2,1,H,ニッパツ
2023,J1,第１５節第１日,2023-05-27,14:03,神戸,FC東京,3,2,H,ノエスタ
2023,J2,第１８節第１日,2023-05-27,14:03,長崎,磐田,2,1,H,トラスタ
2023,J2,第１８節第１日,2023-05-27,14:03,甲府,大宮,5,1,H,ＪＩＴス
2023,J3,第１１節第１日,2023-05-27,14:03,FC大阪,八戸,0,1,A,花園
2023,J3,第１１節第１日,2023-05-27,14:03,讃岐,奈良,1,1,D,ピカスタ
2023,J1,第１５節第１日,2023-05-27,14:04,広島,湘南,1,0,H,Ｅスタ
2023,J3,第１１節第１日,2023-05-27,15:03,愛媛,福島,0,1,A,ニンスタ
2023,J1,第１５節第１日,2023-05-27,17:04,鳥栖,鹿島,2,2,D,駅スタ
2023,J1,第１５節第１日,2023-05-27,19:03,京都,浦和,0,2,A,サンガＳ
2023,J3,第１１節第２日,2023-05-28,12:04,松本,鹿児島,2,4,A,サンアル
2023,J3,第１１節第２日,2023-05-28,13:03,宮崎,岩手,1,0,H,ユニスタ
2023,J3,第１１節第２日,2023-05-28,13:03,今治,鳥取,3,0,H,里山Ｓ
2023,J1,第１５節第２日,2023-05-28,14:03,Ｃ大阪,横浜FC,2,0,H,ヨドコウ
2023,J1,第１５節第２日,2023-05-28,14:03,新潟,Ｇ大阪,1,3,A,デンカＳ
2023,J1,第１５節第２日,2023-05-28,14:03,横浜FM,福岡,2,0,H,日産ス
2023,J2,第１８節第２日,2023-05-28,14:03,東京Ｖ,いわき,0,0,D,味スタ
2023,J2,第１８節第２日,2023-05-28,14:03,仙台,千葉,2,1,H,ユアスタ
2023,J2,第１８節第２日,2023-05-28,14:03,清水,金沢,3,0,H,アイスタ
2023,J2,第１８節第２日,2023-05-28,14:03,秋田,大分,0,0,D,ソユスタ
2023,J2,第１８節第２日,2023-05-28,14:03,熊本,山形,0,3,A,えがおＳ
2023,J2,第１８節第２日,2023-05-28,14:03,群馬,藤枝,0,0,D,正田スタ
2023,J2,第１８節第２日,2023-05-28,14:03,栃木,岡山,2,1,H,カンセキ
2023,J2,第１８節第２日,2023-05-28,14:03,徳島,町田,2,1,H,鳴門大塚
2023,J3,第１１節第２日,2023-05-28,14:03,相模原,琉球,0,0,D,ギオンス
2023,J3,第１１節第２日,2023-05-28,14:04,沼津,長野,1,0,H,愛鷹
2023,J2,第１８節第２日,2023-05-28,15:03,水戸,山口,0,1,A,Ｋｓスタ
2023,J1,第１５節第２日,2023-05-28,17:03,川崎Ｆ,柏,2,0,H,等々力
2023,J3,第１１節第２日,2023-05-28,19:03,岐阜,富山,1,0,H,長良川
2023,J1,第１１節第２日,2023-05-31,19:34,浦和,広島,2,1,H,埼玉
2023,J2,第１９節第１日,2023-06-03,13:03,いわき,熊本,0,4,A,いわきＧ
2023,J3,第１２節第１日,2023-06-03,13:03,福島,YS横浜,0,1,A,あいづ
2023,J2,第１９節第１日,2023-06-03,14:03,大宮,水戸,1,2,A,ＮＡＣＫ
2023,J2,第１９節第１日,2023-06-03,14:03,山口,長崎,1,1,D,みらスタ
2023,J2,第１９節第１日,2023-06-03,14:03,金沢,群馬,1,1,D,石川西部
2023,J2,第１９節第１日,2023-06-03,14:03,山形,清水,2,1,H,ＮＤスタ
2023,J3,第１２節第１日,2023-06-03,14:03,北九州,愛媛,0,1,A,ミクスタ
2023,J3,第１２節第１日,2023-06-03,14:04,松本,相模原,5,3,H,サンアル
2023,J1,第１６節第１日,2023-06-03,15:03,湘南,新潟,2,2,D,レモンＳ
2023,J1,第１６節第１日,2023-06-03,15:03,FC東京,横浜FM,2,3,A,味スタ
2023,J3,第１２節第１日,2023-06-03,15:03,奈良,鹿児島,0,0,D,ロートＦ
2023,J1,第１６節第１日,2023-06-03,16:03,名古屋,Ｃ大阪,3,1,H,豊田ス
2023,J2,第１９節第１日,2023-06-03,16:03,磐田,秋田,2,0,H,ヤマハ
2023,J2,第１９節第１日,2023-06-03,17:03,藤枝,栃木,1,1,D,藤枝サ
2023,J1,第１６節第１日,2023-06-03,18:03,福岡,Ｇ大阪,1,2,A,ベススタ
2023,J2,第１９節第１日,2023-06-03,18:03,千葉,町田,0,2,A,フクアリ
2023,J3,第１２節第１日,2023-06-03,18:03,岩手,今治,2,1,H,いわスタ
2023,J1,第１６節第１日,2023-06-03,18:33,横浜FC,鳥栖,1,2,A,ニッパツ
2023,J3,第１２節第１日,2023-06-03,18:33,琉球,沼津,3,0,H,タピスタ
2023,J1,第１６節第１日,2023-06-03,19:03,柏,札幌,4,5,A,三協Ｆ柏
2023,J2,第１９節第１日,2023-06-03,19:03,岡山,徳島,2,0,H,Ｃスタ
2023,J3,第１２節第２日,2023-06-04,13:03,FC大阪,長野,1,0,H,花園
2023,J3,第１２節第２日,2023-06-04,13:05,鳥取,岐阜,1,2,A,Ａｘｉｓ
2023,J1,第１６節第２日,2023-06-04,14:03,広島,京都,3,1,H,Ｅスタ
2023,J2,第１９節第２日,2023-06-04,14:03,東京Ｖ,仙台,0,2,A,味スタ
2023,J3,第１２節第２日,2023-06-04,14:03,八戸,宮崎,0,0,D,プラスタ
2023,J2,第１９節第２日,2023-06-04,14:04,大分,甲府,2,1,H,レゾド
2023,J3,第１２節第２日,2023-06-04,14:05,富山,讃岐,3,0,H,富山
2023,J1,第１６節第２日,2023-06-04,17:04,浦和,鹿島,0,0,D,埼玉
2023,J1,第１７節第１日,2023-06-10,16:03,横浜FM,柏,4,3,H,日産ス
2023,J3,第１３節第１日,2023-06-10,17:03,YS横浜,愛媛,3,2,H,ニッパツ
2023,J1,第１７節第１日,2023-06-10,19:03,Ｃ大阪,神戸,2,1,H,ヨドコウ
2023,J3,第１３節第１日,2023-06-10,19:03,鹿児島,八戸,0,1,A,白波スタ
2023,J1,第１７節第１日,2023-06-10,19:04,鳥栖,札幌,1,1,D,駅スタ
2023,J2,第２０節第１日,2023-06-11,13:06,仙台,磐田,2,3,A,ユアスタ
2023,J1,第１７節第２日,2023-06-11,14:03,新潟,京都,1,3,A,デンカＳ
2023,J2,第２０節第１日,2023-06-11,14:03,山形,いわき,3,0,H,ＮＤスタ
2023,J2,第２０節第１日,2023-06-11,14:03,町田,長崎,4,1,H,Ｇスタ
2023,J2,第２０節第１日,2023-06-11,14:03,秋田,金沢,0,0,D,ソユスタ
2023,J3,第１３節第２日,2023-06-11,14:03,富山,鳥取,0,0,D,富山
2023,J3,第１３節第２日,2023-06-11,14:04,沼津,岐阜,0,0,D,愛鷹
2023,J3,第１３節第２日,2023-06-11,15:04,福島,FC大阪,0,1,A,とうスタ
2023,J1,第１７節第２日,2023-06-11,16:03,名古屋,福岡,2,1,H,豊田ス
2023,J2,第２０節第１日,2023-06-11,16:03,徳島,栃木,1,0,H,鳴門大塚
2023,J2,第２０節第１日,2023-06-11,16:03,水戸,千葉,4,1,H,Ｋｓスタ
2023,J2,第２０節第１日,2023-06-11,16:03,甲府,山口,4,0,H,ＪＩＴス
2023,J3,第１３節第２日,2023-06-11,16:03,北九州,奈良,1,1,D,ミクスタ
2023,J3,第１３節第２日,2023-06-11,16:03,讃岐,岩手,1,0,H,ピカスタ
2023,J1,第１７節第２日,2023-06-11,18:03,鹿島,湘南,1,0,H,カシマ
2023,J2,第２０節第１日,2023-06-11,18:03,大宮,藤枝,2,3,A,ＮＡＣＫ
2023,J2,第２０節第１日,2023-06-11,18:03,群馬,大分,0,1,A,正田スタ
2023,J3,第１３節第２日,2023-06-11,18:03,長野,琉球,1,2,A,長野Ｕ
2023,J3,第１３節第２日,2023-06-11,18:03,今治,松本,0,2,A,里山Ｓ
2023,J3,第１３節第２日,2023-06-11,18:03,相模原,宮崎,1,1,D,ギオンス
2023,J1,第１７節第２日,2023-06-11,18:04,Ｇ大阪,FC東京,3,1,H,パナスタ
2023,J1,第１７節第２日,2023-06-11,18:33,横浜FC,浦和,0,0,D,ニッパツ
2023,J2,第２０節第１日,2023-06-11,19:03,熊本,清水,0,1,A,えがおＳ
2023,J2,第２０節第１日,2023-06-11,19:03,岡山,東京Ｖ,1,2,A,Ｃスタ
2023,J1,第１７節第２日,2023-06-11,19:04,川崎Ｆ,広島,1,0,H,等々力
2023,J2,第２１節第１日,2023-06-17,14:03,藤枝,熊本,0,4,A,藤枝サ
2023,J3,第１４節第１日,2023-06-17,17:03,宮崎,今治,1,1,D,ユニスタ
2023,J2,第２１節第１日,2023-06-17,18:03,金沢,水戸,2,1,H,石川西部
2023,J3,第１４節第１日,2023-06-17,18:03,岩手,富山,1,2,A,いわスタ
2023,J3,第１４節第１日,2023-06-17,18:03,愛媛,奈良,1,0,H,ニンスタ
2023,J3,第１４節第１日,2023-06-17,18:03,松本,讃岐,2,0,H,サンアル
2023,J2,第２１節第１日,2023-06-17,19:03,大分,岡山,1,0,H,レゾド
2023,J2,第２１節第１日,2023-06-17,19:03,徳島,山形,1,1,D,鳴門大塚
2023,J2,第２１節第１日,2023-06-17,19:03,長崎,大宮,2,0,H,トラスタ
2023,J3,第１４節第１日,2023-06-17,19:03,鳥取,北九州,0,1,A,Ａｘｉｓ
2023,J2,第２１節第２日,2023-06-18,14:03,山口,仙台,2,0,H,みらスタ
2023,J3,第１４節第２日,2023-06-18,14:03,沼津,YS横浜,3,1,H,愛鷹
2023,J3,第１４節第２日,2023-06-18,14:03,八戸,福島,0,3,A,プラスタ
2023,J3,第１４節第２日,2023-06-18,14:03,長野,鹿児島,1,2,A,長野Ｕ
2023,J2,第２１節第２日,2023-06-18,16:03,いわき,千葉,0,0,D,いわきＧ
2023,J3,第１４節第２日,2023-06-18,17:03,FC大阪,琉球,3,0,H,花園
2023,J2,第２１節第２日,2023-06-18,18:03,東京Ｖ,群馬,2,2,D,味スタ
2023,J2,第２１節第２日,2023-06-18,18:03,栃木,町田,1,1,D,カンセキ
2023,J3,第１４節第２日,2023-06-18,19:03,岐阜,相模原,2,1,H,長良川
2023,J1,第１８節第１日,2023-06-24,14:03,札幌,Ｃ大阪,1,4,A,札幌ド
2023,J2,第２２節第１日,2023-06-24,14:03,秋田,藤枝,1,3,A,ソユスタ
2023,J3,第１５節第１日,2023-06-24,15:03,奈良,沼津,0,2,A,ロートＦ
2023,J3,第１５節第１日,2023-06-24,17:03,YS横浜,FC大阪,0,0,D,ニッパツ
2023,J2,第２２節第１日,2023-06-24,18:03,水戸,町田,1,1,D,Ｋｓスタ
2023,J2,第２２節第１日,2023-06-24,18:03,大宮,いわき,1,5,A,ＮＡＣＫ
2023,J2,第２２節第１日,2023-06-24,18:03,栃木,山口,0,0,D,カンセキ
2023,J2,第２２節第１日,2023-06-24,18:03,甲府,岡山,0,0,D,ＪＩＴス
2023,J3,第１５節第１日,2023-06-24,18:03,富山,八戸,2,1,H,富山
2023,J3,第１５節第１日,2023-06-24,18:03,今治,讃岐,2,0,H,里山Ｓ
2023,J3,第１５節第１日,2023-06-24,18:03,愛媛,相模原,2,1,H,ニンスタ
2023,J3,第１５節第１日,2023-06-24,18:03,岩手,松本,1,0,H,いわスタ
2023,J3,第１５節第１日,2023-06-24,18:04,北九州,長野,1,1,D,ミクスタ
2023,J3,第１５節第１日,2023-06-24,18:33,琉球,宮崎,0,3,A,タピスタ
2023,J1,第１８節第１日,2023-06-24,19:03,柏,新潟,0,0,D,三協Ｆ柏
2023,J1,第１８節第１日,2023-06-24,19:03,Ｇ大阪,鹿島,2,1,H,パナスタ
2023,J1,第１８節第１日,2023-06-24,19:03,京都,横浜FC,2,1,H,サンガＳ
2023,J1,第１８節第１日,2023-06-24,19:03,広島,横浜FM,0,1,A,Ｅスタ
2023,J1,第１８節第１日,2023-06-24,19:03,FC東京,名古屋,2,0,H,味スタ
2023,J2,第２２節第１日,2023-06-24,19:03,千葉,大分,1,1,D,フクアリ
2023,J2,第２２節第１日,2023-06-24,19:03,長崎,金沢,5,1,H,トラスタ
2023,J3,第１５節第１日,2023-06-24,19:03,鹿児島,鳥取,0,1,A,白波スタ
2023,J3,第１５節第１日,2023-06-24,19:03,福島,岐阜,0,2,A,とうスタ
2023,J1,第１８節第１日,2023-06-24,19:04,湘南,鳥栖,0,6,A,レモンＳ
2023,J2,第２２節第１日,2023-06-24,19:04,山形,東京Ｖ,0,2,A,ＮＤスタ
2023,J1,第１８節第１日,2023-06-24,19:34,浦和,川崎Ｆ,1,1,D,埼玉
2023,J2,第２２節第２日,2023-06-25,18:03,仙台,徳島,1,1,D,ユアスタ
2023,J1,第１８節第２日,2023-06-25,19:03,福岡,神戸,0,3,A,ベススタ
2023,J2,第２２節第２日,2023-06-25,19:03,熊本,磐田,0,2,A,えがおＳ
2023,J2,第２２節第２日,2023-06-25,19:33,群馬,清水,1,1,D,正田スタ
2023,J2,第２１節第３日,2023-06-28,19:03,磐田,甲府,1,1,D,ヤマハ
2023,J2,第２１節第３日,2023-06-28,19:03,清水,秋田,0,1,A,アイスタ
2023,J1,第１２節第３日,2023-06-28,19:34,浦和,湘南,4,1,H,埼玉
2023,J1,第１９節第１日,2023-06-30,19:03,Ｃ大阪,福岡,0,1,A,ヨドコウ
2023,J3,第１６節第１日,2023-07-01,17:03,宮崎,YS横浜,1,1,D,ユニスタ
2023,J3,第１６節第１日,2023-07-01,17:03,沼津,北九州,2,1,H,愛鷹
2023,J1,第１９節第２日,2023-07-01,18:03,名古屋,川崎Ｆ,2,0,H,豊田ス
2023,J1,第１９節第２日,2023-07-01,18:03,新潟,広島,2,0,H,デンカＳ
2023,J1,第１９節第２日,2023-07-01,18:03,鹿島,京都,0,0,D,カシマ
2023,J2,第２３節第１日,2023-07-01,18:03,清水,長崎,3,2,H,アイスタ
2023,J2,第２３節第１日,2023-07-01,18:03,町田,大宮,3,2,H,Ｇスタ
2023,J3,第１６節第１日,2023-07-01,18:03,相模原,八戸,0,1,A,ギオンス
2023,J3,第１６節第１日,2023-07-01,18:03,富山,鹿児島,0,2,A,富山
2023,J3,第１６節第１日,2023-07-01,18:03,長野,今治,0,4,A,長野Ｕ
2023,J3,第１６節第１日,2023-07-01,18:03,松本,愛媛,1,1,D,サンアル
2023,J1,第１９節第２日,2023-07-01,18:33,横浜FC,Ｇ大阪,0,0,D,ニッパツ
2023,J1,第１９節第２日,2023-07-01,19:03,FC東京,柏,1,0,H,味スタ
2023,J1,第１９節第２日,2023-07-01,19:03,神戸,札幌,1,1,D,ノエスタ
2023,J2,第２３節第１日,2023-07-01,19:03,藤枝,山口,0,0,D,藤枝サ
2023,J2,第２３節第１日,2023-07-01,19:03,千葉,甲府,2,1,H,フクアリ
2023,J2,第２３節第１日,2023-07-01,19:03,磐田,大分,1,1,D,ヤマハ
2023,J2,第２３節第１日,2023-07-01,19:03,金沢,栃木,0,1,A,石川西部
2023,J2,第２３節第１日,2023-07-01,19:03,徳島,群馬,0,0,D,鳴門大塚
2023,J3,第１６節第１日,2023-07-01,19:03,福島,奈良,0,5,A,とうスタ
2023,J2,第２３節第１日,2023-07-01,19:04,岡山,水戸,1,0,H,Ｃスタ
2023,J3,第１６節第１日,2023-07-01,19:04,鳥取,FC大阪,2,2,D,Ａｘｉｓ
2023,J1,第１９節第２日,2023-07-01,19:05,鳥栖,浦和,1,2,A,駅スタ
2023,J2,第２３節第１日,2023-07-01,19:33,山形,仙台,4,1,H,ＮＤスタ
2023,J3,第１６節第２日,2023-07-02,16:03,讃岐,琉球,1,2,A,ピカスタ
2023,J2,第２３節第２日,2023-07-02,18:03,秋田,いわき,1,1,D,ソユスタ
2023,J1,第１９節第３日,2023-07-02,19:03,横浜FM,湘南,4,1,H,日産ス
2023,J3,第１６節第２日,2023-07-02,19:03,岐阜,岩手,0,0,D,長良川
2023,J2,第２３節第２日,2023-07-02,19:04,熊本,東京Ｖ,0,1,A,えがおＳ
2023,J2,第２４節第１日,2023-07-05,19:03,磐田,金沢,2,1,H,ヤマハ
2023,J2,第２４節第１日,2023-07-05,19:03,大宮,千葉,2,1,H,ＮＡＣＫ
2023,J2,第２４節第１日,2023-07-05,19:03,東京Ｖ,長崎,1,2,A,味スタ
2023,J2,第２４節第１日,2023-07-05,19:03,群馬,熊本,1,1,D,正田スタ
2023,J2,第２４節第１日,2023-07-05,19:03,大分,町田,0,3,A,レゾド
2023,J2,第２４節第１日,2023-07-05,19:03,仙台,清水,0,3,A,ユアスタ
2023,J2,第２４節第１日,2023-07-05,19:03,岡山,藤枝,2,3,A,Ｃスタ
2023,J2,第２４節第１日,2023-07-05,19:03,山口,山形,1,0,H,みらスタ
2023,J2,第２４節第１日,2023-07-05,19:03,甲府,秋田,5,1,H,ＪＩＴス
2023,J2,第２４節第１日,2023-07-05,19:03,いわき,栃木,1,0,H,いわきＧ
2023,J2,第２４節第１日,2023-07-05,19:03,水戸,徳島,3,1,H,Ｋｓスタ
2023,J1,第２０節第１日,2023-07-07,19:03,新潟,神戸,0,1,A,デンカＳ
2023,J3,第１７節第１日,2023-07-08,17:03,YS横浜,讃岐,1,2,A,ニッパツ
2023,J3,第１７節第１日,2023-07-08,17:03,宮崎,鳥取,0,2,A,ユニスタ
2023,J1,第２０節第２日,2023-07-08,18:03,名古屋,横浜FM,2,2,D,豊田ス
2023,J3,第１７節第１日,2023-07-08,18:04,岩手,北九州,0,1,A,いわスタ
2023,J1,第２０節第２日,2023-07-08,18:33,広島,鹿島,1,1,D,Ｅスタ
2023,J3,第１７節第１日,2023-07-08,18:34,琉球,松本,2,1,H,タピスタ
2023,J1,第２０節第２日,2023-07-08,19:03,Ｇ大阪,京都,1,0,H,パナスタ
2023,J1,第２０節第２日,2023-07-08,19:03,川崎Ｆ,横浜FC,3,0,H,等々力
2023,J1,第２０節第２日,2023-07-08,19:03,柏,湘南,1,1,D,三協Ｆ柏
2023,J1,第２０節第２日,2023-07-08,19:03,福岡,札幌,2,1,H,ベススタ
2023,J3,第１７節第１日,2023-07-08,19:03,今治,沼津,1,1,D,里山Ｓ
2023,J1,第２０節第２日,2023-07-08,19:04,浦和,FC東京,0,0,D,埼玉
2023,J3,第１７節第１日,2023-07-08,19:04,八戸,長野,4,0,H,プラスタ
2023,J1,第２０節第２日,2023-07-08,19:34,鳥栖,Ｃ大阪,2,1,H,駅スタ
2023,J3,第１７節第２日,2023-07-09,15:03,奈良,岐阜,1,0,H,ロートＦ
2023,J2,第２５節第１日,2023-07-09,18:03,藤枝,甲府,1,4,A,藤枝サ
2023,J2,第２５節第１日,2023-07-09,18:03,秋田,熊本,1,1,D,ソユスタ
2023,J2,第２５節第１日,2023-07-09,18:03,いわき,水戸,4,3,H,いわきＧ
2023,J2,第２５節第１日,2023-07-09,18:03,長崎,山口,0,1,A,トラスタ
2023,J2,第２５節第１日,2023-07-09,18:03,栃木,仙台,2,2,D,カンセキ
2023,J3,第１７節第２日,2023-07-09,18:03,鹿児島,福島,3,1,H,白波スタ
2023,J3,第１７節第２日,2023-07-09,18:03,FC大阪,相模原,1,0,H,花園
2023,J2,第２５節第１日,2023-07-09,18:04,町田,東京Ｖ,2,2,D,国立
2023,J2,第２５節第１日,2023-07-09,19:03,千葉,金沢,1,0,H,フクアリ
2023,J2,第２５節第１日,2023-07-09,19:03,大分,清水,1,2,A,レゾド
2023,J2,第２５節第１日,2023-07-09,19:03,群馬,大宮,2,0,H,正田スタ
2023,J2,第２５節第１日,2023-07-09,19:03,山形,磐田,1,3,A,ＮＤスタ
2023,J2,第２５節第１日,2023-07-09,19:03,徳島,岡山,1,1,D,鳴門大塚
2023,J3,第１７節第２日,2023-07-09,19:03,愛媛,富山,4,3,H,ニンスタ
2023,J1,第２１節第１日,2023-07-15,13:03,札幌,新潟,0,1,A,札幌厚別
2023,J2,第２６節第１日,2023-07-15,18:03,東京Ｖ,徳島,0,0,D,味スタ
2023,J3,第１８節第１日,2023-07-15,18:03,岐阜,今治,2,2,D,長良川
2023,J3,第１８節第１日,2023-07-15,18:03,相模原,奈良,3,2,H,ギオンス
2023,J3,第１８節第１日,2023-07-15,18:03,讃岐,宮崎,2,1,H,ピカスタ
2023,J3,第１８節第１日,2023-07-15,18:03,富山,琉球,1,0,H,富山
2023,J2,第２６節第１日,2023-07-15,19:03,山口,いわき,0,0,D,みらスタ
2023,J3,第１８節第１日,2023-07-15,19:03,八戸,愛媛,1,2,A,プラスタ
2023,J1,第２１節第１日,2023-07-15,19:04,横浜FM,川崎Ｆ,0,1,A,日産ス
2023,J3,第１８節第２日,2023-07-16,17:03,沼津,鹿児島,2,0,H,愛鷹
2023,J1,第２１節第２日,2023-07-16,18:03,広島,横浜FC,1,1,D,Ｅスタ
2023,J2,第２６節第２日,2023-07-16,18:03,水戸,山形,3,1,H,Ｋｓスタ
2023,J2,第２６節第２日,2023-07-16,18:03,清水,千葉,2,2,D,国立
2023,J3,第１８節第２日,2023-07-16,18:03,長野,鳥取,2,2,D,長野Ｕ
2023,J3,第１８節第２日,2023-07-16,18:03,岩手,YS横浜,1,0,H,いわスタ
2023,J3,第１８節第２日,2023-07-16,18:03,松本,福島,1,2,A,サンアル
2023,J3,第１８節第２日,2023-07-16,18:03,北九州,FC大阪,0,0,D,ミクスタ
2023,J2,第２６節第２日,2023-07-16,18:04,岡山,長崎,2,2,D,Ｃスタ
2023,J2,第２６節第２日,2023-07-16,18:05,甲府,群馬,0,3,A,ＪＩＴス
2023,J1,第２１節第２日,2023-07-16,19:03,Ｃ大阪,浦和,2,0,H,ヨドコウ
2023,J1,第２１節第２日,2023-07-16,19:03,Ｇ大阪,柏,3,1,H,パナスタ
2023,J1,第２１節第２日,2023-07-16,19:03,FC東京,鹿島,1,3,A,味スタ
2023,J1,第２１節第２日,2023-07-16,19:03,湘南,福岡,0,1,A,レモンＳ
2023,J1,第２１節第２日,2023-07-16,19:03,神戸,鳥栖,2,1,H,ノエスタ
2023,J2,第２６節第２日,2023-07-16,19:03,大宮,栃木,0,0,D,ＮＡＣＫ
2023,J2,第２６節第２日,2023-07-16,19:03,磐田,藤枝,4,1,H,ヤマハ
2023,J2,第２６節第２日,2023-07-16,19:04,熊本,大分,1,3,A,えがおＳ
2023,J1,第２１節第２日,2023-07-16,19:05,京都,名古屋,2,1,H,サンガＳ
2023,J2,第２６節第２日,2023-07-16,19:05,金沢,仙台,2,1,H,石川西部
2023,J3,第１９節第１日,2023-07-22,15:03,奈良,富山,1,2,A,ロートＦ
2023,J2,第２７節第１日,2023-07-22,18:03,町田,千葉,1,3,A,Ｇスタ
2023,J3,第１９節第１日,2023-07-22,18:03,相模原,今治,0,0,D,ギオンス
2023,J3,第１９節第１日,2023-07-22,18:03,宮崎,沼津,1,0,H,ユニスタ
2023,J3,第１９節第１日,2023-07-22,18:03,松本,八戸,3,0,H,サンアル
2023,J2,第２７節第１日,2023-07-22,18:04,栃木,清水,1,1,D,カンセキ
2023,J3,第１９節第１日,2023-07-22,18:04,岐阜,長野,1,1,D,長良川
2023,J3,第１９節第１日,2023-07-22,18:33,琉球,YS横浜,2,2,D,タピスタ
2023,J1,第１６節第３日,2023-07-22,19:03,神戸,川崎Ｆ,2,2,D,ノエスタ
2023,J2,第２７節第１日,2023-07-22,19:03,山形,長崎,5,1,H,ＮＤスタ
2023,J2,第２７節第１日,2023-07-22,19:03,大分,いわき,1,2,A,レゾド
2023,J2,第２７節第１日,2023-07-22,19:03,徳島,甲府,1,2,A,鳴門大塚
2023,J2,第２７節第１日,2023-07-22,19:03,藤枝,金沢,1,1,D,藤枝サ
2023,J2,第２７節第１日,2023-07-22,19:03,山口,秋田,1,2,A,みらスタ
2023,J3,第１９節第１日,2023-07-22,19:03,福島,北九州,1,1,D,とうスタ
2023,J3,第１９節第１日,2023-07-22,19:03,鳥取,岩手,0,0,D,Ａｘｉｓ
2023,J2,第２７節第２日,2023-07-23,18:03,水戸,大宮,0,0,D,Ｋｓスタ
2023,J3,第１９節第２日,2023-07-23,18:03,鹿児島,愛媛,1,2,A,白波スタ
2023,J3,第１９節第２日,2023-07-23,18:03,FC大阪,讃岐,0,0,D,花園
2023,J2,第２７節第２日,2023-07-23,19:03,群馬,磐田,1,1,D,正田スタ
2023,J2,第２７節第２日,2023-07-23,19:03,仙台,東京Ｖ,3,4,A,ユアスタ
2023,J2,第２７節第３日,2023-07-24,19:03,熊本,岡山,1,2,A,えがおＳ
2023,J2,第２８節第１日,2023-07-29,18:03,秋田,群馬,0,0,D,ソユスタ
2023,J2,第２８節第１日,2023-07-29,18:03,清水,岡山,1,0,H,アイスタ
2023,J2,第２８節第１日,2023-07-29,18:03,東京Ｖ,水戸,0,0,D,味スタ
2023,J2,第２８節第１日,2023-07-29,18:03,いわき,磐田,0,1,A,いわきＧ
2023,J2,第２８節第１日,2023-07-29,18:03,栃木,甲府,3,0,H,カンセキ
2023,J2,第２８節第１日,2023-07-29,18:03,町田,徳島,2,1,H,Ｇスタ
2023,J3,第２０節第１日,2023-07-29,18:03,讃岐,福島,1,1,D,ピカスタ
2023,J3,第２０節第１日,2023-07-29,18:03,岩手,奈良,1,1,D,いわスタ
2023,J3,第２０節第１日,2023-07-29,18:03,愛媛,松本,1,1,D,ニンスタ
2023,J3,第２０節第１日,2023-07-29,18:03,北九州,鳥取,1,3,A,ミクスタ
2023,J3,第２０節第１日,2023-07-29,18:03,長野,相模原,1,0,H,長野Ｕ
2023,J2,第２８節第１日,2023-07-29,19:03,千葉,山口,4,0,H,フクアリ
2023,J2,第２８節第１日,2023-07-29,19:03,大分,山形,0,1,A,レゾド
2023,J2,第２８節第１日,2023-07-29,19:03,仙台,藤枝,1,1,D,ユアスタ
2023,J2,第２８節第１日,2023-07-29,19:03,長崎,熊本,4,1,H,トラスタ
2023,J3,第２０節第１日,2023-07-29,19:03,鹿児島,富山,3,1,H,白波スタ
2023,J3,第２０節第１日,2023-07-29,19:03,八戸,FC大阪,0,0,D,プラスタ
2023,J3,第２０節第１日,2023-07-29,19:03,今治,宮崎,3,0,H,里山Ｓ
2023,J3,第２０節第２日,2023-07-30,17:03,YS横浜,岐阜,1,0,H,ニッパツ
2023,J3,第２０節第２日,2023-07-30,18:03,沼津,琉球,4,0,H,愛鷹
2023,J2,第２８節第２日,2023-07-30,19:04,金沢,大宮,1,2,A,石川西部
2023,J3,第２１節第１日,2023-08-05,17:03,宮崎,鹿児島,3,2,H,ユニスタ
2023,J3,第２１節第１日,2023-08-05,18:03,相模原,讃岐,1,0,H,ギオンス
2023,J3,第２１節第１日,2023-08-05,18:03,岐阜,愛媛,0,0,D,長良川
2023,J3,第２１節第１日,2023-08-05,18:04,富山,今治,2,2,D,富山
2023,J1,第２２節第１日,2023-08-05,19:03,湘南,広島,1,0,H,レモンＳ
2023,J2,第２９節第１日,2023-08-05,19:03,藤枝,山形,1,2,A,藤枝サ
2023,J2,第２９節第１日,2023-08-05,19:03,岡山,町田,1,3,A,Ｃスタ
2023,J3,第２１節第１日,2023-08-05,19:03,鳥取,松本,2,1,H,Ａｘｉｓ
2023,J1,第２２節第１日,2023-08-05,19:04,名古屋,新潟,1,0,H,国立
2023,J3,第２１節第２日,2023-08-06,15:03,奈良,北九州,0,1,A,ロートＦ
2023,J1,第２２節第２日,2023-08-06,18:03,鹿島,札幌,3,0,H,カシマ
2023,J2,第２９節第２日,2023-08-06,18:03,東京Ｖ,清水,0,1,A,味スタ
2023,J2,第２９節第２日,2023-08-06,18:03,甲府,金沢,0,2,A,ＪＩＴス
2023,J2,第２９節第２日,2023-08-06,18:03,長崎,いわき,0,0,D,トラスタ
2023,J3,第２１節第２日,2023-08-06,18:03,FC大阪,YS横浜,2,2,D,花園
2023,J3,第２１節第２日,2023-08-06,18:03,長野,岩手,0,3,A,長野Ｕ
2023,J3,第２１節第２日,2023-08-06,18:04,福島,沼津,2,1,H,とうスタ
2023,J1,第２２節第２日,2023-08-06,18:33,横浜FC,神戸,2,0,H,ニッパツ
2023,J1,第２２節第２日,2023-08-06,19:03,浦和,横浜FM,0,0,D,埼玉
2023,J1,第２２節第２日,2023-08-06,19:03,京都,柏,0,1,A,サンガＳ
2023,J1,第２２節第２日,2023-08-06,19:03,Ｃ大阪,FC東京,0,1,A,ヨドコウ
2023,J1,第２２節第２日,2023-08-06,19:03,川崎Ｆ,Ｇ大阪,3,4,A,等々力
2023,J2,第２９節第２日,2023-08-06,19:03,磐田,仙台,4,1,H,エコパ
2023,J2,第２９節第２日,2023-08-06,19:03,大宮,秋田,1,0,H,ＮＡＣＫ
2023,J2,第２９節第２日,2023-08-06,19:03,徳島,千葉,3,3,D,鳴門大塚
2023,J2,第２９節第２日,2023-08-06,19:03,群馬,栃木,1,0,H,正田スタ
2023,J2,第２９節第２日,2023-08-06,19:04,山口,大分,2,2,D,みらスタ
2023,J2,第２９節第２日,2023-08-06,19:04,熊本,水戸,0,0,D,えがおＳ
2023,J1,第２２節第２日,2023-08-06,19:08,鳥栖,福岡,0,1,A,駅スタ
2023,J1,第２３節第１日,2023-08-12,14:06,札幌,鳥栖,1,1,D,札幌ド
2023,J3,第２２節第１日,2023-08-12,17:03,宮崎,北九州,1,0,H,ユニスタ
2023,J3,第２２節第１日,2023-08-12,17:03,YS横浜,福島,1,1,D,ニッパツ
2023,J1,第２３節第１日,2023-08-12,18:03,新潟,湘南,2,2,D,デンカＳ
2023,J2,第３０節第１日,2023-08-12,18:03,水戸,長崎,3,3,D,Ｋｓスタ
2023,J2,第３０節第１日,2023-08-12,18:03,清水,山口,1,0,H,アイスタ
2023,J3,第２２節第１日,2023-08-12,18:03,岩手,八戸,0,1,A,いわスタ
2023,J2,第３０節第１日,2023-08-12,18:04,町田,磐田,2,1,H,Ｇスタ
2023,J3,第２２節第１日,2023-08-12,18:34,琉球,FC大阪,1,3,A,タピスタ
2023,J1,第２３節第１日,2023-08-12,19:03,FC東京,京都,2,0,H,味スタ
2023,J1,第２３節第１日,2023-08-12,19:03,福岡,横浜FC,2,0,H,ベススタ
2023,J1,第２３節第１日,2023-08-12,19:03,柏,Ｃ大阪,1,1,D,三協Ｆ柏
2023,J1,第２３節第１日,2023-08-12,19:03,川崎Ｆ,神戸,0,1,A,等々力
2023,J2,第３０節第１日,2023-08-12,19:03,山形,千葉,1,0,H,ＮＤスタ
2023,J3,第２２節第１日,2023-08-12,19:03,今治,岐阜,1,2,A,里山Ｓ
2023,J3,第２２節第１日,2023-08-12,19:03,松本,富山,0,1,A,サンアル
2023,J2,第３０節第１日,2023-08-12,19:04,大分,藤枝,1,0,H,レゾド
2023,J2,第３０節第１日,2023-08-12,19:04,金沢,熊本,1,1,D,石川西部
2023,J1,第２３節第１日,2023-08-12,19:33,横浜FM,Ｇ大阪,2,1,H,日産ス
2023,J3,第２２節第２日,2023-08-13,15:03,奈良,讃岐,0,0,D,ロートＦ
2023,J1,第２３節第２日,2023-08-13,18:03,名古屋,鹿島,1,0,H,豊田ス
2023,J2,第３０節第２日,2023-08-13,18:03,いわき,甲府,1,1,D,いわきＧ
2023,J2,第３０節第２日,2023-08-13,18:03,秋田,東京Ｖ,0,1,A,ソユスタ
2023,J3,第２２節第２日,2023-08-13,18:03,沼津,相模原,3,0,H,愛鷹
2023,J3,第２２節第２日,2023-08-13,18:03,愛媛,鳥取,3,2,H,ニンスタ
2023,J1,第２３節第２日,2023-08-13,18:04,広島,浦和,2,1,H,Ｅスタ
2023,J2,第３０節第２日,2023-08-13,19:03,大宮,岡山,1,1,D,ＮＡＣＫ
2023,J2,第３０節第２日,2023-08-13,19:03,栃木,徳島,2,2,D,カンセキ
2023,J2,第３０節第２日,2023-08-13,19:03,仙台,群馬,0,2,A,ユアスタ
2023,J3,第２２節第２日,2023-08-13,19:03,鹿児島,長野,1,2,A,白波スタ
2023,J1,第２４節第１日,2023-08-18,19:03,福岡,新潟,0,1,A,ベススタ
2023,J1,第２４節第１日,2023-08-18,19:34,浦和,名古屋,1,0,H,埼玉
2023,J1,第２４節第２日,2023-08-19,18:03,鹿島,鳥栖,2,1,H,カシマ
2023,J2,第３１節第１日,2023-08-19,18:03,水戸,秋田,1,1,D,Ｋｓスタ
2023,J2,第３１節第１日,2023-08-19,18:03,甲府,磐田,0,1,A,ＪＩＴス
2023,J2,第３１節第１日,2023-08-19,18:03,清水,町田,3,2,H,アイスタ
2023,J3,第２３節第１日,2023-08-19,18:03,岩手,愛媛,2,2,D,いわスタ
2023,J3,第２３節第１日,2023-08-19,18:03,相模原,YS横浜,2,1,H,ギオンス
2023,J2,第３１節第１日,2023-08-19,18:04,いわき,東京Ｖ,0,0,D,いわきＧ
2023,J3,第２３節第１日,2023-08-19,18:04,北九州,琉球,0,1,A,ミクスタ
2023,J1,第２４節第２日,2023-08-19,19:03,京都,札幌,3,0,H,サンガＳ
2023,J1,第２４節第２日,2023-08-19,19:03,神戸,柏,1,1,D,ノエスタ
2023,J2,第３１節第１日,2023-08-19,19:03,千葉,藤枝,3,2,H,フクアリ
2023,J2,第３１節第１日,2023-08-19,19:03,長崎,栃木,1,2,A,トラスタ
2023,J2,第３１節第１日,2023-08-19,19:03,山形,熊本,2,0,H,ＮＤスタ
2023,J2,第３１節第１日,2023-08-19,19:03,岡山,大分,1,0,H,Ｃスタ
2023,J2,第３１節第１日,2023-08-19,19:03,仙台,大宮,1,0,H,ユアスタ
2023,J3,第２３節第１日,2023-08-19,19:03,鹿児島,松本,0,2,A,白波スタ
2023,J3,第２３節第１日,2023-08-19,19:03,福島,富山,1,0,H,とうスタ
2023,J3,第２３節第１日,2023-08-19,19:03,八戸,沼津,2,3,A,プラスタ
2023,J3,第２３節第１日,2023-08-19,19:03,鳥取,宮崎,2,0,H,Ａｘｉｓ
2023,J1,第２４節第２日,2023-08-19,19:04,広島,川崎Ｆ,3,2,H,Ｅスタ
2023,J1,第２４節第２日,2023-08-19,19:04,Ｇ大阪,湘南,2,1,H,パナスタ
2023,J3,第２３節第１日,2023-08-19,19:04,讃岐,今治,1,0,H,ピカスタ
2023,J1,第２４節第２日,2023-08-19,19:33,横浜FM,FC東京,2,1,H,日産ス
2023,J3,第２３節第１日,2023-08-19,19:33,長野,岐阜,1,5,A,長野Ｕ
2023,J3,第２３節第２日,2023-08-20,18:03,FC大阪,奈良,0,1,A,花園
2023,J1,第２４節第３日,2023-08-20,18:33,横浜FC,Ｃ大阪,0,1,A,ニッパツ
2023,J2,第３１節第２日,2023-08-20,19:03,徳島,山口,2,0,H,鳴門大塚
2023,J3,第２１節第３日,2023-08-23,18:03,八戸,琉球,2,2,D,プラスタ
2023,J1,第２５節第１日,2023-08-25,19:03,湘南,浦和,0,1,A,レモンＳ
2023,J3,第２４節第１日,2023-08-26,15:03,奈良,長野,2,0,H,ロートＦ
2023,J1,第２５節第２日,2023-08-26,18:03,鹿島,新潟,2,0,H,カシマ
2023,J2,第３２節第１日,2023-08-26,18:03,東京Ｖ,岡山,2,3,A,味スタ
2023,J2,第３２節第１日,2023-08-26,18:03,栃木,水戸,2,2,D,カンセキ
2023,J3,第２４節第１日,2023-08-26,18:03,宮崎,福島,0,2,A,ユニスタ
2023,J3,第２４節第１日,2023-08-26,18:03,北九州,鹿児島,1,1,D,ミクスタ
2023,J2,第３２節第１日,2023-08-26,18:04,町田,山形,5,0,H,Ｇスタ
2023,J1,第２５節第２日,2023-08-26,18:33,横浜FC,横浜FM,4,1,H,ニッパツ
2023,J3,第２４節第１日,2023-08-26,18:33,富山,岩手,0,2,A,富山
2023,J1,第２５節第２日,2023-08-26,19:03,FC東京,神戸,2,2,D,国立
2023,J1,第２５節第２日,2023-08-26,19:03,柏,広島,0,0,D,三協Ｆ柏
2023,J1,第２５節第２日,2023-08-26,19:03,京都,福岡,2,0,H,サンガＳ
2023,J1,第２５節第２日,2023-08-26,19:03,川崎Ｆ,札幌,2,2,D,等々力
2023,J2,第３２節第１日,2023-08-26,19:03,山口,甲府,3,2,H,みらスタ
2023,J2,第３２節第１日,2023-08-26,19:03,磐田,千葉,2,3,A,ヤマハ
2023,J2,第３２節第１日,2023-08-26,19:03,金沢,徳島,0,1,A,石川西部
2023,J2,第３２節第１日,2023-08-26,19:03,大宮,長崎,0,4,A,ＮＡＣＫ
2023,J2,第３２節第１日,2023-08-26,19:03,大分,仙台,2,3,A,レゾド
2023,J3,第２４節第１日,2023-08-26,19:03,松本,今治,1,1,D,サンアル
2023,J3,第２４節第１日,2023-08-26,19:03,岐阜,鳥取,3,1,H,長良川
2023,J3,第２４節第１日,2023-08-26,19:03,琉球,相模原,0,4,A,タピスタ
2023,J3,第２４節第１日,2023-08-26,19:03,愛媛,讃岐,3,2,H,ニンスタ
2023,J1,第２５節第２日,2023-08-26,19:04,鳥栖,Ｇ大阪,1,1,D,駅スタ
2023,J1,第２５節第２日,2023-08-26,19:33,Ｃ大阪,名古屋,3,1,H,ヨドコウ
2023,J3,第２４節第２日,2023-08-27,17:03,YS横浜,八戸,2,3,A,ニッパツ
2023,J2,第３２節第２日,2023-08-27,18:03,秋田,清水,1,1,D,ソユスタ
2023,J3,第２４節第２日,2023-08-27,18:03,沼津,FC大阪,0,2,A,愛鷹
2023,J2,第３２節第２日,2023-08-27,19:03,熊本,いわき,2,4,A,えがおＳ
2023,J1,第２６節第１日,2023-09-02,13:03,札幌,Ｇ大阪,4,0,H,札幌ド
2023,J3,第２５節第１日,2023-09-02,17:03,YS横浜,琉球,1,0,H,ニッパツ
2023,J1,第２６節第１日,2023-09-02,18:03,新潟,浦和,1,1,D,デンカＳ
2023,J1,第２６節第１日,2023-09-02,18:03,名古屋,横浜FC,1,1,D,豊田ス
2023,J3,第２５節第１日,2023-09-02,18:03,宮崎,讃岐,0,1,A,ユニスタ
2023,J3,第２５節第１日,2023-09-02,18:03,長野,愛媛,1,1,D,長野Ｕ
2023,J3,第２５節第１日,2023-09-02,18:03,富山,相模原,1,2,A,富山
2023,J3,第２５節第１日,2023-09-02,18:03,岩手,福島,1,3,A,いわスタ
2023,J1,第２６節第１日,2023-09-02,19:03,Ｃ大阪,川崎Ｆ,3,0,H,ヨドコウ
2023,J1,第２６節第１日,2023-09-02,19:03,湘南,鹿島,2,2,D,レモンＳ
2023,J1,第２６節第１日,2023-09-02,19:03,柏,横浜FM,2,0,H,三協Ｆ柏
2023,J2,第３３節第１日,2023-09-02,19:03,金沢,東京Ｖ,0,3,A,石川西部
2023,J2,第３３節第１日,2023-09-02,19:03,秋田,磐田,1,1,D,ソユスタ
2023,J3,第２５節第１日,2023-09-02,19:03,鹿児島,岐阜,2,1,H,白波スタ
2023,J3,第２５節第１日,2023-09-02,19:03,今治,北九州,1,0,H,里山Ｓ
2023,J3,第２５節第１日,2023-09-02,19:03,八戸,鳥取,1,0,H,プラスタ
2023,J1,第２６節第１日,2023-09-02,19:04,鳥栖,広島,0,2,A,駅スタ
2023,J2,第３３節第２日,2023-09-03,17:03,長崎,大分,2,2,D,トラスタ
2023,J3,第２５節第２日,2023-09-03,17:03,FC大阪,松本,3,1,H,花園
2023,J2,第３３節第２日,2023-09-03,18:03,いわき,岡山,1,2,A,いわきＧ
2023,J2,第３３節第２日,2023-09-03,18:03,清水,徳島,0,0,D,アイスタ
2023,J3,第２５節第２日,2023-09-03,18:03,沼津,奈良,0,1,A,愛鷹
2023,J1,第２６節第２日,2023-09-03,19:03,FC東京,福岡,1,2,A,味スタ
2023,J1,第２６節第２日,2023-09-03,19:03,神戸,京都,2,1,H,ノエスタ
2023,J2,第３３節第２日,2023-09-03,19:03,千葉,熊本,1,0,H,フクアリ
2023,J2,第３３節第２日,2023-09-03,19:03,栃木,藤枝,2,0,H,栃木グ
2023,J2,第３３節第２日,2023-09-03,19:03,山口,水戸,1,2,A,みらスタ
2023,J2,第３３節第２日,2023-09-03,19:03,仙台,甲府,0,0,D,ユアスタ
2023,J2,第３３節第２日,2023-09-03,19:03,群馬,町田,0,0,D,正田スタ
2023,J2,第３３節第２日,2023-09-03,19:03,山形,大宮,1,1,D,ＮＤスタ
2023,J3,第２６節第１日,2023-09-09,15:03,奈良,今治,1,1,D,ロートＦ
2023,J2,第３４節第１日,2023-09-09,18:03,清水,山形,3,0,H,アイスタ
2023,J2,第３４節第１日,2023-09-09,18:03,水戸,金沢,3,0,H,Ｋｓスタ
2023,J2,第３４節第１日,2023-09-09,18:03,東京Ｖ,山口,2,0,H,味スタ
2023,J3,第２６節第１日,2023-09-09,18:03,福島,長野,0,1,A,とうスタ
2023,J3,第２６節第１日,2023-09-09,18:03,北九州,八戸,2,0,H,ミクスタ
2023,J3,第２６節第１日,2023-09-09,18:03,相模原,鹿児島,0,3,A,ギオンス
2023,J3,第２６節第１日,2023-09-09,18:03,岐阜,宮崎,0,0,D,長良川
2023,J3,第２６節第１日,2023-09-09,18:03,松本,琉球,2,1,H,サンアル
2023,J2,第３４節第１日,2023-09-09,18:04,町田,栃木,0,1,A,Ｇスタ
2023,J2,第３４節第１日,2023-09-09,18:04,甲府,大分,3,2,H,ＪＩＴス
2023,J3,第２６節第１日,2023-09-09,18:04,岩手,FC大阪,0,3,A,いわスタ
2023,J2,第３４節第１日,2023-09-09,19:03,千葉,秋田,2,1,H,フクアリ
2023,J2,第３４節第１日,2023-09-09,19:03,長崎,群馬,2,1,H,トラスタ
2023,J2,第３４節第１日,2023-09-09,19:03,磐田,大宮,3,2,H,ヤマハ
2023,J2,第３４節第１日,2023-09-09,19:03,岡山,仙台,1,0,H,Ｃスタ
2023,J3,第２６節第１日,2023-09-09,19:03,鳥取,YS横浜,2,0,H,Ａｘｉｓ
2023,J3,第２６節第１日,2023-09-09,19:03,愛媛,沼津,3,1,H,ニンスタ
2023,J2,第３４節第２日,2023-09-10,18:03,熊本,藤枝,0,2,A,えがおＳ
2023,J3,第２６節第２日,2023-09-10,18:03,讃岐,富山,1,0,H,ピカスタ
2023,J2,第３４節第２日,2023-09-10,19:03,徳島,いわき,2,0,H,鳴門大塚
2023,J1,第２７節第１日,2023-09-15,19:03,川崎Ｆ,FC東京,1,0,H,等々力
2023,J2,第３５節第１日,2023-09-15,19:03,甲府,東京Ｖ,1,1,D,ＪＩＴス
2023,J1,第２７節第１日,2023-09-15,19:33,横浜FM,鳥栖,1,1,D,ニッパツ
2023,J1,第２７節第１日,2023-09-15,19:34,浦和,京都,0,0,D,埼玉
2023,J2,第３５節第２日,2023-09-16,14:03,秋田,長崎,0,0,D,ソユスタ
2023,J3,第２７節第１日,2023-09-16,14:03,相模原,岐阜,1,1,D,ギオンス
2023,J1,第２７節第２日,2023-09-16,18:03,鹿島,Ｃ大阪,1,0,H,カシマ
2023,J2,第３５節第２日,2023-09-16,18:03,大宮,熊本,0,3,A,ＮＡＣＫ
2023,J2,第３５節第２日,2023-09-16,18:03,仙台,水戸,0,1,A,ユアスタ
2023,J2,第３５節第２日,2023-09-16,18:03,山形,岡山,2,0,H,ＮＤスタ
2023,J1,第２７節第２日,2023-09-16,19:03,札幌,湘南,0,1,A,札幌ド
2023,J1,第２７節第２日,2023-09-16,19:03,広島,神戸,2,0,H,Ｅスタ
2023,J2,第３５節第２日,2023-09-16,19:03,磐田,山口,0,0,D,ヤマハ
2023,J2,第３５節第２日,2023-09-16,19:03,大分,徳島,3,3,D,レゾド
2023,J2,第３５節第２日,2023-09-16,19:03,栃木,千葉,0,1,A,栃木グ
2023,J3,第２７節第１日,2023-09-16,19:03,今治,長野,2,0,H,里山Ｓ
2023,J3,第２７節第１日,2023-09-16,19:03,北九州,沼津,0,1,A,ミクスタ
2023,J3,第２７節第１日,2023-09-16,19:03,鹿児島,讃岐,1,1,D,白波スタ
2023,J3,第２７節第１日,2023-09-16,19:03,鳥取,福島,2,2,D,Ａｘｉｓ
2023,J3,第２７節第１日,2023-09-16,19:03,八戸,奈良,1,1,D,プラスタ
2023,J1,第２７節第２日,2023-09-16,19:05,福岡,名古屋,1,0,H,ベススタ
2023,J3,第２７節第２日,2023-09-17,14:03,富山,FC大阪,2,1,H,富山
2023,J2,第３５節第３日,2023-09-17,18:03,藤枝,町田,0,0,D,藤枝サ
2023,J2,第３５節第３日,2023-09-17,18:03,金沢,清水,0,3,A,石川西部
2023,J3,第２７節第２日,2023-09-17,18:03,宮崎,松本,0,1,A,ユニスタ
2023,J1,第２７節第３日,2023-09-17,18:33,横浜FC,柏,1,2,A,ニッパツ
2023,J3,第２７節第２日,2023-09-17,18:33,琉球,愛媛,2,3,A,タピスタ
2023,J1,第２７節第３日,2023-09-17,19:03,Ｇ大阪,新潟,1,1,D,パナスタ
2023,J2,第３５節第３日,2023-09-17,19:03,群馬,いわき,1,0,H,正田スタ
2023,J3,第２７節第３日,2023-09-18,17:03,YS横浜,岩手,4,2,H,ニッパツ
2023,J2,第３６節第１日,2023-09-23,14:03,水戸,大分,0,1,A,Ｋｓスタ
2023,J2,第３６節第１日,2023-09-23,14:03,秋田,山形,1,1,D,ソユスタ
2023,J3,第２８節第１日,2023-09-23,14:03,岩手,宮崎,1,0,H,いわスタ
2023,J1,第２８節第１日,2023-09-23,14:05,新潟,横浜FC,3,1,H,デンカＳ
2023,J1,第２８節第１日,2023-09-23,15:04,FC東京,鳥栖,3,2,H,味スタ
2023,J3,第２８節第１日,2023-09-23,15:05,奈良,琉球,0,1,A,ロートＦ
2023,J1,第２８節第１日,2023-09-23,16:05,名古屋,札幌,1,1,D,豊田ス
2023,J2,第３６節第１日,2023-09-23,17:04,長崎,町田,0,6,A,トラスタ
2023,J2,第３６節第１日,2023-09-23,18:03,千葉,仙台,3,1,H,フクアリ
2023,J3,第２８節第１日,2023-09-23,18:03,長野,富山,3,1,H,長野Ｕ
2023,J2,第３６節第１日,2023-09-23,18:04,いわき,金沢,1,0,H,いわきＧ
2023,J3,第２８節第１日,2023-09-23,18:05,愛媛,鹿児島,0,2,A,ニンスタ
2023,J1,第２８節第１日,2023-09-23,19:03,神戸,Ｃ大阪,1,0,H,ノエスタ
2023,J1,第２８節第１日,2023-09-23,19:04,柏,福岡,1,3,A,三協Ｆ柏
2023,J2,第３６節第１日,2023-09-23,19:04,山口,群馬,1,0,H,みらスタ
2023,J3,第２８節第１日,2023-09-23,19:04,今治,八戸,2,0,H,里山Ｓ
2023,J1,第２８節第１日,2023-09-23,19:05,京都,広島,1,0,H,サンガＳ
2023,J2,第３６節第２日,2023-09-24,13:03,岡山,磐田,2,1,H,Ｃスタ
2023,J2,第３６節第２日,2023-09-24,13:05,清水,甲府,0,0,D,アイスタ
2023,J3,第２８節第２日,2023-09-24,13:05,福島,相模原,1,1,D,とうスタ
2023,J3,第２８節第２日,2023-09-24,14:03,松本,岐阜,0,0,D,サンアル
2023,J3,第２８節第２日,2023-09-24,14:04,讃岐,YS横浜,0,1,A,ピカスタ
2023,J3,第２８節第２日,2023-09-24,14:04,沼津,鳥取,1,2,A,愛鷹
2023,J3,第２８節第２日,2023-09-24,14:05,FC大阪,北九州,0,0,D,花園
2023,J1,第２８節第２日,2023-09-24,15:04,鹿島,横浜FM,1,2,A,カシマ
2023,J2,第３６節第２日,2023-09-24,16:04,東京Ｖ,藤枝,2,2,D,味スタ
2023,J2,第３６節第２日,2023-09-24,16:04,徳島,大宮,0,1,A,鳴門大塚
2023,J1,第２８節第２日,2023-09-24,16:05,湘南,川崎Ｆ,0,2,A,国立
2023,J1,第２８節第２日,2023-09-24,17:04,Ｇ大阪,浦和,1,3,A,パナスタ
2023,J2,第３６節第２日,2023-09-24,19:04,熊本,栃木,3,0,H,えがおＳ
2023,J2,第３１節第３日,2023-09-27,19:03,群馬,金沢,1,1,D,正田スタ
2023,J2,第３８節第１日,2023-09-27,19:03,徳島,熊本,0,1,A,鳴門大塚
2023,J1,第２９節第１日,2023-09-29,19:03,横浜FM,神戸,0,2,A,日産ス
2023,J1,第２９節第１日,2023-09-29,19:03,川崎Ｆ,新潟,2,3,A,等々力
2023,J1,第２９節第１日,2023-09-29,19:33,浦和,横浜FC,1,1,D,埼玉
2023,J1,第２９節第２日,2023-09-30,13:01,札幌,柏,1,2,A,札幌ド
2023,J2,第３７節第１日,2023-09-30,13:01,仙台,熊本,1,0,H,ユアスタ
2023,J2,第３７節第１日,2023-09-30,13:03,藤枝,清水,2,0,H,藤枝サ
2023,J2,第３７節第１日,2023-09-30,14:03,甲府,水戸,2,1,H,ＪＩＴス
2023,J3,第２９節第１日,2023-09-30,14:03,相模原,北九州,2,1,H,ギオンス
2023,J1,第２９節第２日,2023-09-30,15:03,福岡,鹿島,0,0,D,ベススタ
2023,J1,第２９節第２日,2023-09-30,18:03,Ｃ大阪,湘南,0,2,A,ヨドコウ
2023,J2,第３７節第１日,2023-09-30,18:03,大分,大宮,0,1,A,レゾド
2023,J3,第２９節第１日,2023-09-30,18:33,琉球,長野,2,2,D,タピスタ
2023,J1,第２９節第２日,2023-09-30,19:03,広島,名古屋,3,1,H,Ｅスタ
2023,J3,第２９節第１日,2023-09-30,19:03,八戸,松本,1,2,A,プラスタ
2023,J1,第２９節第２日,2023-09-30,19:04,鳥栖,京都,3,2,H,駅スタ
2023,J3,第２９節第２日,2023-10-01,13:03,富山,愛媛,3,2,H,富山
2023,J3,第２９節第２日,2023-10-01,13:04,鳥取,今治,2,1,H,ヤジン
2023,J2,第３７節第２日,2023-10-01,14:03,岡山,千葉,0,5,A,Ｃスタ
2023,J2,第３７節第２日,2023-10-01,14:03,山形,徳島,0,1,A,ＮＤスタ
2023,J2,第３７節第２日,2023-10-01,14:03,磐田,長崎,1,0,H,ヤマハ
2023,J2,第３７節第２日,2023-10-01,14:03,栃木,秋田,1,2,A,栃木グ
2023,J2,第３７節第２日,2023-10-01,14:03,山口,金沢,3,2,H,ＳＶ下関
2023,J2,第３７節第２日,2023-10-01,14:03,町田,いわき,2,3,A,Ｇスタ
2023,J3,第２９節第２日,2023-10-01,14:03,宮崎,奈良,0,1,A,ユニスタ
2023,J3,第２９節第２日,2023-10-01,14:03,沼津,岩手,1,2,A,愛鷹
2023,J3,第２９節第２日,2023-10-01,14:03,岐阜,福島,0,1,A,長良川
2023,J3,第２９節第２日,2023-10-01,14:04,讃岐,FC大阪,1,1,D,ピカスタ
2023,J1,第２９節第３日,2023-10-01,15:03,FC東京,Ｇ大阪,3,0,H,味スタ
2023,J2,第３７節第２日,2023-10-01,17:03,群馬,東京Ｖ,0,0,D,正田スタ
2023,J3,第２９節第２日,2023-10-01,17:03,鹿児島,YS横浜,3,0,H,白波スタ
2023,J3,第３０節第１日,2023-10-05,19:03,FC大阪,鹿児島,2,3,A,花園
2023,J3,第３０節第２日,2023-10-07,13:33,琉球,讃岐,1,0,H,タピスタ
2023,J2,第３８節第２日,2023-10-07,14:03,大宮,山口,2,1,H,ＮＡＣＫ
2023,J2,第３８節第２日,2023-10-07,14:03,清水,磐田,1,0,H,アイスタ
2023,J2,第３８節第２日,2023-10-07,15:03,東京Ｖ,大分,1,0,H,味スタ
2023,J2,第３８節第２日,2023-10-07,17:03,長崎,藤枝,5,1,H,トラスタ
2023,J3,第３０節第３日,2023-10-08,13:03,鳥取,相模原,0,0,D,ヤジン
2023,J3,第３０節第３日,2023-10-08,13:03,YS横浜,奈良,1,0,H,ニッパツ
2023,J3,第３０節第３日,2023-10-08,13:03,福島,今治,0,1,A,とうスタ
2023,J2,第３８節第３日,2023-10-08,14:03,いわき,仙台,2,2,D,ハワスタ
2023,J2,第３８節第３日,2023-10-08,14:03,千葉,水戸,1,1,D,フクアリ
2023,J2,第３８節第３日,2023-10-08,14:03,山形,栃木,2,0,H,ＮＤスタ
2023,J2,第３８節第３日,2023-10-08,14:03,金沢,秋田,0,2,A,石川西部
2023,J3,第３０節第３日,2023-10-08,14:03,岐阜,沼津,2,1,H,長良川
2023,J3,第３０節第３日,2023-10-08,14:03,北九州,富山,0,1,A,ミクスタ
2023,J3,第３０節第３日,2023-10-08,14:03,松本,岩手,1,4,A,サンアル
2023,J3,第３０節第３日,2023-10-08,14:03,長野,八戸,1,1,D,長野Ｕ
2023,J2,第３８節第３日,2023-10-08,14:04,町田,甲府,3,3,D,Ｇスタ
2023,J3,第３０節第３日,2023-10-08,15:03,愛媛,宮崎,1,1,D,ニンスタ
2023,J2,第３８節第３日,2023-10-08,19:08,群馬,岡山,0,0,D,正田スタ
2023,J3,第３１節第１日,2023-10-14,13:03,奈良,福島,1,1,D,ロートＦ
2023,J3,第３１節第１日,2023-10-14,13:03,岩手,琉球,2,2,D,ウエスタ
2023,J2,第２６節第３日,2023-10-14,14:03,秋田,町田,1,2,A,ソユスタ
2023,J2,第３２節第３日,2023-10-14,17:03,藤枝,群馬,5,1,H,藤枝サ
2023,J3,第３１節第２日,2023-10-15,13:03,今治,YS横浜,0,2,A,里山Ｓ
2023,J3,第３１節第２日,2023-10-15,13:03,宮崎,相模原,2,2,D,ユニスタ
2023,J3,第３１節第２日,2023-10-15,13:03,松本,長野,1,0,H,サンアル
2023,J3,第３１節第２日,2023-10-15,13:58,愛媛,北九州,1,0,H,ニンスタ
2023,J3,第３１節第２日,2023-10-15,14:03,八戸,鹿児島,2,1,H,プラスタ
2023,J3,第３１節第２日,2023-10-15,14:03,讃岐,鳥取,1,2,A,ピカスタ
2023,J3,第３１節第２日,2023-10-15,14:03,FC大阪,岐阜,1,1,D,花園
2023,J3,第３１節第２日,2023-10-15,14:05,富山,沼津,1,2,A,富山
2023,J1,第３０節第１日,2023-10-20,19:03,川崎Ｆ,福岡,4,2,H,等々力
2023,J2,第３９節第１日,2023-10-20,19:03,甲府,長崎,1,1,D,ＪＩＴス
2023,J1,第３０節第１日,2023-10-20,19:34,浦和,柏,2,0,H,埼玉
2023,J1,第３０節第２日,2023-10-21,13:03,新潟,鳥栖,1,1,D,デンカＳ
2023,J2,第３９節第２日,2023-10-21,13:03,いわき,清水,1,7,A,ハワスタ
2023,J1,第３０節第２日,2023-10-21,14:03,横浜FC,FC東京,1,0,H,ニッパツ
2023,J1,第３０節第２日,2023-10-21,14:03,Ｇ大阪,名古屋,0,1,A,パナスタ
2023,J1,第３０節第２日,2023-10-21,14:03,横浜FM,札幌,4,1,H,日産ス
2023,J1,第３０節第２日,2023-10-21,14:03,神戸,鹿島,3,1,H,国立
2023,J3,第３２節第１日,2023-10-21,14:03,相模原,愛媛,1,2,A,ギオンス
2023,J1,第３０節第２日,2023-10-21,15:03,京都,湘南,0,1,A,サンガＳ
2023,J1,第３０節第２日,2023-10-21,16:03,広島,Ｃ大阪,0,0,D,Ｅスタ
2023,J3,第３２節第１日,2023-10-21,18:33,琉球,今治,1,3,A,タピスタ
2023,J2,第３９節第３日,2023-10-22,12:33,山口,岡山,2,2,D,みらスタ
2023,J3,第３２節第２日,2023-10-22,13:03,鳥取,富山,1,2,A,Ａｘｉｓ
2023,J3,第３２節第２日,2023-10-22,13:03,長野,FC大阪,0,2,A,長野Ｕ
2023,J3,第３２節第２日,2023-10-22,13:03,YS横浜,宮崎,1,0,H,ニッパツ
2023,J3,第３２節第２日,2023-10-22,13:04,福島,八戸,1,3,A,とうスタ
2023,J2,第３９節第３日,2023-10-22,13:05,熊本,町田,0,3,A,えがおＳ
2023,J2,第３９節第３日,2023-10-22,14:03,水戸,群馬,1,2,A,Ｋｓスタ
2023,J2,第３９節第３日,2023-10-22,14:03,徳島,磐田,0,3,A,鳴門大塚
2023,J2,第３９節第３日,2023-10-22,14:03,金沢,山形,0,1,A,石川西部
2023,J2,第３９節第３日,2023-10-22,14:03,栃木,大分,1,1,D,カンセキ
2023,J2,第３９節第３日,2023-10-22,14:03,秋田,仙台,0,1,A,ソユスタ
2023,J2,第３９節第３日,2023-10-22,14:03,藤枝,大宮,2,3,A,藤枝サ
2023,J2,第３９節第３日,2023-10-22,14:03,東京Ｖ,千葉,3,2,H,味スタ
2023,J3,第３２節第２日,2023-10-22,14:03,讃岐,北九州,1,0,H,ピカスタ
2023,J3,第３２節第２日,2023-10-22,14:03,沼津,松本,3,1,H,愛鷹
2023,J3,第３２節第２日,2023-10-22,17:03,鹿児島,岩手,3,0,H,白波スタ
2023,J3,第３２節第２日,2023-10-22,19:03,岐阜,奈良,1,3,A,長良川
2023,J1,第３１節第１日,2023-10-27,19:04,名古屋,鳥栖,1,1,D,長良川
2023,J1,第３１節第２日,2023-10-28,13:01,札幌,横浜FC,2,1,H,札幌ド
2023,J2,第４０節第１日,2023-10-28,13:03,清水,熊本,1,3,A,アイスタ
2023,J3,第３３節第１日,2023-10-28,13:03,奈良,愛媛,0,3,A,ロートＦ
2023,J1,第３１節第２日,2023-10-28,14:03,湘南,神戸,1,1,D,レモンＳ
2023,J1,第３１節第２日,2023-10-28,14:03,京都,新潟,0,1,A,サンガＳ
2023,J1,第３１節第２日,2023-10-28,14:03,Ｃ大阪,Ｇ大阪,1,0,H,ヨドコウ
2023,J1,第３１節第２日,2023-10-28,14:03,鹿島,浦和,0,0,D,カシマ
2023,J1,第３１節第２日,2023-10-28,14:03,福岡,横浜FM,0,4,A,ベススタ
2023,J2,第４０節第１日,2023-10-28,14:03,磐田,東京Ｖ,1,1,D,ヤマハ
2023,J2,第４０節第１日,2023-10-28,14:03,藤枝,水戸,1,0,H,藤枝サ
2023,J2,第４０節第１日,2023-10-28,14:03,仙台,山口,1,1,D,ユアスタ
2023,J2,第４０節第１日,2023-10-28,14:03,長崎,徳島,1,2,A,トラスタ
2023,J3,第３３節第１日,2023-10-28,14:03,相模原,松本,0,2,A,ギオンス
2023,J3,第３３節第１日,2023-10-28,14:03,FC大阪,鳥取,1,1,D,花園
2023,J1,第３１節第２日,2023-10-28,15:03,FC東京,広島,1,2,A,味スタ
2023,J2,第４０節第２日,2023-10-29,13:03,大分,秋田,2,1,H,レゾド
2023,J3,第３３節第２日,2023-10-29,13:03,今治,岩手,0,1,A,里山Ｓ
2023,J3,第３３節第２日,2023-10-29,13:03,宮崎,琉球,0,2,A,ユニスタ
2023,J3,第３３節第２日,2023-10-29,13:03,福島,鹿児島,0,1,A,とうスタ
2023,J2,第４０節第２日,2023-10-29,14:03,岡山,栃木,1,1,D,Ｃスタ
2023,J2,第４０節第２日,2023-10-29,14:03,千葉,いわき,1,0,H,フクアリ
2023,J2,第４０節第２日,2023-10-29,14:03,大宮,甲府,0,2,A,ＮＡＣＫ
2023,J2,第４０節第２日,2023-10-29,14:03,町田,金沢,1,0,H,Ｇスタ
2023,J2,第４０節第２日,2023-10-29,14:03,山形,群馬,2,1,H,ＮＤスタ
2023,J3,第３３節第２日,2023-10-29,14:03,富山,岐阜,1,1,D,富山
2023,J3,第３３節第２日,2023-10-29,14:03,八戸,讃岐,2,2,D,プラスタ
2023,J3,第３３節第２日,2023-10-29,14:03,北九州,YS横浜,0,2,A,ミクスタ
2023,J3,第３３節第２日,2023-10-29,14:04,長野,沼津,3,0,H,長野Ｕ
2023,J1,第３１節第３日,2023-10-29,15:03,柏,川崎Ｆ,1,1,D,三協Ｆ柏
2023,J2,第４１節第１日,2023-11-03,13:08,甲府,熊本,2,0,H,ＪＩＴス
2023,J3,第３４節第１日,2023-11-04,13:03,岩手,鳥取,1,1,D,ウエスタ
2023,J2,第４１節第２日,2023-11-04,13:58,金沢,大分,2,2,D,石川西部
2023,J2,第４１節第２日,2023-11-04,14:03,磐田,水戸,5,0,H,ヤマハ
2023,J2,第４１節第２日,2023-11-04,14:03,長崎,仙台,2,1,H,トラスタ
2023,J2,第４１節第２日,2023-11-04,14:03,清水,大宮,4,0,H,アイスタ
2023,J2,第４１節第２日,2023-11-04,14:03,いわき,山形,1,3,A,ハワスタ
2023,J2,第４１節第２日,2023-11-04,14:04,徳島,藤枝,0,0,D,鳴門大塚
2023,J3,第３４節第１日,2023-11-04,15:03,岐阜,八戸,3,1,H,長良川
2023,J3,第３４節第１日,2023-11-04,17:03,琉球,富山,1,3,A,タピスタ
2023,J3,第３４節第２日,2023-11-05,13:03,今治,相模原,1,3,A,里山Ｓ
2023,J3,第３４節第２日,2023-11-05,13:03,鹿児島,奈良,1,1,D,白波スタ
2023,J2,第４１節第３日,2023-11-05,13:08,山口,町田,0,2,A,みらスタ
2023,J3,第３４節第２日,2023-11-05,13:08,愛媛,YS横浜,1,0,H,ニンスタ
2023,J2,第４１節第３日,2023-11-05,14:03,岡山,秋田,0,2,A,Ｃスタ
2023,J2,第４１節第３日,2023-11-05,14:03,東京Ｖ,栃木,1,0,H,味スタ
2023,J3,第３４節第２日,2023-11-05,14:03,沼津,宮崎,0,1,A,愛鷹
2023,J3,第３４節第２日,2023-11-05,14:03,松本,北九州,1,0,H,サンアル
2023,J3,第３４節第２日,2023-11-05,14:03,讃岐,長野,2,3,A,ピカスタ
2023,J2,第４１節第３日,2023-11-05,14:04,群馬,千葉,1,2,A,正田スタ
2023,J3,第３４節第２日,2023-11-05,19:03,FC大阪,福島,1,0,H,花園
2023,J3,第３５節第１日,2023-11-11,13:03,YS横浜,沼津,0,1,A,ニッパツ
2023,J1,第３２節第１日,2023-11-11,14:03,新潟,FC東京,0,0,D,デンカＳ
2023,J1,第３２節第１日,2023-11-11,14:03,札幌,広島,0,0,D,札幌ド
2023,J1,第３２節第１日,2023-11-11,14:03,湘南,名古屋,2,1,H,レモンＳ
2023,J3,第３５節第１日,2023-11-11,14:03,北九州,岩手,6,1,H,ミクスタ
2023,J1,第３２節第１日,2023-11-11,15:03,鹿島,柏,1,1,D,カシマ
2023,J1,第３２節第１日,2023-11-11,15:03,Ｇ大阪,福岡,1,2,A,パナスタ
2023,J1,第３２節第１日,2023-11-11,15:06,鳥栖,横浜FC,1,3,A,駅スタ
2023,J3,第３５節第１日,2023-11-11,17:03,琉球,鹿児島,2,0,H,タピスタ
2023,J3,第３５節第１日,2023-11-11,18:03,愛媛,今治,1,0,H,ニンスタ
2023,J2,第４２節第１日,2023-11-12,13:03,熊本,山口,3,1,H,えがおＳ
2023,J2,第４２節第１日,2023-11-12,13:03,金沢,岡山,1,1,D,石川西部
2023,J2,第４２節第１日,2023-11-12,13:03,藤枝,いわき,2,4,A,藤枝サ
2023,J2,第４２節第１日,2023-11-12,13:03,水戸,清水,1,1,D,Ｋｓスタ
2023,J2,第４２節第１日,2023-11-12,13:03,仙台,町田,1,3,A,ユアスタ
2023,J2,第４２節第１日,2023-11-12,13:03,大宮,東京Ｖ,0,2,A,ＮＡＣＫ
2023,J2,第４２節第１日,2023-11-12,13:03,大分,群馬,2,1,H,レゾド
2023,J2,第４２節第１日,2023-11-12,13:03,千葉,長崎,1,3,A,フクアリ
2023,J3,第３５節第２日,2023-11-12,13:03,宮崎,八戸,3,4,A,ユニスタ
2023,J2,第４２節第１日,2023-11-12,13:04,山形,甲府,2,1,H,ＮＤスタ
2023,J2,第４２節第１日,2023-11-12,13:04,栃木,磐田,1,2,A,カンセキ
2023,J3,第３５節第２日,2023-11-12,13:04,福島,松本,1,1,D,とうスタ
2023,J2,第４２節第１日,2023-11-12,13:05,秋田,徳島,1,1,D,ソユスタ
2023,J3,第３５節第２日,2023-11-12,13:05,鳥取,長野,2,3,A,Ａｘｉｓ
2023,J1,第３２節第２日,2023-11-12,14:03,川崎Ｆ,京都,3,3,D,等々力
2023,J1,第３２節第２日,2023-11-12,14:03,横浜FM,Ｃ大阪,2,0,H,日産ス
2023,J3,第３５節第２日,2023-11-12,14:03,相模原,FC大阪,5,0,H,ギオンス
2023,J3,第３５節第２日,2023-11-12,14:03,富山,奈良,0,2,A,富山
2023,J3,第３５節第２日,2023-11-12,14:03,岐阜,讃岐,1,0,H,長良川
2023,J1,第３２節第２日,2023-11-12,15:03,浦和,神戸,1,2,A,埼玉
2023,J3,第３６節第１日,2023-11-18,13:03,奈良,相模原,2,1,H,ロートＦ
2023,J3,第３６節第１日,2023-11-18,14:03,松本,YS横浜,0,2,A,サンアル
2023,J3,第３６節第１日,2023-11-18,19:03,FC大阪,宮崎,1,1,D,花園
2023,J3,第３６節第２日,2023-11-19,13:03,今治,鹿児島,2,1,H,里山Ｓ
2023,J3,第３６節第２日,2023-11-19,13:03,鳥取,琉球,3,2,H,Ａｘｉｓ
2023,J3,第３６節第２日,2023-11-19,13:04,福島,愛媛,4,1,H,とうスタ
2023,J3,第３６節第２日,2023-11-19,14:03,長野,北九州,2,2,D,長野Ｕ
2023,J3,第３６節第２日,2023-11-19,14:03,岩手,岐阜,2,1,H,いわスタ
2023,J3,第３６節第２日,2023-11-19,14:03,沼津,讃岐,1,2,A,愛鷹
2023,J3,第３６節第２日,2023-11-19,14:03,八戸,富山,1,0,H,プラスタ
2023,J1,第３３節第１日,2023-11-24,19:03,川崎Ｆ,鹿島,3,0,H,等々力
2023,J1,第３３節第１日,2023-11-24,19:03,横浜FM,新潟,0,0,D,日産ス
2023,J3,第３７節第１日,2023-11-25,13:03,今治,FC大阪,3,1,H,里山Ｓ
2023,J3,第３７節第１日,2023-11-25,13:03,琉球,岐阜,0,1,A,タピスタ
2023,J1,第３３節第２日,2023-11-25,14:03,広島,Ｇ大阪,3,0,H,Ｅスタ
2023,J1,第３３節第２日,2023-11-25,14:03,神戸,名古屋,2,1,H,ノエスタ
2023,J1,第３３節第２日,2023-11-25,14:03,FC東京,札幌,1,3,A,味スタ
2023,J1,第３３節第２日,2023-11-25,14:03,Ｃ大阪,京都,0,1,A,ヨドコウ
2023,J1,第３３節第２日,2023-11-25,14:04,横浜FC,湘南,0,1,A,ニッパツ
2023,J1,第３３節第２日,2023-11-25,14:04,浦和,福岡,2,3,A,埼玉
2023,J1,第３３節第２日,2023-11-25,14:04,柏,鳥栖,2,2,D,三協Ｆ柏
2023,J3,第３７節第２日,2023-11-26,13:00,愛媛,八戸,1,2,A,ニンスタ
2023,J3,第３７節第２日,2023-11-26,13:03,YS横浜,長野,1,1,D,ニッパツ
2023,J3,第３７節第２日,2023-11-26,13:03,宮崎,富山,0,6,A,ユニスタ
2023,J3,第３７節第２日,2023-11-26,13:03,奈良,鳥取,1,2,A,ロートＦ
2023,J3,第３７節第２日,2023-11-26,13:08,鹿児島,沼津,2,0,H,白波スタ
2023,J3,第３７節第２日,2023-11-26,14:03,相模原,岩手,0,0,D,ギオンス
2023,J3,第３７節第２日,2023-11-26,14:03,北九州,福島,1,2,A,ミクスタ
2023,J3,第３７節第２日,2023-11-26,14:04,讃岐,松本,0,0,D,ピカスタ
2023,J3,第３８節第１日,2023-12-02,14:03,松本,奈良,0,1,A,サンアル
2023,J3,第３８節第１日,2023-12-02,14:03,富山,YS横浜,2,1,H,富山
2023,J3,第３８節第１日,2023-12-02,14:03,岩手,讃岐,1,0,H,いわスタ
2023,J3,第３８節第１日,2023-12-02,14:03,鳥取,鹿児島,1,1,D,Ａｘｉｓ
2023,J3,第３８節第１日,2023-12-02,14:03,長野,宮崎,2,2,D,長野Ｕ
2023,J3,第３８節第１日,2023-12-02,14:03,八戸,相模原,0,0,D,プラスタ
2023,J3,第３８節第１日,2023-12-02,14:03,沼津,今治,2,3,A,愛鷹
2023,J3,第３８節第１日,2023-12-02,14:03,岐阜,北九州,0,1,A,長良川
2023,J3,第３８節第１日,2023-12-02,14:04,FC大阪,愛媛,1,2,A,万博
2023,J3,第３８節第１日,2023-12-02,14:05,福島,琉球,0,0,D,とうスタ
2023,J1,第３４節第１日,2023-12-03,14:03,湘南,FC東京,0,1,A,レモンＳ
2023,J1,第３４節第１日,2023-12-03,14:03,京都,横浜FM,3,1,H,サンガＳ
2023,J1,第３４節第１日,2023-12-03,14:03,新潟,Ｃ大阪,1,0,H,デンカＳ
2023,J1,第３４節第１日,2023-12-03,14:03,札幌,浦和,0,2,A,札幌ド
2023,J1,第３４節第１日,2023-12-03,14:03,鹿島,横浜FC,2,1,H,カシマ
2023,J1,第３４節第１日,2023-12-03,14:03,Ｇ大阪,神戸,0,1,A,パナスタ
2023,J1,第３４節第１日,2023-12-03,14:04,福岡,広島,0,1,A,ベススタ
2023,J1,第３４節第１日,2023-12-03,14:05,鳥栖,川崎Ｆ,0,1,A,駅スタ
2023,J1,第３４節第１日,2023-12-03,14:48,名古屋,柏,1,1,D,長良川
2024,J1,第１節第１日,2024-02-23,14:06,広島,浦和,2,0,H,Ｅピース
2024,J1,第１節第１日,2024-02-23,18:03,名古屋,鹿島,0,3,A,豊田ス
2024,J1,第１節第２日,2024-02-24,13:03,磐田,神戸,0,2,A,ヤマハ
2024,J2,第１節第１日,2024-02-24,14:03,藤枝,長崎,0,0,D,藤枝サ
2024,J2,第１節第１日,2024-02-24,14:03,水戸,いわき,1,0,H,Ｋｓスタ
2024,J2,第１節第１日,2024-02-24,14:03,横浜FC,山口,1,1,D,ニッパツ
2024,J3,第１節第１日,2024-02-24,14:03,奈良,琉球,1,2,A,ロートＦ
2024,J3,第１節第１日,2024-02-24,14:03,大宮,八戸,4,1,H,ＮＡＣＫ
2024,J1,第１節第２日,2024-02-24,14:04,福岡,札幌,0,0,D,ベススタ
2024,J3,第１節第１日,2024-02-24,14:04,北九州,相模原,0,1,A,ミクスタ
2024,J1,第１節第２日,2024-02-24,14:05,鳥栖,新潟,1,2,A,駅スタ
2024,J1,第１節第２日,2024-02-24,15:03,町田,Ｇ大阪,1,1,D,Ｇスタ
2024,J1,第１節第２日,2024-02-24,15:03,Ｃ大阪,FC東京,2,2,D,ヨドコウ
2024,J3,第１節第１日,2024-02-24,15:03,岐阜,福島,4,1,H,長良川
2024,J1,第１節第２日,2024-02-24,15:04,湘南,川崎Ｆ,1,2,A,レモンＳ
2024,J2,第１節第２日,2024-02-25,12:53,愛媛,秋田,1,0,H,ニンスタ
2024,J2,第１節第２日,2024-02-25,13:03,熊本,清水,1,2,A,えがおＳ
2024,J2,第１節第２日,2024-02-25,13:04,岡山,栃木,3,0,H,Ｃスタ
2024,J2,第１節第２日,2024-02-25,13:05,千葉,山形,2,3,A,フクアリ
2024,J3,第１節第２日,2024-02-25,13:05,今治,鳥取,1,0,H,里山Ｓ
2024,J1,第１節第３日,2024-02-25,14:03,柏,京都,1,1,D,三協Ｆ柏
2024,J2,第１節第２日,2024-02-25,14:03,群馬,鹿児島,1,1,D,正田スタ
2024,J2,第１節第２日,2024-02-25,14:03,徳島,甲府,1,5,A,鳴門大塚
2024,J3,第１節第２日,2024-02-25,14:03,宮崎,松本,1,2,A,いちご
2024,J3,第１節第２日,2024-02-25,14:03,沼津,金沢,3,0,H,愛鷹
2024,J3,第１節第２日,2024-02-25,14:03,YS横浜,富山,1,1,D,ニッパツ
2024,J3,第１節第２日,2024-02-25,14:03,讃岐,岩手,1,1,D,ピカスタ
2024,J1,第１節第３日,2024-02-25,14:04,東京Ｖ,横浜FM,1,2,A,国立
2024,J2,第１節第２日,2024-02-25,14:05,大分,仙台,1,1,D,レゾド
2024,J3,第１節第２日,2024-02-25,19:03,FC大阪,長野,2,1,H,花園
2024,J1,第２節第１日,2024-03-01,19:03,横浜FM,福岡,0,1,A,日産ス
2024,J1,第２節第１日,2024-03-01,19:04,川崎Ｆ,磐田,4,5,A,Ｕ等々力
2024,J1,第２節第２日,2024-03-02,13:03,神戸,柏,0,1,A,ノエスタ
2024,J2,第２節第１日,2024-03-02,13:03,長崎,仙台,1,2,A,トラスタ
2024,J1,第２節第２日,2024-03-02,14:03,名古屋,町田,0,1,A,豊田ス
2024,J1,第２節第２日,2024-03-02,14:03,京都,湘南,1,2,A,サンガＳ
2024,J2,第２節第１日,2024-03-02,14:03,千葉,藤枝,4,0,H,フクアリ
2024,J2,第２節第１日,2024-03-02,14:03,大分,横浜FC,0,0,D,レゾド
2024,J2,第２節第１日,2024-03-02,14:03,水戸,甲府,1,2,A,Ｋｓスタ
2024,J2,第２節第１日,2024-03-02,14:03,清水,愛媛,2,0,H,アイスタ
2024,J3,第２節第１日,2024-03-02,14:03,大宮,岐阜,1,0,H,ＮＡＣＫ
2024,J3,第２節第１日,2024-03-02,14:03,相模原,八戸,1,0,H,ギオンス
2024,J3,第２節第１日,2024-03-02,14:03,宮崎,福島,1,2,A,いちご
2024,J3,第２節第１日,2024-03-02,14:03,北九州,岩手,1,1,D,ミクスタ
2024,J3,第２節第１日,2024-03-02,14:03,沼津,鳥取,4,0,H,愛鷹
2024,J3,第２節第１日,2024-03-02,14:03,讃岐,富山,0,0,D,ピカスタ
2024,J1,第２節第２日,2024-03-02,14:04,鳥栖,札幌,4,0,H,駅スタ
2024,J1,第２節第２日,2024-03-02,15:03,鹿島,Ｃ大阪,1,1,D,カシマ
2024,J1,第２節第２日,2024-03-02,15:03,Ｇ大阪,新潟,1,0,H,パナスタ
2024,J1,第２節第２日,2024-03-02,15:04,FC東京,広島,1,1,D,味スタ
2024,J2,第２節第１日,2024-03-02,15:10,鹿児島,徳島,2,1,H,白波スタ
2024,J3,第２節第１日,2024-03-02,16:03,琉球,松本,2,2,D,タピスタ
2024,J2,第２節第２日,2024-03-03,13:02,山口,秋田,2,0,H,みらスタ
2024,J2,第２節第２日,2024-03-03,13:03,いわき,岡山,1,1,D,ハワスタ
2024,J2,第２節第２日,2024-03-03,13:03,熊本,群馬,1,1,D,えがおＳ
2024,J2,第２節第２日,2024-03-03,14:03,栃木,山形,1,3,A,カンセキ
2024,J3,第２節第２日,2024-03-03,14:03,奈良,長野,1,1,D,ロートＦ
2024,J3,第２節第２日,2024-03-03,14:03,YS横浜,FC大阪,0,2,A,ニッパツ
2024,J3,第２節第２日,2024-03-03,14:04,金沢,今治,1,3,A,ゴースタ
2024,J1,第２節第３日,2024-03-03,16:04,浦和,東京Ｖ,1,1,D,埼玉
2024,J1,第３節第１日,2024-03-09,14:03,町田,鹿島,1,0,H,Ｇスタ
2024,J1,第３節第１日,2024-03-09,14:03,磐田,柏,0,1,A,ヤマハ
2024,J2,第３節第１日,2024-03-09,14:03,いわき,鹿児島,3,1,H,ハワスタ
2024,J2,第３節第１日,2024-03-09,14:03,甲府,栃木,1,2,A,ＪＩＴス
2024,J2,第３節第１日,2024-03-09,14:03,横浜FC,山形,2,0,H,ニッパツ
2024,J2,第３節第１日,2024-03-09,14:03,徳島,秋田,1,2,A,鳴門大塚
2024,J3,第３節第１日,2024-03-09,14:03,長野,相模原,1,1,D,長野Ｕ
2024,J3,第３節第１日,2024-03-09,14:03,富山,奈良,1,1,D,富山
2024,J3,第３節第１日,2024-03-09,14:03,松本,YS横浜,1,1,D,サンアル
2024,J3,第３節第１日,2024-03-09,14:03,金沢,FC大阪,2,6,A,ゴースタ
2024,J1,第３節第１日,2024-03-09,14:05,新潟,名古屋,1,0,H,デンカＳ
2024,J1,第３節第１日,2024-03-09,15:03,広島,鳥栖,4,0,H,Ｅピース
2024,J1,第３節第１日,2024-03-09,15:03,福岡,湘南,1,1,D,ベススタ
2024,J1,第３節第１日,2024-03-09,16:03,Ｃ大阪,東京Ｖ,2,1,H,ヨドコウ
2024,J1,第３節第１日,2024-03-09,16:03,FC東京,神戸,1,2,A,味スタ
2024,J1,第３節第１日,2024-03-09,16:03,川崎Ｆ,京都,0,1,A,Ｕ等々力
2024,J3,第３節第２日,2024-03-10,13:03,今治,沼津,1,0,H,里山Ｓ
2024,J3,第３節第２日,2024-03-10,13:03,鳥取,宮崎,1,1,D,Ａｘｉｓ
2024,J2,第３節第２日,2024-03-10,13:04,仙台,水戸,1,0,H,ユアスタ
2024,J1,第３節第２日,2024-03-10,13:08,札幌,浦和,0,1,A,札幌ド
2024,J2,第３節第２日,2024-03-10,14:03,藤枝,大分,0,1,A,藤枝サ
2024,J2,第３節第２日,2024-03-10,14:03,長崎,清水,4,1,H,トラスタ
2024,J2,第３節第２日,2024-03-10,14:03,岡山,山口,1,0,H,Ｃスタ
2024,J2,第３節第２日,2024-03-10,15:03,愛媛,熊本,2,3,A,ニンスタ
2024,J3,第３節第２日,2024-03-10,15:04,岐阜,讃岐,4,3,H,長良川
2024,J2,第３節第２日,2024-03-10,17:04,群馬,千葉,1,3,A,正田スタ
2024,J1,第４節第１日,2024-03-16,13:03,福岡,FC東京,1,3,A,ベススタ
2024,J3,第４節第１日,2024-03-16,13:03,FC大阪,岐阜,0,0,D,花園
2024,J1,第４節第１日,2024-03-16,14:03,札幌,町田,1,2,A,札幌ド
2024,J2,第４節第１日,2024-03-16,14:03,清水,大分,2,0,H,アイスタ
2024,J2,第４節第１日,2024-03-16,14:03,藤枝,岡山,0,1,A,藤枝サ
2024,J2,第４節第１日,2024-03-16,14:03,栃木,横浜FC,1,0,H,カンセキ
2024,J2,第４節第１日,2024-03-16,14:03,水戸,徳島,1,2,A,Ｋｓスタ
2024,J2,第４節第１日,2024-03-16,14:03,山形,甲府,0,1,A,ＮＤスタ
2024,J2,第４節第１日,2024-03-16,14:03,群馬,愛媛,0,1,A,正田スタ
2024,J2,第４節第１日,2024-03-16,14:03,秋田,仙台,0,0,D,ソユスタ
2024,J3,第４節第１日,2024-03-16,14:03,大宮,奈良,2,0,H,ＮＡＣＫ
2024,J3,第４節第１日,2024-03-16,14:03,沼津,北九州,1,0,H,愛鷹
2024,J3,第４節第１日,2024-03-16,14:03,宮崎,金沢,0,2,A,いちご
2024,J3,第４節第１日,2024-03-16,14:03,讃岐,長野,1,1,D,ピカスタ
2024,J3,第４節第１日,2024-03-16,14:03,YS横浜,今治,0,2,A,ニッパツ
2024,J1,第４節第１日,2024-03-16,14:04,神戸,広島,0,0,D,ノエスタ
2024,J1,第４節第１日,2024-03-16,15:03,柏,名古屋,0,2,A,三協Ｆ柏
2024,J1,第４節第１日,2024-03-16,15:03,Ｇ大阪,磐田,2,1,H,パナスタ
2024,J2,第４節第１日,2024-03-16,15:03,鹿児島,千葉,4,2,H,白波スタ
2024,J1,第４節第１日,2024-03-16,15:05,鳥栖,Ｃ大阪,0,2,A,駅スタ
2024,J1,第４節第１日,2024-03-16,16:03,東京Ｖ,新潟,2,2,D,味スタ
2024,J2,第４節第２日,2024-03-17,13:03,熊本,いわき,0,6,A,えがおＳ
2024,J3,第４節第２日,2024-03-17,13:03,八戸,富山,2,0,H,プラスタ
2024,J2,第４節第２日,2024-03-17,13:18,山口,長崎,0,1,A,みらスタ
2024,J1,第４節第２日,2024-03-17,14:03,京都,横浜FM,2,3,A,サンガＳ
2024,J3,第４節第２日,2024-03-17,14:03,岩手,鳥取,1,3,A,いわスタ
2024,J3,第４節第２日,2024-03-17,14:03,福島,松本,1,0,H,とうスタ
2024,J3,第４節第２日,2024-03-17,14:03,相模原,琉球,0,0,D,ギオンス
2024,J1,第４節第２日,2024-03-17,15:03,湘南,浦和,4,4,D,レモンＳ
2024,J1,第４節第２日,2024-03-17,15:03,鹿島,川崎Ｆ,2,1,H,カシマ
2024,J3,第５節第１日,2024-03-20,13:03,今治,岐阜,0,2,A,里山Ｓ
2024,J3,第５節第１日,2024-03-20,13:03,鳥取,讃岐,1,1,D,Ａｘｉｓ
2024,J2,第５節第１日,2024-03-20,14:03,横浜FC,群馬,1,0,H,ニッパツ
2024,J2,第５節第１日,2024-03-20,14:03,大分,鹿児島,3,0,H,レゾド
2024,J2,第５節第１日,2024-03-20,14:03,秋田,栃木,3,0,H,ソユスタ
2024,J2,第５節第１日,2024-03-20,14:03,千葉,清水,1,3,A,フクアリ
2024,J2,第５節第１日,2024-03-20,14:03,仙台,熊本,0,0,D,ユアスタ
2024,J2,第５節第１日,2024-03-20,14:03,甲府,いわき,1,1,D,ＪＩＴス
2024,J2,第５節第１日,2024-03-20,14:03,山形,藤枝,0,1,A,ＮＤスタ
2024,J2,第５節第１日,2024-03-20,14:03,岡山,水戸,1,0,H,Ｃスタ
2024,J3,第５節第１日,2024-03-20,14:03,松本,岩手,1,0,H,サンアル
2024,J3,第５節第１日,2024-03-20,14:03,富山,金沢,1,0,H,富山
2024,J3,第５節第１日,2024-03-20,14:03,北九州,FC大阪,0,0,D,ミクスタ
2024,J3,第５節第１日,2024-03-20,14:03,奈良,八戸,1,0,H,ロートＦ
2024,J3,第５節第１日,2024-03-20,14:03,宮崎,沼津,1,1,D,いちご
2024,J3,第５節第１日,2024-03-20,14:03,長野,福島,2,1,H,長野Ｕ
2024,J2,第５節第１日,2024-03-20,15:03,愛媛,長崎,1,2,A,ニンスタ
2024,J3,第５節第１日,2024-03-20,15:03,琉球,YS横浜,2,1,H,タピスタ
2024,J2,第５節第１日,2024-03-20,15:54,徳島,山口,1,2,A,鳴門大塚
2024,J3,第５節第１日,2024-03-20,18:03,相模原,大宮,1,1,D,ギオンス
2024,J3,第６節第１日,2024-03-23,13:04,FC大阪,松本,0,0,D,花園
2024,J3,第６節第１日,2024-03-23,14:03,大宮,宮崎,3,1,H,ＮＡＣＫ
2024,J3,第６節第２日,2024-03-24,13:03,八戸,長野,1,1,D,プラスタ
2024,J3,第６節第２日,2024-03-24,13:03,今治,北九州,0,1,A,里山Ｓ
2024,J2,第６節第１日,2024-03-24,14:03,山口,愛媛,1,1,D,みらスタ
2024,J2,第６節第１日,2024-03-24,14:03,鹿児島,横浜FC,0,4,A,白波スタ
2024,J2,第６節第１日,2024-03-24,14:03,いわき,山形,0,0,D,ハワスタ
2024,J2,第６節第１日,2024-03-24,14:03,栃木,大分,2,1,H,カンセキ
2024,J2,第６節第１日,2024-03-24,14:03,藤枝,熊本,2,1,H,藤枝サ
2024,J2,第６節第１日,2024-03-24,14:03,長崎,甲府,1,1,D,トラスタ
2024,J2,第６節第１日,2024-03-24,14:03,水戸,千葉,0,0,D,Ｋｓスタ
2024,J2,第６節第１日,2024-03-24,14:03,清水,秋田,1,0,H,アイスタ
2024,J2,第６節第１日,2024-03-24,14:03,仙台,徳島,0,0,D,ユアスタ
2024,J3,第６節第２日,2024-03-24,14:03,沼津,琉球,2,1,H,愛鷹
2024,J3,第６節第２日,2024-03-24,14:03,福島,富山,0,0,D,とうスタ
2024,J3,第６節第２日,2024-03-24,14:03,YS横浜,鳥取,1,1,D,ニッパツ
2024,J3,第６節第２日,2024-03-24,14:03,讃岐,奈良,1,1,D,ピカスタ
2024,J3,第６節第２日,2024-03-24,14:04,金沢,相模原,1,0,H,ゴースタ
2024,J3,第６節第２日,2024-03-24,15:03,岐阜,岩手,3,1,H,長良川
2024,J2,第６節第１日,2024-03-24,17:03,群馬,岡山,1,2,A,正田スタ
2024,J1,第５節第１日,2024-03-29,19:03,東京Ｖ,京都,2,2,D,味スタ
2024,J1,第５節第２日,2024-03-30,13:03,広島,Ｇ大阪,1,1,D,Ｅピース
2024,J2,第７節第１日,2024-03-30,13:03,甲府,山口,0,2,A,ＪＩＴス
2024,J3,第７節第１日,2024-03-30,13:03,FC大阪,今治,0,0,D,花園
2024,J3,第７節第１日,2024-03-30,13:03,相模原,讃岐,2,1,H,ギオンス
2024,J1,第５節第２日,2024-03-30,14:03,新潟,柏,1,1,D,デンカＳ
2024,J1,第５節第２日,2024-03-30,14:03,神戸,札幌,6,1,H,ノエスタ
2024,J2,第７節第１日,2024-03-30,14:03,横浜FC,仙台,1,2,A,ニッパツ
2024,J2,第７節第１日,2024-03-30,14:03,大分,岡山,0,0,D,レゾド
2024,J2,第７節第１日,2024-03-30,14:03,秋田,いわき,1,0,H,ソユスタ
2024,J2,第７節第１日,2024-03-30,14:03,徳島,群馬,0,1,A,鳴門大塚
2024,J2,第７節第１日,2024-03-30,14:03,水戸,鹿児島,0,0,D,Ｋｓスタ
2024,J2,第７節第１日,2024-03-30,14:03,山形,清水,2,0,H,ＮＤスタ
2024,J3,第７節第１日,2024-03-30,14:03,長野,沼津,3,1,H,長野Ｕ
2024,J1,第５節第２日,2024-03-30,15:03,町田,鳥栖,3,1,H,Ｇスタ
2024,J1,第５節第２日,2024-03-30,15:03,鹿島,磐田,1,0,H,カシマ
2024,J1,第５節第２日,2024-03-30,15:03,浦和,福岡,2,1,H,埼玉
2024,J1,第５節第２日,2024-03-30,15:03,川崎Ｆ,FC東京,3,0,H,Ｕ等々力
2024,J2,第７節第１日,2024-03-30,15:03,熊本,千葉,1,0,H,えがおＳ
2024,J1,第５節第２日,2024-03-30,16:03,Ｃ大阪,湘南,2,0,H,ヨドコウ
2024,J1,第５節第２日,2024-03-30,16:03,名古屋,横浜FM,2,1,H,豊田ス
2024,J2,第７節第１日,2024-03-30,16:03,愛媛,藤枝,3,0,H,ニンスタ
2024,J3,第７節第１日,2024-03-30,16:03,琉球,富山,3,1,H,タピスタ
2024,J2,第７節第１日,2024-03-30,18:03,栃木,長崎,1,1,D,カンセキ
2024,J3,第７節第２日,2024-03-31,13:03,鳥取,八戸,0,0,D,ヤジン
2024,J3,第７節第２日,2024-03-31,14:03,岩手,宮崎,1,0,H,いわスタ
2024,J3,第７節第２日,2024-03-31,14:03,福島,YS横浜,0,1,A,とうスタ
2024,J3,第７節第２日,2024-03-31,14:03,松本,岐阜,1,2,A,サンアル
2024,J3,第７節第２日,2024-03-31,14:03,奈良,金沢,3,3,D,ロートＦ
2024,J3,第７節第２日,2024-03-31,14:03,北九州,大宮,1,1,D,ミクスタ
2024,J1,第６節第１日,2024-04-03,19:03,町田,広島,1,2,A,Ｇスタ
2024,J1,第６節第１日,2024-04-03,19:03,Ｇ大阪,京都,0,0,D,パナスタ
2024,J1,第６節第１日,2024-04-03,19:03,柏,Ｃ大阪,1,1,D,三協Ｆ柏
2024,J1,第６節第１日,2024-04-03,19:03,湘南,東京Ｖ,1,2,A,レモンＳ
2024,J1,第６節第１日,2024-04-03,19:03,磐田,新潟,2,0,H,ヤマハ
2024,J1,第６節第１日,2024-04-03,19:03,福岡,鹿島,1,0,H,ベススタ
2024,J1,第６節第１日,2024-04-03,19:03,横浜FM,川崎Ｆ,0,0,D,日産ス
2024,J2,第８節第１日,2024-04-03,19:03,山口,熊本,1,2,A,みらスタ
2024,J2,第８節第１日,2024-04-03,19:03,鹿児島,甲府,0,1,A,白波スタ
2024,J2,第８節第１日,2024-04-03,19:03,群馬,大分,0,2,A,正田スタ
2024,J2,第８節第１日,2024-04-03,19:03,清水,徳島,1,1,D,アイスタ
2024,J2,第８節第１日,2024-04-03,19:03,千葉,栃木,8,0,H,フクアリ
2024,J2,第８節第１日,2024-04-03,19:03,秋田,水戸,1,1,D,ソユスタ
2024,J2,第８節第１日,2024-04-03,19:03,いわき,藤枝,3,0,H,ハワスタ
2024,J2,第８節第１日,2024-04-03,19:03,長崎,山形,2,0,H,トラスタ
2024,J2,第８節第１日,2024-04-03,19:03,仙台,愛媛,1,2,A,ユアスタ
2024,J1,第６節第１日,2024-04-03,19:04,鳥栖,神戸,0,0,D,駅スタ
2024,J2,第８節第１日,2024-04-03,19:04,岡山,横浜FC,1,3,A,Ｃスタ
2024,J1,第６節第１日,2024-04-03,19:33,FC東京,浦和,2,1,H,国立
2024,J1,第６節第１日,2024-04-03,19:33,札幌,名古屋,1,2,A,札幌ド
2024,J3,第８節第１日,2024-04-06,13:03,今治,長野,3,3,D,里山Ｓ
2024,J3,第８節第１日,2024-04-06,13:03,鳥取,福島,1,0,H,ヤジン
2024,J1,第７節第１日,2024-04-06,14:03,札幌,Ｇ大阪,1,0,H,札幌ド
2024,J3,第８節第１日,2024-04-06,14:03,富山,北九州,1,0,H,富山
2024,J3,第８節第１日,2024-04-06,14:03,相模原,岐阜,1,1,D,ギオンス
2024,J3,第８節第１日,2024-04-06,14:03,大宮,FC大阪,1,0,H,ＮＡＣＫ
2024,J3,第８節第１日,2024-04-06,14:03,沼津,岩手,4,1,H,愛鷹
2024,J3,第８節第１日,2024-04-06,14:03,金沢,松本,6,1,H,ゴースタ
2024,J3,第８節第１日,2024-04-06,14:04,宮崎,奈良,2,1,H,いちご
2024,J1,第７節第２日,2024-04-07,13:03,東京Ｖ,柏,1,1,D,味スタ
2024,J2,第９節第１日,2024-04-07,13:03,熊本,長崎,3,4,A,えがおＳ
2024,J1,第７節第２日,2024-04-07,14:03,京都,磐田,0,3,A,サンガＳ
2024,J1,第７節第２日,2024-04-07,14:03,新潟,Ｃ大阪,0,1,A,デンカＳ
2024,J1,第７節第２日,2024-04-07,14:03,広島,湘南,2,0,H,Ｅピース
2024,J1,第７節第２日,2024-04-07,14:03,神戸,横浜FM,1,2,A,ノエスタ
2024,J2,第９節第１日,2024-04-07,14:03,甲府,清水,0,1,A,ＪＩＴス
2024,J2,第９節第１日,2024-04-07,14:03,横浜FC,いわき,2,2,D,ニッパツ
2024,J2,第９節第１日,2024-04-07,14:03,大分,秋田,1,3,A,レゾド
2024,J2,第９節第１日,2024-04-07,14:03,栃木,山口,0,0,D,カンセキ
2024,J2,第９節第１日,2024-04-07,14:03,藤枝,仙台,1,1,D,藤枝サ
2024,J2,第９節第１日,2024-04-07,14:03,山形,鹿児島,2,0,H,ＮＤスタ
2024,J2,第９節第１日,2024-04-07,14:03,群馬,水戸,0,0,D,正田スタ
2024,J3,第８節第２日,2024-04-07,14:03,讃岐,YS横浜,0,2,A,ピカスタ
2024,J3,第８節第２日,2024-04-07,14:03,八戸,琉球,1,1,D,プラスタ
2024,J2,第９節第１日,2024-04-07,14:04,徳島,千葉,0,1,A,鳴門大塚
2024,J1,第７節第２日,2024-04-07,15:03,浦和,鳥栖,3,0,H,埼玉
2024,J1,第７節第２日,2024-04-07,15:03,名古屋,福岡,0,0,D,豊田ス
2024,J1,第７節第２日,2024-04-07,15:03,川崎Ｆ,町田,0,1,A,Ｕ等々力
2024,J2,第９節第１日,2024-04-07,15:03,愛媛,岡山,2,2,D,ニンスタ
2024,J1,第７節第２日,2024-04-07,17:04,FC東京,鹿島,2,0,H,国立
2024,J3,第９節第１日,2024-04-10,18:03,岩手,奈良,2,1,H,いわスタ
2024,J1,第３節第３日,2024-04-10,19:03,横浜FM,Ｇ大阪,2,0,H,日産ス
2024,J3,第９節第１日,2024-04-10,19:03,福島,金沢,2,2,D,とうスタ
2024,J3,第９節第１日,2024-04-10,19:03,沼津,相模原,2,1,H,愛鷹
2024,J3,第９節第１日,2024-04-10,19:03,宮崎,今治,1,2,A,いちご
2024,J3,第９節第１日,2024-04-10,19:03,長野,鳥取,0,2,A,長野Ｕ
2024,J3,第９節第１日,2024-04-10,19:03,FC大阪,八戸,2,0,H,花園
2024,J3,第９節第１日,2024-04-10,19:03,YS横浜,大宮,0,1,A,ニッパツ
2024,J3,第９節第１日,2024-04-10,19:03,岐阜,富山,1,1,D,長良川
2024,J3,第９節第１日,2024-04-10,19:03,北九州,琉球,2,0,H,ミクスタ
2024,J1,第８節第１日,2024-04-12,19:03,柏,浦和,1,0,H,三協Ｆ柏
2024,J1,第８節第２日,2024-04-13,14:03,磐田,名古屋,0,1,A,ヤマハ
2024,J1,第８節第２日,2024-04-13,14:03,横浜FM,湘南,2,2,D,日産ス
2024,J1,第８節第２日,2024-04-13,14:03,新潟,札幌,1,1,D,デンカＳ
2024,J2,第１０節第１日,2024-04-13,14:03,仙台,山形,2,0,H,ユアスタ
2024,J2,第１０節第１日,2024-04-13,14:03,長崎,徳島,6,1,H,トラスタ
2024,J2,第１０節第１日,2024-04-13,14:03,水戸,栃木,2,2,D,Ｋｓスタ
2024,J2,第１０節第１日,2024-04-13,14:03,千葉,大分,1,1,D,フクアリ
2024,J3,第１０節第１日,2024-04-13,14:03,相模原,福島,1,0,H,ギオンス
2024,J3,第１０節第１日,2024-04-13,14:03,奈良,松本,2,2,D,ロートＦ
2024,J1,第８節第２日,2024-04-13,14:05,福岡,広島,1,1,D,ベススタ
2024,J1,第８節第２日,2024-04-13,15:03,Ｃ大阪,川崎Ｆ,1,0,H,ヨドコウ
2024,J1,第８節第２日,2024-04-13,15:03,鹿島,京都,1,0,H,カシマ
2024,J1,第８節第２日,2024-04-13,15:03,町田,神戸,1,2,A,国立
2024,J1,第８節第２日,2024-04-13,16:03,東京Ｖ,FC東京,2,2,D,味スタ
2024,J2,第１０節第１日,2024-04-13,16:03,愛媛,鹿児島,2,2,D,ニンスタ
2024,J2,第１０節第１日,2024-04-13,16:03,いわき,清水,2,3,A,ハワスタ
2024,J3,第１０節第２日,2024-04-14,13:03,八戸,今治,0,1,A,プラスタ
2024,J2,第１０節第２日,2024-04-14,14:03,山口,群馬,4,0,H,みらスタ
2024,J2,第１０節第２日,2024-04-14,14:03,横浜FC,藤枝,2,0,H,ニッパツ
2024,J2,第１０節第２日,2024-04-14,14:03,熊本,甲府,3,3,D,えがおＳ
2024,J2,第１０節第２日,2024-04-14,14:03,秋田,岡山,0,0,D,ソユスタ
2024,J3,第１０節第２日,2024-04-14,14:03,岩手,FC大阪,0,1,A,いわスタ
2024,J3,第１０節第２日,2024-04-14,14:03,富山,鳥取,2,0,H,富山
2024,J3,第１０節第２日,2024-04-14,14:03,大宮,沼津,1,1,D,ＮＡＣＫ
2024,J3,第１０節第２日,2024-04-14,14:03,北九州,讃岐,1,1,D,ミクスタ
2024,J3,第１０節第２日,2024-04-14,14:03,金沢,YS横浜,3,1,H,ゴースタ
2024,J1,第８節第３日,2024-04-14,15:03,Ｇ大阪,鳥栖,2,1,H,パナスタ
2024,J3,第１０節第２日,2024-04-14,15:03,岐阜,宮崎,1,2,A,長良川
2024,J3,第１０節第２日,2024-04-14,16:03,琉球,長野,4,3,H,タピスタ
2024,J1,第９節第１日,2024-04-20,14:03,京都,新潟,0,1,A,サンガＳ
2024,J1,第９節第１日,2024-04-20,14:03,札幌,広島,1,1,D,札幌ド
2024,J2,第１１節第１日,2024-04-20,14:03,藤枝,徳島,0,1,A,藤枝サ
2024,J2,第１１節第１日,2024-04-20,14:03,清水,仙台,3,2,H,アイスタ
2024,J2,第１１節第１日,2024-04-20,14:03,山形,愛媛,2,1,H,ＮＤスタ
2024,J2,第１１節第１日,2024-04-20,14:03,甲府,群馬,4,1,H,ＪＩＴス
2024,J2,第１１節第１日,2024-04-20,14:03,岡山,熊本,2,0,H,Ｃスタ
2024,J3,第３節第３日,2024-04-20,14:03,岩手,琉球,1,1,D,いわスタ
2024,J3,第９節第２日,2024-04-20,14:03,松本,讃岐,2,1,H,サンアル
2024,J1,第９節第１日,2024-04-20,14:04,鳥栖,鹿島,4,2,H,駅スタ
2024,J1,第９節第１日,2024-04-20,15:03,福岡,磐田,2,2,D,ベススタ
2024,J1,第９節第１日,2024-04-20,15:03,湘南,神戸,0,1,A,レモンＳ
2024,J1,第９節第１日,2024-04-20,16:03,川崎Ｆ,東京Ｖ,0,0,D,Ｕ等々力
2024,J1,第９節第１日,2024-04-20,16:03,浦和,Ｇ大阪,0,1,A,埼玉
2024,J3,第３節第４日,2024-04-21,13:03,福島,大宮,1,2,A,とうスタ
2024,J3,第３節第４日,2024-04-21,13:03,八戸,北九州,0,0,D,プラスタ
2024,J2,第１１節第２日,2024-04-21,14:03,千葉,秋田,1,2,A,フクアリ
2024,J2,第１１節第２日,2024-04-21,14:03,鹿児島,栃木,2,1,H,白波スタ
2024,J2,第１１節第２日,2024-04-21,14:03,長崎,横浜FC,1,0,H,トラスタ
2024,J2,第１１節第２日,2024-04-21,14:03,大分,いわき,0,2,A,レゾド
2024,J2,第１１節第２日,2024-04-21,14:03,山口,水戸,1,2,A,みらスタ
2024,J1,第９節第２日,2024-04-21,15:03,名古屋,Ｃ大阪,2,1,H,豊田ス
2024,J1,第９節第２日,2024-04-21,15:03,FC東京,町田,1,2,A,味スタ
2024,J1,第１０節第１日,2024-04-27,13:03,札幌,湘南,3,3,D,札幌ド
2024,J3,第１１節第１日,2024-04-27,13:03,長野,北九州,3,2,H,長野Ｕ
2024,J3,第１１節第１日,2024-04-27,13:03,今治,大宮,1,4,A,里山Ｓ
2024,J1,第１０節第１日,2024-04-27,14:03,磐田,町田,2,0,H,ヤマハ
2024,J1,第１０節第１日,2024-04-27,14:03,新潟,FC東京,1,3,A,デンカＳ
2024,J1,第１０節第１日,2024-04-27,14:03,神戸,京都,0,1,A,ノエスタ
2024,J2,第１２節第１日,2024-04-27,14:03,仙台,千葉,0,2,A,ユアスタ
2024,J2,第１２節第１日,2024-04-27,14:03,水戸,藤枝,2,3,A,Ｋｓスタ
2024,J2,第１２節第１日,2024-04-27,14:03,群馬,長崎,1,2,A,正田スタ
2024,J3,第１１節第１日,2024-04-27,14:03,YS横浜,奈良,1,1,D,ニッパツ
2024,J3,第１１節第１日,2024-04-27,14:03,宮崎,相模原,1,1,D,いちご
2024,J2,第１２節第１日,2024-04-27,14:58,愛媛,甲府,2,1,H,ニンスタ
2024,J1,第１０節第１日,2024-04-27,15:03,Ｃ大阪,横浜FM,2,2,D,ヨドコウ
2024,J2,第１２節第２日,2024-04-28,13:03,熊本,大分,1,2,A,えがおＳ
2024,J2,第１２節第２日,2024-04-28,13:03,岡山,清水,0,1,A,Ｃスタ
2024,J3,第１１節第２日,2024-04-28,13:03,鳥取,琉球,2,1,H,Ａｘｉｓ
2024,J1,第１０節第２日,2024-04-28,14:03,東京Ｖ,福岡,0,0,D,味スタ
2024,J1,第１０節第２日,2024-04-28,14:03,広島,川崎Ｆ,2,2,D,Ｅピース
2024,J2,第１２節第２日,2024-04-28,14:03,栃木,いわき,0,1,A,カンセキ
2024,J2,第１２節第２日,2024-04-28,14:03,鹿児島,山口,0,1,A,白波スタ
2024,J2,第１２節第２日,2024-04-28,14:03,秋田,横浜FC,0,2,A,ソユスタ
2024,J2,第１２節第２日,2024-04-28,14:03,徳島,山形,2,1,H,鳴門大塚
2024,J3,第１１節第２日,2024-04-28,14:03,松本,富山,3,1,H,サンアル
2024,J3,第１１節第２日,2024-04-28,14:03,福島,岩手,9,0,H,とうスタ
2024,J3,第１１節第２日,2024-04-28,14:03,讃岐,八戸,1,1,D,ピカスタ
2024,J3,第１１節第２日,2024-04-28,14:04,金沢,岐阜,0,0,D,ゴースタ
2024,J1,第１０節第２日,2024-04-28,15:03,Ｇ大阪,鹿島,1,2,A,パナスタ
2024,J1,第１０節第２日,2024-04-28,15:03,柏,鳥栖,1,1,D,三協Ｆ柏
2024,J1,第１０節第２日,2024-04-28,15:03,浦和,名古屋,2,1,H,埼玉
2024,J3,第１１節第２日,2024-04-28,15:05,FC大阪,沼津,2,2,D,花園
2024,J3,第１２節第１日,2024-05-03,13:03,鳥取,大宮,0,3,A,Ａｘｉｓ
2024,J2,第１３節第１日,2024-05-03,13:13,徳島,愛媛,0,0,D,鳴門大塚
2024,J1,第１１節第１日,2024-05-03,14:03,横浜FM,磐田,1,1,D,日産ス
2024,J1,第１１節第１日,2024-05-03,14:03,新潟,広島,1,1,D,デンカＳ
2024,J2,第１３節第１日,2024-05-03,14:03,長崎,秋田,2,2,D,トラスタ
2024,J2,第１３節第１日,2024-05-03,14:03,甲府,大分,1,2,A,ＪＩＴス
2024,J2,第１３節第１日,2024-05-03,14:03,藤枝,群馬,2,1,H,藤枝サ
2024,J2,第１３節第１日,2024-05-03,14:03,清水,栃木,4,1,H,アイスタ
2024,J2,第１３節第１日,2024-05-03,14:03,仙台,山口,2,1,H,ユアスタ
2024,J2,第１３節第１日,2024-05-03,14:03,熊本,鹿児島,2,2,D,えがおＳ
2024,J2,第１３節第１日,2024-05-03,14:03,横浜FC,水戸,2,0,H,ニッパツ
2024,J2,第１３節第１日,2024-05-03,14:03,山形,岡山,2,2,D,ＮＤスタ
2024,J3,第１２節第１日,2024-05-03,14:03,琉球,讃岐,0,0,D,タピスタ
2024,J3,第１２節第１日,2024-05-03,14:03,沼津,福島,0,1,A,愛鷹
2024,J3,第１２節第１日,2024-05-03,14:03,相模原,FC大阪,0,0,D,ギオンス
2024,J3,第１２節第１日,2024-05-03,14:03,富山,宮崎,1,1,D,富山
2024,J3,第１２節第１日,2024-05-03,14:03,岩手,金沢,0,2,A,いわスタ
2024,J3,第１２節第１日,2024-05-03,14:03,松本,八戸,1,2,A,サンアル
2024,J3,第１２節第１日,2024-05-03,14:03,北九州,YS横浜,0,1,A,ミクスタ
2024,J3,第１２節第１日,2024-05-03,14:03,奈良,今治,2,1,H,ロートＦ
2024,J1,第１１節第１日,2024-05-03,15:03,町田,柏,2,0,H,Ｇスタ
2024,J1,第１１節第１日,2024-05-03,15:03,Ｃ大阪,札幌,1,1,D,ヨドコウ
2024,J1,第１１節第１日,2024-05-03,15:03,鹿島,湘南,3,1,H,カシマ
2024,J1,第１１節第１日,2024-05-03,15:03,FC東京,京都,2,1,H,味スタ
2024,J1,第１１節第１日,2024-05-03,15:04,鳥栖,東京Ｖ,0,2,A,駅スタ
2024,J1,第１１節第１日,2024-05-03,16:03,福岡,Ｇ大阪,1,0,H,ベススタ
2024,J1,第１１節第１日,2024-05-03,16:03,川崎Ｆ,浦和,3,1,H,Ｕ等々力
2024,J3,第１２節第１日,2024-05-03,16:03,長野,岐阜,2,1,H,長野Ｕ
2024,J2,第１３節第１日,2024-05-03,16:04,いわき,千葉,1,0,H,ハワスタ
2024,J1,第１１節第１日,2024-05-03,19:03,名古屋,神戸,0,2,A,豊田ス
2024,J1,第１２節第１日,2024-05-06,13:03,東京Ｖ,磐田,3,2,H,味スタ
2024,J1,第１２節第１日,2024-05-06,13:03,神戸,新潟,3,2,H,ノエスタ
2024,J3,第１３節第１日,2024-05-06,13:03,FC大阪,琉球,0,1,A,花園
2024,J3,第１３節第１日,2024-05-06,13:03,今治,富山,0,2,A,アシさと
2024,J3,第１３節第１日,2024-05-06,13:05,八戸,岩手,4,1,H,プラスタ
2024,J1,第１２節第１日,2024-05-06,13:07,Ｇ大阪,Ｃ大阪,1,0,H,パナスタ
2024,J3,第１３節第１日,2024-05-06,14:01,福島,奈良,2,1,H,とうスタ
2024,J1,第１２節第１日,2024-05-06,14:03,札幌,FC東京,1,2,A,札幌ド
2024,J1,第１２節第１日,2024-05-06,14:03,京都,町田,0,3,A,サンガＳ
2024,J1,第１２節第１日,2024-05-06,14:03,福岡,川崎Ｆ,1,1,D,ベススタ
2024,J2,第１４節第１日,2024-05-06,14:03,大分,長崎,0,0,D,レゾド
2024,J2,第１４節第１日,2024-05-06,14:03,鹿児島,仙台,0,1,A,白波スタ
2024,J2,第１４節第１日,2024-05-06,14:03,秋田,甲府,2,3,A,ソユスタ
2024,J2,第１４節第１日,2024-05-06,14:03,水戸,熊本,2,0,H,Ｋｓスタ
2024,J2,第１４節第１日,2024-05-06,14:03,岡山,徳島,1,2,A,Ｃスタ
2024,J2,第１４節第１日,2024-05-06,14:03,栃木,藤枝,0,1,A,カンセキ
2024,J2,第１４節第１日,2024-05-06,14:03,山口,山形,2,0,H,みらスタ
2024,J3,第１３節第１日,2024-05-06,14:03,YS横浜,相模原,0,0,D,ニッパツ
2024,J3,第１３節第１日,2024-05-06,14:03,宮崎,長野,0,1,A,いちご
2024,J3,第１３節第１日,2024-05-06,14:03,大宮,松本,0,2,A,ＮＡＣＫ
2024,J3,第１３節第１日,2024-05-06,14:03,讃岐,沼津,1,0,H,ピカスタ
2024,J2,第１４節第１日,2024-05-06,14:04,群馬,清水,0,3,A,正田スタ
2024,J3,第１３節第１日,2024-05-06,14:04,金沢,鳥取,3,3,D,ゴースタ
2024,J1,第１２節第１日,2024-05-06,15:03,広島,名古屋,2,3,A,Ｅピース
2024,J2,第１４節第１日,2024-05-06,15:03,愛媛,いわき,0,0,D,ニンスタ
2024,J1,第１２節第１日,2024-05-06,16:03,柏,鹿島,1,2,A,三協Ｆ柏
2024,J1,第１２節第１日,2024-05-06,16:04,湘南,鳥栖,2,1,H,レモンＳ
2024,J1,第１２節第１日,2024-05-06,17:03,浦和,横浜FM,2,1,H,埼玉
2024,J2,第１４節第１日,2024-05-06,19:03,千葉,横浜FC,1,0,H,フクアリ
2024,J3,第１３節第１日,2024-05-06,19:03,岐阜,北九州,0,1,A,長良川
2024,J1,第１３節第１日,2024-05-11,14:03,磐田,鳥栖,0,3,A,ヤマハ
2024,J1,第１３節第１日,2024-05-11,14:03,新潟,浦和,2,4,A,デンカＳ
2024,J1,第１３節第１日,2024-05-11,14:03,京都,福岡,2,3,A,サンガＳ
2024,J2,第１５節第１日,2024-05-11,14:03,仙台,群馬,2,1,H,ユアスタ
2024,J2,第１５節第１日,2024-05-11,14:03,清水,鹿児島,4,0,H,アイスタ
2024,J1,第１３節第１日,2024-05-11,15:03,湘南,町田,0,0,D,レモンＳ
2024,J1,第１３節第１日,2024-05-11,15:04,川崎Ｆ,札幌,3,0,H,Ｕ等々力
2024,J1,第１３節第１日,2024-05-11,16:03,Ｃ大阪,神戸,1,4,A,ヨドコウ
2024,J1,第１３節第１日,2024-05-11,16:03,名古屋,Ｇ大阪,0,1,A,豊田ス
2024,J1,第１３節第１日,2024-05-11,17:03,FC東京,柏,3,3,D,味スタ
2024,J2,第１５節第２日,2024-05-12,13:03,熊本,横浜FC,0,0,D,えがおＳ
2024,J2,第１５節第２日,2024-05-12,13:03,いわき,山口,1,2,A,ハワスタ
2024,J1,第１３節第２日,2024-05-12,13:10,鹿島,東京Ｖ,3,3,D,カシマ
2024,J2,第１５節第２日,2024-05-12,14:03,長崎,岡山,0,0,D,トラスタ
2024,J2,第１５節第２日,2024-05-12,14:03,徳島,栃木,1,0,H,鳴門大塚
2024,J2,第１５節第２日,2024-05-12,14:03,山形,水戸,0,1,A,ＮＤスタ
2024,J2,第１５節第２日,2024-05-12,14:03,大分,愛媛,2,2,D,レゾド
2024,J2,第１５節第２日,2024-05-12,14:03,藤枝,秋田,1,0,H,藤枝サ
2024,J2,第１５節第２日,2024-05-12,16:03,甲府,千葉,2,2,D,ＪＩＴス
2024,J1,第１４節第１日,2024-05-15,19:03,東京Ｖ,Ｇ大阪,0,0,D,味スタ
2024,J1,第１４節第１日,2024-05-15,19:03,札幌,磐田,1,0,H,札幌ド
2024,J1,第１４節第１日,2024-05-15,19:03,柏,湘南,2,1,H,三協Ｆ柏
2024,J1,第１４節第１日,2024-05-15,19:03,広島,鹿島,1,3,A,Ｅピース
2024,J1,第１４節第１日,2024-05-15,19:03,新潟,横浜FM,3,1,H,デンカＳ
2024,J1,第１４節第１日,2024-05-15,19:03,町田,Ｃ大阪,2,1,H,Ｇスタ
2024,J1,第１４節第１日,2024-05-15,19:03,鳥栖,川崎Ｆ,5,2,H,駅スタ
2024,J1,第１４節第１日,2024-05-15,19:03,神戸,福岡,1,0,H,ノエスタ
2024,J1,第１４節第１日,2024-05-15,19:03,名古屋,FC東京,3,1,H,豊田ス
2024,J1,第１４節第１日,2024-05-15,19:33,浦和,京都,3,0,H,埼玉
2024,J3,第１４節第１日,2024-05-18,13:03,今治,福島,1,2,A,アシさと
2024,J2,第１６節第１日,2024-05-18,14:03,千葉,愛媛,7,1,H,フクアリ
2024,J2,第１６節第１日,2024-05-18,14:03,水戸,大分,1,1,D,Ｋｓスタ
2024,J2,第１６節第１日,2024-05-18,14:03,群馬,いわき,0,1,A,正田スタ
2024,J2,第１６節第１日,2024-05-18,14:03,徳島,熊本,1,2,A,鳴門大塚
2024,J2,第１６節第１日,2024-05-18,14:03,横浜FC,清水,2,0,H,ニッパツ
2024,J2,第１６節第１日,2024-05-18,14:03,山形,秋田,0,2,A,ＮＤスタ
2024,J3,第１４節第１日,2024-05-18,14:03,岩手,YS横浜,0,1,A,いわスタ
2024,J3,第１４節第１日,2024-05-18,14:03,奈良,岐阜,2,1,H,ロートＦ
2024,J3,第１４節第１日,2024-05-18,14:03,讃岐,大宮,0,2,A,ピカスタ
2024,J3,第１４節第１日,2024-05-18,14:03,松本,北九州,1,1,D,サンアル
2024,J3,第１４節第１日,2024-05-18,14:03,長野,金沢,1,2,A,長野Ｕ
2024,J3,第１４節第１日,2024-05-18,14:06,富山,FC大阪,2,0,H,富山
2024,J2,第１６節第１日,2024-05-18,15:03,鹿児島,長崎,0,3,A,白波スタ
2024,J1,第１５節第１日,2024-05-18,16:03,福岡,Ｃ大阪,0,3,A,ベススタ
2024,J3,第１４節第１日,2024-05-18,17:03,琉球,宮崎,2,1,H,タピスタ
2024,J1,第１５節第１日,2024-05-18,19:04,鳥栖,名古屋,0,2,A,駅スタ
2024,J3,第１４節第２日,2024-05-19,13:03,鳥取,相模原,0,3,A,Ａｘｉｓ
2024,J1,第１５節第２日,2024-05-19,14:03,京都,広島,0,5,A,サンガＳ
2024,J1,第１５節第２日,2024-05-19,14:03,磐田,浦和,1,1,D,エコパ
2024,J1,第１５節第２日,2024-05-19,14:03,町田,東京Ｖ,5,0,H,Ｇスタ
2024,J2,第１６節第２日,2024-05-19,14:03,山口,藤枝,2,1,H,みらスタ
2024,J3,第１４節第２日,2024-05-19,14:03,沼津,八戸,0,0,D,愛鷹
2024,J2,第１６節第２日,2024-05-19,14:04,岡山,甲府,2,0,H,Ｃスタ
2024,J1,第１５節第２日,2024-05-19,15:03,Ｇ大阪,川崎Ｆ,3,1,H,パナスタ
2024,J1,第１５節第２日,2024-05-19,15:03,鹿島,神戸,1,0,H,カシマ
2024,J1,第１５節第２日,2024-05-19,15:03,FC東京,横浜FM,1,1,D,味スタ
2024,J1,第１５節第２日,2024-05-19,16:03,湘南,新潟,2,1,H,レモンＳ
2024,J1,第１５節第２日,2024-05-19,16:03,柏,札幌,2,1,H,三協Ｆ柏
2024,J2,第１６節第２日,2024-05-19,17:03,栃木,仙台,1,2,A,カンセキ
2024,J2,第１７節第１日,2024-05-25,13:58,愛媛,栃木,0,0,D,ニンスタ
2024,J1,第１６節第１日,2024-05-25,14:03,磐田,湘南,3,2,H,ヤマハ
2024,J1,第１６節第１日,2024-05-25,14:03,札幌,鹿島,0,3,A,札幌ド
2024,J2,第１７節第１日,2024-05-25,14:03,長崎,千葉,1,0,H,トラスタ
2024,J2,第１７節第１日,2024-05-25,14:03,藤枝,鹿児島,1,1,D,藤枝サ
2024,J1,第１６節第１日,2024-05-25,16:03,新潟,福岡,1,2,A,デンカＳ
2024,J1,第１６節第１日,2024-05-25,16:03,川崎Ｆ,柏,1,1,D,Ｕ等々力
2024,J2,第１７節第１日,2024-05-25,16:03,甲府,横浜FC,1,2,A,ＪＩＴス
2024,J1,第１６節第２日,2024-05-26,14:03,神戸,東京Ｖ,0,1,A,ノエスタ
2024,J2,第１７節第２日,2024-05-26,14:03,清水,水戸,2,1,H,アイスタ
2024,J2,第１７節第２日,2024-05-26,14:03,熊本,山形,0,1,A,えがおＳ
2024,J2,第１７節第２日,2024-05-26,14:03,秋田,群馬,1,1,D,ソユスタ
2024,J2,第１７節第２日,2024-05-26,14:03,仙台,岡山,1,4,A,ユアスタ
2024,J2,第１７節第２日,2024-05-26,14:03,いわき,徳島,1,1,D,ハワスタ
2024,J2,第１７節第２日,2024-05-26,14:03,大分,山口,0,0,D,レゾド
2024,J1,第１６節第２日,2024-05-26,15:03,FC東京,Ｇ大阪,0,1,A,味スタ
2024,J1,第１６節第２日,2024-05-26,15:03,Ｃ大阪,広島,1,1,D,ヨドコウ
2024,J1,第１６節第２日,2024-05-26,15:03,名古屋,京都,1,1,D,豊田ス
2024,J1,第１６節第２日,2024-05-26,16:03,浦和,町田,1,2,A,埼玉
2024,J1,第９節第３日,2024-05-29,19:03,横浜FM,柏,4,0,H,日産ス
2024,J1,第１７節第１日,2024-05-31,19:04,鳥栖,FC東京,0,1,A,駅スタ
2024,J1,第１７節第２日,2024-06-01,14:03,広島,磐田,2,0,H,Ｅピース
2024,J2,第１８節第１日,2024-06-01,14:03,大分,徳島,1,2,A,レゾド
2024,J2,第１８節第１日,2024-06-01,14:03,藤枝,甲府,2,1,H,藤枝サ
2024,J3,第１５節第１日,2024-06-01,14:03,松本,今治,1,2,A,サンアル
2024,J3,第１５節第１日,2024-06-01,14:03,大宮,長野,4,1,H,ＮＡＣＫ
2024,J1,第１７節第２日,2024-06-01,15:03,鹿島,横浜FM,3,2,H,国立
2024,J1,第１７節第２日,2024-06-01,15:03,町田,新潟,1,3,A,Ｇスタ
2024,J1,第１７節第２日,2024-06-01,15:03,湘南,Ｇ大阪,1,2,A,レモンＳ
2024,J1,第１７節第２日,2024-06-01,16:03,浦和,神戸,1,1,D,埼玉
2024,J2,第１８節第１日,2024-06-01,18:03,千葉,岡山,2,1,H,フクアリ
2024,J2,第１８節第１日,2024-06-01,18:03,横浜FC,愛媛,2,1,H,ニッパツ
2024,J1,第１７節第２日,2024-06-01,19:04,京都,Ｃ大阪,1,1,D,サンガＳ
2024,J2,第１８節第２日,2024-06-02,13:03,いわき,仙台,1,2,A,ハワスタ
2024,J1,第１７節第３日,2024-06-02,13:08,東京Ｖ,札幌,5,3,H,味スタ
2024,J2,第１８節第２日,2024-06-02,14:03,山口,清水,2,0,H,みらスタ
2024,J2,第１８節第２日,2024-06-02,14:03,鹿児島,秋田,0,0,D,白波スタ
2024,J2,第１８節第２日,2024-06-02,14:03,群馬,山形,0,0,D,正田スタ
2024,J2,第１８節第２日,2024-06-02,14:03,水戸,長崎,2,3,A,Ｋｓスタ
2024,J3,第１５節第２日,2024-06-02,14:03,八戸,金沢,2,2,D,プラスタ
2024,J3,第１５節第２日,2024-06-02,14:03,相模原,岩手,2,1,H,ギオンス
2024,J3,第１５節第２日,2024-06-02,14:03,YS横浜,宮崎,0,2,A,ニッパツ
2024,J3,第１５節第２日,2024-06-02,14:03,北九州,鳥取,1,0,H,ミクスタ
2024,J3,第１５節第２日,2024-06-02,14:03,福島,讃岐,0,1,A,とうスタ
2024,J3,第１５節第２日,2024-06-02,14:03,沼津,富山,1,0,H,愛鷹
2024,J3,第１５節第２日,2024-06-02,16:03,FC大阪,奈良,0,0,D,花園
2024,J2,第１８節第２日,2024-06-02,17:03,栃木,熊本,1,3,A,カンセキ
2024,J1,第１７節第３日,2024-06-02,17:13,川崎Ｆ,名古屋,2,1,H,Ｕ等々力
2024,J1,第１７節第３日,2024-06-02,19:03,柏,福岡,0,2,A,三協Ｆ柏
2024,J3,第１５節第２日,2024-06-02,19:03,岐阜,琉球,2,2,D,長良川
2024,J2,第１９節第１日,2024-06-08,15:03,秋田,熊本,1,1,D,ソユスタ
2024,J2,第１９節第１日,2024-06-08,18:03,愛媛,水戸,1,0,H,ニンスタ
2024,J2,第１９節第１日,2024-06-08,18:03,徳島,横浜FC,0,1,A,鳴門大塚
2024,J2,第１９節第１日,2024-06-08,18:03,甲府,仙台,1,1,D,ＪＩＴス
2024,J3,第１６節第１日,2024-06-08,18:03,長野,YS横浜,4,0,H,長野Ｕ
2024,J3,第１６節第１日,2024-06-08,18:03,琉球,今治,1,0,H,タピスタ
2024,J3,第１６節第１日,2024-06-08,18:03,奈良,相模原,2,1,H,ロートＦ
2024,J2,第１９節第１日,2024-06-08,18:04,清水,藤枝,1,0,H,アイスタ
2024,J2,第１９節第１日,2024-06-08,19:03,栃木,群馬,1,1,D,カンセキ
2024,J2,第１９節第１日,2024-06-08,19:03,山口,千葉,1,2,A,みらスタ
2024,J3,第１６節第１日,2024-06-08,19:03,岐阜,沼津,1,5,A,長良川
2024,J3,第１６節第１日,2024-06-08,19:03,鳥取,松本,0,4,A,Ａｘｉｓ
2024,J2,第１９節第２日,2024-06-09,14:03,山形,大分,0,0,D,ＮＤスタ
2024,J3,第１６節第２日,2024-06-09,14:03,福島,八戸,2,0,H,あいづ
2024,J3,第１６節第２日,2024-06-09,14:03,讃岐,FC大阪,0,1,A,ピカスタ
2024,J3,第１６節第２日,2024-06-09,14:03,金沢,大宮,0,1,A,ゴースタ
2024,J2,第１９節第２日,2024-06-09,19:03,岡山,鹿児島,1,1,D,Ｃスタ
2024,J3,第１６節第２日,2024-06-09,19:03,宮崎,北九州,1,1,D,いちご
2024,J3,第１７節第１日,2024-06-15,15:03,FC大阪,鳥取,2,1,H,紀三井寺
2024,J1,第１８節第１日,2024-06-15,16:03,横浜FM,町田,1,3,A,日産ス
2024,J2,第２０節第１日,2024-06-15,18:03,藤枝,横浜FC,1,3,A,藤枝サ
2024,J3,第１７節第１日,2024-06-15,18:03,YS横浜,岐阜,1,2,A,ニッパツ
2024,J1,第１８節第１日,2024-06-15,18:33,広島,東京Ｖ,4,1,H,Ｅピース
2024,J1,第１８節第１日,2024-06-15,19:03,Ｃ大阪,浦和,2,1,H,ヨドコウ
2024,J1,第１８節第１日,2024-06-15,19:03,京都,札幌,2,0,H,サンガＳ
2024,J2,第２０節第１日,2024-06-15,19:03,鹿児島,山形,2,1,H,白波スタ
2024,J3,第１７節第２日,2024-06-16,13:03,八戸,宮崎,0,0,D,プラスタ
2024,J3,第１７節第２日,2024-06-16,13:03,松本,沼津,4,0,H,サンアル
2024,J3,第１７節第２日,2024-06-16,14:03,讃岐,金沢,0,1,A,ピカスタ
2024,J3,第１７節第２日,2024-06-16,14:03,北九州,奈良,2,1,H,ミクスタ
2024,J1,第１８節第２日,2024-06-16,14:04,神戸,川崎Ｆ,1,0,H,国立
2024,J3,第１７節第２日,2024-06-16,14:08,富山,大宮,1,1,D,富山
2024,J1,第１８節第２日,2024-06-16,15:33,福岡,鳥栖,2,0,H,ベススタ
2024,J2,第２０節第２日,2024-06-16,16:03,いわき,甲府,1,1,D,ハワスタ
2024,J2,第２０節第２日,2024-06-16,17:03,水戸,秋田,1,0,H,Ｋｓスタ
2024,J1,第１８節第２日,2024-06-16,18:03,Ｇ大阪,柏,2,1,H,パナスタ
2024,J1,第１８節第２日,2024-06-16,18:03,FC東京,磐田,1,1,D,味スタ
2024,J1,第１８節第２日,2024-06-16,18:03,鹿島,新潟,1,1,D,カシマ
2024,J2,第２０節第２日,2024-06-16,18:03,大分,栃木,0,2,A,レゾド
2024,J2,第２０節第２日,2024-06-16,18:03,仙台,長崎,2,2,D,ユアスタ
2024,J2,第２０節第２日,2024-06-16,18:03,愛媛,清水,3,0,H,ニンスタ
2024,J2,第２０節第２日,2024-06-16,18:03,熊本,岡山,0,1,A,えがおＳ
2024,J3,第１７節第２日,2024-06-16,18:03,岩手,長野,3,2,H,いわスタ
2024,J3,第１７節第２日,2024-06-16,18:03,今治,相模原,2,1,H,アシさと
2024,J2,第２０節第２日,2024-06-16,18:33,群馬,山口,0,1,A,正田スタ
2024,J1,第１８節第２日,2024-06-16,18:48,名古屋,湘南,1,1,D,豊田ス
2024,J2,第２０節第２日,2024-06-16,19:03,千葉,徳島,1,0,H,フクアリ
2024,J3,第１７節第２日,2024-06-16,19:03,琉球,福島,1,2,A,タピスタ
2024,J1,第１３節第３日,2024-06-19,19:03,横浜FM,広島,3,2,H,ニッパツ
2024,J1,第１９節第１日,2024-06-22,15:03,町田,福岡,0,0,D,Ｇスタ
2024,J2,第２１節第１日,2024-06-22,17:05,山形,仙台,1,1,D,ＮＤスタ
2024,J1,第１９節第１日,2024-06-22,18:03,新潟,川崎Ｆ,2,2,D,デンカＳ
2024,J1,第１９節第１日,2024-06-22,18:03,東京Ｖ,名古屋,1,0,H,味スタ
2024,J2,第２１節第１日,2024-06-22,18:03,横浜FC,熊本,5,0,H,ニッパツ
2024,J2,第２１節第１日,2024-06-22,18:03,甲府,愛媛,1,2,A,ＪＩＴス
2024,J3,第１８節第１日,2024-06-22,18:03,岩手,今治,0,0,D,いわスタ
2024,J3,第１８節第１日,2024-06-22,18:03,長野,富山,2,3,A,長野Ｕ
2024,J3,第１８節第１日,2024-06-22,18:03,相模原,松本,3,2,H,ギオンス
2024,J1,第１９節第１日,2024-06-22,18:33,Ｇ大阪,神戸,2,1,H,パナスタ
2024,J1,第１９節第１日,2024-06-22,18:33,磐田,Ｃ大阪,1,1,D,ヤマハ
2024,J1,第１９節第１日,2024-06-22,19:03,柏,広島,0,1,A,三協Ｆ柏
2024,J1,第１９節第１日,2024-06-22,19:03,浦和,鹿島,2,2,D,埼玉
2024,J1,第１９節第１日,2024-06-22,19:03,湘南,FC東京,0,1,A,レモンＳ
2024,J2,第２１節第１日,2024-06-22,19:03,長崎,藤枝,2,0,H,トラスタ
2024,J2,第２１節第１日,2024-06-22,19:03,鹿児島,大分,3,0,H,白波スタ
2024,J2,第２１節第１日,2024-06-22,19:03,栃木,千葉,2,1,H,カンセキ
2024,J2,第２１節第１日,2024-06-22,19:03,山口,いわき,0,3,A,みらスタ
2024,J2,第２１節第１日,2024-06-22,19:03,岡山,群馬,1,0,H,Ｃスタ
2024,J3,第１８節第１日,2024-06-22,19:03,大宮,琉球,3,2,H,ＮＡＣＫ
2024,J3,第１８節第１日,2024-06-22,19:03,鳥取,岐阜,2,4,A,Ａｘｉｓ
2024,J1,第１９節第１日,2024-06-22,19:04,鳥栖,京都,3,0,H,駅スタ
2024,J3,第１８節第１日,2024-06-22,19:04,宮崎,讃岐,3,3,D,いちご
2024,J1,第１９節第２日,2024-06-23,14:03,札幌,横浜FM,0,1,A,札幌ド
2024,J2,第２１節第２日,2024-06-23,14:03,秋田,清水,3,1,H,ソユスタ
2024,J3,第１８節第２日,2024-06-23,14:03,八戸,YS横浜,1,0,H,プラスタ
2024,J3,第１８節第２日,2024-06-23,14:03,福島,FC大阪,2,0,H,とうスタ
2024,J3,第１８節第２日,2024-06-23,14:04,金沢,北九州,1,1,D,ゴースタ
2024,J3,第１８節第２日,2024-06-23,18:03,沼津,奈良,3,0,H,愛鷹
2024,J2,第２１節第２日,2024-06-23,19:03,徳島,水戸,1,0,H,鳴門大塚
2024,J1,第２０節第１日,2024-06-26,19:03,名古屋,浦和,0,1,A,豊田ス
2024,J1,第２０節第１日,2024-06-26,19:03,磐田,東京Ｖ,3,0,H,ヤマハ
2024,J1,第２０節第１日,2024-06-26,19:03,Ｃ大阪,鳥栖,1,0,H,ヨドコウ
2024,J1,第２０節第１日,2024-06-26,19:03,神戸,町田,0,0,D,ノエスタ
2024,J1,第２０節第１日,2024-06-26,19:03,鹿島,Ｇ大阪,0,0,D,カシマ
2024,J1,第２０節第１日,2024-06-26,19:03,川崎Ｆ,湘南,1,1,D,Ｕ等々力
2024,J1,第２０節第１日,2024-06-26,19:03,京都,柏,2,2,D,サンガＳ
2024,J1,第２０節第１日,2024-06-26,19:03,福岡,横浜FM,2,1,H,ベススタ
2024,J1,第２０節第１日,2024-06-26,19:03,広島,新潟,1,1,D,Ｅピース
2024,J1,第２０節第１日,2024-06-26,19:03,FC東京,札幌,1,0,H,味スタ
2024,J2,第１９節第３日,2024-06-26,19:03,長崎,いわき,3,1,H,トラスタ
2024,J3,第１６節第３日,2024-06-26,19:33,富山,岩手,3,0,H,富山
2024,J1,第２１節第１日,2024-06-29,14:03,札幌,新潟,0,1,A,札幌ド
2024,J3,第１９節第１日,2024-06-29,16:03,松本,長野,1,1,D,サンアル
2024,J3,第１９節第１日,2024-06-29,17:03,FC大阪,宮崎,4,1,H,花園
2024,J2,第２２節第１日,2024-06-29,18:03,熊本,愛媛,4,0,H,えがおＳ
2024,J2,第２２節第１日,2024-06-29,18:03,水戸,山口,1,1,D,Ｋｓスタ
2024,J2,第２２節第１日,2024-06-29,18:03,いわき,横浜FC,0,4,A,ハワスタ
2024,J3,第１９節第１日,2024-06-29,18:03,奈良,鳥取,2,2,D,ロートＦ
2024,J3,第１９節第１日,2024-06-29,18:03,富山,相模原,0,0,D,富山
2024,J3,第１９節第１日,2024-06-29,18:03,YS横浜,沼津,1,0,H,ニッパツ
2024,J3,第１９節第１日,2024-06-29,18:03,北九州,福島,2,1,H,ミクスタ
2024,J1,第２１節第１日,2024-06-29,19:03,川崎Ｆ,広島,1,1,D,Ｕ等々力
2024,J1,第２１節第１日,2024-06-29,19:03,横浜FM,東京Ｖ,1,2,A,日産ス
2024,J2,第２２節第１日,2024-06-29,19:03,仙台,栃木,3,2,H,ユアスタ
2024,J2,第２２節第１日,2024-06-29,19:03,群馬,藤枝,1,2,A,正田スタ
2024,J2,第２２節第１日,2024-06-29,19:03,徳島,長崎,2,2,D,鳴門大塚
2024,J2,第２２節第１日,2024-06-29,19:03,大分,甲府,0,0,D,レゾド
2024,J3,第１９節第１日,2024-06-29,19:03,岐阜,八戸,1,2,A,長良川
2024,J3,第１９節第１日,2024-06-29,19:04,大宮,岩手,2,0,H,ＮＡＣＫ
2024,J2,第２２節第２日,2024-06-30,13:04,秋田,山形,0,3,A,ソユスタ
2024,J1,第２１節第２日,2024-06-30,18:03,Ｇ大阪,町田,1,3,A,パナスタ
2024,J1,第２１節第２日,2024-06-30,18:03,Ｃ大阪,名古屋,2,1,H,ヨドコウ
2024,J2,第２２節第２日,2024-06-30,18:03,清水,岡山,3,1,H,アイスタ
2024,J3,第１９節第２日,2024-06-30,18:03,琉球,金沢,1,2,A,タピスタ
2024,J3,第１９節第２日,2024-06-30,18:03,今治,讃岐,2,1,H,アシさと
2024,J1,第２１節第２日,2024-06-30,18:33,浦和,磐田,3,0,H,埼玉
2024,J1,第２１節第２日,2024-06-30,18:34,FC東京,福岡,0,1,A,味スタ
2024,J1,第２１節第２日,2024-06-30,19:03,神戸,鹿島,3,1,H,ノエスタ
2024,J1,第２１節第２日,2024-06-30,19:03,湘南,京都,0,1,A,レモンＳ
2024,J2,第２２節第２日,2024-06-30,19:03,千葉,鹿児島,2,1,H,フクアリ
2024,J1,第２１節第２日,2024-06-30,19:04,鳥栖,柏,1,4,A,駅スタ
2024,J1,第１６節第３日,2024-07-03,19:03,横浜FM,鳥栖,0,1,A,ニッパツ
2024,J1,第２２節第１日,2024-07-05,19:03,広島,神戸,1,3,A,Ｅピース
2024,J1,第２２節第２日,2024-07-06,18:03,鹿島,札幌,2,0,H,カシマ
2024,J1,第２２節第２日,2024-07-06,18:03,町田,名古屋,1,0,H,Ｇスタ
2024,J2,第２３節第１日,2024-07-06,18:03,いわき,大分,0,1,A,ハワスタ
2024,J2,第２３節第１日,2024-07-06,18:03,横浜FC,秋田,1,0,H,ニッパツ
2024,J3,第２０節第１日,2024-07-06,18:03,岩手,相模原,0,1,A,いわスタ
2024,J3,第２０節第１日,2024-07-06,18:03,FC大阪,富山,0,0,D,花園
2024,J3,第２０節第１日,2024-07-06,18:03,八戸,松本,1,0,H,プラスタ
2024,J3,第２０節第１日,2024-07-06,18:03,金沢,長野,3,0,H,ゴースタ
2024,J2,第２３節第１日,2024-07-06,18:04,藤枝,水戸,3,1,H,藤枝サ
2024,J2,第２３節第１日,2024-07-06,18:04,甲府,徳島,1,3,A,ＪＩＴス
2024,J3,第２０節第１日,2024-07-06,18:05,沼津,大宮,3,1,H,愛鷹
2024,J1,第２２節第２日,2024-07-06,18:33,磐田,川崎Ｆ,2,2,D,ヤマハ
2024,J1,第２２節第２日,2024-07-06,18:33,新潟,鳥栖,3,4,A,デンカＳ
2024,J2,第２３節第１日,2024-07-06,18:33,清水,千葉,2,0,H,アイスタ
2024,J1,第２２節第２日,2024-07-06,18:43,東京Ｖ,Ｃ大阪,1,1,D,味スタ
2024,J1,第２２節第２日,2024-07-06,19:03,Ｇ大阪,横浜FM,4,0,H,パナスタ
2024,J1,第２２節第２日,2024-07-06,19:03,浦和,湘南,2,3,A,浦和駒場
2024,J2,第２３節第１日,2024-07-06,19:03,岡山,仙台,2,0,H,Ｃスタ
2024,J2,第２３節第１日,2024-07-06,19:03,山形,栃木,1,0,H,ＮＤスタ
2024,J2,第２３節第１日,2024-07-06,19:03,山口,鹿児島,1,0,H,みらスタ
2024,J2,第２３節第１日,2024-07-06,19:03,長崎,熊本,2,0,H,トラスタ
2024,J3,第２０節第１日,2024-07-06,19:03,鳥取,北九州,1,2,A,Ａｘｉｓ
2024,J3,第２０節第１日,2024-07-06,19:03,宮崎,岐阜,0,1,A,いちご
2024,J1,第２２節第２日,2024-07-06,19:33,柏,FC東京,3,2,H,三協Ｆ柏
2024,J3,第２０節第２日,2024-07-07,15:03,福島,今治,2,3,A,とうスタ
2024,J3,第２０節第２日,2024-07-07,18:03,讃岐,琉球,0,1,A,ピカスタ
2024,J3,第２０節第２日,2024-07-07,18:03,奈良,YS横浜,2,2,D,ロートＦ
2024,J2,第２３節第２日,2024-07-07,19:03,愛媛,群馬,0,4,A,ニンスタ
2024,J1,第２２節第３日,2024-07-07,19:04,福岡,京都,1,2,A,ベススタ
2024,J1,第２３節第１日,2024-07-13,14:03,札幌,神戸,1,1,D,札幌ド
2024,J3,第２１節第１日,2024-07-13,18:03,富山,琉球,3,0,H,富山
2024,J3,第２１節第１日,2024-07-13,18:03,八戸,鳥取,1,0,H,プラスタ
2024,J3,第２１節第１日,2024-07-13,18:03,長野,岩手,0,0,D,長野Ｕ
2024,J3,第２１節第１日,2024-07-13,18:03,YS横浜,福島,2,1,H,ニッパツ
2024,J3,第２１節第１日,2024-07-13,18:03,相模原,沼津,1,0,H,ギオンス
2024,J1,第２３節第１日,2024-07-13,19:03,FC東京,新潟,2,0,H,国立
2024,J2,第２４節第１日,2024-07-13,19:03,藤枝,愛媛,0,1,A,藤枝サ
2024,J2,第２４節第１日,2024-07-13,19:03,鹿児島,群馬,1,1,D,白波スタ
2024,J3,第２１節第１日,2024-07-13,19:03,岐阜,奈良,1,1,D,長良川
2024,J3,第２１節第１日,2024-07-13,19:03,大宮,讃岐,1,0,H,ＮＡＣＫ
2024,J1,第２３節第２日,2024-07-14,18:03,東京Ｖ,町田,0,1,A,味スタ
2024,J1,第２３節第２日,2024-07-14,18:03,名古屋,柏,2,1,H,豊田ス
2024,J2,第２４節第２日,2024-07-14,18:03,水戸,横浜FC,2,2,D,Ｋｓスタ
2024,J2,第２４節第２日,2024-07-14,18:03,秋田,山口,1,0,H,ソユスタ
2024,J2,第２４節第２日,2024-07-14,18:03,甲府,長崎,2,2,D,ＪＩＴス
2024,J3,第２１節第２日,2024-07-14,18:03,北九州,宮崎,1,0,H,ミクスタ
2024,J3,第２１節第２日,2024-07-14,18:03,松本,FC大阪,2,0,H,サンアル
2024,J1,第２３節第２日,2024-07-14,18:33,広島,福岡,1,0,H,Ｅピース
2024,J1,第２３節第２日,2024-07-14,18:33,京都,浦和,0,0,D,サンガＳ
2024,J1,第２３節第２日,2024-07-14,19:03,湘南,磐田,5,0,H,レモンＳ
2024,J1,第２３節第２日,2024-07-14,19:03,鳥栖,Ｇ大阪,0,2,A,駅スタ
2024,J2,第２４節第２日,2024-07-14,19:03,栃木,岡山,1,1,D,カンセキ
2024,J2,第２４節第２日,2024-07-14,19:03,千葉,熊本,0,2,A,フクアリ
2024,J2,第２４節第２日,2024-07-14,19:03,大分,清水,0,2,A,レゾド
2024,J2,第２４節第２日,2024-07-14,19:03,徳島,仙台,2,0,H,鳴門大塚
2024,J2,第２４節第２日,2024-07-14,19:03,山形,いわき,1,2,A,ＮＤスタ
2024,J3,第２１節第２日,2024-07-14,19:03,今治,金沢,3,0,H,アシさと
2024,J1,第２３節第２日,2024-07-14,19:04,川崎Ｆ,Ｃ大阪,1,1,D,Ｕ等々力
2024,J1,第２３節第２日,2024-07-14,19:33,横浜FM,鹿島,4,1,H,日産ス
2024,J1,第２４節第１日,2024-07-20,18:03,町田,横浜FM,1,2,A,国立
2024,J3,第２２節第１日,2024-07-20,18:03,北九州,松本,0,0,D,ミクスタ
2024,J3,第２２節第１日,2024-07-20,18:03,長野,今治,0,2,A,長野Ｕ
2024,J3,第２２節第１日,2024-07-20,18:03,FC大阪,大宮,0,0,D,花園
2024,J3,第２２節第１日,2024-07-20,18:03,沼津,岐阜,2,1,H,愛鷹
2024,J1,第２４節第１日,2024-07-20,18:04,鹿島,FC東京,2,1,H,カシマ
2024,J3,第２２節第１日,2024-07-20,18:04,福島,宮崎,3,0,H,とうスタ
2024,J3,第２２節第１日,2024-07-20,18:04,金沢,八戸,1,0,H,ゴースタ
2024,J1,第２４節第１日,2024-07-20,19:03,Ｇ大阪,湘南,0,1,A,パナスタ
2024,J1,第２４節第１日,2024-07-20,19:03,磐田,京都,1,2,A,ヤマハ
2024,J1,第２４節第１日,2024-07-20,19:03,神戸,名古屋,3,3,D,ノエスタ
2024,J1,第２４節第１日,2024-07-20,19:03,柏,川崎Ｆ,2,3,A,三協Ｆ柏
2024,J1,第２４節第１日,2024-07-20,19:03,浦和,札幌,3,4,A,埼玉
2024,J1,第２４節第１日,2024-07-20,19:03,福岡,東京Ｖ,0,1,A,ベススタ
2024,J1,第２４節第１日,2024-07-20,19:03,Ｃ大阪,新潟,1,2,A,ヨドコウ
2024,J3,第２２節第１日,2024-07-20,19:03,鳥取,YS横浜,1,1,D,Ａｘｉｓ
2024,J3,第２２節第２日,2024-07-21,18:03,岩手,富山,0,1,A,いわスタ
2024,J3,第２２節第２日,2024-07-21,18:03,琉球,奈良,1,4,A,タピスタ
2024,J3,第２２節第２日,2024-07-21,18:04,讃岐,相模原,0,0,D,ピカスタ
2024,J1,第２４節第２日,2024-07-21,19:03,鳥栖,広島,1,4,A,駅スタ
2024,J3,第２３節第１日,2024-07-27,18:03,富山,長野,2,0,H,富山
2024,J3,第２３節第１日,2024-07-27,18:03,YS横浜,八戸,1,1,D,ニッパツ
2024,J3,第２３節第１日,2024-07-27,18:03,FC大阪,讃岐,1,3,A,花園
2024,J3,第２３節第１日,2024-07-27,18:03,奈良,沼津,2,3,A,ロートＦ
2024,J3,第２３節第１日,2024-07-27,18:04,相模原,金沢,0,1,A,ギオンス
2024,J3,第２３節第１日,2024-07-27,19:03,今治,岩手,2,1,H,アシさと
2024,J3,第２３節第１日,2024-07-27,19:03,松本,福島,1,1,D,サンアル
2024,J3,第２３節第１日,2024-07-27,19:03,宮崎,大宮,0,2,A,いちご
2024,J3,第２３節第１日,2024-07-27,19:03,琉球,北九州,0,1,A,タピスタ
2024,J3,第２３節第２日,2024-07-28,19:03,岐阜,鳥取,0,1,A,長良川
2024,J2,第２５節第１日,2024-08-03,18:04,横浜FC,千葉,2,1,H,ニッパツ
2024,J2,第２５節第１日,2024-08-03,19:03,熊本,栃木,0,2,A,えがおＳ
2024,J2,第２５節第１日,2024-08-03,19:03,山口,大分,2,0,H,みらスタ
2024,J2,第２５節第１日,2024-08-03,19:03,長崎,水戸,1,2,A,トラスタ
2024,J2,第２５節第１日,2024-08-03,19:03,鹿児島,藤枝,2,3,A,白波スタ
2024,J2,第２５節第１日,2024-08-03,19:03,群馬,甲府,0,1,A,正田スタ
2024,J2,第２５節第１日,2024-08-03,19:03,岡山,山形,1,1,D,Ｃスタ
2024,J2,第２５節第１日,2024-08-03,19:03,仙台,清水,2,1,H,ユアスタ
2024,J2,第２５節第１日,2024-08-03,19:03,愛媛,徳島,0,1,A,ニンスタ
2024,J2,第２５節第２日,2024-08-04,18:04,いわき,秋田,2,0,H,ハワスタ
2024,J1,第２５節第１日,2024-08-07,19:03,Ｃ大阪,町田,0,0,D,ヨドコウ
2024,J1,第２５節第１日,2024-08-07,19:03,東京Ｖ,広島,0,1,A,味スタ
2024,J1,第２５節第１日,2024-08-07,19:03,湘南,福岡,1,1,D,レモンＳ
2024,J1,第２５節第１日,2024-08-07,19:03,Ｇ大阪,FC東京,0,0,D,パナスタ
2024,J1,第２５節第１日,2024-08-07,19:03,新潟,磐田,2,2,D,デンカＳ
2024,J1,第２５節第１日,2024-08-07,19:03,京都,名古屋,3,2,H,サンガＳ
2024,J1,第２５節第１日,2024-08-07,19:03,川崎Ｆ,神戸,3,0,H,Ｕ等々力
2024,J1,第２５節第１日,2024-08-07,19:03,鹿島,鳥栖,3,0,H,カシマ
2024,J1,第２５節第１日,2024-08-07,19:33,横浜FM,札幌,3,2,H,日産ス
2024,J1,第２６節第１日,2024-08-10,14:01,札幌,福岡,2,2,D,プレド
2024,J2,第２６節第１日,2024-08-10,18:03,水戸,仙台,0,1,A,Ｋｓスタ
2024,J2,第２６節第１日,2024-08-10,18:03,甲府,藤枝,3,0,H,ＪＩＴス
2024,J2,第２６節第１日,2024-08-10,18:03,いわき,愛媛,2,1,H,ハワスタ
2024,J2,第２６節第１日,2024-08-10,18:03,横浜FC,長崎,0,0,D,ニッパツ
2024,J2,第２６節第１日,2024-08-10,18:33,清水,群馬,4,0,H,アイスタ
2024,J2,第２６節第１日,2024-08-10,19:03,岡山,千葉,0,0,D,Ｃスタ
2024,J2,第２６節第１日,2024-08-10,19:05,山口,栃木,4,3,H,みらスタ
2024,J1,第２６節第２日,2024-08-11,18:03,町田,湘南,0,1,A,Ｇスタ
2024,J2,第２６節第２日,2024-08-11,18:03,秋田,鹿児島,2,0,H,ソユスタ
2024,J1,第２６節第２日,2024-08-11,18:33,広島,Ｃ大阪,2,0,H,Ｅピース
2024,J1,第２６節第２日,2024-08-11,19:03,磐田,鹿島,2,1,H,エコパ
2024,J1,第２６節第２日,2024-08-11,19:03,柏,Ｇ大阪,0,0,D,三協Ｆ柏
2024,J1,第２６節第２日,2024-08-11,19:03,FC東京,川崎Ｆ,0,3,A,味スタ
2024,J1,第２６節第２日,2024-08-11,19:03,名古屋,東京Ｖ,1,0,H,豊田ス
2024,J2,第２６節第２日,2024-08-11,19:03,山形,徳島,1,0,H,ＮＤスタ
2024,J2,第２６節第２日,2024-08-11,19:03,大分,熊本,2,1,H,レゾド
2024,J1,第２６節第２日,2024-08-11,19:04,鳥栖,浦和,1,1,D,駅スタ
2024,J1,第２６節第２日,2024-08-11,19:33,横浜FM,神戸,1,2,A,日産ス
2024,J1,第２６節第３日,2024-08-12,19:03,新潟,京都,2,0,H,デンカＳ
2024,J1,第２７節第１日,2024-08-16,19:34,札幌,鳥栖,5,3,H,プレド
2024,J1,第２７節第２日,2024-08-17,18:03,鹿島,浦和,0,0,D,カシマ
2024,J3,第２４節第１日,2024-08-17,18:03,岩手,沼津,0,3,A,いわスタ
2024,J3,第２４節第１日,2024-08-17,18:03,八戸,岐阜,4,1,H,プラスタ
2024,J3,第２４節第１日,2024-08-17,18:03,長野,宮崎,3,1,H,長野Ｕ
2024,J3,第２４節第１日,2024-08-17,18:03,北九州,富山,2,0,H,ミクスタ
2024,J3,第２４節第１日,2024-08-17,18:03,YS横浜,讃岐,1,2,A,ニッパツ
2024,J3,第２４節第１日,2024-08-17,18:03,福島,琉球,0,1,A,とうスタ
2024,J1,第２７節第２日,2024-08-17,18:06,町田,磐田,4,0,H,Ｇスタ
2024,J2,第２７節第１日,2024-08-17,18:33,清水,甲府,3,0,H,アイスタ
2024,J1,第２７節第２日,2024-08-17,19:03,Ｃ大阪,京都,3,5,A,ヨドコウ
2024,J1,第２７節第２日,2024-08-17,19:03,神戸,Ｇ大阪,2,2,D,ノエスタ
2024,J1,第２７節第２日,2024-08-17,19:03,湘南,柏,1,2,A,レモンＳ
2024,J1,第２７節第２日,2024-08-17,19:03,FC東京,東京Ｖ,0,0,D,味スタ
2024,J1,第２７節第２日,2024-08-17,19:03,名古屋,広島,1,2,A,豊田ス
2024,J2,第２７節第１日,2024-08-17,19:03,熊本,水戸,0,1,A,えがおＳ
2024,J2,第２７節第１日,2024-08-17,19:03,千葉,いわき,0,3,A,フクアリ
2024,J2,第２７節第１日,2024-08-17,19:03,藤枝,山口,3,0,H,藤枝サ
2024,J2,第２７節第１日,2024-08-17,19:03,群馬,横浜FC,1,2,A,正田スタ
2024,J2,第２７節第１日,2024-08-17,19:03,栃木,秋田,0,0,D,カンセキ
2024,J2,第２７節第１日,2024-08-17,19:03,仙台,鹿児島,1,0,H,ユアスタ
2024,J2,第２７節第１日,2024-08-17,19:03,山形,長崎,4,2,H,ＮＤスタ
2024,J3,第２４節第１日,2024-08-17,19:03,鳥取,奈良,2,1,H,Ａｘｉｓ
2024,J3,第２４節第１日,2024-08-17,19:03,大宮,金沢,2,0,H,ＮＡＣＫ
2024,J3,第２４節第１日,2024-08-17,19:03,今治,FC大阪,1,1,D,アシさと
2024,J3,第２４節第１日,2024-08-17,19:03,松本,相模原,3,2,H,サンアル
2024,J1,第２７節第２日,2024-08-17,19:04,川崎Ｆ,横浜FM,1,3,A,Ｕ等々力
2024,J2,第２７節第１日,2024-08-17,19:05,徳島,岡山,1,1,D,鳴門大塚
2024,J1,第２７節第２日,2024-08-17,19:33,福岡,新潟,0,1,A,ベススタ
2024,J2,第２７節第２日,2024-08-18,19:03,愛媛,大分,3,2,H,ニンスタ
2024,J3,第２５節第１日,2024-08-24,18:03,八戸,相模原,2,1,H,プラスタ
2024,J3,第２５節第１日,2024-08-24,18:03,沼津,今治,1,2,A,愛鷹
2024,J3,第２５節第１日,2024-08-24,18:03,富山,松本,3,0,H,富山
2024,J3,第２５節第１日,2024-08-24,18:04,奈良,北九州,0,2,A,ロートＦ
2024,J3,第２５節第１日,2024-08-24,18:04,金沢,琉球,1,2,A,ゴースタ
2024,J2,第２８節第１日,2024-08-24,18:05,横浜FC,徳島,2,0,H,ニッパツ
2024,J1,第２８節第１日,2024-08-24,18:33,Ｇ大阪,福岡,2,2,D,パナスタ
2024,J1,第２８節第１日,2024-08-24,19:03,湘南,名古屋,0,1,A,レモンＳ
2024,J1,第２８節第１日,2024-08-24,19:03,京都,FC東京,3,0,H,サンガＳ
2024,J1,第２８節第１日,2024-08-24,19:03,横浜FM,Ｃ大阪,4,0,H,国立
2024,J2,第２８節第１日,2024-08-24,19:03,長崎,山口,1,2,A,トラスタ
2024,J2,第２８節第１日,2024-08-24,19:03,藤枝,山形,0,1,A,藤枝サ
2024,J2,第２８節第１日,2024-08-24,19:03,鹿児島,清水,0,1,A,白波スタ
2024,J2,第２８節第１日,2024-08-24,19:03,岡山,大分,0,0,D,Ｃスタ
2024,J3,第２５節第１日,2024-08-24,19:03,宮崎,岩手,3,0,H,いちご
2024,J3,第２５節第１日,2024-08-24,19:03,鳥取,FC大阪,2,1,H,Ａｘｉｓ
2024,J2,第２８節第２日,2024-08-25,18:03,水戸,群馬,2,1,H,Ｋｓスタ
2024,J2,第２８節第２日,2024-08-25,18:03,秋田,愛媛,0,0,D,ソユスタ
2024,J2,第２８節第２日,2024-08-25,18:03,いわき,熊本,3,4,A,ハワスタ
2024,J1,第２８節第２日,2024-08-25,18:04,東京Ｖ,鹿島,2,1,H,味スタ
2024,J1,第２８節第２日,2024-08-25,18:33,広島,柏,2,0,H,Ｅピース
2024,J1,第２８節第２日,2024-08-25,19:03,新潟,町田,0,0,D,デンカＳ
2024,J1,第２８節第２日,2024-08-25,19:03,神戸,鳥栖,2,0,H,ノエスタ
2024,J1,第２８節第２日,2024-08-25,19:03,磐田,札幌,0,2,A,ヤマハ
2024,J2,第２８節第２日,2024-08-25,19:03,栃木,甲府,1,2,A,カンセキ
2024,J2,第２８節第２日,2024-08-25,19:03,千葉,仙台,4,2,H,フクアリ
2024,J3,第２５節第２日,2024-08-25,19:03,岐阜,YS横浜,5,1,H,長良川
2024,J3,第２６節第１日,2024-08-30,19:03,FC大阪,金沢,1,1,D,たけびし
2024,J1,第２９節第１日,2024-08-31,18:03,町田,浦和,2,2,D,国立
2024,J2,第２９節第１日,2024-08-31,18:03,水戸,愛媛,3,1,H,Ｋｓスタ
2024,J2,第２９節第１日,2024-08-31,18:03,甲府,鹿児島,1,0,H,ＪＩＴス
2024,J3,第２６節第２日,2024-08-31,18:03,相模原,長野,1,1,D,ギオンス
2024,J3,第２６節第２日,2024-08-31,18:03,福島,北九州,1,0,H,とうスタ
2024,J3,第２６節第２日,2024-08-31,18:04,琉球,鳥取,3,1,H,タピスタ
2024,J1,第２９節第１日,2024-08-31,18:33,広島,FC東京,3,2,H,Ｅピース
2024,J3,第２６節第２日,2024-08-31,18:33,富山,沼津,5,1,H,富山
2024,J1,第２９節第１日,2024-08-31,19:03,柏,東京Ｖ,2,3,A,三協Ｆ柏
2024,J2,第２９節第１日,2024-08-31,19:03,長崎,栃木,1,1,D,トラスタ
2024,J2,第２９節第１日,2024-08-31,19:03,仙台,いわき,2,0,H,ユアスタ
2024,J2,第２９節第１日,2024-08-31,19:03,山口,岡山,0,2,A,みらスタ
2024,J2,第２９節第１日,2024-08-31,19:03,山形,横浜FC,1,2,A,ＮＤスタ
2024,J3,第２６節第２日,2024-08-31,19:03,大宮,YS横浜,3,0,H,ＮＡＣＫ
2024,J3,第２６節第２日,2024-08-31,19:03,岐阜,松本,0,1,A,長良川
2024,J3,第２６節第２日,2024-08-31,19:03,今治,奈良,6,0,H,アシさと
2024,J3,第２６節第２日,2024-08-31,19:03,宮崎,八戸,3,2,H,いちご
2024,J1,第２９節第１日,2024-08-31,19:04,鳥栖,湘南,1,2,A,駅スタ
2024,J1,第２９節第２日,2024-09-01,14:03,札幌,川崎Ｆ,2,0,H,プレド
2024,J3,第２６節第３日,2024-09-01,18:03,岩手,讃岐,1,2,A,いわスタ
2024,J1,第２９節第２日,2024-09-01,19:03,福岡,神戸,0,2,A,ベススタ
2024,J2,第２９節第２日,2024-09-01,19:03,群馬,秋田,1,0,H,正田スタ
2024,J2,第２９節第２日,2024-09-01,19:03,大分,千葉,0,2,A,レゾド
2024,J2,第２９節第２日,2024-09-01,19:03,熊本,藤枝,1,2,A,えがおＳ
2024,J3,第２７節第１日,2024-09-06,13:03,八戸,福島,0,1,A,プラスタ
2024,J3,第２７節第２日,2024-09-07,18:03,相模原,宮崎,0,1,A,ギオンス
2024,J3,第２７節第２日,2024-09-07,18:03,YS横浜,金沢,2,2,D,ニッパツ
2024,J3,第２７節第２日,2024-09-07,18:03,松本,大宮,0,1,A,サンアル
2024,J3,第２７節第２日,2024-09-07,18:03,北九州,今治,0,3,A,ミクスタ
2024,J3,第２７節第２日,2024-09-07,18:03,琉球,岩手,1,2,A,タピスタ
2024,J2,第３０節第１日,2024-09-07,18:33,清水,長崎,1,1,D,アイスタ
2024,J2,第３０節第１日,2024-09-07,19:03,千葉,水戸,4,0,H,フクアリ
2024,J2,第３０節第１日,2024-09-07,19:03,藤枝,栃木,1,0,H,藤枝サ
2024,J2,第３０節第１日,2024-09-07,19:03,山口,徳島,1,2,A,みらスタ
2024,J2,第３０節第１日,2024-09-07,19:03,大分,山形,0,3,A,レゾド
2024,J2,第３０節第１日,2024-09-07,19:03,群馬,仙台,0,0,D,正田スタ
2024,J2,第３０節第１日,2024-09-07,19:03,鹿児島,いわき,1,3,A,白波スタ
2024,J2,第３０節第１日,2024-09-07,19:03,愛媛,横浜FC,1,4,A,ニンスタ
2024,J3,第２７節第２日,2024-09-07,19:03,長野,FC大阪,0,2,A,長野Ｕ
2024,J3,第２７節第２日,2024-09-07,19:03,鳥取,沼津,3,1,H,Ａｘｉｓ
2024,J2,第３０節第２日,2024-09-08,18:03,岡山,秋田,0,1,A,Ｃスタ
2024,J3,第２７節第３日,2024-09-08,18:03,奈良,富山,0,0,D,ロートＦ
2024,J3,第２７節第３日,2024-09-08,18:03,讃岐,岐阜,4,0,H,ピカスタ
2024,J3,第２５節第３日,2024-09-11,19:03,長野,大宮,0,0,D,長野Ｕ
2024,J1,第３０節第１日,2024-09-13,19:03,川崎Ｆ,鳥栖,3,2,H,Ｕ等々力
2024,J1,第３０節第１日,2024-09-13,19:04,神戸,Ｃ大阪,2,1,H,ノエスタ
2024,J1,第３０節第１日,2024-09-13,19:04,横浜FM,京都,1,2,A,ニッパツ
2024,J1,第３０節第２日,2024-09-14,14:04,札幌,東京Ｖ,0,2,A,プレド
2024,J3,第２８節第１日,2024-09-14,14:06,岩手,八戸,1,2,A,いわスタ
2024,J3,第２８節第１日,2024-09-14,15:05,岐阜,相模原,1,2,A,長良川
2024,J1,第３０節第２日,2024-09-14,18:03,福岡,町田,0,3,A,ベススタ
2024,J3,第２８節第１日,2024-09-14,18:03,富山,YS横浜,3,2,H,富山
2024,J1,第３０節第２日,2024-09-14,18:04,鹿島,広島,2,2,D,カシマ
2024,J2,第３１節第１日,2024-09-14,18:05,仙台,藤枝,2,3,A,ユアスタ
2024,J3,第２８節第１日,2024-09-14,18:05,金沢,讃岐,1,3,A,ゴースタ
2024,J2,第３１節第１日,2024-09-14,18:33,清水,山口,4,1,H,アイスタ
2024,J1,第３０節第２日,2024-09-14,19:03,Ｇ大阪,浦和,0,1,A,パナスタ
2024,J2,第３１節第１日,2024-09-14,19:03,山形,群馬,4,1,H,ＮＤスタ
2024,J1,第３０節第２日,2024-09-14,19:04,柏,磐田,0,2,A,三協Ｆ柏
2024,J1,第３０節第２日,2024-09-14,19:04,FC東京,名古屋,4,1,H,国立
2024,J2,第３１節第１日,2024-09-14,19:04,岡山,愛媛,3,0,H,Ｃスタ
2024,J3,第２８節第１日,2024-09-14,19:04,長野,奈良,1,1,D,長野Ｕ
2024,J1,第３０節第２日,2024-09-14,19:05,新潟,湘南,3,1,H,デンカＳ
2024,J2,第３１節第１日,2024-09-14,19:05,秋田,千葉,1,0,H,ソユスタ
2024,J3,第２８節第１日,2024-09-14,19:05,今治,松本,1,1,D,アシさと
2024,J3,第２８節第１日,2024-09-14,19:05,大宮,北九州,3,0,H,ＮＡＣＫ
2024,J2,第３１節第１日,2024-09-14,19:06,徳島,大分,3,1,H,鳴門大塚
2024,J2,第３１節第２日,2024-09-15,16:04,いわき,長崎,0,2,A,ハワスタ
2024,J2,第３１節第２日,2024-09-15,18:04,鹿児島,熊本,0,2,A,白波スタ
2024,J2,第３１節第２日,2024-09-15,18:04,横浜FC,甲府,1,0,H,ニッパツ
2024,J3,第２８節第２日,2024-09-15,18:05,福島,鳥取,2,3,A,とうスタ
2024,J3,第２８節第２日,2024-09-15,18:05,沼津,FC大阪,0,1,A,愛鷹
2024,J2,第３１節第２日,2024-09-15,19:03,栃木,水戸,2,3,A,カンセキ
2024,J3,第２８節第２日,2024-09-15,19:04,宮崎,琉球,2,0,H,いちご
2024,J1,第２９節第３日,2024-09-18,19:03,名古屋,新潟,3,0,H,豊田ス
2024,J2,第２９節第３日,2024-09-18,19:03,徳島,清水,1,2,A,鳴門大塚
2024,J1,第３１節第１日,2024-09-21,18:03,鹿島,柏,0,0,D,カシマ
2024,J2,第３２節第１日,2024-09-21,18:03,熊本,秋田,3,1,H,えがおＳ
2024,J2,第３２節第１日,2024-09-21,18:03,愛媛,山形,1,3,A,ニンスタ
2024,J2,第３２節第１日,2024-09-21,18:03,横浜FC,大分,1,1,D,ニッパツ
2024,J3,第２９節第１日,2024-09-21,18:03,相模原,今治,2,0,H,ギオンス
2024,J3,第２９節第１日,2024-09-21,18:03,八戸,大宮,2,3,A,プラスタ
2024,J3,第２９節第１日,2024-09-21,18:03,北九州,岐阜,2,0,H,ミクスタ
2024,J3,第２９節第１日,2024-09-21,18:03,琉球,沼津,1,1,D,タピスタ
2024,J2,第３２節第１日,2024-09-21,18:04,仙台,甲府,2,2,D,ユアスタ
2024,J1,第３１節第１日,2024-09-21,19:03,町田,札幌,0,0,D,Ｇスタ
2024,J2,第３２節第１日,2024-09-21,19:03,千葉,山口,4,1,H,フクアリ
2024,J3,第２９節第１日,2024-09-21,19:03,鳥取,長野,2,0,H,Ａｘｉｓ
2024,J1,第３１節第１日,2024-09-21,19:04,浦和,FC東京,0,2,A,埼玉
2024,J1,第３１節第１日,2024-09-21,19:05,磐田,福岡,0,0,D,ヤマハ
2024,J2,第３２節第２日,2024-09-22,14:03,長崎,群馬,2,0,H,トラスタ
2024,J2,第３２節第２日,2024-09-22,14:03,水戸,岡山,0,0,D,Ｋｓスタ
2024,J3,第２９節第２日,2024-09-22,14:03,YS横浜,岩手,0,0,D,ニッパツ
2024,J3,第２９節第２日,2024-09-22,14:03,金沢,富山,0,1,A,ゴースタ
2024,J2,第３２節第２日,2024-09-22,14:33,藤枝,清水,2,3,A,藤枝サ
2024,J3,第２９節第２日,2024-09-22,15:03,讃岐,松本,1,4,A,ピカスタ
2024,J1,第３１節第２日,2024-09-22,16:04,名古屋,川崎Ｆ,2,0,H,豊田ス
2024,J1,第３１節第２日,2024-09-22,18:03,新潟,神戸,2,3,A,デンカＳ
2024,J1,第３１節第２日,2024-09-22,18:03,東京Ｖ,鳥栖,2,0,H,味スタ
2024,J2,第３２節第２日,2024-09-22,18:04,徳島,いわき,0,1,A,鳴門大塚
2024,J3,第２９節第２日,2024-09-22,18:04,奈良,宮崎,2,2,D,ロートＦ
2024,J1,第３１節第２日,2024-09-22,18:33,広島,横浜FM,6,2,H,Ｅピース
2024,J1,第３１節第２日,2024-09-22,19:03,京都,Ｇ大阪,2,2,D,サンガＳ
2024,J2,第３２節第２日,2024-09-22,19:03,栃木,鹿児島,2,1,H,栃木グ
2024,J1,第３１節第２日,2024-09-22,19:04,湘南,Ｃ大阪,1,2,A,レモンＳ
2024,J3,第２９節第３日,2024-09-23,14:03,FC大阪,福島,1,2,A,花園
2024,J2,第３０節第３日,2024-09-25,19:03,甲府,熊本,2,4,A,ＪＩＴス
2024,J1,第３２節第１日,2024-09-27,19:03,川崎Ｆ,新潟,5,1,H,Ｕ等々力
2024,J1,第３２節第２日,2024-09-28,13:01,札幌,京都,2,0,H,プレド
2024,J3,第３０節第１日,2024-09-28,14:03,大宮,相模原,4,1,H,ＮＡＣＫ
2024,J3,第３０節第１日,2024-09-28,15:03,岐阜,金沢,1,0,H,長良川
2024,J1,第３２節第２日,2024-09-28,16:03,名古屋,磐田,2,0,H,豊田ス
2024,J2,第３３節第１日,2024-09-28,16:03,甲府,山形,1,2,A,ＪＩＴス
2024,J1,第３２節第２日,2024-09-28,17:03,Ｇ大阪,東京Ｖ,1,1,D,パナスタ
2024,J1,第３２節第２日,2024-09-28,17:03,横浜FM,FC東京,1,3,A,日産ス
2024,J1,第３２節第２日,2024-09-28,18:03,Ｃ大阪,柏,0,0,D,ヨドコウ
2024,J2,第３３節第１日,2024-09-28,18:03,清水,横浜FC,1,1,D,国立
2024,J2,第３３節第１日,2024-09-28,18:03,鹿児島,水戸,3,0,H,白波スタ
2024,J3,第３０節第１日,2024-09-28,18:03,琉球,FC大阪,1,1,D,タピスタ
2024,J3,第３０節第１日,2024-09-28,18:04,今治,八戸,3,1,H,アシさと
2024,J1,第３２節第２日,2024-09-28,19:03,湘南,鹿島,3,2,H,レモンＳ
2024,J1,第３２節第２日,2024-09-28,19:03,広島,町田,2,0,H,Ｅピース
2024,J1,第３２節第２日,2024-09-28,19:03,神戸,浦和,1,0,H,ノエスタ
2024,J2,第３３節第１日,2024-09-28,19:03,大分,藤枝,2,0,H,レゾド
2024,J1,第３２節第２日,2024-09-28,19:04,鳥栖,福岡,0,0,D,駅スタ
2024,J3,第３０節第２日,2024-09-29,13:03,福島,長野,0,0,D,とうスタ
2024,J2,第３３節第２日,2024-09-29,14:03,岡山,長崎,1,0,H,Ｃスタ
2024,J2,第３３節第２日,2024-09-29,14:03,秋田,徳島,2,0,H,ソユスタ
2024,J2,第３３節第２日,2024-09-29,14:03,山口,仙台,0,1,A,ＳＶ下関
2024,J3,第３０節第２日,2024-09-29,14:03,岩手,北九州,3,1,H,いわスタ
2024,J3,第３０節第２日,2024-09-29,14:03,沼津,YS横浜,2,0,H,愛鷹
2024,J3,第３０節第２日,2024-09-29,14:03,松本,奈良,1,1,D,サンアル
2024,J3,第３０節第２日,2024-09-29,14:08,富山,讃岐,2,2,D,富山
2024,J2,第３３節第２日,2024-09-29,15:33,いわき,栃木,0,0,D,ハワスタ
2024,J2,第３３節第２日,2024-09-29,18:03,群馬,熊本,2,3,A,正田スタ
2024,J2,第３３節第２日,2024-09-29,18:03,愛媛,千葉,1,2,A,ニンスタ
2024,J3,第３０節第２日,2024-09-29,18:04,宮崎,鳥取,2,0,H,いちご
2024,J1,第２９節第４日,2024-10-02,19:03,Ｃ大阪,Ｇ大阪,1,0,H,ヨドコウ
2024,J3,第２５節第４日,2024-10-02,19:03,讃岐,福島,4,1,H,ピカスタ
2024,J3,第３１節第１日,2024-10-04,19:03,FC大阪,岩手,1,0,H,たけびし
2024,J1,第３３節第１日,2024-10-04,19:04,福岡,名古屋,1,0,H,ベススタ
2024,J1,第３３節第２日,2024-10-05,14:03,新潟,鹿島,0,4,A,デンカＳ
2024,J2,第３４節第１日,2024-10-05,14:03,甲府,岡山,3,1,H,ＪＩＴス
2024,J2,第３４節第１日,2024-10-05,14:03,千葉,群馬,1,0,H,フクアリ
2024,J3,第３１節第２日,2024-10-05,14:03,YS横浜,琉球,2,0,H,ニッパツ
2024,J3,第３１節第２日,2024-10-05,14:03,奈良,大宮,0,0,D,ロートＦ
2024,J1,第３３節第２日,2024-10-05,15:03,FC東京,鳥栖,1,1,D,味スタ
2024,J1,第３３節第２日,2024-10-05,15:03,町田,川崎Ｆ,1,4,A,Ｇスタ
2024,J1,第３３節第２日,2024-10-05,16:03,柏,横浜FM,1,0,H,三協Ｆ柏
2024,J1,第３３節第２日,2024-10-05,16:03,浦和,Ｃ大阪,0,1,A,埼玉
2024,J3,第３１節第２日,2024-10-05,16:33,長野,松本,1,1,D,長野Ｕ
2024,J2,第３４節第１日,2024-10-05,17:03,藤枝,いわき,1,1,D,藤枝サ
2024,J1,第３３節第２日,2024-10-05,17:33,Ｇ大阪,札幌,2,1,H,パナスタ
2024,J3,第３１節第３日,2024-10-06,12:57,富山,今治,0,0,D,富山
2024,J3,第３１節第３日,2024-10-06,13:03,八戸,沼津,1,0,H,プラスタ
2024,J3,第３１節第３日,2024-10-06,13:04,福島,岐阜,4,3,H,とうスタ
2024,J1,第３３節第３日,2024-10-06,14:03,京都,神戸,2,3,A,サンガＳ
2024,J2,第３４節第２日,2024-10-06,14:03,横浜FC,鹿児島,1,0,H,ニッパツ
2024,J2,第３４節第２日,2024-10-06,14:03,水戸,清水,2,2,D,Ｋｓスタ
2024,J2,第３４節第２日,2024-10-06,14:03,栃木,愛媛,1,1,D,栃木グ
2024,J2,第３４節第２日,2024-10-06,14:03,山形,山口,2,0,H,ＮＤスタ
2024,J2,第３４節第２日,2024-10-06,14:03,長崎,大分,4,1,H,ピースタ
2024,J3,第３１節第３日,2024-10-06,14:03,相模原,北九州,0,3,A,ギオンス
2024,J3,第３１節第３日,2024-10-06,14:03,讃岐,鳥取,0,1,A,レクザム
2024,J2,第３４節第２日,2024-10-06,14:04,熊本,徳島,1,2,A,えがおＳ
2024,J3,第３１節第３日,2024-10-06,14:05,金沢,宮崎,1,1,D,ゴースタ
2024,J2,第３４節第２日,2024-10-06,15:03,仙台,秋田,0,1,A,ユアスタ
2024,J1,第３３節第３日,2024-10-06,16:03,磐田,広島,1,2,A,ヤマハ
2024,J1,第３３節第３日,2024-10-06,16:03,東京Ｖ,湘南,0,2,A,味スタ
2024,J3,第３２節第１日,2024-10-11,19:03,岐阜,長野,2,1,H,長良川
2024,J3,第３２節第２日,2024-10-12,12:58,今治,YS横浜,3,1,H,アシさと
2024,J3,第３２節第２日,2024-10-12,13:03,北九州,八戸,0,3,A,ミクスタ
2024,J3,第３２節第２日,2024-10-12,16:03,宮崎,富山,1,1,D,いちご
2024,J3,第３２節第２日,2024-10-12,17:03,琉球,相模原,2,1,H,タピスタ
2024,J3,第３２節第３日,2024-10-13,13:03,松本,金沢,1,1,D,サンアル
2024,J3,第３２節第３日,2024-10-13,13:03,鳥取,岩手,2,1,H,ヤジン
2024,J3,第３２節第３日,2024-10-13,14:03,大宮,福島,3,2,H,ＮＡＣＫ
2024,J3,第３２節第３日,2024-10-13,14:03,奈良,FC大阪,0,1,A,ロートＦ
2024,J3,第３２節第３日,2024-10-13,14:03,沼津,讃岐,1,2,A,愛鷹
2024,J1,第３４節第１日,2024-10-18,19:03,神戸,FC東京,0,2,A,ノエスタ
2024,J1,第３４節第１日,2024-10-18,19:05,川崎Ｆ,Ｇ大阪,1,1,D,Ｕ等々力
2024,J1,第３４節第１日,2024-10-18,19:33,横浜FM,新潟,0,0,D,日産ス
2024,J3,第３３節第１日,2024-10-19,13:04,FC大阪,北九州,3,2,H,花園
2024,J2,第３５節第１日,2024-10-19,13:58,鹿児島,愛媛,4,0,H,白波スタ
2024,J1,第３４節第２日,2024-10-19,14:03,柏,町田,1,1,D,三協Ｆ柏
2024,J1,第３４節第２日,2024-10-19,14:03,鹿島,福岡,0,0,D,カシマ
2024,J1,第３４節第２日,2024-10-19,14:03,名古屋,札幌,0,2,A,豊田ス
2024,J1,第３４節第２日,2024-10-19,14:03,京都,鳥栖,2,0,H,サンガＳ
2024,J2,第３５節第１日,2024-10-19,14:03,千葉,甲府,2,1,H,フクアリ
2024,J3,第３３節第１日,2024-10-19,14:03,大宮,今治,1,1,D,ＮＡＣＫ
2024,J2,第３５節第１日,2024-10-19,14:04,仙台,横浜FC,3,0,H,ユアスタ
2024,J1,第３４節第２日,2024-10-19,15:03,湘南,広島,2,1,H,レモンＳ
2024,J1,第３４節第２日,2024-10-19,15:03,Ｃ大阪,磐田,1,2,A,ヨドコウ
2024,J3,第３３節第１日,2024-10-19,15:03,長野,琉球,1,1,D,長野Ｕ
2024,J1,第３４節第２日,2024-10-19,17:03,東京Ｖ,浦和,2,1,H,味スタ
2024,J2,第３５節第２日,2024-10-20,13:03,秋田,長崎,1,2,A,ソユスタ
2024,J3,第３３節第２日,2024-10-20,13:03,八戸,奈良,0,0,D,プラスタ
2024,J3,第３３節第２日,2024-10-20,13:03,岩手,岐阜,0,6,A,ウエスタ
2024,J3,第３３節第２日,2024-10-20,13:03,金沢,沼津,0,1,A,ゴースタ
2024,J2,第３５節第２日,2024-10-20,13:13,清水,山形,1,2,A,アイスタ
2024,J2,第３５節第２日,2024-10-20,14:03,岡山,いわき,2,1,H,Ｃスタ
2024,J2,第３５節第２日,2024-10-20,14:03,大分,水戸,0,0,D,レゾド
2024,J2,第３５節第２日,2024-10-20,14:03,徳島,藤枝,3,0,H,鳴門大塚
2024,J3,第３３節第２日,2024-10-20,14:03,富山,福島,1,4,A,富山
2024,J3,第３３節第２日,2024-10-20,14:03,松本,鳥取,3,4,A,サンアル
2024,J3,第３３節第２日,2024-10-20,14:03,讃岐,宮崎,0,4,A,ピカスタ
2024,J2,第３５節第２日,2024-10-20,14:04,群馬,栃木,0,0,D,正田スタ
2024,J3,第３３節第２日,2024-10-20,14:04,相模原,YS横浜,2,1,H,ギオンス
2024,J2,第３５節第２日,2024-10-20,15:03,熊本,山口,1,1,D,えがおＳ
2024,J1,第３５節第１日,2024-10-23,19:03,Ｇ大阪,名古屋,3,2,H,パナスタ
2024,J1,第３５節第１日,2024-10-23,19:03,新潟,東京Ｖ,0,2,A,デンカＳ
2024,J1,第２５節第２日,2024-10-23,19:33,浦和,柏,1,0,H,埼玉
2024,J2,第３６節第１日,2024-10-26,13:54,いわき,水戸,1,2,A,ハワスタ
2024,J2,第３６節第１日,2024-10-26,14:03,藤枝,千葉,2,3,A,藤枝サ
2024,J3,第３４節第１日,2024-10-26,14:03,北九州,金沢,1,2,A,ミクスタ
2024,J3,第３４節第１日,2024-10-26,14:03,YS横浜,松本,0,2,A,ニッパツ
2024,J3,第３４節第１日,2024-10-26,14:03,奈良,讃岐,2,2,D,ロートＦ
2024,J3,第３４節第１日,2024-10-26,15:03,岐阜,今治,4,1,H,長良川
2024,J3,第３４節第１日,2024-10-26,17:03,琉球,八戸,1,1,D,タピスタ
2024,J2,第３６節第２日,2024-10-27,13:03,長崎,鹿児島,4,1,H,ピースタ
2024,J3,第３４節第２日,2024-10-27,13:03,鳥取,富山,2,2,D,Ａｘｉｓ
2024,J3,第３４節第２日,2024-10-27,13:03,岩手,大宮,1,2,A,ウエスタ
2024,J2,第３６節第２日,2024-10-27,14:03,群馬,徳島,0,2,A,正田スタ
2024,J2,第３６節第２日,2024-10-27,14:03,秋田,大分,0,2,A,ソユスタ
2024,J2,第３６節第２日,2024-10-27,14:03,栃木,清水,0,1,A,カンセキ
2024,J2,第３６節第２日,2024-10-27,14:03,山口,甲府,2,0,H,みらスタ
2024,J3,第３４節第２日,2024-10-27,14:03,福島,相模原,2,3,A,とうスタ
2024,J3,第３４節第２日,2024-10-27,14:03,宮崎,FC大阪,1,0,H,いちご
2024,J3,第３４節第２日,2024-10-27,14:03,沼津,長野,1,1,D,愛鷹
2024,J2,第３６節第２日,2024-10-27,14:04,山形,熊本,1,0,H,ＮＤスタ
2024,J2,第３６節第２日,2024-10-27,14:04,横浜FC,岡山,2,4,A,ニッパツ
2024,J2,第３６節第２日,2024-10-27,16:03,愛媛,仙台,0,2,A,ニンスタ
2024,J1,第３５節第２日,2024-10-30,19:03,横浜FM,浦和,0,0,D,日産ス
2024,J1,第３５節第３日,2024-11-01,19:03,川崎Ｆ,鹿島,1,3,A,Ｕ等々力
2024,J1,第３５節第３日,2024-11-01,19:03,神戸,磐田,2,0,H,ノエスタ
2024,J3,第３５節第１日,2024-11-02,14:03,大宮,鳥取,5,4,H,ＮＡＣＫ
2024,J3,第３５節第１日,2024-11-02,14:03,相模原,富山,2,2,D,ギオンス
2024,J3,第３５節第１日,2024-11-02,14:03,北九州,沼津,1,1,D,ミクスタ
2024,J3,第３５節第１日,2024-11-02,14:03,松本,宮崎,1,0,H,サンアル
2024,J3,第３５節第１日,2024-11-02,14:03,YS横浜,長野,1,1,D,ニッパツ
2024,J3,第３５節第１日,2024-11-02,14:26,奈良,福島,1,1,D,ロートＦ
2024,J3,第３５節第１日,2024-11-02,15:03,岐阜,FC大阪,2,0,H,長良川
2024,J1,第３５節第４日,2024-11-03,13:03,広島,京都,0,1,A,Ｅピース
2024,J1,第３５節第４日,2024-11-03,13:04,札幌,Ｃ大阪,1,1,D,プレド
2024,J2,第３７節第１日,2024-11-03,13:04,岡山,藤枝,2,0,H,Ｃスタ
2024,J3,第３５節第２日,2024-11-03,13:04,今治,琉球,2,1,H,アシさと
2024,J3,第３５節第２日,2024-11-03,13:04,八戸,讃岐,3,3,D,プラスタ
2024,J1,第３５節第４日,2024-11-03,14:03,FC東京,湘南,0,2,A,味スタ
2024,J1,第３５節第４日,2024-11-03,14:03,鳥栖,町田,2,1,H,駅スタ
2024,J2,第３７節第１日,2024-11-03,14:03,千葉,長崎,1,2,A,フクアリ
2024,J2,第３７節第１日,2024-11-03,14:03,清水,いわき,1,0,H,アイスタ
2024,J2,第３７節第１日,2024-11-03,14:03,水戸,山形,1,3,A,Ｋｓスタ
2024,J2,第３７節第１日,2024-11-03,14:03,横浜FC,栃木,0,0,D,ニッパツ
2024,J2,第３７節第１日,2024-11-03,14:03,徳島,鹿児島,1,0,H,鳴門大塚
2024,J2,第３７節第１日,2024-11-03,14:03,大分,群馬,2,1,H,レゾド
2024,J2,第３７節第１日,2024-11-03,14:03,甲府,秋田,1,2,A,ＪＩＴス
2024,J3,第３５節第２日,2024-11-03,14:03,金沢,岩手,1,1,D,ゴースタ
2024,J1,第３５節第４日,2024-11-03,15:05,福岡,柏,2,1,H,ベススタ
2024,J2,第３７節第１日,2024-11-03,16:04,愛媛,山口,1,1,D,ニンスタ
2024,J2,第３７節第２日,2024-11-04,14:03,熊本,仙台,3,1,H,えがおＳ
2024,J3,第３６節第１日,2024-11-09,13:03,FC大阪,YS横浜,5,0,H,花園
2024,J1,第３６節第１日,2024-11-09,14:03,鹿島,名古屋,0,0,D,カシマ
2024,J1,第３６節第１日,2024-11-09,14:03,鳥栖,横浜FM,1,2,A,駅スタ
2024,J1,第３６節第１日,2024-11-09,14:03,京都,川崎Ｆ,1,1,D,サンガＳ
2024,J1,第３６節第１日,2024-11-09,14:03,町田,FC東京,3,0,H,国立
2024,J1,第３６節第１日,2024-11-09,14:03,湘南,札幌,1,1,D,レモンＳ
2024,J3,第３６節第１日,2024-11-09,14:03,長野,八戸,0,1,A,長野Ｕ
2024,J3,第３６節第１日,2024-11-09,14:03,岩手,松本,1,6,A,いわスタ
2024,J1,第３６節第１日,2024-11-09,15:03,柏,新潟,1,1,D,三協Ｆ柏
2024,J1,第３６節第１日,2024-11-09,15:03,Ｃ大阪,福岡,1,0,H,ヨドコウ
2024,J1,第３６節第１日,2024-11-09,15:03,磐田,Ｇ大阪,3,4,A,ヤマハ
2024,J3,第３６節第２日,2024-11-10,13:03,鳥取,今治,0,5,A,Ａｘｉｓ
2024,J1,第３６節第２日,2024-11-10,14:03,東京Ｖ,神戸,1,1,D,味スタ
2024,J2,第３８節第１日,2024-11-10,14:03,清水,熊本,1,0,H,アイスタ
2024,J2,第３８節第１日,2024-11-10,14:03,山口,横浜FC,0,0,D,みらスタ
2024,J2,第３８節第１日,2024-11-10,14:03,いわき,群馬,3,0,H,ハワスタ
2024,J2,第３８節第１日,2024-11-10,14:03,甲府,水戸,3,1,H,ＪＩＴス
2024,J2,第３８節第１日,2024-11-10,14:03,長崎,愛媛,5,2,H,ピースタ
2024,J2,第３８節第１日,2024-11-10,14:03,栃木,徳島,0,0,D,カンセキ
2024,J2,第３８節第１日,2024-11-10,14:03,鹿児島,岡山,0,0,D,白波スタ
2024,J2,第３８節第１日,2024-11-10,14:03,秋田,藤枝,1,0,H,ソユスタ
2024,J2,第３８節第１日,2024-11-10,14:03,仙台,大分,2,1,H,ユアスタ
2024,J3,第３６節第２日,2024-11-10,14:03,讃岐,北九州,1,2,A,ピカスタ
2024,J3,第３６節第２日,2024-11-10,14:03,相模原,奈良,1,2,A,ギオンス
2024,J3,第３６節第２日,2024-11-10,14:03,富山,岐阜,2,2,D,富山
2024,J3,第３６節第２日,2024-11-10,14:03,金沢,福島,1,2,A,ゴースタ
2024,J3,第３６節第２日,2024-11-10,14:03,沼津,宮崎,1,2,A,愛鷹
2024,J2,第３８節第１日,2024-11-10,14:04,山形,千葉,4,0,H,ＮＤスタ
2024,J1,第３６節第２日,2024-11-10,15:03,浦和,広島,3,0,H,埼玉
2024,J3,第３６節第２日,2024-11-10,15:03,琉球,大宮,1,1,D,タピスタ
2024,J3,第３７節第１日,2024-11-15,19:04,FC大阪,相模原,1,0,H,花園
2024,J1,第２９節第５日,2024-11-16,14:03,磐田,横浜FM,3,4,A,ヤマハ
2024,J3,第３７節第２日,2024-11-16,14:03,松本,琉球,2,1,H,サンアル
2024,J3,第３７節第２日,2024-11-16,14:03,讃岐,今治,0,1,A,ピカスタ
2024,J3,第３７節第２日,2024-11-16,14:03,北九州,長野,1,1,D,ミクスタ
2024,J3,第３７節第２日,2024-11-16,15:03,岐阜,大宮,2,2,D,長良川
2024,J3,第３７節第３日,2024-11-17,13:05,鳥取,金沢,1,0,H,Ａｘｉｓ
2024,J3,第３７節第３日,2024-11-17,13:08,富山,八戸,3,1,H,富山
2024,J1,第２９節第６日,2024-11-17,14:03,京都,鹿島,0,0,D,サンガＳ
2024,J3,第３７節第３日,2024-11-17,14:03,宮崎,YS横浜,3,2,H,いちご
2024,J3,第３７節第３日,2024-11-17,14:03,福島,沼津,2,1,H,とうスタ
2024,J3,第３７節第３日,2024-11-17,14:04,奈良,岩手,1,0,H,ロートＦ
2024,J1,第２８節第３日,2024-11-22,19:00,浦和,川崎Ｆ,1,1,D,埼玉
2024,J3,第３８節第１日,2024-11-24,14:03,今治,宮崎,1,0,H,アシさと
2024,J3,第３８節第１日,2024-11-24,14:03,大宮,富山,1,2,A,ＮＡＣＫ
2024,J3,第３８節第１日,2024-11-24,14:03,相模原,鳥取,1,0,H,ギオンス
2024,J3,第３８節第１日,2024-11-24,14:03,岩手,福島,1,4,A,いわスタ
2024,J3,第３８節第１日,2024-11-24,14:03,YS横浜,北九州,2,3,A,ニッパツ
2024,J3,第３８節第１日,2024-11-24,14:03,長野,讃岐,0,2,A,長野Ｕ
2024,J3,第３８節第１日,2024-11-24,14:03,八戸,FC大阪,1,1,D,プラスタ
2024,J3,第３８節第１日,2024-11-24,14:03,琉球,岐阜,0,2,A,タピスタ
2024,J3,第３８節第１日,2024-11-24,14:04,金沢,奈良,1,0,H,ゴースタ
2024,J3,第３８節第１日,2024-11-24,14:04,沼津,松本,0,1,A,愛鷹
2024,J1,第３７節第１日,2024-11-30,14:03,柏,神戸,1,1,D,三協Ｆ柏
2024,J1,第３７節第１日,2024-11-30,14:03,Ｃ大阪,鹿島,0,2,A,ヨドコウ
2024,J1,第３７節第１日,2024-11-30,14:03,新潟,Ｇ大阪,0,1,A,デンカＳ
2024,J1,第３７節第１日,2024-11-30,14:03,磐田,FC東京,2,1,H,ヤマハ
2024,J1,第３７節第１日,2024-11-30,14:03,東京Ｖ,川崎Ｆ,4,5,A,味スタ
2024,J1,第３７節第１日,2024-11-30,14:03,湘南,横浜FM,2,3,A,レモンＳ
2024,J1,第３７節第１日,2024-11-30,14:03,名古屋,鳥栖,0,3,A,長良川
2024,J1,第３７節第１日,2024-11-30,14:03,福岡,浦和,1,0,H,ベススタ
2024,J1,第３７節第１日,2024-11-30,14:03,町田,京都,1,0,H,Ｇスタ
2024,J1,第３７節第２日,2024-12-01,14:03,広島,札幌,5,1,H,Ｅピース
2024,J1,第３８節第１日,2024-12-08,14:03,FC東京,Ｃ大阪,3,0,H,味スタ
2024,J1,第３８節第１日,2024-12-08,14:03,京都,東京Ｖ,0,0,D,サンガＳ
2024,J1,第３８節第１日,2024-12-08,14:03,川崎Ｆ,福岡,3,1,H,Ｕ等々力
2024,J1,第３８節第１日,2024-12-08,14:03,鳥栖,磐田,3,0,H,駅スタ
2024,J1,第３８節第１日,2024-12-08,14:03,Ｇ大阪,広島,3,1,H,パナスタ
2024,J1,第３８節第１日,2024-12-08,14:03,横浜FM,名古屋,0,2,A,日産ス
2024,J1,第３８節第１日,2024-12-08,14:03,札幌,柏,1,0,H,プレド
2024,J1,第３８節第１日,2024-12-08,14:03,鹿島,町田,3,1,H,カシマ
2024,J1,第３８節第１日,2024-12-08,14:04,神戸,湘南,3,0,H,ノエスタ
2024,J1,第３８節第１日,2024-12-08,14:04,浦和,新潟,0,0,D,埼玉
2025,J1,第１節第１日,2025-02-14,19:03,Ｇ大阪,Ｃ大阪,2,5,A,パナスタ
2025,J1,第１節第２日,2025-02-15,14:03,横浜FM,新潟,1,1,D,日産ス
2025,J1,第１節第２日,2025-02-15,14:03,神戸,浦和,0,0,D,ノエスタ
2025,J1,第１節第２日,2025-02-15,14:03,横浜FC,FC東京,0,1,A,ニッパツ
2025,J2,第１節第１日,2025-02-15,14:03,鳥栖,仙台,0,1,A,駅スタ
2025,J2,第１節第１日,2025-02-15,14:03,甲府,山口,1,0,H,ＪＩＴス
2025,J2,第１節第１日,2025-02-15,14:03,いわき,千葉,0,2,A,ハワスタ
2025,J2,第１節第１日,2025-02-15,14:03,藤枝,徳島,0,2,A,藤枝サ
2025,J2,第１節第１日,2025-02-15,14:03,大宮,山形,2,1,H,ＮＡＣＫ
2025,J3,第１節第１日,2025-02-15,14:03,栃木Ｃ,相模原,2,1,H,ＣＦＳ
2025,J3,第１節第１日,2025-02-15,14:03,群馬,琉球,0,0,D,正田スタ
2025,J1,第１節第２日,2025-02-15,14:04,岡山,京都,2,0,H,ＪＦＥス
2025,J1,第１節第２日,2025-02-15,14:04,福岡,柏,0,1,A,ベススタ
2025,J2,第１節第１日,2025-02-15,14:04,磐田,水戸,3,2,H,ヤマハ
2025,J1,第１節第２日,2025-02-15,15:03,川崎Ｆ,名古屋,4,0,H,Ｕ等々力
2025,J1,第１節第２日,2025-02-15,15:03,湘南,鹿島,1,0,H,レモンＳ
2025,J2,第１節第１日,2025-02-15,19:03,長崎,熊本,3,2,H,ピースタ
2025,J2,第１節第２日,2025-02-16,12:53,愛媛,富山,0,1,A,ニンスタ
2025,J2,第１節第２日,2025-02-16,13:13,今治,秋田,0,1,A,アシさと
2025,J1,第１節第３日,2025-02-16,14:03,東京Ｖ,清水,0,1,A,国立
2025,J1,第１節第３日,2025-02-16,14:03,町田,広島,1,2,A,Ｇスタ
2025,J2,第１節第２日,2025-02-16,14:03,大分,札幌,2,0,H,クラド
2025,J3,第１節第２日,2025-02-16,14:03,宮崎,長野,0,1,A,いちご
2025,J3,第１節第２日,2025-02-16,14:03,栃木SC,高知,1,0,H,カンセキ
2025,J3,第１節第２日,2025-02-16,14:03,沼津,鳥取,3,0,H,愛鷹
2025,J3,第１節第２日,2025-02-16,14:04,FC大阪,岐阜,1,1,D,花園
2025,J3,第１節第２日,2025-02-16,14:04,奈良,福島,2,2,D,ロートＦ
2025,J3,第１節第２日,2025-02-16,15:03,鹿児島,讃岐,1,1,D,白波スタ
2025,J1,第２節第１日,2025-02-22,14:03,横浜FC,岡山,1,0,H,ニッパツ
2025,J1,第２節第１日,2025-02-22,14:03,名古屋,神戸,2,2,D,豊田ス
2025,J1,第２節第１日,2025-02-22,14:03,京都,浦和,1,1,D,サンガＳ
2025,J1,第２節第１日,2025-02-22,14:03,柏,川崎Ｆ,1,1,D,三協Ｆ柏
2025,J1,第２節第１日,2025-02-22,14:03,清水,新潟,2,0,H,アイスタ
2025,J2,第２節第１日,2025-02-22,14:03,大宮,甲府,1,0,H,ＮＡＣＫ
2025,J2,第２節第１日,2025-02-22,14:03,千葉,富山,2,0,H,フクアリ
2025,J2,第２節第１日,2025-02-22,14:03,磐田,鳥栖,1,0,H,ヤマハ
2025,J3,第２節第１日,2025-02-22,14:03,琉球,FC大阪,0,1,A,タピスタ
2025,J3,第２節第１日,2025-02-22,14:03,相模原,栃木SC,1,0,H,ギオンス
2025,J3,第２節第１日,2025-02-22,14:03,群馬,栃木Ｃ,2,0,H,正田スタ
2025,J3,第２節第１日,2025-02-22,14:03,北九州,長野,2,0,H,ミクスタ
2025,J1,第２節第１日,2025-02-22,15:03,Ｇ大阪,福岡,2,1,H,パナスタ
2025,J1,第２節第１日,2025-02-22,15:03,Ｃ大阪,湘南,1,2,A,ヨドコウ
2025,J1,第２節第１日,2025-02-22,15:03,鹿島,東京Ｖ,4,0,H,カシマ
2025,J1,第２節第１日,2025-02-22,15:03,FC東京,町田,0,1,A,味スタ
2025,J2,第２節第２日,2025-02-23,13:03,山口,長崎,2,2,D,みらスタ
2025,J2,第２節第２日,2025-02-23,13:03,熊本,札幌,3,0,H,えがおＳ
2025,J2,第２節第２日,2025-02-23,14:00,徳島,仙台,1,0,H,鳴門大塚
2025,J1,第２節第２日,2025-02-23,14:03,広島,横浜FM,1,0,H,Ｅピース
2025,J2,第２節第２日,2025-02-23,14:03,今治,藤枝,0,0,D,アシさと
2025,J2,第２節第２日,2025-02-23,14:03,大分,いわき,0,0,D,クラド
2025,J2,第２節第２日,2025-02-23,14:03,水戸,山形,1,0,H,Ｋｓスタ
2025,J3,第２節第２日,2025-02-23,14:03,宮崎,福島,3,1,H,いちご
2025,J3,第２節第２日,2025-02-23,14:03,讃岐,奈良,2,0,H,ピカスタ
2025,J3,第２節第２日,2025-02-23,14:03,沼津,松本,1,1,D,愛鷹
2025,J3,第２節第２日,2025-02-23,14:04,鹿児島,金沢,1,2,A,白波スタ
2025,J3,第２節第２日,2025-02-23,14:05,高知,鳥取,0,0,D,春野陸
2025,J3,第２節第２日,2025-02-23,14:05,岐阜,八戸,0,1,A,長良川
2025,J2,第２節第２日,2025-02-23,15:03,愛媛,秋田,1,2,A,ニンスタ
2025,J1,第３節第１日,2025-02-26,19:01,岡山,Ｇ大阪,2,0,H,ＪＦＥス
2025,J1,第３節第１日,2025-02-26,19:03,清水,広島,1,1,D,アイスタ
2025,J1,第３節第１日,2025-02-26,19:03,FC東京,名古屋,3,1,H,味スタ
2025,J1,第３節第１日,2025-02-26,19:03,福岡,川崎Ｆ,1,2,A,ベススタ
2025,J1,第３節第１日,2025-02-26,19:03,柏,Ｃ大阪,2,1,H,三協Ｆ柏
2025,J1,第３節第１日,2025-02-26,19:03,神戸,京都,1,1,D,ノエスタ
2025,J1,第３節第１日,2025-02-26,19:03,鹿島,新潟,2,1,H,カシマ
2025,J1,第３節第１日,2025-02-26,19:03,横浜FM,横浜FC,0,0,D,日産ス
2025,J1,第３節第１日,2025-02-26,19:03,湘南,浦和,2,1,H,レモンＳ
2025,J1,第３節第１日,2025-02-26,19:03,町田,東京Ｖ,0,1,A,Ｇスタ
2025,J2,第３節第１日,2025-03-01,13:03,仙台,大分,2,0,H,Ｑスタ
2025,J1,第４節第１日,2025-03-01,13:04,横浜FM,湘南,1,1,D,日産ス
2025,J1,第４節第１日,2025-03-01,14:03,鹿島,FC東京,2,0,H,カシマ
2025,J2,第３節第１日,2025-03-01,14:03,千葉,山形,3,2,H,フクアリ
2025,J2,第３節第１日,2025-03-01,14:03,藤枝,秋田,2,1,H,藤枝サ
2025,J2,第３節第１日,2025-03-01,14:03,長崎,磐田,1,0,H,ピースタ
2025,J2,第３節第１日,2025-03-01,14:03,鳥栖,今治,1,4,A,駅スタ
2025,J3,第３節第１日,2025-03-01,14:03,相模原,鹿児島,0,2,A,ギオンス
2025,J3,第３節第１日,2025-03-01,14:03,奈良,松本,2,1,H,ロートＦ
2025,J3,第３節第１日,2025-03-01,14:03,栃木Ｃ,沼津,0,0,D,ＣＦＳ
2025,J3,第３節第１日,2025-03-01,14:03,岐阜,北九州,2,1,H,長良川
2025,J3,第３節第１日,2025-03-01,14:03,長野,群馬,3,2,H,長野Ｕ
2025,J3,第３節第１日,2025-03-01,14:03,琉球,福島,0,1,A,タピスタ
2025,J1,第４節第１日,2025-03-01,15:03,川崎Ｆ,京都,0,1,A,Ｕ等々力
2025,J1,第４節第１日,2025-03-01,15:03,神戸,福岡,0,1,A,ノエスタ
2025,J2,第３節第２日,2025-03-02,13:03,熊本,大宮,0,4,A,えがおＳ
2025,J1,第４節第２日,2025-03-02,14:03,東京Ｖ,Ｇ大阪,0,1,A,味スタ
2025,J1,第４節第２日,2025-03-02,14:03,名古屋,町田,1,2,A,豊田ス
2025,J1,第４節第２日,2025-03-02,14:03,岡山,清水,1,1,D,ＪＦＥス
2025,J1,第４節第２日,2025-03-02,14:03,新潟,Ｃ大阪,2,2,D,デンカＳ
2025,J2,第３節第２日,2025-03-02,14:03,いわき,徳島,1,1,D,ハワスタ
2025,J2,第３節第２日,2025-03-02,14:03,水戸,愛媛,1,1,D,Ｋｓスタ
2025,J2,第３節第２日,2025-03-02,14:03,山口,札幌,2,0,H,みらスタ
2025,J2,第３節第２日,2025-03-02,14:03,富山,甲府,2,0,H,富山
2025,J3,第３節第２日,2025-03-02,14:03,高知,FC大阪,1,2,A,春野陸
2025,J3,第３節第２日,2025-03-02,14:03,鳥取,八戸,1,1,D,Ａｘｉｓ
2025,J3,第３節第２日,2025-03-02,14:03,讃岐,金沢,1,1,D,ピカスタ
2025,J3,第３節第２日,2025-03-02,14:03,栃木SC,宮崎,1,2,A,栃木グ
2025,J1,第４節第２日,2025-03-02,14:31,広島,横浜FC,1,0,H,Ｅピース
2025,J1,第４節第２日,2025-03-02,15:03,浦和,柏,0,2,A,埼玉
2025,J2,第４節第１日,2025-03-08,13:04,仙台,長崎,1,1,D,Ｑスタ
2025,J3,第４節第１日,2025-03-08,13:06,福島,岐阜,4,3,H,とうスタ
2025,J1,第５節第１日,2025-03-08,14:03,浦和,岡山,1,0,H,埼玉
2025,J2,第４節第１日,2025-03-08,14:03,大宮,山口,2,1,H,ＮＡＣＫ
2025,J3,第４節第１日,2025-03-08,14:03,北九州,讃岐,2,0,H,ミクスタ
2025,J3,第４節第１日,2025-03-08,14:03,長野,栃木Ｃ,1,2,A,長野Ｕ
2025,J3,第４節第１日,2025-03-08,14:03,奈良,琉球,2,1,H,ロートＦ
2025,J3,第４節第１日,2025-03-08,14:04,FC大阪,鳥取,1,0,H,花園
2025,J1,第５節第１日,2025-03-08,14:08,新潟,東京Ｖ,2,2,D,デンカＳ
2025,J1,第５節第１日,2025-03-08,15:03,Ｇ大阪,清水,1,0,H,パナスタ
2025,J3,第４節第１日,2025-03-08,15:03,鹿児島,群馬,5,2,H,白波スタ
2025,J1,第５節第１日,2025-03-08,16:03,横浜FC,町田,0,2,A,ニッパツ
2025,J1,第５節第１日,2025-03-08,16:03,柏,鹿島,1,3,A,三協Ｆ柏
2025,J1,第５節第１日,2025-03-08,16:03,FC東京,湘南,0,0,D,味スタ
2025,J1,第５節第１日,2025-03-08,16:03,Ｃ大阪,名古屋,1,1,D,ヨドコウ
2025,J2,第４節第１日,2025-03-08,18:13,愛媛,今治,2,3,A,ニンスタ
2025,J2,第４節第２日,2025-03-09,13:08,札幌,千葉,1,3,A,プレド
2025,J1,第５節第２日,2025-03-09,14:03,京都,福岡,0,1,A,サンガＳ
2025,J2,第４節第２日,2025-03-09,14:03,大分,水戸,0,0,D,クラド
2025,J2,第４節第２日,2025-03-09,14:03,いわき,鳥栖,1,1,D,ハワスタ
2025,J2,第４節第２日,2025-03-09,14:03,富山,磐田,3,1,H,富山
2025,J2,第４節第２日,2025-03-09,14:03,徳島,熊本,0,0,D,鳴門大塚
2025,J2,第４節第２日,2025-03-09,14:03,山形,秋田,4,2,H,ＮＤスタ
2025,J3,第４節第２日,2025-03-09,14:03,宮崎,松本,0,0,D,いちご
2025,J3,第４節第２日,2025-03-09,14:03,八戸,相模原,1,2,A,プラスタ
2025,J2,第４節第２日,2025-03-09,14:04,甲府,藤枝,3,3,D,ＪＩＴス
2025,J3,第４節第２日,2025-03-09,14:04,沼津,栃木SC,0,0,D,愛鷹
2025,J3,第４節第２日,2025-03-09,14:08,金沢,高知,1,2,A,ゴースタ
2025,J2,第５節第１日,2025-03-15,13:03,秋田,札幌,1,3,A,ソユスタ
2025,J3,第５節第１日,2025-03-15,13:03,高知,鹿児島,2,2,D,春野陸
2025,J1,第６節第１日,2025-03-15,14:03,東京Ｖ,名古屋,2,1,H,味スタ
2025,J1,第６節第１日,2025-03-15,14:03,横浜FC,Ｃ大阪,2,0,H,ニッパツ
2025,J1,第６節第１日,2025-03-15,14:03,福岡,FC東京,1,0,H,ベススタ
2025,J1,第６節第１日,2025-03-15,14:03,町田,新潟,1,0,H,Ｇスタ
2025,J2,第５節第１日,2025-03-15,14:03,磐田,甲府,2,1,H,エコパ
2025,J2,第５節第１日,2025-03-15,14:03,鳥栖,大宮,1,0,H,駅スタ
2025,J3,第５節第１日,2025-03-15,14:03,北九州,八戸,1,0,H,ミクスタ
2025,J3,第５節第１日,2025-03-15,14:03,相模原,奈良,1,1,D,ギオンス
2025,J3,第５節第１日,2025-03-15,14:03,讃岐,琉球,1,0,H,ピカスタ
2025,J2,第５節第１日,2025-03-15,14:04,藤枝,いわき,2,0,H,藤枝サ
2025,J2,第５節第１日,2025-03-15,16:03,長崎,徳島,1,0,H,ピースタ
2025,J1,第６節第２日,2025-03-16,13:03,清水,京都,1,2,A,アイスタ
2025,J2,第５節第２日,2025-03-16,13:03,熊本,山形,1,3,A,えがおＳ
2025,J1,第６節第２日,2025-03-16,14:03,岡山,川崎Ｆ,0,0,D,ＪＦＥス
2025,J1,第６節第２日,2025-03-16,14:03,鹿島,浦和,1,1,D,カシマ
2025,J1,第６節第２日,2025-03-16,14:03,横浜FM,Ｇ大阪,2,0,H,日産ス
2025,J1,第６節第２日,2025-03-16,14:03,広島,柏,1,1,D,Ｅピース
2025,J2,第５節第２日,2025-03-16,14:03,水戸,仙台,2,2,D,Ｋｓスタ
2025,J2,第５節第２日,2025-03-16,14:03,山口,大分,1,1,D,みらスタ
2025,J2,第５節第２日,2025-03-16,14:03,今治,富山,0,0,D,アシさと
2025,J2,第５節第２日,2025-03-16,14:03,千葉,愛媛,5,1,H,フクアリ
2025,J3,第５節第２日,2025-03-16,14:03,群馬,鳥取,2,0,H,正田スタ
2025,J3,第５節第２日,2025-03-16,14:03,栃木SC,FC大阪,1,0,H,栃木グ
2025,J3,第５節第２日,2025-03-16,14:03,栃木Ｃ,宮崎,3,2,H,ＣＦＳ
2025,J1,第６節第２日,2025-03-16,15:03,湘南,神戸,1,2,A,レモンＳ
2025,J3,第５節第２日,2025-03-16,19:03,岐阜,金沢,1,2,A,長良川
2025,J2,第６節第１日,2025-03-23,13:03,仙台,磐田,2,3,A,Ｑスタ
2025,J3,第６節第１日,2025-03-23,13:03,八戸,高知,3,2,H,プラスタ
2025,J2,第６節第１日,2025-03-23,13:18,山口,熊本,0,1,A,みらスタ
2025,J2,第６節第１日,2025-03-23,14:00,愛媛,札幌,1,2,A,ニンスタ
2025,J2,第６節第１日,2025-03-23,14:03,鳥栖,富山,1,0,H,駅スタ
2025,J2,第６節第１日,2025-03-23,14:03,山形,徳島,0,0,D,ＮＤスタ
2025,J2,第６節第１日,2025-03-23,14:03,大分,藤枝,1,1,D,クラド
2025,J2,第６節第１日,2025-03-23,14:03,いわき,今治,0,1,A,ハワスタ
2025,J2,第６節第１日,2025-03-23,14:03,甲府,千葉,1,2,A,ＪＩＴス
2025,J2,第６節第１日,2025-03-23,14:03,長崎,秋田,5,1,H,ピースタ
2025,J3,第６節第１日,2025-03-23,14:03,讃岐,栃木Ｃ,0,1,A,ピカスタ
2025,J3,第６節第１日,2025-03-23,14:03,長野,福島,2,0,H,長野Ｕ
2025,J3,第６節第１日,2025-03-23,14:03,FC大阪,金沢,1,0,H,花園
2025,J3,第６節第１日,2025-03-23,14:03,鹿児島,北九州,1,0,H,白波スタ
2025,J3,第６節第１日,2025-03-23,14:03,鳥取,岐阜,3,0,H,Ａｘｉｓ
2025,J3,第６節第１日,2025-03-23,14:03,沼津,宮崎,0,1,A,愛鷹
2025,J3,第６節第１日,2025-03-23,14:03,松本,相模原,2,0,H,サンアル
2025,J3,第６節第１日,2025-03-23,14:03,琉球,栃木SC,2,1,H,タピスタ
2025,J3,第６節第１日,2025-03-23,14:03,奈良,群馬,3,1,H,ロートＦ
2025,J2,第６節第１日,2025-03-23,14:04,大宮,水戸,2,0,H,ＮＡＣＫ
2025,J1,第７節第１日,2025-03-28,19:03,Ｃ大阪,浦和,1,1,D,ヨドコウ
2025,J1,第７節第２日,2025-03-29,13:00,岡山,横浜FM,1,0,H,ＪＦＥス
2025,J1,第７節第２日,2025-03-29,13:03,清水,湘南,3,0,H,アイスタ
2025,J1,第７節第２日,2025-03-29,14:03,京都,広島,1,0,H,サンガＳ
2025,J1,第７節第２日,2025-03-29,14:03,新潟,Ｇ大阪,3,3,D,デンカＳ
2025,J1,第７節第２日,2025-03-29,14:03,柏,東京Ｖ,0,0,D,三協Ｆ柏
2025,J1,第７節第２日,2025-03-29,14:03,名古屋,横浜FC,2,1,H,豊田ス
2025,J2,第７節第１日,2025-03-29,14:03,札幌,甲府,0,1,A,プレド
2025,J3,第７節第１日,2025-03-29,14:03,岐阜,松本,1,1,D,長良川
2025,J1,第７節第２日,2025-03-29,15:03,鹿島,神戸,1,0,H,カシマ
2025,J1,第７節第２日,2025-03-29,15:04,福岡,町田,2,2,D,ベススタ
2025,J1,第７節第２日,2025-03-29,17:03,FC東京,川崎Ｆ,0,3,A,味スタ
2025,J2,第７節第２日,2025-03-30,13:03,熊本,鳥栖,3,1,H,えがおＳ
2025,J3,第７節第２日,2025-03-30,13:03,八戸,奈良,1,1,D,プラスタ
2025,J2,第７節第２日,2025-03-30,14:03,富山,仙台,0,1,A,富山
2025,J2,第７節第２日,2025-03-30,14:03,水戸,いわき,4,1,H,Ｋｓスタ
2025,J2,第７節第２日,2025-03-30,14:03,藤枝,長崎,3,2,H,藤枝サ
2025,J2,第７節第２日,2025-03-30,14:03,今治,山形,2,2,D,アシさと
2025,J2,第７節第２日,2025-03-30,14:03,秋田,山口,1,0,H,ソユスタ
2025,J3,第７節第２日,2025-03-30,14:03,群馬,北九州,0,2,A,正田スタ
2025,J3,第７節第２日,2025-03-30,14:03,相模原,讃岐,1,1,D,ギオンス
2025,J3,第７節第２日,2025-03-30,14:03,FC大阪,沼津,3,1,H,花園
2025,J3,第７節第２日,2025-03-30,14:03,宮崎,鹿児島,1,1,D,いちご
2025,J3,第７節第２日,2025-03-30,14:03,高知,琉球,1,1,D,春野陸
2025,J3,第７節第２日,2025-03-30,14:03,金沢,長野,3,1,H,ゴースタ
2025,J3,第７節第２日,2025-03-30,14:03,栃木SC,栃木Ｃ,1,1,D,カンセキ
2025,J3,第７節第２日,2025-03-30,14:04,福島,鳥取,3,0,H,とうスタ
2025,J2,第７節第２日,2025-03-30,15:03,愛媛,大分,0,1,A,ニンスタ
2025,J2,第７節第２日,2025-03-30,15:03,磐田,千葉,1,0,H,ヤマハ
2025,J2,第７節第２日,2025-03-30,16:04,徳島,大宮,1,0,H,鳴門大塚
2025,J1,第８節第１日,2025-04-02,19:03,Ｇ大阪,町田,0,1,A,パナスタ
2025,J1,第８節第１日,2025-04-02,19:03,Ｃ大阪,岡山,2,1,H,ヨドコウ
2025,J1,第８節第１日,2025-04-02,19:03,京都,柏,1,1,D,サンガＳ
2025,J1,第８節第１日,2025-04-02,19:03,広島,鹿島,1,0,H,Ｅピース
2025,J1,第８節第１日,2025-04-02,19:03,東京Ｖ,FC東京,2,2,D,味スタ
2025,J1,第８節第１日,2025-04-02,19:03,横浜FC,神戸,0,1,A,ニッパツ
2025,J1,第８節第１日,2025-04-02,19:03,川崎Ｆ,湘南,2,0,H,Ｕ等々力
2025,J1,第８節第１日,2025-04-02,19:03,新潟,福岡,0,1,A,デンカＳ
2025,J1,第８節第１日,2025-04-02,19:04,名古屋,横浜FM,2,0,H,豊田ス
2025,J1,第８節第１日,2025-04-02,19:33,浦和,清水,2,1,H,埼玉
2025,J2,第８節第１日,2025-04-05,13:03,仙台,秋田,1,0,H,Ｑスタ
2025,J2,第８節第１日,2025-04-05,13:33,甲府,いわき,1,0,H,ＪＩＴス
2025,J1,第９節第１日,2025-04-05,14:03,横浜FM,東京Ｖ,0,0,D,日産ス
2025,J2,第８節第１日,2025-04-05,14:03,千葉,水戸,2,1,H,フクアリ
2025,J2,第８節第１日,2025-04-05,14:03,鳥栖,藤枝,1,0,H,駅スタ
2025,J2,第８節第１日,2025-04-05,14:03,札幌,徳島,1,0,H,プレド
2025,J2,第８節第１日,2025-04-05,14:03,山形,磐田,0,0,D,ＮＤスタ
2025,J2,第８節第１日,2025-04-05,14:03,山口,愛媛,1,1,D,みらスタ
2025,J3,第８節第１日,2025-04-05,14:03,奈良,岐阜,1,1,D,ロートＦ
2025,J3,第８節第１日,2025-04-05,14:03,松本,高知,0,5,A,サンアル
2025,J3,第８節第１日,2025-04-05,14:03,群馬,宮崎,0,0,D,正田スタ
2025,J3,第８節第１日,2025-04-05,14:03,北九州,FC大阪,1,0,H,ミクスタ
2025,J2,第８節第１日,2025-04-05,14:04,大宮,大分,2,2,D,ＮＡＣＫ
2025,J3,第８節第１日,2025-04-05,17:03,琉球,相模原,2,0,H,沖縄県陸
2025,J1,第９節第２日,2025-04-06,13:01,岡山,FC東京,1,0,H,ＪＦＥス
2025,J2,第８節第２日,2025-04-06,13:03,熊本,富山,0,0,D,えがおＳ
2025,J3,第８節第２日,2025-04-06,13:03,長野,鹿児島,1,3,A,長野Ｕ
2025,J2,第８節第２日,2025-04-06,13:33,今治,長崎,4,1,H,アシさと
2025,J1,第９節第２日,2025-04-06,14:03,横浜FC,清水,2,0,H,ニッパツ
2025,J1,第９節第２日,2025-04-06,14:03,神戸,新潟,0,1,A,国立
2025,J1,第９節第２日,2025-04-06,14:03,町田,川崎Ｆ,2,2,D,Ｇスタ
2025,J3,第８節第２日,2025-04-06,14:03,栃木SC,八戸,0,1,A,栃木グ
2025,J3,第８節第２日,2025-04-06,14:03,栃木Ｃ,福島,2,2,D,ＣＦＳ
2025,J3,第８節第２日,2025-04-06,14:03,鳥取,金沢,1,1,D,Ａｘｉｓ
2025,J3,第８節第２日,2025-04-06,14:03,沼津,讃岐,1,1,D,愛鷹
2025,J1,第９節第２日,2025-04-06,14:04,福岡,浦和,1,0,H,ベススタ
2025,J1,第９節第２日,2025-04-06,15:03,広島,Ｃ大阪,2,1,H,Ｅピース
2025,J1,第９節第２日,2025-04-06,15:03,柏,Ｇ大阪,1,0,H,三協Ｆ柏
2025,J1,第９節第２日,2025-04-06,15:03,鹿島,京都,3,4,A,カシマ
2025,J1,第９節第２日,2025-04-06,15:03,湘南,名古屋,2,1,H,レモンＳ
2025,J1,第５節第３日,2025-04-09,19:03,川崎Ｆ,横浜FM,3,3,D,Ｕ等々力
2025,J1,第１０節第１日,2025-04-11,19:03,FC東京,柏,1,1,D,国立
2025,J2,第９節第１日,2025-04-12,13:03,仙台,今治,0,0,D,Ｑスタ
2025,J1,第１０節第２日,2025-04-12,14:03,Ｇ大阪,名古屋,2,0,H,パナスタ
2025,J1,第１０節第２日,2025-04-12,14:03,清水,川崎Ｆ,1,1,D,アイスタ
2025,J1,第１０節第２日,2025-04-12,14:03,広島,岡山,0,1,A,Ｅピース
2025,J1,第１０節第２日,2025-04-12,14:03,福岡,横浜FM,2,1,H,ベススタ
2025,J2,第９節第１日,2025-04-12,14:03,いわき,山形,0,1,A,ハワスタ
2025,J2,第９節第１日,2025-04-12,14:03,水戸,札幌,3,1,H,Ｋｓスタ
2025,J3,第９節第１日,2025-04-12,14:03,FC大阪,八戸,1,0,H,花園
2025,J3,第９節第１日,2025-04-12,14:03,福島,北九州,1,0,H,とうスタ
2025,J3,第９節第１日,2025-04-12,14:03,宮崎,鳥取,2,1,H,いちご
2025,J1,第１０節第２日,2025-04-12,15:03,東京Ｖ,神戸,0,1,A,味スタ
2025,J1,第１０節第２日,2025-04-12,15:05,Ｃ大阪,鹿島,1,0,H,ヨドコウ
2025,J1,第１０節第２日,2025-04-12,16:03,京都,湘南,2,0,H,サンガＳ
2025,J3,第９節第２日,2025-04-13,13:03,長野,琉球,1,1,D,長野Ｕ
2025,J3,第９節第２日,2025-04-13,13:03,鹿児島,沼津,1,1,D,白波スタ
2025,J1,第１０節第３日,2025-04-13,14:03,町田,浦和,0,2,A,国立
2025,J1,第１０節第３日,2025-04-13,14:03,新潟,横浜FC,0,0,D,デンカＳ
2025,J2,第９節第２日,2025-04-13,14:03,富山,山口,2,2,D,富山
2025,J2,第９節第２日,2025-04-13,14:03,大分,徳島,1,1,D,クラド
2025,J2,第９節第２日,2025-04-13,14:03,藤枝,千葉,2,3,A,藤枝サ
2025,J2,第９節第２日,2025-04-13,14:03,秋田,大宮,1,2,A,ソユスタ
2025,J3,第９節第２日,2025-04-13,14:03,高知,栃木Ｃ,0,5,A,春野陸
2025,J3,第９節第２日,2025-04-13,14:03,岐阜,栃木SC,0,1,A,長良川
2025,J3,第９節第２日,2025-04-13,14:03,讃岐,松本,0,2,A,ピカスタ
2025,J3,第９節第２日,2025-04-13,14:03,金沢,奈良,2,1,H,ゴースタ
2025,J2,第９節第２日,2025-04-13,14:05,長崎,鳥栖,0,2,A,ピースタ
2025,J3,第９節第２日,2025-04-13,14:08,相模原,群馬,1,1,D,ギオンス
2025,J2,第９節第２日,2025-04-13,15:03,磐田,熊本,1,1,D,ヤマハ
2025,J2,第９節第２日,2025-04-13,16:03,愛媛,甲府,0,0,D,ニンスタ
2025,J1,第１２節第１日,2025-04-16,19:03,横浜FM,清水,2,3,A,日産ス
2025,J1,第１２節第１日,2025-04-16,19:03,神戸,川崎Ｆ,2,1,H,ノエスタ
2025,J1,第２０節第１日,2025-04-16,19:33,浦和,京都,2,1,H,埼玉
2025,J3,第１０節第１日,2025-04-18,14:03,FC大阪,群馬,4,3,H,紀三井寺
2025,J1,第１１節第１日,2025-04-19,14:03,新潟,京都,1,2,A,デンカＳ
2025,J2,第１０節第１日,2025-04-19,14:03,鳥栖,山口,2,2,D,駅スタ
2025,J2,第１０節第１日,2025-04-19,14:03,山形,愛媛,2,3,A,ＮＤスタ
2025,J2,第１０節第１日,2025-04-19,14:04,甲府,長崎,1,1,D,ＪＩＴス
2025,J3,第１０節第２日,2025-04-19,14:04,奈良,沼津,1,0,H,ロートＦ
2025,J2,第１０節第２日,2025-04-20,13:03,熊本,仙台,0,1,A,えがおＳ
2025,J3,第１０節第３日,2025-04-20,13:03,八戸,長野,1,0,H,プラスタ
2025,J3,第１０節第３日,2025-04-20,13:03,福島,高知,3,4,A,とうスタ
2025,J1,第１１節第２日,2025-04-20,14:03,横浜FC,Ｇ大阪,1,1,D,ニッパツ
2025,J1,第１１節第２日,2025-04-20,14:03,名古屋,広島,2,1,H,豊田ス
2025,J1,第１１節第２日,2025-04-20,14:03,神戸,町田,1,0,H,ノエスタ
2025,J1,第１１節第２日,2025-04-20,14:03,岡山,鹿島,1,2,A,ＪＦＥス
2025,J2,第１０節第２日,2025-04-20,14:03,秋田,磐田,2,1,H,ソユスタ
2025,J2,第１０節第２日,2025-04-20,14:03,千葉,大分,1,0,H,フクアリ
2025,J2,第１０節第２日,2025-04-20,14:03,富山,いわき,1,2,A,富山
2025,J2,第１０節第２日,2025-04-20,14:03,今治,大宮,0,0,D,アシさと
2025,J2,第１０節第２日,2025-04-20,14:03,札幌,藤枝,2,1,H,プレド
2025,J2,第１０節第２日,2025-04-20,14:03,徳島,水戸,0,1,A,鳴門大塚
2025,J3,第１０節第３日,2025-04-20,14:03,栃木SC,金沢,0,1,A,栃木グ
2025,J3,第１０節第３日,2025-04-20,14:03,松本,栃木Ｃ,0,1,A,サンアル
2025,J3,第１０節第３日,2025-04-20,14:03,鳥取,鹿児島,0,0,D,ヤジン
2025,J3,第１０節第３日,2025-04-20,14:03,北九州,相模原,1,1,D,ミクスタ
2025,J3,第１０節第３日,2025-04-20,14:03,岐阜,讃岐,1,0,H,長良川
2025,J1,第１１節第２日,2025-04-20,14:04,清水,福岡,3,1,H,アイスタ
2025,J1,第１１節第２日,2025-04-20,15:03,Ｃ大阪,FC東京,1,1,D,ヨドコウ
2025,J1,第１１節第２日,2025-04-20,15:03,湘南,柏,0,1,A,レモンＳ
2025,J1,第１１節第２日,2025-04-20,15:03,川崎Ｆ,東京Ｖ,0,0,D,Ｕ等々力
2025,J1,第１１節第２日,2025-04-20,16:03,浦和,横浜FM,3,1,H,埼玉
2025,J3,第１０節第３日,2025-04-20,17:03,琉球,宮崎,1,1,D,沖縄県陸
2025,J3,第５節第３日,2025-04-23,19:03,福島,沼津,1,1,D,とうスタ
2025,J1,第１２節第２日,2025-04-25,19:03,東京Ｖ,Ｃ大阪,1,0,H,味スタ
2025,J1,第１２節第２日,2025-04-25,19:03,町田,湘南,0,1,A,Ｇスタ
2025,J1,第１２節第２日,2025-04-25,19:03,京都,横浜FC,2,1,H,サンガＳ
2025,J1,第１２節第２日,2025-04-25,19:03,福岡,岡山,1,1,D,ベススタ
2025,J1,第１２節第２日,2025-04-25,19:03,鹿島,名古屋,1,0,H,カシマ
2025,J2,第１１節第１日,2025-04-25,19:03,磐田,大分,0,3,A,ヤマハ
2025,J2,第１１節第１日,2025-04-25,19:03,鳥栖,山形,2,1,H,駅スタ
2025,J2,第１１節第１日,2025-04-25,19:03,長崎,いわき,3,4,A,ピースタ
2025,J2,第１１節第１日,2025-04-25,19:03,藤枝,熊本,0,2,A,藤枝サ
2025,J2,第１１節第１日,2025-04-25,19:03,仙台,愛媛,1,1,D,Ｑスタ
2025,J2,第１１節第１日,2025-04-25,19:03,千葉,秋田,3,1,H,フクアリ
2025,J2,第１１節第１日,2025-04-25,19:03,水戸,甲府,0,0,D,Ｋｓスタ
2025,J2,第１１節第１日,2025-04-25,19:03,大宮,札幌,1,0,H,ＮＡＣＫ
2025,J1,第１２節第２日,2025-04-25,19:33,FC東京,Ｇ大阪,3,0,H,国立
2025,J1,第１２節第２日,2025-04-25,19:33,浦和,広島,1,0,H,埼玉
2025,J1,第１２節第３日,2025-04-26,14:03,柏,新潟,1,1,D,三協Ｆ柏
2025,J2,第１１節第２日,2025-04-26,14:03,山口,今治,1,2,A,みらスタ
2025,J2,第１１節第２日,2025-04-26,14:03,徳島,富山,1,0,H,鳴門大塚
2025,J3,第１節第３日,2025-04-26,14:03,北九州,松本,1,2,A,ミクスタ
2025,J3,第１節第４日,2025-04-27,13:03,八戸,金沢,2,0,H,プラスタ
2025,J1,第１３節第１日,2025-04-29,13:09,FC東京,清水,0,2,A,味スタ
2025,J1,第１３節第１日,2025-04-29,14:03,広島,新潟,0,1,A,Ｅピース
2025,J1,第１３節第１日,2025-04-29,14:03,岡山,東京Ｖ,0,1,A,ＪＦＥス
2025,J1,第１３節第１日,2025-04-29,14:03,名古屋,柏,1,2,A,豊田ス
2025,J1,第１３節第１日,2025-04-29,14:03,横浜FC,鹿島,0,3,A,ニッパツ
2025,J2,第１２節第１日,2025-04-29,14:03,熊本,千葉,0,0,D,えがおＳ
2025,J2,第１２節第１日,2025-04-29,14:03,水戸,今治,0,0,D,Ｋｓスタ
2025,J2,第１２節第１日,2025-04-29,14:03,いわき,大宮,2,1,H,ハワスタ
2025,J2,第１２節第１日,2025-04-29,14:03,札幌,長崎,2,2,D,プレド
2025,J2,第１２節第１日,2025-04-29,14:03,富山,山形,0,0,D,富山
2025,J2,第１２節第１日,2025-04-29,14:03,大分,鳥栖,1,0,H,クラド
2025,J2,第１２節第１日,2025-04-29,14:03,秋田,徳島,0,2,A,ソユスタ
2025,J2,第１２節第１日,2025-04-29,14:03,甲府,仙台,1,2,A,ＪＩＴス
2025,J1,第１３節第１日,2025-04-29,15:03,Ｇ大阪,京都,2,1,H,パナスタ
2025,J1,第１３節第１日,2025-04-29,15:03,Ｃ大阪,町田,1,2,A,ヨドコウ
2025,J1,第１３節第１日,2025-04-29,15:03,湘南,福岡,0,0,D,レモンＳ
2025,J2,第１２節第１日,2025-04-29,15:03,磐田,山口,0,1,A,ヤマハ
2025,J2,第１２節第１日,2025-04-29,15:03,愛媛,藤枝,2,4,A,ニンスタ
2025,J1,第１４節第１日,2025-05-03,13:03,広島,福岡,2,1,H,Ｅピース
2025,J2,第１３節第１日,2025-05-03,13:03,仙台,山口,3,1,H,Ｑスタ
2025,J2,第１３節第１日,2025-05-03,13:05,いわき,秋田,1,1,D,ハワスタ
2025,J2,第１３節第１日,2025-05-03,13:33,甲府,徳島,0,2,A,ＪＩＴス
2025,J1,第１４節第１日,2025-05-03,14:03,新潟,FC東京,2,3,A,デンカＳ
2025,J1,第１４節第１日,2025-05-03,14:03,清水,名古屋,0,3,A,国立
2025,J2,第１３節第１日,2025-05-03,14:03,大宮,富山,2,2,D,ＮＡＣＫ
2025,J2,第１３節第１日,2025-05-03,14:03,山形,札幌,0,1,A,ＮＤスタ
2025,J2,第１３節第１日,2025-05-03,14:03,鳥栖,千葉,1,1,D,駅スタ
2025,J2,第１３節第１日,2025-05-03,14:03,大分,熊本,1,0,H,クラド
2025,J2,第１３節第１日,2025-05-03,14:03,藤枝,水戸,0,2,A,藤枝サ
2025,J2,第１３節第１日,2025-05-03,14:03,今治,磐田,3,3,D,アシさと
2025,J3,第１１節第１日,2025-05-03,14:03,群馬,岐阜,1,1,D,正田スタ
2025,J3,第１１節第１日,2025-05-03,14:03,鹿児島,奈良,1,2,A,白波スタ
2025,J3,第１１節第１日,2025-05-03,14:03,宮崎,高知,3,2,H,いちご
2025,J3,第１１節第１日,2025-05-03,14:03,鳥取,琉球,2,0,H,Ａｘｉｓ
2025,J3,第１１節第１日,2025-05-03,14:03,栃木Ｃ,FC大阪,2,1,H,ＣＦＳ
2025,J3,第１１節第１日,2025-05-03,14:03,讃岐,福島,1,2,A,ピカスタ
2025,J3,第１１節第１日,2025-05-03,14:03,沼津,八戸,0,1,A,愛鷹
2025,J3,第１１節第１日,2025-05-03,14:03,北九州,栃木SC,0,0,D,ミクスタ
2025,J3,第１１節第１日,2025-05-03,15:02,松本,金沢,2,1,H,サンアル
2025,J1,第１４節第１日,2025-05-03,15:03,Ｇ大阪,湘南,4,0,H,パナスタ
2025,J1,第１４節第１日,2025-05-03,15:03,鹿島,町田,1,0,H,カシマ
2025,J1,第１４節第１日,2025-05-03,15:03,浦和,東京Ｖ,2,0,H,埼玉
2025,J1,第１４節第１日,2025-05-03,15:03,神戸,岡山,2,0,H,ノエスタ
2025,J2,第１３節第１日,2025-05-03,16:03,長崎,愛媛,1,1,D,ピースタ
2025,J3,第１１節第１日,2025-05-03,18:03,長野,相模原,1,1,D,長野Ｕ
2025,J1,第１４節第１日,2025-05-03,19:03,京都,Ｃ大阪,2,3,A,サンガＳ
2025,J2,第１４節第１日,2025-05-06,13:03,仙台,藤枝,2,1,H,Ｑスタ
2025,J3,第１２節第１日,2025-05-06,13:58,福島,群馬,2,4,A,とうスタ
2025,J2,第１４節第１日,2025-05-06,14:00,富山,長崎,1,2,A,富山
2025,J1,第１５節第１日,2025-05-06,14:03,浦和,Ｇ大阪,0,1,A,埼玉
2025,J1,第１５節第１日,2025-05-06,14:03,福岡,鹿島,0,1,A,ベススタ
2025,J1,第１５節第１日,2025-05-06,14:03,神戸,Ｃ大阪,1,3,A,ノエスタ
2025,J2,第１４節第１日,2025-05-06,14:03,山口,水戸,1,2,A,みらスタ
2025,J2,第１４節第１日,2025-05-06,14:03,山形,大分,3,0,H,ＮＤスタ
2025,J2,第１４節第１日,2025-05-06,14:03,札幌,磐田,2,4,A,プレド
2025,J3,第１２節第１日,2025-05-06,14:03,相模原,鳥取,1,0,H,ギオンス
2025,J3,第１２節第１日,2025-05-06,14:03,高知,讃岐,0,2,A,春野陸
2025,J3,第１２節第１日,2025-05-06,14:03,金沢,北九州,0,1,A,ゴースタ
2025,J3,第１２節第１日,2025-05-06,14:03,八戸,栃木Ｃ,0,0,D,プラスタ
2025,J3,第１２節第１日,2025-05-06,14:03,奈良,宮崎,0,1,A,ロートＦ
2025,J3,第１２節第１日,2025-05-06,14:05,栃木SC,長野,1,0,H,カンセキ
2025,J1,第１５節第１日,2025-05-06,15:03,名古屋,岡山,0,0,D,豊田ス
2025,J2,第１４節第１日,2025-05-06,15:03,愛媛,いわき,1,1,D,ニンスタ
2025,J2,第１４節第１日,2025-05-06,15:03,秋田,甲府,0,1,A,ソユスタ
2025,J2,第１４節第１日,2025-05-06,15:03,熊本,今治,0,1,A,えがおＳ
2025,J2,第１４節第１日,2025-05-06,15:53,徳島,鳥栖,0,1,A,鳴門大塚
2025,J1,第１５節第１日,2025-05-06,16:03,東京Ｖ,横浜FC,2,0,H,味スタ
2025,J1,第１５節第１日,2025-05-06,16:03,柏,清水,1,0,H,三協Ｆ柏
2025,J2,第１４節第１日,2025-05-06,16:06,千葉,大宮,1,2,A,国立
2025,J3,第１２節第１日,2025-05-06,18:03,琉球,鹿児島,1,2,A,沖縄県陸
2025,J3,第１２節第１日,2025-05-06,19:03,岐阜,沼津,3,2,H,長良川
2025,J1,第１５節第２日,2025-05-07,19:03,湘南,広島,0,1,A,レモンＳ
2025,J1,第１５節第２日,2025-05-07,19:03,町田,京都,1,2,A,Ｇスタ
2025,J3,第１２節第２日,2025-05-07,19:03,FC大阪,松本,1,0,H,花園
2025,J1,第１６節第１日,2025-05-10,14:03,横浜FC,福岡,1,0,H,ニッパツ
2025,J2,第１５節第１日,2025-05-10,14:03,大宮,仙台,3,0,H,ＮＡＣＫ
2025,J1,第１６節第１日,2025-05-10,15:03,FC東京,神戸,1,0,H,味スタ
2025,J1,第１６節第１日,2025-05-10,16:03,柏,岡山,2,0,H,三協Ｆ柏
2025,J2,第１５節第２日,2025-05-11,13:03,いわき,札幌,1,1,D,ハワスタ
2025,J2,第１５節第２日,2025-05-11,13:03,磐田,藤枝,1,0,H,ヤマハ
2025,J1,第１６節第２日,2025-05-11,13:08,清水,町田,2,2,D,アイスタ
2025,J1,第１６節第２日,2025-05-11,13:10,鹿島,川崎Ｆ,2,1,H,国立
2025,J1,第１６節第２日,2025-05-11,14:03,京都,名古屋,1,1,D,サンガＳ
2025,J2,第１５節第２日,2025-05-11,14:03,今治,千葉,0,1,A,アシさと
2025,J2,第１５節第２日,2025-05-11,14:03,徳島,山口,2,0,H,鳴門大塚
2025,J2,第１５節第２日,2025-05-11,14:03,長崎,山形,1,1,D,ピースタ
2025,J2,第１５節第２日,2025-05-11,14:03,鳥栖,甲府,0,0,D,駅スタ
2025,J2,第１５節第２日,2025-05-11,14:03,水戸,秋田,2,1,H,Ｋｓスタ
2025,J1,第１６節第２日,2025-05-11,14:08,新潟,浦和,1,1,D,デンカＳ
2025,J2,第１５節第２日,2025-05-11,14:08,富山,大分,1,1,D,富山
2025,J1,第１６節第２日,2025-05-11,15:03,東京Ｖ,湘南,0,2,A,味スタ
2025,J1,第１６節第２日,2025-05-11,15:03,Ｇ大阪,広島,0,1,A,パナスタ
2025,J1,第１６節第２日,2025-05-11,15:03,Ｃ大阪,横浜FM,1,0,H,ヨドコウ
2025,J2,第１５節第２日,2025-05-11,15:03,熊本,愛媛,2,2,D,えがおＳ
2025,J1,第１４節第２日,2025-05-14,19:03,川崎Ｆ,横浜FC,2,1,H,Ｕ等々力
2025,J1,第１４節第２日,2025-05-14,19:03,横浜FM,柏,0,2,A,日産ス
2025,J3,第５節第４日,2025-05-14,19:03,松本,長野,2,2,D,サンアル
2025,J2,第１６節第１日,2025-05-17,13:34,甲府,今治,1,0,H,ＪＩＴス
2025,J1,第１７節第１日,2025-05-17,14:03,広島,東京Ｖ,2,1,H,Ｅピース
2025,J1,第１７節第１日,2025-05-17,14:03,神戸,Ｇ大阪,3,2,H,ノエスタ
2025,J1,第１７節第１日,2025-05-17,14:03,横浜FM,京都,0,3,A,日産ス
2025,J2,第１６節第１日,2025-05-17,14:03,磐田,いわき,2,0,H,ヤマハ
2025,J2,第１６節第１日,2025-05-17,14:03,水戸,熊本,2,1,H,Ｋｓスタ
2025,J2,第１６節第１日,2025-05-17,14:03,札幌,富山,2,1,H,プレド
2025,J2,第１６節第１日,2025-05-17,14:03,千葉,仙台,0,0,D,フクアリ
2025,J2,第１６節第１日,2025-05-17,14:03,秋田,鳥栖,1,2,A,ソユスタ
2025,J2,第１６節第１日,2025-05-17,14:03,藤枝,大宮,0,1,A,藤枝サ
2025,J3,第１３節第１日,2025-05-17,14:03,栃木Ｃ,岐阜,1,0,H,ＣＦＳ
2025,J3,第１３節第１日,2025-05-17,14:03,鹿児島,福島,5,0,H,白波スタ
2025,J3,第１３節第１日,2025-05-17,14:03,群馬,高知,2,2,D,正田スタ
2025,J3,第１３節第１日,2025-05-17,14:03,奈良,栃木SC,0,0,D,ロートＦ
2025,J3,第１３節第１日,2025-05-17,14:03,宮崎,金沢,1,1,D,いちご
2025,J1,第１７節第１日,2025-05-17,14:04,町田,柏,3,0,H,Ｇスタ
2025,J1,第１７節第１日,2025-05-17,14:35,福岡,名古屋,1,1,D,ベススタ
2025,J1,第１７節第１日,2025-05-17,15:03,湘南,横浜FC,0,1,A,レモンＳ
2025,J1,第１７節第１日,2025-05-17,15:04,鹿島,清水,1,0,H,カシマ
2025,J1,第１７節第１日,2025-05-17,16:03,浦和,FC東京,3,2,H,埼玉
2025,J3,第１３節第１日,2025-05-17,19:03,琉球,北九州,0,1,A,沖縄県陸
2025,J3,第１３節第２日,2025-05-18,13:03,松本,鳥取,1,0,H,サンアル
2025,J2,第１６節第２日,2025-05-18,14:03,山口,山形,1,0,H,ＳＶ下関
2025,J2,第１６節第２日,2025-05-18,14:03,大分,長崎,1,2,A,クラド
2025,J3,第１３節第２日,2025-05-18,14:03,讃岐,八戸,2,1,H,ピカスタ
2025,J3,第１３節第２日,2025-05-18,14:03,相模原,FC大阪,1,2,A,ギオンス
2025,J3,第１３節第２日,2025-05-18,14:04,沼津,長野,0,0,D,愛鷹
2025,J1,第１７節第２日,2025-05-18,15:03,川崎Ｆ,Ｃ大阪,2,0,H,Ｕ等々力
2025,J1,第１７節第２日,2025-05-18,15:04,岡山,新潟,2,1,H,ＪＦＥス
2025,J2,第１６節第２日,2025-05-18,18:03,愛媛,徳島,0,2,A,ニンスタ
2025,J1,第１３節第２日,2025-05-21,19:03,川崎Ｆ,浦和,2,2,D,Ｕ等々力
2025,J1,第１３節第２日,2025-05-21,19:03,横浜FM,神戸,1,2,A,日産ス
2025,J1,第１８節第１日,2025-05-24,15:03,Ｃ大阪,福岡,2,0,H,ヨドコウ
2025,J1,第１８節第１日,2025-05-24,17:33,名古屋,浦和,2,1,H,豊田ス
2025,J1,第１８節第２日,2025-05-25,13:03,岡山,町田,2,2,D,ＪＦＥス
2025,J2,第１７節第１日,2025-05-25,13:03,いわき,仙台,1,2,A,ハワスタ
2025,J1,第１８節第２日,2025-05-25,14:03,新潟,湘南,2,1,H,デンカＳ
2025,J1,第１８節第２日,2025-05-25,14:03,清水,神戸,3,2,H,アイスタ
2025,J1,第１８節第２日,2025-05-25,14:03,横浜FM,鹿島,3,1,H,日産ス
2025,J1,第１８節第２日,2025-05-25,14:03,横浜FC,柏,1,1,D,ニッパツ
2025,J2,第１７節第１日,2025-05-25,14:03,山口,藤枝,0,0,D,みらスタ
2025,J2,第１７節第１日,2025-05-25,14:03,山形,甲府,0,4,A,ＮＤスタ
2025,J2,第１７節第１日,2025-05-25,14:03,長崎,千葉,1,0,H,ピースタ
2025,J2,第１７節第１日,2025-05-25,14:03,鳥栖,札幌,2,1,H,駅スタ
2025,J2,第１７節第１日,2025-05-25,14:04,徳島,磐田,1,1,D,鳴門大塚
2025,J1,第１８節第２日,2025-05-25,15:03,東京Ｖ,京都,1,0,H,味スタ
2025,J1,第１８節第２日,2025-05-25,15:04,FC東京,広島,0,3,A,国立
2025,J1,第１８節第２日,2025-05-25,16:03,川崎Ｆ,Ｇ大阪,2,2,D,Ｕ等々力
2025,J2,第１７節第１日,2025-05-25,16:03,熊本,秋田,1,2,A,えがおＳ
2025,J1,第２２節第１日,2025-05-28,19:33,浦和,Ｃ大阪,0,0,D,埼玉
2025,J1,第１９節第１日,2025-05-31,14:03,名古屋,新潟,3,0,H,豊田ス
2025,J1,第１９節第１日,2025-05-31,14:03,町田,横浜FM,0,3,A,Ｇスタ
2025,J2,第１８節第１日,2025-05-31,14:03,大宮,磐田,2,2,D,ＮＡＣＫ
2025,J2,第１８節第１日,2025-05-31,14:03,仙台,札幌,1,1,D,Ｑスタ
2025,J2,第１８節第１日,2025-05-31,14:03,千葉,山口,0,0,D,フクアリ
2025,J2,第１８節第１日,2025-05-31,14:03,秋田,富山,2,2,D,ソユスタ
2025,J2,第１８節第１日,2025-05-31,14:03,鳥栖,愛媛,2,2,D,駅スタ
2025,J2,第１８節第１日,2025-05-31,14:03,水戸,長崎,3,0,H,Ｋｓスタ
2025,J2,第１８節第１日,2025-05-31,14:03,藤枝,山形,2,1,H,藤枝サ
2025,J3,第１４節第１日,2025-05-31,14:03,鳥取,栃木Ｃ,1,0,H,Ａｘｉｓ
2025,J3,第１４節第１日,2025-05-31,14:03,北九州,宮崎,1,1,D,ミクスタ
2025,J3,第１４節第１日,2025-05-31,14:03,群馬,沼津,0,0,D,正田スタ
2025,J3,第１４節第１日,2025-05-31,14:03,長野,奈良,1,0,H,長野Ｕ
2025,J3,第１４節第１日,2025-05-31,14:03,FC大阪,鹿児島,3,0,H,花園
2025,J1,第１９節第１日,2025-05-31,14:04,福岡,東京Ｖ,0,0,D,ベススタ
2025,J1,第１９節第１日,2025-05-31,16:03,柏,神戸,1,3,A,三協Ｆ柏
2025,J1,第１９節第１日,2025-05-31,17:33,広島,川崎Ｆ,1,2,A,Ｅピース
2025,J1,第１９節第１日,2025-05-31,18:03,Ｇ大阪,鹿島,0,1,A,パナスタ
2025,J2,第１８節第１日,2025-05-31,18:10,今治,徳島,0,1,A,アシさと
2025,J1,第１９節第１日,2025-05-31,19:03,京都,FC東京,3,0,H,サンガＳ
2025,J2,第１８節第１日,2025-05-31,19:03,大分,甲府,2,1,H,クラド
2025,J3,第１４節第１日,2025-05-31,19:03,栃木SC,讃岐,1,0,H,カンセキ
2025,J2,第１８節第２日,2025-06-01,14:03,いわき,熊本,5,1,H,ハワスタ
2025,J3,第１４節第２日,2025-06-01,14:03,八戸,松本,2,0,H,プラスタ
2025,J3,第１４節第２日,2025-06-01,14:03,金沢,琉球,1,2,A,ゴースタ
2025,J3,第１４節第２日,2025-06-01,14:03,福島,相模原,3,3,D,あいづ
2025,J1,第１９節第２日,2025-06-01,15:03,Ｃ大阪,清水,4,2,H,ヨドコウ
2025,J1,第１９節第２日,2025-06-01,15:03,湘南,岡山,1,1,D,レモンＳ
2025,J1,第１９節第２日,2025-06-01,16:04,浦和,横浜FC,2,1,H,埼玉
2025,J3,第１４節第２日,2025-06-01,19:03,岐阜,高知,1,1,D,長良川
2025,J3,第１５節第１日,2025-06-07,14:03,讃岐,FC大阪,0,3,A,レクザム
2025,J3,第１５節第１日,2025-06-07,14:03,松本,福島,1,2,A,サンアル
2025,J2,第１７節第２日,2025-06-07,18:03,今治,大分,1,1,D,アシさと
2025,J3,第１５節第１日,2025-06-07,18:03,鹿児島,岐阜,3,2,H,白波スタ
2025,J3,第１５節第１日,2025-06-07,19:03,宮崎,相模原,4,2,H,いちご
2025,J3,第１５節第１日,2025-06-07,19:03,栃木SC,群馬,0,1,A,カンセキ
2025,J3,第１５節第２日,2025-06-08,13:03,八戸,琉球,1,0,H,プラスタ
2025,J2,第１７節第３日,2025-06-08,14:03,大宮,愛媛,1,1,D,ＮＡＣＫ
2025,J2,第１７節第３日,2025-06-08,14:03,富山,水戸,0,1,A,富山
2025,J3,第１５節第２日,2025-06-08,14:03,栃木Ｃ,北九州,1,0,H,ＣＦＳ
2025,J3,第１５節第２日,2025-06-08,14:03,鳥取,長野,2,0,H,Ａｘｉｓ
2025,J3,第１５節第２日,2025-06-08,14:03,沼津,金沢,3,1,H,愛鷹
2025,J3,第１５節第２日,2025-06-08,14:04,高知,奈良,3,2,H,春野陸
2025,J3,第１６節第１日,2025-06-14,14:05,北九州,沼津,1,0,H,ミクスタ
2025,J3,第１６節第１日,2025-06-14,15:03,奈良,鳥取,1,0,H,ロートＦ
2025,J3,第１６節第１日,2025-06-14,15:03,長野,岐阜,1,2,A,長野Ｕ
2025,J3,第１６節第１日,2025-06-14,17:03,相模原,高知,0,0,D,ギオンス
2025,J1,第２０節第２日,2025-06-14,17:33,湘南,町田,1,2,A,レモンＳ
2025,J1,第２０節第２日,2025-06-14,18:03,横浜FC,川崎Ｆ,0,1,A,ニッパツ
2025,J1,第２０節第２日,2025-06-14,18:03,鹿島,広島,1,1,D,カシマ
2025,J2,第１９節第１日,2025-06-14,18:03,水戸,鳥栖,1,0,H,Ｋｓスタ
2025,J3,第１６節第１日,2025-06-14,18:03,鹿児島,八戸,1,1,D,白波スタ
2025,J3,第１６節第１日,2025-06-14,18:03,琉球,松本,0,3,A,沖縄県陸
2025,J3,第１６節第１日,2025-06-14,18:03,金沢,栃木Ｃ,1,2,A,ゴースタ
2025,J1,第２０節第２日,2025-06-14,19:03,FC東京,Ｃ大阪,2,2,D,味スタ
2025,J3,第１６節第１日,2025-06-14,19:03,宮崎,FC大阪,0,0,D,いちご
2025,J1,第２０節第３日,2025-06-15,14:03,新潟,横浜FM,1,0,H,デンカＳ
2025,J2,第１９節第２日,2025-06-15,14:03,山口,いわき,2,2,D,みらスタ
2025,J2,第１９節第２日,2025-06-15,14:03,富山,藤枝,0,1,A,富山
2025,J2,第１９節第２日,2025-06-15,14:03,札幌,今治,2,2,D,プレド
2025,J2,第１９節第２日,2025-06-15,16:01,山形,仙台,3,4,A,ＮＤスタ
2025,J3,第１６節第２日,2025-06-15,16:03,福島,栃木SC,2,2,D,とうスタ
2025,J2,第１９節第２日,2025-06-15,17:03,長崎,大宮,3,3,D,ピースタ
2025,J2,第１９節第２日,2025-06-15,17:03,磐田,愛媛,4,0,H,エコパ
2025,J1,第２０節第３日,2025-06-15,18:03,神戸,名古屋,2,1,H,ノエスタ
2025,J2,第１９節第２日,2025-06-15,18:03,大分,秋田,1,2,A,クラド
2025,J1,第２０節第３日,2025-06-15,18:04,東京Ｖ,柏,0,3,A,味スタ
2025,J1,第２０節第３日,2025-06-15,18:04,岡山,福岡,0,1,A,ＪＦＥス
2025,J1,第２０節第３日,2025-06-15,18:33,清水,Ｇ大阪,0,0,D,アイスタ
2025,J2,第１９節第２日,2025-06-15,18:33,甲府,熊本,1,1,D,ＪＩＴス
2025,J2,第１９節第２日,2025-06-15,19:03,徳島,千葉,3,3,D,鳴門大塚
2025,J3,第１６節第２日,2025-06-15,19:03,群馬,讃岐,3,3,D,正田スタ
2025,J3,第１７節第１日,2025-06-21,14:03,讃岐,長野,0,1,A,レクザム
2025,J3,第１７節第１日,2025-06-21,14:03,高知,北九州,3,2,H,春野陸
2025,J1,第２１節第１日,2025-06-21,16:03,町田,鹿島,2,1,H,Ｇスタ
2025,J1,第２１節第１日,2025-06-21,16:03,福岡,新潟,3,2,H,ベススタ
2025,J2,第２０節第１日,2025-06-21,16:03,いわき,富山,3,1,H,ハワスタ
2025,J2,第２０節第１日,2025-06-21,18:03,今治,水戸,1,2,A,アシさと
2025,J2,第２０節第１日,2025-06-21,18:03,愛媛,山口,2,0,H,ニンスタ
2025,J3,第１７節第１日,2025-06-21,18:03,奈良,栃木Ｃ,2,1,H,ロートＦ
2025,J3,第１７節第１日,2025-06-21,18:03,松本,鹿児島,1,1,D,サンアル
2025,J3,第１７節第１日,2025-06-21,18:03,沼津,琉球,0,2,A,愛鷹
2025,J3,第１７節第１日,2025-06-21,18:04,金沢,相模原,0,0,D,ゴースタ
2025,J1,第２１節第１日,2025-06-21,18:33,Ｃ大阪,東京Ｖ,2,1,H,ヨドコウ
2025,J1,第２１節第１日,2025-06-21,19:03,川崎Ｆ,神戸,1,2,A,Ｕ等々力
2025,J1,第２１節第１日,2025-06-21,19:03,柏,京都,3,3,D,三協Ｆ柏
2025,J1,第２１節第１日,2025-06-21,19:03,名古屋,清水,1,1,D,豊田ス
2025,J1,第２１節第１日,2025-06-21,19:03,横浜FM,岡山,0,1,A,日産ス
2025,J2,第２０節第１日,2025-06-21,19:03,千葉,磐田,0,1,A,フクアリ
2025,J2,第２０節第１日,2025-06-21,19:03,徳島,大分,2,0,H,鳴門大塚
2025,J2,第２０節第１日,2025-06-21,19:03,藤枝,札幌,1,3,A,藤枝サ
2025,J2,第２０節第１日,2025-06-21,19:03,大宮,鳥栖,0,0,D,ＮＡＣＫ
2025,J3,第１７節第１日,2025-06-21,19:03,鳥取,栃木SC,2,1,H,Ａｘｉｓ
2025,J3,第１７節第１日,2025-06-21,19:03,岐阜,宮崎,2,3,A,長良川
2025,J2,第２０節第２日,2025-06-22,13:39,熊本,長崎,1,3,A,えがおＳ
2025,J3,第１７節第２日,2025-06-22,14:03,八戸,群馬,2,0,H,プラスタ
2025,J2,第２０節第２日,2025-06-22,14:05,秋田,山形,2,3,A,ソユスタ
2025,J3,第１７節第２日,2025-06-22,15:03,FC大阪,福島,7,1,H,花園
2025,J1,第２１節第２日,2025-06-22,18:03,横浜FC,広島,0,4,A,ニッパツ
2025,J2,第２０節第２日,2025-06-22,18:04,仙台,甲府,0,0,D,ユアスタ
2025,J1,第２１節第２日,2025-06-22,18:33,Ｇ大阪,FC東京,2,0,H,パナスタ
2025,J1,第１５節第３日,2025-06-25,19:03,川崎Ｆ,新潟,3,1,H,Ｕ等々力
2025,J1,第１５節第３日,2025-06-25,19:33,横浜FM,FC東京,0,3,A,日産ス
2025,J3,第１８節第１日,2025-06-27,13:03,福島,八戸,0,1,A,とうスタ
2025,J2,第２１節第１日,2025-06-28,14:04,札幌,熊本,3,2,H,プレド
2025,J1,第２２節第２日,2025-06-28,18:03,鹿島,岡山,1,2,A,カシマ
2025,J2,第２１節第１日,2025-06-28,18:03,水戸,徳島,1,1,D,Ｋｓスタ
2025,J2,第２１節第１日,2025-06-28,18:03,富山,千葉,1,0,H,富山
2025,J3,第１８節第２日,2025-06-28,18:03,相模原,沼津,3,1,H,ギオンス
2025,J3,第１８節第２日,2025-06-28,18:03,栃木Ｃ,鹿児島,2,1,H,ＣＦＳ
2025,J3,第１８節第２日,2025-06-28,18:03,北九州,鳥取,1,2,A,ミクスタ
2025,J3,第１８節第２日,2025-06-28,18:03,琉球,岐阜,1,0,H,沖縄県陸
2025,J1,第２２節第２日,2025-06-28,18:33,清水,柏,0,2,A,アイスタ
2025,J2,第２１節第１日,2025-06-28,18:34,甲府,愛媛,0,0,D,ＪＩＴス
2025,J1,第２２節第２日,2025-06-28,19:03,京都,Ｇ大阪,3,1,H,サンガＳ
2025,J1,第２２節第２日,2025-06-28,19:03,広島,名古屋,1,2,A,Ｅピース
2025,J1,第２２節第２日,2025-06-28,19:03,福岡,神戸,0,0,D,ベススタ
2025,J1,第２２節第２日,2025-06-28,19:03,FC東京,横浜FC,2,1,H,味スタ
2025,J1,第２２節第２日,2025-06-28,19:03,湘南,横浜FM,1,1,D,レモンＳ
2025,J2,第２１節第１日,2025-06-28,19:03,鳥栖,いわき,1,0,H,駅スタ
2025,J2,第２１節第１日,2025-06-28,19:03,大分,大宮,0,0,D,クラド
2025,J2,第２１節第１日,2025-06-28,19:03,藤枝,今治,0,0,D,藤枝サ
2025,J2,第２１節第１日,2025-06-28,19:03,山口,秋田,1,1,D,みらスタ
2025,J2,第２１節第１日,2025-06-28,19:03,山形,長崎,1,2,A,ＮＤスタ
2025,J3,第１８節第２日,2025-06-28,19:03,群馬,金沢,0,1,A,正田スタ
2025,J3,第１８節第２日,2025-06-28,19:03,宮崎,讃岐,1,0,H,いちご
2025,J3,第１８節第２日,2025-06-28,19:03,栃木SC,松本,3,1,H,カンセキ
2025,J2,第２１節第１日,2025-06-28,19:33,磐田,仙台,0,1,A,ヤマハ
2025,J1,第２２節第３日,2025-06-29,18:03,新潟,町田,0,4,A,デンカＳ
2025,J1,第２２節第３日,2025-06-29,18:03,東京Ｖ,川崎Ｆ,1,0,H,味スタ
2025,J3,第１８節第３日,2025-06-29,19:03,高知,長野,1,0,H,春野陸
2025,J3,第１８節第４日,2025-06-30,19:03,FC大阪,奈良,1,1,D,花園
2025,J1,第５節第４日,2025-07-02,19:03,神戸,広島,1,0,H,ノエスタ
2025,J2,第２２節第１日,2025-07-05,14:03,札幌,山口,1,0,H,プレド
2025,J1,第２３節第１日,2025-07-05,18:03,町田,清水,3,0,H,Ｇスタ
2025,J2,第２２節第１日,2025-07-05,18:03,長崎,大分,1,0,H,ピースタ
2025,J2,第２２節第１日,2025-07-05,18:03,秋田,水戸,0,2,A,ソユスタ
2025,J3,第１９節第１日,2025-07-05,18:03,奈良,北九州,4,0,H,ロートＦ
2025,J3,第１９節第１日,2025-07-05,18:03,松本,群馬,1,3,A,サンアル
2025,J3,第１９節第１日,2025-07-05,18:03,栃木Ｃ,琉球,3,2,H,ＣＦＳ
2025,J3,第１９節第１日,2025-07-05,18:03,沼津,高知,4,0,H,愛鷹
2025,J3,第１９節第１日,2025-07-05,18:03,金沢,福島,2,1,H,ゴースタ
2025,J3,第１９節第１日,2025-07-05,18:33,八戸,宮崎,2,1,H,プラスタ
2025,J1,第２３節第１日,2025-07-05,19:01,岡山,広島,0,1,A,ＪＦＥス
2025,J1,第２３節第１日,2025-07-05,19:03,柏,FC東京,1,0,H,三協Ｆ柏
2025,J1,第２３節第１日,2025-07-05,19:03,名古屋,東京Ｖ,0,0,D,豊田ス
2025,J1,第２３節第１日,2025-07-05,19:03,神戸,湘南,4,0,H,ノエスタ
2025,J1,第２３節第１日,2025-07-05,19:03,川崎Ｆ,鹿島,2,1,H,Ｕ等々力
2025,J1,第２３節第１日,2025-07-05,19:03,Ｃ大阪,Ｇ大阪,0,1,A,ヨドコウ
2025,J1,第２３節第１日,2025-07-05,19:03,京都,新潟,2,1,H,サンガＳ
2025,J1,第２３節第１日,2025-07-05,19:03,横浜FC,横浜FM,0,1,A,ニッパツ
2025,J2,第２２節第１日,2025-07-05,19:03,千葉,鳥栖,0,2,A,フクアリ
2025,J2,第２２節第１日,2025-07-05,19:03,今治,甲府,2,4,A,アシさと
2025,J2,第２２節第１日,2025-07-05,19:03,徳島,藤枝,0,2,A,鳴門大塚
2025,J2,第２２節第１日,2025-07-05,19:03,仙台,富山,0,1,A,ユアスタ
2025,J2,第２２節第１日,2025-07-05,19:03,大宮,いわき,1,2,A,ＮＡＣＫ
2025,J3,第１９節第１日,2025-07-05,19:03,鳥取,讃岐,1,0,H,Ａｘｉｓ
2025,J3,第１９節第１日,2025-07-05,19:03,鹿児島,栃木SC,1,0,H,白波スタ
2025,J2,第２２節第２日,2025-07-06,18:03,熊本,磐田,2,0,H,えがおＳ
2025,J3,第１９節第２日,2025-07-06,18:03,長野,FC大阪,0,0,D,長野Ｕ
2025,J2,第２２節第２日,2025-07-06,19:03,愛媛,山形,1,3,A,ニンスタ
2025,J3,第１９節第２日,2025-07-06,19:03,岐阜,相模原,1,1,D,長良川
2025,J2,第２３節第１日,2025-07-12,18:03,いわき,長崎,1,1,D,ハワスタ
2025,J2,第２３節第１日,2025-07-12,18:03,水戸,富山,3,0,H,Ｋｓスタ
2025,J2,第２３節第１日,2025-07-12,18:03,秋田,熊本,3,2,H,ソユスタ
2025,J3,第２０節第１日,2025-07-12,18:03,讃岐,栃木SC,4,1,H,ピカスタ
2025,J3,第２０節第１日,2025-07-12,18:03,沼津,鹿児島,0,0,D,愛鷹
2025,J3,第２０節第１日,2025-07-12,18:03,相模原,福島,0,1,A,ギオンス
2025,J3,第２０節第１日,2025-07-12,18:03,FC大阪,宮崎,0,0,D,花園
2025,J3,第２０節第１日,2025-07-12,18:03,高知,金沢,1,1,D,春野陸
2025,J3,第２０節第１日,2025-07-12,18:04,松本,奈良,3,0,H,サンアル
2025,J3,第２０節第１日,2025-07-12,18:04,北九州,栃木Ｃ,1,3,A,ミクスタ
2025,J2,第２３節第１日,2025-07-12,18:08,今治,愛媛,1,0,H,アシさと
2025,J3,第２０節第１日,2025-07-12,18:33,八戸,岐阜,5,1,H,プラスタ
2025,J2,第２３節第１日,2025-07-12,18:34,甲府,大宮,1,0,H,ＪＩＴス
2025,J2,第２３節第１日,2025-07-12,19:03,山口,徳島,0,0,D,みらスタ
2025,J2,第２３節第１日,2025-07-12,19:03,藤枝,仙台,1,1,D,藤枝サ
2025,J2,第２３節第１日,2025-07-12,19:03,鳥栖,大分,2,1,H,駅スタ
2025,J2,第２３節第１日,2025-07-12,19:03,山形,千葉,0,1,A,ＮＤスタ
2025,J3,第２０節第１日,2025-07-12,19:03,琉球,鳥取,1,0,H,沖縄県陸
2025,J3,第２０節第１日,2025-07-12,19:03,群馬,長野,0,0,D,正田スタ
2025,J2,第２３節第１日,2025-07-12,19:33,磐田,札幌,5,1,H,ヤマハ
2025,J3,第２１節第１日,2025-07-19,18:03,讃岐,高知,1,2,A,ピカスタ
2025,J3,第２１節第１日,2025-07-19,18:03,栃木Ｃ,群馬,1,1,D,ＣＦＳ
2025,J3,第２１節第１日,2025-07-19,18:04,長野,松本,1,0,H,長野Ｕ
2025,J1,第２４節第１日,2025-07-19,19:03,FC東京,浦和,3,2,H,味スタ
2025,J1,第２４節第１日,2025-07-19,19:03,湘南,Ｃ大阪,3,3,D,レモンＳ
2025,J3,第２１節第１日,2025-07-19,19:03,鳥取,沼津,4,3,H,Ａｘｉｓ
2025,J3,第２１節第１日,2025-07-19,19:03,金沢,八戸,0,1,A,ゴースタ
2025,J1,第２４節第２日,2025-07-20,18:03,東京Ｖ,町田,0,1,A,味スタ
2025,J1,第２４節第２日,2025-07-20,18:03,鹿島,柏,3,2,H,メルスタ
2025,J3,第２１節第２日,2025-07-20,18:03,福島,琉球,3,3,D,とうスタ
2025,J1,第２４節第２日,2025-07-20,18:33,清水,横浜FC,2,0,H,アイスタ
2025,J1,第２４節第２日,2025-07-20,19:03,Ｇ大阪,川崎Ｆ,2,1,H,パナスタ
2025,J1,第２４節第２日,2025-07-20,19:03,新潟,広島,0,2,A,デンカＳ
2025,J1,第２４節第２日,2025-07-20,19:03,横浜FM,名古屋,3,0,H,日産ス
2025,J1,第２４節第２日,2025-07-20,19:03,岡山,神戸,1,2,A,ＪＦＥス
2025,J3,第２１節第２日,2025-07-20,19:03,栃木SC,相模原,1,2,A,カンセキ
2025,J1,第２４節第３日,2025-07-21,18:03,福岡,京都,2,2,D,ベススタ
2025,J3,第２１節第３日,2025-07-21,19:03,鹿児島,FC大阪,2,1,H,白波スタ
2025,J3,第２１節第３日,2025-07-21,19:03,宮崎,北九州,1,3,A,クロスタ
2025,J3,第２１節第３日,2025-07-21,19:03,岐阜,奈良,1,1,D,長良川
2025,J1,第２１節第３日,2025-07-23,19:33,浦和,湘南,4,1,H,埼玉
2025,J3,第２２節第１日,2025-07-26,18:03,琉球,長野,2,0,H,沖縄県陸
2025,J3,第２２節第１日,2025-07-26,18:03,奈良,金沢,2,1,H,ロートＦ
2025,J3,第２２節第１日,2025-07-26,18:03,栃木Ｃ,栃木SC,0,1,A,ＣＦＳ
2025,J3,第２２節第１日,2025-07-26,18:03,高知,福島,1,0,H,春野陸
2025,J3,第２２節第１日,2025-07-26,18:03,松本,岐阜,1,0,H,サンアル
2025,J3,第２２節第１日,2025-07-26,18:03,FC大阪,讃岐,2,1,H,花園
2025,J3,第２２節第１日,2025-07-26,18:03,沼津,北九州,1,3,A,愛鷹
2025,J3,第２２節第１日,2025-07-26,18:04,相模原,宮崎,1,0,H,ギオンス
2025,J3,第２２節第１日,2025-07-26,18:33,八戸,鳥取,3,2,H,プラスタ
2025,J3,第２２節第１日,2025-07-26,19:03,群馬,鹿児島,2,3,A,正田スタ
2025,J1,第２３節第２日,2025-07-27,19:03,浦和,福岡,0,0,D,埼玉
2025,J2,第２４節第１日,2025-08-02,14:04,札幌,鳥栖,1,0,H,プレド
2025,J2,第２４節第１日,2025-08-02,18:04,富山,大宮,0,2,A,富山
2025,J2,第２４節第１日,2025-08-02,18:04,長崎,仙台,0,0,D,ピースタ
2025,J2,第２４節第１日,2025-08-02,18:33,甲府,山形,1,3,A,ＪＩＴス
2025,J2,第２４節第１日,2025-08-02,19:03,大分,今治,0,1,A,クラド
2025,J2,第２４節第１日,2025-08-02,19:03,千葉,いわき,2,2,D,フクアリ
2025,J2,第２４節第１日,2025-08-02,19:03,藤枝,山口,2,2,D,藤枝サ
2025,J2,第２４節第１日,2025-08-02,19:04,徳島,愛媛,1,0,H,鳴門大塚
2025,J2,第２４節第１日,2025-08-02,19:33,磐田,秋田,1,4,A,ヤマハ
2025,J2,第２４節第２日,2025-08-03,19:03,熊本,水戸,2,1,H,えがおＳ
2025,J1,第２５節第１日,2025-08-09,18:03,横浜FC,浦和,1,2,A,ニッパツ
2025,J1,第２５節第１日,2025-08-09,18:03,東京Ｖ,横浜FM,1,0,H,味スタ
2025,J2,第２５節第１日,2025-08-09,18:03,長崎,札幌,2,1,H,ピースタ
2025,J2,第２５節第１日,2025-08-09,18:03,秋田,藤枝,0,0,D,ソユスタ
2025,J1,第２５節第１日,2025-08-09,19:03,川崎Ｆ,福岡,2,5,A,Ｕ等々力
2025,J2,第２５節第１日,2025-08-09,19:03,大分,富山,2,2,D,クラド
2025,J2,第２５節第１日,2025-08-09,19:03,今治,熊本,3,2,H,アシさと
2025,J2,第２５節第１日,2025-08-09,19:04,大宮,千葉,0,1,A,ＮＡＣＫ
2025,J2,第２５節第２日,2025-08-10,18:04,いわき,磐田,3,1,H,ハワスタ
2025,J1,第２５節第２日,2025-08-10,18:36,広島,清水,0,0,D,Ｅピース
2025,J1,第２５節第２日,2025-08-10,19:03,柏,湘南,2,0,H,三協Ｆ柏
2025,J1,第２５節第２日,2025-08-10,19:03,FC東京,鹿島,0,1,A,味スタ
2025,J1,第２５節第２日,2025-08-10,19:03,Ｇ大阪,岡山,0,3,A,パナスタ
2025,J2,第２５節第２日,2025-08-10,19:03,愛媛,鳥栖,0,1,A,ニンスタ
2025,J1,第２５節第２日,2025-08-10,19:04,名古屋,京都,1,2,A,豊田ス
2025,J2,第２５節第２日,2025-08-10,19:04,山形,水戸,1,2,A,ＮＤスタ
2025,J1,第２５節第２日,2025-08-10,19:05,町田,神戸,2,0,H,Ｇスタ
2025,J2,第２５節第２日,2025-08-10,19:05,仙台,徳島,0,2,A,ユアスタ
2025,J1,第２５節第３日,2025-08-11,19:03,Ｃ大阪,新潟,3,1,H,ヨドコウ
2025,J2,第２５節第３日,2025-08-11,19:05,山口,甲府,0,1,A,みらスタ
2025,J2,第２６節第１日,2025-08-16,14:03,札幌,秋田,0,2,A,プレド
2025,J1,第２６節第１日,2025-08-16,18:03,鹿島,福岡,1,1,D,メルスタ
2025,J2,第２６節第１日,2025-08-16,18:03,水戸,磐田,1,3,A,Ｋｓスタ
2025,J2,第２６節第１日,2025-08-16,18:03,富山,今治,1,2,A,富山
2025,J3,第２３節第１日,2025-08-16,18:03,讃岐,岐阜,1,1,D,ピカスタ
2025,J3,第２３節第１日,2025-08-16,18:03,福島,栃木Ｃ,2,2,D,とうスタ
2025,J3,第２３節第１日,2025-08-16,18:03,長野,八戸,0,1,A,長野Ｕ
2025,J3,第２３節第１日,2025-08-16,18:04,北九州,奈良,0,1,A,ミクスタ
2025,J1,第２６節第１日,2025-08-16,18:33,清水,横浜FM,1,3,A,アイスタ
2025,J1,第２６節第１日,2025-08-16,19:03,湘南,FC東京,2,2,D,レモンＳ
2025,J1,第２６節第１日,2025-08-16,19:03,広島,Ｇ大阪,1,0,H,Ｅピース
2025,J1,第２６節第１日,2025-08-16,19:03,新潟,川崎Ｆ,1,1,D,デンカＳ
2025,J1,第２６節第１日,2025-08-16,19:03,町田,Ｃ大阪,3,0,H,Ｇスタ
2025,J1,第２６節第１日,2025-08-16,19:03,神戸,横浜FC,0,1,A,ノエスタ
2025,J1,第２６節第１日,2025-08-16,19:03,浦和,名古屋,2,1,H,埼玉
2025,J2,第２６節第１日,2025-08-16,19:03,熊本,藤枝,2,1,H,えがおＳ
2025,J2,第２６節第１日,2025-08-16,19:03,千葉,徳島,1,0,H,フクアリ
2025,J2,第２６節第１日,2025-08-16,19:03,山口,仙台,2,2,D,みらスタ
2025,J2,第２６節第１日,2025-08-16,19:03,山形,いわき,1,0,H,ＮＤスタ
2025,J3,第２３節第１日,2025-08-16,19:03,金沢,宮崎,2,3,A,ゴースタ
2025,J3,第２３節第１日,2025-08-16,19:03,鹿児島,相模原,3,0,H,白波スタ
2025,J3,第２３節第１日,2025-08-16,19:03,栃木SC,沼津,3,2,H,カンセキ
2025,J3,第２３節第１日,2025-08-16,19:03,群馬,FC大阪,2,0,H,正田スタ
2025,J3,第２３節第１日,2025-08-16,19:03,鳥取,高知,1,0,H,Ａｘｉｓ
2025,J3,第２３節第１日,2025-08-16,19:03,松本,琉球,1,1,D,サンアル
2025,J1,第２６節第１日,2025-08-16,19:04,京都,東京Ｖ,1,0,H,サンガＳ
2025,J2,第２６節第２日,2025-08-17,18:33,甲府,大分,2,0,H,ＪＩＴス
2025,J2,第２６節第２日,2025-08-17,19:03,愛媛,大宮,0,3,A,ニンスタ
2025,J2,第２６節第２日,2025-08-17,19:04,鳥栖,長崎,1,2,A,駅スタ
2025,J1,第２６節第２日,2025-08-17,19:30,岡山,柏,2,1,H,ＪＦＥス
2025,J1,第３０節第１日,2025-08-20,19:03,町田,Ｇ大阪,3,1,H,Ｇスタ
2025,J1,第３０節第１日,2025-08-20,19:03,広島,神戸,0,1,A,Ｅピース
2025,J1,第２７節第１日,2025-08-22,19:03,柏,浦和,4,2,H,三協Ｆ柏
2025,J1,第２７節第２日,2025-08-23,18:03,福岡,清水,0,0,D,ベススタ
2025,J2,第２７節第１日,2025-08-23,18:03,いわき,大分,4,0,H,ハワスタ
2025,J2,第２７節第１日,2025-08-23,18:03,秋田,今治,1,2,A,ソユスタ
2025,J3,第２４節第１日,2025-08-23,18:03,相模原,北九州,1,0,H,ギオンス
2025,J3,第２４節第１日,2025-08-23,18:03,栃木Ｃ,金沢,1,2,A,ＣＦＳ
2025,J3,第２４節第１日,2025-08-23,18:03,琉球,讃岐,1,1,D,沖縄県陸
2025,J3,第２４節第１日,2025-08-23,18:04,奈良,高知,3,0,H,ロートＦ
2025,J2,第２７節第１日,2025-08-23,18:33,甲府,札幌,1,2,A,ＪＩＴス
2025,J3,第２４節第１日,2025-08-23,18:33,八戸,FC大阪,1,1,D,プラスタ
2025,J1,第２７節第２日,2025-08-23,19:03,岡山,湘南,1,0,H,ＪＦＥス
2025,J1,第２７節第２日,2025-08-23,19:03,Ｇ大阪,横浜FC,3,2,H,パナスタ
2025,J1,第２７節第２日,2025-08-23,19:03,東京Ｖ,広島,0,3,A,味スタ
2025,J1,第２７節第２日,2025-08-23,19:03,Ｃ大阪,神戸,1,1,D,ヨドコウ
2025,J1,第２７節第２日,2025-08-23,19:03,新潟,鹿島,1,2,A,デンカＳ
2025,J2,第２７節第１日,2025-08-23,19:03,徳島,山形,1,0,H,鳴門大塚
2025,J2,第２７節第１日,2025-08-23,19:03,鳥栖,水戸,2,2,D,駅スタ
2025,J2,第２７節第１日,2025-08-23,19:03,大宮,熊本,1,0,H,ＮＡＣＫ
2025,J3,第２４節第１日,2025-08-23,19:03,群馬,栃木SC,0,1,A,正田スタ
2025,J3,第２４節第１日,2025-08-23,19:03,鳥取,松本,0,0,D,Ａｘｉｓ
2025,J1,第２７節第２日,2025-08-23,19:04,名古屋,川崎Ｆ,3,4,A,豊田ス
2025,J2,第２７節第１日,2025-08-23,19:04,藤枝,愛媛,4,1,H,藤枝サ
2025,J3,第２４節第１日,2025-08-23,19:04,宮崎,沼津,2,1,H,いちご
2025,J1,第２７節第２日,2025-08-23,19:33,横浜FM,町田,0,0,D,日産ス
2025,J2,第２７節第１日,2025-08-23,19:33,磐田,富山,2,0,H,ヤマハ
2025,J2,第２７節第２日,2025-08-24,18:03,長崎,山口,1,0,H,ピースタ
2025,J3,第２４節第２日,2025-08-24,19:03,鹿児島,長野,6,0,H,白波スタ
2025,J3,第２４節第２日,2025-08-24,19:03,岐阜,福島,0,2,A,長良川
2025,J1,第２７節第３日,2025-08-24,19:04,FC東京,京都,0,4,A,味スタ
2025,J2,第２７節第２日,2025-08-24,19:04,仙台,千葉,1,0,H,ユアスタ
2025,J2,第２８節第１日,2025-08-30,14:05,札幌,大宮,1,0,H,プレド
2025,J1,第２８節第１日,2025-08-30,18:03,横浜FC,東京Ｖ,0,0,D,ニッパツ
2025,J2,第２８節第１日,2025-08-30,18:03,水戸,山口,2,2,D,Ｋｓスタ
2025,J3,第２５節第１日,2025-08-30,18:03,長野,北九州,1,1,D,長野Ｕ
2025,J3,第２５節第１日,2025-08-30,18:03,高知,宮崎,1,2,A,春野陸
2025,J3,第２５節第１日,2025-08-30,18:03,松本,八戸,0,0,D,サンアル
2025,J3,第２５節第１日,2025-08-30,18:03,福島,鹿児島,2,2,D,とうスタ
2025,J3,第２５節第１日,2025-08-30,18:03,FC大阪,相模原,0,2,A,花園
2025,J3,第２５節第１日,2025-08-30,18:04,沼津,栃木Ｃ,4,5,A,愛鷹
2025,J2,第２８節第１日,2025-08-30,18:33,富山,熊本,0,1,A,富山
2025,J1,第２８節第１日,2025-08-30,19:03,神戸,横浜FM,1,0,H,ノエスタ
2025,J1,第２８節第１日,2025-08-30,19:03,京都,岡山,5,0,H,サンガＳ
2025,J2,第２８節第１日,2025-08-30,19:03,今治,いわき,0,2,A,アシさと
2025,J2,第２８節第１日,2025-08-30,19:03,千葉,甲府,2,1,H,フクアリ
2025,J2,第２８節第１日,2025-08-30,19:03,山形,鳥栖,3,2,H,ＮＤスタ
2025,J2,第２８節第１日,2025-08-30,19:03,徳島,秋田,1,1,D,鳴門大塚
2025,J3,第２５節第１日,2025-08-30,19:03,金沢,鳥取,2,0,H,ゴースタ
2025,J3,第２５節第１日,2025-08-30,19:03,栃木SC,奈良,1,1,D,カンセキ
2025,J3,第２５節第１日,2025-08-30,19:04,岐阜,琉球,1,0,H,長良川
2025,J2,第２８節第２日,2025-08-31,18:03,長崎,藤枝,2,1,H,ピースタ
2025,J3,第２５節第２日,2025-08-31,18:03,讃岐,群馬,3,2,H,ピカスタ
2025,J1,第２８節第２日,2025-08-31,18:33,清水,鹿島,1,1,D,アイスタ
2025,J1,第２８節第２日,2025-08-31,19:03,湘南,Ｇ大阪,4,5,A,レモンＳ
2025,J1,第２８節第２日,2025-08-31,19:03,柏,福岡,2,1,H,三協Ｆ柏
2025,J1,第２８節第２日,2025-08-31,19:03,名古屋,FC東京,1,1,D,豊田ス
2025,J1,第２８節第２日,2025-08-31,19:03,浦和,新潟,1,0,H,埼玉
2025,J1,第２８節第２日,2025-08-31,19:03,Ｃ大阪,広島,1,1,D,ヨドコウ
2025,J2,第２８節第２日,2025-08-31,19:03,大分,磐田,0,0,D,クラド
2025,J2,第２８節第２日,2025-08-31,19:03,愛媛,仙台,1,1,D,ニンスタ
2025,J1,第２８節第２日,2025-08-31,19:04,川崎Ｆ,町田,5,3,H,Ｕ等々力
2025,J3,第２６節第１日,2025-09-06,18:03,琉球,群馬,3,2,H,沖縄県陸
2025,J3,第２６節第１日,2025-09-06,18:03,相模原,長野,2,1,H,ギオンス
2025,J3,第２６節第１日,2025-09-06,18:03,北九州,岐阜,0,1,A,ミクスタ
2025,J3,第２６節第１日,2025-09-06,18:03,栃木Ｃ,松本,3,2,H,ＣＦＳ
2025,J3,第２６節第１日,2025-09-06,18:04,奈良,讃岐,4,3,H,ロートＦ
2025,J3,第２６節第１日,2025-09-06,18:33,八戸,沼津,1,0,H,プラスタ
2025,J3,第２６節第１日,2025-09-06,19:03,宮崎,栃木SC,2,3,A,いちご
2025,J3,第２６節第１日,2025-09-06,19:03,鹿児島,高知,4,1,H,白波スタ
2025,J3,第２６節第１日,2025-09-06,19:03,鳥取,福島,1,2,A,Ａｘｉｓ
2025,J3,第２６節第２日,2025-09-07,18:03,金沢,FC大阪,2,1,H,ゴースタ
2025,J1,第２９節第１日,2025-09-12,19:03,広島,京都,1,1,D,Ｅピース
2025,J1,第２９節第１日,2025-09-12,19:03,神戸,柏,0,0,D,ノエスタ
2025,J1,第２９節第１日,2025-09-12,19:05,町田,横浜FC,1,1,D,Ｇスタ
2025,J2,第２９節第１日,2025-09-13,14:03,札幌,いわき,1,5,A,プレド
2025,J3,第２７節第１日,2025-09-13,18:03,松本,沼津,2,0,H,サンアル
2025,J3,第２７節第１日,2025-09-13,18:03,北九州,群馬,1,0,H,ミクスタ
2025,J1,第２９節第２日,2025-09-13,18:04,福岡,Ｃ大阪,2,4,A,ベススタ
2025,J2,第２９節第１日,2025-09-13,18:04,藤枝,大分,1,1,D,藤枝サ
2025,J3,第２７節第１日,2025-09-13,18:04,相模原,岐阜,0,5,A,ギオンス
2025,J2,第２９節第１日,2025-09-13,18:05,仙台,水戸,1,1,D,ユアスタ
2025,J3,第２７節第１日,2025-09-13,18:05,奈良,鹿児島,0,2,A,ロートＦ
2025,J3,第２７節第１日,2025-09-13,18:05,福島,讃岐,4,2,H,とうスタ
2025,J2,第２９節第１日,2025-09-13,18:36,甲府,鳥栖,2,3,A,ＪＩＴス
2025,J1,第２９節第２日,2025-09-13,19:01,岡山,名古屋,0,1,A,ＪＦＥス
2025,J1,第２９節第２日,2025-09-13,19:03,横浜FM,川崎Ｆ,0,3,A,日産ス
2025,J1,第２９節第２日,2025-09-13,19:03,鹿島,湘南,3,0,H,メルスタ
2025,J3,第２７節第１日,2025-09-13,19:03,長野,鳥取,1,1,D,長野Ｕ
2025,J1,第２９節第２日,2025-09-13,19:04,Ｇ大阪,浦和,1,0,H,パナスタ
2025,J1,第２９節第２日,2025-09-13,19:05,新潟,清水,0,1,A,デンカＳ
2025,J2,第２９節第１日,2025-09-13,19:05,磐田,今治,1,0,H,ヤマハ
2025,J2,第２９節第１日,2025-09-13,19:07,大宮,長崎,1,2,A,ＮＡＣＫ
2025,J3,第２７節第２日,2025-09-14,18:06,高知,栃木SC,0,1,A,春野陸
2025,J2,第２９節第２日,2025-09-14,19:03,山形,富山,3,0,H,ＮＤスタ
2025,J2,第２９節第２日,2025-09-14,19:03,秋田,愛媛,3,2,H,ソユスタ
2025,J2,第２９節第２日,2025-09-14,19:03,山口,千葉,2,1,H,みらスタ
2025,J3,第２７節第２日,2025-09-14,19:05,宮崎,八戸,1,0,H,いちご
2025,J3,第２７節第３日,2025-09-15,17:05,FC大阪,栃木Ｃ,1,0,H,花園
2025,J3,第２７節第３日,2025-09-15,18:04,琉球,金沢,1,0,H,沖縄県陸
2025,J1,第２９節第３日,2025-09-15,19:04,FC東京,東京Ｖ,1,0,H,味スタ
2025,J2,第２９節第３日,2025-09-15,19:05,熊本,徳島,2,1,H,えがおＳ
2025,J3,第２８節第１日,2025-09-19,19:03,FC大阪,北九州,0,3,A,花園
2025,J2,第３０節第１日,2025-09-20,13:58,藤枝,磐田,2,1,H,藤枝サ
2025,J1,第３０節第２日,2025-09-20,17:03,名古屋,湘南,3,1,H,豊田ス
2025,J1,第３０節第２日,2025-09-20,18:03,東京Ｖ,岡山,4,2,H,味スタ
2025,J1,第３０節第２日,2025-09-20,18:03,横浜FC,新潟,1,0,H,ニッパツ
2025,J2,第３０節第１日,2025-09-20,18:03,長崎,富山,1,1,D,ピースタ
2025,J2,第３０節第１日,2025-09-20,18:03,いわき,水戸,0,0,D,ハワスタ
2025,J2,第３０節第１日,2025-09-20,18:03,仙台,山形,3,1,H,ユアスタ
2025,J3,第２８節第２日,2025-09-20,18:03,栃木Ｃ,高知,3,0,H,ＣＦＳ
2025,J3,第２８節第２日,2025-09-20,18:03,沼津,奈良,1,0,H,愛鷹
2025,J1,第３０節第２日,2025-09-20,18:33,Ｃ大阪,柏,1,1,D,ヨドコウ
2025,J2,第３０節第１日,2025-09-20,18:33,甲府,秋田,1,1,D,ＪＩＴス
2025,J3,第２８節第２日,2025-09-20,18:35,八戸,福島,1,0,H,プラスタ
2025,J1,第３０節第２日,2025-09-20,19:03,京都,清水,0,1,A,サンガＳ
2025,J1,第３０節第２日,2025-09-20,19:03,横浜FM,福岡,2,0,H,日産ス
2025,J2,第３０節第１日,2025-09-20,19:03,大分,山口,1,0,H,クラド
2025,J2,第３０節第１日,2025-09-20,19:03,大宮,今治,2,3,A,ＮＡＣＫ
2025,J2,第３０節第１日,2025-09-20,19:03,愛媛,千葉,0,1,A,ニンスタ
2025,J2,第３０節第１日,2025-09-20,19:03,徳島,札幌,1,2,A,鳴門大塚
2025,J2,第３０節第１日,2025-09-20,19:03,鳥栖,熊本,4,2,H,駅スタ
2025,J3,第２８節第２日,2025-09-20,19:03,鹿児島,宮崎,2,0,H,白波スタ
2025,J3,第２８節第２日,2025-09-20,19:03,鳥取,群馬,3,1,H,Ａｘｉｓ
2025,J3,第２８節第２日,2025-09-20,19:03,栃木SC,琉球,4,1,H,カンセキ
2025,J1,第３０節第２日,2025-09-20,19:04,浦和,鹿島,0,1,A,埼玉
2025,J1,第３０節第２日,2025-09-20,19:04,川崎Ｆ,FC東京,0,1,A,Ｕ等々力
2025,J3,第２８節第２日,2025-09-20,19:04,岐阜,長野,2,1,H,長良川
2025,J3,第２８節第３日,2025-09-21,16:03,讃岐,相模原,2,0,H,県立丸亀
2025,J1,第３１節第１日,2025-09-23,14:03,新潟,名古屋,0,0,D,デンカＳ
2025,J1,第３１節第１日,2025-09-23,18:03,清水,浦和,0,0,D,アイスタ
2025,J1,第３１節第１日,2025-09-23,18:03,FC東京,福岡,1,0,H,味スタ
2025,J1,第３１節第１日,2025-09-23,18:03,岡山,横浜FC,0,0,D,ＪＦＥス
2025,J1,第３１節第１日,2025-09-23,18:03,鹿島,Ｃ大阪,3,1,H,メルスタ
2025,J1,第３１節第１日,2025-09-23,19:03,Ｇ大阪,横浜FM,3,1,H,パナスタ
2025,J1,第３１節第１日,2025-09-23,19:03,京都,町田,1,1,D,サンガＳ
2025,J1,第３１節第１日,2025-09-23,19:03,神戸,東京Ｖ,4,0,H,ノエスタ
2025,J1,第３１節第１日,2025-09-23,19:03,柏,広島,0,0,D,三協Ｆ柏
2025,J1,第３１節第１日,2025-09-23,19:03,湘南,川崎Ｆ,1,2,A,レモンＳ
2025,J3,第２９節第１日,2025-09-26,13:03,八戸,鹿児島,1,0,H,プラスタ
2025,J2,第３１節第１日,2025-09-27,14:04,札幌,仙台,0,3,A,プレド
2025,J1,第３２節第１日,2025-09-27,16:03,町田,岡山,1,0,H,Ｇスタ
2025,J1,第３２節第１日,2025-09-27,17:03,Ｇ大阪,新潟,4,2,H,パナスタ
2025,J1,第３２節第１日,2025-09-27,17:03,名古屋,鹿島,0,4,A,豊田ス
2025,J1,第３２節第１日,2025-09-27,18:03,東京Ｖ,浦和,0,0,D,味スタ
2025,J1,第３２節第１日,2025-09-27,18:03,福岡,広島,1,2,A,ベススタ
2025,J2,第３１節第１日,2025-09-27,18:03,千葉,熊本,2,2,D,フクアリ
2025,J2,第３１節第１日,2025-09-27,18:03,いわき,甲府,2,3,A,ハワスタ
2025,J2,第３１節第１日,2025-09-27,18:03,山形,山口,2,1,H,ＮＤスタ
2025,J3,第２９節第２日,2025-09-27,18:03,北九州,高知,0,2,A,ミクスタ
2025,J3,第２９節第２日,2025-09-27,18:03,栃木Ｃ,鳥取,1,0,H,ＣＦＳ
2025,J3,第２９節第２日,2025-09-27,18:03,沼津,岐阜,1,2,A,愛鷹
2025,J3,第２９節第２日,2025-09-27,18:03,奈良,FC大阪,1,1,D,ロートＦ
2025,J3,第２９節第２日,2025-09-27,18:06,金沢,讃岐,2,1,H,ゴースタ
2025,J1,第３２節第１日,2025-09-27,19:03,神戸,清水,2,1,H,ノエスタ
2025,J2,第３１節第１日,2025-09-27,19:03,大分,愛媛,0,3,A,クラド
2025,J2,第３１節第１日,2025-09-27,19:03,今治,鳥栖,1,1,D,アシさと
2025,J2,第３１節第１日,2025-09-27,19:03,磐田,大宮,3,4,A,ヤマハ
2025,J3,第２９節第２日,2025-09-27,19:03,群馬,相模原,1,1,D,正田スタ
2025,J3,第２９節第２日,2025-09-27,19:04,宮崎,琉球,4,2,H,いちご
2025,J3,第２９節第３日,2025-09-28,13:03,松本,栃木SC,1,1,D,サンアル
2025,J3,第２９節第３日,2025-09-28,13:03,福島,長野,1,4,A,とうスタ
2025,J2,第３１節第２日,2025-09-28,13:04,秋田,長崎,0,0,D,ソユスタ
2025,J2,第３１節第２日,2025-09-28,14:03,水戸,藤枝,2,0,H,Ｋｓスタ
2025,J2,第３１節第２日,2025-09-28,15:03,富山,徳島,1,3,A,富山
2025,J1,第３２節第２日,2025-09-28,17:03,横浜FC,湘南,1,0,H,ニッパツ
2025,J1,第３２節第２日,2025-09-28,18:04,FC東京,横浜FM,2,3,A,味スタ
2025,J1,第３２節第２日,2025-09-28,18:33,Ｃ大阪,京都,1,2,A,ヨドコウ
2025,J1,第３２節第２日,2025-09-28,19:03,川崎Ｆ,柏,4,4,D,Ｕ等々力
2025,J1,第３３節第１日,2025-10-03,19:03,湘南,東京Ｖ,0,1,A,レモンＳ
2025,J1,第３３節第２日,2025-10-04,13:03,清水,FC東京,1,1,D,アイスタ
2025,J1,第３３節第２日,2025-10-04,13:33,名古屋,Ｃ大阪,2,1,H,豊田ス
2025,J1,第３３節第２日,2025-10-04,14:03,新潟,岡山,1,1,D,デンカＳ
2025,J2,第３２節第１日,2025-10-04,14:03,千葉,長崎,0,2,A,フクアリ
2025,J2,第３２節第１日,2025-10-04,14:03,藤枝,富山,0,1,A,藤枝サ
2025,J3,第３０節第１日,2025-10-04,14:03,長野,金沢,1,3,A,長野Ｕ
2025,J3,第３０節第１日,2025-10-04,14:03,岐阜,群馬,2,1,H,長良川
2025,J2,第３２節第１日,2025-10-04,14:05,札幌,山形,1,2,A,プレド
2025,J2,第３２節第１日,2025-10-04,15:03,仙台,大宮,1,2,A,ユアスタ
2025,J1,第３３節第２日,2025-10-04,16:03,広島,町田,2,1,H,Ｅピース
2025,J2,第３２節第１日,2025-10-04,16:04,甲府,磐田,0,1,A,ＪＩＴス
2025,J1,第３３節第２日,2025-10-04,16:33,福岡,横浜FC,1,0,H,ベススタ
2025,J1,第３３節第２日,2025-10-04,17:03,浦和,神戸,1,0,H,埼玉
2025,J1,第３３節第２日,2025-10-04,17:33,柏,横浜FM,1,0,H,三協Ｆ柏
2025,J3,第３０節第１日,2025-10-04,18:03,相模原,八戸,0,1,A,ギオンス
2025,J3,第３０節第１日,2025-10-04,18:03,鹿児島,栃木Ｃ,0,3,A,白波スタ
2025,J3,第３０節第１日,2025-10-04,18:04,琉球,奈良,0,2,A,沖縄県陸
2025,J1,第３３節第２日,2025-10-04,19:03,京都,川崎Ｆ,1,1,D,サンガＳ
2025,J3,第３０節第２日,2025-10-05,13:03,福島,松本,1,0,H,とうスタ
2025,J2,第３２節第２日,2025-10-05,14:03,秋田,大分,0,0,D,ソユスタ
2025,J2,第３２節第２日,2025-10-05,14:03,山口,鳥栖,1,2,A,みらスタ
2025,J3,第３０節第２日,2025-10-05,14:03,讃岐,宮崎,1,5,A,県立丸亀
2025,J3,第３０節第２日,2025-10-05,14:03,高知,沼津,0,1,A,春野陸
2025,J3,第３０節第２日,2025-10-05,14:03,栃木SC,北九州,0,1,A,カンセキ
2025,J3,第３０節第２日,2025-10-05,14:03,鳥取,FC大阪,1,2,A,ヤジン
2025,J2,第３２節第２日,2025-10-05,14:05,徳島,今治,1,0,H,鳴門大塚
2025,J1,第３３節第３日,2025-10-05,15:03,鹿島,Ｇ大阪,0,0,D,メルスタ
2025,J2,第３２節第２日,2025-10-05,15:03,熊本,いわき,0,2,A,えがおＳ
2025,J2,第３２節第２日,2025-10-05,16:03,愛媛,水戸,1,3,A,ニンスタ
2025,J3,第３１節第１日,2025-10-10,19:03,FC大阪,琉球,3,0,H,たけびし
2025,J3,第３１節第２日,2025-10-11,14:03,栃木Ｃ,奈良,3,0,H,ＣＦＳ
2025,J3,第３１節第２日,2025-10-11,14:03,北九州,鹿児島,1,1,D,ミクスタ
2025,J3,第３１節第３日,2025-10-12,14:03,群馬,八戸,0,4,A,正田スタ
2025,J3,第３１節第３日,2025-10-12,14:03,鳥取,相模原,2,1,H,ヤジン
2025,J3,第３１節第３日,2025-10-12,14:04,金沢,沼津,3,1,H,ゴースタ
2025,J3,第３１節第３日,2025-10-12,14:04,栃木SC,福島,1,0,H,カンセキ
2025,J3,第３１節第３日,2025-10-12,14:04,高知,岐阜,1,3,A,春野陸
2025,J3,第３１節第４日,2025-10-13,14:03,長野,讃岐,1,0,H,長野Ｕ
2025,J3,第２８節第４日,2025-10-15,19:04,金沢,松本,1,0,H,ゴースタ
2025,J1,第３４節第１日,2025-10-17,19:03,広島,FC東京,0,0,D,Ｅピース
2025,J1,第３４節第１日,2025-10-17,19:03,神戸,鹿島,0,0,D,ノエスタ
2025,J1,第３４節第２日,2025-10-18,14:03,東京Ｖ,新潟,1,0,H,味スタ
2025,J1,第３４節第２日,2025-10-18,14:03,Ｇ大阪,柏,0,5,A,パナスタ
2025,J1,第３４節第２日,2025-10-18,14:03,町田,福岡,0,0,D,Ｇスタ
2025,J1,第３４節第２日,2025-10-18,14:03,川崎Ｆ,清水,5,3,H,Ｕ等々力
2025,J1,第３４節第２日,2025-10-18,14:03,横浜FC,名古屋,2,2,D,ニッパツ
2025,J1,第３４節第２日,2025-10-18,14:03,岡山,Ｃ大阪,1,2,A,ＪＦＥス
2025,J1,第３４節第２日,2025-10-18,14:03,横浜FM,浦和,4,0,H,日産ス
2025,J2,第３３節第１日,2025-10-18,14:03,鳥栖,秋田,1,0,H,駅スタ
2025,J2,第３３節第１日,2025-10-18,14:03,いわき,愛媛,2,1,H,ハワスタ
2025,J2,第３３節第１日,2025-10-18,14:03,大宮,藤枝,1,0,H,ＮＡＣＫ
2025,J3,第３２節第１日,2025-10-18,14:03,群馬,福島,1,2,A,正田スタ
2025,J3,第３２節第１日,2025-10-18,14:03,奈良,長野,2,0,H,ロートＦ
2025,J3,第３２節第１日,2025-10-18,15:02,鹿児島,鳥取,3,1,H,白波スタ
2025,J2,第３３節第１日,2025-10-18,17:03,磐田,徳島,0,4,A,ヤマハ
2025,J2,第３３節第１日,2025-10-18,17:04,長崎,甲府,4,0,H,ピースタ
2025,J3,第３２節第１日,2025-10-18,18:03,琉球,高知,2,1,H,沖縄県陸
2025,J2,第３３節第２日,2025-10-19,13:00,富山,札幌,0,2,A,富山
2025,J2,第３３節第２日,2025-10-19,13:03,今治,山口,1,1,D,アシさと
2025,J3,第３２節第２日,2025-10-19,13:03,八戸,栃木SC,2,0,H,プラスタ
2025,J2,第３３節第２日,2025-10-19,14:03,大分,仙台,0,0,D,クラド
2025,J2,第３３節第２日,2025-10-19,14:03,山形,熊本,1,1,D,ＮＤスタ
2025,J3,第３２節第２日,2025-10-19,14:03,讃岐,北九州,1,4,A,県立丸亀
2025,J3,第３２節第２日,2025-10-19,14:03,金沢,岐阜,4,1,H,ゴースタ
2025,J3,第３２節第２日,2025-10-19,14:03,沼津,FC大阪,1,2,A,愛鷹
2025,J3,第３２節第２日,2025-10-19,14:03,相模原,松本,1,0,H,ギオンス
2025,J3,第３２節第２日,2025-10-19,14:03,宮崎,栃木Ｃ,1,1,D,いちご
2025,J1,第３４節第３日,2025-10-19,15:03,湘南,京都,1,1,D,レモンＳ
2025,J2,第３３節第２日,2025-10-19,16:03,水戸,千葉,0,1,A,Ｋｓスタ
2025,J3,第３３節第１日,2025-10-24,19:03,FC大阪,栃木SC,0,1,A,花園
2025,J1,第３５節第１日,2025-10-25,14:03,柏,横浜FC,2,0,H,三協Ｆ柏
2025,J1,第３５節第１日,2025-10-25,14:03,京都,鹿島,1,1,D,サンガＳ
2025,J1,第３５節第１日,2025-10-25,14:03,清水,東京Ｖ,1,0,H,アイスタ
2025,J1,第３５節第１日,2025-10-25,14:03,横浜FM,広島,3,0,H,日産ス
2025,J1,第３５節第１日,2025-10-25,14:03,浦和,町田,0,0,D,埼玉
2025,J2,第３４節第１日,2025-10-25,14:03,藤枝,甲府,1,1,D,藤枝サ
2025,J3,第３３節第２日,2025-10-25,14:03,栃木Ｃ,八戸,1,0,H,ＣＦＳ
2025,J3,第３３節第２日,2025-10-25,14:03,北九州,琉球,2,1,H,ミクスタ
2025,J3,第３３節第２日,2025-10-25,14:03,群馬,奈良,2,0,H,正田スタ
2025,J3,第３３節第２日,2025-10-25,14:03,長野,沼津,2,1,H,長野Ｕ
2025,J3,第３３節第２日,2025-10-25,14:03,岐阜,鹿児島,1,3,A,長良川
2025,J1,第３５節第１日,2025-10-25,14:04,名古屋,Ｇ大阪,0,2,A,豊田ス
2025,J1,第３５節第１日,2025-10-25,14:04,FC東京,岡山,3,1,H,味スタ
2025,J1,第３５節第１日,2025-10-25,15:03,Ｃ大阪,川崎Ｆ,2,0,H,ヨドコウ
2025,J2,第３４節第１日,2025-10-25,17:03,長崎,今治,1,1,D,ピースタ
2025,J2,第３４節第２日,2025-10-26,13:01,山形,大宮,2,2,D,ＮＤスタ
2025,J2,第３４節第２日,2025-10-26,13:05,札幌,水戸,0,1,A,プレド
2025,J2,第３４節第２日,2025-10-26,13:10,徳島,いわき,0,1,A,鳴門大塚
2025,J1,第３５節第２日,2025-10-26,14:03,新潟,神戸,2,2,D,デンカＳ
2025,J2,第３４節第２日,2025-10-26,14:03,山口,富山,1,0,H,みらスタ
2025,J2,第３４節第２日,2025-10-26,14:03,熊本,大分,0,1,A,えがおＳ
2025,J2,第３４節第２日,2025-10-26,14:03,秋田,千葉,0,0,D,ソユスタ
2025,J2,第３４節第２日,2025-10-26,14:03,仙台,鳥栖,3,2,H,ユアスタ
2025,J3,第３３節第３日,2025-10-26,14:03,鳥取,宮崎,1,4,A,Ａｘｉｓ
2025,J3,第３３節第３日,2025-10-26,14:03,福島,金沢,0,1,A,とうスタ
2025,J3,第３３節第３日,2025-10-26,14:04,松本,讃岐,1,2,A,長野Ｕ
2025,J3,第３３節第３日,2025-10-26,14:04,高知,相模原,0,1,A,春野陸
2025,J1,第３５節第２日,2025-10-26,14:43,福岡,湘南,1,0,H,ベススタ
2025,J2,第３４節第２日,2025-10-26,16:03,愛媛,磐田,1,3,A,ニンスタ
2025,J3,第３４節第１日,2025-11-02,13:03,金沢,群馬,1,3,A,ゴースタ
2025,J3,第３４節第１日,2025-11-02,13:03,八戸,北九州,1,2,A,プラスタ
2025,J2,第３５節第１日,2025-11-02,14:03,熊本,山口,0,1,A,えがおＳ
2025,J2,第３５節第１日,2025-11-02,14:03,磐田,長崎,1,0,H,ヤマハ
2025,J2,第３５節第１日,2025-11-02,14:03,今治,仙台,3,2,H,アシさと
2025,J2,第３５節第１日,2025-11-02,14:03,千葉,札幌,5,2,H,フクアリ
2025,J2,第３５節第１日,2025-11-02,14:03,いわき,藤枝,3,1,H,ハワスタ
2025,J2,第３５節第１日,2025-11-02,14:03,大宮,秋田,5,0,H,ＮＡＣＫ
2025,J2,第３５節第１日,2025-11-02,14:03,富山,愛媛,1,1,D,富山
2025,J2,第３５節第１日,2025-11-02,14:03,鳥栖,徳島,0,0,D,駅スタ
2025,J3,第３４節第１日,2025-11-02,14:03,讃岐,鳥取,0,1,A,県立丸亀
2025,J3,第３４節第１日,2025-11-02,14:03,栃木SC,岐阜,1,2,A,カンセキ
2025,J3,第３４節第１日,2025-11-02,14:03,宮崎,奈良,2,2,D,いちご
2025,J3,第３４節第１日,2025-11-02,14:03,鹿児島,松本,3,2,H,白波スタ
2025,J3,第３４節第１日,2025-11-02,14:03,沼津,相模原,0,0,D,愛鷹
2025,J3,第３４節第１日,2025-11-02,14:03,福島,FC大阪,0,1,A,とうスタ
2025,J2,第３５節第１日,2025-11-02,14:04,甲府,水戸,0,1,A,ＪＩＴス
2025,J2,第３５節第１日,2025-11-02,14:33,大分,山形,1,2,A,クラド
2025,J3,第３４節第１日,2025-11-02,16:04,長野,高知,0,1,A,長野Ｕ
2025,J3,第３４節第２日,2025-11-03,16:03,琉球,栃木Ｃ,2,2,D,沖縄県陸
2025,J3,第３１節第５日,2025-11-05,19:33,松本,宮崎,1,2,A,ＪＩＴス
2025,J1,第３６節第１日,2025-11-08,14:03,鹿島,横浜FC,2,1,H,メルスタ
2025,J1,第３６節第１日,2025-11-08,14:03,東京Ｖ,福岡,0,0,D,味スタ
2025,J3,第３５節第１日,2025-11-08,14:03,奈良,八戸,1,1,D,ロートＦ
2025,J3,第３５節第１日,2025-11-08,14:03,栃木Ｃ,讃岐,3,1,H,ＣＦＳ
2025,J2,第３６節第１日,2025-11-08,14:05,札幌,大分,3,1,H,プレド
2025,J2,第３６節第１日,2025-11-08,14:33,愛媛,長崎,0,4,A,ニンスタ
2025,J1,第３６節第１日,2025-11-08,15:03,川崎Ｆ,岡山,1,1,D,Ｕ等々力
2025,J1,第３６節第１日,2025-11-08,15:03,湘南,新潟,5,2,H,レモンＳ
2025,J1,第３６節第１日,2025-11-08,16:03,柏,名古屋,1,0,H,三協Ｆ柏
2025,J1,第３６節第２日,2025-11-09,13:01,広島,浦和,3,0,H,Ｅピース
2025,J2,第３６節第２日,2025-11-09,13:03,富山,鳥栖,3,1,H,富山
2025,J2,第３６節第２日,2025-11-09,13:03,仙台,熊本,2,0,H,ユアスタ
2025,J1,第３６節第２日,2025-11-09,14:03,町田,FC東京,0,1,A,国立
2025,J1,第３６節第２日,2025-11-09,14:03,京都,横浜FM,0,3,A,サンガＳ
2025,J2,第３６節第２日,2025-11-09,14:03,山口,磐田,1,2,A,みらスタ
2025,J2,第３６節第２日,2025-11-09,14:03,千葉,藤枝,1,1,D,フクアリ
2025,J2,第３６節第２日,2025-11-09,14:03,山形,今治,2,1,H,ＮＤスタ
2025,J2,第３６節第２日,2025-11-09,14:03,水戸,大宮,0,2,A,Ｋｓスタ
2025,J2,第３６節第２日,2025-11-09,14:03,徳島,甲府,4,1,H,鳴門大塚
2025,J2,第３６節第２日,2025-11-09,14:03,秋田,いわき,2,0,H,ソユスタ
2025,J3,第３５節第２日,2025-11-09,14:03,相模原,金沢,1,0,H,ギオンス
2025,J3,第３５節第２日,2025-11-09,14:03,宮崎,群馬,1,2,A,クロスタ
2025,J3,第３５節第２日,2025-11-09,14:03,北九州,福島,1,2,A,ミクスタ
2025,J3,第３５節第２日,2025-11-09,14:03,高知,松本,0,1,A,春野陸
2025,J3,第３５節第２日,2025-11-09,14:04,栃木SC,鹿児島,2,0,H,カンセキ
2025,J1,第３６節第２日,2025-11-09,15:03,Ｇ大阪,神戸,1,1,D,パナスタ
2025,J1,第３６節第２日,2025-11-09,15:03,清水,Ｃ大阪,1,4,A,アイスタ
2025,J3,第３５節第２日,2025-11-09,16:03,琉球,沼津,2,3,A,沖縄県陸
2025,J3,第３５節第２日,2025-11-09,19:03,岐阜,鳥取,2,4,A,長良川
2025,J3,第３５節第３日,2025-11-10,15:03,FC大阪,長野,3,0,H,たけびし
2025,J3,第３６節第１日,2025-11-15,14:03,長野,宮崎,0,1,A,長野Ｕ
2025,J3,第３６節第１日,2025-11-15,14:03,岐阜,栃木Ｃ,2,0,H,長良川
2025,J3,第３６節第１日,2025-11-15,14:03,高知,八戸,0,0,D,春野陸
2025,J3,第３６節第２日,2025-11-16,14:03,相模原,琉球,4,1,H,ギオンス
2025,J3,第３６節第２日,2025-11-16,14:03,松本,FC大阪,1,1,D,長野Ｕ
2025,J3,第３６節第２日,2025-11-16,14:03,沼津,群馬,1,2,A,愛鷹
2025,J3,第３６節第２日,2025-11-16,14:03,福島,奈良,2,1,H,とうスタ
2025,J3,第３６節第２日,2025-11-16,14:03,鳥取,北九州,3,2,H,Ａｘｉｓ
2025,J3,第３６節第２日,2025-11-16,14:04,讃岐,鹿児島,0,0,D,県立丸亀
2025,J3,第３６節第２日,2025-11-16,14:04,金沢,栃木SC,2,0,H,ゴースタ
2025,J2,第３７節第１日,2025-11-23,13:03,大分,千葉,0,1,A,クラド
2025,J3,第３７節第１日,2025-11-23,13:03,鹿児島,琉球,1,1,D,白波スタ
2025,J3,第３７節第１日,2025-11-23,13:03,八戸,讃岐,0,1,A,プラスタ
2025,J2,第３７節第１日,2025-11-23,13:09,長崎,水戸,2,1,H,ピースタ
2025,J2,第３７節第１日,2025-11-23,14:03,藤枝,鳥栖,0,0,D,藤枝サ
2025,J2,第３７節第１日,2025-11-23,14:03,磐田,山形,2,2,D,ヤマハ
2025,J2,第３７節第１日,2025-11-23,14:03,今治,札幌,1,1,D,アシさと
2025,J2,第３７節第１日,2025-11-23,14:03,いわき,山口,0,0,D,ハワスタ
2025,J2,第３７節第１日,2025-11-23,14:03,秋田,仙台,0,0,D,ソユスタ
2025,J3,第３７節第１日,2025-11-23,14:03,北九州,金沢,2,1,H,ミクスタ
2025,J3,第３７節第１日,2025-11-23,14:03,群馬,松本,6,2,H,正田スタ
2025,J3,第３７節第１日,2025-11-23,14:03,宮崎,岐阜,2,1,H,いちご
2025,J3,第３７節第１日,2025-11-23,14:03,栃木Ｃ,長野,3,0,H,ＣＦＳ
2025,J3,第３７節第１日,2025-11-23,14:03,栃木SC,鳥取,2,1,H,カンセキ
2025,J3,第３７節第１日,2025-11-23,14:03,沼津,福島,1,3,A,愛鷹
2025,J2,第３７節第１日,2025-11-23,14:04,大宮,徳島,1,2,A,ＮＡＣＫ
2025,J2,第３７節第１日,2025-11-23,14:04,甲府,富山,0,1,A,ＪＩＴス
2025,J2,第３７節第１日,2025-11-23,16:03,愛媛,熊本,1,1,D,ニンスタ
2025,J3,第３７節第２日,2025-11-24,14:03,FC大阪,高知,1,0,H,花園
2025,J3,第３７節第２日,2025-11-24,14:03,奈良,相模原,2,1,H,ロートＦ
2025,J2,第３８節第１日,2025-11-29,14:03,山口,大宮,3,2,H,みらスタ
2025,J2,第３８節第１日,2025-11-29,14:03,札幌,愛媛,3,0,H,プレド
2025,J2,第３８節第１日,2025-11-29,14:03,熊本,甲府,0,0,D,えがおＳ
2025,J2,第３８節第１日,2025-11-29,14:03,水戸,大分,2,0,H,Ｋｓスタ
2025,J2,第３８節第１日,2025-11-29,14:03,富山,秋田,4,1,H,富山
2025,J2,第３８節第１日,2025-11-29,14:03,山形,藤枝,2,1,H,ＮＤスタ
2025,J2,第３８節第１日,2025-11-29,14:04,千葉,今治,5,0,H,フクアリ
2025,J2,第３８節第１日,2025-11-29,14:04,鳥栖,磐田,1,2,A,駅スタ
2025,J2,第３８節第１日,2025-11-29,14:04,仙台,いわき,0,1,A,ユアスタ
2025,J2,第３８節第１日,2025-11-29,14:05,徳島,長崎,1,1,D,鳴門大塚
2025,J3,第３８節第１日,2025-11-29,15:03,松本,北九州,2,1,H,味フィ西
2025,J3,第３８節第１日,2025-11-29,15:03,岐阜,FC大阪,2,3,A,長良川
2025,J3,第３８節第１日,2025-11-29,15:03,長野,栃木SC,0,4,A,長野Ｕ
2025,J3,第３８節第１日,2025-11-29,15:03,福島,宮崎,2,1,H,とうスタ
2025,J3,第３８節第１日,2025-11-29,15:03,相模原,栃木Ｃ,0,5,A,ギオンス
2025,J3,第３８節第１日,2025-11-29,15:03,琉球,八戸,1,1,D,沖縄県陸
2025,J3,第３８節第１日,2025-11-29,15:03,鳥取,奈良,2,1,H,Ａｘｉｓ
2025,J3,第３８節第１日,2025-11-29,15:03,讃岐,沼津,1,0,H,県立丸亀
2025,J3,第３８節第１日,2025-11-29,15:03,高知,群馬,0,1,A,春野陸
2025,J3,第３８節第１日,2025-11-29,15:05,金沢,鹿児島,4,2,H,ゴースタ
2025,J1,第３７節第１日,2025-11-30,14:02,神戸,FC東京,0,0,D,ノエスタ
2025,J1,第３７節第１日,2025-11-30,14:03,岡山,浦和,0,1,A,ＪＦＥス
2025,J1,第３７節第１日,2025-11-30,14:03,横浜FC,京都,0,1,A,ニッパツ
2025,J1,第３７節第１日,2025-11-30,14:03,新潟,柏,1,3,A,デンカＳ
2025,J1,第３７節第１日,2025-11-30,14:03,湘南,清水,1,0,H,レモンＳ
2025,J1,第３７節第１日,2025-11-30,14:03,川崎Ｆ,広島,1,2,A,Ｕ等々力
2025,J1,第３７節第１日,2025-11-30,14:03,町田,名古屋,3,1,H,Ｇスタ
2025,J1,第３７節第１日,2025-11-30,14:03,福岡,Ｇ大阪,1,0,H,ベススタ
2025,J1,第３７節第１日,2025-11-30,14:04,横浜FM,Ｃ大阪,3,1,H,日産ス
2025,J1,第３７節第１日,2025-11-30,14:05,東京Ｖ,鹿島,0,1,A,味スタ
2025,J1,第３８節第１日,2025-12-06,14:03,広島,湘南,2,1,H,Ｅピース
2025,J1,第３８節第１日,2025-12-06,14:03,FC東京,新潟,1,1,D,味スタ
2025,J1,第３８節第１日,2025-12-06,14:03,Ｇ大阪,東京Ｖ,4,1,H,パナスタ
2025,J1,第３８節第１日,2025-12-06,14:03,Ｃ大阪,横浜FC,1,3,A,ヨドコウ
2025,J1,第３８節第１日,2025-12-06,14:03,京都,神戸,2,0,H,サンガＳ
2025,J1,第３８節第１日,2025-12-06,14:03,鹿島,横浜FM,2,1,H,メルスタ
2025,J1,第３８節第１日,2025-12-06,14:03,清水,岡山,1,2,A,アイスタ
2025,J1,第３８節第１日,2025-12-06,14:03,名古屋,福岡,1,0,H,豊田ス
2025,J1,第３８節第１日,2025-12-06,14:04,浦和,川崎Ｆ,4,0,H,埼玉
2025,J1,第３８節第１日,2025-12-06,14:05,柏,町田,1,0,H,三協Ｆ柏
